"pop","tau","hXX",".y.","group1","group2","n1","n2","statistic","p","p.adj","p.adj.signif"
"African",0.7,"recessive","per_cM_all_log","Short ROH","Medium ROH",500,500,66428,0.239,0.239,"ns"
"African",0.7,"recessive","per_cM_all_log","Short ROH","Long ROH",500,500,74879,0.00015,0.00045,"***"
"African",0.7,"recessive","per_cM_all_log","Short ROH","Non-ROH",500,500,125250,0.0000000000000000000000000000000000000000000000000000000000000000000000000000000000127,0.0000000000000000000000000000000000000000000000000000000000000000000000000000000000762,"***"
"African",0.7,"recessive","per_cM_all_log","Medium ROH","Long ROH",500,500,71300,0.007,0.015,"*"
"African",0.7,"recessive","per_cM_all_log","Medium ROH","Non-ROH",500,500,125250,0.0000000000000000000000000000000000000000000000000000000000000000000000000000000000127,0.0000000000000000000000000000000000000000000000000000000000000000000000000000000000762,"***"
"African",0.7,"recessive","per_cM_all_log","Long ROH","Non-ROH",500,500,125165,0.0000000000000000000000000000000000000000000000000000000000000000000000000000000000211,0.0000000000000000000000000000000000000000000000000000000000000000000000000000000000844,"***"
"African",0.7,"additive","per_cM_all_log","Short ROH","Medium ROH",500,500,124532,0.000000000000000000000000000000000000000000000000000000000000000000000000000000000926,0.00000000000000000000000000000000000000000000000000000000000000000000000000000000463,"***"
"African",0.7,"additive","per_cM_all_log","Short ROH","Long ROH",500,500,124064,0.0000000000000000000000000000000000000000000000000000000000000000000000000000000148,0.0000000000000000000000000000000000000000000000000000000000000000000000000000000592,"***"
"African",0.7,"additive","per_cM_all_log","Short ROH","Non-ROH",500,500,125250,0.0000000000000000000000000000000000000000000000000000000000000000000000000000000000127,0.0000000000000000000000000000000000000000000000000000000000000000000000000000000000762,"***"
"African",0.7,"additive","per_cM_all_log","Medium ROH","Long ROH",500,500,98717,0.00000000000000000000000000006,0.00000000000000000000000000012,"***"
"African",0.7,"additive","per_cM_all_log","Medium ROH","Non-ROH",500,500,53208,0.004,0.004,"**"
"African",0.7,"additive","per_cM_all_log","Long ROH","Non-ROH",500,500,19485,0.000000000000000000000000000000000000000125,0.000000000000000000000000000000000000000375,"***"
"African",0.7,"dominant","per_cM_all_log","Short ROH","Medium ROH",500,500,123146,0.00000000000000000000000000000000000000000000000000000000000000000000000000000318,0.0000000000000000000000000000000000000000000000000000000000000000000000000000127,"***"
"African",0.7,"dominant","per_cM_all_log","Short ROH","Long ROH",500,500,123876,0.0000000000000000000000000000000000000000000000000000000000000000000000000000000447,0.000000000000000000000000000000000000000000000000000000000000000000000000000000224,"***"
"African",0.7,"dominant","per_cM_all_log","Short ROH","Non-ROH",500,500,125250,0.0000000000000000000000000000000000000000000000000000000000000000000000000000000000127,0.0000000000000000000000000000000000000000000000000000000000000000000000000000000000762,"***"
"African",0.7,"dominant","per_cM_all_log","Medium ROH","Long ROH",500,500,97382,0.00000000000000000000000000575,0.00000000000000000000000000575,"***"
"African",0.7,"dominant","per_cM_all_log","Medium ROH","Non-ROH",500,500,21959,0.00000000000000000000000000000000000269,0.00000000000000000000000000000000000538,"***"
"African",0.7,"dominant","per_cM_all_log","Long ROH","Non-ROH",500,500,9522,0.00000000000000000000000000000000000000000000000000000000000119,0.00000000000000000000000000000000000000000000000000000000000357,"***"
"African",0.7,"mixed","per_cM_all_log","Short ROH","Medium ROH",500,500,121448,0.0000000000000000000000000000000000000000000000000000000000000000000000000533,0.000000000000000000000000000000000000000000000000000000000000000000000000213,"***"
"African",0.7,"mixed","per_cM_all_log","Short ROH","Long ROH",500,500,121534,0.0000000000000000000000000000000000000000000000000000000000000000000000000328,0.000000000000000000000000000000000000000000000000000000000000000000000000164,"***"
"African",0.7,"mixed","per_cM_all_log","Short ROH","Non-ROH",500,500,125250,0.0000000000000000000000000000000000000000000000000000000000000000000000000000000000127,0.0000000000000000000000000000000000000000000000000000000000000000000000000000000000762,"***"
"African",0.7,"mixed","per_cM_all_log","Medium ROH","Long ROH",500,500,91430,0.000000000000000000504,0.00000000000000000151,"***"
"African",0.7,"mixed","per_cM_all_log","Medium ROH","Non-ROH",500,500,79033,0.000000385,0.000000385,"***"
"African",0.7,"mixed","per_cM_all_log","Long ROH","Non-ROH",500,500,38197,0.0000000000000412,0.0000000000000824,"***"
"African",0.8,"recessive","per_cM_all_log","Short ROH","Medium ROH",500,500,49574,0.000054,0.000162,"***"
"African",0.8,"recessive","per_cM_all_log","Short ROH","Long ROH",500,500,64525,0.557,0.557,"ns"
"African",0.8,"recessive","per_cM_all_log","Short ROH","Non-ROH",500,500,125250,0.0000000000000000000000000000000000000000000000000000000000000000000000000000000000127,0.0000000000000000000000000000000000000000000000000000000000000000000000000000000000762,"***"
"African",0.8,"recessive","per_cM_all_log","Medium ROH","Long ROH",500,500,70614,0.014,0.027,"*"
"African",0.8,"recessive","per_cM_all_log","Medium ROH","Non-ROH",500,500,125250,0.0000000000000000000000000000000000000000000000000000000000000000000000000000000000127,0.0000000000000000000000000000000000000000000000000000000000000000000000000000000000762,"***"
"African",0.8,"recessive","per_cM_all_log","Long ROH","Non-ROH",500,500,125178,0.0000000000000000000000000000000000000000000000000000000000000000000000000000000000195,0.000000000000000000000000000000000000000000000000000000000000000000000000000000000078,"***"
"African",0.8,"additive","per_cM_all_log","Short ROH","Medium ROH",500,500,123551,0.000000000000000000000000000000000000000000000000000000000000000000000000000000301,0.0000000000000000000000000000000000000000000000000000000000000000000000000000015,"***"
"African",0.8,"additive","per_cM_all_log","Short ROH","Long ROH",500,500,123105,0.00000000000000000000000000000000000000000000000000000000000000000000000000000404,0.0000000000000000000000000000000000000000000000000000000000000000000000000000162,"***"
"African",0.8,"additive","per_cM_all_log","Short ROH","Non-ROH",500,500,125250,0.0000000000000000000000000000000000000000000000000000000000000000000000000000000000127,0.0000000000000000000000000000000000000000000000000000000000000000000000000000000000762,"***"
"African",0.8,"additive","per_cM_all_log","Medium ROH","Long ROH",500,500,97579,0.00000000000000000000000000296,0.00000000000000000000000000592,"***"
"African",0.8,"additive","per_cM_all_log","Medium ROH","Non-ROH",500,500,44596,0.0000000244,0.0000000244,"***"
"African",0.8,"additive","per_cM_all_log","Long ROH","Non-ROH",500,500,17695,0.0000000000000000000000000000000000000000000633,0.00000000000000000000000000000000000000000019,"***"
"African",0.8,"dominant","per_cM_all_log","Short ROH","Medium ROH",500,500,121198,0.000000000000000000000000000000000000000000000000000000000000000000000000218,0.000000000000000000000000000000000000000000000000000000000000000000000000872,"***"
"African",0.8,"dominant","per_cM_all_log","Short ROH","Long ROH",500,500,123451,0.000000000000000000000000000000000000000000000000000000000000000000000000000000539,0.0000000000000000000000000000000000000000000000000000000000000000000000000000027,"***"
"African",0.8,"dominant","per_cM_all_log","Short ROH","Non-ROH",500,500,125233,0.000000000000000000000000000000000000000000000000000000000000000000000000000000000014,0.000000000000000000000000000000000000000000000000000000000000000000000000000000000084,"***"
"African",0.8,"dominant","per_cM_all_log","Medium ROH","Long ROH",500,500,96804,0.0000000000000000000000000394,0.0000000000000000000000000394,"***"
"African",0.8,"dominant","per_cM_all_log","Medium ROH","Non-ROH",500,500,22231,0.00000000000000000000000000000000000778,0.0000000000000000000000000000000000156,"***"
"African",0.8,"dominant","per_cM_all_log","Long ROH","Non-ROH",500,500,9455,0.000000000000000000000000000000000000000000000000000000000000848,0.00000000000000000000000000000000000000000000000000000000000254,"***"
"African",0.8,"mixed","per_cM_all_log","Short ROH","Medium ROH",500,500,117388,0.00000000000000000000000000000000000000000000000000000000000000022,0.00000000000000000000000000000000000000000000000000000000000000088,"***"
"African",0.8,"mixed","per_cM_all_log","Short ROH","Long ROH",500,500,119443,0.00000000000000000000000000000000000000000000000000000000000000000000364,0.0000000000000000000000000000000000000000000000000000000000000000000182,"***"
"African",0.8,"mixed","per_cM_all_log","Short ROH","Non-ROH",500,500,125250,0.0000000000000000000000000000000000000000000000000000000000000000000000000000000000127,0.0000000000000000000000000000000000000000000000000000000000000000000000000000000000762,"***"
"African",0.8,"mixed","per_cM_all_log","Medium ROH","Long ROH",500,500,90558,0.00000000000000000554,0.0000000000000000166,"***"
"African",0.8,"mixed","per_cM_all_log","Medium ROH","Non-ROH",500,500,72229,0.003,0.003,"**"
"African",0.8,"mixed","per_cM_all_log","Long ROH","Non-ROH",500,500,35890,0.000000000000000133,0.000000000000000266,"***"
"African",0.9,"recessive","per_cM_all_log","Short ROH","Medium ROH",500,500,39551,0.000000000000945,0.00000000000284,"***"
"African",0.9,"recessive","per_cM_all_log","Short ROH","Long ROH",500,500,58003,0.153,0.153,"ns"
"African",0.9,"recessive","per_cM_all_log","Short ROH","Non-ROH",500,500,125250,0.0000000000000000000000000000000000000000000000000000000000000000000000000000000000127,0.0000000000000000000000000000000000000000000000000000000000000000000000000000000000762,"***"
"African",0.9,"recessive","per_cM_all_log","Medium ROH","Long ROH",500,500,70734,0.012,0.024,"*"
"African",0.9,"recessive","per_cM_all_log","Medium ROH","Non-ROH",500,500,125250,0.0000000000000000000000000000000000000000000000000000000000000000000000000000000000127,0.0000000000000000000000000000000000000000000000000000000000000000000000000000000000762,"***"
"African",0.9,"recessive","per_cM_all_log","Long ROH","Non-ROH",500,500,125187,0.0000000000000000000000000000000000000000000000000000000000000000000000000000000000185,0.0000000000000000000000000000000000000000000000000000000000000000000000000000000000762,"***"
"African",0.9,"additive","per_cM_all_log","Short ROH","Medium ROH",500,500,122280,0.00000000000000000000000000000000000000000000000000000000000000000000000000047,0.00000000000000000000000000000000000000000000000000000000000000000000000000188,"***"
"African",0.9,"additive","per_cM_all_log","Short ROH","Long ROH",500,500,122348,0.000000000000000000000000000000000000000000000000000000000000000000000000000318,0.00000000000000000000000000000000000000000000000000000000000000000000000000159,"***"
"African",0.9,"additive","per_cM_all_log","Short ROH","Non-ROH",500,500,125250,0.0000000000000000000000000000000000000000000000000000000000000000000000000000000000127,0.0000000000000000000000000000000000000000000000000000000000000000000000000000000000762,"***"
"African",0.9,"additive","per_cM_all_log","Medium ROH","Long ROH",500,500,96964,0.0000000000000000000000000232,0.0000000000000000000000000464,"***"
"African",0.9,"additive","per_cM_all_log","Medium ROH","Non-ROH",500,500,36844,0.00000000000000151,0.00000000000000151,"***"
"African",0.9,"additive","per_cM_all_log","Long ROH","Non-ROH",500,500,15550,0.00000000000000000000000000000000000000000000000478,0.0000000000000000000000000000000000000000000000143,"***"
"African",0.9,"dominant","per_cM_all_log","Short ROH","Medium ROH",500,500,119453,0.00000000000000000000000000000000000000000000000000000000000000000000345,0.0000000000000000000000000000000000000000000000000000000000000000000138,"***"
"African",0.9,"dominant","per_cM_all_log","Short ROH","Long ROH",500,500,123046,0.00000000000000000000000000000000000000000000000000000000000000000000000000000569,0.0000000000000000000000000000000000000000000000000000000000000000000000000000284,"***"
"African",0.9,"dominant","per_cM_all_log","Short ROH","Non-ROH",500,500,124886,0.000000000000000000000000000000000000000000000000000000000000000000000000000000000112,0.000000000000000000000000000000000000000000000000000000000000000000000000000000000672,"***"
"African",0.9,"dominant","per_cM_all_log","Medium ROH","Long ROH",500,500,96572,0.0000000000000000000000000844,0.0000000000000000000000000844,"***"
"African",0.9,"dominant","per_cM_all_log","Medium ROH","Non-ROH",500,500,21423,0.000000000000000000000000000000000000325,0.00000000000000000000000000000000000065,"***"
"African",0.9,"dominant","per_cM_all_log","Long ROH","Non-ROH",500,500,8826,0.0000000000000000000000000000000000000000000000000000000000000335,0.0000000000000000000000000000000000000000000000000000000000001,"***"
"African",0.9,"mixed","per_cM_all_log","Short ROH","Medium ROH",500,500,113456,0.000000000000000000000000000000000000000000000000000000101,0.000000000000000000000000000000000000000000000000000000404,"***"
"African",0.9,"mixed","per_cM_all_log","Short ROH","Long ROH",500,500,117865,0.0000000000000000000000000000000000000000000000000000000000000000177,0.0000000000000000000000000000000000000000000000000000000000000000885,"***"
"African",0.9,"mixed","per_cM_all_log","Short ROH","Non-ROH",500,500,125249,0.0000000000000000000000000000000000000000000000000000000000000000000000000000000000128,0.0000000000000000000000000000000000000000000000000000000000000000000000000000000000768,"***"
"African",0.9,"mixed","per_cM_all_log","Medium ROH","Long ROH",500,500,90162,0.0000000000000000161,0.0000000000000000322,"***"
"African",0.9,"mixed","per_cM_all_log","Medium ROH","Non-ROH",500,500,65106,0.443,0.443,"ns"
"African",0.9,"mixed","per_cM_all_log","Long ROH","Non-ROH",500,500,32529,0.0000000000000000000127,0.0000000000000000000381,"***"
"African",1,"recessive","per_cM_all_log","Short ROH","Medium ROH",500,500,34110,0.00000000000000000113,0.00000000000000000339,"***"
"African",1,"recessive","per_cM_all_log","Short ROH","Long ROH",500,500,54458,0.012,0.016,"*"
"African",1,"recessive","per_cM_all_log","Short ROH","Non-ROH",500,500,125250,0.0000000000000000000000000000000000000000000000000000000000000000000000000000000000127,0.0000000000000000000000000000000000000000000000000000000000000000000000000000000000762,"***"
"African",1,"recessive","per_cM_all_log","Medium ROH","Long ROH",500,500,71217,0.008,0.016,"*"
"African",1,"recessive","per_cM_all_log","Medium ROH","Non-ROH",500,500,125250,0.0000000000000000000000000000000000000000000000000000000000000000000000000000000000127,0.0000000000000000000000000000000000000000000000000000000000000000000000000000000000762,"***"
"African",1,"recessive","per_cM_all_log","Long ROH","Non-ROH",500,500,125192,0.000000000000000000000000000000000000000000000000000000000000000000000000000000000018,0.0000000000000000000000000000000000000000000000000000000000000000000000000000000000762,"***"
"African",1,"additive","per_cM_all_log","Short ROH","Medium ROH",500,500,120995,0.000000000000000000000000000000000000000000000000000000000000000000000000682,0.00000000000000000000000000000000000000000000000000000000000000000000000273,"***"
"African",1,"additive","per_cM_all_log","Short ROH","Long ROH",500,500,121891,0.00000000000000000000000000000000000000000000000000000000000000000000000000433,0.0000000000000000000000000000000000000000000000000000000000000000000000000216,"***"
"African",1,"additive","per_cM_all_log","Short ROH","Non-ROH",500,500,125034,0.0000000000000000000000000000000000000000000000000000000000000000000000000000000000464,0.000000000000000000000000000000000000000000000000000000000000000000000000000000000278,"***"
"African",1,"additive","per_cM_all_log","Medium ROH","Long ROH",500,500,96621,0.0000000000000000000000000719,0.000000000000000000000000144,"***"
"African",1,"additive","per_cM_all_log","Medium ROH","Non-ROH",500,500,30626,0.0000000000000000000000418,0.0000000000000000000000418,"***"
"African",1,"additive","per_cM_all_log","Long ROH","Non-ROH",500,500,13326,0.00000000000000000000000000000000000000000000000000016,0.00000000000000000000000000000000000000000000000000048,"***"
"African",1,"dominant","per_cM_all_log","Short ROH","Medium ROH",500,500,118147,0.00000000000000000000000000000000000000000000000000000000000000000395,0.0000000000000000000000000000000000000000000000000000000000000000158,"***"
"African",1,"dominant","per_cM_all_log","Short ROH","Long ROH",500,500,122733,0.0000000000000000000000000000000000000000000000000000000000000000000000000000348,0.000000000000000000000000000000000000000000000000000000000000000000000000000209,"***"
"African",1,"dominant","per_cM_all_log","Short ROH","Non-ROH",500,500,122468,0.00000000000000000000000000000000000000000000000000000000000000000000000000016,0.0000000000000000000000000000000000000000000000000000000000000000000000000008,"***"
"African",1,"dominant","per_cM_all_log","Medium ROH","Long ROH",500,500,96510,0.000000000000000000000000103,0.000000000000000000000000103,"***"
"African",1,"dominant","per_cM_all_log","Medium ROH","Non-ROH",500,500,19819,0.000000000000000000000000000000000000000496,0.000000000000000000000000000000000000000992,"***"
"African",1,"dominant","per_cM_all_log","Long ROH","Non-ROH",500,500,7736,0.000000000000000000000000000000000000000000000000000000000000000113,0.000000000000000000000000000000000000000000000000000000000000000339,"***"
"African",1,"mixed","per_cM_all_log","Short ROH","Medium ROH",500,500,110421,0.000000000000000000000000000000000000000000000000178,0.000000000000000000000000000000000000000000000000712,"***"
"African",1,"mixed","per_cM_all_log","Short ROH","Long ROH",500,500,116938,0.00000000000000000000000000000000000000000000000000000000000000232,0.0000000000000000000000000000000000000000000000000000000000000116,"***"
"African",1,"mixed","per_cM_all_log","Short ROH","Non-ROH",500,500,125203,0.0000000000000000000000000000000000000000000000000000000000000000000000000000000000168,0.000000000000000000000000000000000000000000000000000000000000000000000000000000000101,"***"
"African",1,"mixed","per_cM_all_log","Medium ROH","Long ROH",500,500,90021,0.0000000000000000234,0.0000000000000000468,"***"
"African",1,"mixed","per_cM_all_log","Medium ROH","Non-ROH",500,500,58343,0.185,0.185,"ns"
"African",1,"mixed","per_cM_all_log","Long ROH","Non-ROH",500,500,28806,0.000000000000000000000000128,0.000000000000000000000000384,"***"
"African",1.1,"recessive","per_cM_all_log","Short ROH","Medium ROH",500,500,31466,0.000000000000000000000544,0.00000000000000000000163,"***"
"African",1.1,"recessive","per_cM_all_log","Short ROH","Long ROH",500,500,52816,0.002,0.005,"**"
"African",1.1,"recessive","per_cM_all_log","Short ROH","Non-ROH",500,500,125250,0.0000000000000000000000000000000000000000000000000000000000000000000000000000000000127,0.0000000000000000000000000000000000000000000000000000000000000000000000000000000000762,"***"
"African",1.1,"recessive","per_cM_all_log","Medium ROH","Long ROH",500,500,71939,0.004,0.005,"**"
"African",1.1,"recessive","per_cM_all_log","Medium ROH","Non-ROH",500,500,125250,0.0000000000000000000000000000000000000000000000000000000000000000000000000000000000127,0.0000000000000000000000000000000000000000000000000000000000000000000000000000000000762,"***"
"African",1.1,"recessive","per_cM_all_log","Long ROH","Non-ROH",500,500,125188,0.0000000000000000000000000000000000000000000000000000000000000000000000000000000000184,0.0000000000000000000000000000000000000000000000000000000000000000000000000000000000762,"***"
"African",1.1,"additive","per_cM_all_log","Short ROH","Medium ROH",500,500,119811,0.000000000000000000000000000000000000000000000000000000000000000000000485,0.00000000000000000000000000000000000000000000000000000000000000000000194,"***"
"African",1.1,"additive","per_cM_all_log","Short ROH","Long ROH",500,500,121722,0.0000000000000000000000000000000000000000000000000000000000000000000000000113,0.0000000000000000000000000000000000000000000000000000000000000000000000000565,"***"
"African",1.1,"additive","per_cM_all_log","Short ROH","Non-ROH",500,500,123453,0.000000000000000000000000000000000000000000000000000000000000000000000000000000533,0.0000000000000000000000000000000000000000000000000000000000000000000000000000032,"***"
"African",1.1,"additive","per_cM_all_log","Medium ROH","Long ROH",500,500,96532,0.0000000000000000000000000962,0.0000000000000000000000000962,"***"
"African",1.1,"additive","per_cM_all_log","Medium ROH","Non-ROH",500,500,25563,0.00000000000000000000000000000196,0.00000000000000000000000000000392,"***"
"African",1.1,"additive","per_cM_all_log","Long ROH","Non-ROH",500,500,11183,0.00000000000000000000000000000000000000000000000000000000501,0.000000000000000000000000000000000000000000000000000000015,"***"
"African",1.1,"dominant","per_cM_all_log","Short ROH","Medium ROH",500,500,117302,0.000000000000000000000000000000000000000000000000000000000000000346,0.00000000000000000000000000000000000000000000000000000000000000138,"***"
"African",1.1,"dominant","per_cM_all_log","Short ROH","Long ROH",500,500,122591,0.0000000000000000000000000000000000000000000000000000000000000000000000000000789,0.000000000000000000000000000000000000000000000000000000000000000000000000000473,"***"
"African",1.1,"dominant","per_cM_all_log","Short ROH","Non-ROH",500,500,116031,0.000000000000000000000000000000000000000000000000000000000000254,0.000000000000000000000000000000000000000000000000000000000000762,"***"
"African",1.1,"dominant","per_cM_all_log","Medium ROH","Long ROH",500,500,96496,0.000000000000000000000000108,0.000000000000000000000000108,"***"
"African",1.1,"dominant","per_cM_all_log","Medium ROH","Non-ROH",500,500,17829,0.000000000000000000000000000000000000000000113,0.000000000000000000000000000000000000000000226,"***"
"African",1.1,"dominant","per_cM_all_log","Long ROH","Non-ROH",500,500,6486,0.000000000000000000000000000000000000000000000000000000000000000000145,0.000000000000000000000000000000000000000000000000000000000000000000725,"***"
"African",1.1,"mixed","per_cM_all_log","Short ROH","Medium ROH",500,500,108487,0.00000000000000000000000000000000000000000000108,0.00000000000000000000000000000000000000000000432,"***"
"African",1.1,"mixed","per_cM_all_log","Short ROH","Long ROH",500,500,116631,0.0000000000000000000000000000000000000000000000000000000000000115,0.0000000000000000000000000000000000000000000000000000000000000575,"***"
"African",1.1,"mixed","per_cM_all_log","Short ROH","Non-ROH",500,500,124642,0.000000000000000000000000000000000000000000000000000000000000000000000000000000000481,0.00000000000000000000000000000000000000000000000000000000000000000000000000000000289,"***"
"African",1.1,"mixed","per_cM_all_log","Medium ROH","Long ROH",500,500,90190,0.0000000000000000149,0.0000000000000000298,"***"
"African",1.1,"mixed","per_cM_all_log","Medium ROH","Non-ROH",500,500,51800,0.000812,0.000812,"***"
"African",1.1,"mixed","per_cM_all_log","Long ROH","Non-ROH",500,500,25032,0.00000000000000000000000000000029,0.00000000000000000000000000000087,"***"
"African",1.2,"recessive","per_cM_all_log","Short ROH","Medium ROH",500,500,30427,0.0000000000000000000000226,0.0000000000000000000000678,"***"
"African",1.2,"recessive","per_cM_all_log","Short ROH","Long ROH",500,500,52458,0.002,0.003,"**"
"African",1.2,"recessive","per_cM_all_log","Short ROH","Non-ROH",500,500,125250,0.0000000000000000000000000000000000000000000000000000000000000000000000000000000000127,0.0000000000000000000000000000000000000000000000000000000000000000000000000000000000762,"***"
"African",1.2,"recessive","per_cM_all_log","Medium ROH","Long ROH",500,500,72613,0.002,0.003,"**"
"African",1.2,"recessive","per_cM_all_log","Medium ROH","Non-ROH",500,500,125250,0.0000000000000000000000000000000000000000000000000000000000000000000000000000000000127,0.0000000000000000000000000000000000000000000000000000000000000000000000000000000000762,"***"
"African",1.2,"recessive","per_cM_all_log","Long ROH","Non-ROH",500,500,125184,0.0000000000000000000000000000000000000000000000000000000000000000000000000000000000189,0.0000000000000000000000000000000000000000000000000000000000000000000000000000000000762,"***"
"African",1.2,"additive","per_cM_all_log","Short ROH","Medium ROH",500,500,118932,0.0000000000000000000000000000000000000000000000000000000000000000000584,0.000000000000000000000000000000000000000000000000000000000000000000234,"***"
"African",1.2,"additive","per_cM_all_log","Short ROH","Long ROH",500,500,121789,0.00000000000000000000000000000000000000000000000000000000000000000000000000773,0.0000000000000000000000000000000000000000000000000000000000000000000000000464,"***"
"African",1.2,"additive","per_cM_all_log","Short ROH","Non-ROH",500,500,119249,0.0000000000000000000000000000000000000000000000000000000000000000000105,0.0000000000000000000000000000000000000000000000000000000000000000000525,"***"
"African",1.2,"additive","per_cM_all_log","Medium ROH","Long ROH",500,500,96599,0.0000000000000000000000000773,0.0000000000000000000000000773,"***"
"African",1.2,"additive","per_cM_all_log","Medium ROH","Non-ROH",500,500,21283,0.000000000000000000000000000000000000186,0.000000000000000000000000000000000000372,"***"
"African",1.2,"additive","per_cM_all_log","Long ROH","Non-ROH",500,500,9243,0.000000000000000000000000000000000000000000000000000000000000287,0.000000000000000000000000000000000000000000000000000000000000861,"***"
"African",1.2,"dominant","per_cM_all_log","Short ROH","Medium ROH",500,500,116747,0.00000000000000000000000000000000000000000000000000000000000000628,0.0000000000000000000000000000000000000000000000000000000000000251,"***"
"African",1.2,"dominant","per_cM_all_log","Short ROH","Long ROH",500,500,122551,0.0000000000000000000000000000000000000000000000000000000000000000000000000000993,0.000000000000000000000000000000000000000000000000000000000000000000000000000596,"***"
"African",1.2,"dominant","per_cM_all_log","Short ROH","Non-ROH",500,500,106694,0.00000000000000000000000000000000000000000253,0.00000000000000000000000000000000000000000506,"***"
"African",1.2,"dominant","per_cM_all_log","Medium ROH","Long ROH",500,500,96575,0.0000000000000000000000000836,0.0000000000000000000000000836,"***"
"African",1.2,"dominant","per_cM_all_log","Medium ROH","Non-ROH",500,500,15736,0.0000000000000000000000000000000000000000000000111,0.0000000000000000000000000000000000000000000000333,"***"
"African",1.2,"dominant","per_cM_all_log","Long ROH","Non-ROH",500,500,5264,0.000000000000000000000000000000000000000000000000000000000000000000000185,0.000000000000000000000000000000000000000000000000000000000000000000000925,"***"
"African",1.2,"mixed","per_cM_all_log","Short ROH","Medium ROH",500,500,107394,0.000000000000000000000000000000000000000000127,0.000000000000000000000000000000000000000000508,"***"
"African",1.2,"mixed","per_cM_all_log","Short ROH","Long ROH",500,500,116645,0.0000000000000000000000000000000000000000000000000000000000000107,0.0000000000000000000000000000000000000000000000000000000000000535,"***"
"African",1.2,"mixed","per_cM_all_log","Short ROH","Non-ROH",500,500,121947,0.00000000000000000000000000000000000000000000000000000000000000000000000000315,0.0000000000000000000000000000000000000000000000000000000000000000000000000189,"***"
"African",1.2,"mixed","per_cM_all_log","Medium ROH","Long ROH",500,500,90516,0.00000000000000000621,0.0000000000000000124,"***"
"African",1.2,"mixed","per_cM_all_log","Medium ROH","Non-ROH",500,500,45586,0.000000135,0.000000135,"***"
"African",1.2,"mixed","per_cM_all_log","Long ROH","Non-ROH",500,500,21212,0.000000000000000000000000000000000000141,0.000000000000000000000000000000000000423,"***"
"African",1.3,"recessive","per_cM_all_log","Short ROH","Medium ROH",500,500,30353,0.0000000000000000000000179,0.0000000000000000000000537,"***"
"African",1.3,"recessive","per_cM_all_log","Short ROH","Long ROH",500,500,52887,0.003,0.003,"**"
"African",1.3,"recessive","per_cM_all_log","Short ROH","Non-ROH",500,500,125250,0.0000000000000000000000000000000000000000000000000000000000000000000000000000000000127,0.0000000000000000000000000000000000000000000000000000000000000000000000000000000000762,"***"
"African",1.3,"recessive","per_cM_all_log","Medium ROH","Long ROH",500,500,73364,0.000893,0.002,"**"
"African",1.3,"recessive","per_cM_all_log","Medium ROH","Non-ROH",500,500,125250,0.0000000000000000000000000000000000000000000000000000000000000000000000000000000000127,0.0000000000000000000000000000000000000000000000000000000000000000000000000000000000762,"***"
"African",1.3,"recessive","per_cM_all_log","Long ROH","Non-ROH",500,500,125172,0.0000000000000000000000000000000000000000000000000000000000000000000000000000000000203,0.0000000000000000000000000000000000000000000000000000000000000000000000000000000000812,"***"
"African",1.3,"additive","per_cM_all_log","Short ROH","Medium ROH",500,500,118401,0.00000000000000000000000000000000000000000000000000000000000000000102,0.0000000000000000000000000000000000000000000000000000000000000000051,"***"
"African",1.3,"additive","per_cM_all_log","Short ROH","Long ROH",500,500,121945,0.00000000000000000000000000000000000000000000000000000000000000000000000000318,0.0000000000000000000000000000000000000000000000000000000000000000000000000191,"***"
"African",1.3,"additive","per_cM_all_log","Short ROH","Non-ROH",500,500,112045,0.0000000000000000000000000000000000000000000000000000903,0.000000000000000000000000000000000000000000000000000271,"***"
"African",1.3,"additive","per_cM_all_log","Medium ROH","Long ROH",500,500,96703,0.0000000000000000000000000549,0.0000000000000000000000000549,"***"
"African",1.3,"additive","per_cM_all_log","Medium ROH","Non-ROH",500,500,17666,0.0000000000000000000000000000000000000000000558,0.000000000000000000000000000000000000000000112,"***"
"African",1.3,"additive","per_cM_all_log","Long ROH","Non-ROH",500,500,7670,0.00000000000000000000000000000000000000000000000000000000000000008,0.00000000000000000000000000000000000000000000000000000000000000032,"***"
"African",1.3,"dominant","per_cM_all_log","Short ROH","Medium ROH",500,500,116485,0.0000000000000000000000000000000000000000000000000000000000000244,0.0000000000000000000000000000000000000000000000000000000000000976,"***"
"African",1.3,"dominant","per_cM_all_log","Short ROH","Long ROH",500,500,122558,0.0000000000000000000000000000000000000000000000000000000000000000000000000000953,0.000000000000000000000000000000000000000000000000000000000000000000000000000572,"***"
"African",1.3,"dominant","per_cM_all_log","Short ROH","Non-ROH",500,500,96483,0.000000000000000000000000113,0.000000000000000000000000113,"***"
"African",1.3,"dominant","per_cM_all_log","Medium ROH","Long ROH",500,500,96715,0.0000000000000000000000000528,0.000000000000000000000000106,"***"
"African",1.3,"dominant","per_cM_all_log","Medium ROH","Non-ROH",500,500,13736,0.00000000000000000000000000000000000000000000000000111,0.00000000000000000000000000000000000000000000000000333,"***"
"African",1.3,"dominant","per_cM_all_log","Long ROH","Non-ROH",500,500,4202,0.000000000000000000000000000000000000000000000000000000000000000000000000507,0.00000000000000000000000000000000000000000000000000000000000000000000000254,"***"
"African",1.3,"mixed","per_cM_all_log","Short ROH","Medium ROH",500,500,107035,0.000000000000000000000000000000000000000000591,0.00000000000000000000000000000000000000000177,"***"
"African",1.3,"mixed","per_cM_all_log","Short ROH","Long ROH",500,500,116922,0.00000000000000000000000000000000000000000000000000000000000000253,0.0000000000000000000000000000000000000000000000000000000000000152,"***"
"African",1.3,"mixed","per_cM_all_log","Short ROH","Non-ROH",500,500,116204,0.000000000000000000000000000000000000000000000000000000000000104,0.00000000000000000000000000000000000000000000000000000000000052,"***"
"African",1.3,"mixed","per_cM_all_log","Medium ROH","Long ROH",500,500,90950,0.0000000000000000019,0.0000000000000000038,"***"
"African",1.3,"mixed","per_cM_all_log","Medium ROH","Non-ROH",500,500,39919,0.00000000000215,0.00000000000215,"***"
"African",1.3,"mixed","per_cM_all_log","Long ROH","Non-ROH",500,500,17761,0.0000000000000000000000000000000000000000000842,0.000000000000000000000000000000000000000000337,"***"
"European",0.7,"recessive","per_cM_all_log","Short ROH","Medium ROH",500,500,122140,0.00000000000000000000000000000000000000000000000000000000000000000000000000105,0.0000000000000000000000000000000000000000000000000000000000000000000000000042,"***"
"European",0.7,"recessive","per_cM_all_log","Short ROH","Long ROH",500,500,113370,0.000000000000000000000000000000000000000000000000000000153,0.000000000000000000000000000000000000000000000000000000459,"***"
"European",0.7,"recessive","per_cM_all_log","Short ROH","Non-ROH",500,500,125250,0.0000000000000000000000000000000000000000000000000000000000000000000000000000000000127,0.0000000000000000000000000000000000000000000000000000000000000000000000000000000000762,"***"
"European",0.7,"recessive","per_cM_all_log","Medium ROH","Long ROH",500,500,89549,0.0000000000000000812,0.0000000000000000812,"***"
"European",0.7,"recessive","per_cM_all_log","Medium ROH","Non-ROH",500,500,125250,0.0000000000000000000000000000000000000000000000000000000000000000000000000000000000127,0.0000000000000000000000000000000000000000000000000000000000000000000000000000000000762,"***"
"European",0.7,"recessive","per_cM_all_log","Long ROH","Non-ROH",500,500,112229,0.0000000000000000000000000000000000000000000000000000376,0.0000000000000000000000000000000000000000000000000000752,"***"
"European",0.7,"additive","per_cM_all_log","Short ROH","Medium ROH",500,500,124799,0.000000000000000000000000000000000000000000000000000000000000000000000000000000000189,0.000000000000000000000000000000000000000000000000000000000000000000000000000000000945,"***"
"European",0.7,"additive","per_cM_all_log","Short ROH","Long ROH",500,500,124014,0.0000000000000000000000000000000000000000000000000000000000000000000000000000000198,0.0000000000000000000000000000000000000000000000000000000000000000000000000000000792,"***"
"European",0.7,"additive","per_cM_all_log","Short ROH","Non-ROH",500,500,125250,0.0000000000000000000000000000000000000000000000000000000000000000000000000000000000127,0.0000000000000000000000000000000000000000000000000000000000000000000000000000000000762,"***"
"European",0.7,"additive","per_cM_all_log","Medium ROH","Long ROH",500,500,112653,0.00000000000000000000000000000000000000000000000000000494,0.00000000000000000000000000000000000000000000000000000988,"***"
"European",0.7,"additive","per_cM_all_log","Medium ROH","Non-ROH",500,500,43589,0.00000000388,0.00000000388,"***"
"European",0.7,"additive","per_cM_all_log","Long ROH","Non-ROH",500,500,9903,0.00000000000000000000000000000000000000000000000000000000000828,0.0000000000000000000000000000000000000000000000000000000000248,"***"
"European",0.7,"dominant","per_cM_all_log","Short ROH","Medium ROH",500,500,124483,0.00000000000000000000000000000000000000000000000000000000000000000000000000000000124,0.00000000000000000000000000000000000000000000000000000000000000000000000000000000496,"***"
"European",0.7,"dominant","per_cM_all_log","Short ROH","Long ROH",500,500,124586,0.000000000000000000000000000000000000000000000000000000000000000000000000000000000672,0.00000000000000000000000000000000000000000000000000000000000000000000000000000000336,"***"
"European",0.7,"dominant","per_cM_all_log","Short ROH","Non-ROH",500,500,125211,0.000000000000000000000000000000000000000000000000000000000000000000000000000000000016,0.000000000000000000000000000000000000000000000000000000000000000000000000000000000096,"***"
"European",0.7,"dominant","per_cM_all_log","Medium ROH","Long ROH",500,500,112938,0.00000000000000000000000000000000000000000000000000000125,0.0000000000000000000000000000000000000000000000000000025,"***"
"European",0.7,"dominant","per_cM_all_log","Medium ROH","Non-ROH",500,500,14761,0.000000000000000000000000000000000000000000000000131,0.000000000000000000000000000000000000000000000000131,"***"
"European",0.7,"dominant","per_cM_all_log","Long ROH","Non-ROH",500,500,3946,0.00000000000000000000000000000000000000000000000000000000000000000000000012,0.00000000000000000000000000000000000000000000000000000000000000000000000036,"***"
"European",0.7,"mixed","per_cM_all_log","Short ROH","Medium ROH",500,500,124389,0.00000000000000000000000000000000000000000000000000000000000000000000000000000000216,0.0000000000000000000000000000000000000000000000000000000000000000000000000000000108,"***"
"European",0.7,"mixed","per_cM_all_log","Short ROH","Long ROH",500,500,123610,0.000000000000000000000000000000000000000000000000000000000000000000000000000000213,0.000000000000000000000000000000000000000000000000000000000000000000000000000000852,"***"
"European",0.7,"mixed","per_cM_all_log","Short ROH","Non-ROH",500,500,125248,0.0000000000000000000000000000000000000000000000000000000000000000000000000000000000128,0.0000000000000000000000000000000000000000000000000000000000000000000000000000000000768,"***"
"European",0.7,"mixed","per_cM_all_log","Medium ROH","Long ROH",500,500,108791,0.000000000000000000000000000000000000000000000282,0.000000000000000000000000000000000000000000000564,"***"
"European",0.7,"mixed","per_cM_all_log","Medium ROH","Non-ROH",500,500,61263,0.674,0.674,"ns"
"European",0.7,"mixed","per_cM_all_log","Long ROH","Non-ROH",500,500,15137,0.000000000000000000000000000000000000000000000000732,0.0000000000000000000000000000000000000000000000022,"***"
"European",0.8,"recessive","per_cM_all_log","Short ROH","Medium ROH",500,500,115143,0.0000000000000000000000000000000000000000000000000000000000232,0.0000000000000000000000000000000000000000000000000000000000928,"***"
"European",0.8,"recessive","per_cM_all_log","Short ROH","Long ROH",500,500,107362,0.000000000000000000000000000000000000000000146,0.000000000000000000000000000000000000000000292,"***"
"European",0.8,"recessive","per_cM_all_log","Short ROH","Non-ROH",500,500,125250,0.0000000000000000000000000000000000000000000000000000000000000000000000000000000000127,0.0000000000000000000000000000000000000000000000000000000000000000000000000000000000762,"***"
"European",0.8,"recessive","per_cM_all_log","Medium ROH","Long ROH",500,500,86782,0.0000000000000781,0.0000000000000781,"***"
"European",0.8,"recessive","per_cM_all_log","Medium ROH","Non-ROH",500,500,125250,0.0000000000000000000000000000000000000000000000000000000000000000000000000000000000127,0.0000000000000000000000000000000000000000000000000000000000000000000000000000000000762,"***"
"European",0.8,"recessive","per_cM_all_log","Long ROH","Non-ROH",500,500,114085,0.00000000000000000000000000000000000000000000000000000000458,0.0000000000000000000000000000000000000000000000000000000137,"***"
"European",0.8,"additive","per_cM_all_log","Short ROH","Medium ROH",500,500,123966,0.0000000000000000000000000000000000000000000000000000000000000000000000000000000263,0.000000000000000000000000000000000000000000000000000000000000000000000000000000132,"***"
"European",0.8,"additive","per_cM_all_log","Short ROH","Long ROH",500,500,123259,0.00000000000000000000000000000000000000000000000000000000000000000000000000000165,0.0000000000000000000000000000000000000000000000000000000000000000000000000000066,"***"
"European",0.8,"additive","per_cM_all_log","Short ROH","Non-ROH",500,500,125250,0.0000000000000000000000000000000000000000000000000000000000000000000000000000000000127,0.0000000000000000000000000000000000000000000000000000000000000000000000000000000000762,"***"
"European",0.8,"additive","per_cM_all_log","Medium ROH","Long ROH",500,500,111635,0.000000000000000000000000000000000000000000000000000628,0.00000000000000000000000000000000000000000000000000126,"***"
"European",0.8,"additive","per_cM_all_log","Medium ROH","Non-ROH",500,500,42077,0.000000000206,0.000000000206,"***"
"European",0.8,"additive","per_cM_all_log","Long ROH","Non-ROH",500,500,10148,0.0000000000000000000000000000000000000000000000000000000000286,0.0000000000000000000000000000000000000000000000000000000000858,"***"
"European",0.8,"dominant","per_cM_all_log","Short ROH","Medium ROH",500,500,123152,0.00000000000000000000000000000000000000000000000000000000000000000000000000000308,0.0000000000000000000000000000000000000000000000000000000000000000000000000000123,"***"
"European",0.8,"dominant","per_cM_all_log","Short ROH","Long ROH",500,500,124560,0.000000000000000000000000000000000000000000000000000000000000000000000000000000000784,0.00000000000000000000000000000000000000000000000000000000000000000000000000000000392,"***"
"European",0.8,"dominant","per_cM_all_log","Short ROH","Non-ROH",500,500,124958,0.0000000000000000000000000000000000000000000000000000000000000000000000000000000000731,0.000000000000000000000000000000000000000000000000000000000000000000000000000000000439,"***"
"European",0.8,"dominant","per_cM_all_log","Medium ROH","Long ROH",500,500,112845,0.00000000000000000000000000000000000000000000000000000196,0.00000000000000000000000000000000000000000000000000000392,"***"
"European",0.8,"dominant","per_cM_all_log","Medium ROH","Non-ROH",500,500,18169,0.000000000000000000000000000000000000000000486,0.000000000000000000000000000000000000000000486,"***"
"European",0.8,"dominant","per_cM_all_log","Long ROH","Non-ROH",500,500,3864,0.0000000000000000000000000000000000000000000000000000000000000000000000000757,0.000000000000000000000000000000000000000000000000000000000000000000000000227,"***"
"European",0.8,"mixed","per_cM_all_log","Short ROH","Medium ROH",500,500,123071,0.00000000000000000000000000000000000000000000000000000000000000000000000000000492,0.0000000000000000000000000000000000000000000000000000000000000000000000000000246,"***"
"European",0.8,"mixed","per_cM_all_log","Short ROH","Long ROH",500,500,122746,0.0000000000000000000000000000000000000000000000000000000000000000000000000000323,0.000000000000000000000000000000000000000000000000000000000000000000000000000129,"***"
"European",0.8,"mixed","per_cM_all_log","Short ROH","Non-ROH",500,500,125240,0.0000000000000000000000000000000000000000000000000000000000000000000000000000000000135,0.000000000000000000000000000000000000000000000000000000000000000000000000000000000081,"***"
"European",0.8,"mixed","per_cM_all_log","Medium ROH","Long ROH",500,500,108443,0.00000000000000000000000000000000000000000000131,0.00000000000000000000000000000000000000000000262,"***"
"European",0.8,"mixed","per_cM_all_log","Medium ROH","Non-ROH",500,500,58797,0.236,0.236,"ns"
"European",0.8,"mixed","per_cM_all_log","Long ROH","Non-ROH",500,500,14816,0.000000000000000000000000000000000000000000000000168,0.000000000000000000000000000000000000000000000000504,"***"
"European",0.9,"recessive","per_cM_all_log","Short ROH","Medium ROH",500,500,104827,0.00000000000000000000000000000000000000587,0.0000000000000000000000000000000000000176,"***"
"European",0.9,"recessive","per_cM_all_log","Short ROH","Long ROH",500,500,102262,0.000000000000000000000000000000000144,0.000000000000000000000000000000000288,"***"
"European",0.9,"recessive","per_cM_all_log","Short ROH","Non-ROH",500,500,125250,0.0000000000000000000000000000000000000000000000000000000000000000000000000000000000127,0.0000000000000000000000000000000000000000000000000000000000000000000000000000000000762,"***"
"European",0.9,"recessive","per_cM_all_log","Medium ROH","Long ROH",500,500,85422,0.00000000000176,0.00000000000176,"***"
"European",0.9,"recessive","per_cM_all_log","Medium ROH","Non-ROH",500,500,125250,0.0000000000000000000000000000000000000000000000000000000000000000000000000000000000127,0.0000000000000000000000000000000000000000000000000000000000000000000000000000000000762,"***"
"European",0.9,"recessive","per_cM_all_log","Long ROH","Non-ROH",500,500,115238,0.0000000000000000000000000000000000000000000000000000000000144,0.0000000000000000000000000000000000000000000000000000000000576,"***"
"European",0.9,"additive","per_cM_all_log","Short ROH","Medium ROH",500,500,122185,0.00000000000000000000000000000000000000000000000000000000000000000000000000081,0.00000000000000000000000000000000000000000000000000000000000000000000000000324,"***"
"European",0.9,"additive","per_cM_all_log","Short ROH","Long ROH",500,500,122603,0.0000000000000000000000000000000000000000000000000000000000000000000000000000736,0.000000000000000000000000000000000000000000000000000000000000000000000000000368,"***"
"European",0.9,"additive","per_cM_all_log","Short ROH","Non-ROH",500,500,125239,0.0000000000000000000000000000000000000000000000000000000000000000000000000000000000136,0.0000000000000000000000000000000000000000000000000000000000000000000000000000000000816,"***"
"European",0.9,"additive","per_cM_all_log","Medium ROH","Long ROH",500,500,111314,0.00000000000000000000000000000000000000000000000000284,0.00000000000000000000000000000000000000000000000000568,"***"
"European",0.9,"additive","per_cM_all_log","Medium ROH","Non-ROH",500,500,39635,0.00000000000114,0.00000000000114,"***"
"European",0.9,"additive","per_cM_all_log","Long ROH","Non-ROH",500,500,9663,0.00000000000000000000000000000000000000000000000000000000000245,0.00000000000000000000000000000000000000000000000000000000000735,"***"
"European",0.9,"dominant","per_cM_all_log","Short ROH","Medium ROH",500,500,121047,0.00000000000000000000000000000000000000000000000000000000000000000000000051,0.00000000000000000000000000000000000000000000000000000000000000000000000153,"***"
"European",0.9,"dominant","per_cM_all_log","Short ROH","Long ROH",500,500,124546,0.000000000000000000000000000000000000000000000000000000000000000000000000000000000852,0.00000000000000000000000000000000000000000000000000000000000000000000000000000000511,"***"
"European",0.9,"dominant","per_cM_all_log","Short ROH","Non-ROH",500,500,123920,0.0000000000000000000000000000000000000000000000000000000000000000000000000000000345,0.000000000000000000000000000000000000000000000000000000000000000000000000000000173,"***"
"European",0.9,"dominant","per_cM_all_log","Medium ROH","Long ROH",500,500,113164,0.000000000000000000000000000000000000000000000000000000418,0.000000000000000000000000000000000000000000000000000000836,"***"
"European",0.9,"dominant","per_cM_all_log","Medium ROH","Non-ROH",500,500,20250,0.0000000000000000000000000000000000000029,0.0000000000000000000000000000000000000029,"***"
"European",0.9,"dominant","per_cM_all_log","Long ROH","Non-ROH",500,500,3470,0.00000000000000000000000000000000000000000000000000000000000000000000000000814,0.0000000000000000000000000000000000000000000000000000000000000000000000000326,"***"
"European",0.9,"mixed","per_cM_all_log","Short ROH","Medium ROH",500,500,120790,0.00000000000000000000000000000000000000000000000000000000000000000000000215,0.0000000000000000000000000000000000000000000000000000000000000000000000086,"***"
"European",0.9,"mixed","per_cM_all_log","Short ROH","Long ROH",500,500,122120,0.00000000000000000000000000000000000000000000000000000000000000000000000000117,0.00000000000000000000000000000000000000000000000000000000000000000000000000585,"***"
"European",0.9,"mixed","per_cM_all_log","Short ROH","Non-ROH",500,500,125162,0.0000000000000000000000000000000000000000000000000000000000000000000000000000000000215,0.000000000000000000000000000000000000000000000000000000000000000000000000000000000129,"***"
"European",0.9,"mixed","per_cM_all_log","Medium ROH","Long ROH",500,500,108702,0.000000000000000000000000000000000000000000000418,0.000000000000000000000000000000000000000000000836,"***"
"European",0.9,"mixed","per_cM_all_log","Medium ROH","Non-ROH",500,500,54963,0.018,0.018,"*"
"European",0.9,"mixed","per_cM_all_log","Long ROH","Non-ROH",500,500,13686,0.000000000000000000000000000000000000000000000000000878,0.00000000000000000000000000000000000000000000000000263,"***"
"European",1,"recessive","per_cM_all_log","Short ROH","Medium ROH",500,500,94397,0.0000000000000000000000842,0.000000000000000000000168,"***"
"European",1,"recessive","per_cM_all_log","Short ROH","Long ROH",500,500,98339,0.000000000000000000000000000222,0.000000000000000000000000000666,"***"
"European",1,"recessive","per_cM_all_log","Short ROH","Non-ROH",500,500,125250,0.0000000000000000000000000000000000000000000000000000000000000000000000000000000000127,0.0000000000000000000000000000000000000000000000000000000000000000000000000000000000762,"***"
"European",1,"recessive","per_cM_all_log","Medium ROH","Long ROH",500,500,84987,0.00000000000458,0.00000000000458,"***"
"European",1,"recessive","per_cM_all_log","Medium ROH","Non-ROH",500,500,125250,0.0000000000000000000000000000000000000000000000000000000000000000000000000000000000127,0.0000000000000000000000000000000000000000000000000000000000000000000000000000000000762,"***"
"European",1,"recessive","per_cM_all_log","Long ROH","Non-ROH",500,500,115864,0.000000000000000000000000000000000000000000000000000000000000596,0.00000000000000000000000000000000000000000000000000000000000238,"***"
"European",1,"additive","per_cM_all_log","Short ROH","Medium ROH",500,500,119990,0.000000000000000000000000000000000000000000000000000000000000000000000181,0.000000000000000000000000000000000000000000000000000000000000000000000724,"***"
"European",1,"additive","per_cM_all_log","Short ROH","Long ROH",500,500,122178,0.000000000000000000000000000000000000000000000000000000000000000000000000000843,0.00000000000000000000000000000000000000000000000000000000000000000000000000422,"***"
"European",1,"additive","per_cM_all_log","Short ROH","Non-ROH",500,500,125069,0.0000000000000000000000000000000000000000000000000000000000000000000000000000000000376,0.000000000000000000000000000000000000000000000000000000000000000000000000000000000226,"***"
"European",1,"additive","per_cM_all_log","Medium ROH","Long ROH",500,500,111399,0.0000000000000000000000000000000000000000000000000019,0.0000000000000000000000000000000000000000000000000038,"***"
"European",1,"additive","per_cM_all_log","Medium ROH","Non-ROH",500,500,36358,0.000000000000000443,0.000000000000000443,"***"
"European",1,"additive","per_cM_all_log","Long ROH","Non-ROH",500,500,8860,0.0000000000000000000000000000000000000000000000000000000000000399,0.00000000000000000000000000000000000000000000000000000000000012,"***"
"European",1,"dominant","per_cM_all_log","Short ROH","Medium ROH",500,500,118844,0.0000000000000000000000000000000000000000000000000000000000000000000939,0.000000000000000000000000000000000000000000000000000000000000000000282,"***"
"European",1,"dominant","per_cM_all_log","Short ROH","Long ROH",500,500,124551,0.000000000000000000000000000000000000000000000000000000000000000000000000000000000827,0.00000000000000000000000000000000000000000000000000000000000000000000000000000000496,"***"
"European",1,"dominant","per_cM_all_log","Short ROH","Non-ROH",500,500,120333,0.0000000000000000000000000000000000000000000000000000000000000000000000273,0.000000000000000000000000000000000000000000000000000000000000000000000109,"***"
"European",1,"dominant","per_cM_all_log","Medium ROH","Long ROH",500,500,113636,0.0000000000000000000000000000000000000000000000000000000418,0.0000000000000000000000000000000000000000000000000000000836,"***"
"European",1,"dominant","per_cM_all_log","Medium ROH","Non-ROH",500,500,20958,0.0000000000000000000000000000000000000509,0.0000000000000000000000000000000000000509,"***"
"European",1,"dominant","per_cM_all_log","Long ROH","Non-ROH",500,500,2896,0.000000000000000000000000000000000000000000000000000000000000000000000000000308,0.00000000000000000000000000000000000000000000000000000000000000000000000000154,"***"
"European",1,"mixed","per_cM_all_log","Short ROH","Medium ROH",500,500,118220,0.00000000000000000000000000000000000000000000000000000000000000000268,0.0000000000000000000000000000000000000000000000000000000000000000107,"***"
"European",1,"mixed","per_cM_all_log","Short ROH","Long ROH",500,500,121810,0.00000000000000000000000000000000000000000000000000000000000000000000000000686,0.0000000000000000000000000000000000000000000000000000000000000000000000000343,"***"
"European",1,"mixed","per_cM_all_log","Short ROH","Non-ROH",500,500,124758,0.000000000000000000000000000000000000000000000000000000000000000000000000000000000241,0.00000000000000000000000000000000000000000000000000000000000000000000000000000000145,"***"
"European",1,"mixed","per_cM_all_log","Medium ROH","Long ROH",500,500,109228,0.0000000000000000000000000000000000000000000000401,0.0000000000000000000000000000000000000000000000802,"***"
"European",1,"mixed","per_cM_all_log","Medium ROH","Non-ROH",500,500,50184,0.000119,0.000119,"***"
"European",1,"mixed","per_cM_all_log","Long ROH","Non-ROH",500,500,12203,0.000000000000000000000000000000000000000000000000000000738,0.00000000000000000000000000000000000000000000000000000221,"***"
"European",1.1,"recessive","per_cM_all_log","Short ROH","Medium ROH",500,500,85486,0.00000000000152,0.00000000000304,"***"
"European",1.1,"recessive","per_cM_all_log","Short ROH","Long ROH",500,500,95448,0.00000000000000000000000317,0.00000000000000000000000951,"***"
"European",1.1,"recessive","per_cM_all_log","Short ROH","Non-ROH",500,500,125250,0.0000000000000000000000000000000000000000000000000000000000000000000000000000000000127,0.0000000000000000000000000000000000000000000000000000000000000000000000000000000000762,"***"
"European",1.1,"recessive","per_cM_all_log","Medium ROH","Long ROH",500,500,85233,0.00000000000267,0.00000000000304,"***"
"European",1.1,"recessive","per_cM_all_log","Medium ROH","Non-ROH",500,500,125250,0.0000000000000000000000000000000000000000000000000000000000000000000000000000000000127,0.0000000000000000000000000000000000000000000000000000000000000000000000000000000000762,"***"
"European",1.1,"recessive","per_cM_all_log","Long ROH","Non-ROH",500,500,116119,0.000000000000000000000000000000000000000000000000000000000000161,0.000000000000000000000000000000000000000000000000000000000000644,"***"
"European",1.1,"additive","per_cM_all_log","Short ROH","Medium ROH",500,500,117600,0.000000000000000000000000000000000000000000000000000000000000000072,0.000000000000000000000000000000000000000000000000000000000000000288,"***"
"European",1.1,"additive","per_cM_all_log","Short ROH","Long ROH",500,500,122006,0.00000000000000000000000000000000000000000000000000000000000000000000000000225,0.0000000000000000000000000000000000000000000000000000000000000000000000000112,"***"
"European",1.1,"additive","per_cM_all_log","Short ROH","Non-ROH",500,500,123893,0.0000000000000000000000000000000000000000000000000000000000000000000000000000000405,0.000000000000000000000000000000000000000000000000000000000000000000000000000000243,"***"
"European",1.1,"additive","per_cM_all_log","Medium ROH","Long ROH",500,500,111828,0.000000000000000000000000000000000000000000000000000253,0.000000000000000000000000000000000000000000000000000506,"***"
"European",1.1,"additive","per_cM_all_log","Medium ROH","Non-ROH",500,500,33080,0.0000000000000000000623,0.0000000000000000000623,"***"
"European",1.1,"additive","per_cM_all_log","Long ROH","Non-ROH",500,500,7811,0.000000000000000000000000000000000000000000000000000000000000000168,0.000000000000000000000000000000000000000000000000000000000000000504,"***"
"European",1.1,"dominant","per_cM_all_log","Short ROH","Medium ROH",500,500,116947,0.00000000000000000000000000000000000000000000000000000000000000222,0.00000000000000000000000000000000000000000000000000000000000000888,"***"
"European",1.1,"dominant","per_cM_all_log","Short ROH","Long ROH",500,500,124605,0.0000000000000000000000000000000000000000000000000000000000000000000000000000000006,0.0000000000000000000000000000000000000000000000000000000000000000000000000000000036,"***"
"European",1.1,"dominant","per_cM_all_log","Short ROH","Non-ROH",500,500,113783,0.0000000000000000000000000000000000000000000000000000000203,0.0000000000000000000000000000000000000000000000000000000406,"***"
"European",1.1,"dominant","per_cM_all_log","Medium ROH","Long ROH",500,500,114151,0.00000000000000000000000000000000000000000000000000000000331,0.00000000000000000000000000000000000000000000000000000000993,"***"
"European",1.1,"dominant","per_cM_all_log","Medium ROH","Non-ROH",500,500,20477,0.00000000000000000000000000000000000000731,0.00000000000000000000000000000000000000731,"***"
"European",1.1,"dominant","per_cM_all_log","Long ROH","Non-ROH",500,500,2367,0.0000000000000000000000000000000000000000000000000000000000000000000000000000146,0.000000000000000000000000000000000000000000000000000000000000000000000000000073,"***"
"European",1.1,"mixed","per_cM_all_log","Short ROH","Medium ROH",500,500,115813,0.000000000000000000000000000000000000000000000000000000000000774,0.0000000000000000000000000000000000000000000000000000000000031,"***"
"European",1.1,"mixed","per_cM_all_log","Short ROH","Long ROH",500,500,121719,0.0000000000000000000000000000000000000000000000000000000000000000000000000115,0.0000000000000000000000000000000000000000000000000000000000000000000000000575,"***"
"European",1.1,"mixed","per_cM_all_log","Short ROH","Non-ROH",500,500,123581,0.000000000000000000000000000000000000000000000000000000000000000000000000000000252,0.00000000000000000000000000000000000000000000000000000000000000000000000000000151,"***"
"European",1.1,"mixed","per_cM_all_log","Medium ROH","Long ROH",500,500,109948,0.00000000000000000000000000000000000000000000000155,0.0000000000000000000000000000000000000000000000031,"***"
"European",1.1,"mixed","per_cM_all_log","Medium ROH","Non-ROH",500,500,45223,0.000000073,0.000000073,"***"
"European",1.1,"mixed","per_cM_all_log","Long ROH","Non-ROH",500,500,10479,0.000000000000000000000000000000000000000000000000000000000151,0.000000000000000000000000000000000000000000000000000000000453,"***"
"European",1.2,"recessive","per_cM_all_log","Short ROH","Medium ROH",500,500,78429,0.00000101,0.00000101,"***"
"European",1.2,"recessive","per_cM_all_log","Short ROH","Long ROH",500,500,93609,0.00000000000000000000092,0.00000000000000000000276,"***"
"European",1.2,"recessive","per_cM_all_log","Short ROH","Non-ROH",500,500,125250,0.0000000000000000000000000000000000000000000000000000000000000000000000000000000000127,0.0000000000000000000000000000000000000000000000000000000000000000000000000000000000762,"***"
"European",1.2,"recessive","per_cM_all_log","Medium ROH","Long ROH",500,500,85794,0.000000000000762,0.00000000000152,"***"
"European",1.2,"recessive","per_cM_all_log","Medium ROH","Non-ROH",500,500,125250,0.0000000000000000000000000000000000000000000000000000000000000000000000000000000000127,0.0000000000000000000000000000000000000000000000000000000000000000000000000000000000762,"***"
"European",1.2,"recessive","per_cM_all_log","Long ROH","Non-ROH",500,500,116121,0.00000000000000000000000000000000000000000000000000000000000016,0.00000000000000000000000000000000000000000000000000000000000064,"***"
"European",1.2,"additive","per_cM_all_log","Short ROH","Medium ROH",500,500,115542,0.00000000000000000000000000000000000000000000000000000000000308,0.00000000000000000000000000000000000000000000000000000000000924,"***"
"European",1.2,"additive","per_cM_all_log","Short ROH","Long ROH",500,500,122054,0.00000000000000000000000000000000000000000000000000000000000000000000000000171,0.0000000000000000000000000000000000000000000000000000000000000000000000000103,"***"
"European",1.2,"additive","per_cM_all_log","Short ROH","Non-ROH",500,500,120150,0.0000000000000000000000000000000000000000000000000000000000000000000000751,0.000000000000000000000000000000000000000000000000000000000000000000000376,"***"
"European",1.2,"additive","per_cM_all_log","Medium ROH","Long ROH",500,500,112425,0.0000000000000000000000000000000000000000000000000000148,0.0000000000000000000000000000000000000000000000000000296,"***"
"European",1.2,"additive","per_cM_all_log","Medium ROH","Non-ROH",500,500,29903,0.00000000000000000000000436,0.00000000000000000000000436,"***"
"European",1.2,"additive","per_cM_all_log","Long ROH","Non-ROH",500,500,6698,0.000000000000000000000000000000000000000000000000000000000000000000452,0.00000000000000000000000000000000000000000000000000000000000000000181,"***"
"European",1.2,"dominant","per_cM_all_log","Short ROH","Medium ROH",500,500,115491,0.00000000000000000000000000000000000000000000000000000000000399,0.000000000000000000000000000000000000000000000000000000000016,"***"
"European",1.2,"dominant","per_cM_all_log","Short ROH","Long ROH",500,500,124661,0.00000000000000000000000000000000000000000000000000000000000000000000000000000000043,0.00000000000000000000000000000000000000000000000000000000000000000000000000000000258,"***"
"European",1.2,"dominant","per_cM_all_log","Short ROH","Non-ROH",500,500,105806,0.000000000000000000000000000000000000000105,0.000000000000000000000000000000000000000131,"***"
"European",1.2,"dominant","per_cM_all_log","Medium ROH","Long ROH",500,500,114701,0.000000000000000000000000000000000000000000000000000000000214,0.000000000000000000000000000000000000000000000000000000000642,"***"
"European",1.2,"dominant","per_cM_all_log","Medium ROH","Non-ROH",500,500,19331,0.0000000000000000000000000000000000000000656,0.000000000000000000000000000000000000000131,"***"
"European",1.2,"dominant","per_cM_all_log","Long ROH","Non-ROH",500,500,1836,0.000000000000000000000000000000000000000000000000000000000000000000000000000000669,0.00000000000000000000000000000000000000000000000000000000000000000000000000000334,"***"
"European",1.2,"mixed","per_cM_all_log","Short ROH","Medium ROH",500,500,113952,0.00000000000000000000000000000000000000000000000000000000884,0.0000000000000000000000000000000000000000000000000000000265,"***"
"European",1.2,"mixed","per_cM_all_log","Short ROH","Long ROH",500,500,121819,0.00000000000000000000000000000000000000000000000000000000000000000000000000652,0.0000000000000000000000000000000000000000000000000000000000000000000000000391,"***"
"European",1.2,"mixed","per_cM_all_log","Short ROH","Non-ROH",500,500,120772,0.00000000000000000000000000000000000000000000000000000000000000000000000237,0.0000000000000000000000000000000000000000000000000000000000000000000000118,"***"
"European",1.2,"mixed","per_cM_all_log","Medium ROH","Long ROH",500,500,110754,0.0000000000000000000000000000000000000000000000000384,0.0000000000000000000000000000000000000000000000000768,"***"
"European",1.2,"mixed","per_cM_all_log","Medium ROH","Non-ROH",500,500,40344,0.00000000000546,0.00000000000546,"***"
"European",1.2,"mixed","per_cM_all_log","Long ROH","Non-ROH",500,500,8788,0.0000000000000000000000000000000000000000000000000000000000000275,0.00000000000000000000000000000000000000000000000000000000000011,"***"
"European",1.3,"recessive","per_cM_all_log","Short ROH","Medium ROH",500,500,73082,0.001,0.001,"***"
"European",1.3,"recessive","per_cM_all_log","Short ROH","Long ROH",500,500,92624,0.0000000000000000000168,0.0000000000000000000504,"***"
"European",1.3,"recessive","per_cM_all_log","Short ROH","Non-ROH",500,500,125250,0.0000000000000000000000000000000000000000000000000000000000000000000000000000000000127,0.0000000000000000000000000000000000000000000000000000000000000000000000000000000000762,"***"
"European",1.3,"recessive","per_cM_all_log","Medium ROH","Long ROH",500,500,86540,0.000000000000138,0.000000000000276,"***"
"European",1.3,"recessive","per_cM_all_log","Medium ROH","Non-ROH",500,500,125250,0.0000000000000000000000000000000000000000000000000000000000000000000000000000000000127,0.0000000000000000000000000000000000000000000000000000000000000000000000000000000000762,"***"
"European",1.3,"recessive","per_cM_all_log","Long ROH","Non-ROH",500,500,115844,0.000000000000000000000000000000000000000000000000000000000000661,0.00000000000000000000000000000000000000000000000000000000000264,"***"
"European",1.3,"additive","per_cM_all_log","Short ROH","Medium ROH",500,500,113913,0.0000000000000000000000000000000000000000000000000000000107,0.0000000000000000000000000000000000000000000000000000000428,"***"
"European",1.3,"additive","per_cM_all_log","Short ROH","Long ROH",500,500,122250,0.000000000000000000000000000000000000000000000000000000000000000000000000000558,0.00000000000000000000000000000000000000000000000000000000000000000000000000335,"***"
"European",1.3,"additive","per_cM_all_log","Short ROH","Non-ROH",500,500,113896,0.0000000000000000000000000000000000000000000000000000000117,0.0000000000000000000000000000000000000000000000000000000428,"***"
"European",1.3,"additive","per_cM_all_log","Medium ROH","Long ROH",500,500,113023,0.000000000000000000000000000000000000000000000000000000829,0.00000000000000000000000000000000000000000000000000000166,"***"
"European",1.3,"additive","per_cM_all_log","Medium ROH","Non-ROH",500,500,26997,0.000000000000000000000000000299,0.000000000000000000000000000299,"***"
"European",1.3,"additive","per_cM_all_log","Long ROH","Non-ROH",500,500,5643,0.00000000000000000000000000000000000000000000000000000000000000000000149,0.00000000000000000000000000000000000000000000000000000000000000000000745,"***"
"European",1.3,"dominant","per_cM_all_log","Short ROH","Medium ROH",500,500,114509,0.000000000000000000000000000000000000000000000000000000000559,0.00000000000000000000000000000000000000000000000000000000168,"***"
"European",1.3,"dominant","per_cM_all_log","Short ROH","Long ROH",500,500,124725,0.000000000000000000000000000000000000000000000000000000000000000000000000000000000294,0.00000000000000000000000000000000000000000000000000000000000000000000000000000000176,"***"
"European",1.3,"dominant","per_cM_all_log","Short ROH","Non-ROH",500,500,97995,0.000000000000000000000000000722,0.000000000000000000000000000722,"***"
"European",1.3,"dominant","per_cM_all_log","Medium ROH","Long ROH",500,500,115276,0.0000000000000000000000000000000000000000000000000000000000119,0.0000000000000000000000000000000000000000000000000000000000476,"***"
"European",1.3,"dominant","per_cM_all_log","Medium ROH","Non-ROH",500,500,17880,0.000000000000000000000000000000000000000000141,0.000000000000000000000000000000000000000000282,"***"
"European",1.3,"dominant","per_cM_all_log","Long ROH","Non-ROH",500,500,1448,0.0000000000000000000000000000000000000000000000000000000000000000000000000000000691,0.000000000000000000000000000000000000000000000000000000000000000000000000000000346,"***"
"European",1.3,"mixed","per_cM_all_log","Short ROH","Medium ROH",500,500,112606,0.00000000000000000000000000000000000000000000000000000619,0.0000000000000000000000000000000000000000000000000000186,"***"
"European",1.3,"mixed","per_cM_all_log","Short ROH","Long ROH",500,500,122049,0.00000000000000000000000000000000000000000000000000000000000000000000000000176,0.0000000000000000000000000000000000000000000000000000000000000000000000000106,"***"
"European",1.3,"mixed","per_cM_all_log","Short ROH","Non-ROH",500,500,115688,0.00000000000000000000000000000000000000000000000000000000000146,0.00000000000000000000000000000000000000000000000000000000000584,"***"
"European",1.3,"mixed","per_cM_all_log","Medium ROH","Long ROH",500,500,111536,0.000000000000000000000000000000000000000000000000001,0.000000000000000000000000000000000000000000000000002,"***"
"European",1.3,"mixed","per_cM_all_log","Medium ROH","Non-ROH",500,500,35860,0.000000000000000123,0.000000000000000123,"***"
"European",1.3,"mixed","per_cM_all_log","Long ROH","Non-ROH",500,500,7389,0.0000000000000000000000000000000000000000000000000000000000000000181,0.0000000000000000000000000000000000000000000000000000000000000000905,"***"
"East Asian",0.7,"recessive","per_cM_all_log","Short ROH","Medium ROH",500,500,123213,0.00000000000000000000000000000000000000000000000000000000000000000000000000000216,0.00000000000000000000000000000000000000000000000000000000000000000000000000000864,"***"
"East Asian",0.7,"recessive","per_cM_all_log","Short ROH","Long ROH",500,500,116791,0.000000000000000000000000000000000000000000000000000000000000005,0.000000000000000000000000000000000000000000000000000000000000015,"***"
"East Asian",0.7,"recessive","per_cM_all_log","Short ROH","Non-ROH",500,500,125250,0.0000000000000000000000000000000000000000000000000000000000000000000000000000000000127,0.0000000000000000000000000000000000000000000000000000000000000000000000000000000000762,"***"
"East Asian",0.7,"recessive","per_cM_all_log","Medium ROH","Long ROH",500,500,98099,0.000000000000000000000000000506,0.00000000000000000000000000101,"***"
"East Asian",0.7,"recessive","per_cM_all_log","Medium ROH","Non-ROH",500,500,125250,0.0000000000000000000000000000000000000000000000000000000000000000000000000000000000127,0.0000000000000000000000000000000000000000000000000000000000000000000000000000000000762,"***"
"East Asian",0.7,"recessive","per_cM_all_log","Long ROH","Non-ROH",500,500,96511,0.000000000000000000000000103,0.000000000000000000000000103,"***"
"East Asian",0.7,"additive","per_cM_all_log","Short ROH","Medium ROH",500,500,125118,0.000000000000000000000000000000000000000000000000000000000000000000000000000000000028,0.00000000000000000000000000000000000000000000000000000000000000000000000000000000014,"***"
"East Asian",0.7,"additive","per_cM_all_log","Short ROH","Long ROH",500,500,125008,0.0000000000000000000000000000000000000000000000000000000000000000000000000000000000542,0.000000000000000000000000000000000000000000000000000000000000000000000000000000000217,"***"
"East Asian",0.7,"additive","per_cM_all_log","Short ROH","Non-ROH",500,500,125250,0.0000000000000000000000000000000000000000000000000000000000000000000000000000000000127,0.0000000000000000000000000000000000000000000000000000000000000000000000000000000000762,"***"
"East Asian",0.7,"additive","per_cM_all_log","Medium ROH","Long ROH",500,500,117333,0.000000000000000000000000000000000000000000000000000000000000000294,0.000000000000000000000000000000000000000000000000000000000000000588,"***"
"East Asian",0.7,"additive","per_cM_all_log","Medium ROH","Non-ROH",500,500,42270,0.000000000303,0.000000000303,"***"
"East Asian",0.7,"additive","per_cM_all_log","Long ROH","Non-ROH",500,500,5436,0.000000000000000000000000000000000000000000000000000000000000000000000478,0.00000000000000000000000000000000000000000000000000000000000000000000143,"***"
"East Asian",0.7,"dominant","per_cM_all_log","Short ROH","Medium ROH",500,500,124771,0.000000000000000000000000000000000000000000000000000000000000000000000000000000000223,0.00000000000000000000000000000000000000000000000000000000000000000000000000000000111,"***"
"East Asian",0.7,"dominant","per_cM_all_log","Short ROH","Long ROH",500,500,123905,0.0000000000000000000000000000000000000000000000000000000000000000000000000000000377,0.000000000000000000000000000000000000000000000000000000000000000000000000000000151,"***"
"East Asian",0.7,"dominant","per_cM_all_log","Short ROH","Non-ROH",500,500,125097,0.0000000000000000000000000000000000000000000000000000000000000000000000000000000000318,0.000000000000000000000000000000000000000000000000000000000000000000000000000000000191,"***"
"East Asian",0.7,"dominant","per_cM_all_log","Medium ROH","Long ROH",500,500,114585,0.000000000000000000000000000000000000000000000000000000000382,0.000000000000000000000000000000000000000000000000000000000764,"***"
"East Asian",0.7,"dominant","per_cM_all_log","Medium ROH","Non-ROH",500,500,18440,0.00000000000000000000000000000000000000000154,0.00000000000000000000000000000000000000000154,"***"
"East Asian",0.7,"dominant","per_cM_all_log","Long ROH","Non-ROH",500,500,5256,0.000000000000000000000000000000000000000000000000000000000000000000000177,0.000000000000000000000000000000000000000000000000000000000000000000000531,"***"
"East Asian",0.7,"mixed","per_cM_all_log","Short ROH","Medium ROH",500,500,125016,0.0000000000000000000000000000000000000000000000000000000000000000000000000000000000516,0.000000000000000000000000000000000000000000000000000000000000000000000000000000000258,"***"
"East Asian",0.7,"mixed","per_cM_all_log","Short ROH","Long ROH",500,500,123774,0.0000000000000000000000000000000000000000000000000000000000000000000000000000000814,0.000000000000000000000000000000000000000000000000000000000000000000000000000000326,"***"
"East Asian",0.7,"mixed","per_cM_all_log","Short ROH","Non-ROH",500,500,125250,0.0000000000000000000000000000000000000000000000000000000000000000000000000000000000127,0.0000000000000000000000000000000000000000000000000000000000000000000000000000000000762,"***"
"East Asian",0.7,"mixed","per_cM_all_log","Medium ROH","Long ROH",500,500,110866,0.0000000000000000000000000000000000000000000000000229,0.0000000000000000000000000000000000000000000000000687,"***"
"East Asian",0.7,"mixed","per_cM_all_log","Medium ROH","Non-ROH",500,500,66479,0.233,0.233,"ns"
"East Asian",0.7,"mixed","per_cM_all_log","Long ROH","Non-ROH",500,500,14700,0.0000000000000000000000000000000000000000000000000986,0.000000000000000000000000000000000000000000000000197,"***"
"East Asian",0.8,"recessive","per_cM_all_log","Short ROH","Medium ROH",500,500,119375,0.00000000000000000000000000000000000000000000000000000000000000000000527,0.0000000000000000000000000000000000000000000000000000000000000000000211,"***"
"East Asian",0.8,"recessive","per_cM_all_log","Short ROH","Long ROH",500,500,112418,0.0000000000000000000000000000000000000000000000000000153,0.0000000000000000000000000000000000000000000000000000459,"***"
"East Asian",0.8,"recessive","per_cM_all_log","Short ROH","Non-ROH",500,500,125250,0.0000000000000000000000000000000000000000000000000000000000000000000000000000000000127,0.0000000000000000000000000000000000000000000000000000000000000000000000000000000000762,"***"
"East Asian",0.8,"recessive","per_cM_all_log","Medium ROH","Long ROH",500,500,95569,0.00000000000000000000000216,0.00000000000000000000000216,"***"
"East Asian",0.8,"recessive","per_cM_all_log","Medium ROH","Non-ROH",500,500,125250,0.0000000000000000000000000000000000000000000000000000000000000000000000000000000000127,0.0000000000000000000000000000000000000000000000000000000000000000000000000000000000762,"***"
"East Asian",0.8,"recessive","per_cM_all_log","Long ROH","Non-ROH",500,500,100266,0.000000000000000000000000000000243,0.000000000000000000000000000000486,"***"
"East Asian",0.8,"additive","per_cM_all_log","Short ROH","Medium ROH",500,500,124927,0.0000000000000000000000000000000000000000000000000000000000000000000000000000000000879,0.00000000000000000000000000000000000000000000000000000000000000000000000000000000044,"***"
"East Asian",0.8,"additive","per_cM_all_log","Short ROH","Long ROH",500,500,124607,0.000000000000000000000000000000000000000000000000000000000000000000000000000000000593,0.00000000000000000000000000000000000000000000000000000000000000000000000000000000237,"***"
"East Asian",0.8,"additive","per_cM_all_log","Short ROH","Non-ROH",500,500,125250,0.0000000000000000000000000000000000000000000000000000000000000000000000000000000000127,0.0000000000000000000000000000000000000000000000000000000000000000000000000000000000762,"***"
"East Asian",0.8,"additive","per_cM_all_log","Medium ROH","Long ROH",500,500,116282,0.0000000000000000000000000000000000000000000000000000000000000697,0.000000000000000000000000000000000000000000000000000000000000139,"***"
"East Asian",0.8,"additive","per_cM_all_log","Medium ROH","Non-ROH",500,500,41944,0.000000000157,0.000000000157,"***"
"East Asian",0.8,"additive","per_cM_all_log","Long ROH","Non-ROH",500,500,6288,0.0000000000000000000000000000000000000000000000000000000000000000000496,0.000000000000000000000000000000000000000000000000000000000000000000149,"***"
"East Asian",0.8,"dominant","per_cM_all_log","Short ROH","Medium ROH",500,500,123082,0.00000000000000000000000000000000000000000000000000000000000000000000000000000462,0.0000000000000000000000000000000000000000000000000000000000000000000000000000185,"***"
"East Asian",0.8,"dominant","per_cM_all_log","Short ROH","Long ROH",500,500,123513,0.000000000000000000000000000000000000000000000000000000000000000000000000000000375,0.00000000000000000000000000000000000000000000000000000000000000000000000000000188,"***"
"East Asian",0.8,"dominant","per_cM_all_log","Short ROH","Non-ROH",500,500,124655,0.000000000000000000000000000000000000000000000000000000000000000000000000000000000446,0.00000000000000000000000000000000000000000000000000000000000000000000000000000000268,"***"
"East Asian",0.8,"dominant","per_cM_all_log","Medium ROH","Long ROH",500,500,114914,0.0000000000000000000000000000000000000000000000000000000000736,0.000000000000000000000000000000000000000000000000000000000147,"***"
"East Asian",0.8,"dominant","per_cM_all_log","Medium ROH","Non-ROH",500,500,23947,0.00000000000000000000000000000000537,0.00000000000000000000000000000000537,"***"
"East Asian",0.8,"dominant","per_cM_all_log","Long ROH","Non-ROH",500,500,5389,0.000000000000000000000000000000000000000000000000000000000000000000000369,0.00000000000000000000000000000000000000000000000000000000000000000000111,"***"
"East Asian",0.8,"mixed","per_cM_all_log","Short ROH","Medium ROH",500,500,124526,0.00000000000000000000000000000000000000000000000000000000000000000000000000000000096,0.0000000000000000000000000000000000000000000000000000000000000000000000000000000048,"***"
"East Asian",0.8,"mixed","per_cM_all_log","Short ROH","Long ROH",500,500,122908,0.0000000000000000000000000000000000000000000000000000000000000000000000000000127,0.0000000000000000000000000000000000000000000000000000000000000000000000000000508,"***"
"East Asian",0.8,"mixed","per_cM_all_log","Short ROH","Non-ROH",500,500,125250,0.0000000000000000000000000000000000000000000000000000000000000000000000000000000000127,0.0000000000000000000000000000000000000000000000000000000000000000000000000000000000762,"***"
"East Asian",0.8,"mixed","per_cM_all_log","Medium ROH","Long ROH",500,500,109629,0.00000000000000000000000000000000000000000000000659,0.0000000000000000000000000000000000000000000000132,"***"
"East Asian",0.8,"mixed","per_cM_all_log","Medium ROH","Non-ROH",500,500,63182,0.863,0.863,"ns"
"East Asian",0.8,"mixed","per_cM_all_log","Long ROH","Non-ROH",500,500,15335,0.0000000000000000000000000000000000000000000000018,0.0000000000000000000000000000000000000000000000054,"***"
"East Asian",0.9,"recessive","per_cM_all_log","Short ROH","Medium ROH",500,500,112311,0.0000000000000000000000000000000000000000000000000000254,0.000000000000000000000000000000000000000000000000000102,"***"
"East Asian",0.9,"recessive","per_cM_all_log","Short ROH","Long ROH",500,500,108343,0.00000000000000000000000000000000000000000000204,0.00000000000000000000000000000000000000000000612,"***"
"East Asian",0.9,"recessive","per_cM_all_log","Short ROH","Non-ROH",500,500,125250,0.0000000000000000000000000000000000000000000000000000000000000000000000000000000000127,0.0000000000000000000000000000000000000000000000000000000000000000000000000000000000762,"***"
"East Asian",0.9,"recessive","per_cM_all_log","Medium ROH","Long ROH",500,500,94074,0.000000000000000000000226,0.000000000000000000000226,"***"
"East Asian",0.9,"recessive","per_cM_all_log","Medium ROH","Non-ROH",500,500,125250,0.0000000000000000000000000000000000000000000000000000000000000000000000000000000000127,0.0000000000000000000000000000000000000000000000000000000000000000000000000000000000762,"***"
"East Asian",0.9,"recessive","per_cM_all_log","Long ROH","Non-ROH",500,500,102700,0.0000000000000000000000000000000000268,0.0000000000000000000000000000000000536,"***"
"East Asian",0.9,"additive","per_cM_all_log","Short ROH","Medium ROH",500,500,123723,0.00000000000000000000000000000000000000000000000000000000000000000000000000000011,0.00000000000000000000000000000000000000000000000000000000000000000000000000000044,"***"
"East Asian",0.9,"additive","per_cM_all_log","Short ROH","Long ROH",500,500,124185,0.00000000000000000000000000000000000000000000000000000000000000000000000000000000724,0.0000000000000000000000000000000000000000000000000000000000000000000000000000000362,"***"
"East Asian",0.9,"additive","per_cM_all_log","Short ROH","Non-ROH",500,500,125207,0.0000000000000000000000000000000000000000000000000000000000000000000000000000000000164,0.0000000000000000000000000000000000000000000000000000000000000000000000000000000000984,"***"
"East Asian",0.9,"additive","per_cM_all_log","Medium ROH","Long ROH",500,500,115812,0.000000000000000000000000000000000000000000000000000000000000778,0.00000000000000000000000000000000000000000000000000000000000156,"***"
"East Asian",0.9,"additive","per_cM_all_log","Medium ROH","Non-ROH",500,500,40752,0.0000000000132,0.0000000000132,"***"
"East Asian",0.9,"additive","per_cM_all_log","Long ROH","Non-ROH",500,500,6494,0.000000000000000000000000000000000000000000000000000000000000000000151,0.000000000000000000000000000000000000000000000000000000000000000000453,"***"
"East Asian",0.9,"dominant","per_cM_all_log","Short ROH","Medium ROH",500,500,119882,0.000000000000000000000000000000000000000000000000000000000000000000000329,0.000000000000000000000000000000000000000000000000000000000000000000000987,"***"
"East Asian",0.9,"dominant","per_cM_all_log","Short ROH","Long ROH",500,500,123306,0.00000000000000000000000000000000000000000000000000000000000000000000000000000126,0.00000000000000000000000000000000000000000000000000000000000000000000000000000756,"***"
"East Asian",0.9,"dominant","per_cM_all_log","Short ROH","Non-ROH",500,500,123295,0.00000000000000000000000000000000000000000000000000000000000000000000000000000134,0.00000000000000000000000000000000000000000000000000000000000000000000000000000756,"***"
"East Asian",0.9,"dominant","per_cM_all_log","Medium ROH","Long ROH",500,500,115468,0.00000000000000000000000000000000000000000000000000000000000449,0.00000000000000000000000000000000000000000000000000000000000898,"***"
"East Asian",0.9,"dominant","per_cM_all_log","Medium ROH","Non-ROH",500,500,27447,0.00000000000000000000000000139,0.00000000000000000000000000139,"***"
"East Asian",0.9,"dominant","per_cM_all_log","Long ROH","Non-ROH",500,500,5072,0.0000000000000000000000000000000000000000000000000000000000000000000000643,0.000000000000000000000000000000000000000000000000000000000000000000000257,"***"
"East Asian",0.9,"mixed","per_cM_all_log","Short ROH","Medium ROH",500,500,123043,0.00000000000000000000000000000000000000000000000000000000000000000000000000000579,0.000000000000000000000000000000000000000000000000000000000000000000000000000029,"***"
"East Asian",0.9,"mixed","per_cM_all_log","Short ROH","Long ROH",500,500,122152,0.000000000000000000000000000000000000000000000000000000000000000000000000000978,0.00000000000000000000000000000000000000000000000000000000000000000000000000391,"***"
"East Asian",0.9,"mixed","per_cM_all_log","Short ROH","Non-ROH",500,500,125250,0.0000000000000000000000000000000000000000000000000000000000000000000000000000000000127,0.0000000000000000000000000000000000000000000000000000000000000000000000000000000000762,"***"
"East Asian",0.9,"mixed","per_cM_all_log","Medium ROH","Long ROH",500,500,109093,0.0000000000000000000000000000000000000000000000733,0.000000000000000000000000000000000000000000000147,"***"
"East Asian",0.9,"mixed","per_cM_all_log","Medium ROH","Non-ROH",500,500,58231,0.174,0.174,"ns"
"East Asian",0.9,"mixed","per_cM_all_log","Long ROH","Non-ROH",500,500,14839,0.000000000000000000000000000000000000000000000000187,0.000000000000000000000000000000000000000000000000561,"***"
"East Asian",1,"recessive","per_cM_all_log","Short ROH","Medium ROH",500,500,103507,0.00000000000000000000000000000000000115,0.0000000000000000000000000000000000023,"***"
"East Asian",1,"recessive","per_cM_all_log","Short ROH","Long ROH",500,500,105095,0.00000000000000000000000000000000000000197,0.00000000000000000000000000000000000000788,"***"
"East Asian",1,"recessive","per_cM_all_log","Short ROH","Non-ROH",500,500,125250,0.0000000000000000000000000000000000000000000000000000000000000000000000000000000000127,0.0000000000000000000000000000000000000000000000000000000000000000000000000000000000762,"***"
"East Asian",1,"recessive","per_cM_all_log","Medium ROH","Long ROH",500,500,93565,0.00000000000000000000105,0.00000000000000000000105,"***"
"East Asian",1,"recessive","per_cM_all_log","Medium ROH","Non-ROH",500,500,125250,0.0000000000000000000000000000000000000000000000000000000000000000000000000000000000127,0.0000000000000000000000000000000000000000000000000000000000000000000000000000000000762,"***"
"East Asian",1,"recessive","per_cM_all_log","Long ROH","Non-ROH",500,500,104171,0.0000000000000000000000000000000000000826,0.000000000000000000000000000000000000248,"***"
"East Asian",1,"additive","per_cM_all_log","Short ROH","Medium ROH",500,500,121329,0.000000000000000000000000000000000000000000000000000000000000000000000000104,0.000000000000000000000000000000000000000000000000000000000000000000000000416,"***"
"East Asian",1,"additive","per_cM_all_log","Short ROH","Long ROH",500,500,123877,0.0000000000000000000000000000000000000000000000000000000000000000000000000000000444,0.000000000000000000000000000000000000000000000000000000000000000000000000000000222,"***"
"East Asian",1,"additive","per_cM_all_log","Short ROH","Non-ROH",500,500,124792,0.000000000000000000000000000000000000000000000000000000000000000000000000000000000197,0.00000000000000000000000000000000000000000000000000000000000000000000000000000000118,"***"
"East Asian",1,"additive","per_cM_all_log","Medium ROH","Long ROH",500,500,115779,0.000000000000000000000000000000000000000000000000000000000000921,0.00000000000000000000000000000000000000000000000000000000000184,"***"
"East Asian",1,"additive","per_cM_all_log","Medium ROH","Non-ROH",500,500,38839,0.000000000000186,0.000000000000186,"***"
"East Asian",1,"additive","per_cM_all_log","Long ROH","Non-ROH",500,500,6163,0.0000000000000000000000000000000000000000000000000000000000000000000252,0.0000000000000000000000000000000000000000000000000000000000000000000756,"***"
"East Asian",1,"dominant","per_cM_all_log","Short ROH","Medium ROH",500,500,116390,0.0000000000000000000000000000000000000000000000000000000000000399,0.00000000000000000000000000000000000000000000000000000000000012,"***"
"East Asian",1,"dominant","per_cM_all_log","Short ROH","Long ROH",500,500,123265,0.00000000000000000000000000000000000000000000000000000000000000000000000000000159,0.00000000000000000000000000000000000000000000000000000000000000000000000000000954,"***"
"East Asian",1,"dominant","per_cM_all_log","Short ROH","Non-ROH",500,500,119579,0.00000000000000000000000000000000000000000000000000000000000000000000173,0.00000000000000000000000000000000000000000000000000000000000000000000692,"***"
"East Asian",1,"dominant","per_cM_all_log","Medium ROH","Long ROH",500,500,116080,0.000000000000000000000000000000000000000000000000000000000000197,0.000000000000000000000000000000000000000000000000000000000000394,"***"
"East Asian",1,"dominant","per_cM_all_log","Medium ROH","Non-ROH",500,500,28873,0.00000000000000000000000016,0.00000000000000000000000016,"***"
"East Asian",1,"dominant","per_cM_all_log","Long ROH","Non-ROH",500,500,4526,0.0000000000000000000000000000000000000000000000000000000000000000000000031,0.0000000000000000000000000000000000000000000000000000000000000000000000155,"***"
"East Asian",1,"mixed","per_cM_all_log","Short ROH","Medium ROH",500,500,120628,0.0000000000000000000000000000000000000000000000000000000000000000000000053,0.0000000000000000000000000000000000000000000000000000000000000000000000212,"***"
"East Asian",1,"mixed","per_cM_all_log","Short ROH","Long ROH",500,500,121702,0.0000000000000000000000000000000000000000000000000000000000000000000000000127,0.0000000000000000000000000000000000000000000000000000000000000000000000000635,"***"
"East Asian",1,"mixed","per_cM_all_log","Short ROH","Non-ROH",500,500,125225,0.0000000000000000000000000000000000000000000000000000000000000000000000000000000000147,0.0000000000000000000000000000000000000000000000000000000000000000000000000000000000882,"***"
"East Asian",1,"mixed","per_cM_all_log","Medium ROH","Long ROH",500,500,109231,0.0000000000000000000000000000000000000000000000396,0.0000000000000000000000000000000000000000000000792,"***"
"East Asian",1,"mixed","per_cM_all_log","Medium ROH","Non-ROH",500,500,52503,0.002,0.002,"**"
"East Asian",1,"mixed","per_cM_all_log","Long ROH","Non-ROH",500,500,13537,0.000000000000000000000000000000000000000000000000000435,0.0000000000000000000000000000000000000000000000000013,"***"
"East Asian",1.1,"recessive","per_cM_all_log","Short ROH","Medium ROH",500,500,94536,0.0000000000000000000000549,0.00000000000000000000011,"***"
"East Asian",1.1,"recessive","per_cM_all_log","Short ROH","Long ROH",500,500,102599,0.0000000000000000000000000000000000395,0.000000000000000000000000000000000119,"***"
"East Asian",1.1,"recessive","per_cM_all_log","Short ROH","Non-ROH",500,500,125250,0.0000000000000000000000000000000000000000000000000000000000000000000000000000000000127,0.0000000000000000000000000000000000000000000000000000000000000000000000000000000000762,"***"
"East Asian",1.1,"recessive","per_cM_all_log","Medium ROH","Long ROH",500,500,93610,0.000000000000000000000917,0.000000000000000000000917,"***"
"East Asian",1.1,"recessive","per_cM_all_log","Medium ROH","Non-ROH",500,500,125250,0.0000000000000000000000000000000000000000000000000000000000000000000000000000000000127,0.0000000000000000000000000000000000000000000000000000000000000000000000000000000000762,"***"
"East Asian",1.1,"recessive","per_cM_all_log","Long ROH","Non-ROH",500,500,104954,0.0000000000000000000000000000000000000035,0.000000000000000000000000000000000000014,"***"
"East Asian",1.1,"additive","per_cM_all_log","Short ROH","Medium ROH",500,500,118242,0.00000000000000000000000000000000000000000000000000000000000000000238,0.00000000000000000000000000000000000000000000000000000000000000000714,"***"
"East Asian",1.1,"additive","per_cM_all_log","Short ROH","Long ROH",500,500,123721,0.000000000000000000000000000000000000000000000000000000000000000000000000000000111,0.000000000000000000000000000000000000000000000000000000000000000000000000000000666,"***"
"East Asian",1.1,"additive","per_cM_all_log","Short ROH","Non-ROH",500,500,123048,0.00000000000000000000000000000000000000000000000000000000000000000000000000000562,0.0000000000000000000000000000000000000000000000000000000000000000000000000000281,"***"
"East Asian",1.1,"additive","per_cM_all_log","Medium ROH","Long ROH",500,500,116124,0.000000000000000000000000000000000000000000000000000000000000157,0.000000000000000000000000000000000000000000000000000000000000314,"***"
"East Asian",1.1,"additive","per_cM_all_log","Medium ROH","Non-ROH",500,500,36286,0.000000000000000369,0.000000000000000369,"***"
"East Asian",1.1,"additive","per_cM_all_log","Long ROH","Non-ROH",500,500,5512,0.000000000000000000000000000000000000000000000000000000000000000000000725,0.0000000000000000000000000000000000000000000000000000000000000000000029,"***"
"East Asian",1.1,"dominant","per_cM_all_log","Short ROH","Medium ROH",500,500,113355,0.000000000000000000000000000000000000000000000000000000165,0.000000000000000000000000000000000000000000000000000000495,"***"
"East Asian",1.1,"dominant","per_cM_all_log","Short ROH","Long ROH",500,500,123336,0.00000000000000000000000000000000000000000000000000000000000000000000000000000105,0.0000000000000000000000000000000000000000000000000000000000000000000000000000063,"***"
"East Asian",1.1,"dominant","per_cM_all_log","Short ROH","Non-ROH",500,500,112861,0.00000000000000000000000000000000000000000000000000000181,0.00000000000000000000000000000000000000000000000000000362,"***"
"East Asian",1.1,"dominant","per_cM_all_log","Medium ROH","Long ROH",500,500,116698,0.0000000000000000000000000000000000000000000000000000000000000081,0.0000000000000000000000000000000000000000000000000000000000000324,"***"
"East Asian",1.1,"dominant","per_cM_all_log","Medium ROH","Non-ROH",500,500,28774,0.000000000000000000000000116,0.000000000000000000000000116,"***"
"East Asian",1.1,"dominant","per_cM_all_log","Long ROH","Non-ROH",500,500,3833,0.0000000000000000000000000000000000000000000000000000000000000000000000000635,0.000000000000000000000000000000000000000000000000000000000000000000000000317,"***"
"East Asian",1.1,"mixed","per_cM_all_log","Short ROH","Medium ROH",500,500,117875,0.0000000000000000000000000000000000000000000000000000000000000000168,0.0000000000000000000000000000000000000000000000000000000000000000672,"***"
"East Asian",1.1,"mixed","per_cM_all_log","Short ROH","Long ROH",500,500,121521,0.0000000000000000000000000000000000000000000000000000000000000000000000000353,0.000000000000000000000000000000000000000000000000000000000000000000000000176,"***"
"East Asian",1.1,"mixed","per_cM_all_log","Short ROH","Non-ROH",500,500,124800,0.000000000000000000000000000000000000000000000000000000000000000000000000000000000188,0.00000000000000000000000000000000000000000000000000000000000000000000000000000000113,"***"
"East Asian",1.1,"mixed","per_cM_all_log","Medium ROH","Long ROH",500,500,109769,0.0000000000000000000000000000000000000000000000035,0.000000000000000000000000000000000000000000000007,"***"
"East Asian",1.1,"mixed","per_cM_all_log","Medium ROH","Non-ROH",500,500,47183,0.00000178,0.00000178,"***"
"East Asian",1.1,"mixed","per_cM_all_log","Long ROH","Non-ROH",500,500,11779,0.0000000000000000000000000000000000000000000000000000000938,0.000000000000000000000000000000000000000000000000000000281,"***"
"East Asian",1.2,"recessive","per_cM_all_log","Short ROH","Medium ROH",500,500,86589,0.000000000000123,0.000000000000123,"***"
"East Asian",1.2,"recessive","per_cM_all_log","Short ROH","Long ROH",500,500,100934,0.0000000000000000000000000000000211,0.0000000000000000000000000000000633,"***"
"East Asian",1.2,"recessive","per_cM_all_log","Short ROH","Non-ROH",500,500,125250,0.0000000000000000000000000000000000000000000000000000000000000000000000000000000000127,0.0000000000000000000000000000000000000000000000000000000000000000000000000000000000762,"***"
"East Asian",1.2,"recessive","per_cM_all_log","Medium ROH","Long ROH",500,500,93933,0.000000000000000000000347,0.000000000000000000000694,"***"
"East Asian",1.2,"recessive","per_cM_all_log","Medium ROH","Non-ROH",500,500,125250,0.0000000000000000000000000000000000000000000000000000000000000000000000000000000000127,0.0000000000000000000000000000000000000000000000000000000000000000000000000000000000762,"***"
"East Asian",1.2,"recessive","per_cM_all_log","Long ROH","Non-ROH",500,500,105228,0.00000000000000000000000000000000000000114,0.00000000000000000000000000000000000000456,"***"
"East Asian",1.2,"additive","per_cM_all_log","Short ROH","Medium ROH",500,500,115440,0.00000000000000000000000000000000000000000000000000000000000517,0.0000000000000000000000000000000000000000000000000000000000103,"***"
"East Asian",1.2,"additive","per_cM_all_log","Short ROH","Long ROH",500,500,123679,0.000000000000000000000000000000000000000000000000000000000000000000000000000000142,0.000000000000000000000000000000000000000000000000000000000000000000000000000000852,"***"
"East Asian",1.2,"additive","per_cM_all_log","Short ROH","Non-ROH",500,500,119146,0.0000000000000000000000000000000000000000000000000000000000000000000183,0.0000000000000000000000000000000000000000000000000000000000000000000732,"***"
"East Asian",1.2,"additive","per_cM_all_log","Medium ROH","Long ROH",500,500,116597,0.0000000000000000000000000000000000000000000000000000000000000137,0.0000000000000000000000000000000000000000000000000000000000000411,"***"
"East Asian",1.2,"additive","per_cM_all_log","Medium ROH","Non-ROH",500,500,33790,0.000000000000000000464,0.000000000000000000464,"***"
"East Asian",1.2,"additive","per_cM_all_log","Long ROH","Non-ROH",500,500,4683,0.00000000000000000000000000000000000000000000000000000000000000000000000744,0.0000000000000000000000000000000000000000000000000000000000000000000000372,"***"
"East Asian",1.2,"dominant","per_cM_all_log","Short ROH","Medium ROH",500,500,111048,0.00000000000000000000000000000000000000000000000000982,0.0000000000000000000000000000000000000000000000000295,"***"
"East Asian",1.2,"dominant","per_cM_all_log","Short ROH","Long ROH",500,500,123454,0.00000000000000000000000000000000000000000000000000000000000000000000000000000053,0.00000000000000000000000000000000000000000000000000000000000000000000000000000318,"***"
"East Asian",1.2,"dominant","per_cM_all_log","Short ROH","Non-ROH",500,500,104806,0.00000000000000000000000000000000000000639,0.0000000000000000000000000000000000000128,"***"
"East Asian",1.2,"dominant","per_cM_all_log","Medium ROH","Long ROH",500,500,117303,0.000000000000000000000000000000000000000000000000000000000000000344,0.00000000000000000000000000000000000000000000000000000000000000138,"***"
"East Asian",1.2,"dominant","per_cM_all_log","Medium ROH","Non-ROH",500,500,27786,0.00000000000000000000000000437,0.00000000000000000000000000437,"***"
"East Asian",1.2,"dominant","per_cM_all_log","Long ROH","Non-ROH",500,500,3137,0.00000000000000000000000000000000000000000000000000000000000000000000000000122,0.0000000000000000000000000000000000000000000000000000000000000000000000000061,"***"
"East Asian",1.2,"mixed","per_cM_all_log","Short ROH","Medium ROH",500,500,115420,0.00000000000000000000000000000000000000000000000000000000000572,0.0000000000000000000000000000000000000000000000000000000000229,"***"
"East Asian",1.2,"mixed","per_cM_all_log","Short ROH","Long ROH",500,500,121605,0.000000000000000000000000000000000000000000000000000000000000000000000000022,0.00000000000000000000000000000000000000000000000000000000000000000000000011,"***"
"East Asian",1.2,"mixed","per_cM_all_log","Short ROH","Non-ROH",500,500,122825,0.0000000000000000000000000000000000000000000000000000000000000000000000000000205,0.000000000000000000000000000000000000000000000000000000000000000000000000000123,"***"
"East Asian",1.2,"mixed","per_cM_all_log","Medium ROH","Long ROH",500,500,110593,0.0000000000000000000000000000000000000000000000000808,0.000000000000000000000000000000000000000000000000162,"***"
"East Asian",1.2,"mixed","per_cM_all_log","Medium ROH","Non-ROH",500,500,42322,0.000000000336,0.000000000336,"***"
"East Asian",1.2,"mixed","per_cM_all_log","Long ROH","Non-ROH",500,500,9945,0.0000000000000000000000000000000000000000000000000000000000102,0.0000000000000000000000000000000000000000000000000000000000306,"***"
"East Asian",1.3,"recessive","per_cM_all_log","Short ROH","Medium ROH",500,500,80116,0.0000000626,0.0000000626,"***"
"East Asian",1.3,"recessive","per_cM_all_log","Short ROH","Long ROH",500,500,99848,0.0000000000000000000000000000011,0.0000000000000000000000000000033,"***"
"East Asian",1.3,"recessive","per_cM_all_log","Short ROH","Non-ROH",500,500,125250,0.0000000000000000000000000000000000000000000000000000000000000000000000000000000000127,0.0000000000000000000000000000000000000000000000000000000000000000000000000000000000762,"***"
"East Asian",1.3,"recessive","per_cM_all_log","Medium ROH","Long ROH",500,500,94532,0.0000000000000000000000556,0.000000000000000000000111,"***"
"East Asian",1.3,"recessive","per_cM_all_log","Medium ROH","Non-ROH",500,500,125250,0.0000000000000000000000000000000000000000000000000000000000000000000000000000000000127,0.0000000000000000000000000000000000000000000000000000000000000000000000000000000000762,"***"
"East Asian",1.3,"recessive","per_cM_all_log","Long ROH","Non-ROH",500,500,104962,0.00000000000000000000000000000000000000339,0.0000000000000000000000000000000000000136,"***"
"East Asian",1.3,"additive","per_cM_all_log","Short ROH","Medium ROH",500,500,113116,0.000000000000000000000000000000000000000000000000000000528,0.0000000000000000000000000000000000000000000000000000013,"***"
"East Asian",1.3,"additive","per_cM_all_log","Short ROH","Long ROH",500,500,123733,0.000000000000000000000000000000000000000000000000000000000000000000000000000000104,0.000000000000000000000000000000000000000000000000000000000000000000000000000000624,"***"
"East Asian",1.3,"additive","per_cM_all_log","Short ROH","Non-ROH",500,500,113156,0.000000000000000000000000000000000000000000000000000000435,0.0000000000000000000000000000000000000000000000000000013,"***"
"East Asian",1.3,"additive","per_cM_all_log","Medium ROH","Long ROH",500,500,117163,0.000000000000000000000000000000000000000000000000000000000000000717,0.00000000000000000000000000000000000000000000000000000000000000287,"***"
"East Asian",1.3,"additive","per_cM_all_log","Medium ROH","Non-ROH",500,500,31150,0.000000000000000000000209,0.000000000000000000000209,"***"
"East Asian",1.3,"additive","per_cM_all_log","Long ROH","Non-ROH",500,500,3894,0.0000000000000000000000000000000000000000000000000000000000000000000000000896,0.000000000000000000000000000000000000000000000000000000000000000000000000448,"***"
"East Asian",1.3,"dominant","per_cM_all_log","Short ROH","Medium ROH",500,500,109434,0.0000000000000000000000000000000000000000000000159,0.0000000000000000000000000000000000000000000000477,"***"
"East Asian",1.3,"dominant","per_cM_all_log","Short ROH","Long ROH",500,500,123654,0.000000000000000000000000000000000000000000000000000000000000000000000000000000164,0.000000000000000000000000000000000000000000000000000000000000000000000000000000984,"***"
"East Asian",1.3,"dominant","per_cM_all_log","Short ROH","Non-ROH",500,500,96511,0.000000000000000000000000103,0.000000000000000000000000103,"***"
"East Asian",1.3,"dominant","per_cM_all_log","Medium ROH","Long ROH",500,500,117869,0.0000000000000000000000000000000000000000000000000000000000000000173,0.0000000000000000000000000000000000000000000000000000000000000000692,"***"
"East Asian",1.3,"dominant","per_cM_all_log","Medium ROH","Non-ROH",500,500,26219,0.00000000000000000000000000002,0.00000000000000000000000000004,"***"
"East Asian",1.3,"dominant","per_cM_all_log","Long ROH","Non-ROH",500,500,2535,0.0000000000000000000000000000000000000000000000000000000000000000000000000000386,0.000000000000000000000000000000000000000000000000000000000000000000000000000193,"***"
"East Asian",1.3,"mixed","per_cM_all_log","Short ROH","Medium ROH",500,500,113344,0.000000000000000000000000000000000000000000000000000000174,0.000000000000000000000000000000000000000000000000000000522,"***"
"East Asian",1.3,"mixed","per_cM_all_log","Short ROH","Long ROH",500,500,121820,0.00000000000000000000000000000000000000000000000000000000000000000000000000648,0.0000000000000000000000000000000000000000000000000000000000000000000000000389,"***"
"East Asian",1.3,"mixed","per_cM_all_log","Short ROH","Non-ROH",500,500,118426,0.000000000000000000000000000000000000000000000000000000000000000000889,0.00000000000000000000000000000000000000000000000000000000000000000445,"***"
"East Asian",1.3,"mixed","per_cM_all_log","Medium ROH","Long ROH",500,500,111414,0.00000000000000000000000000000000000000000000000000178,0.00000000000000000000000000000000000000000000000000356,"***"
"East Asian",1.3,"mixed","per_cM_all_log","Medium ROH","Non-ROH",500,500,38063,0.0000000000000299,0.0000000000000299,"***"
"East Asian",1.3,"mixed","per_cM_all_log","Long ROH","Non-ROH",500,500,8154,0.00000000000000000000000000000000000000000000000000000000000000102,0.00000000000000000000000000000000000000000000000000000000000000408,"***"
