"pop","tau","hXX",".y.","group1","group2","n1","n2","statistic","p","p.adj","p.adj.signif"
"African",0.7,"recessive","per_cM_all_log","Short ROH","Medium ROH",500,500,56558,0.06,0.086,"ns"
"African",0.7,"recessive","per_cM_all_log","Short ROH","Long ROH",500,500,52603,0.002,0.006,"**"
"African",0.7,"recessive","per_cM_all_log","Short ROH","Non-ROH",500,500,125250,0.0000000000000000000000000000000000000000000000000000000000000000000000000000000000127,0.0000000000000000000000000000000000000000000000000000000000000000000000000000000000762,"***"
"African",0.7,"recessive","per_cM_all_log","Medium ROH","Long ROH",500,500,56079,0.043,0.086,"ns"
"African",0.7,"recessive","per_cM_all_log","Medium ROH","Non-ROH",500,500,125250,0.0000000000000000000000000000000000000000000000000000000000000000000000000000000000127,0.0000000000000000000000000000000000000000000000000000000000000000000000000000000000762,"***"
"African",0.7,"recessive","per_cM_all_log","Long ROH","Non-ROH",500,500,125250,0.0000000000000000000000000000000000000000000000000000000000000000000000000000000000127,0.0000000000000000000000000000000000000000000000000000000000000000000000000000000000762,"***"
"African",0.7,"additive","per_cM_all_log","Short ROH","Medium ROH",500,500,125200,0.0000000000000000000000000000000000000000000000000000000000000000000000000000000000171,0.0000000000000000000000000000000000000000000000000000000000000000000000000000000000855,"***"
"African",0.7,"additive","per_cM_all_log","Short ROH","Long ROH",500,500,125120,0.0000000000000000000000000000000000000000000000000000000000000000000000000000000000277,0.000000000000000000000000000000000000000000000000000000000000000000000000000000000111,"***"
"African",0.7,"additive","per_cM_all_log","Short ROH","Non-ROH",500,500,125250,0.0000000000000000000000000000000000000000000000000000000000000000000000000000000000127,0.0000000000000000000000000000000000000000000000000000000000000000000000000000000000762,"***"
"African",0.7,"additive","per_cM_all_log","Medium ROH","Long ROH",500,500,102908,0.000000000000000000000000000000000012,0.000000000000000000000000000000000024,"***"
"African",0.7,"additive","per_cM_all_log","Medium ROH","Non-ROH",500,500,64698,0.521,0.521,"ns"
"African",0.7,"additive","per_cM_all_log","Long ROH","Non-ROH",500,500,19368,0.0000000000000000000000000000000000000000766,0.00000000000000000000000000000000000000023,"***"
"African",0.7,"dominant","per_cM_all_log","Short ROH","Medium ROH",500,500,125133,0.0000000000000000000000000000000000000000000000000000000000000000000000000000000000256,0.000000000000000000000000000000000000000000000000000000000000000000000000000000000128,"***"
"African",0.7,"dominant","per_cM_all_log","Short ROH","Long ROH",500,500,124992,0.0000000000000000000000000000000000000000000000000000000000000000000000000000000000596,0.000000000000000000000000000000000000000000000000000000000000000000000000000000000238,"***"
"African",0.7,"dominant","per_cM_all_log","Short ROH","Non-ROH",500,500,125250,0.0000000000000000000000000000000000000000000000000000000000000000000000000000000000127,0.0000000000000000000000000000000000000000000000000000000000000000000000000000000000762,"***"
"African",0.7,"dominant","per_cM_all_log","Medium ROH","Long ROH",500,500,108099,0.00000000000000000000000000000000000000000000594,0.0000000000000000000000000000000000000000000119,"***"
"African",0.7,"dominant","per_cM_all_log","Medium ROH","Non-ROH",500,500,21288,0.00000000000000000000000000000000000019,0.00000000000000000000000000000000000019,"***"
"African",0.7,"dominant","per_cM_all_log","Long ROH","Non-ROH",500,500,4970,0.0000000000000000000000000000000000000000000000000000000000000000000000366,0.00000000000000000000000000000000000000000000000000000000000000000000011,"***"
"African",0.7,"mixed","per_cM_all_log","Short ROH","Medium ROH",500,500,124959,0.0000000000000000000000000000000000000000000000000000000000000000000000000000000000726,0.000000000000000000000000000000000000000000000000000000000000000000000000000000000363,"***"
"African",0.7,"mixed","per_cM_all_log","Short ROH","Long ROH",500,500,124192,0.00000000000000000000000000000000000000000000000000000000000000000000000000000000694,0.0000000000000000000000000000000000000000000000000000000000000000000000000000000278,"***"
"African",0.7,"mixed","per_cM_all_log","Short ROH","Non-ROH",500,500,125250,0.0000000000000000000000000000000000000000000000000000000000000000000000000000000000127,0.0000000000000000000000000000000000000000000000000000000000000000000000000000000000762,"***"
"African",0.7,"mixed","per_cM_all_log","Medium ROH","Long ROH",500,500,92586,0.0000000000000000000188,0.0000000000000000000376,"***"
"African",0.7,"mixed","per_cM_all_log","Medium ROH","Non-ROH",500,500,106112,0.0000000000000000000000000000000000000000293,0.0000000000000000000000000000000000000000879,"***"
"African",0.7,"mixed","per_cM_all_log","Long ROH","Non-ROH",500,500,55493,0.027,0.027,"*"
"African",0.8,"recessive","per_cM_all_log","Short ROH","Medium ROH",500,500,29529,0.00000000000000000000000133,0.00000000000000000000000399,"***"
"African",0.8,"recessive","per_cM_all_log","Short ROH","Long ROH",500,500,32056,0.00000000000000000000317,0.00000000000000000000634,"***"
"African",0.8,"recessive","per_cM_all_log","Short ROH","Non-ROH",500,500,125250,0.0000000000000000000000000000000000000000000000000000000000000000000000000000000000127,0.0000000000000000000000000000000000000000000000000000000000000000000000000000000000762,"***"
"African",0.8,"recessive","per_cM_all_log","Medium ROH","Long ROH",500,500,52773,0.002,0.002,"**"
"African",0.8,"recessive","per_cM_all_log","Medium ROH","Non-ROH",500,500,125250,0.0000000000000000000000000000000000000000000000000000000000000000000000000000000000127,0.0000000000000000000000000000000000000000000000000000000000000000000000000000000000762,"***"
"African",0.8,"recessive","per_cM_all_log","Long ROH","Non-ROH",500,500,125250,0.0000000000000000000000000000000000000000000000000000000000000000000000000000000000127,0.0000000000000000000000000000000000000000000000000000000000000000000000000000000000762,"***"
"African",0.8,"additive","per_cM_all_log","Short ROH","Medium ROH",500,500,124819,0.000000000000000000000000000000000000000000000000000000000000000000000000000000000168,0.00000000000000000000000000000000000000000000000000000000000000000000000000000000084,"***"
"African",0.8,"additive","per_cM_all_log","Short ROH","Long ROH",500,500,124582,0.000000000000000000000000000000000000000000000000000000000000000000000000000000000688,0.00000000000000000000000000000000000000000000000000000000000000000000000000000000275,"***"
"African",0.8,"additive","per_cM_all_log","Short ROH","Non-ROH",500,500,125250,0.0000000000000000000000000000000000000000000000000000000000000000000000000000000000127,0.0000000000000000000000000000000000000000000000000000000000000000000000000000000000762,"***"
"African",0.8,"additive","per_cM_all_log","Medium ROH","Long ROH",500,500,99389,0.00000000000000000000000000000565,0.0000000000000000000000000000113,"***"
"African",0.8,"additive","per_cM_all_log","Medium ROH","Non-ROH",500,500,53301,0.004,0.004,"**"
"African",0.8,"additive","per_cM_all_log","Long ROH","Non-ROH",500,500,19675,0.000000000000000000000000000000000000000274,0.000000000000000000000000000000000000000822,"***"
"African",0.8,"dominant","per_cM_all_log","Short ROH","Medium ROH",500,500,124349,0.00000000000000000000000000000000000000000000000000000000000000000000000000000000274,0.000000000000000000000000000000000000000000000000000000000000000000000000000000011,"***"
"African",0.8,"dominant","per_cM_all_log","Short ROH","Long ROH",500,500,124437,0.00000000000000000000000000000000000000000000000000000000000000000000000000000000163,0.00000000000000000000000000000000000000000000000000000000000000000000000000000000815,"***"
"African",0.8,"dominant","per_cM_all_log","Short ROH","Non-ROH",500,500,125250,0.0000000000000000000000000000000000000000000000000000000000000000000000000000000000127,0.0000000000000000000000000000000000000000000000000000000000000000000000000000000000762,"***"
"African",0.8,"dominant","per_cM_all_log","Medium ROH","Long ROH",500,500,105669,0.000000000000000000000000000000000000000185,0.00000000000000000000000000000000000000037,"***"
"African",0.8,"dominant","per_cM_all_log","Medium ROH","Non-ROH",500,500,24964,0.000000000000000000000000000000226,0.000000000000000000000000000000226,"***"
"African",0.8,"dominant","per_cM_all_log","Long ROH","Non-ROH",500,500,6495,0.000000000000000000000000000000000000000000000000000000000000000000152,0.000000000000000000000000000000000000000000000000000000000000000000456,"***"
"African",0.8,"mixed","per_cM_all_log","Short ROH","Medium ROH",500,500,123262,0.00000000000000000000000000000000000000000000000000000000000000000000000000000162,0.0000000000000000000000000000000000000000000000000000000000000000000000000000081,"***"
"African",0.8,"mixed","per_cM_all_log","Short ROH","Long ROH",500,500,121649,0.0000000000000000000000000000000000000000000000000000000000000000000000000171,0.0000000000000000000000000000000000000000000000000000000000000000000000000684,"***"
"African",0.8,"mixed","per_cM_all_log","Short ROH","Non-ROH",500,500,125250,0.0000000000000000000000000000000000000000000000000000000000000000000000000000000000127,0.0000000000000000000000000000000000000000000000000000000000000000000000000000000000762,"***"
"African",0.8,"mixed","per_cM_all_log","Medium ROH","Long ROH",500,500,88143,0.00000000000000292,0.00000000000000584,"***"
"African",0.8,"mixed","per_cM_all_log","Medium ROH","Non-ROH",500,500,99893,0.000000000000000000000000000000936,0.00000000000000000000000000000281,"***"
"African",0.8,"mixed","per_cM_all_log","Long ROH","Non-ROH",500,500,56451,0.056,0.056,"ns"
"African",0.9,"recessive","per_cM_all_log","Short ROH","Medium ROH",500,500,16841,0.00000000000000000000000000000000000000000000152,0.00000000000000000000000000000000000000000000456,"***"
"African",0.9,"recessive","per_cM_all_log","Short ROH","Long ROH",500,500,21584,0.000000000000000000000000000000000000615,0.00000000000000000000000000000000000123,"***"
"African",0.9,"recessive","per_cM_all_log","Short ROH","Non-ROH",500,500,125250,0.0000000000000000000000000000000000000000000000000000000000000000000000000000000000127,0.0000000000000000000000000000000000000000000000000000000000000000000000000000000000762,"***"
"African",0.9,"recessive","per_cM_all_log","Medium ROH","Long ROH",500,500,51273,0.000445,0.000445,"***"
"African",0.9,"recessive","per_cM_all_log","Medium ROH","Non-ROH",500,500,125250,0.0000000000000000000000000000000000000000000000000000000000000000000000000000000000127,0.0000000000000000000000000000000000000000000000000000000000000000000000000000000000762,"***"
"African",0.9,"recessive","per_cM_all_log","Long ROH","Non-ROH",500,500,125250,0.0000000000000000000000000000000000000000000000000000000000000000000000000000000000127,0.0000000000000000000000000000000000000000000000000000000000000000000000000000000000762,"***"
"African",0.9,"additive","per_cM_all_log","Short ROH","Medium ROH",500,500,123884,0.0000000000000000000000000000000000000000000000000000000000000000000000000000000427,0.000000000000000000000000000000000000000000000000000000000000000000000000000000214,"***"
"African",0.9,"additive","per_cM_all_log","Short ROH","Long ROH",500,500,123617,0.000000000000000000000000000000000000000000000000000000000000000000000000000000204,0.000000000000000000000000000000000000000000000000000000000000000000000000000000816,"***"
"African",0.9,"additive","per_cM_all_log","Short ROH","Non-ROH",500,500,125250,0.0000000000000000000000000000000000000000000000000000000000000000000000000000000000127,0.0000000000000000000000000000000000000000000000000000000000000000000000000000000000762,"***"
"African",0.9,"additive","per_cM_all_log","Medium ROH","Long ROH",500,500,97015,0.0000000000000000000000000196,0.0000000000000000000000000392,"***"
"African",0.9,"additive","per_cM_all_log","Medium ROH","Non-ROH",500,500,44062,0.00000000931,0.00000000931,"***"
"African",0.9,"additive","per_cM_all_log","Long ROH","Non-ROH",500,500,18903,0.0000000000000000000000000000000000000000109,0.0000000000000000000000000000000000000000327,"***"
"African",0.9,"dominant","per_cM_all_log","Short ROH","Medium ROH",500,500,122661,0.0000000000000000000000000000000000000000000000000000000000000000000000000000527,0.000000000000000000000000000000000000000000000000000000000000000000000000000211,"***"
"African",0.9,"dominant","per_cM_all_log","Short ROH","Long ROH",500,500,123874,0.0000000000000000000000000000000000000000000000000000000000000000000000000000000452,0.000000000000000000000000000000000000000000000000000000000000000000000000000000226,"***"
"African",0.9,"dominant","per_cM_all_log","Short ROH","Non-ROH",500,500,125250,0.0000000000000000000000000000000000000000000000000000000000000000000000000000000000127,0.0000000000000000000000000000000000000000000000000000000000000000000000000000000000762,"***"
"African",0.9,"dominant","per_cM_all_log","Medium ROH","Long ROH",500,500,103767,0.000000000000000000000000000000000000413,0.000000000000000000000000000000000000826,"***"
"African",0.9,"dominant","per_cM_all_log","Medium ROH","Non-ROH",500,500,26516,0.0000000000000000000000000000565,0.0000000000000000000000000000565,"***"
"African",0.9,"dominant","per_cM_all_log","Long ROH","Non-ROH",500,500,7301,0.0000000000000000000000000000000000000000000000000000000000000000113,0.0000000000000000000000000000000000000000000000000000000000000000339,"***"
"African",0.9,"mixed","per_cM_all_log","Short ROH","Medium ROH",500,500,119673,0.00000000000000000000000000000000000000000000000000000000000000000000103,0.00000000000000000000000000000000000000000000000000000000000000000000515,"***"
"African",0.9,"mixed","per_cM_all_log","Short ROH","Long ROH",500,500,118503,0.000000000000000000000000000000000000000000000000000000000000000000589,0.00000000000000000000000000000000000000000000000000000000000000000236,"***"
"African",0.9,"mixed","per_cM_all_log","Short ROH","Non-ROH",500,500,125250,0.0000000000000000000000000000000000000000000000000000000000000000000000000000000000127,0.0000000000000000000000000000000000000000000000000000000000000000000000000000000000762,"***"
"African",0.9,"mixed","per_cM_all_log","Medium ROH","Long ROH",500,500,85566,0.00000000000127,0.00000000000254,"***"
"African",0.9,"mixed","per_cM_all_log","Medium ROH","Non-ROH",500,500,92175,0.0000000000000000000614,0.000000000000000000184,"***"
"African",0.9,"mixed","per_cM_all_log","Long ROH","Non-ROH",500,500,54818,0.016,0.016,"*"
"African",1,"recessive","per_cM_all_log","Short ROH","Medium ROH",500,500,11466,0.0000000000000000000000000000000000000000000000000000000202,0.0000000000000000000000000000000000000000000000000000000606,"***"
"African",1,"recessive","per_cM_all_log","Short ROH","Long ROH",500,500,16472,0.000000000000000000000000000000000000000000000298,0.000000000000000000000000000000000000000000000596,"***"
"African",1,"recessive","per_cM_all_log","Short ROH","Non-ROH",500,500,125250,0.0000000000000000000000000000000000000000000000000000000000000000000000000000000000127,0.0000000000000000000000000000000000000000000000000000000000000000000000000000000000762,"***"
"African",1,"recessive","per_cM_all_log","Medium ROH","Long ROH",500,500,50849,0.000269,0.000269,"***"
"African",1,"recessive","per_cM_all_log","Medium ROH","Non-ROH",500,500,125250,0.0000000000000000000000000000000000000000000000000000000000000000000000000000000000127,0.0000000000000000000000000000000000000000000000000000000000000000000000000000000000762,"***"
"African",1,"recessive","per_cM_all_log","Long ROH","Non-ROH",500,500,125250,0.0000000000000000000000000000000000000000000000000000000000000000000000000000000000127,0.0000000000000000000000000000000000000000000000000000000000000000000000000000000000762,"***"
"African",1,"additive","per_cM_all_log","Short ROH","Medium ROH",500,500,122699,0.0000000000000000000000000000000000000000000000000000000000000000000000000000423,0.000000000000000000000000000000000000000000000000000000000000000000000000000212,"***"
"African",1,"additive","per_cM_all_log","Short ROH","Long ROH",500,500,122614,0.0000000000000000000000000000000000000000000000000000000000000000000000000000691,0.000000000000000000000000000000000000000000000000000000000000000000000000000276,"***"
"African",1,"additive","per_cM_all_log","Short ROH","Non-ROH",500,500,125250,0.0000000000000000000000000000000000000000000000000000000000000000000000000000000000127,0.0000000000000000000000000000000000000000000000000000000000000000000000000000000000762,"***"
"African",1,"additive","per_cM_all_log","Medium ROH","Long ROH",500,500,95615,0.00000000000000000000000186,0.00000000000000000000000372,"***"
"African",1,"additive","per_cM_all_log","Medium ROH","Non-ROH",500,500,36884,0.00000000000000167,0.00000000000000167,"***"
"African",1,"additive","per_cM_all_log","Long ROH","Non-ROH",500,500,17642,0.0000000000000000000000000000000000000000000503,0.000000000000000000000000000000000000000000151,"***"
"African",1,"dominant","per_cM_all_log","Short ROH","Medium ROH",500,500,120705,0.00000000000000000000000000000000000000000000000000000000000000000000000345,0.0000000000000000000000000000000000000000000000000000000000000000000000138,"***"
"African",1,"dominant","per_cM_all_log","Short ROH","Long ROH",500,500,123471,0.00000000000000000000000000000000000000000000000000000000000000000000000000000048,0.0000000000000000000000000000000000000000000000000000000000000000000000000000024,"***"
"African",1,"dominant","per_cM_all_log","Short ROH","Non-ROH",500,500,125249,0.0000000000000000000000000000000000000000000000000000000000000000000000000000000000128,0.0000000000000000000000000000000000000000000000000000000000000000000000000000000000768,"***"
"African",1,"dominant","per_cM_all_log","Medium ROH","Long ROH",500,500,102704,0.0000000000000000000000000000000000264,0.0000000000000000000000000000000000528,"***"
"African",1,"dominant","per_cM_all_log","Medium ROH","Non-ROH",500,500,26254,0.0000000000000000000000000000226,0.0000000000000000000000000000226,"***"
"African",1,"dominant","per_cM_all_log","Long ROH","Non-ROH",500,500,7336,0.0000000000000000000000000000000000000000000000000000000000000000137,0.0000000000000000000000000000000000000000000000000000000000000000411,"***"
"African",1,"mixed","per_cM_all_log","Short ROH","Medium ROH",500,500,115438,0.00000000000000000000000000000000000000000000000000000000000522,0.0000000000000000000000000000000000000000000000000000000000209,"***"
"African",1,"mixed","per_cM_all_log","Short ROH","Long ROH",500,500,115919,0.00000000000000000000000000000000000000000000000000000000000045,0.00000000000000000000000000000000000000000000000000000000000225,"***"
"African",1,"mixed","per_cM_all_log","Short ROH","Non-ROH",500,500,125250,0.0000000000000000000000000000000000000000000000000000000000000000000000000000000000127,0.0000000000000000000000000000000000000000000000000000000000000000000000000000000000762,"***"
"African",1,"mixed","per_cM_all_log","Medium ROH","Long ROH",500,500,84300,0.0000000000201,0.0000000000603,"***"
"African",1,"mixed","per_cM_all_log","Medium ROH","Non-ROH",500,500,83533,0.0000000000991,0.000000000198,"***"
"African",1,"mixed","per_cM_all_log","Long ROH","Non-ROH",500,500,51350,0.000487,0.000487,"***"
"African",1.1,"recessive","per_cM_all_log","Short ROH","Medium ROH",500,500,9402,0.000000000000000000000000000000000000000000000000000000000000647,0.00000000000000000000000000000000000000000000000000000000000194,"***"
"African",1.1,"recessive","per_cM_all_log","Short ROH","Long ROH",500,500,14112,0.00000000000000000000000000000000000000000000000000646,0.0000000000000000000000000000000000000000000000000129,"***"
"African",1.1,"recessive","per_cM_all_log","Short ROH","Non-ROH",500,500,125250,0.0000000000000000000000000000000000000000000000000000000000000000000000000000000000127,0.0000000000000000000000000000000000000000000000000000000000000000000000000000000000762,"***"
"African",1.1,"recessive","per_cM_all_log","Medium ROH","Long ROH",500,500,50836,0.000265,0.000265,"***"
"African",1.1,"recessive","per_cM_all_log","Medium ROH","Non-ROH",500,500,125250,0.0000000000000000000000000000000000000000000000000000000000000000000000000000000000127,0.0000000000000000000000000000000000000000000000000000000000000000000000000000000000762,"***"
"African",1.1,"recessive","per_cM_all_log","Long ROH","Non-ROH",500,500,125250,0.0000000000000000000000000000000000000000000000000000000000000000000000000000000000127,0.0000000000000000000000000000000000000000000000000000000000000000000000000000000000762,"***"
"African",1.1,"additive","per_cM_all_log","Short ROH","Medium ROH",500,500,121528,0.0000000000000000000000000000000000000000000000000000000000000000000000000339,0.000000000000000000000000000000000000000000000000000000000000000000000000136,"***"
"African",1.1,"additive","per_cM_all_log","Short ROH","Long ROH",500,500,121866,0.00000000000000000000000000000000000000000000000000000000000000000000000000499,0.000000000000000000000000000000000000000000000000000000000000000000000000025,"***"
"African",1.1,"additive","per_cM_all_log","Short ROH","Non-ROH",500,500,125250,0.0000000000000000000000000000000000000000000000000000000000000000000000000000000000127,0.0000000000000000000000000000000000000000000000000000000000000000000000000000000000762,"***"
"African",1.1,"additive","per_cM_all_log","Medium ROH","Long ROH",500,500,95015,0.0000000000000000000000124,0.0000000000000000000000248,"***"
"African",1.1,"additive","per_cM_all_log","Medium ROH","Non-ROH",500,500,31191,0.000000000000000000000237,0.000000000000000000000237,"***"
"African",1.1,"additive","per_cM_all_log","Long ROH","Non-ROH",500,500,15864,0.0000000000000000000000000000000000000000000000197,0.0000000000000000000000000000000000000000000000591,"***"
"African",1.1,"dominant","per_cM_all_log","Short ROH","Medium ROH",500,500,119029,0.0000000000000000000000000000000000000000000000000000000000000000000345,0.000000000000000000000000000000000000000000000000000000000000000000138,"***"
"African",1.1,"dominant","per_cM_all_log","Short ROH","Long ROH",500,500,123203,0.00000000000000000000000000000000000000000000000000000000000000000000000000000229,0.0000000000000000000000000000000000000000000000000000000000000000000000000000114,"***"
"African",1.1,"dominant","per_cM_all_log","Short ROH","Non-ROH",500,500,125072,0.0000000000000000000000000000000000000000000000000000000000000000000000000000000000369,0.000000000000000000000000000000000000000000000000000000000000000000000000000000000221,"***"
"African",1.1,"dominant","per_cM_all_log","Medium ROH","Long ROH",500,500,102112,0.000000000000000000000000000000000255,0.00000000000000000000000000000000051,"***"
"African",1.1,"dominant","per_cM_all_log","Medium ROH","Non-ROH",500,500,24787,0.000000000000000000000000000000119,0.000000000000000000000000000000119,"***"
"African",1.1,"dominant","per_cM_all_log","Long ROH","Non-ROH",500,500,6801,0.000000000000000000000000000000000000000000000000000000000000000000786,0.00000000000000000000000000000000000000000000000000000000000000000236,"***"
"African",1.1,"mixed","per_cM_all_log","Short ROH","Medium ROH",500,500,111923,0.000000000000000000000000000000000000000000000000000161,0.000000000000000000000000000000000000000000000000000644,"***"
"African",1.1,"mixed","per_cM_all_log","Short ROH","Long ROH",500,500,114231,0.00000000000000000000000000000000000000000000000000000000222,0.0000000000000000000000000000000000000000000000000000000111,"***"
"African",1.1,"mixed","per_cM_all_log","Short ROH","Non-ROH",500,500,125250,0.0000000000000000000000000000000000000000000000000000000000000000000000000000000000127,0.0000000000000000000000000000000000000000000000000000000000000000000000000000000000762,"***"
"African",1.1,"mixed","per_cM_all_log","Medium ROH","Long ROH",500,500,83808,0.0000000000563,0.000000000169,"***"
"African",1.1,"mixed","per_cM_all_log","Medium ROH","Non-ROH",500,500,75118,0.000111,0.000111,"***"
"African",1.1,"mixed","per_cM_all_log","Long ROH","Non-ROH",500,500,46742,0.000000894,0.00000179,"***"
"African",1.2,"recessive","per_cM_all_log","Short ROH","Medium ROH",500,500,8737,0.0000000000000000000000000000000000000000000000000000000000000211,0.0000000000000000000000000000000000000000000000000000000000000633,"***"
"African",1.2,"recessive","per_cM_all_log","Short ROH","Long ROH",500,500,13185,0.0000000000000000000000000000000000000000000000000000821,0.000000000000000000000000000000000000000000000000000164,"***"
"African",1.2,"recessive","per_cM_all_log","Short ROH","Non-ROH",500,500,125250,0.0000000000000000000000000000000000000000000000000000000000000000000000000000000000127,0.0000000000000000000000000000000000000000000000000000000000000000000000000000000000762,"***"
"African",1.2,"recessive","per_cM_all_log","Medium ROH","Long ROH",500,500,51286,0.000452,0.000452,"***"
"African",1.2,"recessive","per_cM_all_log","Medium ROH","Non-ROH",500,500,125250,0.0000000000000000000000000000000000000000000000000000000000000000000000000000000000127,0.0000000000000000000000000000000000000000000000000000000000000000000000000000000000762,"***"
"African",1.2,"recessive","per_cM_all_log","Long ROH","Non-ROH",500,500,125250,0.0000000000000000000000000000000000000000000000000000000000000000000000000000000000127,0.0000000000000000000000000000000000000000000000000000000000000000000000000000000000762,"***"
"African",1.2,"additive","per_cM_all_log","Short ROH","Medium ROH",500,500,120500,0.0000000000000000000000000000000000000000000000000000000000000000000000108,0.0000000000000000000000000000000000000000000000000000000000000000000000432,"***"
"African",1.2,"additive","per_cM_all_log","Short ROH","Long ROH",500,500,121452,0.0000000000000000000000000000000000000000000000000000000000000000000000000521,0.00000000000000000000000000000000000000000000000000000000000000000000000026,"***"
"African",1.2,"additive","per_cM_all_log","Short ROH","Non-ROH",500,500,125204,0.0000000000000000000000000000000000000000000000000000000000000000000000000000000000167,0.0000000000000000000000000000000000000000000000000000000000000000000000000000000001,"***"
"African",1.2,"additive","per_cM_all_log","Medium ROH","Long ROH",500,500,94813,0.0000000000000000000000233,0.0000000000000000000000233,"***"
"African",1.2,"additive","per_cM_all_log","Medium ROH","Non-ROH",500,500,26613,0.0000000000000000000000000000792,0.000000000000000000000000000158,"***"
"African",1.2,"additive","per_cM_all_log","Long ROH","Non-ROH",500,500,13804,0.00000000000000000000000000000000000000000000000000153,0.00000000000000000000000000000000000000000000000000459,"***"
"African",1.2,"dominant","per_cM_all_log","Short ROH","Medium ROH",500,500,117837,0.0000000000000000000000000000000000000000000000000000000000000000205,0.0000000000000000000000000000000000000000000000000000000000000000615,"***"
"African",1.2,"dominant","per_cM_all_log","Short ROH","Long ROH",500,500,123039,0.00000000000000000000000000000000000000000000000000000000000000000000000000000593,0.0000000000000000000000000000000000000000000000000000000000000000000000000000296,"***"
"African",1.2,"dominant","per_cM_all_log","Short ROH","Non-ROH",500,500,123343,0.00000000000000000000000000000000000000000000000000000000000000000000000000000101,0.00000000000000000000000000000000000000000000000000000000000000000000000000000606,"***"
"African",1.2,"dominant","per_cM_all_log","Medium ROH","Long ROH",500,500,101817,0.00000000000000000000000000000000078,0.00000000000000000000000000000000078,"***"
"African",1.2,"dominant","per_cM_all_log","Medium ROH","Non-ROH",500,500,22670,0.0000000000000000000000000000000000425,0.000000000000000000000000000000000085,"***"
"African",1.2,"dominant","per_cM_all_log","Long ROH","Non-ROH",500,500,5978,0.00000000000000000000000000000000000000000000000000000000000000000000924,0.000000000000000000000000000000000000000000000000000000000000000000037,"***"
"African",1.2,"mixed","per_cM_all_log","Short ROH","Medium ROH",500,500,109533,0.0000000000000000000000000000000000000000000000102,0.0000000000000000000000000000000000000000000000408,"***"
"African",1.2,"mixed","per_cM_all_log","Short ROH","Long ROH",500,500,113388,0.000000000000000000000000000000000000000000000000000000141,0.000000000000000000000000000000000000000000000000000000705,"***"
"African",1.2,"mixed","per_cM_all_log","Short ROH","Non-ROH",500,500,125218,0.0000000000000000000000000000000000000000000000000000000000000000000000000000000000154,0.0000000000000000000000000000000000000000000000000000000000000000000000000000000000924,"***"
"African",1.2,"mixed","per_cM_all_log","Medium ROH","Long ROH",500,500,83828,0.000000000054,0.000000000162,"***"
"African",1.2,"mixed","per_cM_all_log","Medium ROH","Non-ROH",500,500,67055,0.171,0.171,"ns"
"African",1.2,"mixed","per_cM_all_log","Long ROH","Non-ROH",500,500,41643,0.0000000000852,0.00000000017,"***"
"African",1.3,"recessive","per_cM_all_log","Short ROH","Medium ROH",500,500,8846,0.0000000000000000000000000000000000000000000000000000000000000372,0.000000000000000000000000000000000000000000000000000000000000112,"***"
"African",1.3,"recessive","per_cM_all_log","Short ROH","Long ROH",500,500,13058,0.0000000000000000000000000000000000000000000000000000449,0.0000000000000000000000000000000000000000000000000000898,"***"
"African",1.3,"recessive","per_cM_all_log","Short ROH","Non-ROH",500,500,125250,0.0000000000000000000000000000000000000000000000000000000000000000000000000000000000127,0.0000000000000000000000000000000000000000000000000000000000000000000000000000000000762,"***"
"African",1.3,"recessive","per_cM_all_log","Medium ROH","Long ROH",500,500,52019,0.001,0.001,"***"
"African",1.3,"recessive","per_cM_all_log","Medium ROH","Non-ROH",500,500,125250,0.0000000000000000000000000000000000000000000000000000000000000000000000000000000000127,0.0000000000000000000000000000000000000000000000000000000000000000000000000000000000762,"***"
"African",1.3,"recessive","per_cM_all_log","Long ROH","Non-ROH",500,500,125250,0.0000000000000000000000000000000000000000000000000000000000000000000000000000000000127,0.0000000000000000000000000000000000000000000000000000000000000000000000000000000000762,"***"
"African",1.3,"additive","per_cM_all_log","Short ROH","Medium ROH",500,500,119681,0.00000000000000000000000000000000000000000000000000000000000000000000099,0.00000000000000000000000000000000000000000000000000000000000000000000396,"***"
"African",1.3,"additive","per_cM_all_log","Short ROH","Long ROH",500,500,121282,0.000000000000000000000000000000000000000000000000000000000000000000000000136,0.00000000000000000000000000000000000000000000000000000000000000000000000068,"***"
"African",1.3,"additive","per_cM_all_log","Short ROH","Non-ROH",500,500,124593,0.000000000000000000000000000000000000000000000000000000000000000000000000000000000644,0.00000000000000000000000000000000000000000000000000000000000000000000000000000000386,"***"
"African",1.3,"additive","per_cM_all_log","Medium ROH","Long ROH",500,500,94987,0.0000000000000000000000135,0.0000000000000000000000135,"***"
"African",1.3,"additive","per_cM_all_log","Medium ROH","Non-ROH",500,500,22894,0.0000000000000000000000000000000001,0.0000000000000000000000000000000002,"***"
"African",1.3,"additive","per_cM_all_log","Long ROH","Non-ROH",500,500,11731,0.0000000000000000000000000000000000000000000000000000000741,0.000000000000000000000000000000000000000000000000000000222,"***"
"African",1.3,"dominant","per_cM_all_log","Short ROH","Medium ROH",500,500,117012,0.00000000000000000000000000000000000000000000000000000000000000158,0.00000000000000000000000000000000000000000000000000000000000000474,"***"
"African",1.3,"dominant","per_cM_all_log","Short ROH","Long ROH",500,500,123026,0.00000000000000000000000000000000000000000000000000000000000000000000000000000639,0.0000000000000000000000000000000000000000000000000000000000000000000000000000383,"***"
"African",1.3,"dominant","per_cM_all_log","Short ROH","Non-ROH",500,500,118981,0.0000000000000000000000000000000000000000000000000000000000000000000448,0.000000000000000000000000000000000000000000000000000000000000000000179,"***"
"African",1.3,"dominant","per_cM_all_log","Medium ROH","Long ROH",500,500,101751,0.000000000000000000000000000000001,0.000000000000000000000000000000001,"***"
"African",1.3,"dominant","per_cM_all_log","Medium ROH","Non-ROH",500,500,20271,0.00000000000000000000000000000000000000316,0.00000000000000000000000000000000000000632,"***"
"African",1.3,"dominant","per_cM_all_log","Long ROH","Non-ROH",500,500,5237,0.00000000000000000000000000000000000000000000000000000000000000000000016,0.0000000000000000000000000000000000000000000000000000000000000000000008,"***"
"African",1.3,"mixed","per_cM_all_log","Short ROH","Medium ROH",500,500,108151,0.00000000000000000000000000000000000000000000473,0.0000000000000000000000000000000000000000000189,"***"
"African",1.3,"mixed","per_cM_all_log","Short ROH","Long ROH",500,500,113186,0.000000000000000000000000000000000000000000000000000000376,0.00000000000000000000000000000000000000000000000000000188,"***"
"African",1.3,"mixed","per_cM_all_log","Short ROH","Non-ROH",500,500,124879,0.000000000000000000000000000000000000000000000000000000000000000000000000000000000117,0.000000000000000000000000000000000000000000000000000000000000000000000000000000000702,"***"
"African",1.3,"mixed","per_cM_all_log","Medium ROH","Long ROH",500,500,84145,0.0000000000278,0.0000000000556,"***"
"African",1.3,"mixed","per_cM_all_log","Medium ROH","Non-ROH",500,500,59629,0.354,0.354,"ns"
"African",1.3,"mixed","per_cM_all_log","Long ROH","Non-ROH",500,500,36523,0.000000000000000674,0.00000000000000202,"***"
"European",0.7,"recessive","per_cM_all_log","Short ROH","Medium ROH",500,500,125054,0.0000000000000000000000000000000000000000000000000000000000000000000000000000000000411,0.000000000000000000000000000000000000000000000000000000000000000000000000000000000164,"***"
"European",0.7,"recessive","per_cM_all_log","Short ROH","Long ROH",500,500,114123,0.0000000000000000000000000000000000000000000000000000000038,0.0000000000000000000000000000000000000000000000000000000076,"***"
"European",0.7,"recessive","per_cM_all_log","Short ROH","Non-ROH",500,500,125250,0.0000000000000000000000000000000000000000000000000000000000000000000000000000000000127,0.0000000000000000000000000000000000000000000000000000000000000000000000000000000000762,"***"
"European",0.7,"recessive","per_cM_all_log","Medium ROH","Long ROH",500,500,80318,0.0000000441,0.0000000441,"***"
"European",0.7,"recessive","per_cM_all_log","Medium ROH","Non-ROH",500,500,125250,0.0000000000000000000000000000000000000000000000000000000000000000000000000000000000127,0.0000000000000000000000000000000000000000000000000000000000000000000000000000000000762,"***"
"European",0.7,"recessive","per_cM_all_log","Long ROH","Non-ROH",500,500,124047,0.0000000000000000000000000000000000000000000000000000000000000000000000000000000163,0.0000000000000000000000000000000000000000000000000000000000000000000000000000000489,"***"
"European",0.7,"additive","per_cM_all_log","Short ROH","Medium ROH",500,500,125250,0.0000000000000000000000000000000000000000000000000000000000000000000000000000000000127,0.0000000000000000000000000000000000000000000000000000000000000000000000000000000000762,"***"
"European",0.7,"additive","per_cM_all_log","Short ROH","Long ROH",500,500,125194,0.0000000000000000000000000000000000000000000000000000000000000000000000000000000000178,0.0000000000000000000000000000000000000000000000000000000000000000000000000000000000762,"***"
"European",0.7,"additive","per_cM_all_log","Short ROH","Non-ROH",500,500,125250,0.0000000000000000000000000000000000000000000000000000000000000000000000000000000000127,0.0000000000000000000000000000000000000000000000000000000000000000000000000000000000762,"***"
"European",0.7,"additive","per_cM_all_log","Medium ROH","Long ROH",500,500,116855,0.00000000000000000000000000000000000000000000000000000000000000358,0.00000000000000000000000000000000000000000000000000000000000000716,"***"
"European",0.7,"additive","per_cM_all_log","Medium ROH","Non-ROH",500,500,46738,0.000000888,0.000000888,"***"
"European",0.7,"additive","per_cM_all_log","Long ROH","Non-ROH",500,500,6595,0.00000000000000000000000000000000000000000000000000000000000000000026,0.00000000000000000000000000000000000000000000000000000000000000000078,"***"
"European",0.7,"dominant","per_cM_all_log","Short ROH","Medium ROH",500,500,125242,0.0000000000000000000000000000000000000000000000000000000000000000000000000000000000133,0.0000000000000000000000000000000000000000000000000000000000000000000000000000000000762,"***"
"European",0.7,"dominant","per_cM_all_log","Short ROH","Long ROH",500,500,125004,0.0000000000000000000000000000000000000000000000000000000000000000000000000000000000555,0.000000000000000000000000000000000000000000000000000000000000000000000000000000000222,"***"
"European",0.7,"dominant","per_cM_all_log","Short ROH","Non-ROH",500,500,125250,0.0000000000000000000000000000000000000000000000000000000000000000000000000000000000127,0.0000000000000000000000000000000000000000000000000000000000000000000000000000000000762,"***"
"European",0.7,"dominant","per_cM_all_log","Medium ROH","Long ROH",500,500,117084,0.00000000000000000000000000000000000000000000000000000000000000108,0.00000000000000000000000000000000000000000000000000000000000000108,"***"
"European",0.7,"dominant","per_cM_all_log","Medium ROH","Non-ROH",500,500,8018,0.000000000000000000000000000000000000000000000000000000000000000499,0.000000000000000000000000000000000000000000000000000000000000000998,"***"
"European",0.7,"dominant","per_cM_all_log","Long ROH","Non-ROH",500,500,2595,0.0000000000000000000000000000000000000000000000000000000000000000000000000000545,0.000000000000000000000000000000000000000000000000000000000000000000000000000164,"***"
"European",0.7,"mixed","per_cM_all_log","Short ROH","Medium ROH",500,500,125245,0.0000000000000000000000000000000000000000000000000000000000000000000000000000000000131,0.0000000000000000000000000000000000000000000000000000000000000000000000000000000000762,"***"
"European",0.7,"mixed","per_cM_all_log","Short ROH","Long ROH",500,500,124971,0.0000000000000000000000000000000000000000000000000000000000000000000000000000000000676,0.00000000000000000000000000000000000000000000000000000000000000000000000000000000027,"***"
"European",0.7,"mixed","per_cM_all_log","Short ROH","Non-ROH",500,500,125250,0.0000000000000000000000000000000000000000000000000000000000000000000000000000000000127,0.0000000000000000000000000000000000000000000000000000000000000000000000000000000000762,"***"
"European",0.7,"mixed","per_cM_all_log","Medium ROH","Long ROH",500,500,111465,0.0000000000000000000000000000000000000000000000000014,0.0000000000000000000000000000000000000000000000000042,"***"
"European",0.7,"mixed","per_cM_all_log","Medium ROH","Non-ROH",500,500,78733,0.000000625,0.000000625,"***"
"European",0.7,"mixed","per_cM_all_log","Long ROH","Non-ROH",500,500,15363,0.00000000000000000000000000000000000000000000000205,0.0000000000000000000000000000000000000000000000041,"***"
"European",0.8,"recessive","per_cM_all_log","Short ROH","Medium ROH",500,500,121900,0.00000000000000000000000000000000000000000000000000000000000000000000000000411,0.0000000000000000000000000000000000000000000000000000000000000000000000000123,"***"
"European",0.8,"recessive","per_cM_all_log","Short ROH","Long ROH",500,500,101438,0.00000000000000000000000000000000324,0.00000000000000000000000000000000648,"***"
"European",0.8,"recessive","per_cM_all_log","Short ROH","Non-ROH",500,500,125250,0.0000000000000000000000000000000000000000000000000000000000000000000000000000000000127,0.0000000000000000000000000000000000000000000000000000000000000000000000000000000000762,"***"
"European",0.8,"recessive","per_cM_all_log","Medium ROH","Long ROH",500,500,73581,0.000701,0.000701,"***"
"European",0.8,"recessive","per_cM_all_log","Medium ROH","Non-ROH",500,500,125250,0.0000000000000000000000000000000000000000000000000000000000000000000000000000000000127,0.0000000000000000000000000000000000000000000000000000000000000000000000000000000000762,"***"
"European",0.8,"recessive","per_cM_all_log","Long ROH","Non-ROH",500,500,124608,0.000000000000000000000000000000000000000000000000000000000000000000000000000000000589,0.00000000000000000000000000000000000000000000000000000000000000000000000000000000236,"***"
"European",0.8,"additive","per_cM_all_log","Short ROH","Medium ROH",500,500,125249,0.0000000000000000000000000000000000000000000000000000000000000000000000000000000000128,0.0000000000000000000000000000000000000000000000000000000000000000000000000000000000762,"***"
"European",0.8,"additive","per_cM_all_log","Short ROH","Long ROH",500,500,124938,0.0000000000000000000000000000000000000000000000000000000000000000000000000000000000823,0.000000000000000000000000000000000000000000000000000000000000000000000000000000000329,"***"
"European",0.8,"additive","per_cM_all_log","Short ROH","Non-ROH",500,500,125250,0.0000000000000000000000000000000000000000000000000000000000000000000000000000000000127,0.0000000000000000000000000000000000000000000000000000000000000000000000000000000000762,"***"
"European",0.8,"additive","per_cM_all_log","Medium ROH","Long ROH",500,500,114493,0.000000000000000000000000000000000000000000000000000000000605,0.00000000000000000000000000000000000000000000000000000000121,"***"
"European",0.8,"additive","per_cM_all_log","Medium ROH","Non-ROH",500,500,45569,0.000000132,0.000000132,"***"
"European",0.8,"additive","per_cM_all_log","Long ROH","Non-ROH",500,500,8086,0.000000000000000000000000000000000000000000000000000000000000000713,0.00000000000000000000000000000000000000000000000000000000000000214,"***"
"European",0.8,"dominant","per_cM_all_log","Short ROH","Medium ROH",500,500,125125,0.0000000000000000000000000000000000000000000000000000000000000000000000000000000000269,0.000000000000000000000000000000000000000000000000000000000000000000000000000000000135,"***"
"European",0.8,"dominant","per_cM_all_log","Short ROH","Long ROH",500,500,124719,0.000000000000000000000000000000000000000000000000000000000000000000000000000000000304,0.00000000000000000000000000000000000000000000000000000000000000000000000000000000122,"***"
"European",0.8,"dominant","per_cM_all_log","Short ROH","Non-ROH",500,500,125250,0.0000000000000000000000000000000000000000000000000000000000000000000000000000000000127,0.0000000000000000000000000000000000000000000000000000000000000000000000000000000000762,"***"
"European",0.8,"dominant","per_cM_all_log","Medium ROH","Long ROH",500,500,115877,0.000000000000000000000000000000000000000000000000000000000000558,0.00000000000000000000000000000000000000000000000000000000000112,"***"
"European",0.8,"dominant","per_cM_all_log","Medium ROH","Non-ROH",500,500,14922,0.000000000000000000000000000000000000000000000000273,0.000000000000000000000000000000000000000000000000273,"***"
"European",0.8,"dominant","per_cM_all_log","Long ROH","Non-ROH",500,500,3580,0.0000000000000000000000000000000000000000000000000000000000000000000000000152,0.0000000000000000000000000000000000000000000000000000000000000000000000000456,"***"
"European",0.8,"mixed","per_cM_all_log","Short ROH","Medium ROH",500,500,125190,0.0000000000000000000000000000000000000000000000000000000000000000000000000000000000182,0.000000000000000000000000000000000000000000000000000000000000000000000000000000000091,"***"
"European",0.8,"mixed","per_cM_all_log","Short ROH","Long ROH",500,500,124273,0.0000000000000000000000000000000000000000000000000000000000000000000000000000000043,0.0000000000000000000000000000000000000000000000000000000000000000000000000000000172,"***"
"European",0.8,"mixed","per_cM_all_log","Short ROH","Non-ROH",500,500,125250,0.0000000000000000000000000000000000000000000000000000000000000000000000000000000000127,0.0000000000000000000000000000000000000000000000000000000000000000000000000000000000762,"***"
"European",0.8,"mixed","per_cM_all_log","Medium ROH","Long ROH",500,500,108650,0.000000000000000000000000000000000000000000000526,0.00000000000000000000000000000000000000000000158,"***"
"European",0.8,"mixed","per_cM_all_log","Medium ROH","Non-ROH",500,500,76574,0.0000159,0.0000159,"***"
"European",0.8,"mixed","per_cM_all_log","Long ROH","Non-ROH",500,500,17802,0.0000000000000000000000000000000000000000001,0.0000000000000000000000000000000000000000002,"***"
"European",0.9,"recessive","per_cM_all_log","Short ROH","Medium ROH",500,500,109531,0.0000000000000000000000000000000000000000000000103,0.0000000000000000000000000000000000000000000000309,"***"
"European",0.9,"recessive","per_cM_all_log","Short ROH","Long ROH",500,500,88595,0.000000000000000941,0.00000000000000188,"***"
"European",0.9,"recessive","per_cM_all_log","Short ROH","Non-ROH",500,500,125250,0.0000000000000000000000000000000000000000000000000000000000000000000000000000000000127,0.0000000000000000000000000000000000000000000000000000000000000000000000000000000000762,"***"
"European",0.9,"recessive","per_cM_all_log","Medium ROH","Long ROH",500,500,69871,0.025,0.025,"*"
"European",0.9,"recessive","per_cM_all_log","Medium ROH","Non-ROH",500,500,125250,0.0000000000000000000000000000000000000000000000000000000000000000000000000000000000127,0.0000000000000000000000000000000000000000000000000000000000000000000000000000000000762,"***"
"European",0.9,"recessive","per_cM_all_log","Long ROH","Non-ROH",500,500,124847,0.000000000000000000000000000000000000000000000000000000000000000000000000000000000142,0.000000000000000000000000000000000000000000000000000000000000000000000000000000000568,"***"
"European",0.9,"additive","per_cM_all_log","Short ROH","Medium ROH",500,500,125126,0.0000000000000000000000000000000000000000000000000000000000000000000000000000000000267,0.000000000000000000000000000000000000000000000000000000000000000000000000000000000134,"***"
"European",0.9,"additive","per_cM_all_log","Short ROH","Long ROH",500,500,124536,0.000000000000000000000000000000000000000000000000000000000000000000000000000000000904,0.00000000000000000000000000000000000000000000000000000000000000000000000000000000362,"***"
"European",0.9,"additive","per_cM_all_log","Short ROH","Non-ROH",500,500,125250,0.0000000000000000000000000000000000000000000000000000000000000000000000000000000000127,0.0000000000000000000000000000000000000000000000000000000000000000000000000000000000762,"***"
"European",0.9,"additive","per_cM_all_log","Medium ROH","Long ROH",500,500,113015,0.000000000000000000000000000000000000000000000000000000862,0.00000000000000000000000000000000000000000000000000000172,"***"
"European",0.9,"additive","per_cM_all_log","Medium ROH","Non-ROH",500,500,43691,0.0000000047,0.0000000047,"***"
"European",0.9,"additive","per_cM_all_log","Long ROH","Non-ROH",500,500,8906,0.0000000000000000000000000000000000000000000000000000000000000507,0.000000000000000000000000000000000000000000000000000000000000152,"***"
"European",0.9,"dominant","per_cM_all_log","Short ROH","Medium ROH",500,500,124391,0.00000000000000000000000000000000000000000000000000000000000000000000000000000000214,0.0000000000000000000000000000000000000000000000000000000000000000000000000000000107,"***"
"European",0.9,"dominant","per_cM_all_log","Short ROH","Long ROH",500,500,124354,0.00000000000000000000000000000000000000000000000000000000000000000000000000000000266,0.0000000000000000000000000000000000000000000000000000000000000000000000000000000107,"***"
"European",0.9,"dominant","per_cM_all_log","Short ROH","Non-ROH",500,500,125249,0.0000000000000000000000000000000000000000000000000000000000000000000000000000000000128,0.0000000000000000000000000000000000000000000000000000000000000000000000000000000000768,"***"
"European",0.9,"dominant","per_cM_all_log","Medium ROH","Long ROH",500,500,115253,0.0000000000000000000000000000000000000000000000000000000000133,0.0000000000000000000000000000000000000000000000000000000000266,"***"
"European",0.9,"dominant","per_cM_all_log","Medium ROH","Non-ROH",500,500,21700,0.000000000000000000000000000000000000972,0.000000000000000000000000000000000000972,"***"
"European",0.9,"dominant","per_cM_all_log","Long ROH","Non-ROH",500,500,4198,0.000000000000000000000000000000000000000000000000000000000000000000000000495,0.00000000000000000000000000000000000000000000000000000000000000000000000148,"***"
"European",0.9,"mixed","per_cM_all_log","Short ROH","Medium ROH",500,500,124766,0.00000000000000000000000000000000000000000000000000000000000000000000000000000000023,0.00000000000000000000000000000000000000000000000000000000000000000000000000000000115,"***"
"European",0.9,"mixed","per_cM_all_log","Short ROH","Long ROH",500,500,123223,0.00000000000000000000000000000000000000000000000000000000000000000000000000000204,0.00000000000000000000000000000000000000000000000000000000000000000000000000000816,"***"
"European",0.9,"mixed","per_cM_all_log","Short ROH","Non-ROH",500,500,125250,0.0000000000000000000000000000000000000000000000000000000000000000000000000000000000127,0.0000000000000000000000000000000000000000000000000000000000000000000000000000000000762,"***"
"European",0.9,"mixed","per_cM_all_log","Medium ROH","Long ROH",500,500,107020,0.000000000000000000000000000000000000000000631,0.00000000000000000000000000000000000000000189,"***"
"European",0.9,"mixed","per_cM_all_log","Medium ROH","Non-ROH",500,500,72438,0.002,0.002,"**"
"European",0.9,"mixed","per_cM_all_log","Long ROH","Non-ROH",500,500,18742,0.00000000000000000000000000000000000000000555,0.0000000000000000000000000000000000000000111,"***"
"European",1,"recessive","per_cM_all_log","Short ROH","Medium ROH",500,500,89936,0.0000000000000000293,0.0000000000000000879,"***"
"European",1,"recessive","per_cM_all_log","Short ROH","Long ROH",500,500,78266,0.00000131,0.00000262,"***"
"European",1,"recessive","per_cM_all_log","Short ROH","Non-ROH",500,500,125250,0.0000000000000000000000000000000000000000000000000000000000000000000000000000000000127,0.0000000000000000000000000000000000000000000000000000000000000000000000000000000000762,"***"
"European",1,"recessive","per_cM_all_log","Medium ROH","Long ROH",500,500,68212,0.084,0.084,"ns"
"European",1,"recessive","per_cM_all_log","Medium ROH","Non-ROH",500,500,125250,0.0000000000000000000000000000000000000000000000000000000000000000000000000000000000127,0.0000000000000000000000000000000000000000000000000000000000000000000000000000000000762,"***"
"European",1,"recessive","per_cM_all_log","Long ROH","Non-ROH",500,500,124982,0.0000000000000000000000000000000000000000000000000000000000000000000000000000000000633,0.000000000000000000000000000000000000000000000000000000000000000000000000000000000253,"***"
"European",1,"additive","per_cM_all_log","Short ROH","Medium ROH",500,500,124364,0.00000000000000000000000000000000000000000000000000000000000000000000000000000000251,0.0000000000000000000000000000000000000000000000000000000000000000000000000000000125,"***"
"European",1,"additive","per_cM_all_log","Short ROH","Long ROH",500,500,124052,0.0000000000000000000000000000000000000000000000000000000000000000000000000000000159,0.0000000000000000000000000000000000000000000000000000000000000000000000000000000636,"***"
"European",1,"additive","per_cM_all_log","Short ROH","Non-ROH",500,500,125248,0.0000000000000000000000000000000000000000000000000000000000000000000000000000000000128,0.0000000000000000000000000000000000000000000000000000000000000000000000000000000000768,"***"
"European",1,"additive","per_cM_all_log","Medium ROH","Long ROH",500,500,112316,0.0000000000000000000000000000000000000000000000000000248,0.0000000000000000000000000000000000000000000000000000496,"***"
"European",1,"additive","per_cM_all_log","Medium ROH","Non-ROH",500,500,41569,0.0000000000732,0.0000000000732,"***"
"European",1,"additive","per_cM_all_log","Long ROH","Non-ROH",500,500,8933,0.0000000000000000000000000000000000000000000000000000000000000582,0.000000000000000000000000000000000000000000000000000000000000175,"***"
"European",1,"dominant","per_cM_all_log","Short ROH","Medium ROH",500,500,122632,0.0000000000000000000000000000000000000000000000000000000000000000000000000000623,0.000000000000000000000000000000000000000000000000000000000000000000000000000249,"***"
"European",1,"dominant","per_cM_all_log","Short ROH","Long ROH",500,500,124043,0.0000000000000000000000000000000000000000000000000000000000000000000000000000000167,0.0000000000000000000000000000000000000000000000000000000000000000000000000000000835,"***"
"European",1,"dominant","per_cM_all_log","Short ROH","Non-ROH",500,500,125199,0.0000000000000000000000000000000000000000000000000000000000000000000000000000000000172,0.000000000000000000000000000000000000000000000000000000000000000000000000000000000103,"***"
"European",1,"dominant","per_cM_all_log","Medium ROH","Long ROH",500,500,115107,0.0000000000000000000000000000000000000000000000000000000000279,0.0000000000000000000000000000000000000000000000000000000000558,"***"
"European",1,"dominant","per_cM_all_log","Medium ROH","Non-ROH",500,500,26265,0.0000000000000000000000000000235,0.0000000000000000000000000000235,"***"
"European",1,"dominant","per_cM_all_log","Long ROH","Non-ROH",500,500,4355,0.00000000000000000000000000000000000000000000000000000000000000000000000119,0.00000000000000000000000000000000000000000000000000000000000000000000000357,"***"
"European",1,"mixed","per_cM_all_log","Short ROH","Medium ROH",500,500,123341,0.00000000000000000000000000000000000000000000000000000000000000000000000000000102,0.0000000000000000000000000000000000000000000000000000000000000000000000000000051,"***"
"European",1,"mixed","per_cM_all_log","Short ROH","Long ROH",500,500,122298,0.000000000000000000000000000000000000000000000000000000000000000000000000000424,0.0000000000000000000000000000000000000000000000000000000000000000000000000017,"***"
"European",1,"mixed","per_cM_all_log","Short ROH","Non-ROH",500,500,125248,0.0000000000000000000000000000000000000000000000000000000000000000000000000000000000128,0.0000000000000000000000000000000000000000000000000000000000000000000000000000000000768,"***"
"European",1,"mixed","per_cM_all_log","Medium ROH","Long ROH",500,500,106442,0.00000000000000000000000000000000000000000733,0.0000000000000000000000000000000000000000147,"***"
"European",1,"mixed","per_cM_all_log","Medium ROH","Non-ROH",500,500,67014,0.175,0.175,"ns"
"European",1,"mixed","per_cM_all_log","Long ROH","Non-ROH",500,500,18219,0.000000000000000000000000000000000000000000602,0.00000000000000000000000000000000000000000181,"***"
"European",1.1,"recessive","per_cM_all_log","Short ROH","Medium ROH",500,500,71523,0.006,0.018,"*"
"European",1.1,"recessive","per_cM_all_log","Short ROH","Long ROH",500,500,70655,0.013,0.026,"*"
"European",1.1,"recessive","per_cM_all_log","Short ROH","Non-ROH",500,500,125250,0.0000000000000000000000000000000000000000000000000000000000000000000000000000000000127,0.0000000000000000000000000000000000000000000000000000000000000000000000000000000000762,"***"
"European",1.1,"recessive","per_cM_all_log","Medium ROH","Long ROH",500,500,67884,0.104,0.104,"ns"
"European",1.1,"recessive","per_cM_all_log","Medium ROH","Non-ROH",500,500,125250,0.0000000000000000000000000000000000000000000000000000000000000000000000000000000000127,0.0000000000000000000000000000000000000000000000000000000000000000000000000000000000762,"***"
"European",1.1,"recessive","per_cM_all_log","Long ROH","Non-ROH",500,500,125032,0.0000000000000000000000000000000000000000000000000000000000000000000000000000000000469,0.000000000000000000000000000000000000000000000000000000000000000000000000000000000188,"***"
"European",1.1,"additive","per_cM_all_log","Short ROH","Medium ROH",500,500,122810,0.0000000000000000000000000000000000000000000000000000000000000000000000000000223,0.0000000000000000000000000000000000000000000000000000000000000000000000000000892,"***"
"European",1.1,"additive","per_cM_all_log","Short ROH","Long ROH",500,500,123700,0.000000000000000000000000000000000000000000000000000000000000000000000000000000126,0.00000000000000000000000000000000000000000000000000000000000000000000000000000063,"***"
"European",1.1,"additive","per_cM_all_log","Short ROH","Non-ROH",500,500,125201,0.000000000000000000000000000000000000000000000000000000000000000000000000000000000017,0.000000000000000000000000000000000000000000000000000000000000000000000000000000000102,"***"
"European",1.1,"additive","per_cM_all_log","Medium ROH","Long ROH",500,500,112255,0.0000000000000000000000000000000000000000000000000000332,0.0000000000000000000000000000000000000000000000000000664,"***"
"European",1.1,"additive","per_cM_all_log","Medium ROH","Non-ROH",500,500,39226,0.000000000000452,0.000000000000452,"***"
"European",1.1,"additive","per_cM_all_log","Long ROH","Non-ROH",500,500,8383,0.00000000000000000000000000000000000000000000000000000000000000336,0.0000000000000000000000000000000000000000000000000000000000000101,"***"
"European",1.1,"dominant","per_cM_all_log","Short ROH","Medium ROH",500,500,120227,0.000000000000000000000000000000000000000000000000000000000000000000000049,0.000000000000000000000000000000000000000000000000000000000000000000000147,"***"
"European",1.1,"dominant","per_cM_all_log","Short ROH","Long ROH",500,500,123863,0.0000000000000000000000000000000000000000000000000000000000000000000000000000000483,0.000000000000000000000000000000000000000000000000000000000000000000000000000000242,"***"
"European",1.1,"dominant","per_cM_all_log","Short ROH","Non-ROH",500,500,124712,0.000000000000000000000000000000000000000000000000000000000000000000000000000000000317,0.0000000000000000000000000000000000000000000000000000000000000000000000000000000019,"***"
"European",1.1,"dominant","per_cM_all_log","Medium ROH","Long ROH",500,500,115329,0.00000000000000000000000000000000000000000000000000000000000908,0.0000000000000000000000000000000000000000000000000000000000182,"***"
"European",1.1,"dominant","per_cM_all_log","Medium ROH","Non-ROH",500,500,28392,0.0000000000000000000000000329,0.0000000000000000000000000329,"***"
"European",1.1,"dominant","per_cM_all_log","Long ROH","Non-ROH",500,500,4097,0.000000000000000000000000000000000000000000000000000000000000000000000000281,0.00000000000000000000000000000000000000000000000000000000000000000000000112,"***"
"European",1.1,"mixed","per_cM_all_log","Short ROH","Medium ROH",500,500,120825,0.00000000000000000000000000000000000000000000000000000000000000000000000177,0.00000000000000000000000000000000000000000000000000000000000000000000000708,"***"
"European",1.1,"mixed","per_cM_all_log","Short ROH","Long ROH",500,500,121650,0.000000000000000000000000000000000000000000000000000000000000000000000000017,0.000000000000000000000000000000000000000000000000000000000000000000000000085,"***"
"European",1.1,"mixed","per_cM_all_log","Short ROH","Non-ROH",500,500,125226,0.0000000000000000000000000000000000000000000000000000000000000000000000000000000000147,0.0000000000000000000000000000000000000000000000000000000000000000000000000000000000882,"***"
"European",1.1,"mixed","per_cM_all_log","Medium ROH","Long ROH",500,500,106533,0.00000000000000000000000000000000000000000499,0.00000000000000000000000000000000000000000998,"***"
"European",1.1,"mixed","per_cM_all_log","Medium ROH","Non-ROH",500,500,61339,0.691,0.691,"ns"
"European",1.1,"mixed","per_cM_all_log","Long ROH","Non-ROH",500,500,16593,0.00000000000000000000000000000000000000000000051,0.00000000000000000000000000000000000000000000153,"***"
"European",1.2,"recessive","per_cM_all_log","Short ROH","Medium ROH",500,500,58135,0.165,0.33,"ns"
"European",1.2,"recessive","per_cM_all_log","Short ROH","Long ROH",500,500,65481,0.377,0.377,"ns"
"European",1.2,"recessive","per_cM_all_log","Short ROH","Non-ROH",500,500,125250,0.0000000000000000000000000000000000000000000000000000000000000000000000000000000000127,0.0000000000000000000000000000000000000000000000000000000000000000000000000000000000762,"***"
"European",1.2,"recessive","per_cM_all_log","Medium ROH","Long ROH",500,500,68364,0.076,0.227,"ns"
"European",1.2,"recessive","per_cM_all_log","Medium ROH","Non-ROH",500,500,125250,0.0000000000000000000000000000000000000000000000000000000000000000000000000000000000127,0.0000000000000000000000000000000000000000000000000000000000000000000000000000000000762,"***"
"European",1.2,"recessive","per_cM_all_log","Long ROH","Non-ROH",500,500,125049,0.0000000000000000000000000000000000000000000000000000000000000000000000000000000000424,0.00000000000000000000000000000000000000000000000000000000000000000000000000000000017,"***"
"European",1.2,"additive","per_cM_all_log","Short ROH","Medium ROH",500,500,120851,0.00000000000000000000000000000000000000000000000000000000000000000000000153,0.00000000000000000000000000000000000000000000000000000000000000000000000612,"***"
"European",1.2,"additive","per_cM_all_log","Short ROH","Long ROH",500,500,123523,0.000000000000000000000000000000000000000000000000000000000000000000000000000000354,0.00000000000000000000000000000000000000000000000000000000000000000000000000000177,"***"
"European",1.2,"additive","per_cM_all_log","Short ROH","Non-ROH",500,500,124970,0.000000000000000000000000000000000000000000000000000000000000000000000000000000000068,0.000000000000000000000000000000000000000000000000000000000000000000000000000000000408,"***"
"European",1.2,"additive","per_cM_all_log","Medium ROH","Long ROH",500,500,112639,0.00000000000000000000000000000000000000000000000000000529,0.0000000000000000000000000000000000000000000000000000106,"***"
"European",1.2,"additive","per_cM_all_log","Medium ROH","Non-ROH",500,500,36826,0.00000000000000145,0.00000000000000145,"***"
"European",1.2,"additive","per_cM_all_log","Long ROH","Non-ROH",500,500,7481,0.0000000000000000000000000000000000000000000000000000000000000000295,0.0000000000000000000000000000000000000000000000000000000000000000885,"***"
"European",1.2,"dominant","per_cM_all_log","Short ROH","Medium ROH",500,500,117905,0.0000000000000000000000000000000000000000000000000000000000000000143,0.0000000000000000000000000000000000000000000000000000000000000000429,"***"
"European",1.2,"dominant","per_cM_all_log","Short ROH","Long ROH",500,500,123808,0.0000000000000000000000000000000000000000000000000000000000000000000000000000000667,0.0000000000000000000000000000000000000000000000000000000000000000000000000000004,"***"
"European",1.2,"dominant","per_cM_all_log","Short ROH","Non-ROH",500,500,122893,0.0000000000000000000000000000000000000000000000000000000000000000000000000000138,0.000000000000000000000000000000000000000000000000000000000000000000000000000069,"***"
"European",1.2,"dominant","per_cM_all_log","Medium ROH","Long ROH",500,500,115690,0.00000000000000000000000000000000000000000000000000000000000145,0.0000000000000000000000000000000000000000000000000000000000029,"***"
"European",1.2,"dominant","per_cM_all_log","Medium ROH","Non-ROH",500,500,28692,0.0000000000000000000000000884,0.0000000000000000000000000884,"***"
"European",1.2,"dominant","per_cM_all_log","Long ROH","Non-ROH",500,500,3578,0.000000000000000000000000000000000000000000000000000000000000000000000000015,0.00000000000000000000000000000000000000000000000000000000000000000000000006,"***"
"European",1.2,"mixed","per_cM_all_log","Short ROH","Medium ROH",500,500,117945,0.0000000000000000000000000000000000000000000000000000000000000000116,0.0000000000000000000000000000000000000000000000000000000000000000464,"***"
"European",1.2,"mixed","per_cM_all_log","Short ROH","Long ROH",500,500,121345,0.0000000000000000000000000000000000000000000000000000000000000000000000000954,0.000000000000000000000000000000000000000000000000000000000000000000000000477,"***"
"European",1.2,"mixed","per_cM_all_log","Short ROH","Non-ROH",500,500,125025,0.0000000000000000000000000000000000000000000000000000000000000000000000000000000000489,0.000000000000000000000000000000000000000000000000000000000000000000000000000000000293,"***"
"European",1.2,"mixed","per_cM_all_log","Medium ROH","Long ROH",500,500,107097,0.000000000000000000000000000000000000000000454,0.000000000000000000000000000000000000000000908,"***"
"European",1.2,"mixed","per_cM_all_log","Medium ROH","Non-ROH",500,500,55595,0.03,0.03,"*"
"European",1.2,"mixed","per_cM_all_log","Long ROH","Non-ROH",500,500,14573,0.0000000000000000000000000000000000000000000000000549,0.000000000000000000000000000000000000000000000000165,"***"
"European",1.3,"recessive","per_cM_all_log","Short ROH","Medium ROH",500,500,49106,0.0000289,0.0000867,"***"
"European",1.3,"recessive","per_cM_all_log","Short ROH","Long ROH",500,500,62196,0.895,0.895,"ns"
"European",1.3,"recessive","per_cM_all_log","Short ROH","Non-ROH",500,500,125250,0.0000000000000000000000000000000000000000000000000000000000000000000000000000000000127,0.0000000000000000000000000000000000000000000000000000000000000000000000000000000000762,"***"
"European",1.3,"recessive","per_cM_all_log","Medium ROH","Long ROH",500,500,69293,0.039,0.078,"ns"
"European",1.3,"recessive","per_cM_all_log","Medium ROH","Non-ROH",500,500,125250,0.0000000000000000000000000000000000000000000000000000000000000000000000000000000000127,0.0000000000000000000000000000000000000000000000000000000000000000000000000000000000762,"***"
"European",1.3,"recessive","per_cM_all_log","Long ROH","Non-ROH",500,500,125036,0.0000000000000000000000000000000000000000000000000000000000000000000000000000000000458,0.000000000000000000000000000000000000000000000000000000000000000000000000000000000183,"***"
"European",1.3,"additive","per_cM_all_log","Short ROH","Medium ROH",500,500,119075,0.0000000000000000000000000000000000000000000000000000000000000000000269,0.000000000000000000000000000000000000000000000000000000000000000000108,"***"
"European",1.3,"additive","per_cM_all_log","Short ROH","Long ROH",500,500,123474,0.000000000000000000000000000000000000000000000000000000000000000000000000000000471,0.00000000000000000000000000000000000000000000000000000000000000000000000000000236,"***"
"European",1.3,"additive","per_cM_all_log","Short ROH","Non-ROH",500,500,124266,0.00000000000000000000000000000000000000000000000000000000000000000000000000000000448,0.0000000000000000000000000000000000000000000000000000000000000000000000000000000269,"***"
"European",1.3,"additive","per_cM_all_log","Medium ROH","Long ROH",500,500,113207,0.000000000000000000000000000000000000000000000000000000339,0.000000000000000000000000000000000000000000000000000000678,"***"
"European",1.3,"additive","per_cM_all_log","Medium ROH","Non-ROH",500,500,34310,0.00000000000000000196,0.00000000000000000196,"***"
"European",1.3,"additive","per_cM_all_log","Long ROH","Non-ROH",500,500,6449,0.000000000000000000000000000000000000000000000000000000000000000000118,0.000000000000000000000000000000000000000000000000000000000000000000354,"***"
"European",1.3,"dominant","per_cM_all_log","Short ROH","Medium ROH",500,500,115990,0.000000000000000000000000000000000000000000000000000000000000313,0.000000000000000000000000000000000000000000000000000000000000626,"***"
"European",1.3,"dominant","per_cM_all_log","Short ROH","Long ROH",500,500,123831,0.0000000000000000000000000000000000000000000000000000000000000000000000000000000582,0.000000000000000000000000000000000000000000000000000000000000000000000000000000349,"***"
"European",1.3,"dominant","per_cM_all_log","Short ROH","Non-ROH",500,500,119094,0.0000000000000000000000000000000000000000000000000000000000000000000243,0.0000000000000000000000000000000000000000000000000000000000000000000972,"***"
"European",1.3,"dominant","per_cM_all_log","Medium ROH","Long ROH",500,500,116140,0.000000000000000000000000000000000000000000000000000000000000145,0.000000000000000000000000000000000000000000000000000000000000435,"***"
"European",1.3,"dominant","per_cM_all_log","Medium ROH","Non-ROH",500,500,27799,0.00000000000000000000000000456,0.00000000000000000000000000456,"***"
"European",1.3,"dominant","per_cM_all_log","Long ROH","Non-ROH",500,500,3026,0.000000000000000000000000000000000000000000000000000000000000000000000000000648,0.00000000000000000000000000000000000000000000000000000000000000000000000000324,"***"
"European",1.3,"mixed","per_cM_all_log","Short ROH","Medium ROH",500,500,115503,0.00000000000000000000000000000000000000000000000000000000000375,0.000000000000000000000000000000000000000000000000000000000015,"***"
"European",1.3,"mixed","per_cM_all_log","Short ROH","Long ROH",500,500,121298,0.000000000000000000000000000000000000000000000000000000000000000000000000124,0.00000000000000000000000000000000000000000000000000000000000000000000000062,"***"
"European",1.3,"mixed","per_cM_all_log","Short ROH","Non-ROH",500,500,124356,0.00000000000000000000000000000000000000000000000000000000000000000000000000000000263,0.0000000000000000000000000000000000000000000000000000000000000000000000000000000158,"***"
"European",1.3,"mixed","per_cM_all_log","Medium ROH","Long ROH",500,500,107842,0.0000000000000000000000000000000000000000000182,0.0000000000000000000000000000000000000000000364,"***"
"European",1.3,"mixed","per_cM_all_log","Medium ROH","Non-ROH",500,500,50590,0.000197,0.000197,"***"
"European",1.3,"mixed","per_cM_all_log","Long ROH","Non-ROH",500,500,12484,0.00000000000000000000000000000000000000000000000000000287,0.00000000000000000000000000000000000000000000000000000861,"***"
"East Asian",0.7,"recessive","per_cM_all_log","Short ROH","Medium ROH",500,500,125243,0.0000000000000000000000000000000000000000000000000000000000000000000000000000000000132,0.0000000000000000000000000000000000000000000000000000000000000000000000000000000000762,"***"
"East Asian",0.7,"recessive","per_cM_all_log","Short ROH","Long ROH",500,500,118347,0.00000000000000000000000000000000000000000000000000000000000000000136,0.00000000000000000000000000000000000000000000000000000000000000000272,"***"
"East Asian",0.7,"recessive","per_cM_all_log","Short ROH","Non-ROH",500,500,125250,0.0000000000000000000000000000000000000000000000000000000000000000000000000000000000127,0.0000000000000000000000000000000000000000000000000000000000000000000000000000000000762,"***"
"East Asian",0.7,"recessive","per_cM_all_log","Medium ROH","Long ROH",500,500,86403,0.000000000000189,0.000000000000189,"***"
"East Asian",0.7,"recessive","per_cM_all_log","Medium ROH","Non-ROH",500,500,125250,0.0000000000000000000000000000000000000000000000000000000000000000000000000000000000127,0.0000000000000000000000000000000000000000000000000000000000000000000000000000000000762,"***"
"East Asian",0.7,"recessive","per_cM_all_log","Long ROH","Non-ROH",500,500,119914,0.000000000000000000000000000000000000000000000000000000000000000000000276,0.000000000000000000000000000000000000000000000000000000000000000000000828,"***"
"East Asian",0.7,"additive","per_cM_all_log","Short ROH","Medium ROH",500,500,125250,0.0000000000000000000000000000000000000000000000000000000000000000000000000000000000127,0.0000000000000000000000000000000000000000000000000000000000000000000000000000000000762,"***"
"East Asian",0.7,"additive","per_cM_all_log","Short ROH","Long ROH",500,500,125237,0.0000000000000000000000000000000000000000000000000000000000000000000000000000000000137,0.0000000000000000000000000000000000000000000000000000000000000000000000000000000000762,"***"
"East Asian",0.7,"additive","per_cM_all_log","Short ROH","Non-ROH",500,500,125250,0.0000000000000000000000000000000000000000000000000000000000000000000000000000000000127,0.0000000000000000000000000000000000000000000000000000000000000000000000000000000000762,"***"
"East Asian",0.7,"additive","per_cM_all_log","Medium ROH","Long ROH",500,500,119563,0.00000000000000000000000000000000000000000000000000000000000000000000189,0.00000000000000000000000000000000000000000000000000000000000000000000378,"***"
"East Asian",0.7,"additive","per_cM_all_log","Medium ROH","Non-ROH",500,500,36796,0.00000000000000134,0.00000000000000134,"***"
"East Asian",0.7,"additive","per_cM_all_log","Long ROH","Non-ROH",500,500,3469,0.00000000000000000000000000000000000000000000000000000000000000000000000000809,0.0000000000000000000000000000000000000000000000000000000000000000000000000243,"***"
"East Asian",0.7,"dominant","per_cM_all_log","Short ROH","Medium ROH",500,500,125250,0.0000000000000000000000000000000000000000000000000000000000000000000000000000000000127,0.0000000000000000000000000000000000000000000000000000000000000000000000000000000000762,"***"
"East Asian",0.7,"dominant","per_cM_all_log","Short ROH","Long ROH",500,500,124857,0.000000000000000000000000000000000000000000000000000000000000000000000000000000000134,0.000000000000000000000000000000000000000000000000000000000000000000000000000000000536,"***"
"East Asian",0.7,"dominant","per_cM_all_log","Short ROH","Non-ROH",500,500,125250,0.0000000000000000000000000000000000000000000000000000000000000000000000000000000000127,0.0000000000000000000000000000000000000000000000000000000000000000000000000000000000762,"***"
"East Asian",0.7,"dominant","per_cM_all_log","Medium ROH","Long ROH",500,500,116558,0.0000000000000000000000000000000000000000000000000000000000000168,0.0000000000000000000000000000000000000000000000000000000000000168,"***"
"East Asian",0.7,"dominant","per_cM_all_log","Medium ROH","Non-ROH",500,500,6080,0.0000000000000000000000000000000000000000000000000000000000000000000161,0.0000000000000000000000000000000000000000000000000000000000000000000322,"***"
"East Asian",0.7,"dominant","per_cM_all_log","Long ROH","Non-ROH",500,500,3475,0.00000000000000000000000000000000000000000000000000000000000000000000000000837,0.0000000000000000000000000000000000000000000000000000000000000000000000000251,"***"
"East Asian",0.7,"mixed","per_cM_all_log","Short ROH","Medium ROH",500,500,125250,0.0000000000000000000000000000000000000000000000000000000000000000000000000000000000127,0.0000000000000000000000000000000000000000000000000000000000000000000000000000000000762,"***"
"East Asian",0.7,"mixed","per_cM_all_log","Short ROH","Long ROH",500,500,124987,0.0000000000000000000000000000000000000000000000000000000000000000000000000000000000614,0.000000000000000000000000000000000000000000000000000000000000000000000000000000000246,"***"
"East Asian",0.7,"mixed","per_cM_all_log","Short ROH","Non-ROH",500,500,125250,0.0000000000000000000000000000000000000000000000000000000000000000000000000000000000127,0.0000000000000000000000000000000000000000000000000000000000000000000000000000000000762,"***"
"East Asian",0.7,"mixed","per_cM_all_log","Medium ROH","Long ROH",500,500,113410,0.000000000000000000000000000000000000000000000000000000126,0.000000000000000000000000000000000000000000000000000000378,"***"
"East Asian",0.7,"mixed","per_cM_all_log","Medium ROH","Non-ROH",500,500,76298,0.0000234,0.0000234,"***"
"East Asian",0.7,"mixed","per_cM_all_log","Long ROH","Non-ROH",500,500,12774,0.0000000000000000000000000000000000000000000000000000116,0.0000000000000000000000000000000000000000000000000000232,"***"
"East Asian",0.8,"recessive","per_cM_all_log","Short ROH","Medium ROH",500,500,124829,0.000000000000000000000000000000000000000000000000000000000000000000000000000000000158,0.000000000000000000000000000000000000000000000000000000000000000000000000000000000632,"***"
"East Asian",0.8,"recessive","per_cM_all_log","Short ROH","Long ROH",500,500,109136,0.0000000000000000000000000000000000000000000000605,0.000000000000000000000000000000000000000000000121,"***"
"East Asian",0.8,"recessive","per_cM_all_log","Short ROH","Non-ROH",500,500,125250,0.0000000000000000000000000000000000000000000000000000000000000000000000000000000000127,0.0000000000000000000000000000000000000000000000000000000000000000000000000000000000762,"***"
"East Asian",0.8,"recessive","per_cM_all_log","Medium ROH","Long ROH",500,500,78472,0.000000946,0.000000946,"***"
"East Asian",0.8,"recessive","per_cM_all_log","Medium ROH","Non-ROH",500,500,125250,0.0000000000000000000000000000000000000000000000000000000000000000000000000000000000127,0.0000000000000000000000000000000000000000000000000000000000000000000000000000000000762,"***"
"East Asian",0.8,"recessive","per_cM_all_log","Long ROH","Non-ROH",500,500,122079,0.00000000000000000000000000000000000000000000000000000000000000000000000000148,0.00000000000000000000000000000000000000000000000000000000000000000000000000444,"***"
"East Asian",0.8,"additive","per_cM_all_log","Short ROH","Medium ROH",500,500,125250,0.0000000000000000000000000000000000000000000000000000000000000000000000000000000000127,0.0000000000000000000000000000000000000000000000000000000000000000000000000000000000762,"***"
"East Asian",0.8,"additive","per_cM_all_log","Short ROH","Long ROH",500,500,125133,0.0000000000000000000000000000000000000000000000000000000000000000000000000000000000256,0.000000000000000000000000000000000000000000000000000000000000000000000000000000000102,"***"
"East Asian",0.8,"additive","per_cM_all_log","Short ROH","Non-ROH",500,500,125250,0.0000000000000000000000000000000000000000000000000000000000000000000000000000000000127,0.0000000000000000000000000000000000000000000000000000000000000000000000000000000000762,"***"
"East Asian",0.8,"additive","per_cM_all_log","Medium ROH","Long ROH",500,500,117735,0.0000000000000000000000000000000000000000000000000000000000000000353,0.0000000000000000000000000000000000000000000000000000000000000000706,"***"
"East Asian",0.8,"additive","per_cM_all_log","Medium ROH","Non-ROH",500,500,39400,0.000000000000672,0.000000000000672,"***"
"East Asian",0.8,"additive","per_cM_all_log","Long ROH","Non-ROH",500,500,5002,0.0000000000000000000000000000000000000000000000000000000000000000000000437,0.000000000000000000000000000000000000000000000000000000000000000000000131,"***"
"East Asian",0.8,"dominant","per_cM_all_log","Short ROH","Medium ROH",500,500,125238,0.0000000000000000000000000000000000000000000000000000000000000000000000000000000000136,0.0000000000000000000000000000000000000000000000000000000000000000000000000000000000768,"***"
"East Asian",0.8,"dominant","per_cM_all_log","Short ROH","Long ROH",500,500,124290,0.00000000000000000000000000000000000000000000000000000000000000000000000000000000389,0.0000000000000000000000000000000000000000000000000000000000000000000000000000000156,"***"
"East Asian",0.8,"dominant","per_cM_all_log","Short ROH","Non-ROH",500,500,125249,0.0000000000000000000000000000000000000000000000000000000000000000000000000000000000128,0.0000000000000000000000000000000000000000000000000000000000000000000000000000000000768,"***"
"East Asian",0.8,"dominant","per_cM_all_log","Medium ROH","Long ROH",500,500,115153,0.0000000000000000000000000000000000000000000000000000000000221,0.0000000000000000000000000000000000000000000000000000000000442,"***"
"East Asian",0.8,"dominant","per_cM_all_log","Medium ROH","Non-ROH",500,500,13568,0.000000000000000000000000000000000000000000000000000503,0.000000000000000000000000000000000000000000000000000503,"***"
"East Asian",0.8,"dominant","per_cM_all_log","Long ROH","Non-ROH",500,500,4980,0.0000000000000000000000000000000000000000000000000000000000000000000000387,0.000000000000000000000000000000000000000000000000000000000000000000000116,"***"
"East Asian",0.8,"mixed","per_cM_all_log","Short ROH","Medium ROH",500,500,125250,0.0000000000000000000000000000000000000000000000000000000000000000000000000000000000127,0.0000000000000000000000000000000000000000000000000000000000000000000000000000000000762,"***"
"East Asian",0.8,"mixed","per_cM_all_log","Short ROH","Long ROH",500,500,124259,0.00000000000000000000000000000000000000000000000000000000000000000000000000000000467,0.0000000000000000000000000000000000000000000000000000000000000000000000000000000187,"***"
"East Asian",0.8,"mixed","per_cM_all_log","Short ROH","Non-ROH",500,500,125250,0.0000000000000000000000000000000000000000000000000000000000000000000000000000000000127,0.0000000000000000000000000000000000000000000000000000000000000000000000000000000000762,"***"
"East Asian",0.8,"mixed","per_cM_all_log","Medium ROH","Long ROH",500,500,110204,0.000000000000000000000000000000000000000000000000483,0.00000000000000000000000000000000000000000000000145,"***"
"East Asian",0.8,"mixed","per_cM_all_log","Medium ROH","Non-ROH",500,500,75253,0.0000936,0.0000936,"***"
"East Asian",0.8,"mixed","per_cM_all_log","Long ROH","Non-ROH",500,500,16093,0.0000000000000000000000000000000000000000000000551,0.00000000000000000000000000000000000000000000011,"***"
"East Asian",0.9,"recessive","per_cM_all_log","Short ROH","Medium ROH",500,500,121097,0.000000000000000000000000000000000000000000000000000000000000000000000000385,0.00000000000000000000000000000000000000000000000000000000000000000000000116,"***"
"East Asian",0.9,"recessive","per_cM_all_log","Short ROH","Long ROH",500,500,98432,0.000000000000000000000000000161,0.000000000000000000000000000322,"***"
"East Asian",0.9,"recessive","per_cM_all_log","Short ROH","Non-ROH",500,500,125250,0.0000000000000000000000000000000000000000000000000000000000000000000000000000000000127,0.0000000000000000000000000000000000000000000000000000000000000000000000000000000000762,"***"
"East Asian",0.9,"recessive","per_cM_all_log","Medium ROH","Long ROH",500,500,73254,0.001,0.001,"***"
"East Asian",0.9,"recessive","per_cM_all_log","Medium ROH","Non-ROH",500,500,125250,0.0000000000000000000000000000000000000000000000000000000000000000000000000000000000127,0.0000000000000000000000000000000000000000000000000000000000000000000000000000000000762,"***"
"East Asian",0.9,"recessive","per_cM_all_log","Long ROH","Non-ROH",500,500,123170,0.00000000000000000000000000000000000000000000000000000000000000000000000000000277,0.0000000000000000000000000000000000000000000000000000000000000000000000000000111,"***"
"East Asian",0.9,"additive","per_cM_all_log","Short ROH","Medium ROH",500,500,125235,0.0000000000000000000000000000000000000000000000000000000000000000000000000000000000139,0.0000000000000000000000000000000000000000000000000000000000000000000000000000000000762,"***"
"East Asian",0.9,"additive","per_cM_all_log","Short ROH","Long ROH",500,500,124803,0.000000000000000000000000000000000000000000000000000000000000000000000000000000000184,0.000000000000000000000000000000000000000000000000000000000000000000000000000000000736,"***"
"East Asian",0.9,"additive","per_cM_all_log","Short ROH","Non-ROH",500,500,125250,0.0000000000000000000000000000000000000000000000000000000000000000000000000000000000127,0.0000000000000000000000000000000000000000000000000000000000000000000000000000000000762,"***"
"East Asian",0.9,"additive","per_cM_all_log","Medium ROH","Long ROH",500,500,116273,0.000000000000000000000000000000000000000000000000000000000000073,0.000000000000000000000000000000000000000000000000000000000000146,"***"
"East Asian",0.9,"additive","per_cM_all_log","Medium ROH","Non-ROH",500,500,41393,0.0000000000508,0.0000000000508,"***"
"East Asian",0.9,"additive","per_cM_all_log","Long ROH","Non-ROH",500,500,6203,0.0000000000000000000000000000000000000000000000000000000000000000000313,0.0000000000000000000000000000000000000000000000000000000000000000000939,"***"
"East Asian",0.9,"dominant","per_cM_all_log","Short ROH","Medium ROH",500,500,124887,0.000000000000000000000000000000000000000000000000000000000000000000000000000000000112,0.00000000000000000000000000000000000000000000000000000000000000000000000000000000056,"***"
"East Asian",0.9,"dominant","per_cM_all_log","Short ROH","Long ROH",500,500,123645,0.000000000000000000000000000000000000000000000000000000000000000000000000000000173,0.000000000000000000000000000000000000000000000000000000000000000000000000000000692,"***"
"East Asian",0.9,"dominant","per_cM_all_log","Short ROH","Non-ROH",500,500,125245,0.0000000000000000000000000000000000000000000000000000000000000000000000000000000000131,0.0000000000000000000000000000000000000000000000000000000000000000000000000000000000786,"***"
"East Asian",0.9,"dominant","per_cM_all_log","Medium ROH","Long ROH",500,500,114460,0.000000000000000000000000000000000000000000000000000000000713,0.00000000000000000000000000000000000000000000000000000000143,"***"
"East Asian",0.9,"dominant","per_cM_all_log","Medium ROH","Non-ROH",500,500,22099,0.00000000000000000000000000000000000465,0.00000000000000000000000000000000000465,"***"
"East Asian",0.9,"dominant","per_cM_all_log","Long ROH","Non-ROH",500,500,5893,0.00000000000000000000000000000000000000000000000000000000000000000000581,0.0000000000000000000000000000000000000000000000000000000000000000000174,"***"
"East Asian",0.9,"mixed","per_cM_all_log","Short ROH","Medium ROH",500,500,125212,0.0000000000000000000000000000000000000000000000000000000000000000000000000000000000159,0.0000000000000000000000000000000000000000000000000000000000000000000000000000000000795,"***"
"East Asian",0.9,"mixed","per_cM_all_log","Short ROH","Long ROH",500,500,123106,0.00000000000000000000000000000000000000000000000000000000000000000000000000000402,0.0000000000000000000000000000000000000000000000000000000000000000000000000000161,"***"
"East Asian",0.9,"mixed","per_cM_all_log","Short ROH","Non-ROH",500,500,125250,0.0000000000000000000000000000000000000000000000000000000000000000000000000000000000127,0.0000000000000000000000000000000000000000000000000000000000000000000000000000000000762,"***"
"East Asian",0.9,"mixed","per_cM_all_log","Medium ROH","Long ROH",500,500,107906,0.0000000000000000000000000000000000000000000138,0.0000000000000000000000000000000000000000000414,"***"
"East Asian",0.9,"mixed","per_cM_all_log","Medium ROH","Non-ROH",500,500,71273,0.007,0.007,"**"
"East Asian",0.9,"mixed","per_cM_all_log","Long ROH","Non-ROH",500,500,18097,0.000000000000000000000000000000000000000000357,0.000000000000000000000000000000000000000000714,"***"
"East Asian",1,"recessive","per_cM_all_log","Short ROH","Medium ROH",500,500,111027,0.0000000000000000000000000000000000000000000000000108,0.0000000000000000000000000000000000000000000000000324,"***"
"East Asian",1,"recessive","per_cM_all_log","Short ROH","Long ROH",500,500,88567,0.00000000000000101,0.00000000000000202,"***"
"East Asian",1,"recessive","per_cM_all_log","Short ROH","Non-ROH",500,500,125250,0.0000000000000000000000000000000000000000000000000000000000000000000000000000000000127,0.0000000000000000000000000000000000000000000000000000000000000000000000000000000000762,"***"
"East Asian",1,"recessive","per_cM_all_log","Medium ROH","Long ROH",500,500,70459,0.015,0.015,"*"
"East Asian",1,"recessive","per_cM_all_log","Medium ROH","Non-ROH",500,500,125250,0.0000000000000000000000000000000000000000000000000000000000000000000000000000000000127,0.0000000000000000000000000000000000000000000000000000000000000000000000000000000000762,"***"
"East Asian",1,"recessive","per_cM_all_log","Long ROH","Non-ROH",500,500,123800,0.0000000000000000000000000000000000000000000000000000000000000000000000000000000699,0.00000000000000000000000000000000000000000000000000000000000000000000000000000028,"***"
"East Asian",1,"additive","per_cM_all_log","Short ROH","Medium ROH",500,500,124744,0.000000000000000000000000000000000000000000000000000000000000000000000000000000000262,0.00000000000000000000000000000000000000000000000000000000000000000000000000000000131,"***"
"East Asian",1,"additive","per_cM_all_log","Short ROH","Long ROH",500,500,124336,0.00000000000000000000000000000000000000000000000000000000000000000000000000000000296,0.0000000000000000000000000000000000000000000000000000000000000000000000000000000118,"***"
"East Asian",1,"additive","per_cM_all_log","Short ROH","Non-ROH",500,500,125250,0.0000000000000000000000000000000000000000000000000000000000000000000000000000000000127,0.0000000000000000000000000000000000000000000000000000000000000000000000000000000000762,"***"
"East Asian",1,"additive","per_cM_all_log","Medium ROH","Long ROH",500,500,115451,0.00000000000000000000000000000000000000000000000000000000000489,0.00000000000000000000000000000000000000000000000000000000000978,"***"
"East Asian",1,"additive","per_cM_all_log","Medium ROH","Non-ROH",500,500,42173,0.00000000025,0.00000000025,"***"
"East Asian",1,"additive","per_cM_all_log","Long ROH","Non-ROH",500,500,6738,0.000000000000000000000000000000000000000000000000000000000000000000561,0.00000000000000000000000000000000000000000000000000000000000000000168,"***"
"East Asian",1,"dominant","per_cM_all_log","Short ROH","Medium ROH",500,500,123346,0.000000000000000000000000000000000000000000000000000000000000000000000000000000995,0.00000000000000000000000000000000000000000000000000000000000000000000000000000498,"***"
"East Asian",1,"dominant","per_cM_all_log","Short ROH","Long ROH",500,500,123179,0.00000000000000000000000000000000000000000000000000000000000000000000000000000263,0.0000000000000000000000000000000000000000000000000000000000000000000000000000105,"***"
"East Asian",1,"dominant","per_cM_all_log","Short ROH","Non-ROH",500,500,125158,0.000000000000000000000000000000000000000000000000000000000000000000000000000000000022,0.000000000000000000000000000000000000000000000000000000000000000000000000000000000132,"***"
"East Asian",1,"dominant","per_cM_all_log","Medium ROH","Long ROH",500,500,114319,0.00000000000000000000000000000000000000000000000000000000144,0.00000000000000000000000000000000000000000000000000000000288,"***"
"East Asian",1,"dominant","per_cM_all_log","Medium ROH","Non-ROH",500,500,28275,0.0000000000000000000000000224,0.0000000000000000000000000224,"***"
"East Asian",1,"dominant","per_cM_all_log","Long ROH","Non-ROH",500,500,6138,0.000000000000000000000000000000000000000000000000000000000000000000022,0.000000000000000000000000000000000000000000000000000000000000000000066,"***"
"East Asian",1,"mixed","per_cM_all_log","Short ROH","Medium ROH",500,500,124703,0.000000000000000000000000000000000000000000000000000000000000000000000000000000000335,0.00000000000000000000000000000000000000000000000000000000000000000000000000000000167,"***"
"East Asian",1,"mixed","per_cM_all_log","Short ROH","Long ROH",500,500,121853,0.00000000000000000000000000000000000000000000000000000000000000000000000000538,0.0000000000000000000000000000000000000000000000000000000000000000000000000215,"***"
"East Asian",1,"mixed","per_cM_all_log","Short ROH","Non-ROH",500,500,125250,0.0000000000000000000000000000000000000000000000000000000000000000000000000000000000127,0.0000000000000000000000000000000000000000000000000000000000000000000000000000000000762,"***"
"East Asian",1,"mixed","per_cM_all_log","Medium ROH","Long ROH",500,500,106869,0.0000000000000000000000000000000000000000012,0.00000000000000000000000000000000000000000257,"***"
"East Asian",1,"mixed","per_cM_all_log","Medium ROH","Non-ROH",500,500,65672,0.346,0.346,"ns"
"East Asian",1,"mixed","per_cM_all_log","Long ROH","Non-ROH",500,500,18302,0.000000000000000000000000000000000000000000857,0.00000000000000000000000000000000000000000257,"***"
"East Asian",1.1,"recessive","per_cM_all_log","Short ROH","Medium ROH",500,500,96158,0.000000000000000000000000325,0.000000000000000000000000975,"***"
"East Asian",1.1,"recessive","per_cM_all_log","Short ROH","Long ROH",500,500,80721,0.0000000216,0.0000000432,"***"
"East Asian",1.1,"recessive","per_cM_all_log","Short ROH","Non-ROH",500,500,125250,0.0000000000000000000000000000000000000000000000000000000000000000000000000000000000127,0.0000000000000000000000000000000000000000000000000000000000000000000000000000000000762,"***"
"East Asian",1.1,"recessive","per_cM_all_log","Medium ROH","Long ROH",500,500,69183,0.043,0.043,"*"
"East Asian",1.1,"recessive","per_cM_all_log","Medium ROH","Non-ROH",500,500,125250,0.0000000000000000000000000000000000000000000000000000000000000000000000000000000000127,0.0000000000000000000000000000000000000000000000000000000000000000000000000000000000762,"***"
"East Asian",1.1,"recessive","per_cM_all_log","Long ROH","Non-ROH",500,500,124145,0.00000000000000000000000000000000000000000000000000000000000000000000000000000000916,0.0000000000000000000000000000000000000000000000000000000000000000000000000000000366,"***"
"East Asian",1.1,"additive","per_cM_all_log","Short ROH","Medium ROH",500,500,123034,0.0000000000000000000000000000000000000000000000000000000000000000000000000000061,0.0000000000000000000000000000000000000000000000000000000000000000000000000000244,"***"
"East Asian",1.1,"additive","per_cM_all_log","Short ROH","Long ROH",500,500,123944,0.00000000000000000000000000000000000000000000000000000000000000000000000000000003,0.00000000000000000000000000000000000000000000000000000000000000000000000000000015,"***"
"East Asian",1.1,"additive","per_cM_all_log","Short ROH","Non-ROH",500,500,125244,0.0000000000000000000000000000000000000000000000000000000000000000000000000000000000132,0.0000000000000000000000000000000000000000000000000000000000000000000000000000000000792,"***"
"East Asian",1.1,"additive","per_cM_all_log","Medium ROH","Long ROH",500,500,115258,0.000000000000000000000000000000000000000000000000000000000013,0.000000000000000000000000000000000000000000000000000000000026,"***"
"East Asian",1.1,"additive","per_cM_all_log","Medium ROH","Non-ROH",500,500,41922,0.000000000151,0.000000000151,"***"
"East Asian",1.1,"additive","per_cM_all_log","Long ROH","Non-ROH",500,500,6623,0.000000000000000000000000000000000000000000000000000000000000000000302,0.000000000000000000000000000000000000000000000000000000000000000000906,"***"
"East Asian",1.1,"dominant","per_cM_all_log","Short ROH","Medium ROH",500,500,120832,0.0000000000000000000000000000000000000000000000000000000000000000000000017,0.0000000000000000000000000000000000000000000000000000000000000000000000068,"***"
"East Asian",1.1,"dominant","per_cM_all_log","Short ROH","Long ROH",500,500,122898,0.0000000000000000000000000000000000000000000000000000000000000000000000000000134,0.000000000000000000000000000000000000000000000000000000000000000000000000000067,"***"
"East Asian",1.1,"dominant","per_cM_all_log","Short ROH","Non-ROH",500,500,124565,0.000000000000000000000000000000000000000000000000000000000000000000000000000000000761,0.00000000000000000000000000000000000000000000000000000000000000000000000000000000457,"***"
"East Asian",1.1,"dominant","per_cM_all_log","Medium ROH","Long ROH",500,500,114601,0.000000000000000000000000000000000000000000000000000000000353,0.000000000000000000000000000000000000000000000000000000000706,"***"
"East Asian",1.1,"dominant","per_cM_all_log","Medium ROH","Non-ROH",500,500,31330,0.000000000000000000000361,0.000000000000000000000361,"***"
"East Asian",1.1,"dominant","per_cM_all_log","Long ROH","Non-ROH",500,500,5889,0.00000000000000000000000000000000000000000000000000000000000000000000569,0.0000000000000000000000000000000000000000000000000000000000000000000171,"***"
"East Asian",1.1,"mixed","per_cM_all_log","Short ROH","Medium ROH",500,500,123331,0.00000000000000000000000000000000000000000000000000000000000000000000000000000109,0.00000000000000000000000000000000000000000000000000000000000000000000000000000545,"***"
"East Asian",1.1,"mixed","per_cM_all_log","Short ROH","Long ROH",500,500,120983,0.000000000000000000000000000000000000000000000000000000000000000000000000729,0.00000000000000000000000000000000000000000000000000000000000000000000000292,"***"
"East Asian",1.1,"mixed","per_cM_all_log","Short ROH","Non-ROH",500,500,125250,0.0000000000000000000000000000000000000000000000000000000000000000000000000000000000127,0.0000000000000000000000000000000000000000000000000000000000000000000000000000000000762,"***"
"East Asian",1.1,"mixed","per_cM_all_log","Medium ROH","Long ROH",500,500,106764,0.00000000000000000000000000000000000000000188,0.00000000000000000000000000000000000000000376,"***"
"East Asian",1.1,"mixed","per_cM_all_log","Medium ROH","Non-ROH",500,500,59760,0.376,0.376,"ns"
"East Asian",1.1,"mixed","per_cM_all_log","Long ROH","Non-ROH",500,500,17389,0.0000000000000000000000000000000000000000000168,0.0000000000000000000000000000000000000000000504,"***"
"East Asian",1.2,"recessive","per_cM_all_log","Short ROH","Medium ROH",500,500,80949,0.0000000144,0.0000000432,"***"
"East Asian",1.2,"recessive","per_cM_all_log","Short ROH","Long ROH",500,500,75040,0.000123,0.000246,"***"
"East Asian",1.2,"recessive","per_cM_all_log","Short ROH","Non-ROH",500,500,125250,0.0000000000000000000000000000000000000000000000000000000000000000000000000000000000127,0.0000000000000000000000000000000000000000000000000000000000000000000000000000000000762,"***"
"East Asian",1.2,"recessive","per_cM_all_log","Medium ROH","Long ROH",500,500,68989,0.049,0.049,"*"
"East Asian",1.2,"recessive","per_cM_all_log","Medium ROH","Non-ROH",500,500,125250,0.0000000000000000000000000000000000000000000000000000000000000000000000000000000000127,0.0000000000000000000000000000000000000000000000000000000000000000000000000000000000762,"***"
"East Asian",1.2,"recessive","per_cM_all_log","Long ROH","Non-ROH",500,500,124313,0.00000000000000000000000000000000000000000000000000000000000000000000000000000000339,0.0000000000000000000000000000000000000000000000000000000000000000000000000000000136,"***"
"East Asian",1.2,"additive","per_cM_all_log","Short ROH","Medium ROH",500,500,120442,0.0000000000000000000000000000000000000000000000000000000000000000000000149,0.0000000000000000000000000000000000000000000000000000000000000000000000596,"***"
"East Asian",1.2,"additive","per_cM_all_log","Short ROH","Long ROH",500,500,123686,0.000000000000000000000000000000000000000000000000000000000000000000000000000000136,0.00000000000000000000000000000000000000000000000000000000000000000000000000000068,"***"
"East Asian",1.2,"additive","per_cM_all_log","Short ROH","Non-ROH",500,500,125150,0.0000000000000000000000000000000000000000000000000000000000000000000000000000000000231,0.000000000000000000000000000000000000000000000000000000000000000000000000000000000139,"***"
"East Asian",1.2,"additive","per_cM_all_log","Medium ROH","Long ROH",500,500,115489,0.00000000000000000000000000000000000000000000000000000000000403,0.00000000000000000000000000000000000000000000000000000000000806,"***"
"East Asian",1.2,"additive","per_cM_all_log","Medium ROH","Non-ROH",500,500,40803,0.0000000000147,0.0000000000147,"***"
"East Asian",1.2,"additive","per_cM_all_log","Long ROH","Non-ROH",500,500,6037,0.0000000000000000000000000000000000000000000000000000000000000000000127,0.0000000000000000000000000000000000000000000000000000000000000000000381,"***"
"East Asian",1.2,"dominant","per_cM_all_log","Short ROH","Medium ROH",500,500,118077,0.00000000000000000000000000000000000000000000000000000000000000000574,0.0000000000000000000000000000000000000000000000000000000000000000172,"***"
"East Asian",1.2,"dominant","per_cM_all_log","Short ROH","Long ROH",500,500,122819,0.0000000000000000000000000000000000000000000000000000000000000000000000000000212,0.000000000000000000000000000000000000000000000000000000000000000000000000000127,"***"
"East Asian",1.2,"dominant","per_cM_all_log","Short ROH","Non-ROH",500,500,122498,0.000000000000000000000000000000000000000000000000000000000000000000000000000135,0.000000000000000000000000000000000000000000000000000000000000000000000000000675,"***"
"East Asian",1.2,"dominant","per_cM_all_log","Medium ROH","Long ROH",500,500,115127,0.0000000000000000000000000000000000000000000000000000000000252,0.0000000000000000000000000000000000000000000000000000000000504,"***"
"East Asian",1.2,"dominant","per_cM_all_log","Medium ROH","Non-ROH",500,500,32081,0.00000000000000000000341,0.00000000000000000000341,"***"
"East Asian",1.2,"dominant","per_cM_all_log","Long ROH","Non-ROH",500,500,5351,0.000000000000000000000000000000000000000000000000000000000000000000000299,0.0000000000000000000000000000000000000000000000000000000000000000000012,"***"
"East Asian",1.2,"mixed","per_cM_all_log","Short ROH","Medium ROH",500,500,121332,0.000000000000000000000000000000000000000000000000000000000000000000000000103,0.000000000000000000000000000000000000000000000000000000000000000000000000515,"***"
"East Asian",1.2,"mixed","per_cM_all_log","Short ROH","Long ROH",500,500,120531,0.00000000000000000000000000000000000000000000000000000000000000000000000909,0.0000000000000000000000000000000000000000000000000000000000000000000000364,"***"
"East Asian",1.2,"mixed","per_cM_all_log","Short ROH","Non-ROH",500,500,125238,0.0000000000000000000000000000000000000000000000000000000000000000000000000000000000136,0.0000000000000000000000000000000000000000000000000000000000000000000000000000000000816,"***"
"East Asian",1.2,"mixed","per_cM_all_log","Medium ROH","Long ROH",500,500,107297,0.000000000000000000000000000000000000000000192,0.000000000000000000000000000000000000000000384,"***"
"East Asian",1.2,"mixed","per_cM_all_log","Medium ROH","Non-ROH",500,500,54117,0.008,0.008,"**"
"East Asian",1.2,"mixed","per_cM_all_log","Long ROH","Non-ROH",500,500,15891,0.0000000000000000000000000000000000000000000000223,0.0000000000000000000000000000000000000000000000669,"***"
"East Asian",1.3,"recessive","per_cM_all_log","Short ROH","Medium ROH",500,500,67867,0.105,0.105,"ns"
"East Asian",1.3,"recessive","per_cM_all_log","Short ROH","Long ROH",500,500,71131,0.009,0.026,"*"
"East Asian",1.3,"recessive","per_cM_all_log","Short ROH","Non-ROH",500,500,125250,0.0000000000000000000000000000000000000000000000000000000000000000000000000000000000127,0.0000000000000000000000000000000000000000000000000000000000000000000000000000000000762,"***"
"East Asian",1.3,"recessive","per_cM_all_log","Medium ROH","Long ROH",500,500,69559,0.032,0.064,"ns"
"East Asian",1.3,"recessive","per_cM_all_log","Medium ROH","Non-ROH",500,500,125250,0.0000000000000000000000000000000000000000000000000000000000000000000000000000000000127,0.0000000000000000000000000000000000000000000000000000000000000000000000000000000000762,"***"
"East Asian",1.3,"recessive","per_cM_all_log","Long ROH","Non-ROH",500,500,124346,0.00000000000000000000000000000000000000000000000000000000000000000000000000000000279,0.0000000000000000000000000000000000000000000000000000000000000000000000000000000112,"***"
"East Asian",1.3,"additive","per_cM_all_log","Short ROH","Medium ROH",500,500,117774,0.0000000000000000000000000000000000000000000000000000000000000000287,0.0000000000000000000000000000000000000000000000000000000000000000861,"***"
"East Asian",1.3,"additive","per_cM_all_log","Short ROH","Long ROH",500,500,123556,0.000000000000000000000000000000000000000000000000000000000000000000000000000000292,0.00000000000000000000000000000000000000000000000000000000000000000000000000000146,"***"
"East Asian",1.3,"additive","per_cM_all_log","Short ROH","Non-ROH",500,500,124457,0.00000000000000000000000000000000000000000000000000000000000000000000000000000000145,0.0000000000000000000000000000000000000000000000000000000000000000000000000000000087,"***"
"East Asian",1.3,"additive","per_cM_all_log","Medium ROH","Long ROH",500,500,115997,0.000000000000000000000000000000000000000000000000000000000000302,0.000000000000000000000000000000000000000000000000000000000000604,"***"
"East Asian",1.3,"additive","per_cM_all_log","Medium ROH","Non-ROH",500,500,39112,0.000000000000349,0.000000000000349,"***"
"East Asian",1.3,"additive","per_cM_all_log","Long ROH","Non-ROH",500,500,5273,0.000000000000000000000000000000000000000000000000000000000000000000000195,0.00000000000000000000000000000000000000000000000000000000000000000000078,"***"
"East Asian",1.3,"dominant","per_cM_all_log","Short ROH","Medium ROH",500,500,115614,0.00000000000000000000000000000000000000000000000000000000000214,0.00000000000000000000000000000000000000000000000000000000000428,"***"
"East Asian",1.3,"dominant","per_cM_all_log","Short ROH","Long ROH",500,500,122863,0.0000000000000000000000000000000000000000000000000000000000000000000000000000164,0.0000000000000000000000000000000000000000000000000000000000000000000000000000984,"***"
"East Asian",1.3,"dominant","per_cM_all_log","Short ROH","Non-ROH",500,500,118498,0.000000000000000000000000000000000000000000000000000000000000000000605,0.00000000000000000000000000000000000000000000000000000000000000000242,"***"
"East Asian",1.3,"dominant","per_cM_all_log","Medium ROH","Long ROH",500,500,115746,0.00000000000000000000000000000000000000000000000000000000000109,0.00000000000000000000000000000000000000000000000000000000000327,"***"
"East Asian",1.3,"dominant","per_cM_all_log","Medium ROH","Non-ROH",500,500,31440,0.000000000000000000000503,0.000000000000000000000503,"***"
"East Asian",1.3,"dominant","per_cM_all_log","Long ROH","Non-ROH",500,500,4702,0.00000000000000000000000000000000000000000000000000000000000000000000000827,0.0000000000000000000000000000000000000000000000000000000000000000000000413,"***"
"East Asian",1.3,"mixed","per_cM_all_log","Short ROH","Medium ROH",500,500,119352,0.00000000000000000000000000000000000000000000000000000000000000000000598,0.0000000000000000000000000000000000000000000000000000000000000000000239,"***"
"East Asian",1.3,"mixed","per_cM_all_log","Short ROH","Long ROH",500,500,120386,0.0000000000000000000000000000000000000000000000000000000000000000000000203,0.000000000000000000000000000000000000000000000000000000000000000000000102,"***"
"East Asian",1.3,"mixed","per_cM_all_log","Short ROH","Non-ROH",500,500,124967,0.0000000000000000000000000000000000000000000000000000000000000000000000000000000000692,0.000000000000000000000000000000000000000000000000000000000000000000000000000000000415,"***"
"East Asian",1.3,"mixed","per_cM_all_log","Medium ROH","Long ROH",500,500,108107,0.00000000000000000000000000000000000000000000574,0.0000000000000000000000000000000000000000000115,"***"
"East Asian",1.3,"mixed","per_cM_all_log","Medium ROH","Non-ROH",500,500,49231,0.0000342,0.0000342,"***"
"East Asian",1.3,"mixed","per_cM_all_log","Long ROH","Non-ROH",500,500,14087,0.00000000000000000000000000000000000000000000000000574,0.0000000000000000000000000000000000000000000000000172,"***"
