pop,category,len>0_score!=0,len>0_score==0,len==0_score==0,hXX,simID
p1,A,486,14,0,h00,1021574717937228960
p1,B,147,337,16,h00,1021574717937228960
p1,C,46,88,366,h00,1021574717937228960
p1,Non-ROH,500,0,0,h00,1021574717937228960
p2,A,498,2,0,h00,1021574717937228960
p2,B,263,237,0,h00,1021574717937228960
p2,C,21,94,385,h00,1021574717937228960
p2,Non-ROH,500,0,0,h00,1021574717937228960
p3,A,500,0,0,h00,1021574717937228960
p3,B,370,130,0,h00,1021574717937228960
p3,C,29,190,281,h00,1021574717937228960
p3,Non-ROH,500,0,0,h00,1021574717937228960
p1,A,416,84,0,h00,1026591750036320836
p1,B,81,405,14,h00,1026591750036320836
p1,C,32,109,359,h00,1026591750036320836
p1,Non-ROH,500,0,0,h00,1026591750036320836
p2,A,495,5,0,h00,1026591750036320836
p2,B,174,326,0,h00,1026591750036320836
p2,C,12,163,325,h00,1026591750036320836
p2,Non-ROH,500,0,0,h00,1026591750036320836
p3,A,481,19,0,h00,1026591750036320836
p3,B,230,270,0,h00,1026591750036320836
p3,C,14,92,394,h00,1026591750036320836
p3,Non-ROH,500,0,0,h00,1026591750036320836
p1,A,369,131,0,h00,103568543989312214
p1,B,87,394,19,h00,103568543989312214
p1,C,18,108,374,h00,103568543989312214
p1,Non-ROH,500,0,0,h00,103568543989312214
p2,A,478,22,0,h00,103568543989312214
p2,B,199,301,0,h00,103568543989312214
p2,C,17,113,370,h00,103568543989312214
p2,Non-ROH,500,0,0,h00,103568543989312214
p3,A,472,28,0,h00,103568543989312214
p3,B,299,201,0,h00,103568543989312214
p3,C,9,114,377,h00,103568543989312214
p3,Non-ROH,500,0,0,h00,103568543989312214
p1,A,475,25,0,h00,1059344429161942577
p1,B,137,349,14,h00,1059344429161942577
p1,C,32,106,362,h00,1059344429161942577
p1,Non-ROH,500,0,0,h00,1059344429161942577
p2,A,495,5,0,h00,1059344429161942577
p2,B,264,236,0,h00,1059344429161942577
p2,C,17,124,359,h00,1059344429161942577
p2,Non-ROH,500,0,0,h00,1059344429161942577
p3,A,496,4,0,h00,1059344429161942577
p3,B,349,151,0,h00,1059344429161942577
p3,C,24,110,366,h00,1059344429161942577
p3,Non-ROH,500,0,0,h00,1059344429161942577
p1,A,458,42,0,h00,1061286463616756465
p1,B,129,356,15,h00,1061286463616756465
p1,C,45,99,356,h00,1061286463616756465
p1,Non-ROH,500,0,0,h00,1061286463616756465
p2,A,490,10,0,h00,1061286463616756465
p2,B,282,218,0,h00,1061286463616756465
p2,C,22,144,334,h00,1061286463616756465
p2,Non-ROH,500,0,0,h00,1061286463616756465
p3,A,498,2,0,h00,1061286463616756465
p3,B,332,168,0,h00,1061286463616756465
p3,C,25,139,336,h00,1061286463616756465
p3,Non-ROH,500,0,0,h00,1061286463616756465
p1,A,438,62,0,h00,1077681494354284445
p1,B,133,355,12,h00,1077681494354284445
p1,C,23,84,393,h00,1077681494354284445
p1,Non-ROH,500,0,0,h00,1077681494354284445
p2,A,490,10,0,h00,1077681494354284445
p2,B,249,251,0,h00,1077681494354284445
p2,C,24,127,349,h00,1077681494354284445
p2,Non-ROH,500,0,0,h00,1077681494354284445
p3,A,496,4,0,h00,1077681494354284445
p3,B,335,165,0,h00,1077681494354284445
p3,C,30,168,302,h00,1077681494354284445
p3,Non-ROH,500,0,0,h00,1077681494354284445
p1,A,418,82,0,h00,1125400568553395400
p1,B,71,418,11,h00,1125400568553395400
p1,C,16,117,367,h00,1125400568553395400
p1,Non-ROH,500,0,0,h00,1125400568553395400
p2,A,492,8,0,h00,1125400568553395400
p2,B,198,302,0,h00,1125400568553395400
p2,C,25,100,375,h00,1125400568553395400
p2,Non-ROH,500,0,0,h00,1125400568553395400
p3,A,491,9,0,h00,1125400568553395400
p3,B,282,218,0,h00,1125400568553395400
p3,C,20,162,318,h00,1125400568553395400
p3,Non-ROH,500,0,0,h00,1125400568553395400
p1,A,457,43,0,h00,1125644244035275340
p1,B,99,388,13,h00,1125644244035275340
p1,C,43,88,369,h00,1125644244035275340
p1,Non-ROH,500,0,0,h00,1125644244035275340
p2,A,496,4,0,h00,1125644244035275340
p2,B,198,302,0,h00,1125644244035275340
p2,C,24,105,371,h00,1125644244035275340
p2,Non-ROH,500,0,0,h00,1125644244035275340
p3,A,498,2,0,h00,1125644244035275340
p3,B,241,259,0,h00,1125644244035275340
p3,C,13,140,347,h00,1125644244035275340
p3,Non-ROH,500,0,0,h00,1125644244035275340
p1,A,443,57,0,h00,1133874929495765677
p1,B,87,402,11,h00,1133874929495765677
p1,C,25,85,390,h00,1133874929495765677
p1,Non-ROH,500,0,0,h00,1133874929495765677
p2,A,497,3,0,h00,1133874929495765677
p2,B,204,296,0,h00,1133874929495765677
p2,C,16,150,334,h00,1133874929495765677
p2,Non-ROH,500,0,0,h00,1133874929495765677
p3,A,500,0,0,h00,1133874929495765677
p3,B,254,246,0,h00,1133874929495765677
p3,C,17,123,360,h00,1133874929495765677
p3,Non-ROH,500,0,0,h00,1133874929495765677
p1,A,422,78,0,h00,1152801672532746091
p1,B,84,409,7,h00,1152801672532746091
p1,C,68,75,357,h00,1152801672532746091
p1,Non-ROH,500,0,0,h00,1152801672532746091
p2,A,489,11,0,h00,1152801672532746091
p2,B,203,296,1,h00,1152801672532746091
p2,C,70,49,381,h00,1152801672532746091
p2,Non-ROH,500,0,0,h00,1152801672532746091
p3,A,494,6,0,h00,1152801672532746091
p3,B,262,238,0,h00,1152801672532746091
p3,C,82,57,361,h00,1152801672532746091
p3,Non-ROH,500,0,0,h00,1152801672532746091
p1,A,408,92,0,h00,1159453151904288212
p1,B,75,413,12,h00,1159453151904288212
p1,C,21,103,376,h00,1159453151904288212
p1,Non-ROH,500,0,0,h00,1159453151904288212
p2,A,482,18,0,h00,1159453151904288212
p2,B,211,289,0,h00,1159453151904288212
p2,C,20,175,305,h00,1159453151904288212
p2,Non-ROH,500,0,0,h00,1159453151904288212
p3,A,497,3,0,h00,1159453151904288212
p3,B,273,227,0,h00,1159453151904288212
p3,C,10,130,360,h00,1159453151904288212
p3,Non-ROH,500,0,0,h00,1159453151904288212
p1,A,428,72,0,h00,1159482635262466889
p1,B,90,399,11,h00,1159482635262466889
p1,C,22,102,376,h00,1159482635262466889
p1,Non-ROH,500,0,0,h00,1159482635262466889
p2,A,493,7,0,h00,1159482635262466889
p2,B,209,291,0,h00,1159482635262466889
p2,C,35,96,369,h00,1159482635262466889
p2,Non-ROH,500,0,0,h00,1159482635262466889
p3,A,497,3,0,h00,1159482635262466889
p3,B,310,190,0,h00,1159482635262466889
p3,C,15,114,371,h00,1159482635262466889
p3,Non-ROH,500,0,0,h00,1159482635262466889
p1,A,440,60,0,h00,1187492628487565367
p1,B,82,409,9,h00,1187492628487565367
p1,C,24,108,368,h00,1187492628487565367
p1,Non-ROH,500,0,0,h00,1187492628487565367
p2,A,498,2,0,h00,1187492628487565367
p2,B,218,282,0,h00,1187492628487565367
p2,C,21,186,293,h00,1187492628487565367
p2,Non-ROH,500,0,0,h00,1187492628487565367
p3,A,489,11,0,h00,1187492628487565367
p3,B,272,228,0,h00,1187492628487565367
p3,C,10,153,337,h00,1187492628487565367
p3,Non-ROH,500,0,0,h00,1187492628487565367
p1,A,401,99,0,h00,1188344642156280027
p1,B,77,411,12,h00,1188344642156280027
p1,C,30,86,384,h00,1188344642156280027
p1,Non-ROH,500,0,0,h00,1188344642156280027
p2,A,489,11,0,h00,1188344642156280027
p2,B,157,343,0,h00,1188344642156280027
p2,C,10,134,356,h00,1188344642156280027
p2,Non-ROH,500,0,0,h00,1188344642156280027
p3,A,482,18,0,h00,1188344642156280027
p3,B,175,325,0,h00,1188344642156280027
p3,C,14,169,317,h00,1188344642156280027
p3,Non-ROH,500,0,0,h00,1188344642156280027
p1,A,416,84,0,h00,1194843192800477130
p1,B,87,400,13,h00,1194843192800477130
p1,C,30,104,366,h00,1194843192800477130
p1,Non-ROH,500,0,0,h00,1194843192800477130
p2,A,487,13,0,h00,1194843192800477130
p2,B,214,286,0,h00,1194843192800477130
p2,C,19,122,359,h00,1194843192800477130
p2,Non-ROH,500,0,0,h00,1194843192800477130
p3,A,496,4,0,h00,1194843192800477130
p3,B,275,225,0,h00,1194843192800477130
p3,C,25,157,318,h00,1194843192800477130
p3,Non-ROH,500,0,0,h00,1194843192800477130
p1,A,447,53,0,h00,1230211016193901463
p1,B,101,383,16,h00,1230211016193901463
p1,C,28,91,381,h00,1230211016193901463
p1,Non-ROH,500,0,0,h00,1230211016193901463
p2,A,493,7,0,h00,1230211016193901463
p2,B,279,221,0,h00,1230211016193901463
p2,C,9,164,327,h00,1230211016193901463
p2,Non-ROH,500,0,0,h00,1230211016193901463
p3,A,496,4,0,h00,1230211016193901463
p3,B,324,176,0,h00,1230211016193901463
p3,C,20,129,351,h00,1230211016193901463
p3,Non-ROH,500,0,0,h00,1230211016193901463
p1,A,469,31,0,h00,1288692866185240971
p1,B,132,346,22,h00,1288692866185240971
p1,C,31,108,361,h00,1288692866185240971
p1,Non-ROH,500,0,0,h00,1288692866185240971
p2,A,500,0,0,h00,1288692866185240971
p2,B,265,235,0,h00,1288692866185240971
p2,C,35,101,364,h00,1288692866185240971
p2,Non-ROH,500,0,0,h00,1288692866185240971
p3,A,500,0,0,h00,1288692866185240971
p3,B,349,151,0,h00,1288692866185240971
p3,C,27,82,391,h00,1288692866185240971
p3,Non-ROH,500,0,0,h00,1288692866185240971
p1,A,414,86,0,h00,131151734433286475
p1,B,102,372,26,h00,131151734433286475
p1,C,27,100,373,h00,131151734433286475
p1,Non-ROH,500,0,0,h00,131151734433286475
p2,A,495,5,0,h00,131151734433286475
p2,B,198,302,0,h00,131151734433286475
p2,C,21,130,349,h00,131151734433286475
p2,Non-ROH,500,0,0,h00,131151734433286475
p3,A,496,4,0,h00,131151734433286475
p3,B,235,265,0,h00,131151734433286475
p3,C,15,114,371,h00,131151734433286475
p3,Non-ROH,500,0,0,h00,131151734433286475
p1,A,372,128,0,h00,1339284857137933822
p1,B,85,406,9,h00,1339284857137933822
p1,C,27,94,379,h00,1339284857137933822
p1,Non-ROH,500,0,0,h00,1339284857137933822
p2,A,451,49,0,h00,1339284857137933822
p2,B,211,289,0,h00,1339284857137933822
p2,C,58,95,347,h00,1339284857137933822
p2,Non-ROH,500,0,0,h00,1339284857137933822
p3,A,472,28,0,h00,1339284857137933822
p3,B,237,263,0,h00,1339284857137933822
p3,C,30,102,368,h00,1339284857137933822
p3,Non-ROH,500,0,0,h00,1339284857137933822
p1,A,455,45,0,h00,1342378077608740105
p1,B,99,384,17,h00,1342378077608740105
p1,C,27,81,392,h00,1342378077608740105
p1,Non-ROH,500,0,0,h00,1342378077608740105
p2,A,492,8,0,h00,1342378077608740105
p2,B,221,279,0,h00,1342378077608740105
p2,C,25,121,354,h00,1342378077608740105
p2,Non-ROH,500,0,0,h00,1342378077608740105
p3,A,497,3,0,h00,1342378077608740105
p3,B,283,217,0,h00,1342378077608740105
p3,C,11,120,369,h00,1342378077608740105
p3,Non-ROH,500,0,0,h00,1342378077608740105
p1,A,378,122,0,h00,1359395911007969527
p1,B,78,406,16,h00,1359395911007969527
p1,C,24,98,378,h00,1359395911007969527
p1,Non-ROH,500,0,0,h00,1359395911007969527
p2,A,467,33,0,h00,1359395911007969527
p2,B,175,325,0,h00,1359395911007969527
p2,C,10,113,377,h00,1359395911007969527
p2,Non-ROH,500,0,0,h00,1359395911007969527
p3,A,481,19,0,h00,1359395911007969527
p3,B,205,295,0,h00,1359395911007969527
p3,C,12,151,337,h00,1359395911007969527
p3,Non-ROH,500,0,0,h00,1359395911007969527
p1,A,480,20,0,h00,1364957052074976682
p1,B,117,368,15,h00,1364957052074976682
p1,C,41,114,345,h00,1364957052074976682
p1,Non-ROH,500,0,0,h00,1364957052074976682
p2,A,496,4,0,h00,1364957052074976682
p2,B,282,218,0,h00,1364957052074976682
p2,C,25,106,369,h00,1364957052074976682
p2,Non-ROH,500,0,0,h00,1364957052074976682
p3,A,490,10,0,h00,1364957052074976682
p3,B,299,201,0,h00,1364957052074976682
p3,C,24,111,365,h00,1364957052074976682
p3,Non-ROH,500,0,0,h00,1364957052074976682
p1,A,459,41,0,h00,1408911269877720474
p1,B,103,380,17,h00,1408911269877720474
p1,C,25,85,390,h00,1408911269877720474
p1,Non-ROH,500,0,0,h00,1408911269877720474
p2,A,491,9,0,h00,1408911269877720474
p2,B,227,273,0,h00,1408911269877720474
p2,C,20,124,356,h00,1408911269877720474
p2,Non-ROH,500,0,0,h00,1408911269877720474
p3,A,494,6,0,h00,1408911269877720474
p3,B,230,270,0,h00,1408911269877720474
p3,C,9,155,336,h00,1408911269877720474
p3,Non-ROH,500,0,0,h00,1408911269877720474
p1,A,429,71,0,h00,1445831990664690369
p1,B,77,408,15,h00,1445831990664690369
p1,C,18,94,388,h00,1445831990664690369
p1,Non-ROH,500,0,0,h00,1445831990664690369
p2,A,498,2,0,h00,1445831990664690369
p2,B,215,285,0,h00,1445831990664690369
p2,C,27,155,318,h00,1445831990664690369
p2,Non-ROH,500,0,0,h00,1445831990664690369
p3,A,494,6,0,h00,1445831990664690369
p3,B,289,211,0,h00,1445831990664690369
p3,C,20,112,368,h00,1445831990664690369
p3,Non-ROH,500,0,0,h00,1445831990664690369
p1,A,423,77,0,h00,1457999149615807420
p1,B,92,390,18,h00,1457999149615807420
p1,C,23,98,379,h00,1457999149615807420
p1,Non-ROH,500,0,0,h00,1457999149615807420
p2,A,493,7,0,h00,1457999149615807420
p2,B,207,293,0,h00,1457999149615807420
p2,C,13,108,379,h00,1457999149615807420
p2,Non-ROH,500,0,0,h00,1457999149615807420
p3,A,496,4,0,h00,1457999149615807420
p3,B,257,243,0,h00,1457999149615807420
p3,C,9,161,330,h00,1457999149615807420
p3,Non-ROH,500,0,0,h00,1457999149615807420
p1,A,468,32,0,h00,1463814346912061226
p1,B,111,372,17,h00,1463814346912061226
p1,C,27,96,377,h00,1463814346912061226
p1,Non-ROH,500,0,0,h00,1463814346912061226
p2,A,497,3,0,h00,1463814346912061226
p2,B,258,242,0,h00,1463814346912061226
p2,C,22,137,341,h00,1463814346912061226
p2,Non-ROH,500,0,0,h00,1463814346912061226
p3,A,492,8,0,h00,1463814346912061226
p3,B,304,196,0,h00,1463814346912061226
p3,C,20,146,334,h00,1463814346912061226
p3,Non-ROH,500,0,0,h00,1463814346912061226
p1,A,430,70,0,h00,1471689743914301753
p1,B,69,406,25,h00,1471689743914301753
p1,C,34,100,366,h00,1471689743914301753
p1,Non-ROH,500,0,0,h00,1471689743914301753
p2,A,491,9,0,h00,1471689743914301753
p2,B,240,260,0,h00,1471689743914301753
p2,C,16,107,377,h00,1471689743914301753
p2,Non-ROH,500,0,0,h00,1471689743914301753
p3,A,497,3,0,h00,1471689743914301753
p3,B,270,230,0,h00,1471689743914301753
p3,C,12,135,353,h00,1471689743914301753
p3,Non-ROH,500,0,0,h00,1471689743914301753
p1,A,442,58,0,h00,1496704753167729159
p1,B,95,389,16,h00,1496704753167729159
p1,C,56,71,373,h00,1496704753167729159
p1,Non-ROH,500,0,0,h00,1496704753167729159
p2,A,497,3,0,h00,1496704753167729159
p2,B,256,244,0,h00,1496704753167729159
p2,C,46,59,395,h00,1496704753167729159
p2,Non-ROH,500,0,0,h00,1496704753167729159
p3,A,499,1,0,h00,1496704753167729159
p3,B,297,203,0,h00,1496704753167729159
p3,C,100,74,326,h00,1496704753167729159
p3,Non-ROH,500,0,0,h00,1496704753167729159
p1,A,424,76,0,h00,1509754406400523100
p1,B,77,411,12,h00,1509754406400523100
p1,C,30,98,372,h00,1509754406400523100
p1,Non-ROH,500,0,0,h00,1509754406400523100
p2,A,486,14,0,h00,1509754406400523100
p2,B,231,269,0,h00,1509754406400523100
p2,C,22,118,360,h00,1509754406400523100
p2,Non-ROH,500,0,0,h00,1509754406400523100
p3,A,488,12,0,h00,1509754406400523100
p3,B,264,236,0,h00,1509754406400523100
p3,C,18,165,317,h00,1509754406400523100
p3,Non-ROH,500,0,0,h00,1509754406400523100
p1,A,441,59,0,h00,1513359600866312384
p1,B,93,390,17,h00,1513359600866312384
p1,C,28,90,382,h00,1513359600866312384
p1,Non-ROH,500,0,0,h00,1513359600866312384
p2,A,477,23,0,h00,1513359600866312384
p2,B,173,327,0,h00,1513359600866312384
p2,C,22,115,363,h00,1513359600866312384
p2,Non-ROH,500,0,0,h00,1513359600866312384
p3,A,492,8,0,h00,1513359600866312384
p3,B,251,249,0,h00,1513359600866312384
p3,C,8,160,332,h00,1513359600866312384
p3,Non-ROH,500,0,0,h00,1513359600866312384
p1,A,443,57,0,h00,1517243854596332318
p1,B,84,407,9,h00,1517243854596332318
p1,C,24,115,361,h00,1517243854596332318
p1,Non-ROH,500,0,0,h00,1517243854596332318
p2,A,489,11,0,h00,1517243854596332318
p2,B,210,290,0,h00,1517243854596332318
p2,C,14,157,329,h00,1517243854596332318
p2,Non-ROH,500,0,0,h00,1517243854596332318
p3,A,493,7,0,h00,1517243854596332318
p3,B,252,248,0,h00,1517243854596332318
p3,C,14,112,374,h00,1517243854596332318
p3,Non-ROH,500,0,0,h00,1517243854596332318
p1,A,457,43,0,h00,155683629558891336
p1,B,114,380,6,h00,155683629558891336
p1,C,24,85,391,h00,155683629558891336
p1,Non-ROH,500,0,0,h00,155683629558891336
p2,A,495,5,0,h00,155683629558891336
p2,B,234,266,0,h00,155683629558891336
p2,C,18,98,384,h00,155683629558891336
p2,Non-ROH,500,0,0,h00,155683629558891336
p3,A,498,2,0,h00,155683629558891336
p3,B,300,200,0,h00,155683629558891336
p3,C,17,136,347,h00,155683629558891336
p3,Non-ROH,500,0,0,h00,155683629558891336
p1,A,429,71,0,h00,1570311740684473341
p1,B,65,418,17,h00,1570311740684473341
p1,C,22,124,354,h00,1570311740684473341
p1,Non-ROH,500,0,0,h00,1570311740684473341
p2,A,468,32,0,h00,1570311740684473341
p2,B,121,379,0,h00,1570311740684473341
p2,C,19,111,370,h00,1570311740684473341
p2,Non-ROH,500,0,0,h00,1570311740684473341
p3,A,482,18,0,h00,1570311740684473341
p3,B,204,296,0,h00,1570311740684473341
p3,C,15,118,367,h00,1570311740684473341
p3,Non-ROH,500,0,0,h00,1570311740684473341
p1,A,444,56,0,h00,1579713873460986888
p1,B,104,382,14,h00,1579713873460986888
p1,C,27,94,379,h00,1579713873460986888
p1,Non-ROH,500,0,0,h00,1579713873460986888
p2,A,491,9,0,h00,1579713873460986888
p2,B,216,284,0,h00,1579713873460986888
p2,C,19,99,382,h00,1579713873460986888
p2,Non-ROH,500,0,0,h00,1579713873460986888
p3,A,497,3,0,h00,1579713873460986888
p3,B,290,210,0,h00,1579713873460986888
p3,C,18,213,269,h00,1579713873460986888
p3,Non-ROH,500,0,0,h00,1579713873460986888
p1,A,457,43,0,h00,1640035823564240350
p1,B,139,343,18,h00,1640035823564240350
p1,C,29,120,351,h00,1640035823564240350
p1,Non-ROH,500,0,0,h00,1640035823564240350
p2,A,493,7,0,h00,1640035823564240350
p2,B,268,232,0,h00,1640035823564240350
p2,C,13,110,377,h00,1640035823564240350
p2,Non-ROH,500,0,0,h00,1640035823564240350
p3,A,491,9,0,h00,1640035823564240350
p3,B,303,197,0,h00,1640035823564240350
p3,C,10,135,355,h00,1640035823564240350
p3,Non-ROH,500,0,0,h00,1640035823564240350
p1,A,388,112,0,h00,1667204476426382146
p1,B,68,420,12,h00,1667204476426382146
p1,C,24,90,386,h00,1667204476426382146
p1,Non-ROH,500,0,0,h00,1667204476426382146
p2,A,489,11,0,h00,1667204476426382146
p2,B,179,321,0,h00,1667204476426382146
p2,C,15,110,375,h00,1667204476426382146
p2,Non-ROH,500,0,0,h00,1667204476426382146
p3,A,486,14,0,h00,1667204476426382146
p3,B,240,260,0,h00,1667204476426382146
p3,C,11,123,366,h00,1667204476426382146
p3,Non-ROH,500,0,0,h00,1667204476426382146
p1,A,463,37,0,h00,1675567405057576839
p1,B,100,382,18,h00,1675567405057576839
p1,C,25,81,394,h00,1675567405057576839
p1,Non-ROH,500,0,0,h00,1675567405057576839
p2,A,498,2,0,h00,1675567405057576839
p2,B,280,220,0,h00,1675567405057576839
p2,C,18,126,356,h00,1675567405057576839
p2,Non-ROH,500,0,0,h00,1675567405057576839
p3,A,495,5,0,h00,1675567405057576839
p3,B,253,247,0,h00,1675567405057576839
p3,C,13,154,333,h00,1675567405057576839
p3,Non-ROH,500,0,0,h00,1675567405057576839
p1,A,462,38,0,h00,1683235848236138391
p1,B,127,358,15,h00,1683235848236138391
p1,C,21,80,399,h00,1683235848236138391
p1,Non-ROH,500,0,0,h00,1683235848236138391
p2,A,491,9,0,h00,1683235848236138391
p2,B,321,179,0,h00,1683235848236138391
p2,C,23,105,372,h00,1683235848236138391
p2,Non-ROH,500,0,0,h00,1683235848236138391
p3,A,493,7,0,h00,1683235848236138391
p3,B,332,168,0,h00,1683235848236138391
p3,C,17,100,383,h00,1683235848236138391
p3,Non-ROH,500,0,0,h00,1683235848236138391
p1,A,405,95,0,h00,1686481830113721127
p1,B,92,391,17,h00,1686481830113721127
p1,C,42,104,354,h00,1686481830113721127
p1,Non-ROH,500,0,0,h00,1686481830113721127
p2,A,481,19,0,h00,1686481830113721127
p2,B,204,296,0,h00,1686481830113721127
p2,C,17,105,378,h00,1686481830113721127
p2,Non-ROH,500,0,0,h00,1686481830113721127
p3,A,489,11,0,h00,1686481830113721127
p3,B,308,192,0,h00,1686481830113721127
p3,C,12,157,331,h00,1686481830113721127
p3,Non-ROH,500,0,0,h00,1686481830113721127
p1,A,455,45,0,h00,1697761245837672091
p1,B,123,363,14,h00,1697761245837672091
p1,C,24,118,358,h00,1697761245837672091
p1,Non-ROH,500,0,0,h00,1697761245837672091
p2,A,494,6,0,h00,1697761245837672091
p2,B,217,283,0,h00,1697761245837672091
p2,C,14,104,382,h00,1697761245837672091
p2,Non-ROH,500,0,0,h00,1697761245837672091
p3,A,497,3,0,h00,1697761245837672091
p3,B,334,166,0,h00,1697761245837672091
p3,C,15,113,372,h00,1697761245837672091
p3,Non-ROH,500,0,0,h00,1697761245837672091
p1,A,417,83,0,h00,1741910082241347924
p1,B,74,415,11,h00,1741910082241347924
p1,C,33,106,361,h00,1741910082241347924
p1,Non-ROH,500,0,0,h00,1741910082241347924
p2,A,492,8,0,h00,1741910082241347924
p2,B,221,279,0,h00,1741910082241347924
p2,C,14,101,385,h00,1741910082241347924
p2,Non-ROH,500,0,0,h00,1741910082241347924
p3,A,488,12,0,h00,1741910082241347924
p3,B,218,282,0,h00,1741910082241347924
p3,C,15,110,375,h00,1741910082241347924
p3,Non-ROH,500,0,0,h00,1741910082241347924
p1,A,436,64,0,h00,1758916382348960481
p1,B,102,383,15,h00,1758916382348960481
p1,C,30,110,360,h00,1758916382348960481
p1,Non-ROH,500,0,0,h00,1758916382348960481
p2,A,477,23,0,h00,1758916382348960481
p2,B,202,298,0,h00,1758916382348960481
p2,C,7,114,379,h00,1758916382348960481
p2,Non-ROH,500,0,0,h00,1758916382348960481
p3,A,490,10,0,h00,1758916382348960481
p3,B,283,217,0,h00,1758916382348960481
p3,C,18,133,349,h00,1758916382348960481
p3,Non-ROH,500,0,0,h00,1758916382348960481
p1,A,443,57,0,h00,1760919415129066732
p1,B,126,358,16,h00,1760919415129066732
p1,C,21,92,387,h00,1760919415129066732
p1,Non-ROH,500,0,0,h00,1760919415129066732
p2,A,487,13,0,h00,1760919415129066732
p2,B,246,254,0,h00,1760919415129066732
p2,C,23,171,306,h00,1760919415129066732
p2,Non-ROH,500,0,0,h00,1760919415129066732
p3,A,499,1,0,h00,1760919415129066732
p3,B,342,158,0,h00,1760919415129066732
p3,C,20,126,354,h00,1760919415129066732
p3,Non-ROH,500,0,0,h00,1760919415129066732
p1,A,424,76,0,h00,1776755804422427172
p1,B,96,392,12,h00,1776755804422427172
p1,C,35,84,381,h00,1776755804422427172
p1,Non-ROH,500,0,0,h00,1776755804422427172
p2,A,483,17,0,h00,1776755804422427172
p2,B,233,267,0,h00,1776755804422427172
p2,C,20,133,347,h00,1776755804422427172
p2,Non-ROH,500,0,0,h00,1776755804422427172
p3,A,493,7,0,h00,1776755804422427172
p3,B,307,193,0,h00,1776755804422427172
p3,C,19,178,303,h00,1776755804422427172
p3,Non-ROH,500,0,0,h00,1776755804422427172
p1,A,367,133,0,h00,1788482744701747849
p1,B,95,389,16,h00,1788482744701747849
p1,C,26,94,380,h00,1788482744701747849
p1,Non-ROH,500,0,0,h00,1788482744701747849
p2,A,469,31,0,h00,1788482744701747849
p2,B,228,272,0,h00,1788482744701747849
p2,C,10,151,339,h00,1788482744701747849
p2,Non-ROH,500,0,0,h00,1788482744701747849
p3,A,429,71,0,h00,1788482744701747849
p3,B,243,257,0,h00,1788482744701747849
p3,C,11,146,343,h00,1788482744701747849
p3,Non-ROH,500,0,0,h00,1788482744701747849
p1,A,477,23,0,h00,1789806920600214380
p1,B,133,350,17,h00,1789806920600214380
p1,C,37,77,386,h00,1789806920600214380
p1,Non-ROH,500,0,0,h00,1789806920600214380
p2,A,499,1,0,h00,1789806920600214380
p2,B,287,213,0,h00,1789806920600214380
p2,C,25,111,364,h00,1789806920600214380
p2,Non-ROH,500,0,0,h00,1789806920600214380
p3,A,500,0,0,h00,1789806920600214380
p3,B,315,185,0,h00,1789806920600214380
p3,C,22,129,349,h00,1789806920600214380
p3,Non-ROH,500,0,0,h00,1789806920600214380
p1,A,458,42,0,h00,1816372852695257818
p1,B,137,346,17,h00,1816372852695257818
p1,C,32,87,381,h00,1816372852695257818
p1,Non-ROH,500,0,0,h00,1816372852695257818
p2,A,497,3,0,h00,1816372852695257818
p2,B,269,230,1,h00,1816372852695257818
p2,C,27,100,373,h00,1816372852695257818
p2,Non-ROH,500,0,0,h00,1816372852695257818
p3,A,496,4,0,h00,1816372852695257818
p3,B,387,113,0,h00,1816372852695257818
p3,C,48,120,332,h00,1816372852695257818
p3,Non-ROH,500,0,0,h00,1816372852695257818
p1,A,454,46,0,h00,1818297040266038161
p1,B,119,364,17,h00,1818297040266038161
p1,C,26,111,363,h00,1818297040266038161
p1,Non-ROH,500,0,0,h00,1818297040266038161
p2,A,498,2,0,h00,1818297040266038161
p2,B,262,238,0,h00,1818297040266038161
p2,C,21,112,367,h00,1818297040266038161
p2,Non-ROH,500,0,0,h00,1818297040266038161
p3,A,487,13,0,h00,1818297040266038161
p3,B,297,203,0,h00,1818297040266038161
p3,C,20,74,406,h00,1818297040266038161
p3,Non-ROH,500,0,0,h00,1818297040266038161
p1,A,408,92,0,h00,1933927514968069182
p1,B,73,407,20,h00,1933927514968069182
p1,C,28,85,387,h00,1933927514968069182
p1,Non-ROH,500,0,0,h00,1933927514968069182
p2,A,492,8,0,h00,1933927514968069182
p2,B,152,348,0,h00,1933927514968069182
p2,C,19,118,363,h00,1933927514968069182
p2,Non-ROH,500,0,0,h00,1933927514968069182
p3,A,495,5,0,h00,1933927514968069182
p3,B,229,271,0,h00,1933927514968069182
p3,C,14,122,364,h00,1933927514968069182
p3,Non-ROH,500,0,0,h00,1933927514968069182
p1,A,436,64,0,h00,197130628104802835
p1,B,91,398,11,h00,197130628104802835
p1,C,25,99,376,h00,197130628104802835
p1,Non-ROH,500,0,0,h00,197130628104802835
p2,A,485,15,0,h00,197130628104802835
p2,B,189,311,0,h00,197130628104802835
p2,C,8,110,382,h00,197130628104802835
p2,Non-ROH,500,0,0,h00,197130628104802835
p3,A,492,8,0,h00,197130628104802835
p3,B,293,207,0,h00,197130628104802835
p3,C,13,170,317,h00,197130628104802835
p3,Non-ROH,500,0,0,h00,197130628104802835
p1,A,429,71,0,h00,2008966820864978262
p1,B,135,354,11,h00,2008966820864978262
p1,C,30,103,367,h00,2008966820864978262
p1,Non-ROH,500,0,0,h00,2008966820864978262
p2,A,491,9,0,h00,2008966820864978262
p2,B,284,216,0,h00,2008966820864978262
p2,C,24,124,352,h00,2008966820864978262
p2,Non-ROH,500,0,0,h00,2008966820864978262
p3,A,494,6,0,h00,2008966820864978262
p3,B,324,176,0,h00,2008966820864978262
p3,C,19,185,296,h00,2008966820864978262
p3,Non-ROH,500,0,0,h00,2008966820864978262
p1,A,461,39,0,h00,2015646299244388232
p1,B,113,370,17,h00,2015646299244388232
p1,C,54,80,366,h00,2015646299244388232
p1,Non-ROH,500,0,0,h00,2015646299244388232
p2,A,499,1,0,h00,2015646299244388232
p2,B,276,224,0,h00,2015646299244388232
p2,C,63,50,387,h00,2015646299244388232
p2,Non-ROH,500,0,0,h00,2015646299244388232
p3,A,495,5,0,h00,2015646299244388232
p3,B,282,218,0,h00,2015646299244388232
p3,C,122,80,298,h00,2015646299244388232
p3,Non-ROH,500,0,0,h00,2015646299244388232
p1,A,432,68,0,h00,2023478822450523661
p1,B,84,395,21,h00,2023478822450523661
p1,C,22,107,371,h00,2023478822450523661
p1,Non-ROH,500,0,0,h00,2023478822450523661
p2,A,480,20,0,h00,2023478822450523661
p2,B,218,282,0,h00,2023478822450523661
p2,C,25,106,369,h00,2023478822450523661
p2,Non-ROH,500,0,0,h00,2023478822450523661
p3,A,490,10,0,h00,2023478822450523661
p3,B,263,236,1,h00,2023478822450523661
p3,C,29,167,304,h00,2023478822450523661
p3,Non-ROH,500,0,0,h00,2023478822450523661
p1,A,479,21,0,h00,2023804910540112922
p1,B,110,375,15,h00,2023804910540112922
p1,C,42,97,361,h00,2023804910540112922
p1,Non-ROH,500,0,0,h00,2023804910540112922
p2,A,497,3,0,h00,2023804910540112922
p2,B,310,190,0,h00,2023804910540112922
p2,C,28,86,386,h00,2023804910540112922
p2,Non-ROH,500,0,0,h00,2023804910540112922
p3,A,497,3,0,h00,2023804910540112922
p3,B,312,188,0,h00,2023804910540112922
p3,C,21,101,378,h00,2023804910540112922
p3,Non-ROH,500,0,0,h00,2023804910540112922
p1,A,400,100,0,h00,2029404602455467623
p1,B,74,410,16,h00,2029404602455467623
p1,C,17,109,374,h00,2029404602455467623
p1,Non-ROH,500,0,0,h00,2029404602455467623
p2,A,476,24,0,h00,2029404602455467623
p2,B,171,329,0,h00,2029404602455467623
p2,C,11,150,339,h00,2029404602455467623
p2,Non-ROH,500,0,0,h00,2029404602455467623
p3,A,494,6,0,h00,2029404602455467623
p3,B,218,282,0,h00,2029404602455467623
p3,C,13,102,385,h00,2029404602455467623
p3,Non-ROH,500,0,0,h00,2029404602455467623
p1,A,407,93,0,h00,2030134370402383281
p1,B,83,398,19,h00,2030134370402383281
p1,C,26,109,365,h00,2030134370402383281
p1,Non-ROH,500,0,0,h00,2030134370402383281
p2,A,470,30,0,h00,2030134370402383281
p2,B,159,341,0,h00,2030134370402383281
p2,C,13,120,367,h00,2030134370402383281
p2,Non-ROH,500,0,0,h00,2030134370402383281
p3,A,495,5,0,h00,2030134370402383281
p3,B,242,258,0,h00,2030134370402383281
p3,C,12,218,270,h00,2030134370402383281
p3,Non-ROH,500,0,0,h00,2030134370402383281
p1,A,448,52,0,h00,2031456289375906414
p1,B,91,390,19,h00,2031456289375906414
p1,C,29,112,359,h00,2031456289375906414
p1,Non-ROH,500,0,0,h00,2031456289375906414
p2,A,491,9,0,h00,2031456289375906414
p2,B,163,337,0,h00,2031456289375906414
p2,C,15,110,375,h00,2031456289375906414
p2,Non-ROH,500,0,0,h00,2031456289375906414
p3,A,495,5,0,h00,2031456289375906414
p3,B,271,229,0,h00,2031456289375906414
p3,C,23,137,340,h00,2031456289375906414
p3,Non-ROH,500,0,0,h00,2031456289375906414
p1,A,472,28,0,h00,2074319997304613406
p1,B,111,373,16,h00,2074319997304613406
p1,C,39,117,344,h00,2074319997304613406
p1,Non-ROH,500,0,0,h00,2074319997304613406
p2,A,500,0,0,h00,2074319997304613406
p2,B,283,217,0,h00,2074319997304613406
p2,C,24,102,374,h00,2074319997304613406
p2,Non-ROH,500,0,0,h00,2074319997304613406
p3,A,500,0,0,h00,2074319997304613406
p3,B,322,178,0,h00,2074319997304613406
p3,C,26,104,370,h00,2074319997304613406
p3,Non-ROH,500,0,0,h00,2074319997304613406
p1,A,438,62,0,h00,20923183537115587
p1,B,118,369,13,h00,20923183537115587
p1,C,30,115,355,h00,20923183537115587
p1,Non-ROH,500,0,0,h00,20923183537115587
p2,A,489,11,0,h00,20923183537115587
p2,B,204,296,0,h00,20923183537115587
p2,C,12,122,366,h00,20923183537115587
p2,Non-ROH,500,0,0,h00,20923183537115587
p3,A,495,5,0,h00,20923183537115587
p3,B,261,239,0,h00,20923183537115587
p3,C,17,137,346,h00,20923183537115587
p3,Non-ROH,500,0,0,h00,20923183537115587
p1,A,444,56,0,h00,2104317743172604597
p1,B,124,363,13,h00,2104317743172604597
p1,C,32,117,351,h00,2104317743172604597
p1,Non-ROH,500,0,0,h00,2104317743172604597
p2,A,493,7,0,h00,2104317743172604597
p2,B,253,247,0,h00,2104317743172604597
p2,C,32,83,385,h00,2104317743172604597
p2,Non-ROH,500,0,0,h00,2104317743172604597
p3,A,496,4,0,h00,2104317743172604597
p3,B,316,184,0,h00,2104317743172604597
p3,C,31,92,377,h00,2104317743172604597
p3,Non-ROH,500,0,0,h00,2104317743172604597
p1,A,444,56,0,h00,2110323454478545514
p1,B,127,357,16,h00,2110323454478545514
p1,C,29,94,377,h00,2110323454478545514
p1,Non-ROH,500,0,0,h00,2110323454478545514
p2,A,497,3,0,h00,2110323454478545514
p2,B,295,205,0,h00,2110323454478545514
p2,C,32,144,324,h00,2110323454478545514
p2,Non-ROH,500,0,0,h00,2110323454478545514
p3,A,500,0,0,h00,2110323454478545514
p3,B,368,132,0,h00,2110323454478545514
p3,C,31,139,330,h00,2110323454478545514
p3,Non-ROH,500,0,0,h00,2110323454478545514
p1,A,461,39,0,h00,2115986567917414732
p1,B,96,387,17,h00,2115986567917414732
p1,C,35,93,372,h00,2115986567917414732
p1,Non-ROH,500,0,0,h00,2115986567917414732
p2,A,500,0,0,h00,2115986567917414732
p2,B,237,263,0,h00,2115986567917414732
p2,C,22,131,347,h00,2115986567917414732
p2,Non-ROH,500,0,0,h00,2115986567917414732
p3,A,497,3,0,h00,2115986567917414732
p3,B,309,191,0,h00,2115986567917414732
p3,C,14,155,331,h00,2115986567917414732
p3,Non-ROH,500,0,0,h00,2115986567917414732
p1,A,477,23,0,h00,215278918430462039
p1,B,111,373,16,h00,215278918430462039
p1,C,26,99,375,h00,215278918430462039
p1,Non-ROH,500,0,0,h00,215278918430462039
p2,A,500,0,0,h00,215278918430462039
p2,B,265,235,0,h00,215278918430462039
p2,C,25,102,373,h00,215278918430462039
p2,Non-ROH,500,0,0,h00,215278918430462039
p3,A,500,0,0,h00,215278918430462039
p3,B,335,165,0,h00,215278918430462039
p3,C,15,118,367,h00,215278918430462039
p3,Non-ROH,500,0,0,h00,215278918430462039
p1,A,402,98,0,h00,2156816541948973614
p1,B,60,426,14,h00,2156816541948973614
p1,C,15,113,372,h00,2156816541948973614
p1,Non-ROH,500,0,0,h00,2156816541948973614
p2,A,466,34,0,h00,2156816541948973614
p2,B,142,358,0,h00,2156816541948973614
p2,C,14,94,392,h00,2156816541948973614
p2,Non-ROH,500,0,0,h00,2156816541948973614
p3,A,470,30,0,h00,2156816541948973614
p3,B,241,259,0,h00,2156816541948973614
p3,C,12,106,382,h00,2156816541948973614
p3,Non-ROH,499,1,0,h00,2156816541948973614
p1,A,466,34,0,h00,2174043611906189471
p1,B,127,355,18,h00,2174043611906189471
p1,C,36,97,367,h00,2174043611906189471
p1,Non-ROH,500,0,0,h00,2174043611906189471
p2,A,500,0,0,h00,2174043611906189471
p2,B,319,181,0,h00,2174043611906189471
p2,C,16,99,385,h00,2174043611906189471
p2,Non-ROH,500,0,0,h00,2174043611906189471
p3,A,500,0,0,h00,2174043611906189471
p3,B,342,158,0,h00,2174043611906189471
p3,C,20,103,377,h00,2174043611906189471
p3,Non-ROH,500,0,0,h00,2174043611906189471
p1,A,431,69,0,h00,217638068633519425
p1,B,100,382,18,h00,217638068633519425
p1,C,25,127,348,h00,217638068633519425
p1,Non-ROH,500,0,0,h00,217638068633519425
p2,A,490,10,0,h00,217638068633519425
p2,B,192,308,0,h00,217638068633519425
p2,C,15,160,325,h00,217638068633519425
p2,Non-ROH,500,0,0,h00,217638068633519425
p3,A,498,2,0,h00,217638068633519425
p3,B,295,205,0,h00,217638068633519425
p3,C,18,137,345,h00,217638068633519425
p3,Non-ROH,500,0,0,h00,217638068633519425
p1,A,447,53,0,h00,2213029515177919753
p1,B,109,379,12,h00,2213029515177919753
p1,C,27,130,343,h00,2213029515177919753
p1,Non-ROH,500,0,0,h00,2213029515177919753
p2,A,494,6,0,h00,2213029515177919753
p2,B,241,259,0,h00,2213029515177919753
p2,C,36,97,367,h00,2213029515177919753
p2,Non-ROH,500,0,0,h00,2213029515177919753
p3,A,498,2,0,h00,2213029515177919753
p3,B,282,218,0,h00,2213029515177919753
p3,C,22,183,295,h00,2213029515177919753
p3,Non-ROH,500,0,0,h00,2213029515177919753
p1,A,460,40,0,h00,2226314848128698481
p1,B,133,348,19,h00,2226314848128698481
p1,C,43,81,376,h00,2226314848128698481
p1,Non-ROH,500,0,0,h00,2226314848128698481
p2,A,499,1,0,h00,2226314848128698481
p2,B,270,230,0,h00,2226314848128698481
p2,C,18,97,385,h00,2226314848128698481
p2,Non-ROH,500,0,0,h00,2226314848128698481
p3,A,497,3,0,h00,2226314848128698481
p3,B,300,200,0,h00,2226314848128698481
p3,C,34,83,383,h00,2226314848128698481
p3,Non-ROH,500,0,0,h00,2226314848128698481
p1,A,397,103,0,h00,2231209458305127871
p1,B,89,383,28,h00,2231209458305127871
p1,C,18,103,379,h00,2231209458305127871
p1,Non-ROH,500,0,0,h00,2231209458305127871
p2,A,489,11,0,h00,2231209458305127871
p2,B,258,241,1,h00,2231209458305127871
p2,C,15,108,377,h00,2231209458305127871
p2,Non-ROH,500,0,0,h00,2231209458305127871
p3,A,492,8,0,h00,2231209458305127871
p3,B,318,182,0,h00,2231209458305127871
p3,C,22,168,310,h00,2231209458305127871
p3,Non-ROH,500,0,0,h00,2231209458305127871
p1,A,428,72,0,h00,2248913045146814560
p1,B,104,383,13,h00,2248913045146814560
p1,C,31,97,372,h00,2248913045146814560
p1,Non-ROH,500,0,0,h00,2248913045146814560
p2,A,493,7,0,h00,2248913045146814560
p2,B,212,288,0,h00,2248913045146814560
p2,C,16,93,391,h00,2248913045146814560
p2,Non-ROH,500,0,0,h00,2248913045146814560
p3,A,497,3,0,h00,2248913045146814560
p3,B,252,248,0,h00,2248913045146814560
p3,C,13,192,295,h00,2248913045146814560
p3,Non-ROH,500,0,0,h00,2248913045146814560
p1,A,449,51,0,h00,2261080031299322371
p1,B,109,372,19,h00,2261080031299322371
p1,C,28,107,365,h00,2261080031299322371
p1,Non-ROH,500,0,0,h00,2261080031299322371
p2,A,499,1,0,h00,2261080031299322371
p2,B,181,319,0,h00,2261080031299322371
p2,C,10,106,384,h00,2261080031299322371
p2,Non-ROH,500,0,0,h00,2261080031299322371
p3,A,498,2,0,h00,2261080031299322371
p3,B,254,246,0,h00,2261080031299322371
p3,C,9,118,373,h00,2261080031299322371
p3,Non-ROH,500,0,0,h00,2261080031299322371
p1,A,441,59,0,h00,2270685292642668965
p1,B,102,383,15,h00,2270685292642668965
p1,C,25,92,383,h00,2270685292642668965
p1,Non-ROH,500,0,0,h00,2270685292642668965
p2,A,489,11,0,h00,2270685292642668965
p2,B,230,270,0,h00,2270685292642668965
p2,C,14,106,380,h00,2270685292642668965
p2,Non-ROH,500,0,0,h00,2270685292642668965
p3,A,497,3,0,h00,2270685292642668965
p3,B,263,237,0,h00,2270685292642668965
p3,C,16,122,362,h00,2270685292642668965
p3,Non-ROH,500,0,0,h00,2270685292642668965
p1,A,461,39,0,h00,2276589658571010949
p1,B,134,356,10,h00,2276589658571010949
p1,C,34,91,375,h00,2276589658571010949
p1,Non-ROH,500,0,0,h00,2276589658571010949
p2,A,499,1,0,h00,2276589658571010949
p2,B,221,279,0,h00,2276589658571010949
p2,C,12,173,315,h00,2276589658571010949
p2,Non-ROH,500,0,0,h00,2276589658571010949
p3,A,500,0,0,h00,2276589658571010949
p3,B,297,203,0,h00,2276589658571010949
p3,C,21,181,298,h00,2276589658571010949
p3,Non-ROH,500,0,0,h00,2276589658571010949
p1,A,449,51,0,h00,2325391773764637243
p1,B,77,408,15,h00,2325391773764637243
p1,C,26,111,363,h00,2325391773764637243
p1,Non-ROH,500,0,0,h00,2325391773764637243
p2,A,495,5,0,h00,2325391773764637243
p2,B,202,298,0,h00,2325391773764637243
p2,C,17,120,363,h00,2325391773764637243
p2,Non-ROH,500,0,0,h00,2325391773764637243
p3,A,496,4,0,h00,2325391773764637243
p3,B,284,216,0,h00,2325391773764637243
p3,C,24,110,366,h00,2325391773764637243
p3,Non-ROH,500,0,0,h00,2325391773764637243
p1,A,445,55,0,h00,2333974635431175188
p1,B,121,364,15,h00,2333974635431175188
p1,C,30,87,383,h00,2333974635431175188
p1,Non-ROH,500,0,0,h00,2333974635431175188
p2,A,499,1,0,h00,2333974635431175188
p2,B,281,219,0,h00,2333974635431175188
p2,C,22,125,353,h00,2333974635431175188
p2,Non-ROH,500,0,0,h00,2333974635431175188
p3,A,495,5,0,h00,2333974635431175188
p3,B,313,187,0,h00,2333974635431175188
p3,C,15,208,277,h00,2333974635431175188
p3,Non-ROH,500,0,0,h00,2333974635431175188
p1,A,465,35,0,h00,2341198055877650802
p1,B,121,369,10,h00,2341198055877650802
p1,C,22,95,383,h00,2341198055877650802
p1,Non-ROH,500,0,0,h00,2341198055877650802
p2,A,496,4,0,h00,2341198055877650802
p2,B,234,266,0,h00,2341198055877650802
p2,C,19,94,387,h00,2341198055877650802
p2,Non-ROH,500,0,0,h00,2341198055877650802
p3,A,492,8,0,h00,2341198055877650802
p3,B,328,172,0,h00,2341198055877650802
p3,C,12,120,368,h00,2341198055877650802
p3,Non-ROH,500,0,0,h00,2341198055877650802
p1,A,456,44,0,h00,2348161418297934513
p1,B,89,393,18,h00,2348161418297934513
p1,C,26,121,353,h00,2348161418297934513
p1,Non-ROH,500,0,0,h00,2348161418297934513
p2,A,494,6,0,h00,2348161418297934513
p2,B,195,305,0,h00,2348161418297934513
p2,C,14,120,366,h00,2348161418297934513
p2,Non-ROH,500,0,0,h00,2348161418297934513
p3,A,496,4,0,h00,2348161418297934513
p3,B,254,246,0,h00,2348161418297934513
p3,C,19,117,364,h00,2348161418297934513
p3,Non-ROH,500,0,0,h00,2348161418297934513
p1,A,482,18,0,h00,2377990193666223348
p1,B,145,341,14,h00,2377990193666223348
p1,C,41,87,372,h00,2377990193666223348
p1,Non-ROH,500,0,0,h00,2377990193666223348
p2,A,500,0,0,h00,2377990193666223348
p2,B,334,166,0,h00,2377990193666223348
p2,C,26,87,387,h00,2377990193666223348
p2,Non-ROH,500,0,0,h00,2377990193666223348
p3,A,500,0,0,h00,2377990193666223348
p3,B,342,158,0,h00,2377990193666223348
p3,C,16,98,386,h00,2377990193666223348
p3,Non-ROH,500,0,0,h00,2377990193666223348
p1,A,470,30,0,h00,2398732858742842846
p1,B,160,329,11,h00,2398732858742842846
p1,C,42,91,367,h00,2398732858742842846
p1,Non-ROH,500,0,0,h00,2398732858742842846
p2,A,497,3,0,h00,2398732858742842846
p2,B,299,201,0,h00,2398732858742842846
p2,C,33,90,377,h00,2398732858742842846
p2,Non-ROH,500,0,0,h00,2398732858742842846
p3,A,500,0,0,h00,2398732858742842846
p3,B,359,141,0,h00,2398732858742842846
p3,C,24,84,392,h00,2398732858742842846
p3,Non-ROH,500,0,0,h00,2398732858742842846
p1,A,469,31,0,h00,2402059822941775694
p1,B,106,384,10,h00,2402059822941775694
p1,C,30,96,374,h00,2402059822941775694
p1,Non-ROH,500,0,0,h00,2402059822941775694
p2,A,499,1,0,h00,2402059822941775694
p2,B,223,277,0,h00,2402059822941775694
p2,C,20,143,337,h00,2402059822941775694
p2,Non-ROH,500,0,0,h00,2402059822941775694
p3,A,500,0,0,h00,2402059822941775694
p3,B,275,225,0,h00,2402059822941775694
p3,C,19,146,335,h00,2402059822941775694
p3,Non-ROH,500,0,0,h00,2402059822941775694
p1,A,470,30,0,h00,2414559306889225485
p1,B,91,390,19,h00,2414559306889225485
p1,C,29,98,373,h00,2414559306889225485
p1,Non-ROH,500,0,0,h00,2414559306889225485
p2,A,500,0,0,h00,2414559306889225485
p2,B,224,275,1,h00,2414559306889225485
p2,C,19,108,373,h00,2414559306889225485
p2,Non-ROH,500,0,0,h00,2414559306889225485
p3,A,499,1,0,h00,2414559306889225485
p3,B,272,228,0,h00,2414559306889225485
p3,C,17,181,302,h00,2414559306889225485
p3,Non-ROH,500,0,0,h00,2414559306889225485
p1,A,434,66,0,h00,2419367695980860718
p1,B,90,397,13,h00,2419367695980860718
p1,C,25,97,378,h00,2419367695980860718
p1,Non-ROH,500,0,0,h00,2419367695980860718
p2,A,492,8,0,h00,2419367695980860718
p2,B,208,292,0,h00,2419367695980860718
p2,C,11,95,394,h00,2419367695980860718
p2,Non-ROH,500,0,0,h00,2419367695980860718
p3,A,493,7,0,h00,2419367695980860718
p3,B,201,299,0,h00,2419367695980860718
p3,C,8,109,383,h00,2419367695980860718
p3,Non-ROH,500,0,0,h00,2419367695980860718
p1,A,468,32,0,h00,2421630746348809573
p1,B,108,371,21,h00,2421630746348809573
p1,C,29,105,366,h00,2421630746348809573
p1,Non-ROH,500,0,0,h00,2421630746348809573
p2,A,497,3,0,h00,2421630746348809573
p2,B,219,281,0,h00,2421630746348809573
p2,C,10,113,377,h00,2421630746348809573
p2,Non-ROH,500,0,0,h00,2421630746348809573
p3,A,496,4,0,h00,2421630746348809573
p3,B,307,193,0,h00,2421630746348809573
p3,C,13,104,383,h00,2421630746348809573
p3,Non-ROH,500,0,0,h00,2421630746348809573
p1,A,479,21,0,h00,2423373918653785487
p1,B,104,382,14,h00,2423373918653785487
p1,C,31,90,379,h00,2423373918653785487
p1,Non-ROH,500,0,0,h00,2423373918653785487
p2,A,498,2,0,h00,2423373918653785487
p2,B,281,219,0,h00,2423373918653785487
p2,C,21,102,377,h00,2423373918653785487
p2,Non-ROH,500,0,0,h00,2423373918653785487
p3,A,494,6,0,h00,2423373918653785487
p3,B,324,176,0,h00,2423373918653785487
p3,C,10,147,343,h00,2423373918653785487
p3,Non-ROH,500,0,0,h00,2423373918653785487
p1,A,435,65,0,h00,24454192000205924
p1,B,130,353,17,h00,24454192000205924
p1,C,19,107,374,h00,24454192000205924
p1,Non-ROH,500,0,0,h00,24454192000205924
p2,A,488,12,0,h00,24454192000205924
p2,B,329,171,0,h00,24454192000205924
p2,C,23,157,320,h00,24454192000205924
p2,Non-ROH,500,0,0,h00,24454192000205924
p3,A,491,9,0,h00,24454192000205924
p3,B,285,215,0,h00,24454192000205924
p3,C,28,86,386,h00,24454192000205924
p3,Non-ROH,500,0,0,h00,24454192000205924
p1,A,447,53,0,h00,2447731323343121822
p1,B,111,378,11,h00,2447731323343121822
p1,C,32,87,381,h00,2447731323343121822
p1,Non-ROH,500,0,0,h00,2447731323343121822
p2,A,497,3,0,h00,2447731323343121822
p2,B,289,211,0,h00,2447731323343121822
p2,C,28,156,316,h00,2447731323343121822
p2,Non-ROH,500,0,0,h00,2447731323343121822
p3,A,500,0,0,h00,2447731323343121822
p3,B,335,165,0,h00,2447731323343121822
p3,C,18,94,388,h00,2447731323343121822
p3,Non-ROH,500,0,0,h00,2447731323343121822
p1,A,447,53,0,h00,2467830197506776770
p1,B,93,389,18,h00,2467830197506776770
p1,C,20,96,384,h00,2467830197506776770
p1,Non-ROH,500,0,0,h00,2467830197506776770
p2,A,493,7,0,h00,2467830197506776770
p2,B,232,268,0,h00,2467830197506776770
p2,C,20,109,371,h00,2467830197506776770
p2,Non-ROH,500,0,0,h00,2467830197506776770
p3,A,492,8,0,h00,2467830197506776770
p3,B,270,230,0,h00,2467830197506776770
p3,C,21,113,366,h00,2467830197506776770
p3,Non-ROH,500,0,0,h00,2467830197506776770
p1,A,453,47,0,h00,2474864708645148456
p1,B,107,379,14,h00,2474864708645148456
p1,C,29,95,376,h00,2474864708645148456
p1,Non-ROH,500,0,0,h00,2474864708645148456
p2,A,497,3,0,h00,2474864708645148456
p2,B,275,225,0,h00,2474864708645148456
p2,C,16,93,391,h00,2474864708645148456
p2,Non-ROH,500,0,0,h00,2474864708645148456
p3,A,497,3,0,h00,2474864708645148456
p3,B,290,210,0,h00,2474864708645148456
p3,C,14,146,340,h00,2474864708645148456
p3,Non-ROH,500,0,0,h00,2474864708645148456
p1,A,443,57,0,h00,2491469814547847332
p1,B,85,396,19,h00,2491469814547847332
p1,C,24,117,359,h00,2491469814547847332
p1,Non-ROH,500,0,0,h00,2491469814547847332
p2,A,497,3,0,h00,2491469814547847332
p2,B,249,251,0,h00,2491469814547847332
p2,C,20,92,388,h00,2491469814547847332
p2,Non-ROH,500,0,0,h00,2491469814547847332
p3,A,499,1,0,h00,2491469814547847332
p3,B,290,210,0,h00,2491469814547847332
p3,C,17,125,358,h00,2491469814547847332
p3,Non-ROH,500,0,0,h00,2491469814547847332
p1,A,486,14,0,h00,2500502901733353259
p1,B,128,352,20,h00,2500502901733353259
p1,C,38,88,374,h00,2500502901733353259
p1,Non-ROH,500,0,0,h00,2500502901733353259
p2,A,500,0,0,h00,2500502901733353259
p2,B,268,232,0,h00,2500502901733353259
p2,C,20,85,395,h00,2500502901733353259
p2,Non-ROH,500,0,0,h00,2500502901733353259
p3,A,500,0,0,h00,2500502901733353259
p3,B,313,187,0,h00,2500502901733353259
p3,C,23,98,379,h00,2500502901733353259
p3,Non-ROH,500,0,0,h00,2500502901733353259
p1,A,430,70,0,h00,2505890466052842857
p1,B,84,406,10,h00,2505890466052842857
p1,C,24,103,373,h00,2505890466052842857
p1,Non-ROH,500,0,0,h00,2505890466052842857
p2,A,480,20,0,h00,2505890466052842857
p2,B,260,240,0,h00,2505890466052842857
p2,C,20,166,314,h00,2505890466052842857
p2,Non-ROH,500,0,0,h00,2505890466052842857
p3,A,488,12,0,h00,2505890466052842857
p3,B,219,281,0,h00,2505890466052842857
p3,C,12,138,350,h00,2505890466052842857
p3,Non-ROH,500,0,0,h00,2505890466052842857
p1,A,445,55,0,h00,2531555882547941800
p1,B,130,351,19,h00,2531555882547941800
p1,C,40,75,385,h00,2531555882547941800
p1,Non-ROH,500,0,0,h00,2531555882547941800
p2,A,496,4,0,h00,2531555882547941800
p2,B,264,236,0,h00,2531555882547941800
p2,C,21,120,359,h00,2531555882547941800
p2,Non-ROH,500,0,0,h00,2531555882547941800
p3,A,500,0,0,h00,2531555882547941800
p3,B,327,173,0,h00,2531555882547941800
p3,C,15,114,371,h00,2531555882547941800
p3,Non-ROH,500,0,0,h00,2531555882547941800
p1,A,446,54,0,h00,2538182891345640416
p1,B,100,385,15,h00,2538182891345640416
p1,C,25,92,383,h00,2538182891345640416
p1,Non-ROH,500,0,0,h00,2538182891345640416
p2,A,485,15,0,h00,2538182891345640416
p2,B,197,303,0,h00,2538182891345640416
p2,C,10,158,332,h00,2538182891345640416
p2,Non-ROH,500,0,0,h00,2538182891345640416
p3,A,492,8,0,h00,2538182891345640416
p3,B,271,229,0,h00,2538182891345640416
p3,C,33,105,362,h00,2538182891345640416
p3,Non-ROH,500,0,0,h00,2538182891345640416
p1,A,457,43,0,h00,2553817847603666864
p1,B,104,379,17,h00,2553817847603666864
p1,C,32,79,389,h00,2553817847603666864
p1,Non-ROH,500,0,0,h00,2553817847603666864
p2,A,493,7,0,h00,2553817847603666864
p2,B,240,260,0,h00,2553817847603666864
p2,C,20,108,372,h00,2553817847603666864
p2,Non-ROH,500,0,0,h00,2553817847603666864
p3,A,498,2,0,h00,2553817847603666864
p3,B,242,258,0,h00,2553817847603666864
p3,C,18,101,381,h00,2553817847603666864
p3,Non-ROH,500,0,0,h00,2553817847603666864
p1,A,468,32,0,h00,2582636653590832573
p1,B,104,375,21,h00,2582636653590832573
p1,C,28,79,393,h00,2582636653590832573
p1,Non-ROH,500,0,0,h00,2582636653590832573
p2,A,500,0,0,h00,2582636653590832573
p2,B,279,221,0,h00,2582636653590832573
p2,C,20,143,337,h00,2582636653590832573
p2,Non-ROH,500,0,0,h00,2582636653590832573
p3,A,500,0,0,h00,2582636653590832573
p3,B,326,174,0,h00,2582636653590832573
p3,C,18,137,345,h00,2582636653590832573
p3,Non-ROH,500,0,0,h00,2582636653590832573
p1,A,464,36,0,h00,2592630812011419061
p1,B,142,343,15,h00,2592630812011419061
p1,C,35,98,367,h00,2592630812011419061
p1,Non-ROH,500,0,0,h00,2592630812011419061
p2,A,499,1,0,h00,2592630812011419061
p2,B,263,237,0,h00,2592630812011419061
p2,C,15,125,360,h00,2592630812011419061
p2,Non-ROH,500,0,0,h00,2592630812011419061
p3,A,500,0,0,h00,2592630812011419061
p3,B,288,212,0,h00,2592630812011419061
p3,C,27,127,346,h00,2592630812011419061
p3,Non-ROH,500,0,0,h00,2592630812011419061
p1,A,479,21,0,h00,2599256936468401537
p1,B,106,380,14,h00,2599256936468401537
p1,C,33,88,379,h00,2599256936468401537
p1,Non-ROH,500,0,0,h00,2599256936468401537
p2,A,499,1,0,h00,2599256936468401537
p2,B,236,264,0,h00,2599256936468401537
p2,C,14,108,378,h00,2599256936468401537
p2,Non-ROH,500,0,0,h00,2599256936468401537
p3,A,497,3,0,h00,2599256936468401537
p3,B,301,199,0,h00,2599256936468401537
p3,C,22,186,292,h00,2599256936468401537
p3,Non-ROH,500,0,0,h00,2599256936468401537
p1,A,455,45,0,h00,2603773830718323133
p1,B,129,355,16,h00,2603773830718323133
p1,C,37,111,352,h00,2603773830718323133
p1,Non-ROH,500,0,0,h00,2603773830718323133
p2,A,493,7,0,h00,2603773830718323133
p2,B,251,249,0,h00,2603773830718323133
p2,C,22,154,324,h00,2603773830718323133
p2,Non-ROH,500,0,0,h00,2603773830718323133
p3,A,488,12,0,h00,2603773830718323133
p3,B,345,155,0,h00,2603773830718323133
p3,C,19,141,340,h00,2603773830718323133
p3,Non-ROH,500,0,0,h00,2603773830718323133
p1,A,468,32,0,h00,2642088376575620987
p1,B,106,384,10,h00,2642088376575620987
p1,C,28,122,350,h00,2642088376575620987
p1,Non-ROH,500,0,0,h00,2642088376575620987
p2,A,498,2,0,h00,2642088376575620987
p2,B,236,264,0,h00,2642088376575620987
p2,C,28,105,367,h00,2642088376575620987
p2,Non-ROH,500,0,0,h00,2642088376575620987
p3,A,497,3,0,h00,2642088376575620987
p3,B,274,226,0,h00,2642088376575620987
p3,C,33,120,347,h00,2642088376575620987
p3,Non-ROH,500,0,0,h00,2642088376575620987
p1,A,470,30,0,h00,2653841568400124273
p1,B,127,361,12,h00,2653841568400124273
p1,C,28,91,381,h00,2653841568400124273
p1,Non-ROH,500,0,0,h00,2653841568400124273
p2,A,498,2,0,h00,2653841568400124273
p2,B,279,221,0,h00,2653841568400124273
p2,C,24,93,383,h00,2653841568400124273
p2,Non-ROH,500,0,0,h00,2653841568400124273
p3,A,498,2,0,h00,2653841568400124273
p3,B,346,154,0,h00,2653841568400124273
p3,C,27,119,354,h00,2653841568400124273
p3,Non-ROH,500,0,0,h00,2653841568400124273
p1,A,468,32,0,h00,2655859107521200994
p1,B,110,375,15,h00,2655859107521200994
p1,C,37,114,349,h00,2655859107521200994
p1,Non-ROH,500,0,0,h00,2655859107521200994
p2,A,499,1,0,h00,2655859107521200994
p2,B,249,251,0,h00,2655859107521200994
p2,C,17,120,363,h00,2655859107521200994
p2,Non-ROH,500,0,0,h00,2655859107521200994
p3,A,497,3,0,h00,2655859107521200994
p3,B,276,224,0,h00,2655859107521200994
p3,C,21,86,393,h00,2655859107521200994
p3,Non-ROH,500,0,0,h00,2655859107521200994
p1,A,446,54,0,h00,2664880680665600388
p1,B,122,361,17,h00,2664880680665600388
p1,C,24,98,378,h00,2664880680665600388
p1,Non-ROH,500,0,0,h00,2664880680665600388
p2,A,491,9,0,h00,2664880680665600388
p2,B,241,259,0,h00,2664880680665600388
p2,C,16,149,335,h00,2664880680665600388
p2,Non-ROH,500,0,0,h00,2664880680665600388
p3,A,498,2,0,h00,2664880680665600388
p3,B,333,167,0,h00,2664880680665600388
p3,C,17,159,324,h00,2664880680665600388
p3,Non-ROH,500,0,0,h00,2664880680665600388
p1,A,462,38,0,h00,2671706936193863748
p1,B,108,379,13,h00,2671706936193863748
p1,C,29,94,377,h00,2671706936193863748
p1,Non-ROH,500,0,0,h00,2671706936193863748
p2,A,495,5,0,h00,2671706936193863748
p2,B,210,290,0,h00,2671706936193863748
p2,C,15,168,317,h00,2671706936193863748
p2,Non-ROH,500,0,0,h00,2671706936193863748
p3,A,498,2,0,h00,2671706936193863748
p3,B,267,233,0,h00,2671706936193863748
p3,C,19,168,313,h00,2671706936193863748
p3,Non-ROH,500,0,0,h00,2671706936193863748
p1,A,475,25,0,h00,2691141080745763637
p1,B,97,390,13,h00,2691141080745763637
p1,C,34,113,353,h00,2691141080745763637
p1,Non-ROH,500,0,0,h00,2691141080745763637
p2,A,499,1,0,h00,2691141080745763637
p2,B,251,249,0,h00,2691141080745763637
p2,C,20,111,369,h00,2691141080745763637
p2,Non-ROH,500,0,0,h00,2691141080745763637
p3,A,500,0,0,h00,2691141080745763637
p3,B,308,192,0,h00,2691141080745763637
p3,C,16,98,386,h00,2691141080745763637
p3,Non-ROH,500,0,0,h00,2691141080745763637
p1,A,418,82,0,h00,270483754946125459
p1,B,99,370,31,h00,270483754946125459
p1,C,24,106,370,h00,270483754946125459
p1,Non-ROH,500,0,0,h00,270483754946125459
p2,A,490,10,0,h00,270483754946125459
p2,B,221,279,0,h00,270483754946125459
p2,C,9,131,360,h00,270483754946125459
p2,Non-ROH,500,0,0,h00,270483754946125459
p3,A,490,10,0,h00,270483754946125459
p3,B,259,241,0,h00,270483754946125459
p3,C,22,92,386,h00,270483754946125459
p3,Non-ROH,500,0,0,h00,270483754946125459
p1,A,445,55,0,h00,271591246254653605
p1,B,127,360,13,h00,271591246254653605
p1,C,34,107,359,h00,271591246254653605
p1,Non-ROH,500,0,0,h00,271591246254653605
p2,A,493,7,0,h00,271591246254653605
p2,B,324,175,1,h00,271591246254653605
p2,C,21,90,389,h00,271591246254653605
p2,Non-ROH,500,0,0,h00,271591246254653605
p3,A,499,1,0,h00,271591246254653605
p3,B,300,200,0,h00,271591246254653605
p3,C,18,150,332,h00,271591246254653605
p3,Non-ROH,500,0,0,h00,271591246254653605
p1,A,449,51,0,h00,2758864400102165616
p1,B,88,396,16,h00,2758864400102165616
p1,C,26,98,376,h00,2758864400102165616
p1,Non-ROH,500,0,0,h00,2758864400102165616
p2,A,497,3,0,h00,2758864400102165616
p2,B,200,300,0,h00,2758864400102165616
p2,C,14,109,377,h00,2758864400102165616
p2,Non-ROH,500,0,0,h00,2758864400102165616
p3,A,496,4,0,h00,2758864400102165616
p3,B,283,217,0,h00,2758864400102165616
p3,C,25,107,368,h00,2758864400102165616
p3,Non-ROH,500,0,0,h00,2758864400102165616
p1,A,429,71,0,h00,2779358138066508310
p1,B,136,355,9,h00,2779358138066508310
p1,C,36,101,363,h00,2779358138066508310
p1,Non-ROH,500,0,0,h00,2779358138066508310
p2,A,493,7,0,h00,2779358138066508310
p2,B,284,216,0,h00,2779358138066508310
p2,C,22,131,347,h00,2779358138066508310
p2,Non-ROH,500,0,0,h00,2779358138066508310
p3,A,498,2,0,h00,2779358138066508310
p3,B,295,205,0,h00,2779358138066508310
p3,C,17,146,337,h00,2779358138066508310
p3,Non-ROH,500,0,0,h00,2779358138066508310
p1,A,475,25,0,h00,2783379615822094480
p1,B,138,349,13,h00,2783379615822094480
p1,C,37,104,359,h00,2783379615822094480
p1,Non-ROH,500,0,0,h00,2783379615822094480
p2,A,500,0,0,h00,2783379615822094480
p2,B,295,205,0,h00,2783379615822094480
p2,C,17,140,343,h00,2783379615822094480
p2,Non-ROH,500,0,0,h00,2783379615822094480
p3,A,497,3,0,h00,2783379615822094480
p3,B,324,176,0,h00,2783379615822094480
p3,C,16,112,372,h00,2783379615822094480
p3,Non-ROH,500,0,0,h00,2783379615822094480
p1,A,430,70,0,h00,2787227107786957027
p1,B,120,366,14,h00,2787227107786957027
p1,C,33,99,368,h00,2787227107786957027
p1,Non-ROH,500,0,0,h00,2787227107786957027
p2,A,486,14,0,h00,2787227107786957027
p2,B,268,232,0,h00,2787227107786957027
p2,C,15,121,364,h00,2787227107786957027
p2,Non-ROH,500,0,0,h00,2787227107786957027
p3,A,494,6,0,h00,2787227107786957027
p3,B,303,197,0,h00,2787227107786957027
p3,C,17,108,375,h00,2787227107786957027
p3,Non-ROH,500,0,0,h00,2787227107786957027
p1,A,429,71,0,h00,2795609852195796678
p1,B,88,402,10,h00,2795609852195796678
p1,C,22,104,374,h00,2795609852195796678
p1,Non-ROH,500,0,0,h00,2795609852195796678
p2,A,489,11,0,h00,2795609852195796678
p2,B,168,332,0,h00,2795609852195796678
p2,C,18,117,365,h00,2795609852195796678
p2,Non-ROH,500,0,0,h00,2795609852195796678
p3,A,489,11,0,h00,2795609852195796678
p3,B,205,295,0,h00,2795609852195796678
p3,C,9,116,375,h00,2795609852195796678
p3,Non-ROH,500,0,0,h00,2795609852195796678
p1,A,419,81,0,h00,2808630523817454920
p1,B,96,382,22,h00,2808630523817454920
p1,C,22,90,388,h00,2808630523817454920
p1,Non-ROH,500,0,0,h00,2808630523817454920
p2,A,487,13,0,h00,2808630523817454920
p2,B,240,260,0,h00,2808630523817454920
p2,C,22,118,360,h00,2808630523817454920
p2,Non-ROH,500,0,0,h00,2808630523817454920
p3,A,493,7,0,h00,2808630523817454920
p3,B,284,216,0,h00,2808630523817454920
p3,C,13,150,337,h00,2808630523817454920
p3,Non-ROH,500,0,0,h00,2808630523817454920
p1,A,477,23,0,h00,281200035054616547
p1,B,123,362,15,h00,281200035054616547
p1,C,37,92,371,h00,281200035054616547
p1,Non-ROH,500,0,0,h00,281200035054616547
p2,A,499,1,0,h00,281200035054616547
p2,B,234,266,0,h00,281200035054616547
p2,C,16,75,409,h00,281200035054616547
p2,Non-ROH,500,0,0,h00,281200035054616547
p3,A,499,1,0,h00,281200035054616547
p3,B,309,191,0,h00,281200035054616547
p3,C,20,86,394,h00,281200035054616547
p3,Non-ROH,500,0,0,h00,281200035054616547
p1,A,417,83,0,h00,2822220745379781803
p1,B,51,437,12,h00,2822220745379781803
p1,C,21,93,386,h00,2822220745379781803
p1,Non-ROH,500,0,0,h00,2822220745379781803
p2,A,493,7,0,h00,2822220745379781803
p2,B,142,358,0,h00,2822220745379781803
p2,C,11,106,383,h00,2822220745379781803
p2,Non-ROH,500,0,0,h00,2822220745379781803
p3,A,490,10,0,h00,2822220745379781803
p3,B,164,336,0,h00,2822220745379781803
p3,C,15,184,301,h00,2822220745379781803
p3,Non-ROH,500,0,0,h00,2822220745379781803
p1,A,417,83,0,h00,2848035134851388027
p1,B,98,388,14,h00,2848035134851388027
p1,C,30,88,382,h00,2848035134851388027
p1,Non-ROH,500,0,0,h00,2848035134851388027
p2,A,492,8,0,h00,2848035134851388027
p2,B,245,255,0,h00,2848035134851388027
p2,C,19,138,343,h00,2848035134851388027
p2,Non-ROH,500,0,0,h00,2848035134851388027
p3,A,499,1,0,h00,2848035134851388027
p3,B,323,177,0,h00,2848035134851388027
p3,C,22,127,351,h00,2848035134851388027
p3,Non-ROH,500,0,0,h00,2848035134851388027
p1,A,440,60,0,h00,2852581805686108790
p1,B,80,403,17,h00,2852581805686108790
p1,C,25,109,366,h00,2852581805686108790
p1,Non-ROH,500,0,0,h00,2852581805686108790
p2,A,484,16,0,h00,2852581805686108790
p2,B,250,250,0,h00,2852581805686108790
p2,C,11,101,388,h00,2852581805686108790
p2,Non-ROH,500,0,0,h00,2852581805686108790
p3,A,497,3,0,h00,2852581805686108790
p3,B,322,178,0,h00,2852581805686108790
p3,C,11,133,356,h00,2852581805686108790
p3,Non-ROH,500,0,0,h00,2852581805686108790
p1,A,460,40,0,h00,2858835733309443672
p1,B,130,353,17,h00,2858835733309443672
p1,C,37,95,368,h00,2858835733309443672
p1,Non-ROH,500,0,0,h00,2858835733309443672
p2,A,497,3,0,h00,2858835733309443672
p2,B,303,197,0,h00,2858835733309443672
p2,C,29,90,381,h00,2858835733309443672
p2,Non-ROH,500,0,0,h00,2858835733309443672
p3,A,500,0,0,h00,2858835733309443672
p3,B,363,137,0,h00,2858835733309443672
p3,C,24,118,358,h00,2858835733309443672
p3,Non-ROH,500,0,0,h00,2858835733309443672
p1,A,458,42,0,h00,2865146821799033060
p1,B,108,373,19,h00,2865146821799033060
p1,C,21,76,403,h00,2865146821799033060
p1,Non-ROH,500,0,0,h00,2865146821799033060
p2,A,499,1,0,h00,2865146821799033060
p2,B,235,265,0,h00,2865146821799033060
p2,C,16,119,365,h00,2865146821799033060
p2,Non-ROH,500,0,0,h00,2865146821799033060
p3,A,500,0,0,h00,2865146821799033060
p3,B,300,200,0,h00,2865146821799033060
p3,C,13,169,318,h00,2865146821799033060
p3,Non-ROH,500,0,0,h00,2865146821799033060
p1,A,458,42,0,h00,2878077817887578999
p1,B,114,373,13,h00,2878077817887578999
p1,C,41,72,387,h00,2878077817887578999
p1,Non-ROH,500,0,0,h00,2878077817887578999
p2,A,497,3,0,h00,2878077817887578999
p2,B,278,222,0,h00,2878077817887578999
p2,C,20,166,314,h00,2878077817887578999
p2,Non-ROH,500,0,0,h00,2878077817887578999
p3,A,500,0,0,h00,2878077817887578999
p3,B,328,172,0,h00,2878077817887578999
p3,C,17,107,376,h00,2878077817887578999
p3,Non-ROH,500,0,0,h00,2878077817887578999
p1,A,430,70,0,h00,2886220092989791333
p1,B,81,405,14,h00,2886220092989791333
p1,C,25,97,378,h00,2886220092989791333
p1,Non-ROH,500,0,0,h00,2886220092989791333
p2,A,486,14,0,h00,2886220092989791333
p2,B,174,326,0,h00,2886220092989791333
p2,C,20,87,393,h00,2886220092989791333
p2,Non-ROH,500,0,0,h00,2886220092989791333
p3,A,495,5,0,h00,2886220092989791333
p3,B,213,287,0,h00,2886220092989791333
p3,C,18,104,378,h00,2886220092989791333
p3,Non-ROH,500,0,0,h00,2886220092989791333
p1,A,446,54,0,h00,2888126316012786146
p1,B,134,341,25,h00,2888126316012786146
p1,C,26,91,383,h00,2888126316012786146
p1,Non-ROH,500,0,0,h00,2888126316012786146
p2,A,498,2,0,h00,2888126316012786146
p2,B,321,179,0,h00,2888126316012786146
p2,C,24,137,339,h00,2888126316012786146
p2,Non-ROH,500,0,0,h00,2888126316012786146
p3,A,499,1,0,h00,2888126316012786146
p3,B,371,129,0,h00,2888126316012786146
p3,C,30,117,353,h00,2888126316012786146
p3,Non-ROH,500,0,0,h00,2888126316012786146
p1,A,455,45,0,h00,2921426540513185172
p1,B,117,361,22,h00,2921426540513185172
p1,C,30,91,379,h00,2921426540513185172
p1,Non-ROH,500,0,0,h00,2921426540513185172
p2,A,497,3,0,h00,2921426540513185172
p2,B,275,225,0,h00,2921426540513185172
p2,C,24,98,378,h00,2921426540513185172
p2,Non-ROH,500,0,0,h00,2921426540513185172
p3,A,497,3,0,h00,2921426540513185172
p3,B,327,173,0,h00,2921426540513185172
p3,C,16,90,394,h00,2921426540513185172
p3,Non-ROH,500,0,0,h00,2921426540513185172
p1,A,456,44,0,h00,2921933502032537214
p1,B,127,358,15,h00,2921933502032537214
p1,C,37,100,363,h00,2921933502032537214
p1,Non-ROH,500,0,0,h00,2921933502032537214
p2,A,493,7,0,h00,2921933502032537214
p2,B,278,222,0,h00,2921933502032537214
p2,C,36,86,378,h00,2921933502032537214
p2,Non-ROH,500,0,0,h00,2921933502032537214
p3,A,496,4,0,h00,2921933502032537214
p3,B,319,181,0,h00,2921933502032537214
p3,C,19,130,351,h00,2921933502032537214
p3,Non-ROH,500,0,0,h00,2921933502032537214
p1,A,453,47,0,h00,2923606406820336693
p1,B,102,387,11,h00,2923606406820336693
p1,C,25,124,351,h00,2923606406820336693
p1,Non-ROH,500,0,0,h00,2923606406820336693
p2,A,493,7,0,h00,2923606406820336693
p2,B,182,318,0,h00,2923606406820336693
p2,C,20,113,367,h00,2923606406820336693
p2,Non-ROH,500,0,0,h00,2923606406820336693
p3,A,496,4,0,h00,2923606406820336693
p3,B,223,277,0,h00,2923606406820336693
p3,C,19,144,337,h00,2923606406820336693
p3,Non-ROH,500,0,0,h00,2923606406820336693
p1,A,472,28,0,h00,2966237868303496626
p1,B,106,380,14,h00,2966237868303496626
p1,C,27,97,376,h00,2966237868303496626
p1,Non-ROH,500,0,0,h00,2966237868303496626
p2,A,492,8,0,h00,2966237868303496626
p2,B,250,250,0,h00,2966237868303496626
p2,C,16,119,365,h00,2966237868303496626
p2,Non-ROH,500,0,0,h00,2966237868303496626
p3,A,500,0,0,h00,2966237868303496626
p3,B,278,222,0,h00,2966237868303496626
p3,C,26,182,292,h00,2966237868303496626
p3,Non-ROH,500,0,0,h00,2966237868303496626
p1,A,431,69,0,h00,2976638450342219709
p1,B,93,395,12,h00,2976638450342219709
p1,C,17,98,385,h00,2976638450342219709
p1,Non-ROH,500,0,0,h00,2976638450342219709
p2,A,479,21,0,h00,2976638450342219709
p2,B,153,347,0,h00,2976638450342219709
p2,C,7,187,306,h00,2976638450342219709
p2,Non-ROH,500,0,0,h00,2976638450342219709
p3,A,492,8,0,h00,2976638450342219709
p3,B,251,249,0,h00,2976638450342219709
p3,C,10,103,387,h00,2976638450342219709
p3,Non-ROH,500,0,0,h00,2976638450342219709
p1,A,444,56,0,h00,3005586598917918993
p1,B,182,300,18,h00,3005586598917918993
p1,C,29,103,368,h00,3005586598917918993
p1,Non-ROH,500,0,0,h00,3005586598917918993
p2,A,497,3,0,h00,3005586598917918993
p2,B,256,244,0,h00,3005586598917918993
p2,C,29,114,357,h00,3005586598917918993
p2,Non-ROH,500,0,0,h00,3005586598917918993
p3,A,490,10,0,h00,3005586598917918993
p3,B,310,190,0,h00,3005586598917918993
p3,C,11,204,285,h00,3005586598917918993
p3,Non-ROH,500,0,0,h00,3005586598917918993
p1,A,417,83,0,h00,3010344131163025760
p1,B,80,400,20,h00,3010344131163025760
p1,C,27,80,393,h00,3010344131163025760
p1,Non-ROH,500,0,0,h00,3010344131163025760
p2,A,479,21,0,h00,3010344131163025760
p2,B,167,333,0,h00,3010344131163025760
p2,C,15,147,338,h00,3010344131163025760
p2,Non-ROH,500,0,0,h00,3010344131163025760
p3,A,492,8,0,h00,3010344131163025760
p3,B,264,236,0,h00,3010344131163025760
p3,C,15,209,276,h00,3010344131163025760
p3,Non-ROH,500,0,0,h00,3010344131163025760
p1,A,466,34,0,h00,3010793565915229609
p1,B,124,362,14,h00,3010793565915229609
p1,C,33,108,359,h00,3010793565915229609
p1,Non-ROH,500,0,0,h00,3010793565915229609
p2,A,499,1,0,h00,3010793565915229609
p2,B,241,259,0,h00,3010793565915229609
p2,C,20,90,390,h00,3010793565915229609
p2,Non-ROH,500,0,0,h00,3010793565915229609
p3,A,495,5,0,h00,3010793565915229609
p3,B,287,213,0,h00,3010793565915229609
p3,C,12,135,353,h00,3010793565915229609
p3,Non-ROH,500,0,0,h00,3010793565915229609
p1,A,474,26,0,h00,3014509334178662496
p1,B,117,374,9,h00,3014509334178662496
p1,C,16,94,390,h00,3014509334178662496
p1,Non-ROH,500,0,0,h00,3014509334178662496
p2,A,491,9,0,h00,3014509334178662496
p2,B,194,306,0,h00,3014509334178662496
p2,C,12,149,339,h00,3014509334178662496
p2,Non-ROH,500,0,0,h00,3014509334178662496
p3,A,500,0,0,h00,3014509334178662496
p3,B,307,193,0,h00,3014509334178662496
p3,C,27,107,366,h00,3014509334178662496
p3,Non-ROH,500,0,0,h00,3014509334178662496
p1,A,403,97,0,h00,3033343945241183067
p1,B,88,398,14,h00,3033343945241183067
p1,C,21,99,380,h00,3033343945241183067
p1,Non-ROH,500,0,0,h00,3033343945241183067
p2,A,480,20,0,h00,3033343945241183067
p2,B,195,305,0,h00,3033343945241183067
p2,C,22,133,345,h00,3033343945241183067
p2,Non-ROH,500,0,0,h00,3033343945241183067
p3,A,489,11,0,h00,3033343945241183067
p3,B,303,196,1,h00,3033343945241183067
p3,C,17,184,299,h00,3033343945241183067
p3,Non-ROH,500,0,0,h00,3033343945241183067
p1,A,462,38,0,h00,3038989552798495505
p1,B,122,365,13,h00,3038989552798495505
p1,C,49,73,378,h00,3038989552798495505
p1,Non-ROH,500,0,0,h00,3038989552798495505
p2,A,492,8,0,h00,3038989552798495505
p2,B,278,222,0,h00,3038989552798495505
p2,C,91,131,278,h00,3038989552798495505
p2,Non-ROH,500,0,0,h00,3038989552798495505
p3,A,493,7,0,h00,3038989552798495505
p3,B,294,206,0,h00,3038989552798495505
p3,C,45,84,371,h00,3038989552798495505
p3,Non-ROH,500,0,0,h00,3038989552798495505
p1,A,395,104,1,h00,3061773785222534487
p1,B,82,395,23,h00,3061773785222534487
p1,C,29,108,363,h00,3061773785222534487
p1,Non-ROH,499,0,0,h00,3061773785222534487
p2,A,467,33,0,h00,3061773785222534487
p2,B,172,328,0,h00,3061773785222534487
p2,C,16,138,346,h00,3061773785222534487
p2,Non-ROH,500,0,0,h00,3061773785222534487
p3,A,460,40,0,h00,3061773785222534487
p3,B,179,321,0,h00,3061773785222534487
p3,C,11,178,311,h00,3061773785222534487
p3,Non-ROH,500,0,0,h00,3061773785222534487
p1,A,440,60,0,h00,3080181151794706567
p1,B,108,379,13,h00,3080181151794706567
p1,C,28,95,377,h00,3080181151794706567
p1,Non-ROH,500,0,0,h00,3080181151794706567
p2,A,488,12,0,h00,3080181151794706567
p2,B,206,294,0,h00,3080181151794706567
p2,C,31,176,293,h00,3080181151794706567
p2,Non-ROH,500,0,0,h00,3080181151794706567
p3,A,494,6,0,h00,3080181151794706567
p3,B,317,183,0,h00,3080181151794706567
p3,C,21,110,369,h00,3080181151794706567
p3,Non-ROH,500,0,0,h00,3080181151794706567
p1,A,430,70,0,h00,312131574232549325
p1,B,104,384,12,h00,312131574232549325
p1,C,45,92,363,h00,312131574232549325
p1,Non-ROH,500,0,0,h00,312131574232549325
p2,A,484,16,0,h00,312131574232549325
p2,B,275,225,0,h00,312131574232549325
p2,C,13,114,373,h00,312131574232549325
p2,Non-ROH,500,0,0,h00,312131574232549325
p3,A,498,2,0,h00,312131574232549325
p3,B,290,210,0,h00,312131574232549325
p3,C,23,87,390,h00,312131574232549325
p3,Non-ROH,500,0,0,h00,312131574232549325
p1,A,463,37,0,h00,3129014550563080706
p1,B,90,387,23,h00,3129014550563080706
p1,C,25,108,367,h00,3129014550563080706
p1,Non-ROH,500,0,0,h00,3129014550563080706
p2,A,497,3,0,h00,3129014550563080706
p2,B,198,302,0,h00,3129014550563080706
p2,C,27,134,339,h00,3129014550563080706
p2,Non-ROH,500,0,0,h00,3129014550563080706
p3,A,495,5,0,h00,3129014550563080706
p3,B,277,223,0,h00,3129014550563080706
p3,C,27,140,333,h00,3129014550563080706
p3,Non-ROH,500,0,0,h00,3129014550563080706
p1,A,464,36,0,h00,3136481499597392437
p1,B,110,376,14,h00,3136481499597392437
p1,C,29,104,367,h00,3136481499597392437
p1,Non-ROH,500,0,0,h00,3136481499597392437
p2,A,488,12,0,h00,3136481499597392437
p2,B,221,279,0,h00,3136481499597392437
p2,C,24,109,367,h00,3136481499597392437
p2,Non-ROH,500,0,0,h00,3136481499597392437
p3,A,498,2,0,h00,3136481499597392437
p3,B,321,179,0,h00,3136481499597392437
p3,C,19,145,336,h00,3136481499597392437
p3,Non-ROH,500,0,0,h00,3136481499597392437
p1,A,461,39,0,h00,3142169725982065825
p1,B,118,369,13,h00,3142169725982065825
p1,C,32,101,367,h00,3142169725982065825
p1,Non-ROH,500,0,0,h00,3142169725982065825
p2,A,499,1,0,h00,3142169725982065825
p2,B,261,239,0,h00,3142169725982065825
p2,C,19,115,366,h00,3142169725982065825
p2,Non-ROH,500,0,0,h00,3142169725982065825
p3,A,500,0,0,h00,3142169725982065825
p3,B,325,175,0,h00,3142169725982065825
p3,C,24,97,379,h00,3142169725982065825
p3,Non-ROH,500,0,0,h00,3142169725982065825
p1,A,424,76,0,h00,3144181731382867048
p1,B,112,373,15,h00,3144181731382867048
p1,C,28,96,376,h00,3144181731382867048
p1,Non-ROH,500,0,0,h00,3144181731382867048
p2,A,491,9,0,h00,3144181731382867048
p2,B,260,240,0,h00,3144181731382867048
p2,C,14,148,338,h00,3144181731382867048
p2,Non-ROH,500,0,0,h00,3144181731382867048
p3,A,489,11,0,h00,3144181731382867048
p3,B,312,188,0,h00,3144181731382867048
p3,C,18,288,194,h00,3144181731382867048
p3,Non-ROH,500,0,0,h00,3144181731382867048
p1,A,473,27,0,h00,3149234040662007951
p1,B,189,301,10,h00,3149234040662007951
p1,C,39,83,378,h00,3149234040662007951
p1,Non-ROH,500,0,0,h00,3149234040662007951
p2,A,498,2,0,h00,3149234040662007951
p2,B,329,171,0,h00,3149234040662007951
p2,C,20,114,366,h00,3149234040662007951
p2,Non-ROH,500,0,0,h00,3149234040662007951
p3,A,500,0,0,h00,3149234040662007951
p3,B,371,129,0,h00,3149234040662007951
p3,C,16,137,347,h00,3149234040662007951
p3,Non-ROH,500,0,0,h00,3149234040662007951
p1,A,455,45,0,h00,316097434901446919
p1,B,129,354,17,h00,316097434901446919
p1,C,39,115,346,h00,316097434901446919
p1,Non-ROH,500,0,0,h00,316097434901446919
p2,A,493,7,0,h00,316097434901446919
p2,B,257,243,0,h00,316097434901446919
p2,C,20,126,354,h00,316097434901446919
p2,Non-ROH,500,0,0,h00,316097434901446919
p3,A,496,4,0,h00,316097434901446919
p3,B,306,194,0,h00,316097434901446919
p3,C,18,110,372,h00,316097434901446919
p3,Non-ROH,500,0,0,h00,316097434901446919
p1,A,452,48,0,h00,3179534011170499778
p1,B,116,369,15,h00,3179534011170499778
p1,C,41,95,364,h00,3179534011170499778
p1,Non-ROH,500,0,0,h00,3179534011170499778
p2,A,495,5,0,h00,3179534011170499778
p2,B,229,271,0,h00,3179534011170499778
p2,C,23,98,379,h00,3179534011170499778
p2,Non-ROH,500,0,0,h00,3179534011170499778
p3,A,491,9,0,h00,3179534011170499778
p3,B,324,176,0,h00,3179534011170499778
p3,C,18,104,378,h00,3179534011170499778
p3,Non-ROH,500,0,0,h00,3179534011170499778
p1,A,452,48,0,h00,3201694301304624298
p1,B,98,385,17,h00,3201694301304624298
p1,C,28,105,367,h00,3201694301304624298
p1,Non-ROH,500,0,0,h00,3201694301304624298
p2,A,498,2,0,h00,3201694301304624298
p2,B,274,226,0,h00,3201694301304624298
p2,C,18,120,362,h00,3201694301304624298
p2,Non-ROH,500,0,0,h00,3201694301304624298
p3,A,499,1,0,h00,3201694301304624298
p3,B,345,155,0,h00,3201694301304624298
p3,C,22,81,397,h00,3201694301304624298
p3,Non-ROH,500,0,0,h00,3201694301304624298
p1,A,457,43,0,h00,3261894297314430348
p1,B,94,393,13,h00,3261894297314430348
p1,C,18,109,373,h00,3261894297314430348
p1,Non-ROH,500,0,0,h00,3261894297314430348
p2,A,497,3,0,h00,3261894297314430348
p2,B,203,297,0,h00,3261894297314430348
p2,C,21,102,377,h00,3261894297314430348
p2,Non-ROH,500,0,0,h00,3261894297314430348
p3,A,498,2,0,h00,3261894297314430348
p3,B,272,228,0,h00,3261894297314430348
p3,C,14,114,372,h00,3261894297314430348
p3,Non-ROH,500,0,0,h00,3261894297314430348
p1,A,442,58,0,h00,3283206090760178577
p1,B,83,409,8,h00,3283206090760178577
p1,C,29,113,358,h00,3283206090760178577
p1,Non-ROH,500,0,0,h00,3283206090760178577
p2,A,500,0,0,h00,3283206090760178577
p2,B,220,280,0,h00,3283206090760178577
p2,C,17,94,389,h00,3283206090760178577
p2,Non-ROH,500,0,0,h00,3283206090760178577
p3,A,498,2,0,h00,3283206090760178577
p3,B,237,263,0,h00,3283206090760178577
p3,C,8,114,378,h00,3283206090760178577
p3,Non-ROH,500,0,0,h00,3283206090760178577
p1,A,463,37,0,h00,3289373367234797345
p1,B,143,342,15,h00,3289373367234797345
p1,C,37,87,376,h00,3289373367234797345
p1,Non-ROH,500,0,0,h00,3289373367234797345
p2,A,494,6,0,h00,3289373367234797345
p2,B,313,187,0,h00,3289373367234797345
p2,C,35,73,392,h00,3289373367234797345
p2,Non-ROH,500,0,0,h00,3289373367234797345
p3,A,500,0,0,h00,3289373367234797345
p3,B,337,163,0,h00,3289373367234797345
p3,C,28,71,401,h00,3289373367234797345
p3,Non-ROH,500,0,0,h00,3289373367234797345
p1,A,439,61,0,h00,3289727879080075424
p1,B,144,334,22,h00,3289727879080075424
p1,C,31,80,389,h00,3289727879080075424
p1,Non-ROH,500,0,0,h00,3289727879080075424
p2,A,493,7,0,h00,3289727879080075424
p2,B,315,185,0,h00,3289727879080075424
p2,C,22,87,391,h00,3289727879080075424
p2,Non-ROH,500,0,0,h00,3289727879080075424
p3,A,492,8,0,h00,3289727879080075424
p3,B,336,164,0,h00,3289727879080075424
p3,C,22,188,290,h00,3289727879080075424
p3,Non-ROH,500,0,0,h00,3289727879080075424
p1,A,438,62,0,h00,3307827960955054846
p1,B,89,398,13,h00,3307827960955054846
p1,C,28,127,345,h00,3307827960955054846
p1,Non-ROH,500,0,0,h00,3307827960955054846
p2,A,488,12,0,h00,3307827960955054846
p2,B,202,298,0,h00,3307827960955054846
p2,C,21,106,373,h00,3307827960955054846
p2,Non-ROH,500,0,0,h00,3307827960955054846
p3,A,499,1,0,h00,3307827960955054846
p3,B,228,272,0,h00,3307827960955054846
p3,C,21,156,323,h00,3307827960955054846
p3,Non-ROH,500,0,0,h00,3307827960955054846
p1,A,457,43,0,h00,3316206051838487293
p1,B,101,386,13,h00,3316206051838487293
p1,C,33,116,351,h00,3316206051838487293
p1,Non-ROH,500,0,0,h00,3316206051838487293
p2,A,494,6,0,h00,3316206051838487293
p2,B,199,301,0,h00,3316206051838487293
p2,C,21,160,319,h00,3316206051838487293
p2,Non-ROH,500,0,0,h00,3316206051838487293
p3,A,495,5,0,h00,3316206051838487293
p3,B,280,220,0,h00,3316206051838487293
p3,C,19,171,310,h00,3316206051838487293
p3,Non-ROH,500,0,0,h00,3316206051838487293
p1,A,460,40,0,h00,3388953417953374402
p1,B,86,391,23,h00,3388953417953374402
p1,C,32,76,392,h00,3388953417953374402
p1,Non-ROH,500,0,0,h00,3388953417953374402
p2,A,498,2,0,h00,3388953417953374402
p2,B,253,247,0,h00,3388953417953374402
p2,C,21,139,340,h00,3388953417953374402
p2,Non-ROH,500,0,0,h00,3388953417953374402
p3,A,499,1,0,h00,3388953417953374402
p3,B,295,205,0,h00,3388953417953374402
p3,C,20,110,370,h00,3388953417953374402
p3,Non-ROH,500,0,0,h00,3388953417953374402
p1,A,442,58,0,h00,3420833918723844240
p1,B,109,378,13,h00,3420833918723844240
p1,C,25,110,365,h00,3420833918723844240
p1,Non-ROH,500,0,0,h00,3420833918723844240
p2,A,487,13,0,h00,3420833918723844240
p2,B,238,262,0,h00,3420833918723844240
p2,C,17,123,360,h00,3420833918723844240
p2,Non-ROH,500,0,0,h00,3420833918723844240
p3,A,495,5,0,h00,3420833918723844240
p3,B,270,230,0,h00,3420833918723844240
p3,C,26,116,358,h00,3420833918723844240
p3,Non-ROH,500,0,0,h00,3420833918723844240
p1,A,440,60,0,h00,3423478990075565859
p1,B,79,408,13,h00,3423478990075565859
p1,C,18,103,379,h00,3423478990075565859
p1,Non-ROH,500,0,0,h00,3423478990075565859
p2,A,492,8,0,h00,3423478990075565859
p2,B,180,320,0,h00,3423478990075565859
p2,C,20,124,356,h00,3423478990075565859
p2,Non-ROH,500,0,0,h00,3423478990075565859
p3,A,494,6,0,h00,3423478990075565859
p3,B,273,227,0,h00,3423478990075565859
p3,C,12,163,325,h00,3423478990075565859
p3,Non-ROH,500,0,0,h00,3423478990075565859
p1,A,431,69,0,h00,3432467835900654966
p1,B,100,386,14,h00,3432467835900654966
p1,C,26,103,371,h00,3432467835900654966
p1,Non-ROH,500,0,0,h00,3432467835900654966
p2,A,492,8,0,h00,3432467835900654966
p2,B,188,311,1,h00,3432467835900654966
p2,C,14,194,292,h00,3432467835900654966
p2,Non-ROH,500,0,0,h00,3432467835900654966
p3,A,498,2,0,h00,3432467835900654966
p3,B,301,199,0,h00,3432467835900654966
p3,C,18,103,379,h00,3432467835900654966
p3,Non-ROH,500,0,0,h00,3432467835900654966
p1,A,456,44,0,h00,3439266075144882593
p1,B,129,354,17,h00,3439266075144882593
p1,C,24,91,385,h00,3439266075144882593
p1,Non-ROH,500,0,0,h00,3439266075144882593
p2,A,497,3,0,h00,3439266075144882593
p2,B,291,209,0,h00,3439266075144882593
p2,C,25,136,339,h00,3439266075144882593
p2,Non-ROH,500,0,0,h00,3439266075144882593
p3,A,499,1,0,h00,3439266075144882593
p3,B,339,161,0,h00,3439266075144882593
p3,C,23,111,366,h00,3439266075144882593
p3,Non-ROH,500,0,0,h00,3439266075144882593
p1,A,402,98,0,h00,3453325846810690203
p1,B,80,413,7,h00,3453325846810690203
p1,C,33,108,359,h00,3453325846810690203
p1,Non-ROH,500,0,0,h00,3453325846810690203
p2,A,482,18,0,h00,3453325846810690203
p2,B,165,335,0,h00,3453325846810690203
p2,C,17,103,380,h00,3453325846810690203
p2,Non-ROH,500,0,0,h00,3453325846810690203
p3,A,495,5,0,h00,3453325846810690203
p3,B,272,228,0,h00,3453325846810690203
p3,C,11,121,368,h00,3453325846810690203
p3,Non-ROH,500,0,0,h00,3453325846810690203
p1,A,453,47,0,h00,3471541157276798424
p1,B,117,367,16,h00,3471541157276798424
p1,C,27,88,385,h00,3471541157276798424
p1,Non-ROH,500,0,0,h00,3471541157276798424
p2,A,490,10,0,h00,3471541157276798424
p2,B,258,242,0,h00,3471541157276798424
p2,C,24,102,374,h00,3471541157276798424
p2,Non-ROH,500,0,0,h00,3471541157276798424
p3,A,496,4,0,h00,3471541157276798424
p3,B,290,210,0,h00,3471541157276798424
p3,C,24,103,373,h00,3471541157276798424
p3,Non-ROH,500,0,0,h00,3471541157276798424
p1,A,441,59,0,h00,3483597259819132404
p1,B,78,401,21,h00,3483597259819132404
p1,C,28,122,350,h00,3483597259819132404
p1,Non-ROH,500,0,0,h00,3483597259819132404
p2,A,489,11,0,h00,3483597259819132404
p2,B,193,307,0,h00,3483597259819132404
p2,C,15,161,324,h00,3483597259819132404
p2,Non-ROH,500,0,0,h00,3483597259819132404
p3,A,496,4,0,h00,3483597259819132404
p3,B,258,242,0,h00,3483597259819132404
p3,C,12,141,347,h00,3483597259819132404
p3,Non-ROH,500,0,0,h00,3483597259819132404
p1,A,479,21,0,h00,3602606635223752655
p1,B,140,349,11,h00,3602606635223752655
p1,C,29,103,368,h00,3602606635223752655
p1,Non-ROH,500,0,0,h00,3602606635223752655
p2,A,497,3,0,h00,3602606635223752655
p2,B,251,249,0,h00,3602606635223752655
p2,C,26,91,383,h00,3602606635223752655
p2,Non-ROH,500,0,0,h00,3602606635223752655
p3,A,500,0,0,h00,3602606635223752655
p3,B,331,169,0,h00,3602606635223752655
p3,C,21,106,373,h00,3602606635223752655
p3,Non-ROH,500,0,0,h00,3602606635223752655
p1,A,452,48,0,h00,3620378368543051960
p1,B,128,349,23,h00,3620378368543051960
p1,C,37,96,367,h00,3620378368543051960
p1,Non-ROH,500,0,0,h00,3620378368543051960
p2,A,497,3,0,h00,3620378368543051960
p2,B,253,247,0,h00,3620378368543051960
p2,C,28,142,330,h00,3620378368543051960
p2,Non-ROH,500,0,0,h00,3620378368543051960
p3,A,496,4,0,h00,3620378368543051960
p3,B,306,194,0,h00,3620378368543051960
p3,C,36,116,348,h00,3620378368543051960
p3,Non-ROH,500,0,0,h00,3620378368543051960
p1,A,458,42,0,h00,3646809819555529717
p1,B,96,387,17,h00,3646809819555529717
p1,C,34,95,371,h00,3646809819555529717
p1,Non-ROH,500,0,0,h00,3646809819555529717
p2,A,497,3,0,h00,3646809819555529717
p2,B,264,236,0,h00,3646809819555529717
p2,C,31,134,335,h00,3646809819555529717
p2,Non-ROH,500,0,0,h00,3646809819555529717
p3,A,492,8,0,h00,3646809819555529717
p3,B,299,201,0,h00,3646809819555529717
p3,C,39,134,327,h00,3646809819555529717
p3,Non-ROH,500,0,0,h00,3646809819555529717
p1,A,451,49,0,h00,370897708012610843
p1,B,89,401,10,h00,370897708012610843
p1,C,28,95,377,h00,370897708012610843
p1,Non-ROH,500,0,0,h00,370897708012610843
p2,A,489,11,0,h00,370897708012610843
p2,B,209,291,0,h00,370897708012610843
p2,C,19,99,382,h00,370897708012610843
p2,Non-ROH,500,0,0,h00,370897708012610843
p3,A,497,3,0,h00,370897708012610843
p3,B,311,189,0,h00,370897708012610843
p3,C,18,115,367,h00,370897708012610843
p3,Non-ROH,500,0,0,h00,370897708012610843
p1,A,446,54,0,h00,3746813413018173642
p1,B,117,374,9,h00,3746813413018173642
p1,C,25,92,383,h00,3746813413018173642
p1,Non-ROH,500,0,0,h00,3746813413018173642
p2,A,492,8,0,h00,3746813413018173642
p2,B,261,239,0,h00,3746813413018173642
p2,C,21,126,353,h00,3746813413018173642
p2,Non-ROH,500,0,0,h00,3746813413018173642
p3,A,498,2,0,h00,3746813413018173642
p3,B,302,198,0,h00,3746813413018173642
p3,C,19,133,348,h00,3746813413018173642
p3,Non-ROH,500,0,0,h00,3746813413018173642
p1,A,477,23,0,h00,374873582700968554
p1,B,109,382,9,h00,374873582700968554
p1,C,26,107,367,h00,374873582700968554
p1,Non-ROH,500,0,0,h00,374873582700968554
p2,A,495,5,0,h00,374873582700968554
p2,B,215,285,0,h00,374873582700968554
p2,C,19,107,374,h00,374873582700968554
p2,Non-ROH,500,0,0,h00,374873582700968554
p3,A,497,3,0,h00,374873582700968554
p3,B,283,217,0,h00,374873582700968554
p3,C,22,106,372,h00,374873582700968554
p3,Non-ROH,500,0,0,h00,374873582700968554
p1,A,440,60,0,h00,3782747150085181047
p1,B,93,395,12,h00,3782747150085181047
p1,C,33,99,368,h00,3782747150085181047
p1,Non-ROH,500,0,0,h00,3782747150085181047
p2,A,493,7,0,h00,3782747150085181047
p2,B,233,267,0,h00,3782747150085181047
p2,C,23,105,372,h00,3782747150085181047
p2,Non-ROH,500,0,0,h00,3782747150085181047
p3,A,495,5,0,h00,3782747150085181047
p3,B,247,253,0,h00,3782747150085181047
p3,C,14,109,377,h00,3782747150085181047
p3,Non-ROH,500,0,0,h00,3782747150085181047
p1,A,463,37,0,h00,3783312406048574783
p1,B,133,351,16,h00,3783312406048574783
p1,C,30,100,370,h00,3783312406048574783
p1,Non-ROH,500,0,0,h00,3783312406048574783
p2,A,499,1,0,h00,3783312406048574783
p2,B,262,238,0,h00,3783312406048574783
p2,C,32,132,336,h00,3783312406048574783
p2,Non-ROH,500,0,0,h00,3783312406048574783
p3,A,498,2,0,h00,3783312406048574783
p3,B,326,174,0,h00,3783312406048574783
p3,C,22,156,322,h00,3783312406048574783
p3,Non-ROH,500,0,0,h00,3783312406048574783
p1,A,444,56,0,h00,3857728332733070791
p1,B,115,365,20,h00,3857728332733070791
p1,C,27,113,360,h00,3857728332733070791
p1,Non-ROH,500,0,0,h00,3857728332733070791
p2,A,483,17,0,h00,3857728332733070791
p2,B,250,250,0,h00,3857728332733070791
p2,C,15,105,380,h00,3857728332733070791
p2,Non-ROH,500,0,0,h00,3857728332733070791
p3,A,484,16,0,h00,3857728332733070791
p3,B,249,251,0,h00,3857728332733070791
p3,C,9,105,386,h00,3857728332733070791
p3,Non-ROH,500,0,0,h00,3857728332733070791
p1,A,423,77,0,h00,3870569051277263198
p1,B,105,381,14,h00,3870569051277263198
p1,C,28,103,369,h00,3870569051277263198
p1,Non-ROH,500,0,0,h00,3870569051277263198
p2,A,492,8,0,h00,3870569051277263198
p2,B,241,259,0,h00,3870569051277263198
p2,C,14,126,360,h00,3870569051277263198
p2,Non-ROH,500,0,0,h00,3870569051277263198
p3,A,492,8,0,h00,3870569051277263198
p3,B,286,214,0,h00,3870569051277263198
p3,C,17,103,380,h00,3870569051277263198
p3,Non-ROH,500,0,0,h00,3870569051277263198
p1,A,373,127,0,h00,3872502974202693052
p1,B,124,359,17,h00,3872502974202693052
p1,C,14,95,391,h00,3872502974202693052
p1,Non-ROH,500,0,0,h00,3872502974202693052
p2,A,481,19,0,h00,3872502974202693052
p2,B,209,291,0,h00,3872502974202693052
p2,C,20,121,359,h00,3872502974202693052
p2,Non-ROH,500,0,0,h00,3872502974202693052
p3,A,479,21,0,h00,3872502974202693052
p3,B,325,175,0,h00,3872502974202693052
p3,C,13,145,342,h00,3872502974202693052
p3,Non-ROH,500,0,0,h00,3872502974202693052
p1,A,455,45,0,h00,3892276675451754626
p1,B,139,342,19,h00,3892276675451754626
p1,C,33,88,379,h00,3892276675451754626
p1,Non-ROH,500,0,0,h00,3892276675451754626
p2,A,493,7,0,h00,3892276675451754626
p2,B,275,225,0,h00,3892276675451754626
p2,C,17,94,389,h00,3892276675451754626
p2,Non-ROH,500,0,0,h00,3892276675451754626
p3,A,493,7,0,h00,3892276675451754626
p3,B,353,147,0,h00,3892276675451754626
p3,C,24,106,370,h00,3892276675451754626
p3,Non-ROH,500,0,0,h00,3892276675451754626
p1,A,438,62,0,h00,3906578313109414030
p1,B,127,353,20,h00,3906578313109414030
p1,C,30,115,355,h00,3906578313109414030
p1,Non-ROH,500,0,0,h00,3906578313109414030
p2,A,482,18,0,h00,3906578313109414030
p2,B,238,262,0,h00,3906578313109414030
p2,C,18,157,325,h00,3906578313109414030
p2,Non-ROH,500,0,0,h00,3906578313109414030
p3,A,497,3,0,h00,3906578313109414030
p3,B,263,237,0,h00,3906578313109414030
p3,C,10,255,235,h00,3906578313109414030
p3,Non-ROH,500,0,0,h00,3906578313109414030
p1,A,455,45,0,h00,3914451166109892882
p1,B,100,386,14,h00,3914451166109892882
p1,C,31,96,373,h00,3914451166109892882
p1,Non-ROH,500,0,0,h00,3914451166109892882
p2,A,496,4,0,h00,3914451166109892882
p2,B,212,288,0,h00,3914451166109892882
p2,C,25,112,363,h00,3914451166109892882
p2,Non-ROH,500,0,0,h00,3914451166109892882
p3,A,497,3,0,h00,3914451166109892882
p3,B,265,235,0,h00,3914451166109892882
p3,C,14,102,384,h00,3914451166109892882
p3,Non-ROH,500,0,0,h00,3914451166109892882
p1,A,473,27,0,h00,3930435202843891156
p1,B,112,372,16,h00,3930435202843891156
p1,C,23,104,373,h00,3930435202843891156
p1,Non-ROH,500,0,0,h00,3930435202843891156
p2,A,499,1,0,h00,3930435202843891156
p2,B,214,286,0,h00,3930435202843891156
p2,C,20,153,327,h00,3930435202843891156
p2,Non-ROH,500,0,0,h00,3930435202843891156
p3,A,499,1,0,h00,3930435202843891156
p3,B,284,216,0,h00,3930435202843891156
p3,C,20,116,364,h00,3930435202843891156
p3,Non-ROH,500,0,0,h00,3930435202843891156
p1,A,470,30,0,h00,3931579058868833233
p1,B,172,310,18,h00,3931579058868833233
p1,C,65,48,387,h00,3931579058868833233
p1,Non-ROH,500,0,0,h00,3931579058868833233
p2,A,500,0,0,h00,3931579058868833233
p2,B,364,136,0,h00,3931579058868833233
p2,C,64,51,385,h00,3931579058868833233
p2,Non-ROH,500,0,0,h00,3931579058868833233
p3,A,499,1,0,h00,3931579058868833233
p3,B,393,107,0,h00,3931579058868833233
p3,C,73,48,379,h00,3931579058868833233
p3,Non-ROH,500,0,0,h00,3931579058868833233
p1,A,469,31,0,h00,3936448565818775640
p1,B,96,397,7,h00,3936448565818775640
p1,C,28,111,361,h00,3936448565818775640
p1,Non-ROH,500,0,0,h00,3936448565818775640
p2,A,498,2,0,h00,3936448565818775640
p2,B,231,269,0,h00,3936448565818775640
p2,C,15,137,348,h00,3936448565818775640
p2,Non-ROH,500,0,0,h00,3936448565818775640
p3,A,500,0,0,h00,3936448565818775640
p3,B,295,205,0,h00,3936448565818775640
p3,C,22,157,321,h00,3936448565818775640
p3,Non-ROH,500,0,0,h00,3936448565818775640
p1,A,455,45,0,h00,395142773015513016
p1,B,115,365,20,h00,395142773015513016
p1,C,28,90,382,h00,395142773015513016
p1,Non-ROH,500,0,0,h00,395142773015513016
p2,A,492,8,0,h00,395142773015513016
p2,B,238,262,0,h00,395142773015513016
p2,C,16,89,395,h00,395142773015513016
p2,Non-ROH,500,0,0,h00,395142773015513016
p3,A,499,1,0,h00,395142773015513016
p3,B,305,195,0,h00,395142773015513016
p3,C,14,99,387,h00,395142773015513016
p3,Non-ROH,500,0,0,h00,395142773015513016
p1,A,462,38,0,h00,3967630831491443326
p1,B,138,350,12,h00,3967630831491443326
p1,C,21,123,356,h00,3967630831491443326
p1,Non-ROH,500,0,0,h00,3967630831491443326
p2,A,497,3,0,h00,3967630831491443326
p2,B,271,229,0,h00,3967630831491443326
p2,C,28,151,321,h00,3967630831491443326
p2,Non-ROH,500,0,0,h00,3967630831491443326
p3,A,500,0,0,h00,3967630831491443326
p3,B,334,166,0,h00,3967630831491443326
p3,C,28,179,293,h00,3967630831491443326
p3,Non-ROH,500,0,0,h00,3967630831491443326
p1,A,418,82,0,h00,4029132440299934778
p1,B,105,373,22,h00,4029132440299934778
p1,C,26,99,375,h00,4029132440299934778
p1,Non-ROH,500,0,0,h00,4029132440299934778
p2,A,494,6,0,h00,4029132440299934778
p2,B,235,265,0,h00,4029132440299934778
p2,C,36,107,357,h00,4029132440299934778
p2,Non-ROH,500,0,0,h00,4029132440299934778
p3,A,496,4,0,h00,4029132440299934778
p3,B,286,214,0,h00,4029132440299934778
p3,C,24,105,371,h00,4029132440299934778
p3,Non-ROH,500,0,0,h00,4029132440299934778
p1,A,445,55,0,h00,4050088701953919497
p1,B,120,369,11,h00,4050088701953919497
p1,C,27,86,387,h00,4050088701953919497
p1,Non-ROH,500,0,0,h00,4050088701953919497
p2,A,486,14,0,h00,4050088701953919497
p2,B,289,211,0,h00,4050088701953919497
p2,C,30,93,377,h00,4050088701953919497
p2,Non-ROH,500,0,0,h00,4050088701953919497
p3,A,495,5,0,h00,4050088701953919497
p3,B,300,200,0,h00,4050088701953919497
p3,C,27,109,364,h00,4050088701953919497
p3,Non-ROH,500,0,0,h00,4050088701953919497
p1,A,470,30,0,h00,4068627093876524908
p1,B,136,351,13,h00,4068627093876524908
p1,C,28,107,365,h00,4068627093876524908
p1,Non-ROH,500,0,0,h00,4068627093876524908
p2,A,497,3,0,h00,4068627093876524908
p2,B,270,230,0,h00,4068627093876524908
p2,C,21,104,375,h00,4068627093876524908
p2,Non-ROH,500,0,0,h00,4068627093876524908
p3,A,499,1,0,h00,4068627093876524908
p3,B,302,198,0,h00,4068627093876524908
p3,C,13,87,400,h00,4068627093876524908
p3,Non-ROH,500,0,0,h00,4068627093876524908
p1,A,447,53,0,h00,408521173642501465
p1,B,135,350,15,h00,408521173642501465
p1,C,36,103,361,h00,408521173642501465
p1,Non-ROH,500,0,0,h00,408521173642501465
p2,A,498,2,0,h00,408521173642501465
p2,B,323,177,0,h00,408521173642501465
p2,C,18,110,372,h00,408521173642501465
p2,Non-ROH,500,0,0,h00,408521173642501465
p3,A,499,1,0,h00,408521173642501465
p3,B,362,138,0,h00,408521173642501465
p3,C,23,118,359,h00,408521173642501465
p3,Non-ROH,500,0,0,h00,408521173642501465
p1,A,462,38,0,h00,4098198446687774258
p1,B,155,333,12,h00,4098198446687774258
p1,C,23,119,358,h00,4098198446687774258
p1,Non-ROH,500,0,0,h00,4098198446687774258
p2,A,495,5,0,h00,4098198446687774258
p2,B,306,194,0,h00,4098198446687774258
p2,C,29,98,373,h00,4098198446687774258
p2,Non-ROH,500,0,0,h00,4098198446687774258
p3,A,499,1,0,h00,4098198446687774258
p3,B,366,134,0,h00,4098198446687774258
p3,C,20,169,311,h00,4098198446687774258
p3,Non-ROH,500,0,0,h00,4098198446687774258
p1,A,439,61,0,h00,4123684450009118347
p1,B,94,392,14,h00,4123684450009118347
p1,C,30,88,382,h00,4123684450009118347
p1,Non-ROH,500,0,0,h00,4123684450009118347
p2,A,492,8,0,h00,4123684450009118347
p2,B,220,280,0,h00,4123684450009118347
p2,C,31,89,380,h00,4123684450009118347
p2,Non-ROH,500,0,0,h00,4123684450009118347
p3,A,483,17,0,h00,4123684450009118347
p3,B,285,215,0,h00,4123684450009118347
p3,C,21,97,382,h00,4123684450009118347
p3,Non-ROH,500,0,0,h00,4123684450009118347
p1,A,426,74,0,h00,4149607403261469369
p1,B,83,406,11,h00,4149607403261469369
p1,C,37,96,367,h00,4149607403261469369
p1,Non-ROH,500,0,0,h00,4149607403261469369
p2,A,484,16,0,h00,4149607403261469369
p2,B,206,294,0,h00,4149607403261469369
p2,C,21,135,344,h00,4149607403261469369
p2,Non-ROH,500,0,0,h00,4149607403261469369
p3,A,497,3,0,h00,4149607403261469369
p3,B,243,257,0,h00,4149607403261469369
p3,C,14,132,354,h00,4149607403261469369
p3,Non-ROH,500,0,0,h00,4149607403261469369
p1,A,461,39,0,h00,4168685826619015799
p1,B,106,382,12,h00,4168685826619015799
p1,C,33,91,376,h00,4168685826619015799
p1,Non-ROH,500,0,0,h00,4168685826619015799
p2,A,492,8,0,h00,4168685826619015799
p2,B,274,226,0,h00,4168685826619015799
p2,C,19,127,354,h00,4168685826619015799
p2,Non-ROH,500,0,0,h00,4168685826619015799
p3,A,498,2,0,h00,4168685826619015799
p3,B,377,123,0,h00,4168685826619015799
p3,C,14,135,351,h00,4168685826619015799
p3,Non-ROH,500,0,0,h00,4168685826619015799
p1,A,471,29,0,h00,4186213260065274180
p1,B,100,378,22,h00,4186213260065274180
p1,C,29,89,382,h00,4186213260065274180
p1,Non-ROH,500,0,0,h00,4186213260065274180
p2,A,496,4,0,h00,4186213260065274180
p2,B,241,259,0,h00,4186213260065274180
p2,C,17,126,357,h00,4186213260065274180
p2,Non-ROH,500,0,0,h00,4186213260065274180
p3,A,500,0,0,h00,4186213260065274180
p3,B,319,181,0,h00,4186213260065274180
p3,C,19,137,344,h00,4186213260065274180
p3,Non-ROH,500,0,0,h00,4186213260065274180
p1,A,485,15,0,h00,4188275144287043396
p1,B,117,371,12,h00,4188275144287043396
p1,C,44,92,364,h00,4188275144287043396
p1,Non-ROH,500,0,0,h00,4188275144287043396
p2,A,499,1,0,h00,4188275144287043396
p2,B,250,250,0,h00,4188275144287043396
p2,C,28,98,374,h00,4188275144287043396
p2,Non-ROH,500,0,0,h00,4188275144287043396
p3,A,499,1,0,h00,4188275144287043396
p3,B,316,184,0,h00,4188275144287043396
p3,C,24,139,337,h00,4188275144287043396
p3,Non-ROH,500,0,0,h00,4188275144287043396
p1,A,451,49,0,h00,4212293438182827943
p1,B,111,370,19,h00,4212293438182827943
p1,C,23,99,378,h00,4212293438182827943
p1,Non-ROH,500,0,0,h00,4212293438182827943
p2,A,499,1,0,h00,4212293438182827943
p2,B,248,252,0,h00,4212293438182827943
p2,C,22,102,376,h00,4212293438182827943
p2,Non-ROH,500,0,0,h00,4212293438182827943
p3,A,499,1,0,h00,4212293438182827943
p3,B,309,191,0,h00,4212293438182827943
p3,C,16,111,373,h00,4212293438182827943
p3,Non-ROH,500,0,0,h00,4212293438182827943
p1,A,476,24,0,h00,4220763607165006847
p1,B,121,368,11,h00,4220763607165006847
p1,C,37,81,382,h00,4220763607165006847
p1,Non-ROH,500,0,0,h00,4220763607165006847
p2,A,495,5,0,h00,4220763607165006847
p2,B,292,208,0,h00,4220763607165006847
p2,C,29,100,371,h00,4220763607165006847
p2,Non-ROH,500,0,0,h00,4220763607165006847
p3,A,500,0,0,h00,4220763607165006847
p3,B,367,133,0,h00,4220763607165006847
p3,C,21,97,382,h00,4220763607165006847
p3,Non-ROH,500,0,0,h00,4220763607165006847
p1,A,455,45,0,h00,4235972165186563777
p1,B,93,390,17,h00,4235972165186563777
p1,C,32,89,379,h00,4235972165186563777
p1,Non-ROH,500,0,0,h00,4235972165186563777
p2,A,494,6,0,h00,4235972165186563777
p2,B,238,262,0,h00,4235972165186563777
p2,C,17,119,364,h00,4235972165186563777
p2,Non-ROH,500,0,0,h00,4235972165186563777
p3,A,498,2,0,h00,4235972165186563777
p3,B,261,239,0,h00,4235972165186563777
p3,C,14,171,315,h00,4235972165186563777
p3,Non-ROH,500,0,0,h00,4235972165186563777
p1,A,465,35,0,h00,4287375503024049342
p1,B,114,375,11,h00,4287375503024049342
p1,C,26,124,350,h00,4287375503024049342
p1,Non-ROH,500,0,0,h00,4287375503024049342
p2,A,495,5,0,h00,4287375503024049342
p2,B,238,262,0,h00,4287375503024049342
p2,C,17,166,317,h00,4287375503024049342
p2,Non-ROH,500,0,0,h00,4287375503024049342
p3,A,500,0,0,h00,4287375503024049342
p3,B,268,232,0,h00,4287375503024049342
p3,C,10,218,272,h00,4287375503024049342
p3,Non-ROH,500,0,0,h00,4287375503024049342
p1,A,449,51,0,h00,4307591776055466140
p1,B,115,365,20,h00,4307591776055466140
p1,C,33,91,376,h00,4307591776055466140
p1,Non-ROH,500,0,0,h00,4307591776055466140
p2,A,489,11,0,h00,4307591776055466140
p2,B,276,224,0,h00,4307591776055466140
p2,C,24,80,396,h00,4307591776055466140
p2,Non-ROH,500,0,0,h00,4307591776055466140
p3,A,498,2,0,h00,4307591776055466140
p3,B,317,183,0,h00,4307591776055466140
p3,C,43,147,310,h00,4307591776055466140
p3,Non-ROH,500,0,0,h00,4307591776055466140
p1,A,392,108,0,h00,4310394147464451238
p1,B,81,404,15,h00,4310394147464451238
p1,C,23,113,364,h00,4310394147464451238
p1,Non-ROH,500,0,0,h00,4310394147464451238
p2,A,495,5,0,h00,4310394147464451238
p2,B,192,308,0,h00,4310394147464451238
p2,C,19,156,325,h00,4310394147464451238
p2,Non-ROH,500,0,0,h00,4310394147464451238
p3,A,497,3,0,h00,4310394147464451238
p3,B,262,238,0,h00,4310394147464451238
p3,C,17,128,355,h00,4310394147464451238
p3,Non-ROH,500,0,0,h00,4310394147464451238
p1,A,458,42,0,h00,4336353367558390195
p1,B,99,393,8,h00,4336353367558390195
p1,C,39,90,371,h00,4336353367558390195
p1,Non-ROH,500,0,0,h00,4336353367558390195
p2,A,494,6,0,h00,4336353367558390195
p2,B,220,280,0,h00,4336353367558390195
p2,C,26,126,348,h00,4336353367558390195
p2,Non-ROH,500,0,0,h00,4336353367558390195
p3,A,498,2,0,h00,4336353367558390195
p3,B,317,183,0,h00,4336353367558390195
p3,C,26,153,321,h00,4336353367558390195
p3,Non-ROH,500,0,0,h00,4336353367558390195
p1,A,461,39,0,h00,4352922551193965507
p1,B,109,379,12,h00,4352922551193965507
p1,C,23,118,359,h00,4352922551193965507
p1,Non-ROH,500,0,0,h00,4352922551193965507
p2,A,497,3,0,h00,4352922551193965507
p2,B,274,226,0,h00,4352922551193965507
p2,C,23,104,373,h00,4352922551193965507
p2,Non-ROH,500,0,0,h00,4352922551193965507
p3,A,498,2,0,h00,4352922551193965507
p3,B,326,174,0,h00,4352922551193965507
p3,C,15,129,356,h00,4352922551193965507
p3,Non-ROH,500,0,0,h00,4352922551193965507
p1,A,428,72,0,h00,4389468938384033211
p1,B,121,363,16,h00,4389468938384033211
p1,C,33,88,379,h00,4389468938384033211
p1,Non-ROH,500,0,0,h00,4389468938384033211
p2,A,499,1,0,h00,4389468938384033211
p2,B,209,291,0,h00,4389468938384033211
p2,C,39,84,377,h00,4389468938384033211
p2,Non-ROH,500,0,0,h00,4389468938384033211
p3,A,498,2,0,h00,4389468938384033211
p3,B,371,129,0,h00,4389468938384033211
p3,C,27,112,361,h00,4389468938384033211
p3,Non-ROH,500,0,0,h00,4389468938384033211
p1,A,396,104,0,h00,4439124663978564770
p1,B,96,389,15,h00,4439124663978564770
p1,C,27,101,372,h00,4439124663978564770
p1,Non-ROH,500,0,0,h00,4439124663978564770
p2,A,463,37,0,h00,4439124663978564770
p2,B,173,327,0,h00,4439124663978564770
p2,C,23,125,352,h00,4439124663978564770
p2,Non-ROH,500,0,0,h00,4439124663978564770
p3,A,496,4,0,h00,4439124663978564770
p3,B,227,273,0,h00,4439124663978564770
p3,C,16,198,286,h00,4439124663978564770
p3,Non-ROH,500,0,0,h00,4439124663978564770
p1,A,431,69,0,h00,4461752748252833792
p1,B,95,388,17,h00,4461752748252833792
p1,C,35,80,385,h00,4461752748252833792
p1,Non-ROH,500,0,0,h00,4461752748252833792
p2,A,496,4,0,h00,4461752748252833792
p2,B,223,276,1,h00,4461752748252833792
p2,C,22,100,378,h00,4461752748252833792
p2,Non-ROH,500,0,0,h00,4461752748252833792
p3,A,497,3,0,h00,4461752748252833792
p3,B,299,201,0,h00,4461752748252833792
p3,C,24,128,348,h00,4461752748252833792
p3,Non-ROH,500,0,0,h00,4461752748252833792
p1,A,456,44,0,h00,4466035291765894741
p1,B,87,398,15,h00,4466035291765894741
p1,C,36,97,367,h00,4466035291765894741
p1,Non-ROH,500,0,0,h00,4466035291765894741
p2,A,497,3,0,h00,4466035291765894741
p2,B,239,261,0,h00,4466035291765894741
p2,C,24,162,314,h00,4466035291765894741
p2,Non-ROH,500,0,0,h00,4466035291765894741
p3,A,498,2,0,h00,4466035291765894741
p3,B,282,218,0,h00,4466035291765894741
p3,C,16,95,389,h00,4466035291765894741
p3,Non-ROH,500,0,0,h00,4466035291765894741
p1,A,440,60,0,h00,4502992571183810932
p1,B,101,383,16,h00,4502992571183810932
p1,C,39,104,357,h00,4502992571183810932
p1,Non-ROH,500,0,0,h00,4502992571183810932
p2,A,496,4,0,h00,4502992571183810932
p2,B,209,291,0,h00,4502992571183810932
p2,C,22,102,376,h00,4502992571183810932
p2,Non-ROH,500,0,0,h00,4502992571183810932
p3,A,496,4,0,h00,4502992571183810932
p3,B,275,225,0,h00,4502992571183810932
p3,C,17,139,344,h00,4502992571183810932
p3,Non-ROH,500,0,0,h00,4502992571183810932
p1,A,422,78,0,h00,454157223138593409
p1,B,100,389,11,h00,454157223138593409
p1,C,21,102,377,h00,454157223138593409
p1,Non-ROH,500,0,0,h00,454157223138593409
p2,A,493,7,0,h00,454157223138593409
p2,B,174,326,0,h00,454157223138593409
p2,C,20,192,288,h00,454157223138593409
p2,Non-ROH,500,0,0,h00,454157223138593409
p3,A,498,2,0,h00,454157223138593409
p3,B,272,228,0,h00,454157223138593409
p3,C,11,118,371,h00,454157223138593409
p3,Non-ROH,500,0,0,h00,454157223138593409
p1,A,430,70,0,h00,4549682241273411110
p1,B,114,375,11,h00,4549682241273411110
p1,C,23,110,367,h00,4549682241273411110
p1,Non-ROH,500,0,0,h00,4549682241273411110
p2,A,494,6,0,h00,4549682241273411110
p2,B,269,231,0,h00,4549682241273411110
p2,C,25,105,370,h00,4549682241273411110
p2,Non-ROH,500,0,0,h00,4549682241273411110
p3,A,493,7,0,h00,4549682241273411110
p3,B,340,160,0,h00,4549682241273411110
p3,C,11,137,352,h00,4549682241273411110
p3,Non-ROH,500,0,0,h00,4549682241273411110
p1,A,474,26,0,h00,4570577085801251891
p1,B,105,384,11,h00,4570577085801251891
p1,C,40,95,365,h00,4570577085801251891
p1,Non-ROH,500,0,0,h00,4570577085801251891
p2,A,496,4,0,h00,4570577085801251891
p2,B,280,220,0,h00,4570577085801251891
p2,C,13,99,388,h00,4570577085801251891
p2,Non-ROH,500,0,0,h00,4570577085801251891
p3,A,496,4,0,h00,4570577085801251891
p3,B,298,202,0,h00,4570577085801251891
p3,C,19,138,343,h00,4570577085801251891
p3,Non-ROH,500,0,0,h00,4570577085801251891
p1,A,460,40,0,h00,464330423440975915
p1,B,112,379,9,h00,464330423440975915
p1,C,32,85,383,h00,464330423440975915
p1,Non-ROH,500,0,0,h00,464330423440975915
p2,A,496,4,0,h00,464330423440975915
p2,B,201,299,0,h00,464330423440975915
p2,C,17,138,345,h00,464330423440975915
p2,Non-ROH,500,0,0,h00,464330423440975915
p3,A,500,0,0,h00,464330423440975915
p3,B,324,176,0,h00,464330423440975915
p3,C,17,135,348,h00,464330423440975915
p3,Non-ROH,500,0,0,h00,464330423440975915
p1,A,426,74,0,h00,4648256247739606371
p1,B,81,409,10,h00,4648256247739606371
p1,C,32,102,366,h00,4648256247739606371
p1,Non-ROH,500,0,0,h00,4648256247739606371
p2,A,488,12,0,h00,4648256247739606371
p2,B,166,334,0,h00,4648256247739606371
p2,C,19,114,367,h00,4648256247739606371
p2,Non-ROH,500,0,0,h00,4648256247739606371
p3,A,494,6,0,h00,4648256247739606371
p3,B,233,267,0,h00,4648256247739606371
p3,C,19,136,345,h00,4648256247739606371
p3,Non-ROH,500,0,0,h00,4648256247739606371
p1,A,469,31,0,h00,4652625469908853471
p1,B,100,386,14,h00,4652625469908853471
p1,C,33,102,365,h00,4652625469908853471
p1,Non-ROH,500,0,0,h00,4652625469908853471
p2,A,499,1,0,h00,4652625469908853471
p2,B,250,250,0,h00,4652625469908853471
p2,C,22,123,355,h00,4652625469908853471
p2,Non-ROH,500,0,0,h00,4652625469908853471
p3,A,499,1,0,h00,4652625469908853471
p3,B,328,172,0,h00,4652625469908853471
p3,C,8,193,299,h00,4652625469908853471
p3,Non-ROH,500,0,0,h00,4652625469908853471
p1,A,464,36,0,h00,4671950388705285656
p1,B,127,356,17,h00,4671950388705285656
p1,C,35,96,369,h00,4671950388705285656
p1,Non-ROH,500,0,0,h00,4671950388705285656
p2,A,499,1,0,h00,4671950388705285656
p2,B,271,229,0,h00,4671950388705285656
p2,C,20,131,349,h00,4671950388705285656
p2,Non-ROH,500,0,0,h00,4671950388705285656
p3,A,499,1,0,h00,4671950388705285656
p3,B,354,146,0,h00,4671950388705285656
p3,C,17,184,299,h00,4671950388705285656
p3,Non-ROH,500,0,0,h00,4671950388705285656
p1,A,438,62,0,h00,4682820477415630882
p1,B,129,359,12,h00,4682820477415630882
p1,C,34,80,386,h00,4682820477415630882
p1,Non-ROH,500,0,0,h00,4682820477415630882
p2,A,495,5,0,h00,4682820477415630882
p2,B,232,268,0,h00,4682820477415630882
p2,C,23,96,381,h00,4682820477415630882
p2,Non-ROH,500,0,0,h00,4682820477415630882
p3,A,499,1,0,h00,4682820477415630882
p3,B,323,177,0,h00,4682820477415630882
p3,C,32,130,338,h00,4682820477415630882
p3,Non-ROH,500,0,0,h00,4682820477415630882
p1,A,466,34,0,h00,4701974196630073149
p1,B,99,381,20,h00,4701974196630073149
p1,C,20,102,378,h00,4701974196630073149
p1,Non-ROH,500,0,0,h00,4701974196630073149
p2,A,496,4,0,h00,4701974196630073149
p2,B,230,270,0,h00,4701974196630073149
p2,C,17,106,377,h00,4701974196630073149
p2,Non-ROH,500,0,0,h00,4701974196630073149
p3,A,500,0,0,h00,4701974196630073149
p3,B,290,210,0,h00,4701974196630073149
p3,C,18,133,349,h00,4701974196630073149
p3,Non-ROH,500,0,0,h00,4701974196630073149
p1,A,421,79,0,h00,4706097106558524043
p1,B,84,400,16,h00,4706097106558524043
p1,C,23,114,363,h00,4706097106558524043
p1,Non-ROH,500,0,0,h00,4706097106558524043
p2,A,478,22,0,h00,4706097106558524043
p2,B,148,352,0,h00,4706097106558524043
p2,C,8,89,403,h00,4706097106558524043
p2,Non-ROH,500,0,0,h00,4706097106558524043
p3,A,484,16,0,h00,4706097106558524043
p3,B,184,316,0,h00,4706097106558524043
p3,C,17,157,326,h00,4706097106558524043
p3,Non-ROH,500,0,0,h00,4706097106558524043
p1,A,430,70,0,h00,4710395148153062601
p1,B,98,378,24,h00,4710395148153062601
p1,C,27,87,386,h00,4710395148153062601
p1,Non-ROH,500,0,0,h00,4710395148153062601
p2,A,476,24,0,h00,4710395148153062601
p2,B,198,302,0,h00,4710395148153062601
p2,C,22,114,364,h00,4710395148153062601
p2,Non-ROH,500,0,0,h00,4710395148153062601
p3,A,496,4,0,h00,4710395148153062601
p3,B,297,203,0,h00,4710395148153062601
p3,C,20,86,394,h00,4710395148153062601
p3,Non-ROH,500,0,0,h00,4710395148153062601
p1,A,448,52,0,h00,4719599277082129813
p1,B,107,375,18,h00,4719599277082129813
p1,C,28,121,351,h00,4719599277082129813
p1,Non-ROH,500,0,0,h00,4719599277082129813
p2,A,489,11,0,h00,4719599277082129813
p2,B,209,291,0,h00,4719599277082129813
p2,C,12,132,356,h00,4719599277082129813
p2,Non-ROH,500,0,0,h00,4719599277082129813
p3,A,497,3,0,h00,4719599277082129813
p3,B,253,247,0,h00,4719599277082129813
p3,C,19,97,384,h00,4719599277082129813
p3,Non-ROH,500,0,0,h00,4719599277082129813
p1,A,422,78,0,h00,4761604905378794750
p1,B,67,422,11,h00,4761604905378794750
p1,C,24,104,372,h00,4761604905378794750
p1,Non-ROH,500,0,0,h00,4761604905378794750
p2,A,495,5,0,h00,4761604905378794750
p2,B,212,288,0,h00,4761604905378794750
p2,C,13,133,354,h00,4761604905378794750
p2,Non-ROH,500,0,0,h00,4761604905378794750
p3,A,493,7,0,h00,4761604905378794750
p3,B,223,277,0,h00,4761604905378794750
p3,C,11,120,369,h00,4761604905378794750
p3,Non-ROH,500,0,0,h00,4761604905378794750
p1,A,436,64,0,h00,4768051977963836571
p1,B,99,385,16,h00,4768051977963836571
p1,C,25,90,385,h00,4768051977963836571
p1,Non-ROH,500,0,0,h00,4768051977963836571
p2,A,474,26,0,h00,4768051977963836571
p2,B,190,310,0,h00,4768051977963836571
p2,C,22,143,335,h00,4768051977963836571
p2,Non-ROH,500,0,0,h00,4768051977963836571
p3,A,498,2,0,h00,4768051977963836571
p3,B,283,217,0,h00,4768051977963836571
p3,C,22,120,358,h00,4768051977963836571
p3,Non-ROH,500,0,0,h00,4768051977963836571
p1,A,364,136,0,h00,4770106728149677002
p1,B,106,376,18,h00,4770106728149677002
p1,C,28,109,363,h00,4770106728149677002
p1,Non-ROH,500,0,0,h00,4770106728149677002
p2,A,483,17,0,h00,4770106728149677002
p2,B,211,289,0,h00,4770106728149677002
p2,C,14,124,362,h00,4770106728149677002
p2,Non-ROH,500,0,0,h00,4770106728149677002
p3,A,496,4,0,h00,4770106728149677002
p3,B,254,246,0,h00,4770106728149677002
p3,C,10,136,354,h00,4770106728149677002
p3,Non-ROH,500,0,0,h00,4770106728149677002
p1,A,463,37,0,h00,4776569912368307749
p1,B,141,344,15,h00,4776569912368307749
p1,C,34,144,322,h00,4776569912368307749
p1,Non-ROH,500,0,0,h00,4776569912368307749
p2,A,498,2,0,h00,4776569912368307749
p2,B,304,196,0,h00,4776569912368307749
p2,C,21,115,364,h00,4776569912368307749
p2,Non-ROH,500,0,0,h00,4776569912368307749
p3,A,498,2,0,h00,4776569912368307749
p3,B,309,191,0,h00,4776569912368307749
p3,C,23,134,343,h00,4776569912368307749
p3,Non-ROH,500,0,0,h00,4776569912368307749
p1,A,412,88,0,h00,4820676969040131206
p1,B,80,407,13,h00,4820676969040131206
p1,C,21,103,376,h00,4820676969040131206
p1,Non-ROH,500,0,0,h00,4820676969040131206
p2,A,496,4,0,h00,4820676969040131206
p2,B,289,211,0,h00,4820676969040131206
p2,C,14,147,339,h00,4820676969040131206
p2,Non-ROH,500,0,0,h00,4820676969040131206
p3,A,494,6,0,h00,4820676969040131206
p3,B,243,257,0,h00,4820676969040131206
p3,C,14,206,280,h00,4820676969040131206
p3,Non-ROH,500,0,0,h00,4820676969040131206
p1,A,471,29,0,h00,4862318640375206950
p1,B,102,378,20,h00,4862318640375206950
p1,C,19,99,382,h00,4862318640375206950
p1,Non-ROH,500,0,0,h00,4862318640375206950
p2,A,499,1,0,h00,4862318640375206950
p2,B,227,273,0,h00,4862318640375206950
p2,C,16,90,394,h00,4862318640375206950
p2,Non-ROH,500,0,0,h00,4862318640375206950
p3,A,497,3,0,h00,4862318640375206950
p3,B,298,202,0,h00,4862318640375206950
p3,C,16,108,376,h00,4862318640375206950
p3,Non-ROH,500,0,0,h00,4862318640375206950
p1,A,398,102,0,h00,4900454266220233383
p1,B,127,353,20,h00,4900454266220233383
p1,C,21,99,380,h00,4900454266220233383
p1,Non-ROH,500,0,0,h00,4900454266220233383
p2,A,489,11,0,h00,4900454266220233383
p2,B,215,285,0,h00,4900454266220233383
p2,C,20,114,366,h00,4900454266220233383
p2,Non-ROH,500,0,0,h00,4900454266220233383
p3,A,492,8,0,h00,4900454266220233383
p3,B,297,203,0,h00,4900454266220233383
p3,C,13,112,375,h00,4900454266220233383
p3,Non-ROH,500,0,0,h00,4900454266220233383
p1,A,452,48,0,h00,4905721806287464486
p1,B,117,369,14,h00,4905721806287464486
p1,C,33,102,365,h00,4905721806287464486
p1,Non-ROH,499,1,0,h00,4905721806287464486
p2,A,494,6,0,h00,4905721806287464486
p2,B,253,247,0,h00,4905721806287464486
p2,C,32,103,365,h00,4905721806287464486
p2,Non-ROH,500,0,0,h00,4905721806287464486
p3,A,500,0,0,h00,4905721806287464486
p3,B,328,172,0,h00,4905721806287464486
p3,C,43,108,349,h00,4905721806287464486
p3,Non-ROH,500,0,0,h00,4905721806287464486
p1,A,435,65,0,h00,4909920547801250209
p1,B,94,398,8,h00,4909920547801250209
p1,C,19,130,351,h00,4909920547801250209
p1,Non-ROH,500,0,0,h00,4909920547801250209
p2,A,493,7,0,h00,4909920547801250209
p2,B,195,305,0,h00,4909920547801250209
p2,C,14,173,313,h00,4909920547801250209
p2,Non-ROH,500,0,0,h00,4909920547801250209
p3,A,488,12,0,h00,4909920547801250209
p3,B,260,240,0,h00,4909920547801250209
p3,C,16,109,375,h00,4909920547801250209
p3,Non-ROH,500,0,0,h00,4909920547801250209
p1,A,451,49,0,h00,4914366003619832907
p1,B,88,393,19,h00,4914366003619832907
p1,C,29,110,361,h00,4914366003619832907
p1,Non-ROH,500,0,0,h00,4914366003619832907
p2,A,482,18,0,h00,4914366003619832907
p2,B,206,294,0,h00,4914366003619832907
p2,C,22,106,372,h00,4914366003619832907
p2,Non-ROH,500,0,0,h00,4914366003619832907
p3,A,491,9,0,h00,4914366003619832907
p3,B,309,191,0,h00,4914366003619832907
p3,C,25,115,360,h00,4914366003619832907
p3,Non-ROH,500,0,0,h00,4914366003619832907
p1,A,477,23,0,h00,4915224663294039873
p1,B,114,371,15,h00,4915224663294039873
p1,C,32,75,393,h00,4915224663294039873
p1,Non-ROH,500,0,0,h00,4915224663294039873
p2,A,499,1,0,h00,4915224663294039873
p2,B,310,190,0,h00,4915224663294039873
p2,C,20,102,378,h00,4915224663294039873
p2,Non-ROH,500,0,0,h00,4915224663294039873
p3,A,498,2,0,h00,4915224663294039873
p3,B,319,181,0,h00,4915224663294039873
p3,C,29,143,328,h00,4915224663294039873
p3,Non-ROH,500,0,0,h00,4915224663294039873
p1,A,459,41,0,h00,4922505198070280850
p1,B,139,354,7,h00,4922505198070280850
p1,C,33,92,375,h00,4922505198070280850
p1,Non-ROH,500,0,0,h00,4922505198070280850
p2,A,499,1,0,h00,4922505198070280850
p2,B,242,258,0,h00,4922505198070280850
p2,C,13,156,331,h00,4922505198070280850
p2,Non-ROH,500,0,0,h00,4922505198070280850
p3,A,498,2,0,h00,4922505198070280850
p3,B,338,162,0,h00,4922505198070280850
p3,C,16,138,346,h00,4922505198070280850
p3,Non-ROH,500,0,0,h00,4922505198070280850
p1,A,438,62,0,h00,4933412016100677327
p1,B,82,412,6,h00,4933412016100677327
p1,C,16,122,362,h00,4933412016100677327
p1,Non-ROH,500,0,0,h00,4933412016100677327
p2,A,492,8,0,h00,4933412016100677327
p2,B,194,306,0,h00,4933412016100677327
p2,C,24,177,299,h00,4933412016100677327
p2,Non-ROH,500,0,0,h00,4933412016100677327
p3,A,494,6,0,h00,4933412016100677327
p3,B,223,277,0,h00,4933412016100677327
p3,C,14,147,339,h00,4933412016100677327
p3,Non-ROH,500,0,0,h00,4933412016100677327
p1,A,385,115,0,h00,4942833993149056767
p1,B,71,418,11,h00,4942833993149056767
p1,C,19,121,360,h00,4942833993149056767
p1,Non-ROH,500,0,0,h00,4942833993149056767
p2,A,479,21,0,h00,4942833993149056767
p2,B,256,244,0,h00,4942833993149056767
p2,C,18,120,362,h00,4942833993149056767
p2,Non-ROH,500,0,0,h00,4942833993149056767
p3,A,490,10,0,h00,4942833993149056767
p3,B,282,218,0,h00,4942833993149056767
p3,C,8,118,374,h00,4942833993149056767
p3,Non-ROH,500,0,0,h00,4942833993149056767
p1,A,438,62,0,h00,4945630087682338825
p1,B,98,386,16,h00,4945630087682338825
p1,C,36,102,362,h00,4945630087682338825
p1,Non-ROH,500,0,0,h00,4945630087682338825
p2,A,485,15,0,h00,4945630087682338825
p2,B,206,294,0,h00,4945630087682338825
p2,C,23,146,331,h00,4945630087682338825
p2,Non-ROH,500,0,0,h00,4945630087682338825
p3,A,495,5,0,h00,4945630087682338825
p3,B,255,245,0,h00,4945630087682338825
p3,C,14,111,375,h00,4945630087682338825
p3,Non-ROH,500,0,0,h00,4945630087682338825
p1,A,457,43,0,h00,495239681966857437
p1,B,129,348,23,h00,495239681966857437
p1,C,31,100,369,h00,495239681966857437
p1,Non-ROH,500,0,0,h00,495239681966857437
p2,A,499,1,0,h00,495239681966857437
p2,B,295,205,0,h00,495239681966857437
p2,C,18,107,375,h00,495239681966857437
p2,Non-ROH,500,0,0,h00,495239681966857437
p3,A,500,0,0,h00,495239681966857437
p3,B,322,178,0,h00,495239681966857437
p3,C,17,172,311,h00,495239681966857437
p3,Non-ROH,500,0,0,h00,495239681966857437
p1,A,459,41,0,h00,4957936069046283899
p1,B,129,358,13,h00,4957936069046283899
p1,C,35,92,373,h00,4957936069046283899
p1,Non-ROH,500,0,0,h00,4957936069046283899
p2,A,494,6,0,h00,4957936069046283899
p2,B,243,257,0,h00,4957936069046283899
p2,C,30,112,358,h00,4957936069046283899
p2,Non-ROH,500,0,0,h00,4957936069046283899
p3,A,497,3,0,h00,4957936069046283899
p3,B,289,211,0,h00,4957936069046283899
p3,C,33,95,372,h00,4957936069046283899
p3,Non-ROH,500,0,0,h00,4957936069046283899
p1,A,444,56,0,h00,4960850976546984861
p1,B,95,398,7,h00,4960850976546984861
p1,C,25,85,390,h00,4960850976546984861
p1,Non-ROH,500,0,0,h00,4960850976546984861
p2,A,495,5,0,h00,4960850976546984861
p2,B,225,275,0,h00,4960850976546984861
p2,C,16,105,379,h00,4960850976546984861
p2,Non-ROH,500,0,0,h00,4960850976546984861
p3,A,498,2,0,h00,4960850976546984861
p3,B,293,207,0,h00,4960850976546984861
p3,C,26,137,337,h00,4960850976546984861
p3,Non-ROH,500,0,0,h00,4960850976546984861
p1,A,477,23,0,h00,4999843418850662325
p1,B,129,347,24,h00,4999843418850662325
p1,C,33,83,384,h00,4999843418850662325
p1,Non-ROH,500,0,0,h00,4999843418850662325
p2,A,498,2,0,h00,4999843418850662325
p2,B,287,213,0,h00,4999843418850662325
p2,C,20,142,338,h00,4999843418850662325
p2,Non-ROH,500,0,0,h00,4999843418850662325
p3,A,498,2,0,h00,4999843418850662325
p3,B,366,134,0,h00,4999843418850662325
p3,C,26,96,378,h00,4999843418850662325
p3,Non-ROH,500,0,0,h00,4999843418850662325
p1,A,389,111,0,h00,500865030532099991
p1,B,92,393,15,h00,500865030532099991
p1,C,19,125,356,h00,500865030532099991
p1,Non-ROH,500,0,0,h00,500865030532099991
p2,A,487,13,0,h00,500865030532099991
p2,B,198,302,0,h00,500865030532099991
p2,C,17,160,323,h00,500865030532099991
p2,Non-ROH,500,0,0,h00,500865030532099991
p3,A,495,5,0,h00,500865030532099991
p3,B,249,251,0,h00,500865030532099991
p3,C,11,189,300,h00,500865030532099991
p3,Non-ROH,500,0,0,h00,500865030532099991
p1,A,467,33,0,h00,5008997459668920199
p1,B,109,374,17,h00,5008997459668920199
p1,C,31,98,371,h00,5008997459668920199
p1,Non-ROH,500,0,0,h00,5008997459668920199
p2,A,497,3,0,h00,5008997459668920199
p2,B,233,267,0,h00,5008997459668920199
p2,C,15,115,370,h00,5008997459668920199
p2,Non-ROH,500,0,0,h00,5008997459668920199
p3,A,498,2,0,h00,5008997459668920199
p3,B,324,176,0,h00,5008997459668920199
p3,C,18,125,357,h00,5008997459668920199
p3,Non-ROH,500,0,0,h00,5008997459668920199
p1,A,451,49,0,h00,5013579648388910214
p1,B,83,401,16,h00,5013579648388910214
p1,C,22,106,372,h00,5013579648388910214
p1,Non-ROH,500,0,0,h00,5013579648388910214
p2,A,490,10,0,h00,5013579648388910214
p2,B,206,294,0,h00,5013579648388910214
p2,C,22,111,367,h00,5013579648388910214
p2,Non-ROH,500,0,0,h00,5013579648388910214
p3,A,496,4,0,h00,5013579648388910214
p3,B,284,216,0,h00,5013579648388910214
p3,C,18,134,348,h00,5013579648388910214
p3,Non-ROH,500,0,0,h00,5013579648388910214
p1,A,480,20,0,h00,5023086294497998696
p1,B,146,343,11,h00,5023086294497998696
p1,C,43,95,362,h00,5023086294497998696
p1,Non-ROH,500,0,0,h00,5023086294497998696
p2,A,499,1,0,h00,5023086294497998696
p2,B,287,213,0,h00,5023086294497998696
p2,C,16,102,382,h00,5023086294497998696
p2,Non-ROH,500,0,0,h00,5023086294497998696
p3,A,500,0,0,h00,5023086294497998696
p3,B,365,135,0,h00,5023086294497998696
p3,C,15,178,307,h00,5023086294497998696
p3,Non-ROH,500,0,0,h00,5023086294497998696
p1,A,418,82,0,h00,5099936664436716099
p1,B,79,404,17,h00,5099936664436716099
p1,C,30,107,363,h00,5099936664436716099
p1,Non-ROH,500,0,0,h00,5099936664436716099
p2,A,495,5,0,h00,5099936664436716099
p2,B,198,301,1,h00,5099936664436716099
p2,C,19,109,372,h00,5099936664436716099
p2,Non-ROH,500,0,0,h00,5099936664436716099
p3,A,485,15,0,h00,5099936664436716099
p3,B,217,283,0,h00,5099936664436716099
p3,C,15,200,285,h00,5099936664436716099
p3,Non-ROH,500,0,0,h00,5099936664436716099
p1,A,464,36,0,h00,510538756595451643
p1,B,105,383,12,h00,510538756595451643
p1,C,28,108,364,h00,510538756595451643
p1,Non-ROH,500,0,0,h00,510538756595451643
p2,A,500,0,0,h00,510538756595451643
p2,B,235,265,0,h00,510538756595451643
p2,C,18,134,348,h00,510538756595451643
p2,Non-ROH,500,0,0,h00,510538756595451643
p3,A,500,0,0,h00,510538756595451643
p3,B,269,231,0,h00,510538756595451643
p3,C,8,142,350,h00,510538756595451643
p3,Non-ROH,500,0,0,h00,510538756595451643
p1,A,446,54,0,h00,5113713841006917347
p1,B,92,391,17,h00,5113713841006917347
p1,C,30,103,367,h00,5113713841006917347
p1,Non-ROH,500,0,0,h00,5113713841006917347
p2,A,491,9,0,h00,5113713841006917347
p2,B,221,279,0,h00,5113713841006917347
p2,C,22,117,361,h00,5113713841006917347
p2,Non-ROH,500,0,0,h00,5113713841006917347
p3,A,493,7,0,h00,5113713841006917347
p3,B,293,207,0,h00,5113713841006917347
p3,C,22,131,347,h00,5113713841006917347
p3,Non-ROH,500,0,0,h00,5113713841006917347
p1,A,462,38,0,h00,5121017319441665793
p1,B,112,373,15,h00,5121017319441665793
p1,C,30,93,377,h00,5121017319441665793
p1,Non-ROH,500,0,0,h00,5121017319441665793
p2,A,498,2,0,h00,5121017319441665793
p2,B,291,209,0,h00,5121017319441665793
p2,C,26,187,287,h00,5121017319441665793
p2,Non-ROH,500,0,0,h00,5121017319441665793
p3,A,499,1,0,h00,5121017319441665793
p3,B,286,214,0,h00,5121017319441665793
p3,C,25,102,373,h00,5121017319441665793
p3,Non-ROH,500,0,0,h00,5121017319441665793
p1,A,467,33,0,h00,5125311003961098146
p1,B,110,373,17,h00,5125311003961098146
p1,C,35,108,357,h00,5125311003961098146
p1,Non-ROH,500,0,0,h00,5125311003961098146
p2,A,499,1,0,h00,5125311003961098146
p2,B,261,239,0,h00,5125311003961098146
p2,C,28,139,333,h00,5125311003961098146
p2,Non-ROH,500,0,0,h00,5125311003961098146
p3,A,499,1,0,h00,5125311003961098146
p3,B,317,183,0,h00,5125311003961098146
p3,C,13,143,344,h00,5125311003961098146
p3,Non-ROH,500,0,0,h00,5125311003961098146
p1,A,456,44,0,h00,5130782248403526820
p1,B,136,352,12,h00,5130782248403526820
p1,C,31,92,377,h00,5130782248403526820
p1,Non-ROH,500,0,0,h00,5130782248403526820
p2,A,497,3,0,h00,5130782248403526820
p2,B,265,235,0,h00,5130782248403526820
p2,C,20,114,366,h00,5130782248403526820
p2,Non-ROH,500,0,0,h00,5130782248403526820
p3,A,495,5,0,h00,5130782248403526820
p3,B,291,209,0,h00,5130782248403526820
p3,C,17,116,367,h00,5130782248403526820
p3,Non-ROH,500,0,0,h00,5130782248403526820
p1,A,478,22,0,h00,5131756339351306096
p1,B,136,349,15,h00,5131756339351306096
p1,C,32,78,390,h00,5131756339351306096
p1,Non-ROH,500,0,0,h00,5131756339351306096
p2,A,499,1,0,h00,5131756339351306096
p2,B,267,233,0,h00,5131756339351306096
p2,C,32,105,363,h00,5131756339351306096
p2,Non-ROH,500,0,0,h00,5131756339351306096
p3,A,499,1,0,h00,5131756339351306096
p3,B,353,147,0,h00,5131756339351306096
p3,C,22,80,398,h00,5131756339351306096
p3,Non-ROH,500,0,0,h00,5131756339351306096
p1,A,459,41,0,h00,5142132378030356315
p1,B,92,392,16,h00,5142132378030356315
p1,C,30,96,374,h00,5142132378030356315
p1,Non-ROH,500,0,0,h00,5142132378030356315
p2,A,500,0,0,h00,5142132378030356315
p2,B,215,285,0,h00,5142132378030356315
p2,C,18,115,367,h00,5142132378030356315
p2,Non-ROH,500,0,0,h00,5142132378030356315
p3,A,495,5,0,h00,5142132378030356315
p3,B,246,254,0,h00,5142132378030356315
p3,C,11,129,360,h00,5142132378030356315
p3,Non-ROH,500,0,0,h00,5142132378030356315
p1,A,479,21,0,h00,5175702763526995636
p1,B,113,368,19,h00,5175702763526995636
p1,C,23,106,371,h00,5175702763526995636
p1,Non-ROH,500,0,0,h00,5175702763526995636
p2,A,499,1,0,h00,5175702763526995636
p2,B,189,311,0,h00,5175702763526995636
p2,C,23,165,312,h00,5175702763526995636
p2,Non-ROH,500,0,0,h00,5175702763526995636
p3,A,498,2,0,h00,5175702763526995636
p3,B,297,203,0,h00,5175702763526995636
p3,C,11,225,264,h00,5175702763526995636
p3,Non-ROH,500,0,0,h00,5175702763526995636
p1,A,463,37,0,h00,5191752431184455540
p1,B,92,394,14,h00,5191752431184455540
p1,C,27,84,389,h00,5191752431184455540
p1,Non-ROH,500,0,0,h00,5191752431184455540
p2,A,493,7,0,h00,5191752431184455540
p2,B,182,318,0,h00,5191752431184455540
p2,C,13,109,378,h00,5191752431184455540
p2,Non-ROH,500,0,0,h00,5191752431184455540
p3,A,494,6,0,h00,5191752431184455540
p3,B,241,259,0,h00,5191752431184455540
p3,C,11,150,339,h00,5191752431184455540
p3,Non-ROH,500,0,0,h00,5191752431184455540
p1,A,444,56,0,h00,525394873325788045
p1,B,189,300,11,h00,525394873325788045
p1,C,31,87,382,h00,525394873325788045
p1,Non-ROH,500,0,0,h00,525394873325788045
p2,A,496,4,0,h00,525394873325788045
p2,B,303,197,0,h00,525394873325788045
p2,C,21,128,351,h00,525394873325788045
p2,Non-ROH,500,0,0,h00,525394873325788045
p3,A,494,6,0,h00,525394873325788045
p3,B,377,123,0,h00,525394873325788045
p3,C,17,155,328,h00,525394873325788045
p3,Non-ROH,500,0,0,h00,525394873325788045
p1,A,431,69,0,h00,5269918019840730076
p1,B,83,402,15,h00,5269918019840730076
p1,C,28,123,349,h00,5269918019840730076
p1,Non-ROH,500,0,0,h00,5269918019840730076
p2,A,490,10,0,h00,5269918019840730076
p2,B,187,313,0,h00,5269918019840730076
p2,C,19,132,349,h00,5269918019840730076
p2,Non-ROH,500,0,0,h00,5269918019840730076
p3,A,496,4,0,h00,5269918019840730076
p3,B,228,272,0,h00,5269918019840730076
p3,C,28,185,287,h00,5269918019840730076
p3,Non-ROH,500,0,0,h00,5269918019840730076
p1,A,456,44,0,h00,5272992846921558164
p1,B,101,388,11,h00,5272992846921558164
p1,C,31,74,395,h00,5272992846921558164
p1,Non-ROH,500,0,0,h00,5272992846921558164
p2,A,497,3,0,h00,5272992846921558164
p2,B,264,236,0,h00,5272992846921558164
p2,C,40,156,304,h00,5272992846921558164
p2,Non-ROH,500,0,0,h00,5272992846921558164
p3,A,498,2,0,h00,5272992846921558164
p3,B,280,220,0,h00,5272992846921558164
p3,C,42,144,314,h00,5272992846921558164
p3,Non-ROH,500,0,0,h00,5272992846921558164
p1,A,448,52,0,h00,5282344227444082682
p1,B,121,361,18,h00,5282344227444082682
p1,C,29,97,374,h00,5282344227444082682
p1,Non-ROH,500,0,0,h00,5282344227444082682
p2,A,493,7,0,h00,5282344227444082682
p2,B,246,254,0,h00,5282344227444082682
p2,C,21,129,350,h00,5282344227444082682
p2,Non-ROH,500,0,0,h00,5282344227444082682
p3,A,495,5,0,h00,5282344227444082682
p3,B,338,162,0,h00,5282344227444082682
p3,C,15,128,357,h00,5282344227444082682
p3,Non-ROH,500,0,0,h00,5282344227444082682
p1,A,448,52,0,h00,5288204790441862211
p1,B,94,393,13,h00,5288204790441862211
p1,C,22,95,383,h00,5288204790441862211
p1,Non-ROH,500,0,0,h00,5288204790441862211
p2,A,493,7,0,h00,5288204790441862211
p2,B,223,277,0,h00,5288204790441862211
p2,C,16,126,358,h00,5288204790441862211
p2,Non-ROH,500,0,0,h00,5288204790441862211
p3,A,496,4,0,h00,5288204790441862211
p3,B,291,209,0,h00,5288204790441862211
p3,C,20,151,329,h00,5288204790441862211
p3,Non-ROH,500,0,0,h00,5288204790441862211
p1,A,437,63,0,h00,5294029148979271320
p1,B,118,360,22,h00,5294029148979271320
p1,C,28,91,381,h00,5294029148979271320
p1,Non-ROH,500,0,0,h00,5294029148979271320
p2,A,496,4,0,h00,5294029148979271320
p2,B,293,205,2,h00,5294029148979271320
p2,C,16,129,355,h00,5294029148979271320
p2,Non-ROH,500,0,0,h00,5294029148979271320
p3,A,498,2,0,h00,5294029148979271320
p3,B,303,197,0,h00,5294029148979271320
p3,C,12,163,325,h00,5294029148979271320
p3,Non-ROH,500,0,0,h00,5294029148979271320
p1,A,476,24,0,h00,5309441674361370314
p1,B,141,345,14,h00,5309441674361370314
p1,C,30,89,381,h00,5309441674361370314
p1,Non-ROH,500,0,0,h00,5309441674361370314
p2,A,496,4,0,h00,5309441674361370314
p2,B,279,221,0,h00,5309441674361370314
p2,C,26,112,362,h00,5309441674361370314
p2,Non-ROH,500,0,0,h00,5309441674361370314
p3,A,499,1,0,h00,5309441674361370314
p3,B,331,169,0,h00,5309441674361370314
p3,C,23,108,369,h00,5309441674361370314
p3,Non-ROH,500,0,0,h00,5309441674361370314
p1,A,433,67,0,h00,5323552524682102454
p1,B,81,402,17,h00,5323552524682102454
p1,C,26,100,374,h00,5323552524682102454
p1,Non-ROH,500,0,0,h00,5323552524682102454
p2,A,497,3,0,h00,5323552524682102454
p2,B,183,317,0,h00,5323552524682102454
p2,C,20,103,377,h00,5323552524682102454
p2,Non-ROH,500,0,0,h00,5323552524682102454
p3,A,498,2,0,h00,5323552524682102454
p3,B,241,259,0,h00,5323552524682102454
p3,C,16,104,380,h00,5323552524682102454
p3,Non-ROH,500,0,0,h00,5323552524682102454
p1,A,442,58,0,h00,534682968402810412
p1,B,108,381,11,h00,534682968402810412
p1,C,20,107,373,h00,534682968402810412
p1,Non-ROH,500,0,0,h00,534682968402810412
p2,A,488,12,0,h00,534682968402810412
p2,B,256,244,0,h00,534682968402810412
p2,C,15,182,303,h00,534682968402810412
p2,Non-ROH,500,0,0,h00,534682968402810412
p3,A,495,5,0,h00,534682968402810412
p3,B,284,216,0,h00,534682968402810412
p3,C,28,127,345,h00,534682968402810412
p3,Non-ROH,500,0,0,h00,534682968402810412
p1,A,439,61,0,h00,5363488049418491823
p1,B,119,372,9,h00,5363488049418491823
p1,C,44,86,370,h00,5363488049418491823
p1,Non-ROH,500,0,0,h00,5363488049418491823
p2,A,496,4,0,h00,5363488049418491823
p2,B,312,188,0,h00,5363488049418491823
p2,C,34,77,389,h00,5363488049418491823
p2,Non-ROH,500,0,0,h00,5363488049418491823
p3,A,498,2,0,h00,5363488049418491823
p3,B,352,148,0,h00,5363488049418491823
p3,C,25,97,378,h00,5363488049418491823
p3,Non-ROH,500,0,0,h00,5363488049418491823
p1,A,397,103,0,h00,5364969804020168958
p1,B,105,377,18,h00,5364969804020168958
p1,C,27,111,362,h00,5364969804020168958
p1,Non-ROH,500,0,0,h00,5364969804020168958
p2,A,495,5,0,h00,5364969804020168958
p2,B,196,304,0,h00,5364969804020168958
p2,C,15,96,389,h00,5364969804020168958
p2,Non-ROH,500,0,0,h00,5364969804020168958
p3,A,497,3,0,h00,5364969804020168958
p3,B,235,265,0,h00,5364969804020168958
p3,C,12,152,336,h00,5364969804020168958
p3,Non-ROH,500,0,0,h00,5364969804020168958
p1,A,451,49,0,h00,5380802345488473922
p1,B,110,379,11,h00,5380802345488473922
p1,C,36,110,354,h00,5380802345488473922
p1,Non-ROH,500,0,0,h00,5380802345488473922
p2,A,488,12,0,h00,5380802345488473922
p2,B,245,255,0,h00,5380802345488473922
p2,C,25,110,365,h00,5380802345488473922
p2,Non-ROH,500,0,0,h00,5380802345488473922
p3,A,498,2,0,h00,5380802345488473922
p3,B,294,206,0,h00,5380802345488473922
p3,C,24,93,383,h00,5380802345488473922
p3,Non-ROH,500,0,0,h00,5380802345488473922
p1,A,409,91,0,h00,5387207891766409458
p1,B,104,376,20,h00,5387207891766409458
p1,C,26,115,359,h00,5387207891766409458
p1,Non-ROH,500,0,0,h00,5387207891766409458
p2,A,485,15,0,h00,5387207891766409458
p2,B,234,266,0,h00,5387207891766409458
p2,C,16,149,335,h00,5387207891766409458
p2,Non-ROH,500,0,0,h00,5387207891766409458
p3,A,490,10,0,h00,5387207891766409458
p3,B,273,227,0,h00,5387207891766409458
p3,C,16,169,315,h00,5387207891766409458
p3,Non-ROH,500,0,0,h00,5387207891766409458
p1,A,466,34,0,h00,540664547929555737
p1,B,98,386,16,h00,540664547929555737
p1,C,38,110,352,h00,540664547929555737
p1,Non-ROH,500,0,0,h00,540664547929555737
p2,A,494,6,0,h00,540664547929555737
p2,B,226,274,0,h00,540664547929555737
p2,C,20,110,370,h00,540664547929555737
p2,Non-ROH,500,0,0,h00,540664547929555737
p3,A,499,1,0,h00,540664547929555737
p3,B,297,203,0,h00,540664547929555737
p3,C,27,114,359,h00,540664547929555737
p3,Non-ROH,500,0,0,h00,540664547929555737
p1,A,465,35,0,h00,5412404492194880799
p1,B,128,360,12,h00,5412404492194880799
p1,C,38,93,369,h00,5412404492194880799
p1,Non-ROH,500,0,0,h00,5412404492194880799
p2,A,500,0,0,h00,5412404492194880799
p2,B,286,214,0,h00,5412404492194880799
p2,C,20,104,376,h00,5412404492194880799
p2,Non-ROH,500,0,0,h00,5412404492194880799
p3,A,499,1,0,h00,5412404492194880799
p3,B,276,224,0,h00,5412404492194880799
p3,C,18,111,371,h00,5412404492194880799
p3,Non-ROH,500,0,0,h00,5412404492194880799
p1,A,414,86,0,h00,5494243895140297771
p1,B,81,393,26,h00,5494243895140297771
p1,C,28,109,363,h00,5494243895140297771
p1,Non-ROH,500,0,0,h00,5494243895140297771
p2,A,498,2,0,h00,5494243895140297771
p2,B,189,311,0,h00,5494243895140297771
p2,C,14,98,388,h00,5494243895140297771
p2,Non-ROH,500,0,0,h00,5494243895140297771
p3,A,492,8,0,h00,5494243895140297771
p3,B,185,315,0,h00,5494243895140297771
p3,C,15,119,366,h00,5494243895140297771
p3,Non-ROH,500,0,0,h00,5494243895140297771
p1,A,445,55,0,h00,5504366416798345637
p1,B,93,391,16,h00,5504366416798345637
p1,C,31,97,372,h00,5504366416798345637
p1,Non-ROH,500,0,0,h00,5504366416798345637
p2,A,489,11,0,h00,5504366416798345637
p2,B,184,316,0,h00,5504366416798345637
p2,C,10,178,312,h00,5504366416798345637
p2,Non-ROH,500,0,0,h00,5504366416798345637
p3,A,492,8,0,h00,5504366416798345637
p3,B,236,264,0,h00,5504366416798345637
p3,C,17,252,231,h00,5504366416798345637
p3,Non-ROH,500,0,0,h00,5504366416798345637
p1,A,470,30,0,h00,5530463527378831952
p1,B,97,386,17,h00,5530463527378831952
p1,C,27,103,370,h00,5530463527378831952
p1,Non-ROH,500,0,0,h00,5530463527378831952
p2,A,498,2,0,h00,5530463527378831952
p2,B,262,238,0,h00,5530463527378831952
p2,C,22,84,394,h00,5530463527378831952
p2,Non-ROH,500,0,0,h00,5530463527378831952
p3,A,498,2,0,h00,5530463527378831952
p3,B,322,178,0,h00,5530463527378831952
p3,C,12,93,395,h00,5530463527378831952
p3,Non-ROH,500,0,0,h00,5530463527378831952
p1,A,393,107,0,h00,5555576242711617050
p1,B,92,386,22,h00,5555576242711617050
p1,C,29,96,375,h00,5555576242711617050
p1,Non-ROH,500,0,0,h00,5555576242711617050
p2,A,493,7,0,h00,5555576242711617050
p2,B,170,330,0,h00,5555576242711617050
p2,C,41,68,391,h00,5555576242711617050
p2,Non-ROH,500,0,0,h00,5555576242711617050
p3,A,489,11,0,h00,5555576242711617050
p3,B,286,214,0,h00,5555576242711617050
p3,C,42,114,344,h00,5555576242711617050
p3,Non-ROH,500,0,0,h00,5555576242711617050
p1,A,442,58,0,h00,5575988644636347335
p1,B,114,376,10,h00,5575988644636347335
p1,C,32,82,386,h00,5575988644636347335
p1,Non-ROH,500,0,0,h00,5575988644636347335
p2,A,486,14,0,h00,5575988644636347335
p2,B,274,226,0,h00,5575988644636347335
p2,C,20,140,340,h00,5575988644636347335
p2,Non-ROH,500,0,0,h00,5575988644636347335
p3,A,499,1,0,h00,5575988644636347335
p3,B,320,180,0,h00,5575988644636347335
p3,C,18,125,357,h00,5575988644636347335
p3,Non-ROH,500,0,0,h00,5575988644636347335
p1,A,473,27,0,h00,5577896734766994341
p1,B,141,349,10,h00,5577896734766994341
p1,C,43,83,374,h00,5577896734766994341
p1,Non-ROH,500,0,0,h00,5577896734766994341
p2,A,499,1,0,h00,5577896734766994341
p2,B,298,202,0,h00,5577896734766994341
p2,C,22,127,351,h00,5577896734766994341
p2,Non-ROH,500,0,0,h00,5577896734766994341
p3,A,498,2,0,h00,5577896734766994341
p3,B,351,149,0,h00,5577896734766994341
p3,C,20,117,363,h00,5577896734766994341
p3,Non-ROH,500,0,0,h00,5577896734766994341
p1,A,462,38,0,h00,5589931410833221459
p1,B,158,323,19,h00,5589931410833221459
p1,C,34,106,360,h00,5589931410833221459
p1,Non-ROH,500,0,0,h00,5589931410833221459
p2,A,494,6,0,h00,5589931410833221459
p2,B,268,232,0,h00,5589931410833221459
p2,C,23,112,365,h00,5589931410833221459
p2,Non-ROH,500,0,0,h00,5589931410833221459
p3,A,494,6,0,h00,5589931410833221459
p3,B,351,149,0,h00,5589931410833221459
p3,C,23,164,313,h00,5589931410833221459
p3,Non-ROH,500,0,0,h00,5589931410833221459
p1,A,395,105,0,h00,5598360236744566589
p1,B,74,408,18,h00,5598360236744566589
p1,C,21,101,378,h00,5598360236744566589
p1,Non-ROH,500,0,0,h00,5598360236744566589
p2,A,487,13,0,h00,5598360236744566589
p2,B,209,291,0,h00,5598360236744566589
p2,C,19,98,383,h00,5598360236744566589
p2,Non-ROH,500,0,0,h00,5598360236744566589
p3,A,486,14,0,h00,5598360236744566589
p3,B,222,278,0,h00,5598360236744566589
p3,C,9,115,376,h00,5598360236744566589
p3,Non-ROH,500,0,0,h00,5598360236744566589
p1,A,454,46,0,h00,564114765938807808
p1,B,146,342,12,h00,564114765938807808
p1,C,35,91,374,h00,564114765938807808
p1,Non-ROH,500,0,0,h00,564114765938807808
p2,A,495,5,0,h00,564114765938807808
p2,B,242,258,0,h00,564114765938807808
p2,C,20,119,361,h00,564114765938807808
p2,Non-ROH,500,0,0,h00,564114765938807808
p3,A,498,2,0,h00,564114765938807808
p3,B,321,179,0,h00,564114765938807808
p3,C,32,99,369,h00,564114765938807808
p3,Non-ROH,500,0,0,h00,564114765938807808
p1,A,469,31,0,h00,566651619964385672
p1,B,87,404,9,h00,566651619964385672
p1,C,35,90,375,h00,566651619964385672
p1,Non-ROH,500,0,0,h00,566651619964385672
p2,A,490,10,0,h00,566651619964385672
p2,B,218,282,0,h00,566651619964385672
p2,C,16,123,361,h00,566651619964385672
p2,Non-ROH,500,0,0,h00,566651619964385672
p3,A,498,2,0,h00,566651619964385672
p3,B,285,215,0,h00,566651619964385672
p3,C,24,115,361,h00,566651619964385672
p3,Non-ROH,500,0,0,h00,566651619964385672
p1,A,447,53,0,h00,5677124165915266368
p1,B,91,394,15,h00,5677124165915266368
p1,C,19,105,376,h00,5677124165915266368
p1,Non-ROH,500,0,0,h00,5677124165915266368
p2,A,495,5,0,h00,5677124165915266368
p2,B,252,248,0,h00,5677124165915266368
p2,C,23,146,331,h00,5677124165915266368
p2,Non-ROH,500,0,0,h00,5677124165915266368
p3,A,497,3,0,h00,5677124165915266368
p3,B,274,226,0,h00,5677124165915266368
p3,C,23,114,363,h00,5677124165915266368
p3,Non-ROH,500,0,0,h00,5677124165915266368
p1,A,449,51,0,h00,5684708423175688045
p1,B,124,364,12,h00,5684708423175688045
p1,C,30,79,391,h00,5684708423175688045
p1,Non-ROH,500,0,0,h00,5684708423175688045
p2,A,497,3,0,h00,5684708423175688045
p2,B,265,235,0,h00,5684708423175688045
p2,C,20,94,386,h00,5684708423175688045
p2,Non-ROH,500,0,0,h00,5684708423175688045
p3,A,496,4,0,h00,5684708423175688045
p3,B,306,194,0,h00,5684708423175688045
p3,C,15,119,366,h00,5684708423175688045
p3,Non-ROH,500,0,0,h00,5684708423175688045
p1,A,406,94,0,h00,5695937518333762421
p1,B,68,411,21,h00,5695937518333762421
p1,C,15,95,390,h00,5695937518333762421
p1,Non-ROH,500,0,0,h00,5695937518333762421
p2,A,472,28,0,h00,5695937518333762421
p2,B,182,318,0,h00,5695937518333762421
p2,C,14,104,382,h00,5695937518333762421
p2,Non-ROH,500,0,0,h00,5695937518333762421
p3,A,486,14,0,h00,5695937518333762421
p3,B,234,266,0,h00,5695937518333762421
p3,C,12,174,314,h00,5695937518333762421
p3,Non-ROH,500,0,0,h00,5695937518333762421
p1,A,465,35,0,h00,5735050356341273087
p1,B,113,377,10,h00,5735050356341273087
p1,C,39,106,355,h00,5735050356341273087
p1,Non-ROH,500,0,0,h00,5735050356341273087
p2,A,500,0,0,h00,5735050356341273087
p2,B,260,240,0,h00,5735050356341273087
p2,C,24,128,348,h00,5735050356341273087
p2,Non-ROH,500,0,0,h00,5735050356341273087
p3,A,500,0,0,h00,5735050356341273087
p3,B,306,194,0,h00,5735050356341273087
p3,C,23,97,380,h00,5735050356341273087
p3,Non-ROH,500,0,0,h00,5735050356341273087
p1,A,450,50,0,h00,5743287625190340845
p1,B,87,393,20,h00,5743287625190340845
p1,C,30,90,380,h00,5743287625190340845
p1,Non-ROH,500,0,0,h00,5743287625190340845
p2,A,492,8,0,h00,5743287625190340845
p2,B,226,274,0,h00,5743287625190340845
p2,C,20,92,388,h00,5743287625190340845
p2,Non-ROH,500,0,0,h00,5743287625190340845
p3,A,489,11,0,h00,5743287625190340845
p3,B,219,281,0,h00,5743287625190340845
p3,C,17,107,376,h00,5743287625190340845
p3,Non-ROH,500,0,0,h00,5743287625190340845
p1,A,479,21,0,h00,5751491243944354970
p1,B,136,345,19,h00,5751491243944354970
p1,C,37,104,359,h00,5751491243944354970
p1,Non-ROH,500,0,0,h00,5751491243944354970
p2,A,500,0,0,h00,5751491243944354970
p2,B,269,231,0,h00,5751491243944354970
p2,C,18,114,368,h00,5751491243944354970
p2,Non-ROH,500,0,0,h00,5751491243944354970
p3,A,497,3,0,h00,5751491243944354970
p3,B,355,145,0,h00,5751491243944354970
p3,C,9,93,398,h00,5751491243944354970
p3,Non-ROH,500,0,0,h00,5751491243944354970
p1,A,464,36,0,h00,582610902720345849
p1,B,108,380,12,h00,582610902720345849
p1,C,31,113,356,h00,582610902720345849
p1,Non-ROH,500,0,0,h00,582610902720345849
p2,A,495,5,0,h00,582610902720345849
p2,B,231,269,0,h00,582610902720345849
p2,C,26,85,389,h00,582610902720345849
p2,Non-ROH,500,0,0,h00,582610902720345849
p3,A,495,5,0,h00,582610902720345849
p3,B,292,208,0,h00,582610902720345849
p3,C,15,125,360,h00,582610902720345849
p3,Non-ROH,500,0,0,h00,582610902720345849
p1,A,411,89,0,h00,5877867198804483213
p1,B,66,413,21,h00,5877867198804483213
p1,C,21,108,371,h00,5877867198804483213
p1,Non-ROH,500,0,0,h00,5877867198804483213
p2,A,491,9,0,h00,5877867198804483213
p2,B,192,308,0,h00,5877867198804483213
p2,C,19,182,299,h00,5877867198804483213
p2,Non-ROH,500,0,0,h00,5877867198804483213
p3,A,491,9,0,h00,5877867198804483213
p3,B,207,293,0,h00,5877867198804483213
p3,C,15,127,358,h00,5877867198804483213
p3,Non-ROH,500,0,0,h00,5877867198804483213
p1,A,443,57,0,h00,5896384398177591093
p1,B,79,407,14,h00,5896384398177591093
p1,C,22,124,354,h00,5896384398177591093
p1,Non-ROH,500,0,0,h00,5896384398177591093
p2,A,494,6,0,h00,5896384398177591093
p2,B,212,288,0,h00,5896384398177591093
p2,C,10,128,362,h00,5896384398177591093
p2,Non-ROH,500,0,0,h00,5896384398177591093
p3,A,494,6,0,h00,5896384398177591093
p3,B,209,291,0,h00,5896384398177591093
p3,C,9,112,379,h00,5896384398177591093
p3,Non-ROH,500,0,0,h00,5896384398177591093
p1,A,432,68,0,h00,5923778632858078141
p1,B,86,395,19,h00,5923778632858078141
p1,C,27,89,384,h00,5923778632858078141
p1,Non-ROH,500,0,0,h00,5923778632858078141
p2,A,497,3,0,h00,5923778632858078141
p2,B,201,299,0,h00,5923778632858078141
p2,C,18,109,373,h00,5923778632858078141
p2,Non-ROH,500,0,0,h00,5923778632858078141
p3,A,499,1,0,h00,5923778632858078141
p3,B,298,202,0,h00,5923778632858078141
p3,C,6,114,380,h00,5923778632858078141
p3,Non-ROH,500,0,0,h00,5923778632858078141
p1,A,480,20,0,h00,592565897307866256
p1,B,166,323,11,h00,592565897307866256
p1,C,36,105,359,h00,592565897307866256
p1,Non-ROH,500,0,0,h00,592565897307866256
p2,A,499,1,0,h00,592565897307866256
p2,B,271,229,0,h00,592565897307866256
p2,C,36,121,343,h00,592565897307866256
p2,Non-ROH,500,0,0,h00,592565897307866256
p3,A,499,1,0,h00,592565897307866256
p3,B,356,144,0,h00,592565897307866256
p3,C,24,127,349,h00,592565897307866256
p3,Non-ROH,500,0,0,h00,592565897307866256
p1,A,466,34,0,h00,5966097897883737573
p1,B,127,356,17,h00,5966097897883737573
p1,C,29,94,377,h00,5966097897883737573
p1,Non-ROH,500,0,0,h00,5966097897883737573
p2,A,497,3,0,h00,5966097897883737573
p2,B,278,222,0,h00,5966097897883737573
p2,C,21,107,372,h00,5966097897883737573
p2,Non-ROH,500,0,0,h00,5966097897883737573
p3,A,493,7,0,h00,5966097897883737573
p3,B,317,183,0,h00,5966097897883737573
p3,C,12,166,322,h00,5966097897883737573
p3,Non-ROH,500,0,0,h00,5966097897883737573
p1,A,456,44,0,h00,5967626245496002603
p1,B,129,358,13,h00,5967626245496002603
p1,C,34,111,355,h00,5967626245496002603
p1,Non-ROH,500,0,0,h00,5967626245496002603
p2,A,491,9,0,h00,5967626245496002603
p2,B,270,230,0,h00,5967626245496002603
p2,C,56,83,361,h00,5967626245496002603
p2,Non-ROH,500,0,0,h00,5967626245496002603
p3,A,500,0,0,h00,5967626245496002603
p3,B,306,194,0,h00,5967626245496002603
p3,C,25,142,333,h00,5967626245496002603
p3,Non-ROH,500,0,0,h00,5967626245496002603
p1,A,461,39,0,h00,5986974206251402170
p1,B,108,381,11,h00,5986974206251402170
p1,C,31,99,370,h00,5986974206251402170
p1,Non-ROH,500,0,0,h00,5986974206251402170
p2,A,496,4,0,h00,5986974206251402170
p2,B,234,266,0,h00,5986974206251402170
p2,C,17,119,364,h00,5986974206251402170
p2,Non-ROH,500,0,0,h00,5986974206251402170
p3,A,497,3,0,h00,5986974206251402170
p3,B,279,221,0,h00,5986974206251402170
p3,C,24,135,341,h00,5986974206251402170
p3,Non-ROH,500,0,0,h00,5986974206251402170
p1,A,476,24,0,h00,5987750805416027596
p1,B,142,347,11,h00,5987750805416027596
p1,C,36,80,384,h00,5987750805416027596
p1,Non-ROH,500,0,0,h00,5987750805416027596
p2,A,500,0,0,h00,5987750805416027596
p2,B,310,190,0,h00,5987750805416027596
p2,C,31,85,384,h00,5987750805416027596
p2,Non-ROH,500,0,0,h00,5987750805416027596
p3,A,498,2,0,h00,5987750805416027596
p3,B,370,130,0,h00,5987750805416027596
p3,C,16,162,322,h00,5987750805416027596
p3,Non-ROH,500,0,0,h00,5987750805416027596
p1,A,456,44,0,h00,5999603022608345824
p1,B,141,347,12,h00,5999603022608345824
p1,C,25,98,377,h00,5999603022608345824
p1,Non-ROH,500,0,0,h00,5999603022608345824
p2,A,498,2,0,h00,5999603022608345824
p2,B,219,281,0,h00,5999603022608345824
p2,C,19,115,366,h00,5999603022608345824
p2,Non-ROH,500,0,0,h00,5999603022608345824
p3,A,500,0,0,h00,5999603022608345824
p3,B,291,209,0,h00,5999603022608345824
p3,C,23,99,378,h00,5999603022608345824
p3,Non-ROH,500,0,0,h00,5999603022608345824
p1,A,469,31,0,h00,6021051998319135647
p1,B,112,373,15,h00,6021051998319135647
p1,C,33,87,380,h00,6021051998319135647
p1,Non-ROH,500,0,0,h00,6021051998319135647
p2,A,493,7,0,h00,6021051998319135647
p2,B,269,231,0,h00,6021051998319135647
p2,C,49,82,369,h00,6021051998319135647
p2,Non-ROH,500,0,0,h00,6021051998319135647
p3,A,496,4,0,h00,6021051998319135647
p3,B,278,222,0,h00,6021051998319135647
p3,C,15,139,346,h00,6021051998319135647
p3,Non-ROH,500,0,0,h00,6021051998319135647
p1,A,449,51,0,h00,6057075743393249859
p1,B,93,393,14,h00,6057075743393249859
p1,C,27,110,363,h00,6057075743393249859
p1,Non-ROH,500,0,0,h00,6057075743393249859
p2,A,493,7,0,h00,6057075743393249859
p2,B,269,231,0,h00,6057075743393249859
p2,C,29,125,346,h00,6057075743393249859
p2,Non-ROH,500,0,0,h00,6057075743393249859
p3,A,497,3,0,h00,6057075743393249859
p3,B,288,212,0,h00,6057075743393249859
p3,C,28,110,362,h00,6057075743393249859
p3,Non-ROH,500,0,0,h00,6057075743393249859
p1,A,479,21,0,h00,6058931797855114365
p1,B,86,401,13,h00,6058931797855114365
p1,C,36,92,372,h00,6058931797855114365
p1,Non-ROH,500,0,0,h00,6058931797855114365
p2,A,499,1,0,h00,6058931797855114365
p2,B,224,276,0,h00,6058931797855114365
p2,C,19,124,357,h00,6058931797855114365
p2,Non-ROH,500,0,0,h00,6058931797855114365
p3,A,495,5,0,h00,6058931797855114365
p3,B,251,249,0,h00,6058931797855114365
p3,C,18,109,373,h00,6058931797855114365
p3,Non-ROH,500,0,0,h00,6058931797855114365
p1,A,449,51,0,h00,6076716814428451044
p1,B,88,400,12,h00,6076716814428451044
p1,C,33,98,369,h00,6076716814428451044
p1,Non-ROH,500,0,0,h00,6076716814428451044
p2,A,499,1,0,h00,6076716814428451044
p2,B,211,288,1,h00,6076716814428451044
p2,C,25,143,332,h00,6076716814428451044
p2,Non-ROH,500,0,0,h00,6076716814428451044
p3,A,498,2,0,h00,6076716814428451044
p3,B,288,212,0,h00,6076716814428451044
p3,C,19,106,375,h00,6076716814428451044
p3,Non-ROH,500,0,0,h00,6076716814428451044
p1,A,438,62,0,h00,6091988916623446105
p1,B,104,375,21,h00,6091988916623446105
p1,C,34,92,374,h00,6091988916623446105
p1,Non-ROH,500,0,0,h00,6091988916623446105
p2,A,496,4,0,h00,6091988916623446105
p2,B,211,289,0,h00,6091988916623446105
p2,C,16,146,338,h00,6091988916623446105
p2,Non-ROH,500,0,0,h00,6091988916623446105
p3,A,499,1,0,h00,6091988916623446105
p3,B,265,235,0,h00,6091988916623446105
p3,C,16,116,368,h00,6091988916623446105
p3,Non-ROH,500,0,0,h00,6091988916623446105
p1,A,410,90,0,h00,6096569785520920641
p1,B,93,394,13,h00,6096569785520920641
p1,C,19,103,378,h00,6096569785520920641
p1,Non-ROH,500,0,0,h00,6096569785520920641
p2,A,457,43,0,h00,6096569785520920641
p2,B,227,273,0,h00,6096569785520920641
p2,C,14,106,380,h00,6096569785520920641
p2,Non-ROH,500,0,0,h00,6096569785520920641
p3,A,489,11,0,h00,6096569785520920641
p3,B,239,261,0,h00,6096569785520920641
p3,C,14,106,380,h00,6096569785520920641
p3,Non-ROH,500,0,0,h00,6096569785520920641
p1,A,458,42,0,h00,6102556247954396050
p1,B,127,360,13,h00,6102556247954396050
p1,C,31,79,390,h00,6102556247954396050
p1,Non-ROH,500,0,0,h00,6102556247954396050
p2,A,486,14,0,h00,6102556247954396050
p2,B,244,256,0,h00,6102556247954396050
p2,C,26,120,354,h00,6102556247954396050
p2,Non-ROH,500,0,0,h00,6102556247954396050
p3,A,494,6,0,h00,6102556247954396050
p3,B,291,209,0,h00,6102556247954396050
p3,C,29,115,356,h00,6102556247954396050
p3,Non-ROH,500,0,0,h00,6102556247954396050
p1,A,466,34,0,h00,6142107552244125784
p1,B,137,352,11,h00,6142107552244125784
p1,C,32,94,374,h00,6142107552244125784
p1,Non-ROH,500,0,0,h00,6142107552244125784
p2,A,497,3,0,h00,6142107552244125784
p2,B,264,236,0,h00,6142107552244125784
p2,C,28,139,333,h00,6142107552244125784
p2,Non-ROH,500,0,0,h00,6142107552244125784
p3,A,495,5,0,h00,6142107552244125784
p3,B,286,214,0,h00,6142107552244125784
p3,C,19,118,363,h00,6142107552244125784
p3,Non-ROH,500,0,0,h00,6142107552244125784
p1,A,438,62,0,h00,6142901293428679179
p1,B,97,393,10,h00,6142901293428679179
p1,C,21,98,381,h00,6142901293428679179
p1,Non-ROH,500,0,0,h00,6142901293428679179
p2,A,492,8,0,h00,6142901293428679179
p2,B,208,292,0,h00,6142901293428679179
p2,C,13,117,370,h00,6142901293428679179
p2,Non-ROH,500,0,0,h00,6142901293428679179
p3,A,488,12,0,h00,6142901293428679179
p3,B,232,268,0,h00,6142901293428679179
p3,C,12,133,355,h00,6142901293428679179
p3,Non-ROH,500,0,0,h00,6142901293428679179
p1,A,472,28,0,h00,6149702160903447389
p1,B,142,344,14,h00,6149702160903447389
p1,C,32,106,362,h00,6149702160903447389
p1,Non-ROH,500,0,0,h00,6149702160903447389
p2,A,496,4,0,h00,6149702160903447389
p2,B,265,235,0,h00,6149702160903447389
p2,C,24,124,352,h00,6149702160903447389
p2,Non-ROH,500,0,0,h00,6149702160903447389
p3,A,498,2,0,h00,6149702160903447389
p3,B,310,190,0,h00,6149702160903447389
p3,C,20,151,329,h00,6149702160903447389
p3,Non-ROH,500,0,0,h00,6149702160903447389
p1,A,469,31,0,h00,6153988684505601336
p1,B,145,338,17,h00,6153988684505601336
p1,C,45,84,371,h00,6153988684505601336
p1,Non-ROH,500,0,0,h00,6153988684505601336
p2,A,497,3,0,h00,6153988684505601336
p2,B,258,242,0,h00,6153988684505601336
p2,C,22,104,374,h00,6153988684505601336
p2,Non-ROH,500,0,0,h00,6153988684505601336
p3,A,496,4,0,h00,6153988684505601336
p3,B,351,149,0,h00,6153988684505601336
p3,C,20,91,389,h00,6153988684505601336
p3,Non-ROH,500,0,0,h00,6153988684505601336
p1,A,454,46,0,h00,6182275259578982702
p1,B,112,368,20,h00,6182275259578982702
p1,C,26,91,383,h00,6182275259578982702
p1,Non-ROH,500,0,0,h00,6182275259578982702
p2,A,499,1,0,h00,6182275259578982702
p2,B,216,284,0,h00,6182275259578982702
p2,C,20,112,368,h00,6182275259578982702
p2,Non-ROH,500,0,0,h00,6182275259578982702
p3,A,500,0,0,h00,6182275259578982702
p3,B,298,202,0,h00,6182275259578982702
p3,C,15,99,386,h00,6182275259578982702
p3,Non-ROH,500,0,0,h00,6182275259578982702
p1,A,476,24,0,h00,6187119608957122884
p1,B,145,341,14,h00,6187119608957122884
p1,C,36,103,361,h00,6187119608957122884
p1,Non-ROH,500,0,0,h00,6187119608957122884
p2,A,499,1,0,h00,6187119608957122884
p2,B,305,195,0,h00,6187119608957122884
p2,C,26,105,369,h00,6187119608957122884
p2,Non-ROH,500,0,0,h00,6187119608957122884
p3,A,500,0,0,h00,6187119608957122884
p3,B,336,164,0,h00,6187119608957122884
p3,C,23,189,288,h00,6187119608957122884
p3,Non-ROH,500,0,0,h00,6187119608957122884
p1,A,461,39,0,h00,6216102812433735615
p1,B,108,382,10,h00,6216102812433735615
p1,C,25,93,382,h00,6216102812433735615
p1,Non-ROH,500,0,0,h00,6216102812433735615
p2,A,494,6,0,h00,6216102812433735615
p2,B,258,242,0,h00,6216102812433735615
p2,C,23,125,352,h00,6216102812433735615
p2,Non-ROH,500,0,0,h00,6216102812433735615
p3,A,495,5,0,h00,6216102812433735615
p3,B,249,251,0,h00,6216102812433735615
p3,C,27,120,353,h00,6216102812433735615
p3,Non-ROH,500,0,0,h00,6216102812433735615
p1,A,431,69,0,h00,6245060847863644573
p1,B,92,388,20,h00,6245060847863644573
p1,C,25,94,381,h00,6245060847863644573
p1,Non-ROH,500,0,0,h00,6245060847863644573
p2,A,490,10,0,h00,6245060847863644573
p2,B,209,291,0,h00,6245060847863644573
p2,C,16,161,323,h00,6245060847863644573
p2,Non-ROH,500,0,0,h00,6245060847863644573
p3,A,496,4,0,h00,6245060847863644573
p3,B,247,253,0,h00,6245060847863644573
p3,C,18,111,371,h00,6245060847863644573
p3,Non-ROH,500,0,0,h00,6245060847863644573
p1,A,411,89,0,h00,6248453267288648286
p1,B,63,421,16,h00,6248453267288648286
p1,C,23,109,368,h00,6248453267288648286
p1,Non-ROH,500,0,0,h00,6248453267288648286
p2,A,464,36,0,h00,6248453267288648286
p2,B,165,335,0,h00,6248453267288648286
p2,C,10,126,364,h00,6248453267288648286
p2,Non-ROH,500,0,0,h00,6248453267288648286
p3,A,481,19,0,h00,6248453267288648286
p3,B,179,321,0,h00,6248453267288648286
p3,C,5,141,354,h00,6248453267288648286
p3,Non-ROH,500,0,0,h00,6248453267288648286
p1,A,462,38,0,h00,6268286312611743201
p1,B,82,403,15,h00,6268286312611743201
p1,C,30,90,380,h00,6268286312611743201
p1,Non-ROH,500,0,0,h00,6268286312611743201
p2,A,499,1,0,h00,6268286312611743201
p2,B,228,272,0,h00,6268286312611743201
p2,C,30,98,372,h00,6268286312611743201
p2,Non-ROH,500,0,0,h00,6268286312611743201
p3,A,499,1,0,h00,6268286312611743201
p3,B,211,289,0,h00,6268286312611743201
p3,C,18,129,353,h00,6268286312611743201
p3,Non-ROH,500,0,0,h00,6268286312611743201
p1,A,444,56,0,h00,6279418848049494834
p1,B,111,370,19,h00,6279418848049494834
p1,C,37,110,353,h00,6279418848049494834
p1,Non-ROH,500,0,0,h00,6279418848049494834
p2,A,496,4,0,h00,6279418848049494834
p2,B,226,274,0,h00,6279418848049494834
p2,C,12,139,349,h00,6279418848049494834
p2,Non-ROH,500,0,0,h00,6279418848049494834
p3,A,489,11,0,h00,6279418848049494834
p3,B,302,198,0,h00,6279418848049494834
p3,C,16,174,310,h00,6279418848049494834
p3,Non-ROH,500,0,0,h00,6279418848049494834
p1,A,465,35,0,h00,6279972912461099210
p1,B,122,361,17,h00,6279972912461099210
p1,C,45,87,368,h00,6279972912461099210
p1,Non-ROH,500,0,0,h00,6279972912461099210
p2,A,496,4,0,h00,6279972912461099210
p2,B,269,231,0,h00,6279972912461099210
p2,C,24,126,350,h00,6279972912461099210
p2,Non-ROH,500,0,0,h00,6279972912461099210
p3,A,500,0,0,h00,6279972912461099210
p3,B,331,169,0,h00,6279972912461099210
p3,C,15,91,394,h00,6279972912461099210
p3,Non-ROH,500,0,0,h00,6279972912461099210
p1,A,447,53,0,h00,6294659728424314545
p1,B,98,382,20,h00,6294659728424314545
p1,C,33,115,352,h00,6294659728424314545
p1,Non-ROH,500,0,0,h00,6294659728424314545
p2,A,498,2,0,h00,6294659728424314545
p2,B,224,276,0,h00,6294659728424314545
p2,C,23,111,366,h00,6294659728424314545
p2,Non-ROH,500,0,0,h00,6294659728424314545
p3,A,498,2,0,h00,6294659728424314545
p3,B,276,224,0,h00,6294659728424314545
p3,C,25,154,321,h00,6294659728424314545
p3,Non-ROH,500,0,0,h00,6294659728424314545
p1,A,400,100,0,h00,6298264654517554389
p1,B,103,383,14,h00,6298264654517554389
p1,C,35,86,379,h00,6298264654517554389
p1,Non-ROH,500,0,0,h00,6298264654517554389
p2,A,479,21,0,h00,6298264654517554389
p2,B,277,223,0,h00,6298264654517554389
p2,C,26,120,354,h00,6298264654517554389
p2,Non-ROH,500,0,0,h00,6298264654517554389
p3,A,490,10,0,h00,6298264654517554389
p3,B,334,166,0,h00,6298264654517554389
p3,C,18,120,362,h00,6298264654517554389
p3,Non-ROH,500,0,0,h00,6298264654517554389
p1,A,394,106,0,h00,6316607662922444508
p1,B,78,398,24,h00,6316607662922444508
p1,C,25,100,375,h00,6316607662922444508
p1,Non-ROH,500,0,0,h00,6316607662922444508
p2,A,482,18,0,h00,6316607662922444508
p2,B,162,338,0,h00,6316607662922444508
p2,C,17,121,362,h00,6316607662922444508
p2,Non-ROH,500,0,0,h00,6316607662922444508
p3,A,494,6,0,h00,6316607662922444508
p3,B,256,244,0,h00,6316607662922444508
p3,C,10,169,321,h00,6316607662922444508
p3,Non-ROH,500,0,0,h00,6316607662922444508
p1,A,448,52,0,h00,631848876776257220
p1,B,101,383,16,h00,631848876776257220
p1,C,39,108,353,h00,631848876776257220
p1,Non-ROH,500,0,0,h00,631848876776257220
p2,A,487,13,0,h00,631848876776257220
p2,B,197,303,0,h00,631848876776257220
p2,C,19,102,379,h00,631848876776257220
p2,Non-ROH,500,0,0,h00,631848876776257220
p3,A,490,10,0,h00,631848876776257220
p3,B,285,215,0,h00,631848876776257220
p3,C,15,102,383,h00,631848876776257220
p3,Non-ROH,500,0,0,h00,631848876776257220
p1,A,402,98,0,h00,6321062789491697069
p1,B,108,370,22,h00,6321062789491697069
p1,C,31,102,367,h00,6321062789491697069
p1,Non-ROH,500,0,0,h00,6321062789491697069
p2,A,480,20,0,h00,6321062789491697069
p2,B,198,302,0,h00,6321062789491697069
p2,C,17,123,360,h00,6321062789491697069
p2,Non-ROH,500,0,0,h00,6321062789491697069
p3,A,496,4,0,h00,6321062789491697069
p3,B,243,257,0,h00,6321062789491697069
p3,C,16,131,353,h00,6321062789491697069
p3,Non-ROH,500,0,0,h00,6321062789491697069
p1,A,402,98,0,h00,6330842358142281215
p1,B,72,413,15,h00,6330842358142281215
p1,C,17,97,386,h00,6330842358142281215
p1,Non-ROH,500,0,0,h00,6330842358142281215
p2,A,471,29,0,h00,6330842358142281215
p2,B,214,286,0,h00,6330842358142281215
p2,C,16,158,326,h00,6330842358142281215
p2,Non-ROH,500,0,0,h00,6330842358142281215
p3,A,476,24,0,h00,6330842358142281215
p3,B,246,254,0,h00,6330842358142281215
p3,C,9,123,368,h00,6330842358142281215
p3,Non-ROH,500,0,0,h00,6330842358142281215
p1,A,431,69,0,h00,6365740906042809987
p1,B,81,409,10,h00,6365740906042809987
p1,C,21,117,362,h00,6365740906042809987
p1,Non-ROH,500,0,0,h00,6365740906042809987
p2,A,491,9,0,h00,6365740906042809987
p2,B,174,326,0,h00,6365740906042809987
p2,C,16,99,385,h00,6365740906042809987
p2,Non-ROH,500,0,0,h00,6365740906042809987
p3,A,494,6,0,h00,6365740906042809987
p3,B,222,278,0,h00,6365740906042809987
p3,C,17,164,319,h00,6365740906042809987
p3,Non-ROH,500,0,0,h00,6365740906042809987
p1,A,455,45,0,h00,6369446958740231179
p1,B,113,374,13,h00,6369446958740231179
p1,C,30,110,360,h00,6369446958740231179
p1,Non-ROH,500,0,0,h00,6369446958740231179
p2,A,498,2,0,h00,6369446958740231179
p2,B,277,223,0,h00,6369446958740231179
p2,C,23,160,317,h00,6369446958740231179
p2,Non-ROH,500,0,0,h00,6369446958740231179
p3,A,492,8,0,h00,6369446958740231179
p3,B,313,187,0,h00,6369446958740231179
p3,C,19,176,305,h00,6369446958740231179
p3,Non-ROH,500,0,0,h00,6369446958740231179
p1,A,442,58,0,h00,6388046067934644878
p1,B,115,368,17,h00,6388046067934644878
p1,C,18,79,403,h00,6388046067934644878
p1,Non-ROH,500,0,0,h00,6388046067934644878
p2,A,490,10,0,h00,6388046067934644878
p2,B,253,247,0,h00,6388046067934644878
p2,C,14,114,372,h00,6388046067934644878
p2,Non-ROH,500,0,0,h00,6388046067934644878
p3,A,492,8,0,h00,6388046067934644878
p3,B,322,178,0,h00,6388046067934644878
p3,C,20,195,285,h00,6388046067934644878
p3,Non-ROH,500,0,0,h00,6388046067934644878
p1,A,479,21,0,h00,6390219985221663186
p1,B,119,361,20,h00,6390219985221663186
p1,C,27,126,347,h00,6390219985221663186
p1,Non-ROH,500,0,0,h00,6390219985221663186
p2,A,498,2,0,h00,6390219985221663186
p2,B,271,229,0,h00,6390219985221663186
p2,C,21,146,333,h00,6390219985221663186
p2,Non-ROH,500,0,0,h00,6390219985221663186
p3,A,490,10,0,h00,6390219985221663186
p3,B,329,171,0,h00,6390219985221663186
p3,C,15,136,349,h00,6390219985221663186
p3,Non-ROH,500,0,0,h00,6390219985221663186
p1,A,458,42,0,h00,6401605579492917020
p1,B,103,381,16,h00,6401605579492917020
p1,C,38,91,371,h00,6401605579492917020
p1,Non-ROH,500,0,0,h00,6401605579492917020
p2,A,499,1,0,h00,6401605579492917020
p2,B,221,279,0,h00,6401605579492917020
p2,C,31,94,375,h00,6401605579492917020
p2,Non-ROH,500,0,0,h00,6401605579492917020
p3,A,498,2,0,h00,6401605579492917020
p3,B,263,237,0,h00,6401605579492917020
p3,C,16,135,349,h00,6401605579492917020
p3,Non-ROH,500,0,0,h00,6401605579492917020
p1,A,372,128,0,h00,641636437544024340
p1,B,90,399,11,h00,641636437544024340
p1,C,19,98,383,h00,641636437544024340
p1,Non-ROH,500,0,0,h00,641636437544024340
p2,A,440,60,0,h00,641636437544024340
p2,B,163,337,0,h00,641636437544024340
p2,C,6,121,373,h00,641636437544024340
p2,Non-ROH,500,0,0,h00,641636437544024340
p3,A,466,34,0,h00,641636437544024340
p3,B,198,302,0,h00,641636437544024340
p3,C,6,115,379,h00,641636437544024340
p3,Non-ROH,500,0,0,h00,641636437544024340
p1,A,441,59,0,h00,643982821711063766
p1,B,96,391,13,h00,643982821711063766
p1,C,30,97,373,h00,643982821711063766
p1,Non-ROH,500,0,0,h00,643982821711063766
p2,A,499,1,0,h00,643982821711063766
p2,B,227,273,0,h00,643982821711063766
p2,C,16,115,369,h00,643982821711063766
p2,Non-ROH,500,0,0,h00,643982821711063766
p3,A,500,0,0,h00,643982821711063766
p3,B,298,202,0,h00,643982821711063766
p3,C,28,130,342,h00,643982821711063766
p3,Non-ROH,500,0,0,h00,643982821711063766
p1,A,466,34,0,h00,647443937031552221
p1,B,145,347,8,h00,647443937031552221
p1,C,26,109,365,h00,647443937031552221
p1,Non-ROH,500,0,0,h00,647443937031552221
p2,A,495,5,0,h00,647443937031552221
p2,B,311,189,0,h00,647443937031552221
p2,C,23,85,392,h00,647443937031552221
p2,Non-ROH,500,0,0,h00,647443937031552221
p3,A,487,13,0,h00,647443937031552221
p3,B,376,124,0,h00,647443937031552221
p3,C,44,134,322,h00,647443937031552221
p3,Non-ROH,500,0,0,h00,647443937031552221
p1,A,419,81,0,h00,6503596935745530043
p1,B,99,386,15,h00,6503596935745530043
p1,C,26,90,384,h00,6503596935745530043
p1,Non-ROH,500,0,0,h00,6503596935745530043
p2,A,476,24,0,h00,6503596935745530043
p2,B,209,291,0,h00,6503596935745530043
p2,C,11,180,309,h00,6503596935745530043
p2,Non-ROH,500,0,0,h00,6503596935745530043
p3,A,493,7,0,h00,6503596935745530043
p3,B,304,196,0,h00,6503596935745530043
p3,C,17,157,326,h00,6503596935745530043
p3,Non-ROH,500,0,0,h00,6503596935745530043
p1,A,483,17,0,h00,6506553296870930074
p1,B,117,360,23,h00,6506553296870930074
p1,C,25,105,370,h00,6506553296870930074
p1,Non-ROH,500,0,0,h00,6506553296870930074
p2,A,499,1,0,h00,6506553296870930074
p2,B,262,238,0,h00,6506553296870930074
p2,C,12,128,360,h00,6506553296870930074
p2,Non-ROH,500,0,0,h00,6506553296870930074
p3,A,500,0,0,h00,6506553296870930074
p3,B,316,184,0,h00,6506553296870930074
p3,C,10,112,378,h00,6506553296870930074
p3,Non-ROH,500,0,0,h00,6506553296870930074
p1,A,451,49,0,h00,6507577593214617596
p1,B,112,373,15,h00,6507577593214617596
p1,C,22,99,379,h00,6507577593214617596
p1,Non-ROH,500,0,0,h00,6507577593214617596
p2,A,498,2,0,h00,6507577593214617596
p2,B,258,242,0,h00,6507577593214617596
p2,C,16,114,370,h00,6507577593214617596
p2,Non-ROH,500,0,0,h00,6507577593214617596
p3,A,498,2,0,h00,6507577593214617596
p3,B,265,235,0,h00,6507577593214617596
p3,C,17,160,323,h00,6507577593214617596
p3,Non-ROH,500,0,0,h00,6507577593214617596
p1,A,444,56,0,h00,6507597390382727529
p1,B,86,401,13,h00,6507597390382727529
p1,C,29,78,393,h00,6507597390382727529
p1,Non-ROH,500,0,0,h00,6507597390382727529
p2,A,487,13,0,h00,6507597390382727529
p2,B,183,317,0,h00,6507597390382727529
p2,C,19,171,310,h00,6507597390382727529
p2,Non-ROH,500,0,0,h00,6507597390382727529
p3,A,493,7,0,h00,6507597390382727529
p3,B,232,268,0,h00,6507597390382727529
p3,C,25,107,368,h00,6507597390382727529
p3,Non-ROH,500,0,0,h00,6507597390382727529
p1,A,485,15,0,h00,6519849540173404995
p1,B,135,351,14,h00,6519849540173404995
p1,C,42,120,338,h00,6519849540173404995
p1,Non-ROH,500,0,0,h00,6519849540173404995
p2,A,500,0,0,h00,6519849540173404995
p2,B,305,195,0,h00,6519849540173404995
p2,C,32,105,363,h00,6519849540173404995
p2,Non-ROH,500,0,0,h00,6519849540173404995
p3,A,499,1,0,h00,6519849540173404995
p3,B,383,117,0,h00,6519849540173404995
p3,C,26,132,342,h00,6519849540173404995
p3,Non-ROH,500,0,0,h00,6519849540173404995
p1,A,489,11,0,h00,6533009675320697226
p1,B,151,333,16,h00,6533009675320697226
p1,C,41,88,371,h00,6533009675320697226
p1,Non-ROH,500,0,0,h00,6533009675320697226
p2,A,499,1,0,h00,6533009675320697226
p2,B,294,206,0,h00,6533009675320697226
p2,C,23,93,384,h00,6533009675320697226
p2,Non-ROH,500,0,0,h00,6533009675320697226
p3,A,500,0,0,h00,6533009675320697226
p3,B,384,116,0,h00,6533009675320697226
p3,C,27,137,336,h00,6533009675320697226
p3,Non-ROH,500,0,0,h00,6533009675320697226
p1,A,484,16,0,h00,6545518064646104054
p1,B,171,311,18,h00,6545518064646104054
p1,C,39,99,362,h00,6545518064646104054
p1,Non-ROH,500,0,0,h00,6545518064646104054
p2,A,500,0,0,h00,6545518064646104054
p2,B,288,212,0,h00,6545518064646104054
p2,C,31,83,386,h00,6545518064646104054
p2,Non-ROH,500,0,0,h00,6545518064646104054
p3,A,495,5,0,h00,6545518064646104054
p3,B,348,152,0,h00,6545518064646104054
p3,C,36,136,328,h00,6545518064646104054
p3,Non-ROH,500,0,0,h00,6545518064646104054
p1,A,439,61,0,h00,6549234978829928161
p1,B,77,405,18,h00,6549234978829928161
p1,C,14,121,365,h00,6549234978829928161
p1,Non-ROH,500,0,0,h00,6549234978829928161
p2,A,485,15,0,h00,6549234978829928161
p2,B,198,302,0,h00,6549234978829928161
p2,C,16,127,357,h00,6549234978829928161
p2,Non-ROH,500,0,0,h00,6549234978829928161
p3,A,496,4,0,h00,6549234978829928161
p3,B,269,231,0,h00,6549234978829928161
p3,C,16,102,382,h00,6549234978829928161
p3,Non-ROH,500,0,0,h00,6549234978829928161
p1,A,478,22,0,h00,65804915343391885
p1,B,98,387,15,h00,65804915343391885
p1,C,29,97,374,h00,65804915343391885
p1,Non-ROH,500,0,0,h00,65804915343391885
p2,A,496,4,0,h00,65804915343391885
p2,B,272,228,0,h00,65804915343391885
p2,C,11,145,344,h00,65804915343391885
p2,Non-ROH,500,0,0,h00,65804915343391885
p3,A,500,0,0,h00,65804915343391885
p3,B,326,174,0,h00,65804915343391885
p3,C,15,112,373,h00,65804915343391885
p3,Non-ROH,500,0,0,h00,65804915343391885
p1,A,439,61,0,h00,6602777850808966930
p1,B,97,388,15,h00,6602777850808966930
p1,C,21,103,376,h00,6602777850808966930
p1,Non-ROH,500,0,0,h00,6602777850808966930
p2,A,495,5,0,h00,6602777850808966930
p2,B,209,291,0,h00,6602777850808966930
p2,C,22,148,330,h00,6602777850808966930
p2,Non-ROH,500,0,0,h00,6602777850808966930
p3,A,495,5,0,h00,6602777850808966930
p3,B,231,269,0,h00,6602777850808966930
p3,C,20,114,366,h00,6602777850808966930
p3,Non-ROH,500,0,0,h00,6602777850808966930
p1,A,471,29,0,h00,6614165815480497416
p1,B,134,347,19,h00,6614165815480497416
p1,C,37,88,375,h00,6614165815480497416
p1,Non-ROH,500,0,0,h00,6614165815480497416
p2,A,499,1,0,h00,6614165815480497416
p2,B,292,208,0,h00,6614165815480497416
p2,C,24,91,385,h00,6614165815480497416
p2,Non-ROH,500,0,0,h00,6614165815480497416
p3,A,500,0,0,h00,6614165815480497416
p3,B,318,182,0,h00,6614165815480497416
p3,C,28,172,300,h00,6614165815480497416
p3,Non-ROH,500,0,0,h00,6614165815480497416
p1,A,422,78,0,h00,6641123762054388865
p1,B,79,413,8,h00,6641123762054388865
p1,C,31,104,365,h00,6641123762054388865
p1,Non-ROH,500,0,0,h00,6641123762054388865
p2,A,493,7,0,h00,6641123762054388865
p2,B,167,333,0,h00,6641123762054388865
p2,C,13,132,355,h00,6641123762054388865
p2,Non-ROH,500,0,0,h00,6641123762054388865
p3,A,482,18,0,h00,6641123762054388865
p3,B,217,283,0,h00,6641123762054388865
p3,C,19,154,327,h00,6641123762054388865
p3,Non-ROH,500,0,0,h00,6641123762054388865
p1,A,439,61,0,h00,6644732085938357553
p1,B,127,365,8,h00,6644732085938357553
p1,C,32,106,362,h00,6644732085938357553
p1,Non-ROH,500,0,0,h00,6644732085938357553
p2,A,497,3,0,h00,6644732085938357553
p2,B,301,199,0,h00,6644732085938357553
p2,C,22,129,349,h00,6644732085938357553
p2,Non-ROH,500,0,0,h00,6644732085938357553
p3,A,498,2,0,h00,6644732085938357553
p3,B,344,156,0,h00,6644732085938357553
p3,C,28,147,325,h00,6644732085938357553
p3,Non-ROH,500,0,0,h00,6644732085938357553
p1,A,385,115,0,h00,6709291199667742986
p1,B,98,391,11,h00,6709291199667742986
p1,C,18,104,378,h00,6709291199667742986
p1,Non-ROH,500,0,0,h00,6709291199667742986
p2,A,480,20,0,h00,6709291199667742986
p2,B,221,279,0,h00,6709291199667742986
p2,C,8,165,327,h00,6709291199667742986
p2,Non-ROH,500,0,0,h00,6709291199667742986
p3,A,477,23,0,h00,6709291199667742986
p3,B,259,241,0,h00,6709291199667742986
p3,C,12,132,356,h00,6709291199667742986
p3,Non-ROH,500,0,0,h00,6709291199667742986
p1,A,448,52,0,h00,6709723214742769548
p1,B,125,365,10,h00,6709723214742769548
p1,C,29,134,337,h00,6709723214742769548
p1,Non-ROH,500,0,0,h00,6709723214742769548
p2,A,495,5,0,h00,6709723214742769548
p2,B,230,270,0,h00,6709723214742769548
p2,C,13,129,358,h00,6709723214742769548
p2,Non-ROH,500,0,0,h00,6709723214742769548
p3,A,490,10,0,h00,6709723214742769548
p3,B,345,155,0,h00,6709723214742769548
p3,C,25,132,343,h00,6709723214742769548
p3,Non-ROH,500,0,0,h00,6709723214742769548
p1,A,455,45,0,h00,6724469538051210294
p1,B,109,376,15,h00,6724469538051210294
p1,C,29,96,375,h00,6724469538051210294
p1,Non-ROH,500,0,0,h00,6724469538051210294
p2,A,494,6,0,h00,6724469538051210294
p2,B,251,249,0,h00,6724469538051210294
p2,C,12,111,377,h00,6724469538051210294
p2,Non-ROH,500,0,0,h00,6724469538051210294
p3,A,498,2,0,h00,6724469538051210294
p3,B,288,212,0,h00,6724469538051210294
p3,C,20,120,360,h00,6724469538051210294
p3,Non-ROH,500,0,0,h00,6724469538051210294
p1,A,419,81,0,h00,6733800802724055226
p1,B,81,401,18,h00,6733800802724055226
p1,C,28,106,366,h00,6733800802724055226
p1,Non-ROH,500,0,0,h00,6733800802724055226
p2,A,491,9,0,h00,6733800802724055226
p2,B,200,300,0,h00,6733800802724055226
p2,C,16,154,330,h00,6733800802724055226
p2,Non-ROH,500,0,0,h00,6733800802724055226
p3,A,494,6,0,h00,6733800802724055226
p3,B,268,232,0,h00,6733800802724055226
p3,C,22,94,384,h00,6733800802724055226
p3,Non-ROH,500,0,0,h00,6733800802724055226
p1,A,435,65,0,h00,6750357892348545913
p1,B,95,388,17,h00,6750357892348545913
p1,C,22,93,385,h00,6750357892348545913
p1,Non-ROH,500,0,0,h00,6750357892348545913
p2,A,492,8,0,h00,6750357892348545913
p2,B,203,297,0,h00,6750357892348545913
p2,C,20,124,356,h00,6750357892348545913
p2,Non-ROH,500,0,0,h00,6750357892348545913
p3,A,489,11,0,h00,6750357892348545913
p3,B,278,222,0,h00,6750357892348545913
p3,C,11,135,354,h00,6750357892348545913
p3,Non-ROH,500,0,0,h00,6750357892348545913
p1,A,442,58,0,h00,6754384401860353323
p1,B,96,391,13,h00,6754384401860353323
p1,C,20,97,383,h00,6754384401860353323
p1,Non-ROH,500,0,0,h00,6754384401860353323
p2,A,499,1,0,h00,6754384401860353323
p2,B,191,309,0,h00,6754384401860353323
p2,C,20,120,360,h00,6754384401860353323
p2,Non-ROH,500,0,0,h00,6754384401860353323
p3,A,495,5,0,h00,6754384401860353323
p3,B,243,257,0,h00,6754384401860353323
p3,C,15,141,344,h00,6754384401860353323
p3,Non-ROH,500,0,0,h00,6754384401860353323
p1,A,469,31,0,h00,6766964616649572140
p1,B,166,323,11,h00,6766964616649572140
p1,C,35,84,381,h00,6766964616649572140
p1,Non-ROH,500,0,0,h00,6766964616649572140
p2,A,496,4,0,h00,6766964616649572140
p2,B,309,191,0,h00,6766964616649572140
p2,C,34,132,334,h00,6766964616649572140
p2,Non-ROH,500,0,0,h00,6766964616649572140
p3,A,500,0,0,h00,6766964616649572140
p3,B,373,127,0,h00,6766964616649572140
p3,C,21,109,370,h00,6766964616649572140
p3,Non-ROH,500,0,0,h00,6766964616649572140
p1,A,461,39,0,h00,6834843990915817588
p1,B,121,361,18,h00,6834843990915817588
p1,C,31,90,379,h00,6834843990915817588
p1,Non-ROH,500,0,0,h00,6834843990915817588
p2,A,499,1,0,h00,6834843990915817588
p2,B,233,267,0,h00,6834843990915817588
p2,C,16,118,366,h00,6834843990915817588
p2,Non-ROH,500,0,0,h00,6834843990915817588
p3,A,499,1,0,h00,6834843990915817588
p3,B,313,187,0,h00,6834843990915817588
p3,C,21,127,352,h00,6834843990915817588
p3,Non-ROH,500,0,0,h00,6834843990915817588
p1,A,466,34,0,h00,6862383775158143891
p1,B,135,350,15,h00,6862383775158143891
p1,C,23,100,377,h00,6862383775158143891
p1,Non-ROH,500,0,0,h00,6862383775158143891
p2,A,489,11,0,h00,6862383775158143891
p2,B,214,286,0,h00,6862383775158143891
p2,C,17,101,382,h00,6862383775158143891
p2,Non-ROH,500,0,0,h00,6862383775158143891
p3,A,492,8,0,h00,6862383775158143891
p3,B,219,281,0,h00,6862383775158143891
p3,C,16,134,350,h00,6862383775158143891
p3,Non-ROH,500,0,0,h00,6862383775158143891
p1,A,477,23,0,h00,6891911174446481591
p1,B,113,372,15,h00,6891911174446481591
p1,C,39,79,382,h00,6891911174446481591
p1,Non-ROH,500,0,0,h00,6891911174446481591
p2,A,494,6,0,h00,6891911174446481591
p2,B,199,301,0,h00,6891911174446481591
p2,C,20,83,397,h00,6891911174446481591
p2,Non-ROH,500,0,0,h00,6891911174446481591
p3,A,498,2,0,h00,6891911174446481591
p3,B,251,249,0,h00,6891911174446481591
p3,C,23,101,376,h00,6891911174446481591
p3,Non-ROH,500,0,0,h00,6891911174446481591
p1,A,465,35,0,h00,6893047363033742713
p1,B,108,378,14,h00,6893047363033742713
p1,C,21,90,389,h00,6893047363033742713
p1,Non-ROH,500,0,0,h00,6893047363033742713
p2,A,500,0,0,h00,6893047363033742713
p2,B,268,232,0,h00,6893047363033742713
p2,C,28,101,371,h00,6893047363033742713
p2,Non-ROH,500,0,0,h00,6893047363033742713
p3,A,500,0,0,h00,6893047363033742713
p3,B,310,190,0,h00,6893047363033742713
p3,C,13,134,353,h00,6893047363033742713
p3,Non-ROH,500,0,0,h00,6893047363033742713
p1,A,472,28,0,h00,6921980969079321895
p1,B,161,326,13,h00,6921980969079321895
p1,C,31,98,371,h00,6921980969079321895
p1,Non-ROH,500,0,0,h00,6921980969079321895
p2,A,494,6,0,h00,6921980969079321895
p2,B,284,216,0,h00,6921980969079321895
p2,C,25,82,393,h00,6921980969079321895
p2,Non-ROH,500,0,0,h00,6921980969079321895
p3,A,498,2,0,h00,6921980969079321895
p3,B,376,124,0,h00,6921980969079321895
p3,C,33,107,360,h00,6921980969079321895
p3,Non-ROH,500,0,0,h00,6921980969079321895
p1,A,458,42,0,h00,692328224564536655
p1,B,92,398,10,h00,692328224564536655
p1,C,23,108,369,h00,692328224564536655
p1,Non-ROH,500,0,0,h00,692328224564536655
p2,A,499,1,0,h00,692328224564536655
p2,B,237,263,0,h00,692328224564536655
p2,C,13,94,393,h00,692328224564536655
p2,Non-ROH,500,0,0,h00,692328224564536655
p3,A,494,6,0,h00,692328224564536655
p3,B,282,218,0,h00,692328224564536655
p3,C,16,153,331,h00,692328224564536655
p3,Non-ROH,500,0,0,h00,692328224564536655
p1,A,459,41,0,h00,6971492208501631548
p1,B,101,385,14,h00,6971492208501631548
p1,C,26,98,376,h00,6971492208501631548
p1,Non-ROH,500,0,0,h00,6971492208501631548
p2,A,498,2,0,h00,6971492208501631548
p2,B,246,254,0,h00,6971492208501631548
p2,C,14,131,355,h00,6971492208501631548
p2,Non-ROH,500,0,0,h00,6971492208501631548
p3,A,499,1,0,h00,6971492208501631548
p3,B,251,249,0,h00,6971492208501631548
p3,C,16,102,382,h00,6971492208501631548
p3,Non-ROH,500,0,0,h00,6971492208501631548
p1,A,425,75,0,h00,6972189440130738959
p1,B,104,382,14,h00,6972189440130738959
p1,C,25,82,393,h00,6972189440130738959
p1,Non-ROH,500,0,0,h00,6972189440130738959
p2,A,490,10,0,h00,6972189440130738959
p2,B,162,338,0,h00,6972189440130738959
p2,C,14,149,337,h00,6972189440130738959
p2,Non-ROH,500,0,0,h00,6972189440130738959
p3,A,496,4,0,h00,6972189440130738959
p3,B,245,255,0,h00,6972189440130738959
p3,C,12,162,326,h00,6972189440130738959
p3,Non-ROH,500,0,0,h00,6972189440130738959
p1,A,456,44,0,h00,7012783120457334628
p1,B,143,341,16,h00,7012783120457334628
p1,C,30,98,372,h00,7012783120457334628
p1,Non-ROH,500,0,0,h00,7012783120457334628
p2,A,486,14,0,h00,7012783120457334628
p2,B,217,283,0,h00,7012783120457334628
p2,C,12,117,371,h00,7012783120457334628
p2,Non-ROH,500,0,0,h00,7012783120457334628
p3,A,494,6,0,h00,7012783120457334628
p3,B,322,178,0,h00,7012783120457334628
p3,C,15,135,350,h00,7012783120457334628
p3,Non-ROH,500,0,0,h00,7012783120457334628
p1,A,448,52,0,h00,7012939089339419601
p1,B,71,413,16,h00,7012939089339419601
p1,C,31,109,360,h00,7012939089339419601
p1,Non-ROH,500,0,0,h00,7012939089339419601
p2,A,492,8,0,h00,7012939089339419601
p2,B,183,317,0,h00,7012939089339419601
p2,C,24,147,329,h00,7012939089339419601
p2,Non-ROH,500,0,0,h00,7012939089339419601
p3,A,495,5,0,h00,7012939089339419601
p3,B,276,224,0,h00,7012939089339419601
p3,C,23,146,331,h00,7012939089339419601
p3,Non-ROH,500,0,0,h00,7012939089339419601
p1,A,440,60,0,h00,7028234984784962488
p1,B,115,371,14,h00,7028234984784962488
p1,C,35,108,357,h00,7028234984784962488
p1,Non-ROH,500,0,0,h00,7028234984784962488
p2,A,492,8,0,h00,7028234984784962488
p2,B,259,241,0,h00,7028234984784962488
p2,C,27,140,333,h00,7028234984784962488
p2,Non-ROH,500,0,0,h00,7028234984784962488
p3,A,498,2,0,h00,7028234984784962488
p3,B,314,186,0,h00,7028234984784962488
p3,C,16,88,396,h00,7028234984784962488
p3,Non-ROH,500,0,0,h00,7028234984784962488
p1,A,439,61,0,h00,7056730645515222111
p1,B,122,368,10,h00,7056730645515222111
p1,C,30,100,370,h00,7056730645515222111
p1,Non-ROH,500,0,0,h00,7056730645515222111
p2,A,492,8,0,h00,7056730645515222111
p2,B,250,250,0,h00,7056730645515222111
p2,C,17,105,378,h00,7056730645515222111
p2,Non-ROH,500,0,0,h00,7056730645515222111
p3,A,493,7,0,h00,7056730645515222111
p3,B,286,214,0,h00,7056730645515222111
p3,C,16,98,386,h00,7056730645515222111
p3,Non-ROH,500,0,0,h00,7056730645515222111
p1,A,467,33,0,h00,7070626102030733824
p1,B,113,375,12,h00,7070626102030733824
p1,C,37,97,366,h00,7070626102030733824
p1,Non-ROH,500,0,0,h00,7070626102030733824
p2,A,500,0,0,h00,7070626102030733824
p2,B,197,303,0,h00,7070626102030733824
p2,C,26,106,368,h00,7070626102030733824
p2,Non-ROH,500,0,0,h00,7070626102030733824
p3,A,496,4,0,h00,7070626102030733824
p3,B,309,191,0,h00,7070626102030733824
p3,C,14,110,376,h00,7070626102030733824
p3,Non-ROH,500,0,0,h00,7070626102030733824
p1,A,435,65,0,h00,7084127401146040401
p1,B,85,394,21,h00,7084127401146040401
p1,C,13,111,376,h00,7084127401146040401
p1,Non-ROH,500,0,0,h00,7084127401146040401
p2,A,497,3,0,h00,7084127401146040401
p2,B,183,317,0,h00,7084127401146040401
p2,C,22,143,335,h00,7084127401146040401
p2,Non-ROH,500,0,0,h00,7084127401146040401
p3,A,497,3,0,h00,7084127401146040401
p3,B,243,257,0,h00,7084127401146040401
p3,C,12,147,341,h00,7084127401146040401
p3,Non-ROH,500,0,0,h00,7084127401146040401
p1,A,437,63,0,h00,7086230366887684684
p1,B,95,392,13,h00,7086230366887684684
p1,C,25,105,370,h00,7086230366887684684
p1,Non-ROH,500,0,0,h00,7086230366887684684
p2,A,487,13,0,h00,7086230366887684684
p2,B,230,270,0,h00,7086230366887684684
p2,C,23,128,349,h00,7086230366887684684
p2,Non-ROH,500,0,0,h00,7086230366887684684
p3,A,492,8,0,h00,7086230366887684684
p3,B,246,254,0,h00,7086230366887684684
p3,C,30,112,358,h00,7086230366887684684
p3,Non-ROH,500,0,0,h00,7086230366887684684
p1,A,351,149,0,h00,7088973757696078623
p1,B,83,395,22,h00,7088973757696078623
p1,C,20,105,375,h00,7088973757696078623
p1,Non-ROH,500,0,0,h00,7088973757696078623
p2,A,482,18,0,h00,7088973757696078623
p2,B,212,288,0,h00,7088973757696078623
p2,C,17,140,343,h00,7088973757696078623
p2,Non-ROH,500,0,0,h00,7088973757696078623
p3,A,486,14,0,h00,7088973757696078623
p3,B,221,279,0,h00,7088973757696078623
p3,C,7,129,364,h00,7088973757696078623
p3,Non-ROH,500,0,0,h00,7088973757696078623
p1,A,439,61,0,h00,7091619324623027029
p1,B,91,398,11,h00,7091619324623027029
p1,C,31,104,365,h00,7091619324623027029
p1,Non-ROH,500,0,0,h00,7091619324623027029
p2,A,488,12,0,h00,7091619324623027029
p2,B,168,332,0,h00,7091619324623027029
p2,C,14,147,339,h00,7091619324623027029
p2,Non-ROH,500,0,0,h00,7091619324623027029
p3,A,492,8,0,h00,7091619324623027029
p3,B,243,257,0,h00,7091619324623027029
p3,C,15,114,371,h00,7091619324623027029
p3,Non-ROH,500,0,0,h00,7091619324623027029
p1,A,389,111,0,h00,7137250607531919798
p1,B,79,398,23,h00,7137250607531919798
p1,C,18,108,374,h00,7137250607531919798
p1,Non-ROH,500,0,0,h00,7137250607531919798
p2,A,457,43,0,h00,7137250607531919798
p2,B,177,322,1,h00,7137250607531919798
p2,C,13,127,360,h00,7137250607531919798
p2,Non-ROH,500,0,0,h00,7137250607531919798
p3,A,467,33,0,h00,7137250607531919798
p3,B,230,270,0,h00,7137250607531919798
p3,C,11,145,344,h00,7137250607531919798
p3,Non-ROH,500,0,0,h00,7137250607531919798
p1,A,417,83,0,h00,7157296070022791018
p1,B,102,379,19,h00,7157296070022791018
p1,C,31,111,358,h00,7157296070022791018
p1,Non-ROH,500,0,0,h00,7157296070022791018
p2,A,483,17,0,h00,7157296070022791018
p2,B,224,275,1,h00,7157296070022791018
p2,C,10,137,353,h00,7157296070022791018
p2,Non-ROH,500,0,0,h00,7157296070022791018
p3,A,497,3,0,h00,7157296070022791018
p3,B,329,171,0,h00,7157296070022791018
p3,C,16,133,351,h00,7157296070022791018
p3,Non-ROH,500,0,0,h00,7157296070022791018
p1,A,396,104,0,h00,7163536301884147900
p1,B,87,403,10,h00,7163536301884147900
p1,C,28,86,386,h00,7163536301884147900
p1,Non-ROH,500,0,0,h00,7163536301884147900
p2,A,490,10,0,h00,7163536301884147900
p2,B,208,292,0,h00,7163536301884147900
p2,C,30,97,373,h00,7163536301884147900
p2,Non-ROH,500,0,0,h00,7163536301884147900
p3,A,486,14,0,h00,7163536301884147900
p3,B,277,223,0,h00,7163536301884147900
p3,C,24,194,282,h00,7163536301884147900
p3,Non-ROH,500,0,0,h00,7163536301884147900
p1,A,443,57,0,h00,7187639259049034522
p1,B,130,360,10,h00,7187639259049034522
p1,C,38,91,371,h00,7187639259049034522
p1,Non-ROH,500,0,0,h00,7187639259049034522
p2,A,492,8,0,h00,7187639259049034522
p2,B,298,202,0,h00,7187639259049034522
p2,C,23,91,386,h00,7187639259049034522
p2,Non-ROH,500,0,0,h00,7187639259049034522
p3,A,487,13,0,h00,7187639259049034522
p3,B,289,211,0,h00,7187639259049034522
p3,C,38,65,397,h00,7187639259049034522
p3,Non-ROH,500,0,0,h00,7187639259049034522
p1,A,401,99,0,h00,7207347963926256778
p1,B,99,388,13,h00,7207347963926256778
p1,C,23,97,380,h00,7207347963926256778
p1,Non-ROH,500,0,0,h00,7207347963926256778
p2,A,470,30,0,h00,7207347963926256778
p2,B,202,298,0,h00,7207347963926256778
p2,C,15,156,329,h00,7207347963926256778
p2,Non-ROH,500,0,0,h00,7207347963926256778
p3,A,490,10,0,h00,7207347963926256778
p3,B,262,238,0,h00,7207347963926256778
p3,C,18,149,333,h00,7207347963926256778
p3,Non-ROH,500,0,0,h00,7207347963926256778
p1,A,422,78,0,h00,7253817427040050467
p1,B,64,426,10,h00,7253817427040050467
p1,C,25,94,381,h00,7253817427040050467
p1,Non-ROH,500,0,0,h00,7253817427040050467
p2,A,485,14,1,h00,7253817427040050467
p2,B,173,326,1,h00,7253817427040050467
p2,C,14,126,360,h00,7253817427040050467
p2,Non-ROH,499,0,0,h00,7253817427040050467
p3,A,498,2,0,h00,7253817427040050467
p3,B,227,273,0,h00,7253817427040050467
p3,C,15,145,340,h00,7253817427040050467
p3,Non-ROH,500,0,0,h00,7253817427040050467
p1,A,454,46,0,h00,7276188519562630070
p1,B,91,397,12,h00,7276188519562630070
p1,C,24,120,356,h00,7276188519562630070
p1,Non-ROH,500,0,0,h00,7276188519562630070
p2,A,491,9,0,h00,7276188519562630070
p2,B,178,322,0,h00,7276188519562630070
p2,C,25,125,350,h00,7276188519562630070
p2,Non-ROH,500,0,0,h00,7276188519562630070
p3,A,485,15,0,h00,7276188519562630070
p3,B,243,257,0,h00,7276188519562630070
p3,C,13,126,361,h00,7276188519562630070
p3,Non-ROH,500,0,0,h00,7276188519562630070
p1,A,422,78,0,h00,7282223881640676299
p1,B,78,408,14,h00,7282223881640676299
p1,C,28,113,359,h00,7282223881640676299
p1,Non-ROH,500,0,0,h00,7282223881640676299
p2,A,487,13,0,h00,7282223881640676299
p2,B,169,331,0,h00,7282223881640676299
p2,C,15,147,338,h00,7282223881640676299
p2,Non-ROH,500,0,0,h00,7282223881640676299
p3,A,486,14,0,h00,7282223881640676299
p3,B,262,238,0,h00,7282223881640676299
p3,C,17,129,354,h00,7282223881640676299
p3,Non-ROH,500,0,0,h00,7282223881640676299
p1,A,433,67,0,h00,7304884061984682152
p1,B,93,394,13,h00,7304884061984682152
p1,C,30,111,359,h00,7304884061984682152
p1,Non-ROH,500,0,0,h00,7304884061984682152
p2,A,483,17,0,h00,7304884061984682152
p2,B,189,311,0,h00,7304884061984682152
p2,C,21,149,330,h00,7304884061984682152
p2,Non-ROH,500,0,0,h00,7304884061984682152
p3,A,491,9,0,h00,7304884061984682152
p3,B,236,264,0,h00,7304884061984682152
p3,C,19,108,373,h00,7304884061984682152
p3,Non-ROH,500,0,0,h00,7304884061984682152
p1,A,460,40,0,h00,731778787169459261
p1,B,88,400,12,h00,731778787169459261
p1,C,29,111,360,h00,731778787169459261
p1,Non-ROH,500,0,0,h00,731778787169459261
p2,A,496,4,0,h00,731778787169459261
p2,B,278,222,0,h00,731778787169459261
p2,C,19,168,313,h00,731778787169459261
p2,Non-ROH,500,0,0,h00,731778787169459261
p3,A,499,1,0,h00,731778787169459261
p3,B,311,189,0,h00,731778787169459261
p3,C,19,124,357,h00,731778787169459261
p3,Non-ROH,500,0,0,h00,731778787169459261
p1,A,428,72,0,h00,7330341303108867477
p1,B,104,382,14,h00,7330341303108867477
p1,C,23,81,396,h00,7330341303108867477
p1,Non-ROH,500,0,0,h00,7330341303108867477
p2,A,489,11,0,h00,7330341303108867477
p2,B,219,281,0,h00,7330341303108867477
p2,C,13,151,336,h00,7330341303108867477
p2,Non-ROH,500,0,0,h00,7330341303108867477
p3,A,489,11,0,h00,7330341303108867477
p3,B,300,200,0,h00,7330341303108867477
p3,C,11,108,381,h00,7330341303108867477
p3,Non-ROH,500,0,0,h00,7330341303108867477
p1,A,431,69,0,h00,7331702996590870865
p1,B,79,410,11,h00,7331702996590870865
p1,C,27,100,373,h00,7331702996590870865
p1,Non-ROH,500,0,0,h00,7331702996590870865
p2,A,493,7,0,h00,7331702996590870865
p2,B,233,267,0,h00,7331702996590870865
p2,C,21,147,332,h00,7331702996590870865
p2,Non-ROH,500,0,0,h00,7331702996590870865
p3,A,490,10,0,h00,7331702996590870865
p3,B,220,280,0,h00,7331702996590870865
p3,C,18,174,308,h00,7331702996590870865
p3,Non-ROH,500,0,0,h00,7331702996590870865
p1,A,410,90,0,h00,7336963978818366824
p1,B,114,371,15,h00,7336963978818366824
p1,C,32,103,365,h00,7336963978818366824
p1,Non-ROH,500,0,0,h00,7336963978818366824
p2,A,492,8,0,h00,7336963978818366824
p2,B,261,239,0,h00,7336963978818366824
p2,C,18,95,387,h00,7336963978818366824
p2,Non-ROH,500,0,0,h00,7336963978818366824
p3,A,495,5,0,h00,7336963978818366824
p3,B,298,202,0,h00,7336963978818366824
p3,C,11,142,347,h00,7336963978818366824
p3,Non-ROH,500,0,0,h00,7336963978818366824
p1,A,481,19,0,h00,7337409826029250569
p1,B,120,365,15,h00,7337409826029250569
p1,C,43,90,367,h00,7337409826029250569
p1,Non-ROH,500,0,0,h00,7337409826029250569
p2,A,497,3,0,h00,7337409826029250569
p2,B,299,201,0,h00,7337409826029250569
p2,C,19,105,376,h00,7337409826029250569
p2,Non-ROH,500,0,0,h00,7337409826029250569
p3,A,500,0,0,h00,7337409826029250569
p3,B,331,169,0,h00,7337409826029250569
p3,C,24,80,396,h00,7337409826029250569
p3,Non-ROH,500,0,0,h00,7337409826029250569
p1,A,440,60,0,h00,7344156821422071061
p1,B,147,337,16,h00,7344156821422071061
p1,C,28,88,384,h00,7344156821422071061
p1,Non-ROH,500,0,0,h00,7344156821422071061
p2,A,495,5,0,h00,7344156821422071061
p2,B,319,181,0,h00,7344156821422071061
p2,C,17,95,388,h00,7344156821422071061
p2,Non-ROH,500,0,0,h00,7344156821422071061
p3,A,496,4,0,h00,7344156821422071061
p3,B,327,173,0,h00,7344156821422071061
p3,C,21,129,350,h00,7344156821422071061
p3,Non-ROH,500,0,0,h00,7344156821422071061
p1,A,472,28,0,h00,7351765613849292698
p1,B,106,379,15,h00,7351765613849292698
p1,C,27,107,366,h00,7351765613849292698
p1,Non-ROH,500,0,0,h00,7351765613849292698
p2,A,500,0,0,h00,7351765613849292698
p2,B,306,194,0,h00,7351765613849292698
p2,C,29,188,283,h00,7351765613849292698
p2,Non-ROH,500,0,0,h00,7351765613849292698
p3,A,497,3,0,h00,7351765613849292698
p3,B,346,154,0,h00,7351765613849292698
p3,C,46,127,327,h00,7351765613849292698
p3,Non-ROH,500,0,0,h00,7351765613849292698
p1,A,429,71,0,h00,7380331902355262973
p1,B,98,395,7,h00,7380331902355262973
p1,C,29,101,370,h00,7380331902355262973
p1,Non-ROH,500,0,0,h00,7380331902355262973
p2,A,494,6,0,h00,7380331902355262973
p2,B,230,270,0,h00,7380331902355262973
p2,C,21,127,352,h00,7380331902355262973
p2,Non-ROH,500,0,0,h00,7380331902355262973
p3,A,495,5,0,h00,7380331902355262973
p3,B,267,233,0,h00,7380331902355262973
p3,C,16,143,341,h00,7380331902355262973
p3,Non-ROH,500,0,0,h00,7380331902355262973
p1,A,458,42,0,h00,7381613772574883665
p1,B,114,373,13,h00,7381613772574883665
p1,C,59,64,377,h00,7381613772574883665
p1,Non-ROH,500,0,0,h00,7381613772574883665
p2,A,491,9,0,h00,7381613772574883665
p2,B,250,250,0,h00,7381613772574883665
p2,C,53,56,391,h00,7381613772574883665
p2,Non-ROH,500,0,0,h00,7381613772574883665
p3,A,491,9,0,h00,7381613772574883665
p3,B,263,237,0,h00,7381613772574883665
p3,C,88,56,356,h00,7381613772574883665
p3,Non-ROH,500,0,0,h00,7381613772574883665
p1,A,457,43,0,h00,7385212419273013375
p1,B,155,331,14,h00,7385212419273013375
p1,C,27,82,391,h00,7385212419273013375
p1,Non-ROH,500,0,0,h00,7385212419273013375
p2,A,500,0,0,h00,7385212419273013375
p2,B,267,233,0,h00,7385212419273013375
p2,C,27,133,340,h00,7385212419273013375
p2,Non-ROH,500,0,0,h00,7385212419273013375
p3,A,500,0,0,h00,7385212419273013375
p3,B,321,179,0,h00,7385212419273013375
p3,C,29,135,336,h00,7385212419273013375
p3,Non-ROH,500,0,0,h00,7385212419273013375
p1,A,446,54,0,h00,7399684465983197950
p1,B,99,379,22,h00,7399684465983197950
p1,C,27,95,378,h00,7399684465983197950
p1,Non-ROH,500,0,0,h00,7399684465983197950
p2,A,490,10,0,h00,7399684465983197950
p2,B,239,261,0,h00,7399684465983197950
p2,C,17,79,404,h00,7399684465983197950
p2,Non-ROH,500,0,0,h00,7399684465983197950
p3,A,488,12,0,h00,7399684465983197950
p3,B,271,229,0,h00,7399684465983197950
p3,C,24,119,357,h00,7399684465983197950
p3,Non-ROH,500,0,0,h00,7399684465983197950
p1,A,441,59,0,h00,7413841783320754802
p1,B,93,395,12,h00,7413841783320754802
p1,C,42,106,352,h00,7413841783320754802
p1,Non-ROH,500,0,0,h00,7413841783320754802
p2,A,494,6,0,h00,7413841783320754802
p2,B,226,274,0,h00,7413841783320754802
p2,C,19,172,309,h00,7413841783320754802
p2,Non-ROH,500,0,0,h00,7413841783320754802
p3,A,495,5,0,h00,7413841783320754802
p3,B,272,228,0,h00,7413841783320754802
p3,C,11,121,368,h00,7413841783320754802
p3,Non-ROH,500,0,0,h00,7413841783320754802
p1,A,431,69,0,h00,7414523646869633419
p1,B,96,391,13,h00,7414523646869633419
p1,C,24,93,383,h00,7414523646869633419
p1,Non-ROH,500,0,0,h00,7414523646869633419
p2,A,478,22,0,h00,7414523646869633419
p2,B,223,277,0,h00,7414523646869633419
p2,C,20,126,354,h00,7414523646869633419
p2,Non-ROH,500,0,0,h00,7414523646869633419
p3,A,488,12,0,h00,7414523646869633419
p3,B,224,276,0,h00,7414523646869633419
p3,C,8,126,366,h00,7414523646869633419
p3,Non-ROH,500,0,0,h00,7414523646869633419
p1,A,449,51,0,h00,7439394794247071750
p1,B,120,366,14,h00,7439394794247071750
p1,C,25,98,377,h00,7439394794247071750
p1,Non-ROH,500,0,0,h00,7439394794247071750
p2,A,494,6,0,h00,7439394794247071750
p2,B,238,262,0,h00,7439394794247071750
p2,C,27,167,306,h00,7439394794247071750
p2,Non-ROH,500,0,0,h00,7439394794247071750
p3,A,496,4,0,h00,7439394794247071750
p3,B,310,190,0,h00,7439394794247071750
p3,C,16,131,353,h00,7439394794247071750
p3,Non-ROH,500,0,0,h00,7439394794247071750
p1,A,484,16,0,h00,7473469869254133156
p1,B,139,349,12,h00,7473469869254133156
p1,C,29,99,372,h00,7473469869254133156
p1,Non-ROH,500,0,0,h00,7473469869254133156
p2,A,498,2,0,h00,7473469869254133156
p2,B,245,255,0,h00,7473469869254133156
p2,C,24,104,372,h00,7473469869254133156
p2,Non-ROH,500,0,0,h00,7473469869254133156
p3,A,500,0,0,h00,7473469869254133156
p3,B,344,156,0,h00,7473469869254133156
p3,C,23,153,324,h00,7473469869254133156
p3,Non-ROH,500,0,0,h00,7473469869254133156
p1,A,473,27,0,h00,7489332420735831496
p1,B,146,337,17,h00,7489332420735831496
p1,C,36,101,363,h00,7489332420735831496
p1,Non-ROH,500,0,0,h00,7489332420735831496
p2,A,498,2,0,h00,7489332420735831496
p2,B,281,219,0,h00,7489332420735831496
p2,C,27,106,367,h00,7489332420735831496
p2,Non-ROH,500,0,0,h00,7489332420735831496
p3,A,499,1,0,h00,7489332420735831496
p3,B,300,200,0,h00,7489332420735831496
p3,C,15,146,339,h00,7489332420735831496
p3,Non-ROH,500,0,0,h00,7489332420735831496
p1,A,462,38,0,h00,7492281159528610269
p1,B,162,318,20,h00,7492281159528610269
p1,C,26,112,362,h00,7492281159528610269
p1,Non-ROH,500,0,0,h00,7492281159528610269
p2,A,498,2,0,h00,7492281159528610269
p2,B,279,221,0,h00,7492281159528610269
p2,C,19,101,380,h00,7492281159528610269
p2,Non-ROH,500,0,0,h00,7492281159528610269
p3,A,498,2,0,h00,7492281159528610269
p3,B,362,138,0,h00,7492281159528610269
p3,C,18,192,290,h00,7492281159528610269
p3,Non-ROH,500,0,0,h00,7492281159528610269
p1,A,483,17,0,h00,7510017443374212299
p1,B,109,374,17,h00,7510017443374212299
p1,C,33,108,359,h00,7510017443374212299
p1,Non-ROH,500,0,0,h00,7510017443374212299
p2,A,500,0,0,h00,7510017443374212299
p2,B,286,214,0,h00,7510017443374212299
p2,C,22,121,357,h00,7510017443374212299
p2,Non-ROH,500,0,0,h00,7510017443374212299
p3,A,499,1,0,h00,7510017443374212299
p3,B,320,180,0,h00,7510017443374212299
p3,C,17,160,323,h00,7510017443374212299
p3,Non-ROH,500,0,0,h00,7510017443374212299
p1,A,459,41,0,h00,7575364469277083538
p1,B,111,370,19,h00,7575364469277083538
p1,C,30,94,376,h00,7575364469277083538
p1,Non-ROH,500,0,0,h00,7575364469277083538
p2,A,499,1,0,h00,7575364469277083538
p2,B,259,241,0,h00,7575364469277083538
p2,C,22,131,347,h00,7575364469277083538
p2,Non-ROH,500,0,0,h00,7575364469277083538
p3,A,500,0,0,h00,7575364469277083538
p3,B,322,178,0,h00,7575364469277083538
p3,C,21,139,340,h00,7575364469277083538
p3,Non-ROH,500,0,0,h00,7575364469277083538
p1,A,453,47,0,h00,7596600659096589567
p1,B,101,384,15,h00,7596600659096589567
p1,C,30,120,350,h00,7596600659096589567
p1,Non-ROH,500,0,0,h00,7596600659096589567
p2,A,497,3,0,h00,7596600659096589567
p2,B,266,234,0,h00,7596600659096589567
p2,C,17,77,406,h00,7596600659096589567
p2,Non-ROH,500,0,0,h00,7596600659096589567
p3,A,495,5,0,h00,7596600659096589567
p3,B,295,205,0,h00,7596600659096589567
p3,C,12,121,367,h00,7596600659096589567
p3,Non-ROH,500,0,0,h00,7596600659096589567
p1,A,444,56,0,h00,7640468002792745424
p1,B,87,389,24,h00,7640468002792745424
p1,C,24,90,386,h00,7640468002792745424
p1,Non-ROH,500,0,0,h00,7640468002792745424
p2,A,497,3,0,h00,7640468002792745424
p2,B,214,286,0,h00,7640468002792745424
p2,C,16,121,363,h00,7640468002792745424
p2,Non-ROH,500,0,0,h00,7640468002792745424
p3,A,486,14,0,h00,7640468002792745424
p3,B,225,275,0,h00,7640468002792745424
p3,C,14,133,353,h00,7640468002792745424
p3,Non-ROH,500,0,0,h00,7640468002792745424
p1,A,474,26,0,h00,7640924825233081351
p1,B,124,358,18,h00,7640924825233081351
p1,C,49,86,365,h00,7640924825233081351
p1,Non-ROH,500,0,0,h00,7640924825233081351
p2,A,497,3,0,h00,7640924825233081351
p2,B,260,240,0,h00,7640924825233081351
p2,C,67,97,336,h00,7640924825233081351
p2,Non-ROH,500,0,0,h00,7640924825233081351
p3,A,499,1,0,h00,7640924825233081351
p3,B,314,186,0,h00,7640924825233081351
p3,C,72,112,316,h00,7640924825233081351
p3,Non-ROH,500,0,0,h00,7640924825233081351
p1,A,439,61,0,h00,7669602547746765903
p1,B,64,428,8,h00,7669602547746765903
p1,C,22,125,353,h00,7669602547746765903
p1,Non-ROH,500,0,0,h00,7669602547746765903
p2,A,480,20,0,h00,7669602547746765903
p2,B,152,348,0,h00,7669602547746765903
p2,C,18,146,336,h00,7669602547746765903
p2,Non-ROH,500,0,0,h00,7669602547746765903
p3,A,484,16,0,h00,7669602547746765903
p3,B,206,294,0,h00,7669602547746765903
p3,C,15,97,388,h00,7669602547746765903
p3,Non-ROH,500,0,0,h00,7669602547746765903
p1,A,474,26,0,h00,7670967728798457551
p1,B,104,387,9,h00,7670967728798457551
p1,C,32,99,369,h00,7670967728798457551
p1,Non-ROH,500,0,0,h00,7670967728798457551
p2,A,496,4,0,h00,7670967728798457551
p2,B,227,273,0,h00,7670967728798457551
p2,C,30,106,364,h00,7670967728798457551
p2,Non-ROH,500,0,0,h00,7670967728798457551
p3,A,500,0,0,h00,7670967728798457551
p3,B,296,204,0,h00,7670967728798457551
p3,C,25,186,289,h00,7670967728798457551
p3,Non-ROH,500,0,0,h00,7670967728798457551
p1,A,408,92,0,h00,7681282347561624791
p1,B,98,390,12,h00,7681282347561624791
p1,C,22,89,389,h00,7681282347561624791
p1,Non-ROH,500,0,0,h00,7681282347561624791
p2,A,499,1,0,h00,7681282347561624791
p2,B,199,301,0,h00,7681282347561624791
p2,C,21,116,363,h00,7681282347561624791
p2,Non-ROH,500,0,0,h00,7681282347561624791
p3,A,500,0,0,h00,7681282347561624791
p3,B,270,230,0,h00,7681282347561624791
p3,C,11,151,338,h00,7681282347561624791
p3,Non-ROH,500,0,0,h00,7681282347561624791
p1,A,459,41,0,h00,7689060740259911737
p1,B,100,387,13,h00,7689060740259911737
p1,C,55,58,387,h00,7689060740259911737
p1,Non-ROH,500,0,0,h00,7689060740259911737
p2,A,499,1,0,h00,7689060740259911737
p2,B,217,283,0,h00,7689060740259911737
p2,C,81,59,360,h00,7689060740259911737
p2,Non-ROH,500,0,0,h00,7689060740259911737
p3,A,500,0,0,h00,7689060740259911737
p3,B,285,215,0,h00,7689060740259911737
p3,C,163,49,288,h00,7689060740259911737
p3,Non-ROH,500,0,0,h00,7689060740259911737
p1,A,466,34,0,h00,7694801790239217915
p1,B,104,383,13,h00,7694801790239217915
p1,C,35,83,382,h00,7694801790239217915
p1,Non-ROH,500,0,0,h00,7694801790239217915
p2,A,497,3,0,h00,7694801790239217915
p2,B,298,202,0,h00,7694801790239217915
p2,C,17,127,356,h00,7694801790239217915
p2,Non-ROH,500,0,0,h00,7694801790239217915
p3,A,499,1,0,h00,7694801790239217915
p3,B,311,189,0,h00,7694801790239217915
p3,C,20,87,393,h00,7694801790239217915
p3,Non-ROH,500,0,0,h00,7694801790239217915
p1,A,468,32,0,h00,7702412575777826027
p1,B,139,346,15,h00,7702412575777826027
p1,C,32,97,371,h00,7702412575777826027
p1,Non-ROH,500,0,0,h00,7702412575777826027
p2,A,498,2,0,h00,7702412575777826027
p2,B,240,260,0,h00,7702412575777826027
p2,C,28,114,358,h00,7702412575777826027
p2,Non-ROH,500,0,0,h00,7702412575777826027
p3,A,500,0,0,h00,7702412575777826027
p3,B,291,209,0,h00,7702412575777826027
p3,C,29,82,389,h00,7702412575777826027
p3,Non-ROH,500,0,0,h00,7702412575777826027
p1,A,444,56,0,h00,7705097774128820863
p1,B,90,393,17,h00,7705097774128820863
p1,C,33,106,361,h00,7705097774128820863
p1,Non-ROH,500,0,0,h00,7705097774128820863
p2,A,490,10,0,h00,7705097774128820863
p2,B,224,276,0,h00,7705097774128820863
p2,C,20,114,366,h00,7705097774128820863
p2,Non-ROH,500,0,0,h00,7705097774128820863
p3,A,500,0,0,h00,7705097774128820863
p3,B,294,206,0,h00,7705097774128820863
p3,C,17,127,356,h00,7705097774128820863
p3,Non-ROH,500,0,0,h00,7705097774128820863
p1,A,470,30,0,h00,7754204663126548307
p1,B,94,387,19,h00,7754204663126548307
p1,C,29,93,378,h00,7754204663126548307
p1,Non-ROH,500,0,0,h00,7754204663126548307
p2,A,497,3,0,h00,7754204663126548307
p2,B,222,278,0,h00,7754204663126548307
p2,C,14,127,359,h00,7754204663126548307
p2,Non-ROH,500,0,0,h00,7754204663126548307
p3,A,500,0,0,h00,7754204663126548307
p3,B,274,226,0,h00,7754204663126548307
p3,C,13,109,378,h00,7754204663126548307
p3,Non-ROH,500,0,0,h00,7754204663126548307
p1,A,475,25,0,h00,7755256581793677928
p1,B,124,359,17,h00,7755256581793677928
p1,C,29,98,373,h00,7755256581793677928
p1,Non-ROH,500,0,0,h00,7755256581793677928
p2,A,500,0,0,h00,7755256581793677928
p2,B,244,256,0,h00,7755256581793677928
p2,C,18,121,361,h00,7755256581793677928
p2,Non-ROH,500,0,0,h00,7755256581793677928
p3,A,497,3,0,h00,7755256581793677928
p3,B,259,241,0,h00,7755256581793677928
p3,C,17,93,390,h00,7755256581793677928
p3,Non-ROH,500,0,0,h00,7755256581793677928
p1,A,451,49,0,h00,7761268545753577354
p1,B,86,395,19,h00,7761268545753577354
p1,C,25,91,384,h00,7761268545753577354
p1,Non-ROH,500,0,0,h00,7761268545753577354
p2,A,496,4,0,h00,7761268545753577354
p2,B,225,275,0,h00,7761268545753577354
p2,C,15,84,401,h00,7761268545753577354
p2,Non-ROH,500,0,0,h00,7761268545753577354
p3,A,488,12,0,h00,7761268545753577354
p3,B,288,212,0,h00,7761268545753577354
p3,C,17,122,361,h00,7761268545753577354
p3,Non-ROH,500,0,0,h00,7761268545753577354
p1,A,463,37,0,h00,7774033729568193838
p1,B,137,351,12,h00,7774033729568193838
p1,C,31,85,384,h00,7774033729568193838
p1,Non-ROH,500,0,0,h00,7774033729568193838
p2,A,499,1,0,h00,7774033729568193838
p2,B,288,212,0,h00,7774033729568193838
p2,C,28,109,363,h00,7774033729568193838
p2,Non-ROH,500,0,0,h00,7774033729568193838
p3,A,500,0,0,h00,7774033729568193838
p3,B,331,169,0,h00,7774033729568193838
p3,C,26,98,376,h00,7774033729568193838
p3,Non-ROH,500,0,0,h00,7774033729568193838
p1,A,459,41,0,h00,7788896702398618105
p1,B,116,372,12,h00,7788896702398618105
p1,C,28,86,386,h00,7788896702398618105
p1,Non-ROH,500,0,0,h00,7788896702398618105
p2,A,493,7,0,h00,7788896702398618105
p2,B,231,269,0,h00,7788896702398618105
p2,C,15,177,308,h00,7788896702398618105
p2,Non-ROH,500,0,0,h00,7788896702398618105
p3,A,499,1,0,h00,7788896702398618105
p3,B,300,200,0,h00,7788896702398618105
p3,C,9,149,342,h00,7788896702398618105
p3,Non-ROH,500,0,0,h00,7788896702398618105
p1,A,481,19,0,h00,7800683719019325863
p1,B,115,378,7,h00,7800683719019325863
p1,C,25,110,365,h00,7800683719019325863
p1,Non-ROH,500,0,0,h00,7800683719019325863
p2,A,493,7,0,h00,7800683719019325863
p2,B,243,257,0,h00,7800683719019325863
p2,C,19,144,337,h00,7800683719019325863
p2,Non-ROH,500,0,0,h00,7800683719019325863
p3,A,497,3,0,h00,7800683719019325863
p3,B,291,208,1,h00,7800683719019325863
p3,C,21,150,329,h00,7800683719019325863
p3,Non-ROH,500,0,0,h00,7800683719019325863
p1,A,451,49,0,h00,7825142619493849787
p1,B,85,396,19,h00,7825142619493849787
p1,C,27,103,370,h00,7825142619493849787
p1,Non-ROH,500,0,0,h00,7825142619493849787
p2,A,479,21,0,h00,7825142619493849787
p2,B,209,291,0,h00,7825142619493849787
p2,C,15,193,292,h00,7825142619493849787
p2,Non-ROH,500,0,0,h00,7825142619493849787
p3,A,492,8,0,h00,7825142619493849787
p3,B,281,219,0,h00,7825142619493849787
p3,C,12,172,316,h00,7825142619493849787
p3,Non-ROH,500,0,0,h00,7825142619493849787
p1,A,479,21,0,h00,7844115379435679961
p1,B,129,361,10,h00,7844115379435679961
p1,C,29,102,369,h00,7844115379435679961
p1,Non-ROH,500,0,0,h00,7844115379435679961
p2,A,499,1,0,h00,7844115379435679961
p2,B,283,217,0,h00,7844115379435679961
p2,C,21,100,379,h00,7844115379435679961
p2,Non-ROH,500,0,0,h00,7844115379435679961
p3,A,500,0,0,h00,7844115379435679961
p3,B,377,123,0,h00,7844115379435679961
p3,C,20,117,363,h00,7844115379435679961
p3,Non-ROH,500,0,0,h00,7844115379435679961
p1,A,432,68,0,h00,7845649049148242428
p1,B,96,393,11,h00,7845649049148242428
p1,C,33,93,374,h00,7845649049148242428
p1,Non-ROH,500,0,0,h00,7845649049148242428
p2,A,491,9,0,h00,7845649049148242428
p2,B,198,302,0,h00,7845649049148242428
p2,C,15,106,379,h00,7845649049148242428
p2,Non-ROH,500,0,0,h00,7845649049148242428
p3,A,489,11,0,h00,7845649049148242428
p3,B,242,258,0,h00,7845649049148242428
p3,C,15,125,360,h00,7845649049148242428
p3,Non-ROH,500,0,0,h00,7845649049148242428
p1,A,457,43,0,h00,7872656261944607829
p1,B,128,362,10,h00,7872656261944607829
p1,C,35,88,377,h00,7872656261944607829
p1,Non-ROH,500,0,0,h00,7872656261944607829
p2,A,495,5,0,h00,7872656261944607829
p2,B,235,265,0,h00,7872656261944607829
p2,C,19,127,354,h00,7872656261944607829
p2,Non-ROH,500,0,0,h00,7872656261944607829
p3,A,497,3,0,h00,7872656261944607829
p3,B,275,225,0,h00,7872656261944607829
p3,C,22,109,369,h00,7872656261944607829
p3,Non-ROH,500,0,0,h00,7872656261944607829
p1,A,461,39,0,h00,7899557489426013408
p1,B,154,326,20,h00,7899557489426013408
p1,C,23,90,387,h00,7899557489426013408
p1,Non-ROH,500,0,0,h00,7899557489426013408
p2,A,495,5,0,h00,7899557489426013408
p2,B,255,245,0,h00,7899557489426013408
p2,C,19,114,367,h00,7899557489426013408
p2,Non-ROH,500,0,0,h00,7899557489426013408
p3,A,498,2,0,h00,7899557489426013408
p3,B,311,189,0,h00,7899557489426013408
p3,C,19,125,356,h00,7899557489426013408
p3,Non-ROH,500,0,0,h00,7899557489426013408
p1,A,467,33,0,h00,7912128486606305112
p1,B,107,377,16,h00,7912128486606305112
p1,C,33,104,363,h00,7912128486606305112
p1,Non-ROH,500,0,0,h00,7912128486606305112
p2,A,499,1,0,h00,7912128486606305112
p2,B,237,263,0,h00,7912128486606305112
p2,C,16,154,330,h00,7912128486606305112
p2,Non-ROH,500,0,0,h00,7912128486606305112
p3,A,500,0,0,h00,7912128486606305112
p3,B,331,169,0,h00,7912128486606305112
p3,C,20,95,385,h00,7912128486606305112
p3,Non-ROH,500,0,0,h00,7912128486606305112
p1,A,438,62,0,h00,7918121088649361103
p1,B,93,398,9,h00,7918121088649361103
p1,C,25,119,356,h00,7918121088649361103
p1,Non-ROH,500,0,0,h00,7918121088649361103
p2,A,493,7,0,h00,7918121088649361103
p2,B,192,308,0,h00,7918121088649361103
p2,C,13,130,357,h00,7918121088649361103
p2,Non-ROH,500,0,0,h00,7918121088649361103
p3,A,497,3,0,h00,7918121088649361103
p3,B,264,236,0,h00,7918121088649361103
p3,C,13,108,379,h00,7918121088649361103
p3,Non-ROH,500,0,0,h00,7918121088649361103
p1,A,441,59,0,h00,7919405651962967992
p1,B,72,410,18,h00,7919405651962967992
p1,C,21,89,390,h00,7919405651962967992
p1,Non-ROH,500,0,0,h00,7919405651962967992
p2,A,496,4,0,h00,7919405651962967992
p2,B,223,277,0,h00,7919405651962967992
p2,C,16,111,373,h00,7919405651962967992
p2,Non-ROH,500,0,0,h00,7919405651962967992
p3,A,493,7,0,h00,7919405651962967992
p3,B,301,199,0,h00,7919405651962967992
p3,C,20,151,329,h00,7919405651962967992
p3,Non-ROH,500,0,0,h00,7919405651962967992
p1,A,367,133,0,h00,7935763740681700891
p1,B,82,405,13,h00,7935763740681700891
p1,C,18,86,396,h00,7935763740681700891
p1,Non-ROH,500,0,0,h00,7935763740681700891
p2,A,480,20,0,h00,7935763740681700891
p2,B,239,261,0,h00,7935763740681700891
p2,C,22,103,375,h00,7935763740681700891
p2,Non-ROH,500,0,0,h00,7935763740681700891
p3,A,482,18,0,h00,7935763740681700891
p3,B,228,272,0,h00,7935763740681700891
p3,C,20,115,365,h00,7935763740681700891
p3,Non-ROH,500,0,0,h00,7935763740681700891
p1,A,441,59,0,h00,7944209325752561383
p1,B,76,403,21,h00,7944209325752561383
p1,C,21,96,383,h00,7944209325752561383
p1,Non-ROH,500,0,0,h00,7944209325752561383
p2,A,486,14,0,h00,7944209325752561383
p2,B,156,344,0,h00,7944209325752561383
p2,C,12,136,352,h00,7944209325752561383
p2,Non-ROH,500,0,0,h00,7944209325752561383
p3,A,487,13,0,h00,7944209325752561383
p3,B,237,263,0,h00,7944209325752561383
p3,C,10,124,366,h00,7944209325752561383
p3,Non-ROH,500,0,0,h00,7944209325752561383
p1,A,450,50,0,h00,7987663683338581749
p1,B,119,369,12,h00,7987663683338581749
p1,C,26,121,353,h00,7987663683338581749
p1,Non-ROH,500,0,0,h00,7987663683338581749
p2,A,488,12,0,h00,7987663683338581749
p2,B,247,253,0,h00,7987663683338581749
p2,C,14,126,360,h00,7987663683338581749
p2,Non-ROH,500,0,0,h00,7987663683338581749
p3,A,497,3,0,h00,7987663683338581749
p3,B,258,242,0,h00,7987663683338581749
p3,C,18,114,368,h00,7987663683338581749
p3,Non-ROH,500,0,0,h00,7987663683338581749
p1,A,444,56,0,h00,8014274278194106210
p1,B,96,387,17,h00,8014274278194106210
p1,C,23,107,370,h00,8014274278194106210
p1,Non-ROH,500,0,0,h00,8014274278194106210
p2,A,482,18,0,h00,8014274278194106210
p2,B,232,267,1,h00,8014274278194106210
p2,C,16,104,380,h00,8014274278194106210
p2,Non-ROH,500,0,0,h00,8014274278194106210
p3,A,496,4,0,h00,8014274278194106210
p3,B,257,243,0,h00,8014274278194106210
p3,C,9,139,352,h00,8014274278194106210
p3,Non-ROH,500,0,0,h00,8014274278194106210
p1,A,457,43,0,h00,8021517949117524351
p1,B,106,381,13,h00,8021517949117524351
p1,C,38,77,385,h00,8021517949117524351
p1,Non-ROH,500,0,0,h00,8021517949117524351
p2,A,495,5,0,h00,8021517949117524351
p2,B,227,273,0,h00,8021517949117524351
p2,C,21,115,364,h00,8021517949117524351
p2,Non-ROH,500,0,0,h00,8021517949117524351
p3,A,493,7,0,h00,8021517949117524351
p3,B,234,266,0,h00,8021517949117524351
p3,C,21,140,339,h00,8021517949117524351
p3,Non-ROH,500,0,0,h00,8021517949117524351
p1,A,444,56,0,h00,8061281235594563954
p1,B,115,371,14,h00,8061281235594563954
p1,C,41,88,371,h00,8061281235594563954
p1,Non-ROH,500,0,0,h00,8061281235594563954
p2,A,498,2,0,h00,8061281235594563954
p2,B,269,231,0,h00,8061281235594563954
p2,C,24,104,372,h00,8061281235594563954
p2,Non-ROH,500,0,0,h00,8061281235594563954
p3,A,499,1,0,h00,8061281235594563954
p3,B,290,210,0,h00,8061281235594563954
p3,C,32,155,313,h00,8061281235594563954
p3,Non-ROH,500,0,0,h00,8061281235594563954
p1,A,445,55,0,h00,807106994577424742
p1,B,99,385,16,h00,807106994577424742
p1,C,40,84,376,h00,807106994577424742
p1,Non-ROH,500,0,0,h00,807106994577424742
p2,A,494,6,0,h00,807106994577424742
p2,B,217,283,0,h00,807106994577424742
p2,C,28,108,364,h00,807106994577424742
p2,Non-ROH,500,0,0,h00,807106994577424742
p3,A,494,6,0,h00,807106994577424742
p3,B,241,259,0,h00,807106994577424742
p3,C,19,117,364,h00,807106994577424742
p3,Non-ROH,500,0,0,h00,807106994577424742
p1,A,472,28,0,h00,8073559371014580251
p1,B,145,341,14,h00,8073559371014580251
p1,C,26,97,377,h00,8073559371014580251
p1,Non-ROH,500,0,0,h00,8073559371014580251
p2,A,497,3,0,h00,8073559371014580251
p2,B,246,254,0,h00,8073559371014580251
p2,C,15,192,293,h00,8073559371014580251
p2,Non-ROH,500,0,0,h00,8073559371014580251
p3,A,500,0,0,h00,8073559371014580251
p3,B,389,111,0,h00,8073559371014580251
p3,C,24,132,344,h00,8073559371014580251
p3,Non-ROH,500,0,0,h00,8073559371014580251
p1,A,475,25,0,h00,8085227859060869184
p1,B,100,382,18,h00,8085227859060869184
p1,C,45,104,351,h00,8085227859060869184
p1,Non-ROH,500,0,0,h00,8085227859060869184
p2,A,496,4,0,h00,8085227859060869184
p2,B,255,245,0,h00,8085227859060869184
p2,C,17,96,387,h00,8085227859060869184
p2,Non-ROH,500,0,0,h00,8085227859060869184
p3,A,499,1,0,h00,8085227859060869184
p3,B,328,172,0,h00,8085227859060869184
p3,C,23,126,351,h00,8085227859060869184
p3,Non-ROH,500,0,0,h00,8085227859060869184
p1,A,442,58,0,h00,8102853888876117400
p1,B,121,364,15,h00,8102853888876117400
p1,C,20,101,379,h00,8102853888876117400
p1,Non-ROH,500,0,0,h00,8102853888876117400
p2,A,487,13,0,h00,8102853888876117400
p2,B,217,283,0,h00,8102853888876117400
p2,C,15,149,336,h00,8102853888876117400
p2,Non-ROH,500,0,0,h00,8102853888876117400
p3,A,486,14,0,h00,8102853888876117400
p3,B,278,222,0,h00,8102853888876117400
p3,C,26,124,350,h00,8102853888876117400
p3,Non-ROH,500,0,0,h00,8102853888876117400
p1,A,407,93,0,h00,810515107963077594
p1,B,102,388,10,h00,810515107963077594
p1,C,20,103,377,h00,810515107963077594
p1,Non-ROH,500,0,0,h00,810515107963077594
p2,A,478,22,0,h00,810515107963077594
p2,B,193,307,0,h00,810515107963077594
p2,C,16,153,331,h00,810515107963077594
p2,Non-ROH,500,0,0,h00,810515107963077594
p3,A,493,7,0,h00,810515107963077594
p3,B,299,201,0,h00,810515107963077594
p3,C,16,97,387,h00,810515107963077594
p3,Non-ROH,500,0,0,h00,810515107963077594
p1,A,440,60,0,h00,810614871690771956
p1,B,140,342,18,h00,810614871690771956
p1,C,23,104,373,h00,810614871690771956
p1,Non-ROH,500,0,0,h00,810614871690771956
p2,A,488,12,0,h00,810614871690771956
p2,B,263,237,0,h00,810614871690771956
p2,C,22,144,334,h00,810614871690771956
p2,Non-ROH,500,0,0,h00,810614871690771956
p3,A,493,7,0,h00,810614871690771956
p3,B,289,211,0,h00,810614871690771956
p3,C,23,156,321,h00,810614871690771956
p3,Non-ROH,500,0,0,h00,810614871690771956
p1,A,425,75,0,h00,8141761060821422002
p1,B,86,400,14,h00,8141761060821422002
p1,C,29,105,366,h00,8141761060821422002
p1,Non-ROH,500,0,0,h00,8141761060821422002
p2,A,490,10,0,h00,8141761060821422002
p2,B,202,298,0,h00,8141761060821422002
p2,C,26,111,363,h00,8141761060821422002
p2,Non-ROH,500,0,0,h00,8141761060821422002
p3,A,489,11,0,h00,8141761060821422002
p3,B,271,229,0,h00,8141761060821422002
p3,C,15,229,256,h00,8141761060821422002
p3,Non-ROH,500,0,0,h00,8141761060821422002
p1,A,433,67,0,h00,818472327660073236
p1,B,118,370,12,h00,818472327660073236
p1,C,21,99,380,h00,818472327660073236
p1,Non-ROH,500,0,0,h00,818472327660073236
p2,A,496,4,0,h00,818472327660073236
p2,B,224,276,0,h00,818472327660073236
p2,C,9,142,349,h00,818472327660073236
p2,Non-ROH,500,0,0,h00,818472327660073236
p3,A,498,2,0,h00,818472327660073236
p3,B,286,214,0,h00,818472327660073236
p3,C,19,128,353,h00,818472327660073236
p3,Non-ROH,500,0,0,h00,818472327660073236
p1,A,428,72,0,h00,8189701162810878588
p1,B,108,384,8,h00,8189701162810878588
p1,C,29,104,367,h00,8189701162810878588
p1,Non-ROH,500,0,0,h00,8189701162810878588
p2,A,495,5,0,h00,8189701162810878588
p2,B,258,242,0,h00,8189701162810878588
p2,C,29,110,361,h00,8189701162810878588
p2,Non-ROH,500,0,0,h00,8189701162810878588
p3,A,498,2,0,h00,8189701162810878588
p3,B,284,216,0,h00,8189701162810878588
p3,C,13,98,389,h00,8189701162810878588
p3,Non-ROH,500,0,0,h00,8189701162810878588
p1,A,395,105,0,h00,819516485579700465
p1,B,96,389,15,h00,819516485579700465
p1,C,25,107,368,h00,819516485579700465
p1,Non-ROH,500,0,0,h00,819516485579700465
p2,A,492,8,0,h00,819516485579700465
p2,B,171,329,0,h00,819516485579700465
p2,C,13,135,352,h00,819516485579700465
p2,Non-ROH,500,0,0,h00,819516485579700465
p3,A,489,11,0,h00,819516485579700465
p3,B,245,255,0,h00,819516485579700465
p3,C,18,126,356,h00,819516485579700465
p3,Non-ROH,500,0,0,h00,819516485579700465
p1,A,479,21,0,h00,8222179486658101296
p1,B,135,352,13,h00,8222179486658101296
p1,C,27,100,373,h00,8222179486658101296
p1,Non-ROH,500,0,0,h00,8222179486658101296
p2,A,500,0,0,h00,8222179486658101296
p2,B,248,252,0,h00,8222179486658101296
p2,C,23,106,371,h00,8222179486658101296
p2,Non-ROH,500,0,0,h00,8222179486658101296
p3,A,500,0,0,h00,8222179486658101296
p3,B,336,164,0,h00,8222179486658101296
p3,C,20,163,317,h00,8222179486658101296
p3,Non-ROH,500,0,0,h00,8222179486658101296
p1,A,456,44,0,h00,8232276829008192175
p1,B,107,378,15,h00,8232276829008192175
p1,C,31,115,354,h00,8232276829008192175
p1,Non-ROH,500,0,0,h00,8232276829008192175
p2,A,494,6,0,h00,8232276829008192175
p2,B,269,230,1,h00,8232276829008192175
p2,C,16,118,366,h00,8232276829008192175
p2,Non-ROH,500,0,0,h00,8232276829008192175
p3,A,498,2,0,h00,8232276829008192175
p3,B,301,199,0,h00,8232276829008192175
p3,C,22,115,363,h00,8232276829008192175
p3,Non-ROH,500,0,0,h00,8232276829008192175
p1,A,472,28,0,h00,8245785795119165813
p1,B,113,372,15,h00,8245785795119165813
p1,C,30,105,365,h00,8245785795119165813
p1,Non-ROH,500,0,0,h00,8245785795119165813
p2,A,496,4,0,h00,8245785795119165813
p2,B,231,269,0,h00,8245785795119165813
p2,C,21,93,386,h00,8245785795119165813
p2,Non-ROH,500,0,0,h00,8245785795119165813
p3,A,497,3,0,h00,8245785795119165813
p3,B,282,218,0,h00,8245785795119165813
p3,C,14,106,380,h00,8245785795119165813
p3,Non-ROH,500,0,0,h00,8245785795119165813
p1,A,451,49,0,h00,8247888529918945527
p1,B,104,386,10,h00,8247888529918945527
p1,C,26,101,373,h00,8247888529918945527
p1,Non-ROH,500,0,0,h00,8247888529918945527
p2,A,496,4,0,h00,8247888529918945527
p2,B,236,264,0,h00,8247888529918945527
p2,C,19,160,321,h00,8247888529918945527
p2,Non-ROH,500,0,0,h00,8247888529918945527
p3,A,492,8,0,h00,8247888529918945527
p3,B,291,209,0,h00,8247888529918945527
p3,C,18,209,273,h00,8247888529918945527
p3,Non-ROH,500,0,0,h00,8247888529918945527
p1,A,445,55,0,h00,826663596041234252
p1,B,128,356,16,h00,826663596041234252
p1,C,25,104,371,h00,826663596041234252
p1,Non-ROH,500,0,0,h00,826663596041234252
p2,A,484,16,0,h00,826663596041234252
p2,B,268,232,0,h00,826663596041234252
p2,C,24,170,306,h00,826663596041234252
p2,Non-ROH,500,0,0,h00,826663596041234252
p3,A,494,6,0,h00,826663596041234252
p3,B,294,206,0,h00,826663596041234252
p3,C,17,110,373,h00,826663596041234252
p3,Non-ROH,500,0,0,h00,826663596041234252
p1,A,483,17,0,h00,8295570130475967972
p1,B,101,383,16,h00,8295570130475967972
p1,C,31,120,349,h00,8295570130475967972
p1,Non-ROH,500,0,0,h00,8295570130475967972
p2,A,497,3,0,h00,8295570130475967972
p2,B,193,307,0,h00,8295570130475967972
p2,C,16,274,210,h00,8295570130475967972
p2,Non-ROH,500,0,0,h00,8295570130475967972
p3,A,499,1,0,h00,8295570130475967972
p3,B,257,243,0,h00,8295570130475967972
p3,C,14,94,392,h00,8295570130475967972
p3,Non-ROH,500,0,0,h00,8295570130475967972
p1,A,452,48,0,h00,8302840173262926033
p1,B,118,371,11,h00,8302840173262926033
p1,C,28,101,371,h00,8302840173262926033
p1,Non-ROH,500,0,0,h00,8302840173262926033
p2,A,498,2,0,h00,8302840173262926033
p2,B,253,247,0,h00,8302840173262926033
p2,C,24,80,396,h00,8302840173262926033
p2,Non-ROH,500,0,0,h00,8302840173262926033
p3,A,499,1,0,h00,8302840173262926033
p3,B,331,169,0,h00,8302840173262926033
p3,C,15,145,340,h00,8302840173262926033
p3,Non-ROH,500,0,0,h00,8302840173262926033
p1,A,439,61,0,h00,8324314100380763628
p1,B,101,390,9,h00,8324314100380763628
p1,C,25,116,359,h00,8324314100380763628
p1,Non-ROH,500,0,0,h00,8324314100380763628
p2,A,489,11,0,h00,8324314100380763628
p2,B,221,279,0,h00,8324314100380763628
p2,C,17,106,377,h00,8324314100380763628
p2,Non-ROH,500,0,0,h00,8324314100380763628
p3,A,488,12,0,h00,8324314100380763628
p3,B,254,246,0,h00,8324314100380763628
p3,C,16,109,375,h00,8324314100380763628
p3,Non-ROH,500,0,0,h00,8324314100380763628
p1,A,404,96,0,h00,8333265495632237597
p1,B,66,421,13,h00,8333265495632237597
p1,C,19,98,383,h00,8333265495632237597
p1,Non-ROH,500,0,0,h00,8333265495632237597
p2,A,491,9,0,h00,8333265495632237597
p2,B,172,328,0,h00,8333265495632237597
p2,C,18,101,381,h00,8333265495632237597
p2,Non-ROH,500,0,0,h00,8333265495632237597
p3,A,479,21,0,h00,8333265495632237597
p3,B,231,269,0,h00,8333265495632237597
p3,C,13,113,374,h00,8333265495632237597
p3,Non-ROH,500,0,0,h00,8333265495632237597
p1,A,470,30,0,h00,8337948553890895361
p1,B,79,408,13,h00,8337948553890895361
p1,C,36,94,370,h00,8337948553890895361
p1,Non-ROH,500,0,0,h00,8337948553890895361
p2,A,492,8,0,h00,8337948553890895361
p2,B,251,249,0,h00,8337948553890895361
p2,C,23,104,373,h00,8337948553890895361
p2,Non-ROH,500,0,0,h00,8337948553890895361
p3,A,500,0,0,h00,8337948553890895361
p3,B,275,225,0,h00,8337948553890895361
p3,C,14,164,322,h00,8337948553890895361
p3,Non-ROH,500,0,0,h00,8337948553890895361
p1,A,418,82,0,h00,8348040649235703653
p1,B,87,389,24,h00,8348040649235703653
p1,C,26,87,387,h00,8348040649235703653
p1,Non-ROH,500,0,0,h00,8348040649235703653
p2,A,487,13,0,h00,8348040649235703653
p2,B,173,327,0,h00,8348040649235703653
p2,C,11,109,380,h00,8348040649235703653
p2,Non-ROH,500,0,0,h00,8348040649235703653
p3,A,495,5,0,h00,8348040649235703653
p3,B,178,322,0,h00,8348040649235703653
p3,C,6,113,381,h00,8348040649235703653
p3,Non-ROH,500,0,0,h00,8348040649235703653
p1,A,410,90,0,h00,8352329479800466435
p1,B,113,378,9,h00,8352329479800466435
p1,C,39,99,362,h00,8352329479800466435
p1,Non-ROH,500,0,0,h00,8352329479800466435
p2,A,485,15,0,h00,8352329479800466435
p2,B,243,257,0,h00,8352329479800466435
p2,C,29,112,359,h00,8352329479800466435
p2,Non-ROH,500,0,0,h00,8352329479800466435
p3,A,482,18,0,h00,8352329479800466435
p3,B,282,218,0,h00,8352329479800466435
p3,C,25,123,352,h00,8352329479800466435
p3,Non-ROH,500,0,0,h00,8352329479800466435
p1,A,471,29,0,h00,8359675198807336655
p1,B,73,411,16,h00,8359675198807336655
p1,C,33,80,387,h00,8359675198807336655
p1,Non-ROH,500,0,0,h00,8359675198807336655
p2,A,481,19,0,h00,8359675198807336655
p2,B,183,317,0,h00,8359675198807336655
p2,C,6,109,385,h00,8359675198807336655
p2,Non-ROH,500,0,0,h00,8359675198807336655
p3,A,495,5,0,h00,8359675198807336655
p3,B,224,276,0,h00,8359675198807336655
p3,C,12,119,369,h00,8359675198807336655
p3,Non-ROH,500,0,0,h00,8359675198807336655
p1,A,460,40,0,h00,8360854972556069990
p1,B,139,346,15,h00,8360854972556069990
p1,C,26,94,380,h00,8360854972556069990
p1,Non-ROH,500,0,0,h00,8360854972556069990
p2,A,498,2,0,h00,8360854972556069990
p2,B,247,253,0,h00,8360854972556069990
p2,C,17,145,338,h00,8360854972556069990
p2,Non-ROH,500,0,0,h00,8360854972556069990
p3,A,499,1,0,h00,8360854972556069990
p3,B,314,186,0,h00,8360854972556069990
p3,C,26,162,312,h00,8360854972556069990
p3,Non-ROH,500,0,0,h00,8360854972556069990
p1,A,437,63,0,h00,8442228576838349543
p1,B,96,393,11,h00,8442228576838349543
p1,C,21,91,388,h00,8442228576838349543
p1,Non-ROH,500,0,0,h00,8442228576838349543
p2,A,482,18,0,h00,8442228576838349543
p2,B,209,291,0,h00,8442228576838349543
p2,C,18,90,392,h00,8442228576838349543
p2,Non-ROH,500,0,0,h00,8442228576838349543
p3,A,483,17,0,h00,8442228576838349543
p3,B,311,189,0,h00,8442228576838349543
p3,C,16,100,384,h00,8442228576838349543
p3,Non-ROH,500,0,0,h00,8442228576838349543
p1,A,431,69,0,h00,8461703215665630037
p1,B,96,390,14,h00,8461703215665630037
p1,C,30,83,387,h00,8461703215665630037
p1,Non-ROH,500,0,0,h00,8461703215665630037
p2,A,496,4,0,h00,8461703215665630037
p2,B,239,261,0,h00,8461703215665630037
p2,C,25,129,346,h00,8461703215665630037
p2,Non-ROH,500,0,0,h00,8461703215665630037
p3,A,497,3,0,h00,8461703215665630037
p3,B,214,286,0,h00,8461703215665630037
p3,C,11,153,336,h00,8461703215665630037
p3,Non-ROH,500,0,0,h00,8461703215665630037
p1,A,437,63,0,h00,8478393171942172038
p1,B,100,387,13,h00,8478393171942172038
p1,C,41,97,362,h00,8478393171942172038
p1,Non-ROH,500,0,0,h00,8478393171942172038
p2,A,492,8,0,h00,8478393171942172038
p2,B,225,274,1,h00,8478393171942172038
p2,C,34,162,304,h00,8478393171942172038
p2,Non-ROH,500,0,0,h00,8478393171942172038
p3,A,496,4,0,h00,8478393171942172038
p3,B,282,218,0,h00,8478393171942172038
p3,C,27,171,302,h00,8478393171942172038
p3,Non-ROH,500,0,0,h00,8478393171942172038
p1,A,452,48,0,h00,8483146405762354839
p1,B,84,404,12,h00,8483146405762354839
p1,C,25,110,365,h00,8483146405762354839
p1,Non-ROH,500,0,0,h00,8483146405762354839
p2,A,496,4,0,h00,8483146405762354839
p2,B,179,321,0,h00,8483146405762354839
p2,C,21,146,333,h00,8483146405762354839
p2,Non-ROH,500,0,0,h00,8483146405762354839
p3,A,495,5,0,h00,8483146405762354839
p3,B,228,272,0,h00,8483146405762354839
p3,C,17,117,366,h00,8483146405762354839
p3,Non-ROH,500,0,0,h00,8483146405762354839
p1,A,468,32,0,h00,8493033608607173646
p1,B,115,375,10,h00,8493033608607173646
p1,C,26,97,377,h00,8493033608607173646
p1,Non-ROH,500,0,0,h00,8493033608607173646
p2,A,494,6,0,h00,8493033608607173646
p2,B,285,215,0,h00,8493033608607173646
p2,C,35,149,316,h00,8493033608607173646
p2,Non-ROH,500,0,0,h00,8493033608607173646
p3,A,496,4,0,h00,8493033608607173646
p3,B,281,219,0,h00,8493033608607173646
p3,C,24,229,247,h00,8493033608607173646
p3,Non-ROH,500,0,0,h00,8493033608607173646
p1,A,459,41,0,h00,8500782308606723157
p1,B,128,358,14,h00,8500782308606723157
p1,C,43,89,368,h00,8500782308606723157
p1,Non-ROH,500,0,0,h00,8500782308606723157
p2,A,496,4,0,h00,8500782308606723157
p2,B,309,191,0,h00,8500782308606723157
p2,C,14,104,382,h00,8500782308606723157
p2,Non-ROH,500,0,0,h00,8500782308606723157
p3,A,497,3,0,h00,8500782308606723157
p3,B,276,224,0,h00,8500782308606723157
p3,C,20,159,321,h00,8500782308606723157
p3,Non-ROH,500,0,0,h00,8500782308606723157
p1,A,413,87,0,h00,8508939634912935656
p1,B,96,390,14,h00,8508939634912935656
p1,C,21,106,373,h00,8508939634912935656
p1,Non-ROH,500,0,0,h00,8508939634912935656
p2,A,490,10,0,h00,8508939634912935656
p2,B,216,284,0,h00,8508939634912935656
p2,C,18,98,384,h00,8508939634912935656
p2,Non-ROH,500,0,0,h00,8508939634912935656
p3,A,488,12,0,h00,8508939634912935656
p3,B,284,216,0,h00,8508939634912935656
p3,C,15,115,370,h00,8508939634912935656
p3,Non-ROH,500,0,0,h00,8508939634912935656
p1,A,470,30,0,h00,8523785738886911657
p1,B,121,359,20,h00,8523785738886911657
p1,C,36,93,371,h00,8523785738886911657
p1,Non-ROH,500,0,0,h00,8523785738886911657
p2,A,499,1,0,h00,8523785738886911657
p2,B,244,256,0,h00,8523785738886911657
p2,C,28,91,381,h00,8523785738886911657
p2,Non-ROH,500,0,0,h00,8523785738886911657
p3,A,497,3,0,h00,8523785738886911657
p3,B,278,222,0,h00,8523785738886911657
p3,C,19,106,375,h00,8523785738886911657
p3,Non-ROH,500,0,0,h00,8523785738886911657
p1,A,414,86,0,h00,8552931170002909542
p1,B,93,386,21,h00,8552931170002909542
p1,C,43,90,367,h00,8552931170002909542
p1,Non-ROH,500,0,0,h00,8552931170002909542
p2,A,488,12,0,h00,8552931170002909542
p2,B,215,285,0,h00,8552931170002909542
p2,C,27,148,325,h00,8552931170002909542
p2,Non-ROH,500,0,0,h00,8552931170002909542
p3,A,500,0,0,h00,8552931170002909542
p3,B,348,152,0,h00,8552931170002909542
p3,C,21,85,394,h00,8552931170002909542
p3,Non-ROH,500,0,0,h00,8552931170002909542
p1,A,476,24,0,h00,8554301335803309257
p1,B,112,369,19,h00,8554301335803309257
p1,C,32,83,385,h00,8554301335803309257
p1,Non-ROH,500,0,0,h00,8554301335803309257
p2,A,499,1,0,h00,8554301335803309257
p2,B,243,257,0,h00,8554301335803309257
p2,C,28,110,362,h00,8554301335803309257
p2,Non-ROH,500,0,0,h00,8554301335803309257
p3,A,499,1,0,h00,8554301335803309257
p3,B,317,183,0,h00,8554301335803309257
p3,C,21,116,363,h00,8554301335803309257
p3,Non-ROH,500,0,0,h00,8554301335803309257
p1,A,456,44,0,h00,8560776890993356324
p1,B,79,406,15,h00,8560776890993356324
p1,C,20,108,372,h00,8560776890993356324
p1,Non-ROH,500,0,0,h00,8560776890993356324
p2,A,495,5,0,h00,8560776890993356324
p2,B,198,302,0,h00,8560776890993356324
p2,C,15,128,357,h00,8560776890993356324
p2,Non-ROH,500,0,0,h00,8560776890993356324
p3,A,489,11,0,h00,8560776890993356324
p3,B,216,284,0,h00,8560776890993356324
p3,C,13,108,379,h00,8560776890993356324
p3,Non-ROH,500,0,0,h00,8560776890993356324
p1,A,471,29,0,h00,8564784666695813541
p1,B,119,367,14,h00,8564784666695813541
p1,C,32,98,370,h00,8564784666695813541
p1,Non-ROH,500,0,0,h00,8564784666695813541
p2,A,498,2,0,h00,8564784666695813541
p2,B,271,229,0,h00,8564784666695813541
p2,C,18,122,360,h00,8564784666695813541
p2,Non-ROH,500,0,0,h00,8564784666695813541
p3,A,500,0,0,h00,8564784666695813541
p3,B,311,189,0,h00,8564784666695813541
p3,C,21,114,365,h00,8564784666695813541
p3,Non-ROH,500,0,0,h00,8564784666695813541
p1,A,437,63,0,h00,8567655874984429224
p1,B,77,410,13,h00,8567655874984429224
p1,C,28,87,385,h00,8567655874984429224
p1,Non-ROH,500,0,0,h00,8567655874984429224
p2,A,487,13,0,h00,8567655874984429224
p2,B,211,289,0,h00,8567655874984429224
p2,C,32,93,375,h00,8567655874984429224
p2,Non-ROH,500,0,0,h00,8567655874984429224
p3,A,490,10,0,h00,8567655874984429224
p3,B,239,261,0,h00,8567655874984429224
p3,C,18,150,332,h00,8567655874984429224
p3,Non-ROH,500,0,0,h00,8567655874984429224
p1,A,406,94,0,h00,8570553499106319936
p1,B,103,382,15,h00,8570553499106319936
p1,C,28,116,356,h00,8570553499106319936
p1,Non-ROH,500,0,0,h00,8570553499106319936
p2,A,490,10,0,h00,8570553499106319936
p2,B,239,261,0,h00,8570553499106319936
p2,C,16,118,366,h00,8570553499106319936
p2,Non-ROH,500,0,0,h00,8570553499106319936
p3,A,493,7,0,h00,8570553499106319936
p3,B,321,179,0,h00,8570553499106319936
p3,C,12,161,327,h00,8570553499106319936
p3,Non-ROH,500,0,0,h00,8570553499106319936
p1,A,468,32,0,h00,8586589245206037151
p1,B,96,394,10,h00,8586589245206037151
p1,C,29,107,364,h00,8586589245206037151
p1,Non-ROH,500,0,0,h00,8586589245206037151
p2,A,499,1,0,h00,8586589245206037151
p2,B,261,239,0,h00,8586589245206037151
p2,C,21,108,371,h00,8586589245206037151
p2,Non-ROH,500,0,0,h00,8586589245206037151
p3,A,500,0,0,h00,8586589245206037151
p3,B,265,235,0,h00,8586589245206037151
p3,C,16,139,345,h00,8586589245206037151
p3,Non-ROH,500,0,0,h00,8586589245206037151
p1,A,440,60,0,h00,8588449633077665015
p1,B,109,386,5,h00,8588449633077665015
p1,C,36,96,368,h00,8588449633077665015
p1,Non-ROH,500,0,0,h00,8588449633077665015
p2,A,494,6,0,h00,8588449633077665015
p2,B,180,320,0,h00,8588449633077665015
p2,C,20,104,376,h00,8588449633077665015
p2,Non-ROH,500,0,0,h00,8588449633077665015
p3,A,495,5,0,h00,8588449633077665015
p3,B,282,218,0,h00,8588449633077665015
p3,C,16,180,304,h00,8588449633077665015
p3,Non-ROH,500,0,0,h00,8588449633077665015
p1,A,470,30,0,h00,8609678236052231559
p1,B,170,315,15,h00,8609678236052231559
p1,C,36,86,378,h00,8609678236052231559
p1,Non-ROH,500,0,0,h00,8609678236052231559
p2,A,500,0,0,h00,8609678236052231559
p2,B,332,168,0,h00,8609678236052231559
p2,C,28,117,355,h00,8609678236052231559
p2,Non-ROH,500,0,0,h00,8609678236052231559
p3,A,498,2,0,h00,8609678236052231559
p3,B,377,123,0,h00,8609678236052231559
p3,C,18,163,319,h00,8609678236052231559
p3,Non-ROH,500,0,0,h00,8609678236052231559
p1,A,468,32,0,h00,8618909334375501049
p1,B,88,398,14,h00,8618909334375501049
p1,C,27,105,368,h00,8618909334375501049
p1,Non-ROH,500,0,0,h00,8618909334375501049
p2,A,497,3,0,h00,8618909334375501049
p2,B,188,312,0,h00,8618909334375501049
p2,C,22,165,313,h00,8618909334375501049
p2,Non-ROH,500,0,0,h00,8618909334375501049
p3,A,500,0,0,h00,8618909334375501049
p3,B,217,283,0,h00,8618909334375501049
p3,C,12,171,317,h00,8618909334375501049
p3,Non-ROH,500,0,0,h00,8618909334375501049
p1,A,452,48,0,h00,863818492425618087
p1,B,121,366,13,h00,863818492425618087
p1,C,33,99,368,h00,863818492425618087
p1,Non-ROH,500,0,0,h00,863818492425618087
p2,A,493,7,0,h00,863818492425618087
p2,B,213,287,0,h00,863818492425618087
p2,C,19,124,357,h00,863818492425618087
p2,Non-ROH,500,0,0,h00,863818492425618087
p3,A,494,6,0,h00,863818492425618087
p3,B,264,236,0,h00,863818492425618087
p3,C,11,186,303,h00,863818492425618087
p3,Non-ROH,500,0,0,h00,863818492425618087
p1,A,462,38,0,h00,8701012430488510716
p1,B,116,370,14,h00,8701012430488510716
p1,C,33,116,351,h00,8701012430488510716
p1,Non-ROH,500,0,0,h00,8701012430488510716
p2,A,500,0,0,h00,8701012430488510716
p2,B,270,230,0,h00,8701012430488510716
p2,C,17,96,387,h00,8701012430488510716
p2,Non-ROH,500,0,0,h00,8701012430488510716
p3,A,500,0,0,h00,8701012430488510716
p3,B,357,143,0,h00,8701012430488510716
p3,C,23,111,366,h00,8701012430488510716
p3,Non-ROH,500,0,0,h00,8701012430488510716
p1,A,425,75,0,h00,8704777689146286217
p1,B,107,367,26,h00,8704777689146286217
p1,C,24,100,376,h00,8704777689146286217
p1,Non-ROH,500,0,0,h00,8704777689146286217
p2,A,488,12,0,h00,8704777689146286217
p2,B,261,239,0,h00,8704777689146286217
p2,C,13,102,385,h00,8704777689146286217
p2,Non-ROH,500,0,0,h00,8704777689146286217
p3,A,498,2,0,h00,8704777689146286217
p3,B,338,162,0,h00,8704777689146286217
p3,C,25,122,353,h00,8704777689146286217
p3,Non-ROH,500,0,0,h00,8704777689146286217
p1,A,475,25,0,h00,8735585828959391809
p1,B,87,400,13,h00,8735585828959391809
p1,C,32,109,359,h00,8735585828959391809
p1,Non-ROH,500,0,0,h00,8735585828959391809
p2,A,496,4,0,h00,8735585828959391809
p2,B,238,262,0,h00,8735585828959391809
p2,C,18,198,284,h00,8735585828959391809
p2,Non-ROH,500,0,0,h00,8735585828959391809
p3,A,497,3,0,h00,8735585828959391809
p3,B,283,217,0,h00,8735585828959391809
p3,C,15,110,375,h00,8735585828959391809
p3,Non-ROH,500,0,0,h00,8735585828959391809
p1,A,422,78,0,h00,8762662111126417730
p1,B,95,389,16,h00,8762662111126417730
p1,C,29,94,377,h00,8762662111126417730
p1,Non-ROH,500,0,0,h00,8762662111126417730
p2,A,491,9,0,h00,8762662111126417730
p2,B,221,279,0,h00,8762662111126417730
p2,C,19,95,386,h00,8762662111126417730
p2,Non-ROH,500,0,0,h00,8762662111126417730
p3,A,489,11,0,h00,8762662111126417730
p3,B,243,257,0,h00,8762662111126417730
p3,C,22,117,361,h00,8762662111126417730
p3,Non-ROH,500,0,0,h00,8762662111126417730
p1,A,403,97,0,h00,876485116545318603
p1,B,83,406,11,h00,876485116545318603
p1,C,29,112,359,h00,876485116545318603
p1,Non-ROH,500,0,0,h00,876485116545318603
p2,A,456,44,0,h00,876485116545318603
p2,B,203,297,0,h00,876485116545318603
p2,C,12,110,378,h00,876485116545318603
p2,Non-ROH,500,0,0,h00,876485116545318603
p3,A,469,31,0,h00,876485116545318603
p3,B,226,274,0,h00,876485116545318603
p3,C,7,147,346,h00,876485116545318603
p3,Non-ROH,500,0,0,h00,876485116545318603
p1,A,457,43,0,h00,8805579582604427677
p1,B,97,386,17,h00,8805579582604427677
p1,C,21,120,359,h00,8805579582604427677
p1,Non-ROH,500,0,0,h00,8805579582604427677
p2,A,470,30,0,h00,8805579582604427677
p2,B,165,335,0,h00,8805579582604427677
p2,C,22,115,363,h00,8805579582604427677
p2,Non-ROH,500,0,0,h00,8805579582604427677
p3,A,486,14,0,h00,8805579582604427677
p3,B,273,227,0,h00,8805579582604427677
p3,C,17,162,321,h00,8805579582604427677
p3,Non-ROH,500,0,0,h00,8805579582604427677
p1,A,427,73,0,h00,8808334681185287544
p1,B,128,357,15,h00,8808334681185287544
p1,C,34,102,364,h00,8808334681185287544
p1,Non-ROH,500,0,0,h00,8808334681185287544
p2,A,489,11,0,h00,8808334681185287544
p2,B,311,189,0,h00,8808334681185287544
p2,C,26,104,370,h00,8808334681185287544
p2,Non-ROH,500,0,0,h00,8808334681185287544
p3,A,490,10,0,h00,8808334681185287544
p3,B,350,150,0,h00,8808334681185287544
p3,C,35,173,292,h00,8808334681185287544
p3,Non-ROH,500,0,0,h00,8808334681185287544
p1,A,485,15,0,h00,8825972710391913049
p1,B,132,348,20,h00,8825972710391913049
p1,C,47,99,354,h00,8825972710391913049
p1,Non-ROH,500,0,0,h00,8825972710391913049
p2,A,500,0,0,h00,8825972710391913049
p2,B,316,184,0,h00,8825972710391913049
p2,C,21,137,342,h00,8825972710391913049
p2,Non-ROH,500,0,0,h00,8825972710391913049
p3,A,500,0,0,h00,8825972710391913049
p3,B,360,140,0,h00,8825972710391913049
p3,C,27,132,341,h00,8825972710391913049
p3,Non-ROH,500,0,0,h00,8825972710391913049
p1,A,426,74,0,h00,8828759419088930041
p1,B,130,353,17,h00,8828759419088930041
p1,C,27,105,368,h00,8828759419088930041
p1,Non-ROH,500,0,0,h00,8828759419088930041
p2,A,489,11,0,h00,8828759419088930041
p2,B,298,202,0,h00,8828759419088930041
p2,C,15,137,348,h00,8828759419088930041
p2,Non-ROH,500,0,0,h00,8828759419088930041
p3,A,497,3,0,h00,8828759419088930041
p3,B,356,144,0,h00,8828759419088930041
p3,C,29,110,361,h00,8828759419088930041
p3,Non-ROH,500,0,0,h00,8828759419088930041
p1,A,458,42,0,h00,885482525036881327
p1,B,116,368,16,h00,885482525036881327
p1,C,32,103,365,h00,885482525036881327
p1,Non-ROH,500,0,0,h00,885482525036881327
p2,A,495,5,0,h00,885482525036881327
p2,B,250,250,0,h00,885482525036881327
p2,C,19,91,390,h00,885482525036881327
p2,Non-ROH,500,0,0,h00,885482525036881327
p3,A,499,1,0,h00,885482525036881327
p3,B,334,166,0,h00,885482525036881327
p3,C,14,153,333,h00,885482525036881327
p3,Non-ROH,500,0,0,h00,885482525036881327
p1,A,468,32,0,h00,8881322863864966793
p1,B,133,352,15,h00,8881322863864966793
p1,C,46,106,348,h00,8881322863864966793
p1,Non-ROH,500,0,0,h00,8881322863864966793
p2,A,499,1,0,h00,8881322863864966793
p2,B,317,183,0,h00,8881322863864966793
p2,C,20,93,387,h00,8881322863864966793
p2,Non-ROH,500,0,0,h00,8881322863864966793
p3,A,496,4,0,h00,8881322863864966793
p3,B,327,173,0,h00,8881322863864966793
p3,C,12,153,335,h00,8881322863864966793
p3,Non-ROH,500,0,0,h00,8881322863864966793
p1,A,430,70,0,h00,8898323182163987376
p1,B,101,389,10,h00,8898323182163987376
p1,C,21,94,385,h00,8898323182163987376
p1,Non-ROH,500,0,0,h00,8898323182163987376
p2,A,460,40,0,h00,8898323182163987376
p2,B,195,305,0,h00,8898323182163987376
p2,C,20,113,367,h00,8898323182163987376
p2,Non-ROH,500,0,0,h00,8898323182163987376
p3,A,473,27,0,h00,8898323182163987376
p3,B,285,215,0,h00,8898323182163987376
p3,C,9,120,371,h00,8898323182163987376
p3,Non-ROH,500,0,0,h00,8898323182163987376
p1,A,420,80,0,h00,892201126536219185
p1,B,114,375,11,h00,892201126536219185
p1,C,41,91,368,h00,892201126536219185
p1,Non-ROH,500,0,0,h00,892201126536219185
p2,A,487,13,0,h00,892201126536219185
p2,B,280,220,0,h00,892201126536219185
p2,C,24,132,344,h00,892201126536219185
p2,Non-ROH,500,0,0,h00,892201126536219185
p3,A,497,3,0,h00,892201126536219185
p3,B,319,181,0,h00,892201126536219185
p3,C,17,114,369,h00,892201126536219185
p3,Non-ROH,500,0,0,h00,892201126536219185
p1,A,390,110,0,h00,892849211236969083
p1,B,96,390,14,h00,892849211236969083
p1,C,36,101,363,h00,892849211236969083
p1,Non-ROH,500,0,0,h00,892849211236969083
p2,A,491,9,0,h00,892849211236969083
p2,B,246,254,0,h00,892849211236969083
p2,C,43,79,378,h00,892849211236969083
p2,Non-ROH,500,0,0,h00,892849211236969083
p3,A,494,6,0,h00,892849211236969083
p3,B,266,234,0,h00,892849211236969083
p3,C,20,91,389,h00,892849211236969083
p3,Non-ROH,500,0,0,h00,892849211236969083
p1,A,475,25,0,h00,8937232098722504595
p1,B,124,364,12,h00,8937232098722504595
p1,C,32,100,368,h00,8937232098722504595
p1,Non-ROH,500,0,0,h00,8937232098722504595
p2,A,500,0,0,h00,8937232098722504595
p2,B,217,283,0,h00,8937232098722504595
p2,C,20,145,335,h00,8937232098722504595
p2,Non-ROH,500,0,0,h00,8937232098722504595
p3,A,499,1,0,h00,8937232098722504595
p3,B,287,213,0,h00,8937232098722504595
p3,C,15,162,323,h00,8937232098722504595
p3,Non-ROH,500,0,0,h00,8937232098722504595
p1,A,459,41,0,h00,8961844850661227179
p1,B,93,386,21,h00,8961844850661227179
p1,C,24,114,362,h00,8961844850661227179
p1,Non-ROH,500,0,0,h00,8961844850661227179
p2,A,495,5,0,h00,8961844850661227179
p2,B,201,299,0,h00,8961844850661227179
p2,C,17,104,379,h00,8961844850661227179
p2,Non-ROH,500,0,0,h00,8961844850661227179
p3,A,497,3,0,h00,8961844850661227179
p3,B,255,245,0,h00,8961844850661227179
p3,C,13,109,378,h00,8961844850661227179
p3,Non-ROH,500,0,0,h00,8961844850661227179
p1,A,466,34,0,h00,8969014853050447058
p1,B,112,375,13,h00,8969014853050447058
p1,C,33,84,383,h00,8969014853050447058
p1,Non-ROH,500,0,0,h00,8969014853050447058
p2,A,499,1,0,h00,8969014853050447058
p2,B,259,241,0,h00,8969014853050447058
p2,C,26,97,377,h00,8969014853050447058
p2,Non-ROH,500,0,0,h00,8969014853050447058
p3,A,499,1,0,h00,8969014853050447058
p3,B,274,226,0,h00,8969014853050447058
p3,C,19,138,343,h00,8969014853050447058
p3,Non-ROH,500,0,0,h00,8969014853050447058
p1,A,394,106,0,h00,8970040591604040971
p1,B,95,388,17,h00,8970040591604040971
p1,C,31,106,363,h00,8970040591604040971
p1,Non-ROH,500,0,0,h00,8970040591604040971
p2,A,472,28,0,h00,8970040591604040971
p2,B,183,317,0,h00,8970040591604040971
p2,C,15,119,366,h00,8970040591604040971
p2,Non-ROH,500,0,0,h00,8970040591604040971
p3,A,483,17,0,h00,8970040591604040971
p3,B,256,244,0,h00,8970040591604040971
p3,C,5,145,350,h00,8970040591604040971
p3,Non-ROH,500,0,0,h00,8970040591604040971
p1,A,458,42,0,h00,8977154241724772450
p1,B,126,353,21,h00,8977154241724772450
p1,C,27,78,395,h00,8977154241724772450
p1,Non-ROH,500,0,0,h00,8977154241724772450
p2,A,500,0,0,h00,8977154241724772450
p2,B,263,237,0,h00,8977154241724772450
p2,C,21,116,363,h00,8977154241724772450
p2,Non-ROH,500,0,0,h00,8977154241724772450
p3,A,497,3,0,h00,8977154241724772450
p3,B,330,170,0,h00,8977154241724772450
p3,C,25,134,341,h00,8977154241724772450
p3,Non-ROH,500,0,0,h00,8977154241724772450
p1,A,465,35,0,h00,8981014070999155818
p1,B,87,395,18,h00,8981014070999155818
p1,C,31,93,376,h00,8981014070999155818
p1,Non-ROH,500,0,0,h00,8981014070999155818
p2,A,480,20,0,h00,8981014070999155818
p2,B,211,289,0,h00,8981014070999155818
p2,C,17,129,354,h00,8981014070999155818
p2,Non-ROH,500,0,0,h00,8981014070999155818
p3,A,496,4,0,h00,8981014070999155818
p3,B,298,202,0,h00,8981014070999155818
p3,C,14,109,377,h00,8981014070999155818
p3,Non-ROH,500,0,0,h00,8981014070999155818
p1,A,405,95,0,h00,8987739109041825911
p1,B,76,405,19,h00,8987739109041825911
p1,C,14,114,372,h00,8987739109041825911
p1,Non-ROH,500,0,0,h00,8987739109041825911
p2,A,479,21,0,h00,8987739109041825911
p2,B,174,326,0,h00,8987739109041825911
p2,C,16,113,371,h00,8987739109041825911
p2,Non-ROH,500,0,0,h00,8987739109041825911
p3,A,484,16,0,h00,8987739109041825911
p3,B,213,287,0,h00,8987739109041825911
p3,C,8,126,366,h00,8987739109041825911
p3,Non-ROH,500,0,0,h00,8987739109041825911
p1,A,464,36,0,h00,8988768191470560045
p1,B,121,362,17,h00,8988768191470560045
p1,C,32,88,380,h00,8988768191470560045
p1,Non-ROH,500,0,0,h00,8988768191470560045
p2,A,495,5,0,h00,8988768191470560045
p2,B,293,207,0,h00,8988768191470560045
p2,C,28,153,319,h00,8988768191470560045
p2,Non-ROH,500,0,0,h00,8988768191470560045
p3,A,498,2,0,h00,8988768191470560045
p3,B,372,128,0,h00,8988768191470560045
p3,C,26,110,364,h00,8988768191470560045
p3,Non-ROH,500,0,0,h00,8988768191470560045
p1,A,477,23,0,h00,9045931849552291715
p1,B,132,356,12,h00,9045931849552291715
p1,C,34,89,377,h00,9045931849552291715
p1,Non-ROH,500,0,0,h00,9045931849552291715
p2,A,491,9,0,h00,9045931849552291715
p2,B,250,250,0,h00,9045931849552291715
p2,C,24,94,382,h00,9045931849552291715
p2,Non-ROH,500,0,0,h00,9045931849552291715
p3,A,497,3,0,h00,9045931849552291715
p3,B,316,184,0,h00,9045931849552291715
p3,C,28,139,333,h00,9045931849552291715
p3,Non-ROH,500,0,0,h00,9045931849552291715
p1,A,429,71,0,h00,9046417628191875030
p1,B,100,388,12,h00,9046417628191875030
p1,C,27,126,347,h00,9046417628191875030
p1,Non-ROH,500,0,0,h00,9046417628191875030
p2,A,495,5,0,h00,9046417628191875030
p2,B,198,302,0,h00,9046417628191875030
p2,C,23,100,377,h00,9046417628191875030
p2,Non-ROH,500,0,0,h00,9046417628191875030
p3,A,490,10,0,h00,9046417628191875030
p3,B,252,248,0,h00,9046417628191875030
p3,C,19,117,364,h00,9046417628191875030
p3,Non-ROH,500,0,0,h00,9046417628191875030
p1,A,437,63,0,h00,9063079763754185006
p1,B,96,394,10,h00,9063079763754185006
p1,C,15,110,375,h00,9063079763754185006
p1,Non-ROH,500,0,0,h00,9063079763754185006
p2,A,495,5,0,h00,9063079763754185006
p2,B,235,265,0,h00,9063079763754185006
p2,C,17,144,339,h00,9063079763754185006
p2,Non-ROH,500,0,0,h00,9063079763754185006
p3,A,492,8,0,h00,9063079763754185006
p3,B,286,214,0,h00,9063079763754185006
p3,C,11,98,391,h00,9063079763754185006
p3,Non-ROH,500,0,0,h00,9063079763754185006
p1,A,421,79,0,h00,9084112811632084047
p1,B,94,395,11,h00,9084112811632084047
p1,C,28,108,364,h00,9084112811632084047
p1,Non-ROH,500,0,0,h00,9084112811632084047
p2,A,489,11,0,h00,9084112811632084047
p2,B,187,313,0,h00,9084112811632084047
p2,C,20,98,382,h00,9084112811632084047
p2,Non-ROH,500,0,0,h00,9084112811632084047
p3,A,490,10,0,h00,9084112811632084047
p3,B,285,215,0,h00,9084112811632084047
p3,C,50,90,360,h00,9084112811632084047
p3,Non-ROH,500,0,0,h00,9084112811632084047
p1,A,463,37,0,h00,9113704351732084032
p1,B,110,369,21,h00,9113704351732084032
p1,C,18,96,386,h00,9113704351732084032
p1,Non-ROH,500,0,0,h00,9113704351732084032
p2,A,498,2,0,h00,9113704351732084032
p2,B,226,274,0,h00,9113704351732084032
p2,C,8,100,392,h00,9113704351732084032
p2,Non-ROH,500,0,0,h00,9113704351732084032
p3,A,496,4,0,h00,9113704351732084032
p3,B,268,232,0,h00,9113704351732084032
p3,C,14,114,372,h00,9113704351732084032
p3,Non-ROH,500,0,0,h00,9113704351732084032
p1,A,440,60,0,h00,9120897301394250832
p1,B,103,386,11,h00,9120897301394250832
p1,C,28,99,373,h00,9120897301394250832
p1,Non-ROH,500,0,0,h00,9120897301394250832
p2,A,482,18,0,h00,9120897301394250832
p2,B,287,213,0,h00,9120897301394250832
p2,C,19,115,366,h00,9120897301394250832
p2,Non-ROH,500,0,0,h00,9120897301394250832
p3,A,493,7,0,h00,9120897301394250832
p3,B,268,232,0,h00,9120897301394250832
p3,C,16,126,358,h00,9120897301394250832
p3,Non-ROH,500,0,0,h00,9120897301394250832
p1,A,415,85,0,h00,9131753557599879226
p1,B,113,373,14,h00,9131753557599879226
p1,C,33,101,366,h00,9131753557599879226
p1,Non-ROH,500,0,0,h00,9131753557599879226
p2,A,481,19,0,h00,9131753557599879226
p2,B,279,221,0,h00,9131753557599879226
p2,C,25,125,350,h00,9131753557599879226
p2,Non-ROH,500,0,0,h00,9131753557599879226
p3,A,489,11,0,h00,9131753557599879226
p3,B,301,199,0,h00,9131753557599879226
p3,C,23,94,383,h00,9131753557599879226
p3,Non-ROH,500,0,0,h00,9131753557599879226
p1,A,481,19,0,h00,913400200492355452
p1,B,112,370,18,h00,913400200492355452
p1,C,35,108,357,h00,913400200492355452
p1,Non-ROH,500,0,0,h00,913400200492355452
p2,A,495,5,0,h00,913400200492355452
p2,B,208,292,0,h00,913400200492355452
p2,C,18,105,377,h00,913400200492355452
p2,Non-ROH,500,0,0,h00,913400200492355452
p3,A,499,1,0,h00,913400200492355452
p3,B,259,241,0,h00,913400200492355452
p3,C,23,95,382,h00,913400200492355452
p3,Non-ROH,500,0,0,h00,913400200492355452
p1,A,478,22,0,h00,9147380939632197605
p1,B,107,382,11,h00,9147380939632197605
p1,C,29,102,369,h00,9147380939632197605
p1,Non-ROH,500,0,0,h00,9147380939632197605
p2,A,496,4,0,h00,9147380939632197605
p2,B,240,259,1,h00,9147380939632197605
p2,C,14,104,382,h00,9147380939632197605
p2,Non-ROH,500,0,0,h00,9147380939632197605
p3,A,500,0,0,h00,9147380939632197605
p3,B,306,194,0,h00,9147380939632197605
p3,C,14,129,357,h00,9147380939632197605
p3,Non-ROH,500,0,0,h00,9147380939632197605
p1,A,432,68,0,h00,9160051777519494854
p1,B,97,390,13,h00,9160051777519494854
p1,C,22,116,362,h00,9160051777519494854
p1,Non-ROH,500,0,0,h00,9160051777519494854
p2,A,484,16,0,h00,9160051777519494854
p2,B,168,332,0,h00,9160051777519494854
p2,C,12,116,372,h00,9160051777519494854
p2,Non-ROH,500,0,0,h00,9160051777519494854
p3,A,484,16,0,h00,9160051777519494854
p3,B,259,241,0,h00,9160051777519494854
p3,C,13,161,326,h00,9160051777519494854
p3,Non-ROH,500,0,0,h00,9160051777519494854
p1,A,423,77,0,h00,916465942571193031
p1,B,81,401,18,h00,916465942571193031
p1,C,22,96,382,h00,916465942571193031
p1,Non-ROH,500,0,0,h00,916465942571193031
p2,A,497,3,0,h00,916465942571193031
p2,B,206,294,0,h00,916465942571193031
p2,C,22,108,370,h00,916465942571193031
p2,Non-ROH,500,0,0,h00,916465942571193031
p3,A,497,3,0,h00,916465942571193031
p3,B,232,268,0,h00,916465942571193031
p3,C,12,110,378,h00,916465942571193031
p3,Non-ROH,500,0,0,h00,916465942571193031
p1,A,464,36,0,h00,9169805848763918647
p1,B,102,385,13,h00,9169805848763918647
p1,C,28,87,385,h00,9169805848763918647
p1,Non-ROH,500,0,0,h00,9169805848763918647
p2,A,495,5,0,h00,9169805848763918647
p2,B,243,257,0,h00,9169805848763918647
p2,C,19,133,348,h00,9169805848763918647
p2,Non-ROH,500,0,0,h00,9169805848763918647
p3,A,497,3,0,h00,9169805848763918647
p3,B,328,172,0,h00,9169805848763918647
p3,C,17,123,360,h00,9169805848763918647
p3,Non-ROH,500,0,0,h00,9169805848763918647
p1,A,444,56,0,h00,918088812864975177
p1,B,92,391,17,h00,918088812864975177
p1,C,32,99,369,h00,918088812864975177
p1,Non-ROH,500,0,0,h00,918088812864975177
p2,A,484,16,0,h00,918088812864975177
p2,B,222,278,0,h00,918088812864975177
p2,C,17,117,366,h00,918088812864975177
p2,Non-ROH,500,0,0,h00,918088812864975177
p3,A,487,13,0,h00,918088812864975177
p3,B,257,243,0,h00,918088812864975177
p3,C,12,148,340,h00,918088812864975177
p3,Non-ROH,500,0,0,h00,918088812864975177
p1,A,455,45,0,h00,9199449143051999835
p1,B,95,382,23,h00,9199449143051999835
p1,C,25,89,386,h00,9199449143051999835
p1,Non-ROH,500,0,0,h00,9199449143051999835
p2,A,493,7,0,h00,9199449143051999835
p2,B,214,286,0,h00,9199449143051999835
p2,C,19,143,338,h00,9199449143051999835
p2,Non-ROH,500,0,0,h00,9199449143051999835
p3,A,499,1,0,h00,9199449143051999835
p3,B,281,219,0,h00,9199449143051999835
p3,C,21,135,344,h00,9199449143051999835
p3,Non-ROH,500,0,0,h00,9199449143051999835
p1,A,451,49,0,h00,9222986121209035511
p1,B,120,362,18,h00,9222986121209035511
p1,C,24,109,367,h00,9222986121209035511
p1,Non-ROH,500,0,0,h00,9222986121209035511
p2,A,496,4,0,h00,9222986121209035511
p2,B,291,209,0,h00,9222986121209035511
p2,C,19,132,349,h00,9222986121209035511
p2,Non-ROH,500,0,0,h00,9222986121209035511
p3,A,495,5,0,h00,9222986121209035511
p3,B,340,160,0,h00,9222986121209035511
p3,C,15,99,386,h00,9222986121209035511
p3,Non-ROH,500,0,0,h00,9222986121209035511
p1,A,476,24,0,h00,940373528300762006
p1,B,130,352,18,h00,940373528300762006
p1,C,38,102,360,h00,940373528300762006
p1,Non-ROH,500,0,0,h00,940373528300762006
p2,A,500,0,0,h00,940373528300762006
p2,B,299,201,0,h00,940373528300762006
p2,C,19,76,405,h00,940373528300762006
p2,Non-ROH,500,0,0,h00,940373528300762006
p3,A,498,2,0,h00,940373528300762006
p3,B,332,168,0,h00,940373528300762006
p3,C,21,109,370,h00,940373528300762006
p3,Non-ROH,500,0,0,h00,940373528300762006
p1,A,463,37,0,h00,947506197669724471
p1,B,105,381,14,h00,947506197669724471
p1,C,34,94,372,h00,947506197669724471
p1,Non-ROH,500,0,0,h00,947506197669724471
p2,A,500,0,0,h00,947506197669724471
p2,B,267,233,0,h00,947506197669724471
p2,C,19,95,386,h00,947506197669724471
p2,Non-ROH,500,0,0,h00,947506197669724471
p3,A,498,2,0,h00,947506197669724471
p3,B,307,193,0,h00,947506197669724471
p3,C,19,110,371,h00,947506197669724471
p3,Non-ROH,500,0,0,h00,947506197669724471
p1,A,484,16,0,h00,970080044080034050
p1,B,106,372,22,h00,970080044080034050
p1,C,39,88,373,h00,970080044080034050
p1,Non-ROH,500,0,0,h00,970080044080034050
p2,A,500,0,0,h00,970080044080034050
p2,B,272,228,0,h00,970080044080034050
p2,C,26,98,376,h00,970080044080034050
p2,Non-ROH,500,0,0,h00,970080044080034050
p3,A,498,2,0,h00,970080044080034050
p3,B,323,177,0,h00,970080044080034050
p3,C,22,142,336,h00,970080044080034050
p3,Non-ROH,500,0,0,h00,970080044080034050
p1,A,475,25,0,h00,973586120252853667
p1,B,140,348,12,h00,973586120252853667
p1,C,21,104,375,h00,973586120252853667
p1,Non-ROH,500,0,0,h00,973586120252853667
p2,A,493,7,0,h00,973586120252853667
p2,B,239,261,0,h00,973586120252853667
p2,C,18,120,362,h00,973586120252853667
p2,Non-ROH,500,0,0,h00,973586120252853667
p3,A,495,5,0,h00,973586120252853667
p3,B,288,212,0,h00,973586120252853667
p3,C,15,109,376,h00,973586120252853667
p3,Non-ROH,500,0,0,h00,973586120252853667
p1,A,455,45,0,h00,983308728926166689
p1,B,102,384,14,h00,983308728926166689
p1,C,26,98,376,h00,983308728926166689
p1,Non-ROH,500,0,0,h00,983308728926166689
p2,A,497,3,0,h00,983308728926166689
p2,B,246,254,0,h00,983308728926166689
p2,C,23,118,359,h00,983308728926166689
p2,Non-ROH,500,0,0,h00,983308728926166689
p3,A,499,1,0,h00,983308728926166689
p3,B,264,235,1,h00,983308728926166689
p3,C,19,131,350,h00,983308728926166689
p3,Non-ROH,500,0,0,h00,983308728926166689
p1,A,450,50,0,h00,991512821208445178
p1,B,141,350,9,h00,991512821208445178
p1,C,35,93,372,h00,991512821208445178
p1,Non-ROH,500,0,0,h00,991512821208445178
p2,A,492,8,0,h00,991512821208445178
p2,B,298,202,0,h00,991512821208445178
p2,C,23,98,379,h00,991512821208445178
p2,Non-ROH,500,0,0,h00,991512821208445178
p3,A,496,4,0,h00,991512821208445178
p3,B,313,187,0,h00,991512821208445178
p3,C,16,89,395,h00,991512821208445178
p3,Non-ROH,500,0,0,h00,991512821208445178
p1,A,403,97,0,h00,998901623164914020
p1,B,86,403,11,h00,998901623164914020
p1,C,32,101,367,h00,998901623164914020
p1,Non-ROH,500,0,0,h00,998901623164914020
p2,A,493,7,0,h00,998901623164914020
p2,B,219,281,0,h00,998901623164914020
p2,C,28,78,394,h00,998901623164914020
p2,Non-ROH,500,0,0,h00,998901623164914020
p3,A,498,2,0,h00,998901623164914020
p3,B,344,156,0,h00,998901623164914020
p3,C,23,106,371,h00,998901623164914020
p3,Non-ROH,500,0,0,h00,998901623164914020
p1,A,469,31,0,h05,1016222860425175782
p1,B,110,374,16,h05,1016222860425175782
p1,C,25,109,366,h05,1016222860425175782
p1,Non-ROH,500,0,0,h05,1016222860425175782
p2,A,498,2,0,h05,1016222860425175782
p2,B,250,250,0,h05,1016222860425175782
p2,C,17,118,365,h05,1016222860425175782
p2,Non-ROH,500,0,0,h05,1016222860425175782
p3,A,500,0,0,h05,1016222860425175782
p3,B,328,172,0,h05,1016222860425175782
p3,C,23,115,362,h05,1016222860425175782
p3,Non-ROH,500,0,0,h05,1016222860425175782
p1,A,468,32,0,h05,1044925868286936893
p1,B,114,365,21,h05,1044925868286936893
p1,C,34,101,365,h05,1044925868286936893
p1,Non-ROH,500,0,0,h05,1044925868286936893
p2,A,498,2,0,h05,1044925868286936893
p2,B,241,259,0,h05,1044925868286936893
p2,C,24,93,383,h05,1044925868286936893
p2,Non-ROH,500,0,0,h05,1044925868286936893
p3,A,500,0,0,h05,1044925868286936893
p3,B,331,169,0,h05,1044925868286936893
p3,C,32,89,379,h05,1044925868286936893
p3,Non-ROH,500,0,0,h05,1044925868286936893
p1,A,473,27,0,h05,1068320408325871245
p1,B,99,383,18,h05,1068320408325871245
p1,C,26,95,379,h05,1068320408325871245
p1,Non-ROH,500,0,0,h05,1068320408325871245
p2,A,498,2,0,h05,1068320408325871245
p2,B,228,272,0,h05,1068320408325871245
p2,C,15,129,356,h05,1068320408325871245
p2,Non-ROH,500,0,0,h05,1068320408325871245
p3,A,497,3,0,h05,1068320408325871245
p3,B,268,232,0,h05,1068320408325871245
p3,C,15,95,390,h05,1068320408325871245
p3,Non-ROH,500,0,0,h05,1068320408325871245
p1,A,430,70,0,h05,1075596764364027174
p1,B,71,416,13,h05,1075596764364027174
p1,C,17,122,361,h05,1075596764364027174
p1,Non-ROH,500,0,0,h05,1075596764364027174
p2,A,497,3,0,h05,1075596764364027174
p2,B,243,257,0,h05,1075596764364027174
p2,C,18,98,384,h05,1075596764364027174
p2,Non-ROH,500,0,0,h05,1075596764364027174
p3,A,496,4,0,h05,1075596764364027174
p3,B,245,255,0,h05,1075596764364027174
p3,C,14,119,367,h05,1075596764364027174
p3,Non-ROH,500,0,0,h05,1075596764364027174
p1,A,475,25,0,h05,1102172386766988392
p1,B,192,301,7,h05,1102172386766988392
p1,C,24,88,388,h05,1102172386766988392
p1,Non-ROH,500,0,0,h05,1102172386766988392
p2,A,499,1,0,h05,1102172386766988392
p2,B,282,218,0,h05,1102172386766988392
p2,C,24,178,298,h05,1102172386766988392
p2,Non-ROH,500,0,0,h05,1102172386766988392
p3,A,499,1,0,h05,1102172386766988392
p3,B,366,134,0,h05,1102172386766988392
p3,C,18,117,365,h05,1102172386766988392
p3,Non-ROH,500,0,0,h05,1102172386766988392
p1,A,449,51,0,h05,1119248656264676339
p1,B,77,409,14,h05,1119248656264676339
p1,C,22,116,362,h05,1119248656264676339
p1,Non-ROH,500,0,0,h05,1119248656264676339
p2,A,484,16,0,h05,1119248656264676339
p2,B,183,317,0,h05,1119248656264676339
p2,C,13,106,381,h05,1119248656264676339
p2,Non-ROH,500,0,0,h05,1119248656264676339
p3,A,486,14,0,h05,1119248656264676339
p3,B,208,292,0,h05,1119248656264676339
p3,C,8,154,338,h05,1119248656264676339
p3,Non-ROH,500,0,0,h05,1119248656264676339
p1,A,442,58,0,h05,1141794509654982754
p1,B,72,408,20,h05,1141794509654982754
p1,C,18,95,387,h05,1141794509654982754
p1,Non-ROH,500,0,0,h05,1141794509654982754
p2,A,499,1,0,h05,1141794509654982754
p2,B,185,315,0,h05,1141794509654982754
p2,C,18,84,398,h05,1141794509654982754
p2,Non-ROH,500,0,0,h05,1141794509654982754
p3,A,499,1,0,h05,1141794509654982754
p3,B,222,278,0,h05,1141794509654982754
p3,C,21,120,359,h05,1141794509654982754
p3,Non-ROH,500,0,0,h05,1141794509654982754
p1,A,419,81,0,h05,1167661324597895153
p1,B,89,392,19,h05,1167661324597895153
p1,C,25,102,373,h05,1167661324597895153
p1,Non-ROH,500,0,0,h05,1167661324597895153
p2,A,488,12,0,h05,1167661324597895153
p2,B,184,316,0,h05,1167661324597895153
p2,C,18,172,310,h05,1167661324597895153
p2,Non-ROH,500,0,0,h05,1167661324597895153
p3,A,486,14,0,h05,1167661324597895153
p3,B,246,254,0,h05,1167661324597895153
p3,C,26,185,289,h05,1167661324597895153
p3,Non-ROH,500,0,0,h05,1167661324597895153
p1,A,425,75,0,h05,1185190056737090375
p1,B,96,386,18,h05,1185190056737090375
p1,C,25,116,359,h05,1185190056737090375
p1,Non-ROH,500,0,0,h05,1185190056737090375
p2,A,485,15,0,h05,1185190056737090375
p2,B,255,245,0,h05,1185190056737090375
p2,C,16,109,375,h05,1185190056737090375
p2,Non-ROH,500,0,0,h05,1185190056737090375
p3,A,485,15,0,h05,1185190056737090375
p3,B,309,191,0,h05,1185190056737090375
p3,C,17,143,340,h05,1185190056737090375
p3,Non-ROH,500,0,0,h05,1185190056737090375
p1,A,448,52,0,h05,1230162842297416335
p1,B,89,403,8,h05,1230162842297416335
p1,C,27,94,379,h05,1230162842297416335
p1,Non-ROH,500,0,0,h05,1230162842297416335
p2,A,486,14,0,h05,1230162842297416335
p2,B,238,262,0,h05,1230162842297416335
p2,C,31,140,329,h05,1230162842297416335
p2,Non-ROH,500,0,0,h05,1230162842297416335
p3,A,494,6,0,h05,1230162842297416335
p3,B,287,213,0,h05,1230162842297416335
p3,C,23,152,325,h05,1230162842297416335
p3,Non-ROH,500,0,0,h05,1230162842297416335
p1,A,414,86,0,h05,1237229632974671180
p1,B,76,406,18,h05,1237229632974671180
p1,C,26,104,370,h05,1237229632974671180
p1,Non-ROH,500,0,0,h05,1237229632974671180
p2,A,487,13,0,h05,1237229632974671180
p2,B,169,331,0,h05,1237229632974671180
p2,C,15,100,385,h05,1237229632974671180
p2,Non-ROH,500,0,0,h05,1237229632974671180
p3,A,482,18,0,h05,1237229632974671180
p3,B,224,276,0,h05,1237229632974671180
p3,C,12,129,359,h05,1237229632974671180
p3,Non-ROH,500,0,0,h05,1237229632974671180
p1,A,471,29,0,h05,1273077629472787725
p1,B,124,368,8,h05,1273077629472787725
p1,C,26,83,391,h05,1273077629472787725
p1,Non-ROH,500,0,0,h05,1273077629472787725
p2,A,493,7,0,h05,1273077629472787725
p2,B,231,269,0,h05,1273077629472787725
p2,C,15,116,369,h05,1273077629472787725
p2,Non-ROH,500,0,0,h05,1273077629472787725
p3,A,497,3,0,h05,1273077629472787725
p3,B,287,213,0,h05,1273077629472787725
p3,C,12,151,337,h05,1273077629472787725
p3,Non-ROH,500,0,0,h05,1273077629472787725
p1,A,448,52,0,h05,1288620110985989366
p1,B,125,365,10,h05,1288620110985989366
p1,C,25,115,360,h05,1288620110985989366
p1,Non-ROH,500,0,0,h05,1288620110985989366
p2,A,498,2,0,h05,1288620110985989366
p2,B,316,184,0,h05,1288620110985989366
p2,C,13,120,367,h05,1288620110985989366
p2,Non-ROH,500,0,0,h05,1288620110985989366
p3,A,498,2,0,h05,1288620110985989366
p3,B,285,215,0,h05,1288620110985989366
p3,C,14,125,361,h05,1288620110985989366
p3,Non-ROH,500,0,0,h05,1288620110985989366
p1,A,449,51,0,h05,1293082097569055036
p1,B,99,384,17,h05,1293082097569055036
p1,C,22,131,347,h05,1293082097569055036
p1,Non-ROH,500,0,0,h05,1293082097569055036
p2,A,496,4,0,h05,1293082097569055036
p2,B,236,264,0,h05,1293082097569055036
p2,C,18,115,367,h05,1293082097569055036
p2,Non-ROH,500,0,0,h05,1293082097569055036
p3,A,489,11,0,h05,1293082097569055036
p3,B,295,205,0,h05,1293082097569055036
p3,C,12,176,312,h05,1293082097569055036
p3,Non-ROH,500,0,0,h05,1293082097569055036
p1,A,463,37,0,h05,130100008647773760
p1,B,116,371,13,h05,130100008647773760
p1,C,29,92,379,h05,130100008647773760
p1,Non-ROH,500,0,0,h05,130100008647773760
p2,A,495,5,0,h05,130100008647773760
p2,B,231,268,1,h05,130100008647773760
p2,C,22,137,341,h05,130100008647773760
p2,Non-ROH,500,0,0,h05,130100008647773760
p3,A,500,0,0,h05,130100008647773760
p3,B,315,185,0,h05,130100008647773760
p3,C,18,136,346,h05,130100008647773760
p3,Non-ROH,500,0,0,h05,130100008647773760
p1,A,446,54,0,h05,1310092479884381886
p1,B,83,398,19,h05,1310092479884381886
p1,C,26,92,382,h05,1310092479884381886
p1,Non-ROH,500,0,0,h05,1310092479884381886
p2,A,491,9,0,h05,1310092479884381886
p2,B,207,293,0,h05,1310092479884381886
p2,C,24,106,370,h05,1310092479884381886
p2,Non-ROH,500,0,0,h05,1310092479884381886
p3,A,496,4,0,h05,1310092479884381886
p3,B,245,255,0,h05,1310092479884381886
p3,C,17,127,356,h05,1310092479884381886
p3,Non-ROH,500,0,0,h05,1310092479884381886
p1,A,422,78,0,h05,13140534111571587
p1,B,93,395,12,h05,13140534111571587
p1,C,13,107,380,h05,13140534111571587
p1,Non-ROH,500,0,0,h05,13140534111571587
p2,A,476,24,0,h05,13140534111571587
p2,B,246,254,0,h05,13140534111571587
p2,C,17,105,378,h05,13140534111571587
p2,Non-ROH,500,0,0,h05,13140534111571587
p3,A,492,8,0,h05,13140534111571587
p3,B,351,149,0,h05,13140534111571587
p3,C,14,129,357,h05,13140534111571587
p3,Non-ROH,500,0,0,h05,13140534111571587
p1,A,429,71,0,h05,1326687900884774118
p1,B,82,406,12,h05,1326687900884774118
p1,C,20,95,385,h05,1326687900884774118
p1,Non-ROH,500,0,0,h05,1326687900884774118
p2,A,492,8,0,h05,1326687900884774118
p2,B,208,292,0,h05,1326687900884774118
p2,C,14,110,376,h05,1326687900884774118
p2,Non-ROH,500,0,0,h05,1326687900884774118
p3,A,497,3,0,h05,1326687900884774118
p3,B,251,249,0,h05,1326687900884774118
p3,C,18,135,347,h05,1326687900884774118
p3,Non-ROH,500,0,0,h05,1326687900884774118
p1,A,445,55,0,h05,1364472538958108470
p1,B,127,360,13,h05,1364472538958108470
p1,C,24,110,366,h05,1364472538958108470
p1,Non-ROH,500,0,0,h05,1364472538958108470
p2,A,494,6,0,h05,1364472538958108470
p2,B,182,318,0,h05,1364472538958108470
p2,C,15,94,391,h05,1364472538958108470
p2,Non-ROH,500,0,0,h05,1364472538958108470
p3,A,491,9,0,h05,1364472538958108470
p3,B,216,284,0,h05,1364472538958108470
p3,C,12,126,362,h05,1364472538958108470
p3,Non-ROH,500,0,0,h05,1364472538958108470
p1,A,456,44,0,h05,1405442266060743962
p1,B,100,388,12,h05,1405442266060743962
p1,C,28,103,369,h05,1405442266060743962
p1,Non-ROH,500,0,0,h05,1405442266060743962
p2,A,479,21,0,h05,1405442266060743962
p2,B,231,269,0,h05,1405442266060743962
p2,C,27,117,356,h05,1405442266060743962
p2,Non-ROH,500,0,0,h05,1405442266060743962
p3,A,487,13,0,h05,1405442266060743962
p3,B,283,217,0,h05,1405442266060743962
p3,C,37,88,375,h05,1405442266060743962
p3,Non-ROH,500,0,0,h05,1405442266060743962
p1,A,350,150,0,h05,1406115186973936958
p1,B,72,417,11,h05,1406115186973936958
p1,C,15,97,388,h05,1406115186973936958
p1,Non-ROH,500,0,0,h05,1406115186973936958
p2,A,476,24,0,h05,1406115186973936958
p2,B,218,282,0,h05,1406115186973936958
p2,C,19,94,387,h05,1406115186973936958
p2,Non-ROH,500,0,0,h05,1406115186973936958
p3,A,476,24,0,h05,1406115186973936958
p3,B,248,252,0,h05,1406115186973936958
p3,C,24,130,346,h05,1406115186973936958
p3,Non-ROH,500,0,0,h05,1406115186973936958
p1,A,459,41,0,h05,1410871317181049370
p1,B,126,361,13,h05,1410871317181049370
p1,C,31,84,385,h05,1410871317181049370
p1,Non-ROH,500,0,0,h05,1410871317181049370
p2,A,498,2,0,h05,1410871317181049370
p2,B,241,259,0,h05,1410871317181049370
p2,C,17,113,370,h05,1410871317181049370
p2,Non-ROH,500,0,0,h05,1410871317181049370
p3,A,493,7,0,h05,1410871317181049370
p3,B,275,225,0,h05,1410871317181049370
p3,C,9,153,338,h05,1410871317181049370
p3,Non-ROH,500,0,0,h05,1410871317181049370
p1,A,453,47,0,h05,1445287144514026263
p1,B,115,368,17,h05,1445287144514026263
p1,C,22,98,380,h05,1445287144514026263
p1,Non-ROH,500,0,0,h05,1445287144514026263
p2,A,496,4,0,h05,1445287144514026263
p2,B,322,178,0,h05,1445287144514026263
p2,C,29,96,375,h05,1445287144514026263
p2,Non-ROH,500,0,0,h05,1445287144514026263
p3,A,497,3,0,h05,1445287144514026263
p3,B,332,168,0,h05,1445287144514026263
p3,C,19,100,381,h05,1445287144514026263
p3,Non-ROH,500,0,0,h05,1445287144514026263
p1,A,471,29,0,h05,1453620472743434751
p1,B,122,368,10,h05,1453620472743434751
p1,C,29,96,375,h05,1453620472743434751
p1,Non-ROH,500,0,0,h05,1453620472743434751
p2,A,498,2,0,h05,1453620472743434751
p2,B,237,263,0,h05,1453620472743434751
p2,C,24,99,377,h05,1453620472743434751
p2,Non-ROH,500,0,0,h05,1453620472743434751
p3,A,499,1,0,h05,1453620472743434751
p3,B,301,199,0,h05,1453620472743434751
p3,C,18,116,366,h05,1453620472743434751
p3,Non-ROH,500,0,0,h05,1453620472743434751
p1,A,441,59,0,h05,1455876525285143988
p1,B,128,358,14,h05,1455876525285143988
p1,C,21,100,379,h05,1455876525285143988
p1,Non-ROH,500,0,0,h05,1455876525285143988
p2,A,495,5,0,h05,1455876525285143988
p2,B,236,264,0,h05,1455876525285143988
p2,C,19,142,339,h05,1455876525285143988
p2,Non-ROH,500,0,0,h05,1455876525285143988
p3,A,500,0,0,h05,1455876525285143988
p3,B,308,192,0,h05,1455876525285143988
p3,C,14,120,366,h05,1455876525285143988
p3,Non-ROH,500,0,0,h05,1455876525285143988
p1,A,458,42,0,h05,1471122461657744917
p1,B,122,357,21,h05,1471122461657744917
p1,C,28,100,372,h05,1471122461657744917
p1,Non-ROH,500,0,0,h05,1471122461657744917
p2,A,494,6,0,h05,1471122461657744917
p2,B,249,251,0,h05,1471122461657744917
p2,C,29,95,376,h05,1471122461657744917
p2,Non-ROH,500,0,0,h05,1471122461657744917
p3,A,499,1,0,h05,1471122461657744917
p3,B,317,183,0,h05,1471122461657744917
p3,C,34,114,352,h05,1471122461657744917
p3,Non-ROH,500,0,0,h05,1471122461657744917
p1,A,415,85,0,h05,1479147959489444654
p1,B,54,424,22,h05,1479147959489444654
p1,C,23,111,366,h05,1479147959489444654
p1,Non-ROH,500,0,0,h05,1479147959489444654
p2,A,496,4,0,h05,1479147959489444654
p2,B,182,318,0,h05,1479147959489444654
p2,C,37,154,309,h05,1479147959489444654
p2,Non-ROH,500,0,0,h05,1479147959489444654
p3,A,498,2,0,h05,1479147959489444654
p3,B,247,253,0,h05,1479147959489444654
p3,C,11,145,344,h05,1479147959489444654
p3,Non-ROH,500,0,0,h05,1479147959489444654
p1,A,419,81,0,h05,1484155497122323042
p1,B,105,378,17,h05,1484155497122323042
p1,C,31,102,367,h05,1484155497122323042
p1,Non-ROH,500,0,0,h05,1484155497122323042
p2,A,480,20,0,h05,1484155497122323042
p2,B,229,271,0,h05,1484155497122323042
p2,C,15,126,359,h05,1484155497122323042
p2,Non-ROH,500,0,0,h05,1484155497122323042
p3,A,484,16,0,h05,1484155497122323042
p3,B,226,274,0,h05,1484155497122323042
p3,C,11,108,381,h05,1484155497122323042
p3,Non-ROH,500,0,0,h05,1484155497122323042
p1,A,448,52,0,h05,1487709032117485537
p1,B,84,405,11,h05,1487709032117485537
p1,C,23,126,351,h05,1487709032117485537
p1,Non-ROH,500,0,0,h05,1487709032117485537
p2,A,482,18,0,h05,1487709032117485537
p2,B,172,328,0,h05,1487709032117485537
p2,C,15,142,343,h05,1487709032117485537
p2,Non-ROH,500,0,0,h05,1487709032117485537
p3,A,483,17,0,h05,1487709032117485537
p3,B,232,268,0,h05,1487709032117485537
p3,C,17,193,290,h05,1487709032117485537
p3,Non-ROH,500,0,0,h05,1487709032117485537
p1,A,465,35,0,h05,1519488294889118655
p1,B,90,388,22,h05,1519488294889118655
p1,C,29,102,369,h05,1519488294889118655
p1,Non-ROH,500,0,0,h05,1519488294889118655
p2,A,492,8,0,h05,1519488294889118655
p2,B,230,269,1,h05,1519488294889118655
p2,C,16,128,356,h05,1519488294889118655
p2,Non-ROH,500,0,0,h05,1519488294889118655
p3,A,497,3,0,h05,1519488294889118655
p3,B,275,225,0,h05,1519488294889118655
p3,C,16,141,343,h05,1519488294889118655
p3,Non-ROH,500,0,0,h05,1519488294889118655
p1,A,449,51,0,h05,1533005286116646433
p1,B,68,422,10,h05,1533005286116646433
p1,C,27,95,378,h05,1533005286116646433
p1,Non-ROH,500,0,0,h05,1533005286116646433
p2,A,494,6,0,h05,1533005286116646433
p2,B,205,295,0,h05,1533005286116646433
p2,C,16,120,364,h05,1533005286116646433
p2,Non-ROH,500,0,0,h05,1533005286116646433
p3,A,495,5,0,h05,1533005286116646433
p3,B,214,286,0,h05,1533005286116646433
p3,C,19,114,367,h05,1533005286116646433
p3,Non-ROH,500,0,0,h05,1533005286116646433
p1,A,474,26,0,h05,154290695271280531
p1,B,121,370,9,h05,154290695271280531
p1,C,35,89,376,h05,154290695271280531
p1,Non-ROH,500,0,0,h05,154290695271280531
p2,A,498,2,0,h05,154290695271280531
p2,B,265,235,0,h05,154290695271280531
p2,C,30,150,320,h05,154290695271280531
p2,Non-ROH,500,0,0,h05,154290695271280531
p3,A,500,0,0,h05,154290695271280531
p3,B,329,171,0,h05,154290695271280531
p3,C,22,99,379,h05,154290695271280531
p3,Non-ROH,500,0,0,h05,154290695271280531
p1,A,461,39,0,h05,1565019962701827065
p1,B,163,327,10,h05,1565019962701827065
p1,C,36,95,369,h05,1565019962701827065
p1,Non-ROH,500,0,0,h05,1565019962701827065
p2,A,498,2,0,h05,1565019962701827065
p2,B,329,171,0,h05,1565019962701827065
p2,C,20,106,374,h05,1565019962701827065
p2,Non-ROH,500,0,0,h05,1565019962701827065
p3,A,497,3,0,h05,1565019962701827065
p3,B,378,122,0,h05,1565019962701827065
p3,C,11,145,344,h05,1565019962701827065
p3,Non-ROH,500,0,0,h05,1565019962701827065
p1,A,426,74,0,h05,1574986924920696886
p1,B,118,368,14,h05,1574986924920696886
p1,C,25,115,360,h05,1574986924920696886
p1,Non-ROH,500,0,0,h05,1574986924920696886
p2,A,494,6,0,h05,1574986924920696886
p2,B,278,222,0,h05,1574986924920696886
p2,C,16,101,383,h05,1574986924920696886
p2,Non-ROH,500,0,0,h05,1574986924920696886
p3,A,476,24,0,h05,1574986924920696886
p3,B,286,214,0,h05,1574986924920696886
p3,C,12,104,384,h05,1574986924920696886
p3,Non-ROH,500,0,0,h05,1574986924920696886
p1,A,425,75,0,h05,1580349572671575590
p1,B,71,409,20,h05,1580349572671575590
p1,C,19,120,361,h05,1580349572671575590
p1,Non-ROH,500,0,0,h05,1580349572671575590
p2,A,488,12,0,h05,1580349572671575590
p2,B,154,346,0,h05,1580349572671575590
p2,C,13,119,368,h05,1580349572671575590
p2,Non-ROH,500,0,0,h05,1580349572671575590
p3,A,493,7,0,h05,1580349572671575590
p3,B,264,236,0,h05,1580349572671575590
p3,C,15,109,376,h05,1580349572671575590
p3,Non-ROH,500,0,0,h05,1580349572671575590
p1,A,478,22,0,h05,1598982521497360455
p1,B,150,333,17,h05,1598982521497360455
p1,C,32,114,354,h05,1598982521497360455
p1,Non-ROH,500,0,0,h05,1598982521497360455
p2,A,499,1,0,h05,1598982521497360455
p2,B,290,210,0,h05,1598982521497360455
p2,C,28,157,315,h05,1598982521497360455
p2,Non-ROH,500,0,0,h05,1598982521497360455
p3,A,500,0,0,h05,1598982521497360455
p3,B,359,141,0,h05,1598982521497360455
p3,C,17,211,272,h05,1598982521497360455
p3,Non-ROH,500,0,0,h05,1598982521497360455
p1,A,405,95,0,h05,1603482522434575725
p1,B,104,378,18,h05,1603482522434575725
p1,C,21,107,372,h05,1603482522434575725
p1,Non-ROH,500,0,0,h05,1603482522434575725
p2,A,490,10,0,h05,1603482522434575725
p2,B,251,249,0,h05,1603482522434575725
p2,C,14,133,353,h05,1603482522434575725
p2,Non-ROH,500,0,0,h05,1603482522434575725
p3,A,496,4,0,h05,1603482522434575725
p3,B,280,220,0,h05,1603482522434575725
p3,C,18,118,364,h05,1603482522434575725
p3,Non-ROH,500,0,0,h05,1603482522434575725
p1,A,436,64,0,h05,1604681021256874423
p1,B,91,397,12,h05,1604681021256874423
p1,C,25,109,366,h05,1604681021256874423
p1,Non-ROH,500,0,0,h05,1604681021256874423
p2,A,489,11,0,h05,1604681021256874423
p2,B,230,270,0,h05,1604681021256874423
p2,C,12,117,371,h05,1604681021256874423
p2,Non-ROH,500,0,0,h05,1604681021256874423
p3,A,498,2,0,h05,1604681021256874423
p3,B,277,223,0,h05,1604681021256874423
p3,C,10,158,332,h05,1604681021256874423
p3,Non-ROH,500,0,0,h05,1604681021256874423
p1,A,431,69,0,h05,1615819314104942434
p1,B,85,391,24,h05,1615819314104942434
p1,C,24,103,373,h05,1615819314104942434
p1,Non-ROH,500,0,0,h05,1615819314104942434
p2,A,488,12,0,h05,1615819314104942434
p2,B,210,289,1,h05,1615819314104942434
p2,C,12,99,389,h05,1615819314104942434
p2,Non-ROH,500,0,0,h05,1615819314104942434
p3,A,493,7,0,h05,1615819314104942434
p3,B,256,244,0,h05,1615819314104942434
p3,C,12,173,315,h05,1615819314104942434
p3,Non-ROH,500,0,0,h05,1615819314104942434
p1,A,456,44,0,h05,1619664180015500196
p1,B,87,402,11,h05,1619664180015500196
p1,C,29,76,395,h05,1619664180015500196
p1,Non-ROH,500,0,0,h05,1619664180015500196
p2,A,492,8,0,h05,1619664180015500196
p2,B,232,268,0,h05,1619664180015500196
p2,C,19,114,367,h05,1619664180015500196
p2,Non-ROH,500,0,0,h05,1619664180015500196
p3,A,500,0,0,h05,1619664180015500196
p3,B,292,208,0,h05,1619664180015500196
p3,C,31,166,303,h05,1619664180015500196
p3,Non-ROH,500,0,0,h05,1619664180015500196
p1,A,410,90,0,h05,1623295449045941515
p1,B,81,403,16,h05,1623295449045941515
p1,C,21,126,353,h05,1623295449045941515
p1,Non-ROH,500,0,0,h05,1623295449045941515
p2,A,489,11,0,h05,1623295449045941515
p2,B,152,348,0,h05,1623295449045941515
p2,C,12,92,396,h05,1623295449045941515
p2,Non-ROH,500,0,0,h05,1623295449045941515
p3,A,485,15,0,h05,1623295449045941515
p3,B,216,284,0,h05,1623295449045941515
p3,C,8,106,386,h05,1623295449045941515
p3,Non-ROH,500,0,0,h05,1623295449045941515
p1,A,451,49,0,h05,1634236169178787339
p1,B,98,385,17,h05,1634236169178787339
p1,C,17,104,379,h05,1634236169178787339
p1,Non-ROH,500,0,0,h05,1634236169178787339
p2,A,490,10,0,h05,1634236169178787339
p2,B,197,303,0,h05,1634236169178787339
p2,C,17,112,371,h05,1634236169178787339
p2,Non-ROH,500,0,0,h05,1634236169178787339
p3,A,497,3,0,h05,1634236169178787339
p3,B,238,262,0,h05,1634236169178787339
p3,C,15,150,335,h05,1634236169178787339
p3,Non-ROH,500,0,0,h05,1634236169178787339
p1,A,456,44,0,h05,1655396935501401630
p1,B,84,397,19,h05,1655396935501401630
p1,C,20,109,371,h05,1655396935501401630
p1,Non-ROH,500,0,0,h05,1655396935501401630
p2,A,492,8,0,h05,1655396935501401630
p2,B,161,339,0,h05,1655396935501401630
p2,C,19,157,324,h05,1655396935501401630
p2,Non-ROH,500,0,0,h05,1655396935501401630
p3,A,499,1,0,h05,1655396935501401630
p3,B,228,272,0,h05,1655396935501401630
p3,C,16,102,382,h05,1655396935501401630
p3,Non-ROH,500,0,0,h05,1655396935501401630
p1,A,450,50,0,h05,1658739413120076468
p1,B,109,374,17,h05,1658739413120076468
p1,C,22,89,389,h05,1658739413120076468
p1,Non-ROH,500,0,0,h05,1658739413120076468
p2,A,495,5,0,h05,1658739413120076468
p2,B,232,268,0,h05,1658739413120076468
p2,C,21,97,382,h05,1658739413120076468
p2,Non-ROH,500,0,0,h05,1658739413120076468
p3,A,479,21,0,h05,1658739413120076468
p3,B,308,192,0,h05,1658739413120076468
p3,C,15,125,360,h05,1658739413120076468
p3,Non-ROH,500,0,0,h05,1658739413120076468
p1,A,475,25,0,h05,1672594961519705124
p1,B,111,375,14,h05,1672594961519705124
p1,C,32,103,365,h05,1672594961519705124
p1,Non-ROH,500,0,0,h05,1672594961519705124
p2,A,499,1,0,h05,1672594961519705124
p2,B,276,224,0,h05,1672594961519705124
p2,C,26,120,354,h05,1672594961519705124
p2,Non-ROH,500,0,0,h05,1672594961519705124
p3,A,500,0,0,h05,1672594961519705124
p3,B,306,194,0,h05,1672594961519705124
p3,C,15,113,372,h05,1672594961519705124
p3,Non-ROH,500,0,0,h05,1672594961519705124
p1,A,424,76,0,h05,1763285806016433646
p1,B,94,389,17,h05,1763285806016433646
p1,C,21,109,370,h05,1763285806016433646
p1,Non-ROH,500,0,0,h05,1763285806016433646
p2,A,478,22,0,h05,1763285806016433646
p2,B,242,258,0,h05,1763285806016433646
p2,C,13,143,344,h05,1763285806016433646
p2,Non-ROH,500,0,0,h05,1763285806016433646
p3,A,494,6,0,h05,1763285806016433646
p3,B,227,273,0,h05,1763285806016433646
p3,C,13,114,373,h05,1763285806016433646
p3,Non-ROH,500,0,0,h05,1763285806016433646
p1,A,415,85,0,h05,1786475875956838267
p1,B,112,377,11,h05,1786475875956838267
p1,C,25,130,345,h05,1786475875956838267
p1,Non-ROH,500,0,0,h05,1786475875956838267
p2,A,481,19,0,h05,1786475875956838267
p2,B,241,259,0,h05,1786475875956838267
p2,C,15,153,332,h05,1786475875956838267
p2,Non-ROH,500,0,0,h05,1786475875956838267
p3,A,488,12,0,h05,1786475875956838267
p3,B,278,222,0,h05,1786475875956838267
p3,C,12,121,367,h05,1786475875956838267
p3,Non-ROH,500,0,0,h05,1786475875956838267
p1,A,446,54,0,h05,1792714074386981780
p1,B,90,395,15,h05,1792714074386981780
p1,C,28,99,373,h05,1792714074386981780
p1,Non-ROH,500,0,0,h05,1792714074386981780
p2,A,488,12,0,h05,1792714074386981780
p2,B,220,280,0,h05,1792714074386981780
p2,C,17,113,370,h05,1792714074386981780
p2,Non-ROH,500,0,0,h05,1792714074386981780
p3,A,492,8,0,h05,1792714074386981780
p3,B,277,223,0,h05,1792714074386981780
p3,C,12,104,384,h05,1792714074386981780
p3,Non-ROH,500,0,0,h05,1792714074386981780
p1,A,403,97,0,h05,1817791909450168358
p1,B,64,419,17,h05,1817791909450168358
p1,C,22,110,368,h05,1817791909450168358
p1,Non-ROH,500,0,0,h05,1817791909450168358
p2,A,474,26,0,h05,1817791909450168358
p2,B,133,367,0,h05,1817791909450168358
p2,C,11,147,342,h05,1817791909450168358
p2,Non-ROH,500,0,0,h05,1817791909450168358
p3,A,472,28,0,h05,1817791909450168358
p3,B,182,318,0,h05,1817791909450168358
p3,C,8,115,377,h05,1817791909450168358
p3,Non-ROH,500,0,0,h05,1817791909450168358
p1,A,445,55,0,h05,1827693092105995524
p1,B,71,407,22,h05,1827693092105995524
p1,C,26,95,379,h05,1827693092105995524
p1,Non-ROH,500,0,0,h05,1827693092105995524
p2,A,497,3,0,h05,1827693092105995524
p2,B,224,276,0,h05,1827693092105995524
p2,C,18,116,366,h05,1827693092105995524
p2,Non-ROH,500,0,0,h05,1827693092105995524
p3,A,498,2,0,h05,1827693092105995524
p3,B,242,258,0,h05,1827693092105995524
p3,C,13,150,337,h05,1827693092105995524
p3,Non-ROH,500,0,0,h05,1827693092105995524
p1,A,423,77,0,h05,1831696679398629868
p1,B,64,421,15,h05,1831696679398629868
p1,C,22,97,381,h05,1831696679398629868
p1,Non-ROH,500,0,0,h05,1831696679398629868
p2,A,492,8,0,h05,1831696679398629868
p2,B,160,340,0,h05,1831696679398629868
p2,C,16,184,300,h05,1831696679398629868
p2,Non-ROH,500,0,0,h05,1831696679398629868
p3,A,493,7,0,h05,1831696679398629868
p3,B,204,296,0,h05,1831696679398629868
p3,C,8,149,343,h05,1831696679398629868
p3,Non-ROH,500,0,0,h05,1831696679398629868
p1,A,443,57,0,h05,1831757781164456331
p1,B,90,397,13,h05,1831757781164456331
p1,C,22,96,382,h05,1831757781164456331
p1,Non-ROH,500,0,0,h05,1831757781164456331
p2,A,492,8,0,h05,1831757781164456331
p2,B,232,267,1,h05,1831757781164456331
p2,C,12,109,379,h05,1831757781164456331
p2,Non-ROH,500,0,0,h05,1831757781164456331
p3,A,498,2,0,h05,1831757781164456331
p3,B,318,182,0,h05,1831757781164456331
p3,C,10,105,385,h05,1831757781164456331
p3,Non-ROH,500,0,0,h05,1831757781164456331
p1,A,389,111,0,h05,1835493084086831041
p1,B,78,410,12,h05,1835493084086831041
p1,C,26,119,355,h05,1835493084086831041
p1,Non-ROH,500,0,0,h05,1835493084086831041
p2,A,486,14,0,h05,1835493084086831041
p2,B,149,351,0,h05,1835493084086831041
p2,C,11,126,363,h05,1835493084086831041
p2,Non-ROH,500,0,0,h05,1835493084086831041
p3,A,486,14,0,h05,1835493084086831041
p3,B,201,299,0,h05,1835493084086831041
p3,C,11,216,273,h05,1835493084086831041
p3,Non-ROH,500,0,0,h05,1835493084086831041
p1,A,459,41,0,h05,1835603583948599021
p1,B,85,400,15,h05,1835603583948599021
p1,C,26,112,362,h05,1835603583948599021
p1,Non-ROH,500,0,0,h05,1835603583948599021
p2,A,497,3,0,h05,1835603583948599021
p2,B,233,267,0,h05,1835603583948599021
p2,C,23,128,349,h05,1835603583948599021
p2,Non-ROH,500,0,0,h05,1835603583948599021
p3,A,495,5,0,h05,1835603583948599021
p3,B,266,234,0,h05,1835603583948599021
p3,C,16,177,307,h05,1835603583948599021
p3,Non-ROH,500,0,0,h05,1835603583948599021
p1,A,433,67,0,h05,1850311416494250713
p1,B,78,406,16,h05,1850311416494250713
p1,C,25,118,357,h05,1850311416494250713
p1,Non-ROH,500,0,0,h05,1850311416494250713
p2,A,494,6,0,h05,1850311416494250713
p2,B,164,336,0,h05,1850311416494250713
p2,C,24,117,359,h05,1850311416494250713
p2,Non-ROH,500,0,0,h05,1850311416494250713
p3,A,486,14,0,h05,1850311416494250713
p3,B,217,283,0,h05,1850311416494250713
p3,C,16,157,327,h05,1850311416494250713
p3,Non-ROH,500,0,0,h05,1850311416494250713
p1,A,434,66,0,h05,1872782207674529856
p1,B,62,422,16,h05,1872782207674529856
p1,C,27,104,369,h05,1872782207674529856
p1,Non-ROH,500,0,0,h05,1872782207674529856
p2,A,475,25,0,h05,1872782207674529856
p2,B,176,324,0,h05,1872782207674529856
p2,C,11,149,340,h05,1872782207674529856
p2,Non-ROH,500,0,0,h05,1872782207674529856
p3,A,492,8,0,h05,1872782207674529856
p3,B,203,297,0,h05,1872782207674529856
p3,C,17,156,327,h05,1872782207674529856
p3,Non-ROH,500,0,0,h05,1872782207674529856
p1,A,480,20,0,h05,1890430071228034980
p1,B,169,316,15,h05,1890430071228034980
p1,C,31,101,368,h05,1890430071228034980
p1,Non-ROH,500,0,0,h05,1890430071228034980
p2,A,493,7,0,h05,1890430071228034980
p2,B,335,165,0,h05,1890430071228034980
p2,C,26,80,394,h05,1890430071228034980
p2,Non-ROH,500,0,0,h05,1890430071228034980
p3,A,497,3,0,h05,1890430071228034980
p3,B,378,122,0,h05,1890430071228034980
p3,C,43,126,331,h05,1890430071228034980
p3,Non-ROH,500,0,0,h05,1890430071228034980
p1,A,452,48,0,h05,1894195556906630430
p1,B,84,406,10,h05,1894195556906630430
p1,C,27,83,390,h05,1894195556906630430
p1,Non-ROH,500,0,0,h05,1894195556906630430
p2,A,491,9,0,h05,1894195556906630430
p2,B,213,287,0,h05,1894195556906630430
p2,C,18,117,365,h05,1894195556906630430
p2,Non-ROH,500,0,0,h05,1894195556906630430
p3,A,492,8,0,h05,1894195556906630430
p3,B,266,234,0,h05,1894195556906630430
p3,C,13,149,338,h05,1894195556906630430
p3,Non-ROH,500,0,0,h05,1894195556906630430
p1,A,419,81,0,h05,1912308451502797870
p1,B,113,364,23,h05,1912308451502797870
p1,C,17,100,383,h05,1912308451502797870
p1,Non-ROH,500,0,0,h05,1912308451502797870
p2,A,491,9,0,h05,1912308451502797870
p2,B,249,251,0,h05,1912308451502797870
p2,C,19,183,298,h05,1912308451502797870
p2,Non-ROH,500,0,0,h05,1912308451502797870
p3,A,487,13,0,h05,1912308451502797870
p3,B,309,191,0,h05,1912308451502797870
p3,C,20,147,333,h05,1912308451502797870
p3,Non-ROH,500,0,0,h05,1912308451502797870
p1,A,462,38,0,h05,1955415757962736301
p1,B,89,388,23,h05,1955415757962736301
p1,C,30,105,365,h05,1955415757962736301
p1,Non-ROH,500,0,0,h05,1955415757962736301
p2,A,498,2,0,h05,1955415757962736301
p2,B,201,299,0,h05,1955415757962736301
p2,C,18,152,330,h05,1955415757962736301
p2,Non-ROH,500,0,0,h05,1955415757962736301
p3,A,496,4,0,h05,1955415757962736301
p3,B,260,240,0,h05,1955415757962736301
p3,C,19,94,387,h05,1955415757962736301
p3,Non-ROH,500,0,0,h05,1955415757962736301
p1,A,406,94,0,h05,1982907247669806159
p1,B,61,431,8,h05,1982907247669806159
p1,C,18,96,386,h05,1982907247669806159
p1,Non-ROH,500,0,0,h05,1982907247669806159
p2,A,480,20,0,h05,1982907247669806159
p2,B,158,342,0,h05,1982907247669806159
p2,C,23,113,364,h05,1982907247669806159
p2,Non-ROH,500,0,0,h05,1982907247669806159
p3,A,487,13,0,h05,1982907247669806159
p3,B,235,265,0,h05,1982907247669806159
p3,C,15,157,328,h05,1982907247669806159
p3,Non-ROH,500,0,0,h05,1982907247669806159
p1,A,430,70,0,h05,2015925084329406584
p1,B,109,382,9,h05,2015925084329406584
p1,C,20,117,363,h05,2015925084329406584
p1,Non-ROH,500,0,0,h05,2015925084329406584
p2,A,488,12,0,h05,2015925084329406584
p2,B,239,261,0,h05,2015925084329406584
p2,C,21,127,352,h05,2015925084329406584
p2,Non-ROH,500,0,0,h05,2015925084329406584
p3,A,496,4,0,h05,2015925084329406584
p3,B,276,224,0,h05,2015925084329406584
p3,C,14,103,383,h05,2015925084329406584
p3,Non-ROH,500,0,0,h05,2015925084329406584
p1,A,454,46,0,h05,2022156699881960729
p1,B,100,380,20,h05,2022156699881960729
p1,C,17,116,367,h05,2022156699881960729
p1,Non-ROH,500,0,0,h05,2022156699881960729
p2,A,498,2,0,h05,2022156699881960729
p2,B,212,288,0,h05,2022156699881960729
p2,C,18,141,341,h05,2022156699881960729
p2,Non-ROH,500,0,0,h05,2022156699881960729
p3,A,497,3,0,h05,2022156699881960729
p3,B,251,249,0,h05,2022156699881960729
p3,C,12,115,373,h05,2022156699881960729
p3,Non-ROH,500,0,0,h05,2022156699881960729
p1,A,380,120,0,h05,2033317270591491129
p1,B,95,392,13,h05,2033317270591491129
p1,C,24,84,392,h05,2033317270591491129
p1,Non-ROH,500,0,0,h05,2033317270591491129
p2,A,471,29,0,h05,2033317270591491129
p2,B,180,320,0,h05,2033317270591491129
p2,C,19,98,383,h05,2033317270591491129
p2,Non-ROH,500,0,0,h05,2033317270591491129
p3,A,484,16,0,h05,2033317270591491129
p3,B,254,246,0,h05,2033317270591491129
p3,C,16,180,304,h05,2033317270591491129
p3,Non-ROH,500,0,0,h05,2033317270591491129
p1,A,476,24,0,h05,2049443784227955374
p1,B,123,367,10,h05,2049443784227955374
p1,C,34,111,355,h05,2049443784227955374
p1,Non-ROH,500,0,0,h05,2049443784227955374
p2,A,500,0,0,h05,2049443784227955374
p2,B,253,247,0,h05,2049443784227955374
p2,C,17,101,382,h05,2049443784227955374
p2,Non-ROH,500,0,0,h05,2049443784227955374
p3,A,499,1,0,h05,2049443784227955374
p3,B,319,181,0,h05,2049443784227955374
p3,C,11,113,376,h05,2049443784227955374
p3,Non-ROH,500,0,0,h05,2049443784227955374
p1,A,464,36,0,h05,2051787133214203401
p1,B,121,366,13,h05,2051787133214203401
p1,C,30,103,367,h05,2051787133214203401
p1,Non-ROH,500,0,0,h05,2051787133214203401
p2,A,499,1,0,h05,2051787133214203401
p2,B,261,239,0,h05,2051787133214203401
p2,C,43,78,379,h05,2051787133214203401
p2,Non-ROH,500,0,0,h05,2051787133214203401
p3,A,499,1,0,h05,2051787133214203401
p3,B,346,154,0,h05,2051787133214203401
p3,C,23,159,318,h05,2051787133214203401
p3,Non-ROH,500,0,0,h05,2051787133214203401
p1,A,475,25,0,h05,2071198562187270285
p1,B,131,353,16,h05,2071198562187270285
p1,C,43,83,374,h05,2071198562187270285
p1,Non-ROH,500,0,0,h05,2071198562187270285
p2,A,498,2,0,h05,2071198562187270285
p2,B,289,210,1,h05,2071198562187270285
p2,C,26,128,346,h05,2071198562187270285
p2,Non-ROH,500,0,0,h05,2071198562187270285
p3,A,500,0,0,h05,2071198562187270285
p3,B,361,139,0,h05,2071198562187270285
p3,C,17,123,360,h05,2071198562187270285
p3,Non-ROH,500,0,0,h05,2071198562187270285
p1,A,420,80,0,h05,2084407245631035981
p1,B,81,406,13,h05,2084407245631035981
p1,C,18,116,366,h05,2084407245631035981
p1,Non-ROH,500,0,0,h05,2084407245631035981
p2,A,487,13,0,h05,2084407245631035981
p2,B,196,304,0,h05,2084407245631035981
p2,C,13,104,383,h05,2084407245631035981
p2,Non-ROH,500,0,0,h05,2084407245631035981
p3,A,489,11,0,h05,2084407245631035981
p3,B,220,280,0,h05,2084407245631035981
p3,C,12,120,368,h05,2084407245631035981
p3,Non-ROH,500,0,0,h05,2084407245631035981
p1,A,427,73,0,h05,2109796282722423065
p1,B,84,400,16,h05,2109796282722423065
p1,C,33,96,371,h05,2109796282722423065
p1,Non-ROH,500,0,0,h05,2109796282722423065
p2,A,494,6,0,h05,2109796282722423065
p2,B,235,265,0,h05,2109796282722423065
p2,C,26,100,374,h05,2109796282722423065
p2,Non-ROH,500,0,0,h05,2109796282722423065
p3,A,493,7,0,h05,2109796282722423065
p3,B,230,270,0,h05,2109796282722423065
p3,C,30,170,300,h05,2109796282722423065
p3,Non-ROH,500,0,0,h05,2109796282722423065
p1,A,402,98,0,h05,2111044634361609688
p1,B,96,393,11,h05,2111044634361609688
p1,C,18,87,395,h05,2111044634361609688
p1,Non-ROH,500,0,0,h05,2111044634361609688
p2,A,481,19,0,h05,2111044634361609688
p2,B,222,278,0,h05,2111044634361609688
p2,C,17,90,393,h05,2111044634361609688
p2,Non-ROH,500,0,0,h05,2111044634361609688
p3,A,483,17,0,h05,2111044634361609688
p3,B,222,278,0,h05,2111044634361609688
p3,C,14,146,340,h05,2111044634361609688
p3,Non-ROH,500,0,0,h05,2111044634361609688
p1,A,451,49,0,h05,2134373124147706442
p1,B,124,362,14,h05,2134373124147706442
p1,C,29,86,385,h05,2134373124147706442
p1,Non-ROH,500,0,0,h05,2134373124147706442
p2,A,491,9,0,h05,2134373124147706442
p2,B,276,224,0,h05,2134373124147706442
p2,C,20,157,323,h05,2134373124147706442
p2,Non-ROH,500,0,0,h05,2134373124147706442
p3,A,500,0,0,h05,2134373124147706442
p3,B,313,187,0,h05,2134373124147706442
p3,C,14,111,375,h05,2134373124147706442
p3,Non-ROH,500,0,0,h05,2134373124147706442
p1,A,415,85,0,h05,2150159936165665157
p1,B,93,385,22,h05,2150159936165665157
p1,C,24,91,385,h05,2150159936165665157
p1,Non-ROH,500,0,0,h05,2150159936165665157
p2,A,477,23,0,h05,2150159936165665157
p2,B,187,313,0,h05,2150159936165665157
p2,C,12,137,351,h05,2150159936165665157
p2,Non-ROH,500,0,0,h05,2150159936165665157
p3,A,492,8,0,h05,2150159936165665157
p3,B,252,248,0,h05,2150159936165665157
p3,C,16,116,368,h05,2150159936165665157
p3,Non-ROH,500,0,0,h05,2150159936165665157
p1,A,422,78,0,h05,2157857166034569084
p1,B,79,408,13,h05,2157857166034569084
p1,C,49,80,371,h05,2157857166034569084
p1,Non-ROH,500,0,0,h05,2157857166034569084
p2,A,493,7,0,h05,2157857166034569084
p2,B,201,299,0,h05,2157857166034569084
p2,C,83,65,352,h05,2157857166034569084
p2,Non-ROH,500,0,0,h05,2157857166034569084
p3,A,487,13,0,h05,2157857166034569084
p3,B,249,251,0,h05,2157857166034569084
p3,C,44,75,381,h05,2157857166034569084
p3,Non-ROH,500,0,0,h05,2157857166034569084
p1,A,445,55,0,h05,2172333262748770943
p1,B,89,398,13,h05,2172333262748770943
p1,C,31,89,380,h05,2172333262748770943
p1,Non-ROH,500,0,0,h05,2172333262748770943
p2,A,494,6,0,h05,2172333262748770943
p2,B,199,301,0,h05,2172333262748770943
p2,C,18,112,370,h05,2172333262748770943
p2,Non-ROH,500,0,0,h05,2172333262748770943
p3,A,494,6,0,h05,2172333262748770943
p3,B,264,236,0,h05,2172333262748770943
p3,C,16,163,321,h05,2172333262748770943
p3,Non-ROH,500,0,0,h05,2172333262748770943
p1,A,430,70,0,h05,218992786585519762
p1,B,90,399,11,h05,218992786585519762
p1,C,21,126,353,h05,218992786585519762
p1,Non-ROH,500,0,0,h05,218992786585519762
p2,A,495,5,0,h05,218992786585519762
p2,B,203,297,0,h05,218992786585519762
p2,C,15,118,367,h05,218992786585519762
p2,Non-ROH,500,0,0,h05,218992786585519762
p3,A,499,1,0,h05,218992786585519762
p3,B,266,234,0,h05,218992786585519762
p3,C,13,135,352,h05,218992786585519762
p3,Non-ROH,500,0,0,h05,218992786585519762
p1,A,477,23,0,h05,2194664491335904575
p1,B,122,366,12,h05,2194664491335904575
p1,C,39,76,385,h05,2194664491335904575
p1,Non-ROH,500,0,0,h05,2194664491335904575
p2,A,498,2,0,h05,2194664491335904575
p2,B,242,258,0,h05,2194664491335904575
p2,C,31,109,360,h05,2194664491335904575
p2,Non-ROH,500,0,0,h05,2194664491335904575
p3,A,499,1,0,h05,2194664491335904575
p3,B,342,158,0,h05,2194664491335904575
p3,C,47,107,346,h05,2194664491335904575
p3,Non-ROH,500,0,0,h05,2194664491335904575
p1,A,458,42,0,h05,2211615964893912798
p1,B,116,373,11,h05,2211615964893912798
p1,C,25,104,371,h05,2211615964893912798
p1,Non-ROH,500,0,0,h05,2211615964893912798
p2,A,492,8,0,h05,2211615964893912798
p2,B,214,286,0,h05,2211615964893912798
p2,C,22,89,389,h05,2211615964893912798
p2,Non-ROH,500,0,0,h05,2211615964893912798
p3,A,500,0,0,h05,2211615964893912798
p3,B,317,183,0,h05,2211615964893912798
p3,C,15,102,383,h05,2211615964893912798
p3,Non-ROH,500,0,0,h05,2211615964893912798
p1,A,375,125,0,h05,2215070330670534269
p1,B,62,426,12,h05,2215070330670534269
p1,C,18,121,361,h05,2215070330670534269
p1,Non-ROH,500,0,0,h05,2215070330670534269
p2,A,463,37,0,h05,2215070330670534269
p2,B,180,320,0,h05,2215070330670534269
p2,C,11,95,394,h05,2215070330670534269
p2,Non-ROH,500,0,0,h05,2215070330670534269
p3,A,482,18,0,h05,2215070330670534269
p3,B,180,320,0,h05,2215070330670534269
p3,C,10,204,286,h05,2215070330670534269
p3,Non-ROH,500,0,0,h05,2215070330670534269
p1,A,438,62,0,h05,2228771183941944748
p1,B,104,382,14,h05,2228771183941944748
p1,C,32,89,379,h05,2228771183941944748
p1,Non-ROH,500,0,0,h05,2228771183941944748
p2,A,492,8,0,h05,2228771183941944748
p2,B,239,261,0,h05,2228771183941944748
p2,C,27,121,352,h05,2228771183941944748
p2,Non-ROH,500,0,0,h05,2228771183941944748
p3,A,498,2,0,h05,2228771183941944748
p3,B,280,220,0,h05,2228771183941944748
p3,C,13,100,387,h05,2228771183941944748
p3,Non-ROH,500,0,0,h05,2228771183941944748
p1,A,432,68,0,h05,2234244814687274129
p1,B,67,415,18,h05,2234244814687274129
p1,C,23,100,377,h05,2234244814687274129
p1,Non-ROH,500,0,0,h05,2234244814687274129
p2,A,492,8,0,h05,2234244814687274129
p2,B,184,316,0,h05,2234244814687274129
p2,C,26,110,364,h05,2234244814687274129
p2,Non-ROH,500,0,0,h05,2234244814687274129
p3,A,496,4,0,h05,2234244814687274129
p3,B,255,245,0,h05,2234244814687274129
p3,C,17,102,381,h05,2234244814687274129
p3,Non-ROH,500,0,0,h05,2234244814687274129
p1,A,468,32,0,h05,2245883088762896338
p1,B,108,379,13,h05,2245883088762896338
p1,C,46,87,367,h05,2245883088762896338
p1,Non-ROH,500,0,0,h05,2245883088762896338
p2,A,492,8,0,h05,2245883088762896338
p2,B,252,248,0,h05,2245883088762896338
p2,C,43,68,389,h05,2245883088762896338
p2,Non-ROH,500,0,0,h05,2245883088762896338
p3,A,498,2,0,h05,2245883088762896338
p3,B,315,185,0,h05,2245883088762896338
p3,C,52,93,355,h05,2245883088762896338
p3,Non-ROH,500,0,0,h05,2245883088762896338
p1,A,442,58,0,h05,2288303028313800114
p1,B,98,390,12,h05,2288303028313800114
p1,C,26,117,357,h05,2288303028313800114
p1,Non-ROH,500,0,0,h05,2288303028313800114
p2,A,488,12,0,h05,2288303028313800114
p2,B,207,293,0,h05,2288303028313800114
p2,C,19,184,297,h05,2288303028313800114
p2,Non-ROH,500,0,0,h05,2288303028313800114
p3,A,494,6,0,h05,2288303028313800114
p3,B,256,244,0,h05,2288303028313800114
p3,C,21,167,312,h05,2288303028313800114
p3,Non-ROH,500,0,0,h05,2288303028313800114
p1,A,454,46,0,h05,23146925379839194
p1,B,121,363,16,h05,23146925379839194
p1,C,32,83,385,h05,23146925379839194
p1,Non-ROH,500,0,0,h05,23146925379839194
p2,A,495,5,0,h05,23146925379839194
p2,B,277,223,0,h05,23146925379839194
p2,C,20,160,320,h05,23146925379839194
p2,Non-ROH,500,0,0,h05,23146925379839194
p3,A,496,4,0,h05,23146925379839194
p3,B,276,224,0,h05,23146925379839194
p3,C,24,206,270,h05,23146925379839194
p3,Non-ROH,500,0,0,h05,23146925379839194
p1,A,466,34,0,h05,2315684253322038264
p1,B,98,384,18,h05,2315684253322038264
p1,C,36,87,377,h05,2315684253322038264
p1,Non-ROH,500,0,0,h05,2315684253322038264
p2,A,498,2,0,h05,2315684253322038264
p2,B,270,230,0,h05,2315684253322038264
p2,C,17,98,385,h05,2315684253322038264
p2,Non-ROH,500,0,0,h05,2315684253322038264
p3,A,499,1,0,h05,2315684253322038264
p3,B,309,191,0,h05,2315684253322038264
p3,C,27,146,327,h05,2315684253322038264
p3,Non-ROH,500,0,0,h05,2315684253322038264
p1,A,437,63,0,h05,2316003991078191534
p1,B,88,396,16,h05,2316003991078191534
p1,C,22,95,383,h05,2316003991078191534
p1,Non-ROH,500,0,0,h05,2316003991078191534
p2,A,496,4,0,h05,2316003991078191534
p2,B,190,310,0,h05,2316003991078191534
p2,C,13,130,357,h05,2316003991078191534
p2,Non-ROH,500,0,0,h05,2316003991078191534
p3,A,490,10,0,h05,2316003991078191534
p3,B,212,288,0,h05,2316003991078191534
p3,C,13,115,372,h05,2316003991078191534
p3,Non-ROH,500,0,0,h05,2316003991078191534
p1,A,455,45,0,h05,2324854691930503959
p1,B,78,413,9,h05,2324854691930503959
p1,C,15,108,377,h05,2324854691930503959
p1,Non-ROH,500,0,0,h05,2324854691930503959
p2,A,498,2,0,h05,2324854691930503959
p2,B,210,290,0,h05,2324854691930503959
p2,C,17,153,330,h05,2324854691930503959
p2,Non-ROH,500,0,0,h05,2324854691930503959
p3,A,497,3,0,h05,2324854691930503959
p3,B,237,263,0,h05,2324854691930503959
p3,C,11,146,343,h05,2324854691930503959
p3,Non-ROH,500,0,0,h05,2324854691930503959
p1,A,410,90,0,h05,2329092494424995999
p1,B,69,419,12,h05,2329092494424995999
p1,C,22,109,369,h05,2329092494424995999
p1,Non-ROH,500,0,0,h05,2329092494424995999
p2,A,485,15,0,h05,2329092494424995999
p2,B,193,307,0,h05,2329092494424995999
p2,C,14,121,365,h05,2329092494424995999
p2,Non-ROH,500,0,0,h05,2329092494424995999
p3,A,494,6,0,h05,2329092494424995999
p3,B,260,240,0,h05,2329092494424995999
p3,C,13,153,334,h05,2329092494424995999
p3,Non-ROH,500,0,0,h05,2329092494424995999
p1,A,461,39,0,h05,2353390558278663037
p1,B,115,365,20,h05,2353390558278663037
p1,C,20,108,372,h05,2353390558278663037
p1,Non-ROH,500,0,0,h05,2353390558278663037
p2,A,497,3,0,h05,2353390558278663037
p2,B,260,240,0,h05,2353390558278663037
p2,C,17,110,373,h05,2353390558278663037
p2,Non-ROH,500,0,0,h05,2353390558278663037
p3,A,496,4,0,h05,2353390558278663037
p3,B,318,182,0,h05,2353390558278663037
p3,C,23,217,260,h05,2353390558278663037
p3,Non-ROH,500,0,0,h05,2353390558278663037
p1,A,438,62,0,h05,2363439723728621014
p1,B,94,401,5,h05,2363439723728621014
p1,C,15,102,383,h05,2363439723728621014
p1,Non-ROH,500,0,0,h05,2363439723728621014
p2,A,492,8,0,h05,2363439723728621014
p2,B,245,255,0,h05,2363439723728621014
p2,C,15,113,372,h05,2363439723728621014
p2,Non-ROH,500,0,0,h05,2363439723728621014
p3,A,485,15,0,h05,2363439723728621014
p3,B,265,235,0,h05,2363439723728621014
p3,C,18,122,360,h05,2363439723728621014
p3,Non-ROH,500,0,0,h05,2363439723728621014
p1,A,473,27,0,h05,236522125182876818
p1,B,112,370,18,h05,236522125182876818
p1,C,39,102,359,h05,236522125182876818
p1,Non-ROH,500,0,0,h05,236522125182876818
p2,A,496,4,0,h05,236522125182876818
p2,B,260,240,0,h05,236522125182876818
p2,C,15,129,356,h05,236522125182876818
p2,Non-ROH,500,0,0,h05,236522125182876818
p3,A,499,1,0,h05,236522125182876818
p3,B,334,166,0,h05,236522125182876818
p3,C,25,152,323,h05,236522125182876818
p3,Non-ROH,500,0,0,h05,236522125182876818
p1,A,461,39,0,h05,2385682336494085482
p1,B,92,390,18,h05,2385682336494085482
p1,C,22,99,379,h05,2385682336494085482
p1,Non-ROH,500,0,0,h05,2385682336494085482
p2,A,498,2,0,h05,2385682336494085482
p2,B,207,293,0,h05,2385682336494085482
p2,C,19,150,331,h05,2385682336494085482
p2,Non-ROH,500,0,0,h05,2385682336494085482
p3,A,493,7,0,h05,2385682336494085482
p3,B,224,276,0,h05,2385682336494085482
p3,C,9,146,345,h05,2385682336494085482
p3,Non-ROH,500,0,0,h05,2385682336494085482
p1,A,456,44,0,h05,240590294240973223
p1,B,86,401,13,h05,240590294240973223
p1,C,19,108,373,h05,240590294240973223
p1,Non-ROH,500,0,0,h05,240590294240973223
p2,A,497,3,0,h05,240590294240973223
p2,B,204,296,0,h05,240590294240973223
p2,C,17,130,353,h05,240590294240973223
p2,Non-ROH,500,0,0,h05,240590294240973223
p3,A,499,1,0,h05,240590294240973223
p3,B,242,258,0,h05,240590294240973223
p3,C,22,134,344,h05,240590294240973223
p3,Non-ROH,500,0,0,h05,240590294240973223
p1,A,424,76,0,h05,2415650474673207329
p1,B,81,409,10,h05,2415650474673207329
p1,C,15,101,384,h05,2415650474673207329
p1,Non-ROH,500,0,0,h05,2415650474673207329
p2,A,497,3,0,h05,2415650474673207329
p2,B,220,280,0,h05,2415650474673207329
p2,C,16,90,394,h05,2415650474673207329
p2,Non-ROH,500,0,0,h05,2415650474673207329
p3,A,490,10,0,h05,2415650474673207329
p3,B,261,239,0,h05,2415650474673207329
p3,C,8,166,326,h05,2415650474673207329
p3,Non-ROH,500,0,0,h05,2415650474673207329
p1,A,471,29,0,h05,2441310548404372499
p1,B,86,401,13,h05,2441310548404372499
p1,C,31,92,377,h05,2441310548404372499
p1,Non-ROH,500,0,0,h05,2441310548404372499
p2,A,496,4,0,h05,2441310548404372499
p2,B,232,268,0,h05,2441310548404372499
p2,C,18,139,343,h05,2441310548404372499
p2,Non-ROH,500,0,0,h05,2441310548404372499
p3,A,499,1,0,h05,2441310548404372499
p3,B,318,182,0,h05,2441310548404372499
p3,C,9,144,347,h05,2441310548404372499
p3,Non-ROH,500,0,0,h05,2441310548404372499
p1,A,429,71,0,h05,2502214477749922901
p1,B,129,355,16,h05,2502214477749922901
p1,C,21,103,376,h05,2502214477749922901
p1,Non-ROH,500,0,0,h05,2502214477749922901
p2,A,493,7,0,h05,2502214477749922901
p2,B,298,202,0,h05,2502214477749922901
p2,C,25,99,376,h05,2502214477749922901
p2,Non-ROH,500,0,0,h05,2502214477749922901
p3,A,494,6,0,h05,2502214477749922901
p3,B,353,147,0,h05,2502214477749922901
p3,C,36,158,306,h05,2502214477749922901
p3,Non-ROH,500,0,0,h05,2502214477749922901
p1,A,440,60,0,h05,2513348774362333501
p1,B,75,403,22,h05,2513348774362333501
p1,C,24,100,376,h05,2513348774362333501
p1,Non-ROH,500,0,0,h05,2513348774362333501
p2,A,481,19,0,h05,2513348774362333501
p2,B,156,344,0,h05,2513348774362333501
p2,C,13,124,363,h05,2513348774362333501
p2,Non-ROH,500,0,0,h05,2513348774362333501
p3,A,486,14,0,h05,2513348774362333501
p3,B,191,309,0,h05,2513348774362333501
p3,C,22,140,338,h05,2513348774362333501
p3,Non-ROH,500,0,0,h05,2513348774362333501
p1,A,460,40,0,h05,2514026999351602161
p1,B,126,360,14,h05,2514026999351602161
p1,C,26,95,379,h05,2514026999351602161
p1,Non-ROH,500,0,0,h05,2514026999351602161
p2,A,497,3,0,h05,2514026999351602161
p2,B,281,219,0,h05,2514026999351602161
p2,C,15,100,385,h05,2514026999351602161
p2,Non-ROH,500,0,0,h05,2514026999351602161
p3,A,499,1,0,h05,2514026999351602161
p3,B,347,153,0,h05,2514026999351602161
p3,C,16,111,373,h05,2514026999351602161
p3,Non-ROH,500,0,0,h05,2514026999351602161
p1,A,474,26,0,h05,2556206719640530903
p1,B,148,339,13,h05,2556206719640530903
p1,C,32,93,375,h05,2556206719640530903
p1,Non-ROH,500,0,0,h05,2556206719640530903
p2,A,498,2,0,h05,2556206719640530903
p2,B,310,190,0,h05,2556206719640530903
p2,C,24,99,377,h05,2556206719640530903
p2,Non-ROH,500,0,0,h05,2556206719640530903
p3,A,498,2,0,h05,2556206719640530903
p3,B,356,144,0,h05,2556206719640530903
p3,C,13,122,365,h05,2556206719640530903
p3,Non-ROH,500,0,0,h05,2556206719640530903
p1,A,437,63,0,h05,2561284945642648354
p1,B,86,400,14,h05,2561284945642648354
p1,C,27,100,373,h05,2561284945642648354
p1,Non-ROH,500,0,0,h05,2561284945642648354
p2,A,489,11,0,h05,2561284945642648354
p2,B,255,245,0,h05,2561284945642648354
p2,C,13,114,373,h05,2561284945642648354
p2,Non-ROH,500,0,0,h05,2561284945642648354
p3,A,487,13,0,h05,2561284945642648354
p3,B,334,166,0,h05,2561284945642648354
p3,C,21,123,356,h05,2561284945642648354
p3,Non-ROH,500,0,0,h05,2561284945642648354
p1,A,443,57,0,h05,2594160632475613918
p1,B,101,381,18,h05,2594160632475613918
p1,C,22,88,390,h05,2594160632475613918
p1,Non-ROH,500,0,0,h05,2594160632475613918
p2,A,495,5,0,h05,2594160632475613918
p2,B,233,267,0,h05,2594160632475613918
p2,C,29,97,374,h05,2594160632475613918
p2,Non-ROH,500,0,0,h05,2594160632475613918
p3,A,500,0,0,h05,2594160632475613918
p3,B,327,173,0,h05,2594160632475613918
p3,C,26,139,335,h05,2594160632475613918
p3,Non-ROH,500,0,0,h05,2594160632475613918
p1,A,425,75,0,h05,2594930482647574356
p1,B,89,400,11,h05,2594930482647574356
p1,C,17,109,374,h05,2594930482647574356
p1,Non-ROH,500,0,0,h05,2594930482647574356
p2,A,497,3,0,h05,2594930482647574356
p2,B,208,292,0,h05,2594930482647574356
p2,C,22,105,373,h05,2594930482647574356
p2,Non-ROH,500,0,0,h05,2594930482647574356
p3,A,489,11,0,h05,2594930482647574356
p3,B,265,235,0,h05,2594930482647574356
p3,C,16,182,302,h05,2594930482647574356
p3,Non-ROH,500,0,0,h05,2594930482647574356
p1,A,437,63,0,h05,263368955851692831
p1,B,127,362,11,h05,263368955851692831
p1,C,27,92,381,h05,263368955851692831
p1,Non-ROH,500,0,0,h05,263368955851692831
p2,A,494,6,0,h05,263368955851692831
p2,B,230,270,0,h05,263368955851692831
p2,C,25,75,400,h05,263368955851692831
p2,Non-ROH,500,0,0,h05,263368955851692831
p3,A,498,2,0,h05,263368955851692831
p3,B,296,204,0,h05,263368955851692831
p3,C,20,94,386,h05,263368955851692831
p3,Non-ROH,500,0,0,h05,263368955851692831
p1,A,437,63,0,h05,2643665608221132916
p1,B,114,372,14,h05,2643665608221132916
p1,C,23,92,385,h05,2643665608221132916
p1,Non-ROH,500,0,0,h05,2643665608221132916
p2,A,497,3,0,h05,2643665608221132916
p2,B,279,221,0,h05,2643665608221132916
p2,C,22,106,372,h05,2643665608221132916
p2,Non-ROH,500,0,0,h05,2643665608221132916
p3,A,500,0,0,h05,2643665608221132916
p3,B,316,184,0,h05,2643665608221132916
p3,C,14,102,384,h05,2643665608221132916
p3,Non-ROH,500,0,0,h05,2643665608221132916
p1,A,352,148,0,h05,2648611874961412935
p1,B,53,434,13,h05,2648611874961412935
p1,C,14,123,363,h05,2648611874961412935
p1,Non-ROH,500,0,0,h05,2648611874961412935
p2,A,470,30,0,h05,2648611874961412935
p2,B,172,328,0,h05,2648611874961412935
p2,C,11,150,339,h05,2648611874961412935
p2,Non-ROH,500,0,0,h05,2648611874961412935
p3,A,480,20,0,h05,2648611874961412935
p3,B,225,275,0,h05,2648611874961412935
p3,C,11,150,339,h05,2648611874961412935
p3,Non-ROH,500,0,0,h05,2648611874961412935
p1,A,448,52,0,h05,2657134930824662940
p1,B,131,357,12,h05,2657134930824662940
p1,C,32,151,317,h05,2657134930824662940
p1,Non-ROH,500,0,0,h05,2657134930824662940
p2,A,499,1,0,h05,2657134930824662940
p2,B,270,230,0,h05,2657134930824662940
p2,C,13,101,386,h05,2657134930824662940
p2,Non-ROH,500,0,0,h05,2657134930824662940
p3,A,492,8,0,h05,2657134930824662940
p3,B,292,208,0,h05,2657134930824662940
p3,C,14,105,381,h05,2657134930824662940
p3,Non-ROH,500,0,0,h05,2657134930824662940
p1,A,454,46,0,h05,266536880896168669
p1,B,104,377,19,h05,266536880896168669
p1,C,24,85,391,h05,266536880896168669
p1,Non-ROH,500,0,0,h05,266536880896168669
p2,A,496,4,0,h05,266536880896168669
p2,B,245,255,0,h05,266536880896168669
p2,C,14,84,402,h05,266536880896168669
p2,Non-ROH,500,0,0,h05,266536880896168669
p3,A,498,2,0,h05,266536880896168669
p3,B,345,155,0,h05,266536880896168669
p3,C,28,117,355,h05,266536880896168669
p3,Non-ROH,500,0,0,h05,266536880896168669
p1,A,481,19,0,h05,272858877937442746
p1,B,98,383,19,h05,272858877937442746
p1,C,26,96,378,h05,272858877937442746
p1,Non-ROH,500,0,0,h05,272858877937442746
p2,A,495,5,0,h05,272858877937442746
p2,B,224,276,0,h05,272858877937442746
p2,C,17,130,353,h05,272858877937442746
p2,Non-ROH,500,0,0,h05,272858877937442746
p3,A,500,0,0,h05,272858877937442746
p3,B,334,166,0,h05,272858877937442746
p3,C,21,138,341,h05,272858877937442746
p3,Non-ROH,500,0,0,h05,272858877937442746
p1,A,466,34,0,h05,2748535386780944677
p1,B,102,378,20,h05,2748535386780944677
p1,C,39,109,352,h05,2748535386780944677
p1,Non-ROH,500,0,0,h05,2748535386780944677
p2,A,496,4,0,h05,2748535386780944677
p2,B,232,268,0,h05,2748535386780944677
p2,C,18,103,379,h05,2748535386780944677
p2,Non-ROH,500,0,0,h05,2748535386780944677
p3,A,497,3,0,h05,2748535386780944677
p3,B,274,226,0,h05,2748535386780944677
p3,C,17,133,350,h05,2748535386780944677
p3,Non-ROH,500,0,0,h05,2748535386780944677
p1,A,453,47,0,h05,2768013358589572946
p1,B,92,389,19,h05,2768013358589572946
p1,C,52,90,358,h05,2768013358589572946
p1,Non-ROH,500,0,0,h05,2768013358589572946
p2,A,498,2,0,h05,2768013358589572946
p2,B,270,230,0,h05,2768013358589572946
p2,C,27,123,350,h05,2768013358589572946
p2,Non-ROH,500,0,0,h05,2768013358589572946
p3,A,496,4,0,h05,2768013358589572946
p3,B,317,183,0,h05,2768013358589572946
p3,C,27,131,342,h05,2768013358589572946
p3,Non-ROH,500,0,0,h05,2768013358589572946
p1,A,457,43,0,h05,2769887300915530433
p1,B,80,409,11,h05,2769887300915530433
p1,C,38,84,378,h05,2769887300915530433
p1,Non-ROH,500,0,0,h05,2769887300915530433
p2,A,491,9,0,h05,2769887300915530433
p2,B,203,297,0,h05,2769887300915530433
p2,C,14,154,332,h05,2769887300915530433
p2,Non-ROH,500,0,0,h05,2769887300915530433
p3,A,497,3,0,h05,2769887300915530433
p3,B,221,279,0,h05,2769887300915530433
p3,C,11,137,352,h05,2769887300915530433
p3,Non-ROH,500,0,0,h05,2769887300915530433
p1,A,457,43,0,h05,2793711213639074442
p1,B,123,364,13,h05,2793711213639074442
p1,C,33,80,387,h05,2793711213639074442
p1,Non-ROH,500,0,0,h05,2793711213639074442
p2,A,489,11,0,h05,2793711213639074442
p2,B,269,231,0,h05,2793711213639074442
p2,C,27,117,356,h05,2793711213639074442
p2,Non-ROH,500,0,0,h05,2793711213639074442
p3,A,499,1,0,h05,2793711213639074442
p3,B,368,132,0,h05,2793711213639074442
p3,C,22,119,359,h05,2793711213639074442
p3,Non-ROH,500,0,0,h05,2793711213639074442
p1,A,434,66,0,h05,2819096609779749247
p1,B,98,384,18,h05,2819096609779749247
p1,C,30,87,383,h05,2819096609779749247
p1,Non-ROH,500,0,0,h05,2819096609779749247
p2,A,497,3,0,h05,2819096609779749247
p2,B,219,281,0,h05,2819096609779749247
p2,C,21,121,358,h05,2819096609779749247
p2,Non-ROH,500,0,0,h05,2819096609779749247
p3,A,497,3,0,h05,2819096609779749247
p3,B,287,213,0,h05,2819096609779749247
p3,C,20,133,347,h05,2819096609779749247
p3,Non-ROH,500,0,0,h05,2819096609779749247
p1,A,381,119,0,h05,2852478797854467960
p1,B,65,414,21,h05,2852478797854467960
p1,C,13,101,386,h05,2852478797854467960
p1,Non-ROH,500,0,0,h05,2852478797854467960
p2,A,481,19,0,h05,2852478797854467960
p2,B,178,322,0,h05,2852478797854467960
p2,C,18,111,371,h05,2852478797854467960
p2,Non-ROH,500,0,0,h05,2852478797854467960
p3,A,475,25,0,h05,2852478797854467960
p3,B,205,295,0,h05,2852478797854467960
p3,C,12,176,312,h05,2852478797854467960
p3,Non-ROH,500,0,0,h05,2852478797854467960
p1,A,457,43,0,h05,2868243242050593548
p1,B,87,402,11,h05,2868243242050593548
p1,C,23,113,364,h05,2868243242050593548
p1,Non-ROH,500,0,0,h05,2868243242050593548
p2,A,496,4,0,h05,2868243242050593548
p2,B,210,290,0,h05,2868243242050593548
p2,C,12,124,364,h05,2868243242050593548
p2,Non-ROH,500,0,0,h05,2868243242050593548
p3,A,499,1,0,h05,2868243242050593548
p3,B,296,204,0,h05,2868243242050593548
p3,C,20,128,352,h05,2868243242050593548
p3,Non-ROH,500,0,0,h05,2868243242050593548
p1,A,405,95,0,h05,2873793647919478335
p1,B,86,401,13,h05,2873793647919478335
p1,C,22,105,373,h05,2873793647919478335
p1,Non-ROH,500,0,0,h05,2873793647919478335
p2,A,485,15,0,h05,2873793647919478335
p2,B,187,313,0,h05,2873793647919478335
p2,C,13,113,374,h05,2873793647919478335
p2,Non-ROH,500,0,0,h05,2873793647919478335
p3,A,496,4,0,h05,2873793647919478335
p3,B,190,310,0,h05,2873793647919478335
p3,C,7,170,323,h05,2873793647919478335
p3,Non-ROH,500,0,0,h05,2873793647919478335
p1,A,470,30,0,h05,2875096199980571401
p1,B,95,396,9,h05,2875096199980571401
p1,C,24,112,364,h05,2875096199980571401
p1,Non-ROH,500,0,0,h05,2875096199980571401
p2,A,494,6,0,h05,2875096199980571401
p2,B,234,266,0,h05,2875096199980571401
p2,C,18,95,387,h05,2875096199980571401
p2,Non-ROH,500,0,0,h05,2875096199980571401
p3,A,499,1,0,h05,2875096199980571401
p3,B,299,201,0,h05,2875096199980571401
p3,C,15,109,376,h05,2875096199980571401
p3,Non-ROH,500,0,0,h05,2875096199980571401
p1,A,440,60,0,h05,2877962110587491459
p1,B,82,402,16,h05,2877962110587491459
p1,C,30,101,369,h05,2877962110587491459
p1,Non-ROH,500,0,0,h05,2877962110587491459
p2,A,499,1,0,h05,2877962110587491459
p2,B,219,281,0,h05,2877962110587491459
p2,C,14,114,372,h05,2877962110587491459
p2,Non-ROH,500,0,0,h05,2877962110587491459
p3,A,497,3,0,h05,2877962110587491459
p3,B,319,181,0,h05,2877962110587491459
p3,C,16,108,376,h05,2877962110587491459
p3,Non-ROH,500,0,0,h05,2877962110587491459
p1,A,424,76,0,h05,2878018892401122246
p1,B,129,361,10,h05,2878018892401122246
p1,C,22,131,347,h05,2878018892401122246
p1,Non-ROH,500,0,0,h05,2878018892401122246
p2,A,492,8,0,h05,2878018892401122246
p2,B,255,245,0,h05,2878018892401122246
p2,C,17,145,338,h05,2878018892401122246
p2,Non-ROH,500,0,0,h05,2878018892401122246
p3,A,488,12,0,h05,2878018892401122246
p3,B,296,204,0,h05,2878018892401122246
p3,C,13,126,361,h05,2878018892401122246
p3,Non-ROH,500,0,0,h05,2878018892401122246
p1,A,407,93,0,h05,2881712073384680095
p1,B,61,425,14,h05,2881712073384680095
p1,C,15,98,387,h05,2881712073384680095
p1,Non-ROH,500,0,0,h05,2881712073384680095
p2,A,496,4,0,h05,2881712073384680095
p2,B,164,336,0,h05,2881712073384680095
p2,C,8,103,389,h05,2881712073384680095
p2,Non-ROH,500,0,0,h05,2881712073384680095
p3,A,497,3,0,h05,2881712073384680095
p3,B,199,301,0,h05,2881712073384680095
p3,C,11,122,367,h05,2881712073384680095
p3,Non-ROH,500,0,0,h05,2881712073384680095
p1,A,484,16,0,h05,2886475517365525834
p1,B,130,342,28,h05,2886475517365525834
p1,C,36,94,370,h05,2886475517365525834
p1,Non-ROH,500,0,0,h05,2886475517365525834
p2,A,499,1,0,h05,2886475517365525834
p2,B,304,196,0,h05,2886475517365525834
p2,C,21,96,383,h05,2886475517365525834
p2,Non-ROH,500,0,0,h05,2886475517365525834
p3,A,500,0,0,h05,2886475517365525834
p3,B,337,163,0,h05,2886475517365525834
p3,C,14,125,361,h05,2886475517365525834
p3,Non-ROH,500,0,0,h05,2886475517365525834
p1,A,453,47,0,h05,2890181523104987576
p1,B,94,395,11,h05,2890181523104987576
p1,C,23,117,360,h05,2890181523104987576
p1,Non-ROH,500,0,0,h05,2890181523104987576
p2,A,493,7,0,h05,2890181523104987576
p2,B,206,294,0,h05,2890181523104987576
p2,C,21,139,340,h05,2890181523104987576
p2,Non-ROH,500,0,0,h05,2890181523104987576
p3,A,496,4,0,h05,2890181523104987576
p3,B,232,268,0,h05,2890181523104987576
p3,C,5,257,238,h05,2890181523104987576
p3,Non-ROH,500,0,0,h05,2890181523104987576
p1,A,470,30,0,h05,2941719576958868389
p1,B,104,378,18,h05,2941719576958868389
p1,C,31,101,368,h05,2941719576958868389
p1,Non-ROH,500,0,0,h05,2941719576958868389
p2,A,492,8,0,h05,2941719576958868389
p2,B,249,251,0,h05,2941719576958868389
p2,C,11,129,360,h05,2941719576958868389
p2,Non-ROH,500,0,0,h05,2941719576958868389
p3,A,499,1,0,h05,2941719576958868389
p3,B,326,174,0,h05,2941719576958868389
p3,C,17,172,311,h05,2941719576958868389
p3,Non-ROH,500,0,0,h05,2941719576958868389
p1,A,447,53,0,h05,294206744387707502
p1,B,78,405,17,h05,294206744387707502
p1,C,28,96,376,h05,294206744387707502
p1,Non-ROH,500,0,0,h05,294206744387707502
p2,A,478,22,0,h05,294206744387707502
p2,B,209,291,0,h05,294206744387707502
p2,C,10,134,356,h05,294206744387707502
p2,Non-ROH,500,0,0,h05,294206744387707502
p3,A,496,4,0,h05,294206744387707502
p3,B,251,249,0,h05,294206744387707502
p3,C,11,150,339,h05,294206744387707502
p3,Non-ROH,500,0,0,h05,294206744387707502
p1,A,406,94,0,h05,2949824631752874456
p1,B,71,418,11,h05,2949824631752874456
p1,C,20,113,367,h05,2949824631752874456
p1,Non-ROH,500,0,0,h05,2949824631752874456
p2,A,481,19,0,h05,2949824631752874456
p2,B,167,333,0,h05,2949824631752874456
p2,C,15,121,364,h05,2949824631752874456
p2,Non-ROH,500,0,0,h05,2949824631752874456
p3,A,492,8,0,h05,2949824631752874456
p3,B,239,261,0,h05,2949824631752874456
p3,C,18,119,363,h05,2949824631752874456
p3,Non-ROH,500,0,0,h05,2949824631752874456
p1,A,372,128,0,h05,2983972839640826529
p1,B,51,424,25,h05,2983972839640826529
p1,C,23,129,348,h05,2983972839640826529
p1,Non-ROH,500,0,0,h05,2983972839640826529
p2,A,476,24,0,h05,2983972839640826529
p2,B,201,299,0,h05,2983972839640826529
p2,C,10,144,346,h05,2983972839640826529
p2,Non-ROH,500,0,0,h05,2983972839640826529
p3,A,497,3,0,h05,2983972839640826529
p3,B,280,220,0,h05,2983972839640826529
p3,C,11,131,358,h05,2983972839640826529
p3,Non-ROH,500,0,0,h05,2983972839640826529
p1,A,480,20,0,h05,3005050390121271868
p1,B,131,354,15,h05,3005050390121271868
p1,C,41,95,364,h05,3005050390121271868
p1,Non-ROH,500,0,0,h05,3005050390121271868
p2,A,499,1,0,h05,3005050390121271868
p2,B,294,206,0,h05,3005050390121271868
p2,C,30,128,342,h05,3005050390121271868
p2,Non-ROH,500,0,0,h05,3005050390121271868
p3,A,500,0,0,h05,3005050390121271868
p3,B,315,185,0,h05,3005050390121271868
p3,C,21,95,384,h05,3005050390121271868
p3,Non-ROH,500,0,0,h05,3005050390121271868
p1,A,422,78,0,h05,3048685216672930222
p1,B,76,412,12,h05,3048685216672930222
p1,C,23,121,356,h05,3048685216672930222
p1,Non-ROH,500,0,0,h05,3048685216672930222
p2,A,491,9,0,h05,3048685216672930222
p2,B,228,272,0,h05,3048685216672930222
p2,C,18,205,277,h05,3048685216672930222
p2,Non-ROH,500,0,0,h05,3048685216672930222
p3,A,499,1,0,h05,3048685216672930222
p3,B,294,206,0,h05,3048685216672930222
p3,C,13,147,340,h05,3048685216672930222
p3,Non-ROH,500,0,0,h05,3048685216672930222
p1,A,468,32,0,h05,3094750602436115619
p1,B,131,353,16,h05,3094750602436115619
p1,C,38,100,362,h05,3094750602436115619
p1,Non-ROH,500,0,0,h05,3094750602436115619
p2,A,495,5,0,h05,3094750602436115619
p2,B,296,204,0,h05,3094750602436115619
p2,C,24,169,307,h05,3094750602436115619
p2,Non-ROH,500,0,0,h05,3094750602436115619
p3,A,495,5,0,h05,3094750602436115619
p3,B,373,127,0,h05,3094750602436115619
p3,C,30,168,302,h05,3094750602436115619
p3,Non-ROH,500,0,0,h05,3094750602436115619
p1,A,444,56,0,h05,3102087033776832206
p1,B,65,417,18,h05,3102087033776832206
p1,C,17,107,376,h05,3102087033776832206
p1,Non-ROH,500,0,0,h05,3102087033776832206
p2,A,479,21,0,h05,3102087033776832206
p2,B,231,268,1,h05,3102087033776832206
p2,C,14,128,358,h05,3102087033776832206
p2,Non-ROH,500,0,0,h05,3102087033776832206
p3,A,496,4,0,h05,3102087033776832206
p3,B,269,231,0,h05,3102087033776832206
p3,C,5,200,295,h05,3102087033776832206
p3,Non-ROH,500,0,0,h05,3102087033776832206
p1,A,446,54,0,h05,3154478712643722168
p1,B,76,407,17,h05,3154478712643722168
p1,C,22,101,377,h05,3154478712643722168
p1,Non-ROH,500,0,0,h05,3154478712643722168
p2,A,494,6,0,h05,3154478712643722168
p2,B,186,314,0,h05,3154478712643722168
p2,C,17,119,364,h05,3154478712643722168
p2,Non-ROH,500,0,0,h05,3154478712643722168
p3,A,500,0,0,h05,3154478712643722168
p3,B,234,266,0,h05,3154478712643722168
p3,C,10,104,386,h05,3154478712643722168
p3,Non-ROH,500,0,0,h05,3154478712643722168
p1,A,432,68,0,h05,3156338250560751663
p1,B,111,379,10,h05,3156338250560751663
p1,C,30,102,368,h05,3156338250560751663
p1,Non-ROH,500,0,0,h05,3156338250560751663
p2,A,491,9,0,h05,3156338250560751663
p2,B,245,255,0,h05,3156338250560751663
p2,C,21,117,362,h05,3156338250560751663
p2,Non-ROH,500,0,0,h05,3156338250560751663
p3,A,493,7,0,h05,3156338250560751663
p3,B,248,252,0,h05,3156338250560751663
p3,C,24,142,334,h05,3156338250560751663
p3,Non-ROH,500,0,0,h05,3156338250560751663
p1,A,455,45,0,h05,3168617480241716285
p1,B,107,385,8,h05,3168617480241716285
p1,C,26,92,382,h05,3168617480241716285
p1,Non-ROH,500,0,0,h05,3168617480241716285
p2,A,488,12,0,h05,3168617480241716285
p2,B,215,285,0,h05,3168617480241716285
p2,C,21,99,380,h05,3168617480241716285
p2,Non-ROH,500,0,0,h05,3168617480241716285
p3,A,498,2,0,h05,3168617480241716285
p3,B,298,202,0,h05,3168617480241716285
p3,C,16,127,357,h05,3168617480241716285
p3,Non-ROH,500,0,0,h05,3168617480241716285
p1,A,459,41,0,h05,3183773561331794744
p1,B,61,422,17,h05,3183773561331794744
p1,C,27,101,372,h05,3183773561331794744
p1,Non-ROH,500,0,0,h05,3183773561331794744
p2,A,495,5,0,h05,3183773561331794744
p2,B,172,328,0,h05,3183773561331794744
p2,C,10,99,391,h05,3183773561331794744
p2,Non-ROH,500,0,0,h05,3183773561331794744
p3,A,496,4,0,h05,3183773561331794744
p3,B,235,265,0,h05,3183773561331794744
p3,C,11,134,355,h05,3183773561331794744
p3,Non-ROH,500,0,0,h05,3183773561331794744
p1,A,468,32,0,h05,3190795366140374516
p1,B,123,361,16,h05,3190795366140374516
p1,C,30,116,354,h05,3190795366140374516
p1,Non-ROH,500,0,0,h05,3190795366140374516
p2,A,495,5,0,h05,3190795366140374516
p2,B,256,244,0,h05,3190795366140374516
p2,C,30,141,329,h05,3190795366140374516
p2,Non-ROH,500,0,0,h05,3190795366140374516
p3,A,499,1,0,h05,3190795366140374516
p3,B,341,159,0,h05,3190795366140374516
p3,C,21,159,320,h05,3190795366140374516
p3,Non-ROH,500,0,0,h05,3190795366140374516
p1,A,450,50,0,h05,3194215750625306473
p1,B,87,399,14,h05,3194215750625306473
p1,C,23,102,375,h05,3194215750625306473
p1,Non-ROH,500,0,0,h05,3194215750625306473
p2,A,496,4,0,h05,3194215750625306473
p2,B,253,247,0,h05,3194215750625306473
p2,C,13,133,354,h05,3194215750625306473
p2,Non-ROH,500,0,0,h05,3194215750625306473
p3,A,496,4,0,h05,3194215750625306473
p3,B,314,186,0,h05,3194215750625306473
p3,C,12,84,404,h05,3194215750625306473
p3,Non-ROH,500,0,0,h05,3194215750625306473
p1,A,459,41,0,h05,3227664716567157262
p1,B,91,396,13,h05,3227664716567157262
p1,C,18,123,359,h05,3227664716567157262
p1,Non-ROH,500,0,0,h05,3227664716567157262
p2,A,495,5,0,h05,3227664716567157262
p2,B,211,289,0,h05,3227664716567157262
p2,C,16,169,315,h05,3227664716567157262
p2,Non-ROH,500,0,0,h05,3227664716567157262
p3,A,499,1,0,h05,3227664716567157262
p3,B,320,180,0,h05,3227664716567157262
p3,C,13,127,360,h05,3227664716567157262
p3,Non-ROH,500,0,0,h05,3227664716567157262
p1,A,467,33,0,h05,3236963627778638242
p1,B,113,370,17,h05,3236963627778638242
p1,C,15,124,361,h05,3236963627778638242
p1,Non-ROH,500,0,0,h05,3236963627778638242
p2,A,496,4,0,h05,3236963627778638242
p2,B,251,249,0,h05,3236963627778638242
p2,C,14,95,391,h05,3236963627778638242
p2,Non-ROH,500,0,0,h05,3236963627778638242
p3,A,491,9,0,h05,3236963627778638242
p3,B,278,222,0,h05,3236963627778638242
p3,C,20,89,391,h05,3236963627778638242
p3,Non-ROH,500,0,0,h05,3236963627778638242
p1,A,473,27,0,h05,3241383371450880742
p1,B,89,399,12,h05,3241383371450880742
p1,C,23,113,364,h05,3241383371450880742
p1,Non-ROH,500,0,0,h05,3241383371450880742
p2,A,493,7,0,h05,3241383371450880742
p2,B,164,336,0,h05,3241383371450880742
p2,C,20,114,366,h05,3241383371450880742
p2,Non-ROH,500,0,0,h05,3241383371450880742
p3,A,499,1,0,h05,3241383371450880742
p3,B,276,224,0,h05,3241383371450880742
p3,C,31,131,338,h05,3241383371450880742
p3,Non-ROH,500,0,0,h05,3241383371450880742
p1,A,417,83,0,h05,3242636241902565926
p1,B,90,394,16,h05,3242636241902565926
p1,C,32,81,387,h05,3242636241902565926
p1,Non-ROH,500,0,0,h05,3242636241902565926
p2,A,490,10,0,h05,3242636241902565926
p2,B,246,254,0,h05,3242636241902565926
p2,C,21,150,329,h05,3242636241902565926
p2,Non-ROH,500,0,0,h05,3242636241902565926
p3,A,497,3,0,h05,3242636241902565926
p3,B,294,206,0,h05,3242636241902565926
p3,C,30,168,302,h05,3242636241902565926
p3,Non-ROH,500,0,0,h05,3242636241902565926
p1,A,451,49,0,h05,3245000264646322590
p1,B,113,377,10,h05,3245000264646322590
p1,C,29,90,381,h05,3245000264646322590
p1,Non-ROH,500,0,0,h05,3245000264646322590
p2,A,491,9,0,h05,3245000264646322590
p2,B,236,264,0,h05,3245000264646322590
p2,C,24,122,354,h05,3245000264646322590
p2,Non-ROH,500,0,0,h05,3245000264646322590
p3,A,497,3,0,h05,3245000264646322590
p3,B,308,192,0,h05,3245000264646322590
p3,C,29,104,367,h05,3245000264646322590
p3,Non-ROH,500,0,0,h05,3245000264646322590
p1,A,440,60,0,h05,3250084756891238329
p1,B,81,403,16,h05,3250084756891238329
p1,C,19,107,374,h05,3250084756891238329
p1,Non-ROH,500,0,0,h05,3250084756891238329
p2,A,499,1,0,h05,3250084756891238329
p2,B,237,263,0,h05,3250084756891238329
p2,C,27,149,324,h05,3250084756891238329
p2,Non-ROH,500,0,0,h05,3250084756891238329
p3,A,494,6,0,h05,3250084756891238329
p3,B,315,185,0,h05,3250084756891238329
p3,C,17,127,356,h05,3250084756891238329
p3,Non-ROH,500,0,0,h05,3250084756891238329
p1,A,445,55,0,h05,3266500550218017543
p1,B,106,384,10,h05,3266500550218017543
p1,C,29,87,384,h05,3266500550218017543
p1,Non-ROH,500,0,0,h05,3266500550218017543
p2,A,491,9,0,h05,3266500550218017543
p2,B,258,242,0,h05,3266500550218017543
p2,C,13,158,329,h05,3266500550218017543
p2,Non-ROH,500,0,0,h05,3266500550218017543
p3,A,497,3,0,h05,3266500550218017543
p3,B,297,203,0,h05,3266500550218017543
p3,C,21,146,333,h05,3266500550218017543
p3,Non-ROH,500,0,0,h05,3266500550218017543
p1,A,442,58,0,h05,3267388951636920434
p1,B,103,379,18,h05,3267388951636920434
p1,C,56,59,385,h05,3267388951636920434
p1,Non-ROH,500,0,0,h05,3267388951636920434
p2,A,492,8,0,h05,3267388951636920434
p2,B,253,247,0,h05,3267388951636920434
p2,C,75,46,379,h05,3267388951636920434
p2,Non-ROH,500,0,0,h05,3267388951636920434
p3,A,494,6,0,h05,3267388951636920434
p3,B,281,219,0,h05,3267388951636920434
p3,C,75,97,328,h05,3267388951636920434
p3,Non-ROH,500,0,0,h05,3267388951636920434
p1,A,473,27,0,h05,327693866498517178
p1,B,105,383,12,h05,327693866498517178
p1,C,31,112,357,h05,327693866498517178
p1,Non-ROH,500,0,0,h05,327693866498517178
p2,A,499,1,0,h05,327693866498517178
p2,B,246,254,0,h05,327693866498517178
p2,C,18,129,353,h05,327693866498517178
p2,Non-ROH,500,0,0,h05,327693866498517178
p3,A,497,3,0,h05,327693866498517178
p3,B,341,159,0,h05,327693866498517178
p3,C,10,155,335,h05,327693866498517178
p3,Non-ROH,500,0,0,h05,327693866498517178
p1,A,454,46,0,h05,3288853020649340908
p1,B,79,410,11,h05,3288853020649340908
p1,C,24,101,375,h05,3288853020649340908
p1,Non-ROH,500,0,0,h05,3288853020649340908
p2,A,492,8,0,h05,3288853020649340908
p2,B,221,279,0,h05,3288853020649340908
p2,C,19,124,357,h05,3288853020649340908
p2,Non-ROH,500,0,0,h05,3288853020649340908
p3,A,497,3,0,h05,3288853020649340908
p3,B,331,169,0,h05,3288853020649340908
p3,C,14,170,316,h05,3288853020649340908
p3,Non-ROH,500,0,0,h05,3288853020649340908
p1,A,468,32,0,h05,3324021796230440556
p1,B,124,355,21,h05,3324021796230440556
p1,C,29,101,370,h05,3324021796230440556
p1,Non-ROH,500,0,0,h05,3324021796230440556
p2,A,498,2,0,h05,3324021796230440556
p2,B,268,232,0,h05,3324021796230440556
p2,C,18,99,383,h05,3324021796230440556
p2,Non-ROH,500,0,0,h05,3324021796230440556
p3,A,498,2,0,h05,3324021796230440556
p3,B,276,224,0,h05,3324021796230440556
p3,C,16,163,321,h05,3324021796230440556
p3,Non-ROH,500,0,0,h05,3324021796230440556
p1,A,452,48,0,h05,3324665535878053762
p1,B,119,378,3,h05,3324665535878053762
p1,C,26,99,375,h05,3324665535878053762
p1,Non-ROH,500,0,0,h05,3324665535878053762
p2,A,493,7,0,h05,3324665535878053762
p2,B,270,230,0,h05,3324665535878053762
p2,C,16,129,355,h05,3324665535878053762
p2,Non-ROH,500,0,0,h05,3324665535878053762
p3,A,492,8,0,h05,3324665535878053762
p3,B,299,201,0,h05,3324665535878053762
p3,C,21,130,349,h05,3324665535878053762
p3,Non-ROH,500,0,0,h05,3324665535878053762
p1,A,486,14,0,h05,3326514799269308837
p1,B,126,357,17,h05,3326514799269308837
p1,C,27,91,382,h05,3326514799269308837
p1,Non-ROH,500,0,0,h05,3326514799269308837
p2,A,498,2,0,h05,3326514799269308837
p2,B,274,226,0,h05,3326514799269308837
p2,C,21,135,344,h05,3326514799269308837
p2,Non-ROH,500,0,0,h05,3326514799269308837
p3,A,500,0,0,h05,3326514799269308837
p3,B,329,171,0,h05,3326514799269308837
p3,C,20,110,370,h05,3326514799269308837
p3,Non-ROH,500,0,0,h05,3326514799269308837
p1,A,397,103,0,h05,3330728579753376144
p1,B,47,438,15,h05,3330728579753376144
p1,C,19,96,385,h05,3330728579753376144
p1,Non-ROH,500,0,0,h05,3330728579753376144
p2,A,464,36,0,h05,3330728579753376144
p2,B,196,304,0,h05,3330728579753376144
p2,C,10,177,313,h05,3330728579753376144
p2,Non-ROH,500,0,0,h05,3330728579753376144
p3,A,477,23,0,h05,3330728579753376144
p3,B,249,251,0,h05,3330728579753376144
p3,C,9,106,385,h05,3330728579753376144
p3,Non-ROH,500,0,0,h05,3330728579753376144
p1,A,357,143,0,h05,3362260376092385178
p1,B,74,406,20,h05,3362260376092385178
p1,C,19,103,378,h05,3362260376092385178
p1,Non-ROH,500,0,0,h05,3362260376092385178
p2,A,488,12,0,h05,3362260376092385178
p2,B,216,284,0,h05,3362260376092385178
p2,C,12,166,322,h05,3362260376092385178
p2,Non-ROH,500,0,0,h05,3362260376092385178
p3,A,483,17,0,h05,3362260376092385178
p3,B,272,228,0,h05,3362260376092385178
p3,C,12,165,323,h05,3362260376092385178
p3,Non-ROH,500,0,0,h05,3362260376092385178
p1,A,453,47,0,h05,3373045206563189524
p1,B,129,360,11,h05,3373045206563189524
p1,C,33,111,356,h05,3373045206563189524
p1,Non-ROH,500,0,0,h05,3373045206563189524
p2,A,498,2,0,h05,3373045206563189524
p2,B,274,226,0,h05,3373045206563189524
p2,C,15,118,367,h05,3373045206563189524
p2,Non-ROH,500,0,0,h05,3373045206563189524
p3,A,499,1,0,h05,3373045206563189524
p3,B,301,199,0,h05,3373045206563189524
p3,C,18,151,331,h05,3373045206563189524
p3,Non-ROH,500,0,0,h05,3373045206563189524
p1,A,446,54,0,h05,3407223520862521737
p1,B,81,400,19,h05,3407223520862521737
p1,C,24,106,370,h05,3407223520862521737
p1,Non-ROH,500,0,0,h05,3407223520862521737
p2,A,491,9,0,h05,3407223520862521737
p2,B,208,292,0,h05,3407223520862521737
p2,C,8,110,382,h05,3407223520862521737
p2,Non-ROH,500,0,0,h05,3407223520862521737
p3,A,486,14,0,h05,3407223520862521737
p3,B,219,281,0,h05,3407223520862521737
p3,C,9,146,345,h05,3407223520862521737
p3,Non-ROH,500,0,0,h05,3407223520862521737
p1,A,472,28,0,h05,3461153620878424070
p1,B,123,362,15,h05,3461153620878424070
p1,C,31,124,345,h05,3461153620878424070
p1,Non-ROH,500,0,0,h05,3461153620878424070
p2,A,498,2,0,h05,3461153620878424070
p2,B,260,240,0,h05,3461153620878424070
p2,C,15,101,384,h05,3461153620878424070
p2,Non-ROH,500,0,0,h05,3461153620878424070
p3,A,499,1,0,h05,3461153620878424070
p3,B,339,161,0,h05,3461153620878424070
p3,C,23,156,321,h05,3461153620878424070
p3,Non-ROH,500,0,0,h05,3461153620878424070
p1,A,369,131,0,h05,3461961311160285679
p1,B,99,386,15,h05,3461961311160285679
p1,C,20,101,379,h05,3461961311160285679
p1,Non-ROH,500,0,0,h05,3461961311160285679
p2,A,476,24,0,h05,3461961311160285679
p2,B,181,319,0,h05,3461961311160285679
p2,C,12,185,303,h05,3461961311160285679
p2,Non-ROH,500,0,0,h05,3461961311160285679
p3,A,479,21,0,h05,3461961311160285679
p3,B,232,268,0,h05,3461961311160285679
p3,C,12,113,375,h05,3461961311160285679
p3,Non-ROH,500,0,0,h05,3461961311160285679
p1,A,441,59,0,h05,3464658352616882037
p1,B,82,404,14,h05,3464658352616882037
p1,C,32,93,375,h05,3464658352616882037
p1,Non-ROH,500,0,0,h05,3464658352616882037
p2,A,497,3,0,h05,3464658352616882037
p2,B,203,297,0,h05,3464658352616882037
p2,C,15,189,296,h05,3464658352616882037
p2,Non-ROH,500,0,0,h05,3464658352616882037
p3,A,496,4,0,h05,3464658352616882037
p3,B,287,213,0,h05,3464658352616882037
p3,C,20,144,336,h05,3464658352616882037
p3,Non-ROH,500,0,0,h05,3464658352616882037
p1,A,472,28,0,h05,3464772875341652782
p1,B,143,339,18,h05,3464772875341652782
p1,C,29,72,399,h05,3464772875341652782
p1,Non-ROH,500,0,0,h05,3464772875341652782
p2,A,497,3,0,h05,3464772875341652782
p2,B,317,183,0,h05,3464772875341652782
p2,C,38,108,354,h05,3464772875341652782
p2,Non-ROH,500,0,0,h05,3464772875341652782
p3,A,493,7,0,h05,3464772875341652782
p3,B,313,187,0,h05,3464772875341652782
p3,C,12,108,380,h05,3464772875341652782
p3,Non-ROH,500,0,0,h05,3464772875341652782
p1,A,440,60,0,h05,3468527084758718009
p1,B,105,380,15,h05,3468527084758718009
p1,C,26,106,368,h05,3468527084758718009
p1,Non-ROH,500,0,0,h05,3468527084758718009
p2,A,496,4,0,h05,3468527084758718009
p2,B,219,281,0,h05,3468527084758718009
p2,C,28,153,319,h05,3468527084758718009
p2,Non-ROH,500,0,0,h05,3468527084758718009
p3,A,497,3,0,h05,3468527084758718009
p3,B,286,214,0,h05,3468527084758718009
p3,C,14,136,350,h05,3468527084758718009
p3,Non-ROH,500,0,0,h05,3468527084758718009
p1,A,455,45,0,h05,3472101264269831400
p1,B,111,376,13,h05,3472101264269831400
p1,C,35,99,366,h05,3472101264269831400
p1,Non-ROH,500,0,0,h05,3472101264269831400
p2,A,494,6,0,h05,3472101264269831400
p2,B,194,306,0,h05,3472101264269831400
p2,C,14,122,364,h05,3472101264269831400
p2,Non-ROH,500,0,0,h05,3472101264269831400
p3,A,498,2,0,h05,3472101264269831400
p3,B,277,223,0,h05,3472101264269831400
p3,C,20,126,354,h05,3472101264269831400
p3,Non-ROH,500,0,0,h05,3472101264269831400
p1,A,447,53,0,h05,3483914507240149866
p1,B,94,392,14,h05,3483914507240149866
p1,C,21,90,389,h05,3483914507240149866
p1,Non-ROH,500,0,0,h05,3483914507240149866
p2,A,493,7,0,h05,3483914507240149866
p2,B,212,288,0,h05,3483914507240149866
p2,C,35,130,335,h05,3483914507240149866
p2,Non-ROH,500,0,0,h05,3483914507240149866
p3,A,499,1,0,h05,3483914507240149866
p3,B,279,221,0,h05,3483914507240149866
p3,C,28,84,388,h05,3483914507240149866
p3,Non-ROH,500,0,0,h05,3483914507240149866
p1,A,444,56,0,h05,3508644083957044848
p1,B,85,403,12,h05,3508644083957044848
p1,C,29,102,369,h05,3508644083957044848
p1,Non-ROH,500,0,0,h05,3508644083957044848
p2,A,497,3,0,h05,3508644083957044848
p2,B,213,287,0,h05,3508644083957044848
p2,C,12,105,383,h05,3508644083957044848
p2,Non-ROH,500,0,0,h05,3508644083957044848
p3,A,496,4,0,h05,3508644083957044848
p3,B,260,240,0,h05,3508644083957044848
p3,C,9,126,365,h05,3508644083957044848
p3,Non-ROH,500,0,0,h05,3508644083957044848
p1,A,456,44,0,h05,3516512626352426233
p1,B,71,414,15,h05,3516512626352426233
p1,C,30,105,365,h05,3516512626352426233
p1,Non-ROH,500,0,0,h05,3516512626352426233
p2,A,490,10,0,h05,3516512626352426233
p2,B,199,301,0,h05,3516512626352426233
p2,C,19,100,381,h05,3516512626352426233
p2,Non-ROH,500,0,0,h05,3516512626352426233
p3,A,493,7,0,h05,3516512626352426233
p3,B,240,260,0,h05,3516512626352426233
p3,C,13,162,325,h05,3516512626352426233
p3,Non-ROH,500,0,0,h05,3516512626352426233
p1,A,469,31,0,h05,3528402505503618290
p1,B,107,381,12,h05,3528402505503618290
p1,C,32,95,373,h05,3528402505503618290
p1,Non-ROH,500,0,0,h05,3528402505503618290
p2,A,490,10,0,h05,3528402505503618290
p2,B,200,300,0,h05,3528402505503618290
p2,C,25,99,376,h05,3528402505503618290
p2,Non-ROH,500,0,0,h05,3528402505503618290
p3,A,497,3,0,h05,3528402505503618290
p3,B,308,192,0,h05,3528402505503618290
p3,C,39,113,348,h05,3528402505503618290
p3,Non-ROH,500,0,0,h05,3528402505503618290
p1,A,440,60,0,h05,3540262657286518291
p1,B,80,393,27,h05,3540262657286518291
p1,C,19,111,370,h05,3540262657286518291
p1,Non-ROH,500,0,0,h05,3540262657286518291
p2,A,485,15,0,h05,3540262657286518291
p2,B,175,325,0,h05,3540262657286518291
p2,C,13,183,304,h05,3540262657286518291
p2,Non-ROH,500,0,0,h05,3540262657286518291
p3,A,490,10,0,h05,3540262657286518291
p3,B,264,236,0,h05,3540262657286518291
p3,C,12,131,357,h05,3540262657286518291
p3,Non-ROH,500,0,0,h05,3540262657286518291
p1,A,409,91,0,h05,3540456257748157535
p1,B,101,392,7,h05,3540456257748157535
p1,C,44,100,356,h05,3540456257748157535
p1,Non-ROH,500,0,0,h05,3540456257748157535
p2,A,486,14,0,h05,3540456257748157535
p2,B,199,301,0,h05,3540456257748157535
p2,C,45,161,294,h05,3540456257748157535
p2,Non-ROH,500,0,0,h05,3540456257748157535
p3,A,491,9,0,h05,3540456257748157535
p3,B,212,288,0,h05,3540456257748157535
p3,C,22,111,367,h05,3540456257748157535
p3,Non-ROH,500,0,0,h05,3540456257748157535
p1,A,422,78,0,h05,3544710007468744904
p1,B,85,403,12,h05,3544710007468744904
p1,C,24,115,361,h05,3544710007468744904
p1,Non-ROH,500,0,0,h05,3544710007468744904
p2,A,476,24,0,h05,3544710007468744904
p2,B,151,349,0,h05,3544710007468744904
p2,C,11,124,365,h05,3544710007468744904
p2,Non-ROH,500,0,0,h05,3544710007468744904
p3,A,481,19,0,h05,3544710007468744904
p3,B,179,321,0,h05,3544710007468744904
p3,C,14,132,354,h05,3544710007468744904
p3,Non-ROH,500,0,0,h05,3544710007468744904
p1,A,474,26,0,h05,3551272699908572124
p1,B,91,398,11,h05,3551272699908572124
p1,C,27,107,366,h05,3551272699908572124
p1,Non-ROH,500,0,0,h05,3551272699908572124
p2,A,498,2,0,h05,3551272699908572124
p2,B,229,271,0,h05,3551272699908572124
p2,C,15,115,370,h05,3551272699908572124
p2,Non-ROH,500,0,0,h05,3551272699908572124
p3,A,499,1,0,h05,3551272699908572124
p3,B,287,213,0,h05,3551272699908572124
p3,C,13,120,367,h05,3551272699908572124
p3,Non-ROH,500,0,0,h05,3551272699908572124
p1,A,426,74,0,h05,3591561836621665688
p1,B,59,426,15,h05,3591561836621665688
p1,C,24,108,368,h05,3591561836621665688
p1,Non-ROH,500,0,0,h05,3591561836621665688
p2,A,477,23,0,h05,3591561836621665688
p2,B,157,343,0,h05,3591561836621665688
p2,C,8,147,345,h05,3591561836621665688
p2,Non-ROH,500,0,0,h05,3591561836621665688
p3,A,467,33,0,h05,3591561836621665688
p3,B,204,296,0,h05,3591561836621665688
p3,C,9,150,341,h05,3591561836621665688
p3,Non-ROH,500,0,0,h05,3591561836621665688
p1,A,477,23,0,h05,3600462931228260834
p1,B,112,373,15,h05,3600462931228260834
p1,C,33,96,371,h05,3600462931228260834
p1,Non-ROH,500,0,0,h05,3600462931228260834
p2,A,499,1,0,h05,3600462931228260834
p2,B,266,234,0,h05,3600462931228260834
p2,C,14,147,339,h05,3600462931228260834
p2,Non-ROH,500,0,0,h05,3600462931228260834
p3,A,500,0,0,h05,3600462931228260834
p3,B,330,170,0,h05,3600462931228260834
p3,C,16,146,338,h05,3600462931228260834
p3,Non-ROH,500,0,0,h05,3600462931228260834
p1,A,447,53,0,h05,3628011086725781549
p1,B,105,379,16,h05,3628011086725781549
p1,C,16,126,358,h05,3628011086725781549
p1,Non-ROH,500,0,0,h05,3628011086725781549
p2,A,498,2,0,h05,3628011086725781549
p2,B,226,274,0,h05,3628011086725781549
p2,C,16,111,373,h05,3628011086725781549
p2,Non-ROH,500,0,0,h05,3628011086725781549
p3,A,500,0,0,h05,3628011086725781549
p3,B,260,240,0,h05,3628011086725781549
p3,C,22,122,356,h05,3628011086725781549
p3,Non-ROH,500,0,0,h05,3628011086725781549
p1,A,444,56,0,h05,366504081612037806
p1,B,86,405,9,h05,366504081612037806
p1,C,22,89,389,h05,366504081612037806
p1,Non-ROH,500,0,0,h05,366504081612037806
p2,A,492,8,0,h05,366504081612037806
p2,B,206,294,0,h05,366504081612037806
p2,C,12,164,324,h05,366504081612037806
p2,Non-ROH,500,0,0,h05,366504081612037806
p3,A,494,6,0,h05,366504081612037806
p3,B,245,255,0,h05,366504081612037806
p3,C,6,128,366,h05,366504081612037806
p3,Non-ROH,500,0,0,h05,366504081612037806
p1,A,461,39,0,h05,3683354837660023714
p1,B,114,373,13,h05,3683354837660023714
p1,C,22,108,370,h05,3683354837660023714
p1,Non-ROH,500,0,0,h05,3683354837660023714
p2,A,487,13,0,h05,3683354837660023714
p2,B,231,269,0,h05,3683354837660023714
p2,C,13,111,376,h05,3683354837660023714
p2,Non-ROH,500,0,0,h05,3683354837660023714
p3,A,493,7,0,h05,3683354837660023714
p3,B,266,234,0,h05,3683354837660023714
p3,C,26,99,375,h05,3683354837660023714
p3,Non-ROH,500,0,0,h05,3683354837660023714
p1,A,438,62,0,h05,3697800141377835930
p1,B,90,400,10,h05,3697800141377835930
p1,C,31,85,384,h05,3697800141377835930
p1,Non-ROH,500,0,0,h05,3697800141377835930
p2,A,490,10,0,h05,3697800141377835930
p2,B,248,252,0,h05,3697800141377835930
p2,C,18,129,353,h05,3697800141377835930
p2,Non-ROH,500,0,0,h05,3697800141377835930
p3,A,500,0,0,h05,3697800141377835930
p3,B,236,264,0,h05,3697800141377835930
p3,C,11,120,369,h05,3697800141377835930
p3,Non-ROH,500,0,0,h05,3697800141377835930
p1,A,440,60,0,h05,3728243172029813616
p1,B,98,389,13,h05,3728243172029813616
p1,C,21,101,378,h05,3728243172029813616
p1,Non-ROH,500,0,0,h05,3728243172029813616
p2,A,495,5,0,h05,3728243172029813616
p2,B,192,308,0,h05,3728243172029813616
p2,C,17,154,329,h05,3728243172029813616
p2,Non-ROH,500,0,0,h05,3728243172029813616
p3,A,498,2,0,h05,3728243172029813616
p3,B,298,202,0,h05,3728243172029813616
p3,C,18,121,361,h05,3728243172029813616
p3,Non-ROH,500,0,0,h05,3728243172029813616
p1,A,385,115,0,h05,374255776926745252
p1,B,78,412,10,h05,374255776926745252
p1,C,27,108,365,h05,374255776926745252
p1,Non-ROH,500,0,0,h05,374255776926745252
p2,A,459,41,0,h05,374255776926745252
p2,B,133,367,0,h05,374255776926745252
p2,C,15,76,409,h05,374255776926745252
p2,Non-ROH,500,0,0,h05,374255776926745252
p3,A,490,10,0,h05,374255776926745252
p3,B,217,283,0,h05,374255776926745252
p3,C,24,179,297,h05,374255776926745252
p3,Non-ROH,500,0,0,h05,374255776926745252
p1,A,475,25,0,h05,3742697547847462045
p1,B,100,379,21,h05,3742697547847462045
p1,C,30,105,365,h05,3742697547847462045
p1,Non-ROH,500,0,0,h05,3742697547847462045
p2,A,498,2,0,h05,3742697547847462045
p2,B,264,236,0,h05,3742697547847462045
p2,C,23,121,356,h05,3742697547847462045
p2,Non-ROH,500,0,0,h05,3742697547847462045
p3,A,499,1,0,h05,3742697547847462045
p3,B,320,180,0,h05,3742697547847462045
p3,C,20,107,373,h05,3742697547847462045
p3,Non-ROH,500,0,0,h05,3742697547847462045
p1,A,434,66,0,h05,3815688738649623074
p1,B,85,407,8,h05,3815688738649623074
p1,C,21,98,381,h05,3815688738649623074
p1,Non-ROH,500,0,0,h05,3815688738649623074
p2,A,477,23,0,h05,3815688738649623074
p2,B,211,289,0,h05,3815688738649623074
p2,C,23,106,371,h05,3815688738649623074
p2,Non-ROH,500,0,0,h05,3815688738649623074
p3,A,480,20,0,h05,3815688738649623074
p3,B,256,244,0,h05,3815688738649623074
p3,C,20,117,363,h05,3815688738649623074
p3,Non-ROH,500,0,0,h05,3815688738649623074
p1,A,451,49,0,h05,382052450610395805
p1,B,97,381,22,h05,382052450610395805
p1,C,25,103,372,h05,382052450610395805
p1,Non-ROH,500,0,0,h05,382052450610395805
p2,A,496,4,0,h05,382052450610395805
p2,B,236,264,0,h05,382052450610395805
p2,C,23,104,373,h05,382052450610395805
p2,Non-ROH,500,0,0,h05,382052450610395805
p3,A,492,8,0,h05,382052450610395805
p3,B,287,213,0,h05,382052450610395805
p3,C,23,101,376,h05,382052450610395805
p3,Non-ROH,500,0,0,h05,382052450610395805
p1,A,423,77,0,h05,383812516780300523
p1,B,104,385,11,h05,383812516780300523
p1,C,26,114,360,h05,383812516780300523
p1,Non-ROH,500,0,0,h05,383812516780300523
p2,A,489,11,0,h05,383812516780300523
p2,B,225,274,1,h05,383812516780300523
p2,C,20,79,401,h05,383812516780300523
p2,Non-ROH,500,0,0,h05,383812516780300523
p3,A,494,6,0,h05,383812516780300523
p3,B,223,277,0,h05,383812516780300523
p3,C,26,133,341,h05,383812516780300523
p3,Non-ROH,500,0,0,h05,383812516780300523
p1,A,435,65,0,h05,3855555172309214120
p1,B,91,393,16,h05,3855555172309214120
p1,C,17,104,379,h05,3855555172309214120
p1,Non-ROH,500,0,0,h05,3855555172309214120
p2,A,495,5,0,h05,3855555172309214120
p2,B,276,224,0,h05,3855555172309214120
p2,C,18,143,339,h05,3855555172309214120
p2,Non-ROH,500,0,0,h05,3855555172309214120
p3,A,500,0,0,h05,3855555172309214120
p3,B,303,197,0,h05,3855555172309214120
p3,C,14,99,387,h05,3855555172309214120
p3,Non-ROH,500,0,0,h05,3855555172309214120
p1,A,397,103,0,h05,3862019942008193973
p1,B,76,410,14,h05,3862019942008193973
p1,C,23,102,375,h05,3862019942008193973
p1,Non-ROH,500,0,0,h05,3862019942008193973
p2,A,496,4,0,h05,3862019942008193973
p2,B,216,284,0,h05,3862019942008193973
p2,C,19,98,383,h05,3862019942008193973
p2,Non-ROH,500,0,0,h05,3862019942008193973
p3,A,484,16,0,h05,3862019942008193973
p3,B,253,247,0,h05,3862019942008193973
p3,C,14,163,323,h05,3862019942008193973
p3,Non-ROH,500,0,0,h05,3862019942008193973
p1,A,412,88,0,h05,3907362529183351269
p1,B,79,413,8,h05,3907362529183351269
p1,C,16,93,391,h05,3907362529183351269
p1,Non-ROH,500,0,0,h05,3907362529183351269
p2,A,489,11,0,h05,3907362529183351269
p2,B,192,308,0,h05,3907362529183351269
p2,C,18,101,381,h05,3907362529183351269
p2,Non-ROH,500,0,0,h05,3907362529183351269
p3,A,488,12,0,h05,3907362529183351269
p3,B,222,278,0,h05,3907362529183351269
p3,C,14,125,361,h05,3907362529183351269
p3,Non-ROH,500,0,0,h05,3907362529183351269
p1,A,470,30,0,h05,3921468097767567940
p1,B,93,394,13,h05,3921468097767567940
p1,C,27,74,399,h05,3921468097767567940
p1,Non-ROH,500,0,0,h05,3921468097767567940
p2,A,497,3,0,h05,3921468097767567940
p2,B,226,274,0,h05,3921468097767567940
p2,C,8,134,358,h05,3921468097767567940
p2,Non-ROH,500,0,0,h05,3921468097767567940
p3,A,494,6,0,h05,3921468097767567940
p3,B,210,290,0,h05,3921468097767567940
p3,C,16,159,325,h05,3921468097767567940
p3,Non-ROH,500,0,0,h05,3921468097767567940
p1,A,434,66,0,h05,3922945914693752804
p1,B,91,397,12,h05,3922945914693752804
p1,C,28,99,373,h05,3922945914693752804
p1,Non-ROH,500,0,0,h05,3922945914693752804
p2,A,494,6,0,h05,3922945914693752804
p2,B,183,317,0,h05,3922945914693752804
p2,C,10,135,355,h05,3922945914693752804
p2,Non-ROH,500,0,0,h05,3922945914693752804
p3,A,498,2,0,h05,3922945914693752804
p3,B,249,251,0,h05,3922945914693752804
p3,C,15,129,356,h05,3922945914693752804
p3,Non-ROH,500,0,0,h05,3922945914693752804
p1,A,467,33,0,h05,4021405358324808277
p1,B,120,369,11,h05,4021405358324808277
p1,C,36,114,350,h05,4021405358324808277
p1,Non-ROH,500,0,0,h05,4021405358324808277
p2,A,499,1,0,h05,4021405358324808277
p2,B,247,253,0,h05,4021405358324808277
p2,C,13,153,334,h05,4021405358324808277
p2,Non-ROH,500,0,0,h05,4021405358324808277
p3,A,499,1,0,h05,4021405358324808277
p3,B,318,182,0,h05,4021405358324808277
p3,C,20,134,346,h05,4021405358324808277
p3,Non-ROH,500,0,0,h05,4021405358324808277
p1,A,448,52,0,h05,4023023869728563480
p1,B,75,411,14,h05,4023023869728563480
p1,C,15,113,372,h05,4023023869728563480
p1,Non-ROH,500,0,0,h05,4023023869728563480
p2,A,492,8,0,h05,4023023869728563480
p2,B,205,295,0,h05,4023023869728563480
p2,C,16,110,374,h05,4023023869728563480
p2,Non-ROH,500,0,0,h05,4023023869728563480
p3,A,491,9,0,h05,4023023869728563480
p3,B,253,247,0,h05,4023023869728563480
p3,C,14,149,337,h05,4023023869728563480
p3,Non-ROH,500,0,0,h05,4023023869728563480
p1,A,450,50,0,h05,4024473645260195300
p1,B,80,403,17,h05,4024473645260195300
p1,C,13,119,368,h05,4024473645260195300
p1,Non-ROH,500,0,0,h05,4024473645260195300
p2,A,494,6,0,h05,4024473645260195300
p2,B,212,288,0,h05,4024473645260195300
p2,C,13,150,337,h05,4024473645260195300
p2,Non-ROH,500,0,0,h05,4024473645260195300
p3,A,497,3,0,h05,4024473645260195300
p3,B,262,238,0,h05,4024473645260195300
p3,C,19,127,354,h05,4024473645260195300
p3,Non-ROH,500,0,0,h05,4024473645260195300
p1,A,371,129,0,h05,403757262444406996
p1,B,87,401,12,h05,403757262444406996
p1,C,26,104,370,h05,403757262444406996
p1,Non-ROH,500,0,0,h05,403757262444406996
p2,A,476,24,0,h05,403757262444406996
p2,B,233,267,0,h05,403757262444406996
p2,C,22,168,310,h05,403757262444406996
p2,Non-ROH,500,0,0,h05,403757262444406996
p3,A,484,16,0,h05,403757262444406996
p3,B,203,297,0,h05,403757262444406996
p3,C,21,86,393,h05,403757262444406996
p3,Non-ROH,500,0,0,h05,403757262444406996
p1,A,443,57,0,h05,4071624422373318317
p1,B,95,384,21,h05,4071624422373318317
p1,C,19,92,389,h05,4071624422373318317
p1,Non-ROH,500,0,0,h05,4071624422373318317
p2,A,496,4,0,h05,4071624422373318317
p2,B,184,316,0,h05,4071624422373318317
p2,C,10,102,388,h05,4071624422373318317
p2,Non-ROH,500,0,0,h05,4071624422373318317
p3,A,496,4,0,h05,4071624422373318317
p3,B,312,188,0,h05,4071624422373318317
p3,C,11,121,368,h05,4071624422373318317
p3,Non-ROH,500,0,0,h05,4071624422373318317
p1,A,465,35,0,h05,4107426017595271929
p1,B,84,392,24,h05,4107426017595271929
p1,C,29,97,374,h05,4107426017595271929
p1,Non-ROH,500,0,0,h05,4107426017595271929
p2,A,486,14,0,h05,4107426017595271929
p2,B,174,326,0,h05,4107426017595271929
p2,C,16,161,323,h05,4107426017595271929
p2,Non-ROH,500,0,0,h05,4107426017595271929
p3,A,496,4,0,h05,4107426017595271929
p3,B,321,179,0,h05,4107426017595271929
p3,C,15,133,352,h05,4107426017595271929
p3,Non-ROH,500,0,0,h05,4107426017595271929
p1,A,436,64,0,h05,4151196931492531905
p1,B,78,409,13,h05,4151196931492531905
p1,C,23,110,367,h05,4151196931492531905
p1,Non-ROH,500,0,0,h05,4151196931492531905
p2,A,484,16,0,h05,4151196931492531905
p2,B,163,337,0,h05,4151196931492531905
p2,C,13,102,385,h05,4151196931492531905
p2,Non-ROH,500,0,0,h05,4151196931492531905
p3,A,497,3,0,h05,4151196931492531905
p3,B,249,251,0,h05,4151196931492531905
p3,C,7,115,378,h05,4151196931492531905
p3,Non-ROH,500,0,0,h05,4151196931492531905
p1,A,473,27,0,h05,415509680525057690
p1,B,128,359,13,h05,415509680525057690
p1,C,49,91,360,h05,415509680525057690
p1,Non-ROH,500,0,0,h05,415509680525057690
p2,A,498,2,0,h05,415509680525057690
p2,B,278,222,0,h05,415509680525057690
p2,C,25,116,359,h05,415509680525057690
p2,Non-ROH,500,0,0,h05,415509680525057690
p3,A,499,1,0,h05,415509680525057690
p3,B,348,152,0,h05,415509680525057690
p3,C,28,86,386,h05,415509680525057690
p3,Non-ROH,500,0,0,h05,415509680525057690
p1,A,414,86,0,h05,4199866318404237823
p1,B,74,411,15,h05,4199866318404237823
p1,C,28,99,373,h05,4199866318404237823
p1,Non-ROH,500,0,0,h05,4199866318404237823
p2,A,490,10,0,h05,4199866318404237823
p2,B,160,340,0,h05,4199866318404237823
p2,C,11,125,364,h05,4199866318404237823
p2,Non-ROH,500,0,0,h05,4199866318404237823
p3,A,470,30,0,h05,4199866318404237823
p3,B,251,249,0,h05,4199866318404237823
p3,C,15,169,316,h05,4199866318404237823
p3,Non-ROH,500,0,0,h05,4199866318404237823
p1,A,468,32,0,h05,4217258082257466843
p1,B,103,381,16,h05,4217258082257466843
p1,C,38,83,379,h05,4217258082257466843
p1,Non-ROH,500,0,0,h05,4217258082257466843
p2,A,500,0,0,h05,4217258082257466843
p2,B,208,292,0,h05,4217258082257466843
p2,C,27,128,345,h05,4217258082257466843
p2,Non-ROH,500,0,0,h05,4217258082257466843
p3,A,499,1,0,h05,4217258082257466843
p3,B,282,218,0,h05,4217258082257466843
p3,C,18,95,387,h05,4217258082257466843
p3,Non-ROH,500,0,0,h05,4217258082257466843
p1,A,422,78,0,h05,4243639856503260845
p1,B,95,392,13,h05,4243639856503260845
p1,C,27,102,371,h05,4243639856503260845
p1,Non-ROH,500,0,0,h05,4243639856503260845
p2,A,487,13,0,h05,4243639856503260845
p2,B,202,298,0,h05,4243639856503260845
p2,C,10,96,394,h05,4243639856503260845
p2,Non-ROH,500,0,0,h05,4243639856503260845
p3,A,493,7,0,h05,4243639856503260845
p3,B,277,223,0,h05,4243639856503260845
p3,C,10,123,367,h05,4243639856503260845
p3,Non-ROH,500,0,0,h05,4243639856503260845
p1,A,420,80,0,h05,4269184530108768655
p1,B,75,413,12,h05,4269184530108768655
p1,C,23,96,381,h05,4269184530108768655
p1,Non-ROH,500,0,0,h05,4269184530108768655
p2,A,489,11,0,h05,4269184530108768655
p2,B,191,309,0,h05,4269184530108768655
p2,C,20,116,364,h05,4269184530108768655
p2,Non-ROH,500,0,0,h05,4269184530108768655
p3,A,475,25,0,h05,4269184530108768655
p3,B,239,261,0,h05,4269184530108768655
p3,C,25,117,358,h05,4269184530108768655
p3,Non-ROH,500,0,0,h05,4269184530108768655
p1,A,472,28,0,h05,4274219321748408892
p1,B,73,405,22,h05,4274219321748408892
p1,C,26,118,356,h05,4274219321748408892
p1,Non-ROH,500,0,0,h05,4274219321748408892
p2,A,496,4,0,h05,4274219321748408892
p2,B,193,307,0,h05,4274219321748408892
p2,C,17,149,334,h05,4274219321748408892
p2,Non-ROH,500,0,0,h05,4274219321748408892
p3,A,495,5,0,h05,4274219321748408892
p3,B,220,280,0,h05,4274219321748408892
p3,C,16,137,347,h05,4274219321748408892
p3,Non-ROH,500,0,0,h05,4274219321748408892
p1,A,447,53,0,h05,4276586841675123098
p1,B,114,370,16,h05,4276586841675123098
p1,C,29,120,351,h05,4276586841675123098
p1,Non-ROH,500,0,0,h05,4276586841675123098
p2,A,494,6,0,h05,4276586841675123098
p2,B,294,206,0,h05,4276586841675123098
p2,C,21,93,386,h05,4276586841675123098
p2,Non-ROH,500,0,0,h05,4276586841675123098
p3,A,496,4,0,h05,4276586841675123098
p3,B,274,226,0,h05,4276586841675123098
p3,C,15,138,347,h05,4276586841675123098
p3,Non-ROH,500,0,0,h05,4276586841675123098
p1,A,456,44,0,h05,4315457210739725962
p1,B,73,411,16,h05,4315457210739725962
p1,C,22,88,390,h05,4315457210739725962
p1,Non-ROH,500,0,0,h05,4315457210739725962
p2,A,490,10,0,h05,4315457210739725962
p2,B,216,284,0,h05,4315457210739725962
p2,C,23,109,368,h05,4315457210739725962
p2,Non-ROH,500,0,0,h05,4315457210739725962
p3,A,489,11,0,h05,4315457210739725962
p3,B,216,284,0,h05,4315457210739725962
p3,C,24,210,266,h05,4315457210739725962
p3,Non-ROH,500,0,0,h05,4315457210739725962
p1,A,465,35,0,h05,4316845743002647991
p1,B,106,380,14,h05,4316845743002647991
p1,C,29,119,352,h05,4316845743002647991
p1,Non-ROH,500,0,0,h05,4316845743002647991
p2,A,499,1,0,h05,4316845743002647991
p2,B,221,279,0,h05,4316845743002647991
p2,C,15,97,388,h05,4316845743002647991
p2,Non-ROH,500,0,0,h05,4316845743002647991
p3,A,500,0,0,h05,4316845743002647991
p3,B,251,249,0,h05,4316845743002647991
p3,C,14,126,360,h05,4316845743002647991
p3,Non-ROH,500,0,0,h05,4316845743002647991
p1,A,445,55,0,h05,4343855387814708950
p1,B,87,397,16,h05,4343855387814708950
p1,C,27,95,378,h05,4343855387814708950
p1,Non-ROH,500,0,0,h05,4343855387814708950
p2,A,490,10,0,h05,4343855387814708950
p2,B,194,306,0,h05,4343855387814708950
p2,C,10,124,366,h05,4343855387814708950
p2,Non-ROH,500,0,0,h05,4343855387814708950
p3,A,500,0,0,h05,4343855387814708950
p3,B,226,274,0,h05,4343855387814708950
p3,C,13,133,354,h05,4343855387814708950
p3,Non-ROH,500,0,0,h05,4343855387814708950
p1,A,462,38,0,h05,4403479374755923533
p1,B,152,329,19,h05,4403479374755923533
p1,C,38,87,375,h05,4403479374755923533
p1,Non-ROH,500,0,0,h05,4403479374755923533
p2,A,499,1,0,h05,4403479374755923533
p2,B,321,179,0,h05,4403479374755923533
p2,C,36,107,357,h05,4403479374755923533
p2,Non-ROH,500,0,0,h05,4403479374755923533
p3,A,499,1,0,h05,4403479374755923533
p3,B,347,153,0,h05,4403479374755923533
p3,C,32,101,367,h05,4403479374755923533
p3,Non-ROH,500,0,0,h05,4403479374755923533
p1,A,465,35,0,h05,4406719065744804837
p1,B,107,369,24,h05,4406719065744804837
p1,C,46,83,371,h05,4406719065744804837
p1,Non-ROH,500,0,0,h05,4406719065744804837
p2,A,497,3,0,h05,4406719065744804837
p2,B,240,260,0,h05,4406719065744804837
p2,C,19,175,306,h05,4406719065744804837
p2,Non-ROH,500,0,0,h05,4406719065744804837
p3,A,496,4,0,h05,4406719065744804837
p3,B,300,200,0,h05,4406719065744804837
p3,C,17,85,398,h05,4406719065744804837
p3,Non-ROH,500,0,0,h05,4406719065744804837
p1,A,445,55,0,h05,4477183177417822048
p1,B,79,407,14,h05,4477183177417822048
p1,C,25,113,362,h05,4477183177417822048
p1,Non-ROH,500,0,0,h05,4477183177417822048
p2,A,493,7,0,h05,4477183177417822048
p2,B,238,262,0,h05,4477183177417822048
p2,C,13,193,294,h05,4477183177417822048
p2,Non-ROH,500,0,0,h05,4477183177417822048
p3,A,497,3,0,h05,4477183177417822048
p3,B,241,259,0,h05,4477183177417822048
p3,C,14,121,365,h05,4477183177417822048
p3,Non-ROH,500,0,0,h05,4477183177417822048
p1,A,469,31,0,h05,4479200413237549825
p1,B,112,372,16,h05,4479200413237549825
p1,C,30,119,351,h05,4479200413237549825
p1,Non-ROH,500,0,0,h05,4479200413237549825
p2,A,497,3,0,h05,4479200413237549825
p2,B,257,243,0,h05,4479200413237549825
p2,C,18,86,396,h05,4479200413237549825
p2,Non-ROH,500,0,0,h05,4479200413237549825
p3,A,498,2,0,h05,4479200413237549825
p3,B,334,166,0,h05,4479200413237549825
p3,C,20,234,246,h05,4479200413237549825
p3,Non-ROH,500,0,0,h05,4479200413237549825
p1,A,478,22,0,h05,4490163956328203052
p1,B,145,342,13,h05,4490163956328203052
p1,C,33,106,361,h05,4490163956328203052
p1,Non-ROH,500,0,0,h05,4490163956328203052
p2,A,498,2,0,h05,4490163956328203052
p2,B,312,188,0,h05,4490163956328203052
p2,C,26,87,387,h05,4490163956328203052
p2,Non-ROH,500,0,0,h05,4490163956328203052
p3,A,500,0,0,h05,4490163956328203052
p3,B,371,129,0,h05,4490163956328203052
p3,C,14,175,311,h05,4490163956328203052
p3,Non-ROH,500,0,0,h05,4490163956328203052
p1,A,418,82,0,h05,4514138950989720371
p1,B,108,375,17,h05,4514138950989720371
p1,C,21,102,377,h05,4514138950989720371
p1,Non-ROH,500,0,0,h05,4514138950989720371
p2,A,492,8,0,h05,4514138950989720371
p2,B,269,231,0,h05,4514138950989720371
p2,C,24,93,383,h05,4514138950989720371
p2,Non-ROH,500,0,0,h05,4514138950989720371
p3,A,488,12,0,h05,4514138950989720371
p3,B,300,200,0,h05,4514138950989720371
p3,C,25,154,321,h05,4514138950989720371
p3,Non-ROH,500,0,0,h05,4514138950989720371
p1,A,437,63,0,h05,4518586242242537823
p1,B,91,391,18,h05,4518586242242537823
p1,C,31,103,366,h05,4518586242242537823
p1,Non-ROH,500,0,0,h05,4518586242242537823
p2,A,498,2,0,h05,4518586242242537823
p2,B,234,266,0,h05,4518586242242537823
p2,C,25,115,360,h05,4518586242242537823
p2,Non-ROH,500,0,0,h05,4518586242242537823
p3,A,492,8,0,h05,4518586242242537823
p3,B,306,194,0,h05,4518586242242537823
p3,C,21,207,272,h05,4518586242242537823
p3,Non-ROH,500,0,0,h05,4518586242242537823
p1,A,459,41,0,h05,4543630476713318513
p1,B,106,375,19,h05,4543630476713318513
p1,C,22,107,371,h05,4543630476713318513
p1,Non-ROH,500,0,0,h05,4543630476713318513
p2,A,485,15,0,h05,4543630476713318513
p2,B,252,248,0,h05,4543630476713318513
p2,C,17,114,369,h05,4543630476713318513
p2,Non-ROH,500,0,0,h05,4543630476713318513
p3,A,494,6,0,h05,4543630476713318513
p3,B,359,141,0,h05,4543630476713318513
p3,C,17,125,358,h05,4543630476713318513
p3,Non-ROH,500,0,0,h05,4543630476713318513
p1,A,462,38,0,h05,4640263965897753022
p1,B,99,387,14,h05,4640263965897753022
p1,C,32,91,377,h05,4640263965897753022
p1,Non-ROH,500,0,0,h05,4640263965897753022
p2,A,495,5,0,h05,4640263965897753022
p2,B,234,266,0,h05,4640263965897753022
p2,C,23,93,384,h05,4640263965897753022
p2,Non-ROH,500,0,0,h05,4640263965897753022
p3,A,500,0,0,h05,4640263965897753022
p3,B,296,204,0,h05,4640263965897753022
p3,C,20,100,380,h05,4640263965897753022
p3,Non-ROH,500,0,0,h05,4640263965897753022
p1,A,440,60,0,h05,4641652776492766432
p1,B,82,406,12,h05,4641652776492766432
p1,C,23,100,377,h05,4641652776492766432
p1,Non-ROH,500,0,0,h05,4641652776492766432
p2,A,499,1,0,h05,4641652776492766432
p2,B,194,306,0,h05,4641652776492766432
p2,C,13,103,384,h05,4641652776492766432
p2,Non-ROH,500,0,0,h05,4641652776492766432
p3,A,488,12,0,h05,4641652776492766432
p3,B,258,242,0,h05,4641652776492766432
p3,C,11,142,347,h05,4641652776492766432
p3,Non-ROH,500,0,0,h05,4641652776492766432
p1,A,440,60,0,h05,4642251915054137583
p1,B,102,388,10,h05,4642251915054137583
p1,C,23,119,358,h05,4642251915054137583
p1,Non-ROH,500,0,0,h05,4642251915054137583
p2,A,496,4,0,h05,4642251915054137583
p2,B,272,228,0,h05,4642251915054137583
p2,C,23,119,358,h05,4642251915054137583
p2,Non-ROH,500,0,0,h05,4642251915054137583
p3,A,495,5,0,h05,4642251915054137583
p3,B,284,216,0,h05,4642251915054137583
p3,C,25,115,360,h05,4642251915054137583
p3,Non-ROH,500,0,0,h05,4642251915054137583
p1,A,475,25,0,h05,4649062185974838267
p1,B,139,351,10,h05,4649062185974838267
p1,C,18,113,369,h05,4649062185974838267
p1,Non-ROH,500,0,0,h05,4649062185974838267
p2,A,500,0,0,h05,4649062185974838267
p2,B,255,245,0,h05,4649062185974838267
p2,C,20,157,323,h05,4649062185974838267
p2,Non-ROH,500,0,0,h05,4649062185974838267
p3,A,500,0,0,h05,4649062185974838267
p3,B,325,175,0,h05,4649062185974838267
p3,C,16,154,330,h05,4649062185974838267
p3,Non-ROH,500,0,0,h05,4649062185974838267
p1,A,446,54,0,h05,4659632312080209380
p1,B,104,377,19,h05,4659632312080209380
p1,C,22,103,375,h05,4659632312080209380
p1,Non-ROH,500,0,0,h05,4659632312080209380
p2,A,489,11,0,h05,4659632312080209380
p2,B,239,261,0,h05,4659632312080209380
p2,C,19,114,367,h05,4659632312080209380
p2,Non-ROH,500,0,0,h05,4659632312080209380
p3,A,497,3,0,h05,4659632312080209380
p3,B,307,193,0,h05,4659632312080209380
p3,C,15,141,344,h05,4659632312080209380
p3,Non-ROH,500,0,0,h05,4659632312080209380
p1,A,455,45,0,h05,4659844892738446005
p1,B,139,344,17,h05,4659844892738446005
p1,C,22,92,386,h05,4659844892738446005
p1,Non-ROH,500,0,0,h05,4659844892738446005
p2,A,498,2,0,h05,4659844892738446005
p2,B,298,202,0,h05,4659844892738446005
p2,C,21,102,377,h05,4659844892738446005
p2,Non-ROH,500,0,0,h05,4659844892738446005
p3,A,495,5,0,h05,4659844892738446005
p3,B,330,170,0,h05,4659844892738446005
p3,C,11,139,350,h05,4659844892738446005
p3,Non-ROH,500,0,0,h05,4659844892738446005
p1,A,397,103,0,h05,4672388265675621449
p1,B,71,413,16,h05,4672388265675621449
p1,C,16,108,376,h05,4672388265675621449
p1,Non-ROH,500,0,0,h05,4672388265675621449
p2,A,460,40,0,h05,4672388265675621449
p2,B,121,378,1,h05,4672388265675621449
p2,C,13,122,365,h05,4672388265675621449
p2,Non-ROH,500,0,0,h05,4672388265675621449
p3,A,477,23,0,h05,4672388265675621449
p3,B,197,303,0,h05,4672388265675621449
p3,C,14,163,323,h05,4672388265675621449
p3,Non-ROH,500,0,0,h05,4672388265675621449
p1,A,463,37,0,h05,46776481903394413
p1,B,109,378,13,h05,46776481903394413
p1,C,34,99,367,h05,46776481903394413
p1,Non-ROH,500,0,0,h05,46776481903394413
p2,A,499,1,0,h05,46776481903394413
p2,B,256,244,0,h05,46776481903394413
p2,C,12,100,388,h05,46776481903394413
p2,Non-ROH,500,0,0,h05,46776481903394413
p3,A,497,3,0,h05,46776481903394413
p3,B,277,223,0,h05,46776481903394413
p3,C,12,123,365,h05,46776481903394413
p3,Non-ROH,500,0,0,h05,46776481903394413
p1,A,416,84,0,h05,4701581933444510068
p1,B,90,397,13,h05,4701581933444510068
p1,C,33,92,375,h05,4701581933444510068
p1,Non-ROH,500,0,0,h05,4701581933444510068
p2,A,486,14,0,h05,4701581933444510068
p2,B,197,303,0,h05,4701581933444510068
p2,C,21,95,384,h05,4701581933444510068
p2,Non-ROH,500,0,0,h05,4701581933444510068
p3,A,496,4,0,h05,4701581933444510068
p3,B,230,270,0,h05,4701581933444510068
p3,C,19,111,370,h05,4701581933444510068
p3,Non-ROH,500,0,0,h05,4701581933444510068
p1,A,445,55,0,h05,4744928120450129002
p1,B,102,385,13,h05,4744928120450129002
p1,C,35,96,369,h05,4744928120450129002
p1,Non-ROH,500,0,0,h05,4744928120450129002
p2,A,495,5,0,h05,4744928120450129002
p2,B,197,303,0,h05,4744928120450129002
p2,C,25,117,358,h05,4744928120450129002
p2,Non-ROH,500,0,0,h05,4744928120450129002
p3,A,496,4,0,h05,4744928120450129002
p3,B,267,233,0,h05,4744928120450129002
p3,C,18,147,335,h05,4744928120450129002
p3,Non-ROH,500,0,0,h05,4744928120450129002
p1,A,456,44,0,h05,4760341090812991199
p1,B,81,403,16,h05,4760341090812991199
p1,C,28,88,384,h05,4760341090812991199
p1,Non-ROH,500,0,0,h05,4760341090812991199
p2,A,491,9,0,h05,4760341090812991199
p2,B,224,276,0,h05,4760341090812991199
p2,C,13,138,349,h05,4760341090812991199
p2,Non-ROH,500,0,0,h05,4760341090812991199
p3,A,499,1,0,h05,4760341090812991199
p3,B,288,212,0,h05,4760341090812991199
p3,C,14,106,380,h05,4760341090812991199
p3,Non-ROH,500,0,0,h05,4760341090812991199
p1,A,444,56,0,h05,4768151197073274901
p1,B,91,401,8,h05,4768151197073274901
p1,C,20,95,385,h05,4768151197073274901
p1,Non-ROH,500,0,0,h05,4768151197073274901
p2,A,482,18,0,h05,4768151197073274901
p2,B,187,313,0,h05,4768151197073274901
p2,C,27,89,384,h05,4768151197073274901
p2,Non-ROH,500,0,0,h05,4768151197073274901
p3,A,499,1,0,h05,4768151197073274901
p3,B,242,258,0,h05,4768151197073274901
p3,C,17,151,332,h05,4768151197073274901
p3,Non-ROH,500,0,0,h05,4768151197073274901
p1,A,400,100,0,h05,4855135173166218285
p1,B,91,391,18,h05,4855135173166218285
p1,C,26,92,382,h05,4855135173166218285
p1,Non-ROH,500,0,0,h05,4855135173166218285
p2,A,465,35,0,h05,4855135173166218285
p2,B,215,285,0,h05,4855135173166218285
p2,C,9,165,326,h05,4855135173166218285
p2,Non-ROH,500,0,0,h05,4855135173166218285
p3,A,488,12,0,h05,4855135173166218285
p3,B,268,232,0,h05,4855135173166218285
p3,C,12,128,360,h05,4855135173166218285
p3,Non-ROH,500,0,0,h05,4855135173166218285
p1,A,463,37,0,h05,4865973548592476853
p1,B,106,378,16,h05,4865973548592476853
p1,C,30,102,368,h05,4865973548592476853
p1,Non-ROH,500,0,0,h05,4865973548592476853
p2,A,496,4,0,h05,4865973548592476853
p2,B,244,256,0,h05,4865973548592476853
p2,C,23,104,373,h05,4865973548592476853
p2,Non-ROH,500,0,0,h05,4865973548592476853
p3,A,492,8,0,h05,4865973548592476853
p3,B,254,246,0,h05,4865973548592476853
p3,C,11,140,349,h05,4865973548592476853
p3,Non-ROH,500,0,0,h05,4865973548592476853
p1,A,431,69,0,h05,4882316451110667710
p1,B,79,406,15,h05,4882316451110667710
p1,C,17,105,378,h05,4882316451110667710
p1,Non-ROH,500,0,0,h05,4882316451110667710
p2,A,493,7,0,h05,4882316451110667710
p2,B,202,298,0,h05,4882316451110667710
p2,C,14,163,323,h05,4882316451110667710
p2,Non-ROH,500,0,0,h05,4882316451110667710
p3,A,494,6,0,h05,4882316451110667710
p3,B,261,239,0,h05,4882316451110667710
p3,C,10,163,327,h05,4882316451110667710
p3,Non-ROH,500,0,0,h05,4882316451110667710
p1,A,430,70,0,h05,4885587909071073087
p1,B,56,430,14,h05,4885587909071073087
p1,C,19,114,367,h05,4885587909071073087
p1,Non-ROH,500,0,0,h05,4885587909071073087
p2,A,440,60,0,h05,4885587909071073087
p2,B,141,359,0,h05,4885587909071073087
p2,C,16,115,369,h05,4885587909071073087
p2,Non-ROH,500,0,0,h05,4885587909071073087
p3,A,491,9,0,h05,4885587909071073087
p3,B,213,287,0,h05,4885587909071073087
p3,C,14,130,356,h05,4885587909071073087
p3,Non-ROH,500,0,0,h05,4885587909071073087
p1,A,416,84,0,h05,4892011688749506227
p1,B,77,411,12,h05,4892011688749506227
p1,C,19,93,388,h05,4892011688749506227
p1,Non-ROH,500,0,0,h05,4892011688749506227
p2,A,461,39,0,h05,4892011688749506227
p2,B,188,312,0,h05,4892011688749506227
p2,C,16,97,387,h05,4892011688749506227
p2,Non-ROH,500,0,0,h05,4892011688749506227
p3,A,479,21,0,h05,4892011688749506227
p3,B,243,257,0,h05,4892011688749506227
p3,C,15,106,379,h05,4892011688749506227
p3,Non-ROH,500,0,0,h05,4892011688749506227
p1,A,436,64,0,h05,4907768078644548372
p1,B,100,383,17,h05,4907768078644548372
p1,C,31,101,368,h05,4907768078644548372
p1,Non-ROH,500,0,0,h05,4907768078644548372
p2,A,493,7,0,h05,4907768078644548372
p2,B,250,250,0,h05,4907768078644548372
p2,C,25,113,362,h05,4907768078644548372
p2,Non-ROH,500,0,0,h05,4907768078644548372
p3,A,496,4,0,h05,4907768078644548372
p3,B,260,240,0,h05,4907768078644548372
p3,C,11,147,342,h05,4907768078644548372
p3,Non-ROH,500,0,0,h05,4907768078644548372
p1,A,448,52,0,h05,4935413743855788662
p1,B,106,376,18,h05,4935413743855788662
p1,C,36,98,366,h05,4935413743855788662
p1,Non-ROH,500,0,0,h05,4935413743855788662
p2,A,492,8,0,h05,4935413743855788662
p2,B,222,278,0,h05,4935413743855788662
p2,C,11,118,371,h05,4935413743855788662
p2,Non-ROH,500,0,0,h05,4935413743855788662
p3,A,498,2,0,h05,4935413743855788662
p3,B,274,226,0,h05,4935413743855788662
p3,C,14,105,381,h05,4935413743855788662
p3,Non-ROH,500,0,0,h05,4935413743855788662
p1,A,448,52,0,h05,49498118787098719
p1,B,58,429,13,h05,49498118787098719
p1,C,13,110,377,h05,49498118787098719
p1,Non-ROH,500,0,0,h05,49498118787098719
p2,A,484,16,0,h05,49498118787098719
p2,B,135,365,0,h05,49498118787098719
p2,C,14,148,338,h05,49498118787098719
p2,Non-ROH,500,0,0,h05,49498118787098719
p3,A,494,6,0,h05,49498118787098719
p3,B,210,290,0,h05,49498118787098719
p3,C,17,134,349,h05,49498118787098719
p3,Non-ROH,500,0,0,h05,49498118787098719
p1,A,470,30,0,h05,4962566445985271905
p1,B,123,365,12,h05,4962566445985271905
p1,C,20,120,360,h05,4962566445985271905
p1,Non-ROH,500,0,0,h05,4962566445985271905
p2,A,497,3,0,h05,4962566445985271905
p2,B,264,236,0,h05,4962566445985271905
p2,C,15,118,367,h05,4962566445985271905
p2,Non-ROH,500,0,0,h05,4962566445985271905
p3,A,498,2,0,h05,4962566445985271905
p3,B,291,209,0,h05,4962566445985271905
p3,C,15,225,260,h05,4962566445985271905
p3,Non-ROH,500,0,0,h05,4962566445985271905
p1,A,430,70,0,h05,4979514301502894308
p1,B,64,420,16,h05,4979514301502894308
p1,C,19,118,363,h05,4979514301502894308
p1,Non-ROH,500,0,0,h05,4979514301502894308
p2,A,494,6,0,h05,4979514301502894308
p2,B,165,335,0,h05,4979514301502894308
p2,C,11,155,334,h05,4979514301502894308
p2,Non-ROH,500,0,0,h05,4979514301502894308
p3,A,482,18,0,h05,4979514301502894308
p3,B,188,312,0,h05,4979514301502894308
p3,C,8,156,336,h05,4979514301502894308
p3,Non-ROH,500,0,0,h05,4979514301502894308
p1,A,465,35,0,h05,4981997705506057588
p1,B,112,378,10,h05,4981997705506057588
p1,C,29,91,380,h05,4981997705506057588
p1,Non-ROH,500,0,0,h05,4981997705506057588
p2,A,488,12,0,h05,4981997705506057588
p2,B,250,250,0,h05,4981997705506057588
p2,C,20,170,310,h05,4981997705506057588
p2,Non-ROH,500,0,0,h05,4981997705506057588
p3,A,497,3,0,h05,4981997705506057588
p3,B,318,182,0,h05,4981997705506057588
p3,C,13,204,283,h05,4981997705506057588
p3,Non-ROH,500,0,0,h05,4981997705506057588
p1,A,441,59,0,h05,5005685740854779223
p1,B,91,396,13,h05,5005685740854779223
p1,C,18,120,362,h05,5005685740854779223
p1,Non-ROH,500,0,0,h05,5005685740854779223
p2,A,497,3,0,h05,5005685740854779223
p2,B,208,292,0,h05,5005685740854779223
p2,C,19,106,375,h05,5005685740854779223
p2,Non-ROH,500,0,0,h05,5005685740854779223
p3,A,498,2,0,h05,5005685740854779223
p3,B,248,252,0,h05,5005685740854779223
p3,C,11,91,398,h05,5005685740854779223
p3,Non-ROH,500,0,0,h05,5005685740854779223
p1,A,442,58,0,h05,5016381076377166430
p1,B,90,396,14,h05,5016381076377166430
p1,C,27,108,365,h05,5016381076377166430
p1,Non-ROH,500,0,0,h05,5016381076377166430
p2,A,490,10,0,h05,5016381076377166430
p2,B,202,298,0,h05,5016381076377166430
p2,C,17,149,334,h05,5016381076377166430
p2,Non-ROH,500,0,0,h05,5016381076377166430
p3,A,498,2,0,h05,5016381076377166430
p3,B,267,233,0,h05,5016381076377166430
p3,C,14,147,339,h05,5016381076377166430
p3,Non-ROH,500,0,0,h05,5016381076377166430
p1,A,473,27,0,h05,5027935979187462285
p1,B,115,368,17,h05,5027935979187462285
p1,C,28,90,382,h05,5027935979187462285
p1,Non-ROH,500,0,0,h05,5027935979187462285
p2,A,495,5,0,h05,5027935979187462285
p2,B,274,226,0,h05,5027935979187462285
p2,C,27,117,356,h05,5027935979187462285
p2,Non-ROH,500,0,0,h05,5027935979187462285
p3,A,498,2,0,h05,5027935979187462285
p3,B,318,182,0,h05,5027935979187462285
p3,C,34,115,351,h05,5027935979187462285
p3,Non-ROH,500,0,0,h05,5027935979187462285
p1,A,427,73,0,h05,5034700294504926618
p1,B,115,365,20,h05,5034700294504926618
p1,C,25,104,371,h05,5034700294504926618
p1,Non-ROH,500,0,0,h05,5034700294504926618
p2,A,495,5,0,h05,5034700294504926618
p2,B,248,252,0,h05,5034700294504926618
p2,C,20,137,343,h05,5034700294504926618
p2,Non-ROH,500,0,0,h05,5034700294504926618
p3,A,489,11,0,h05,5034700294504926618
p3,B,280,220,0,h05,5034700294504926618
p3,C,26,110,364,h05,5034700294504926618
p3,Non-ROH,500,0,0,h05,5034700294504926618
p1,A,417,83,0,h05,5059387016013432696
p1,B,88,391,21,h05,5059387016013432696
p1,C,23,98,379,h05,5059387016013432696
p1,Non-ROH,500,0,0,h05,5059387016013432696
p2,A,477,23,0,h05,5059387016013432696
p2,B,205,295,0,h05,5059387016013432696
p2,C,16,143,341,h05,5059387016013432696
p2,Non-ROH,500,0,0,h05,5059387016013432696
p3,A,487,13,0,h05,5059387016013432696
p3,B,271,229,0,h05,5059387016013432696
p3,C,19,115,366,h05,5059387016013432696
p3,Non-ROH,500,0,0,h05,5059387016013432696
p1,A,444,56,0,h05,5074771005273330755
p1,B,95,382,23,h05,5074771005273330755
p1,C,25,119,356,h05,5074771005273330755
p1,Non-ROH,500,0,0,h05,5074771005273330755
p2,A,498,2,0,h05,5074771005273330755
p2,B,213,287,0,h05,5074771005273330755
p2,C,15,131,354,h05,5074771005273330755
p2,Non-ROH,500,0,0,h05,5074771005273330755
p3,A,498,2,0,h05,5074771005273330755
p3,B,271,229,0,h05,5074771005273330755
p3,C,25,130,345,h05,5074771005273330755
p3,Non-ROH,500,0,0,h05,5074771005273330755
p1,A,457,43,0,h05,5110911512471953580
p1,B,133,359,8,h05,5110911512471953580
p1,C,26,106,368,h05,5110911512471953580
p1,Non-ROH,500,0,0,h05,5110911512471953580
p2,A,498,2,0,h05,5110911512471953580
p2,B,288,212,0,h05,5110911512471953580
p2,C,28,71,401,h05,5110911512471953580
p2,Non-ROH,500,0,0,h05,5110911512471953580
p3,A,494,6,0,h05,5110911512471953580
p3,B,321,179,0,h05,5110911512471953580
p3,C,28,96,376,h05,5110911512471953580
p3,Non-ROH,500,0,0,h05,5110911512471953580
p1,A,449,51,0,h05,5128933891181202049
p1,B,89,389,22,h05,5128933891181202049
p1,C,25,117,358,h05,5128933891181202049
p1,Non-ROH,500,0,0,h05,5128933891181202049
p2,A,496,4,0,h05,5128933891181202049
p2,B,186,314,0,h05,5128933891181202049
p2,C,19,162,319,h05,5128933891181202049
p2,Non-ROH,500,0,0,h05,5128933891181202049
p3,A,500,0,0,h05,5128933891181202049
p3,B,259,241,0,h05,5128933891181202049
p3,C,14,149,337,h05,5128933891181202049
p3,Non-ROH,500,0,0,h05,5128933891181202049
p1,A,439,61,0,h05,5138890421275279549
p1,B,94,388,18,h05,5138890421275279549
p1,C,28,81,391,h05,5138890421275279549
p1,Non-ROH,500,0,0,h05,5138890421275279549
p2,A,497,3,0,h05,5138890421275279549
p2,B,217,283,0,h05,5138890421275279549
p2,C,27,113,360,h05,5138890421275279549
p2,Non-ROH,500,0,0,h05,5138890421275279549
p3,A,498,2,0,h05,5138890421275279549
p3,B,264,236,0,h05,5138890421275279549
p3,C,9,171,320,h05,5138890421275279549
p3,Non-ROH,500,0,0,h05,5138890421275279549
p1,A,416,84,0,h05,5145570196022951240
p1,B,84,407,9,h05,5145570196022951240
p1,C,23,119,358,h05,5145570196022951240
p1,Non-ROH,500,0,0,h05,5145570196022951240
p2,A,490,10,0,h05,5145570196022951240
p2,B,182,318,0,h05,5145570196022951240
p2,C,11,149,340,h05,5145570196022951240
p2,Non-ROH,500,0,0,h05,5145570196022951240
p3,A,484,16,0,h05,5145570196022951240
p3,B,247,253,0,h05,5145570196022951240
p3,C,9,125,366,h05,5145570196022951240
p3,Non-ROH,500,0,0,h05,5145570196022951240
p1,A,426,74,0,h05,5149670368733949067
p1,B,124,359,17,h05,5149670368733949067
p1,C,26,116,358,h05,5149670368733949067
p1,Non-ROH,500,0,0,h05,5149670368733949067
p2,A,494,6,0,h05,5149670368733949067
p2,B,260,240,0,h05,5149670368733949067
p2,C,22,140,338,h05,5149670368733949067
p2,Non-ROH,500,0,0,h05,5149670368733949067
p3,A,495,5,0,h05,5149670368733949067
p3,B,346,154,0,h05,5149670368733949067
p3,C,11,172,317,h05,5149670368733949067
p3,Non-ROH,500,0,0,h05,5149670368733949067
p1,A,416,84,0,h05,515008602958262028
p1,B,113,374,13,h05,515008602958262028
p1,C,20,104,376,h05,515008602958262028
p1,Non-ROH,500,0,0,h05,515008602958262028
p2,A,460,40,0,h05,515008602958262028
p2,B,244,256,0,h05,515008602958262028
p2,C,13,154,333,h05,515008602958262028
p2,Non-ROH,500,0,0,h05,515008602958262028
p3,A,490,10,0,h05,515008602958262028
p3,B,310,190,0,h05,515008602958262028
p3,C,14,86,400,h05,515008602958262028
p3,Non-ROH,500,0,0,h05,515008602958262028
p1,A,420,80,0,h05,516003122491781593
p1,B,89,400,11,h05,516003122491781593
p1,C,28,114,358,h05,516003122491781593
p1,Non-ROH,500,0,0,h05,516003122491781593
p2,A,486,14,0,h05,516003122491781593
p2,B,169,330,1,h05,516003122491781593
p2,C,17,101,382,h05,516003122491781593
p2,Non-ROH,500,0,0,h05,516003122491781593
p3,A,488,12,0,h05,516003122491781593
p3,B,275,225,0,h05,516003122491781593
p3,C,15,112,373,h05,516003122491781593
p3,Non-ROH,500,0,0,h05,516003122491781593
p1,A,468,32,0,h05,5168632705598258018
p1,B,118,361,21,h05,5168632705598258018
p1,C,32,110,358,h05,5168632705598258018
p1,Non-ROH,500,0,0,h05,5168632705598258018
p2,A,494,6,0,h05,5168632705598258018
p2,B,232,268,0,h05,5168632705598258018
p2,C,29,93,378,h05,5168632705598258018
p2,Non-ROH,500,0,0,h05,5168632705598258018
p3,A,499,1,0,h05,5168632705598258018
p3,B,277,223,0,h05,5168632705598258018
p3,C,21,119,360,h05,5168632705598258018
p3,Non-ROH,500,0,0,h05,5168632705598258018
p1,A,457,43,0,h05,5178642993811784901
p1,B,100,383,17,h05,5178642993811784901
p1,C,37,105,358,h05,5178642993811784901
p1,Non-ROH,500,0,0,h05,5178642993811784901
p2,A,499,1,0,h05,5178642993811784901
p2,B,225,275,0,h05,5178642993811784901
p2,C,28,116,356,h05,5178642993811784901
p2,Non-ROH,500,0,0,h05,5178642993811784901
p3,A,498,2,0,h05,5178642993811784901
p3,B,283,217,0,h05,5178642993811784901
p3,C,17,129,354,h05,5178642993811784901
p3,Non-ROH,500,0,0,h05,5178642993811784901
p1,A,417,83,0,h05,5179764543417121339
p1,B,82,402,16,h05,5179764543417121339
p1,C,17,91,392,h05,5179764543417121339
p1,Non-ROH,500,0,0,h05,5179764543417121339
p2,A,482,18,0,h05,5179764543417121339
p2,B,152,348,0,h05,5179764543417121339
p2,C,22,125,353,h05,5179764543417121339
p2,Non-ROH,500,0,0,h05,5179764543417121339
p3,A,491,9,0,h05,5179764543417121339
p3,B,201,299,0,h05,5179764543417121339
p3,C,25,107,368,h05,5179764543417121339
p3,Non-ROH,500,0,0,h05,5179764543417121339
p1,A,454,46,0,h05,521415146012075792
p1,B,80,403,17,h05,521415146012075792
p1,C,25,93,382,h05,521415146012075792
p1,Non-ROH,500,0,0,h05,521415146012075792
p2,A,496,4,0,h05,521415146012075792
p2,B,204,296,0,h05,521415146012075792
p2,C,16,120,364,h05,521415146012075792
p2,Non-ROH,500,0,0,h05,521415146012075792
p3,A,491,9,0,h05,521415146012075792
p3,B,250,250,0,h05,521415146012075792
p3,C,19,100,381,h05,521415146012075792
p3,Non-ROH,500,0,0,h05,521415146012075792
p1,A,472,28,0,h05,5218895024614505396
p1,B,100,393,7,h05,5218895024614505396
p1,C,31,124,345,h05,5218895024614505396
p1,Non-ROH,500,0,0,h05,5218895024614505396
p2,A,500,0,0,h05,5218895024614505396
p2,B,251,249,0,h05,5218895024614505396
p2,C,26,131,343,h05,5218895024614505396
p2,Non-ROH,500,0,0,h05,5218895024614505396
p3,A,497,3,0,h05,5218895024614505396
p3,B,326,174,0,h05,5218895024614505396
p3,C,18,109,373,h05,5218895024614505396
p3,Non-ROH,500,0,0,h05,5218895024614505396
p1,A,449,51,0,h05,521961045307979818
p1,B,111,379,10,h05,521961045307979818
p1,C,34,119,347,h05,521961045307979818
p1,Non-ROH,500,0,0,h05,521961045307979818
p2,A,500,0,0,h05,521961045307979818
p2,B,207,293,0,h05,521961045307979818
p2,C,15,126,359,h05,521961045307979818
p2,Non-ROH,500,0,0,h05,521961045307979818
p3,A,494,6,0,h05,521961045307979818
p3,B,275,225,0,h05,521961045307979818
p3,C,22,178,300,h05,521961045307979818
p3,Non-ROH,500,0,0,h05,521961045307979818
p1,A,389,111,0,h05,5220876126616775968
p1,B,86,399,15,h05,5220876126616775968
p1,C,19,98,383,h05,5220876126616775968
p1,Non-ROH,500,0,0,h05,5220876126616775968
p2,A,440,60,0,h05,5220876126616775968
p2,B,220,280,0,h05,5220876126616775968
p2,C,8,130,362,h05,5220876126616775968
p2,Non-ROH,500,0,0,h05,5220876126616775968
p3,A,436,64,0,h05,5220876126616775968
p3,B,206,294,0,h05,5220876126616775968
p3,C,13,97,390,h05,5220876126616775968
p3,Non-ROH,500,0,0,h05,5220876126616775968
p1,A,441,59,0,h05,5222475215889473490
p1,B,70,425,5,h05,5222475215889473490
p1,C,26,96,378,h05,5222475215889473490
p1,Non-ROH,500,0,0,h05,5222475215889473490
p2,A,492,8,0,h05,5222475215889473490
p2,B,173,327,0,h05,5222475215889473490
p2,C,21,103,376,h05,5222475215889473490
p2,Non-ROH,500,0,0,h05,5222475215889473490
p3,A,492,8,0,h05,5222475215889473490
p3,B,250,250,0,h05,5222475215889473490
p3,C,30,112,358,h05,5222475215889473490
p3,Non-ROH,500,0,0,h05,5222475215889473490
p1,A,437,63,0,h05,52466460427952811
p1,B,81,403,16,h05,52466460427952811
p1,C,26,103,371,h05,52466460427952811
p1,Non-ROH,500,0,0,h05,52466460427952811
p2,A,494,6,0,h05,52466460427952811
p2,B,185,315,0,h05,52466460427952811
p2,C,21,152,327,h05,52466460427952811
p2,Non-ROH,500,0,0,h05,52466460427952811
p3,A,498,2,0,h05,52466460427952811
p3,B,231,269,0,h05,52466460427952811
p3,C,14,145,341,h05,52466460427952811
p3,Non-ROH,500,0,0,h05,52466460427952811
p1,A,417,83,0,h05,525628231267382934
p1,B,84,407,9,h05,525628231267382934
p1,C,31,106,363,h05,525628231267382934
p1,Non-ROH,500,0,0,h05,525628231267382934
p2,A,493,7,0,h05,525628231267382934
p2,B,192,308,0,h05,525628231267382934
p2,C,16,131,353,h05,525628231267382934
p2,Non-ROH,500,0,0,h05,525628231267382934
p3,A,490,10,0,h05,525628231267382934
p3,B,212,288,0,h05,525628231267382934
p3,C,5,149,346,h05,525628231267382934
p3,Non-ROH,500,0,0,h05,525628231267382934
p1,A,436,64,0,h05,5259897309470172358
p1,B,97,390,13,h05,5259897309470172358
p1,C,17,90,393,h05,5259897309470172358
p1,Non-ROH,500,0,0,h05,5259897309470172358
p2,A,497,3,0,h05,5259897309470172358
p2,B,153,347,0,h05,5259897309470172358
p2,C,22,148,330,h05,5259897309470172358
p2,Non-ROH,500,0,0,h05,5259897309470172358
p3,A,486,14,0,h05,5259897309470172358
p3,B,236,264,0,h05,5259897309470172358
p3,C,13,135,352,h05,5259897309470172358
p3,Non-ROH,500,0,0,h05,5259897309470172358
p1,A,460,40,0,h05,5279248286688346340
p1,B,105,376,19,h05,5279248286688346340
p1,C,35,89,376,h05,5279248286688346340
p1,Non-ROH,500,0,0,h05,5279248286688346340
p2,A,492,8,0,h05,5279248286688346340
p2,B,264,236,0,h05,5279248286688346340
p2,C,16,119,365,h05,5279248286688346340
p2,Non-ROH,500,0,0,h05,5279248286688346340
p3,A,499,1,0,h05,5279248286688346340
p3,B,331,169,0,h05,5279248286688346340
p3,C,22,112,366,h05,5279248286688346340
p3,Non-ROH,500,0,0,h05,5279248286688346340
p1,A,445,55,0,h05,5287885514566529737
p1,B,73,413,14,h05,5287885514566529737
p1,C,19,106,375,h05,5287885514566529737
p1,Non-ROH,500,0,0,h05,5287885514566529737
p2,A,486,14,0,h05,5287885514566529737
p2,B,141,359,0,h05,5287885514566529737
p2,C,12,178,310,h05,5287885514566529737
p2,Non-ROH,500,0,0,h05,5287885514566529737
p3,A,499,1,0,h05,5287885514566529737
p3,B,237,263,0,h05,5287885514566529737
p3,C,12,183,305,h05,5287885514566529737
p3,Non-ROH,500,0,0,h05,5287885514566529737
p1,A,419,81,0,h05,5321111605651693543
p1,B,81,402,17,h05,5321111605651693543
p1,C,17,100,383,h05,5321111605651693543
p1,Non-ROH,500,0,0,h05,5321111605651693543
p2,A,460,40,0,h05,5321111605651693543
p2,B,191,309,0,h05,5321111605651693543
p2,C,16,103,381,h05,5321111605651693543
p2,Non-ROH,500,0,0,h05,5321111605651693543
p3,A,484,16,0,h05,5321111605651693543
p3,B,231,269,0,h05,5321111605651693543
p3,C,9,161,330,h05,5321111605651693543
p3,Non-ROH,500,0,0,h05,5321111605651693543
p1,A,393,107,0,h05,5325867723659974948
p1,B,75,407,18,h05,5325867723659974948
p1,C,23,92,385,h05,5325867723659974948
p1,Non-ROH,500,0,0,h05,5325867723659974948
p2,A,470,30,0,h05,5325867723659974948
p2,B,169,331,0,h05,5325867723659974948
p2,C,16,119,365,h05,5325867723659974948
p2,Non-ROH,500,0,0,h05,5325867723659974948
p3,A,485,15,0,h05,5325867723659974948
p3,B,254,246,0,h05,5325867723659974948
p3,C,13,155,332,h05,5325867723659974948
p3,Non-ROH,500,0,0,h05,5325867723659974948
p1,A,440,60,0,h05,5328993542336413893
p1,B,130,357,13,h05,5328993542336413893
p1,C,26,81,393,h05,5328993542336413893
p1,Non-ROH,500,0,0,h05,5328993542336413893
p2,A,485,15,0,h05,5328993542336413893
p2,B,248,252,0,h05,5328993542336413893
p2,C,17,112,371,h05,5328993542336413893
p2,Non-ROH,500,0,0,h05,5328993542336413893
p3,A,492,8,0,h05,5328993542336413893
p3,B,294,206,0,h05,5328993542336413893
p3,C,25,107,368,h05,5328993542336413893
p3,Non-ROH,500,0,0,h05,5328993542336413893
p1,A,455,45,0,h05,5351055543107799445
p1,B,133,350,17,h05,5351055543107799445
p1,C,20,115,365,h05,5351055543107799445
p1,Non-ROH,500,0,0,h05,5351055543107799445
p2,A,497,3,0,h05,5351055543107799445
p2,B,267,233,0,h05,5351055543107799445
p2,C,22,105,373,h05,5351055543107799445
p2,Non-ROH,500,0,0,h05,5351055543107799445
p3,A,499,1,0,h05,5351055543107799445
p3,B,304,196,0,h05,5351055543107799445
p3,C,27,106,367,h05,5351055543107799445
p3,Non-ROH,500,0,0,h05,5351055543107799445
p1,A,480,20,0,h05,5404324942141664933
p1,B,140,339,21,h05,5404324942141664933
p1,C,30,92,378,h05,5404324942141664933
p1,Non-ROH,500,0,0,h05,5404324942141664933
p2,A,500,0,0,h05,5404324942141664933
p2,B,292,208,0,h05,5404324942141664933
p2,C,28,91,381,h05,5404324942141664933
p2,Non-ROH,500,0,0,h05,5404324942141664933
p3,A,500,0,0,h05,5404324942141664933
p3,B,372,128,0,h05,5404324942141664933
p3,C,24,124,352,h05,5404324942141664933
p3,Non-ROH,500,0,0,h05,5404324942141664933
p1,A,419,81,0,h05,5416466279299963351
p1,B,108,377,15,h05,5416466279299963351
p1,C,28,116,356,h05,5416466279299963351
p1,Non-ROH,500,0,0,h05,5416466279299963351
p2,A,499,1,0,h05,5416466279299963351
p2,B,252,248,0,h05,5416466279299963351
p2,C,20,103,377,h05,5416466279299963351
p2,Non-ROH,500,0,0,h05,5416466279299963351
p3,A,500,0,0,h05,5416466279299963351
p3,B,321,179,0,h05,5416466279299963351
p3,C,15,135,350,h05,5416466279299963351
p3,Non-ROH,500,0,0,h05,5416466279299963351
p1,A,454,46,0,h05,5477896550466317077
p1,B,87,404,9,h05,5477896550466317077
p1,C,32,100,368,h05,5477896550466317077
p1,Non-ROH,500,0,0,h05,5477896550466317077
p2,A,483,17,0,h05,5477896550466317077
p2,B,198,302,0,h05,5477896550466317077
p2,C,19,141,340,h05,5477896550466317077
p2,Non-ROH,500,0,0,h05,5477896550466317077
p3,A,495,5,0,h05,5477896550466317077
p3,B,291,209,0,h05,5477896550466317077
p3,C,24,118,358,h05,5477896550466317077
p3,Non-ROH,500,0,0,h05,5477896550466317077
p1,A,406,94,0,h05,550593148562692389
p1,B,100,382,18,h05,550593148562692389
p1,C,11,104,385,h05,550593148562692389
p1,Non-ROH,500,0,0,h05,550593148562692389
p2,A,481,19,0,h05,550593148562692389
p2,B,240,260,0,h05,550593148562692389
p2,C,10,136,354,h05,550593148562692389
p2,Non-ROH,500,0,0,h05,550593148562692389
p3,A,498,2,0,h05,550593148562692389
p3,B,238,262,0,h05,550593148562692389
p3,C,19,144,337,h05,550593148562692389
p3,Non-ROH,500,0,0,h05,550593148562692389
p1,A,457,43,0,h05,5549279712805692226
p1,B,87,403,10,h05,5549279712805692226
p1,C,17,101,382,h05,5549279712805692226
p1,Non-ROH,500,0,0,h05,5549279712805692226
p2,A,494,6,0,h05,5549279712805692226
p2,B,217,283,0,h05,5549279712805692226
p2,C,23,125,352,h05,5549279712805692226
p2,Non-ROH,500,0,0,h05,5549279712805692226
p3,A,498,2,0,h05,5549279712805692226
p3,B,255,245,0,h05,5549279712805692226
p3,C,16,117,367,h05,5549279712805692226
p3,Non-ROH,500,0,0,h05,5549279712805692226
p1,A,468,32,0,h05,5590050282961127893
p1,B,102,382,16,h05,5590050282961127893
p1,C,42,99,359,h05,5590050282961127893
p1,Non-ROH,500,0,0,h05,5590050282961127893
p2,A,499,1,0,h05,5590050282961127893
p2,B,242,258,0,h05,5590050282961127893
p2,C,25,190,285,h05,5590050282961127893
p2,Non-ROH,500,0,0,h05,5590050282961127893
p3,A,500,0,0,h05,5590050282961127893
p3,B,280,220,0,h05,5590050282961127893
p3,C,11,151,338,h05,5590050282961127893
p3,Non-ROH,500,0,0,h05,5590050282961127893
p1,A,416,84,0,h05,5618324778672298600
p1,B,79,409,12,h05,5618324778672298600
p1,C,19,115,366,h05,5618324778672298600
p1,Non-ROH,500,0,0,h05,5618324778672298600
p2,A,465,35,0,h05,5618324778672298600
p2,B,196,304,0,h05,5618324778672298600
p2,C,18,135,347,h05,5618324778672298600
p2,Non-ROH,500,0,0,h05,5618324778672298600
p3,A,479,21,0,h05,5618324778672298600
p3,B,211,289,0,h05,5618324778672298600
p3,C,21,128,351,h05,5618324778672298600
p3,Non-ROH,500,0,0,h05,5618324778672298600
p1,A,469,31,0,h05,5629355748189371673
p1,B,101,382,17,h05,5629355748189371673
p1,C,33,107,360,h05,5629355748189371673
p1,Non-ROH,500,0,0,h05,5629355748189371673
p2,A,498,2,0,h05,5629355748189371673
p2,B,236,264,0,h05,5629355748189371673
p2,C,25,121,354,h05,5629355748189371673
p2,Non-ROH,500,0,0,h05,5629355748189371673
p3,A,500,0,0,h05,5629355748189371673
p3,B,291,209,0,h05,5629355748189371673
p3,C,21,114,365,h05,5629355748189371673
p3,Non-ROH,500,0,0,h05,5629355748189371673
p1,A,462,38,0,h05,5657222748237468029
p1,B,125,361,14,h05,5657222748237468029
p1,C,25,103,372,h05,5657222748237468029
p1,Non-ROH,500,0,0,h05,5657222748237468029
p2,A,497,3,0,h05,5657222748237468029
p2,B,240,260,0,h05,5657222748237468029
p2,C,18,114,368,h05,5657222748237468029
p2,Non-ROH,500,0,0,h05,5657222748237468029
p3,A,499,1,0,h05,5657222748237468029
p3,B,299,201,0,h05,5657222748237468029
p3,C,24,100,376,h05,5657222748237468029
p3,Non-ROH,500,0,0,h05,5657222748237468029
p1,A,450,50,0,h05,5665536150066744679
p1,B,95,388,17,h05,5665536150066744679
p1,C,25,106,369,h05,5665536150066744679
p1,Non-ROH,500,0,0,h05,5665536150066744679
p2,A,493,7,0,h05,5665536150066744679
p2,B,215,285,0,h05,5665536150066744679
p2,C,24,94,382,h05,5665536150066744679
p2,Non-ROH,500,0,0,h05,5665536150066744679
p3,A,495,5,0,h05,5665536150066744679
p3,B,239,261,0,h05,5665536150066744679
p3,C,20,131,349,h05,5665536150066744679
p3,Non-ROH,500,0,0,h05,5665536150066744679
p1,A,482,18,0,h05,5666112355758542491
p1,B,98,388,14,h05,5666112355758542491
p1,C,26,84,390,h05,5666112355758542491
p1,Non-ROH,500,0,0,h05,5666112355758542491
p2,A,495,5,0,h05,5666112355758542491
p2,B,206,294,0,h05,5666112355758542491
p2,C,18,104,378,h05,5666112355758542491
p2,Non-ROH,500,0,0,h05,5666112355758542491
p3,A,498,2,0,h05,5666112355758542491
p3,B,262,238,0,h05,5666112355758542491
p3,C,27,131,342,h05,5666112355758542491
p3,Non-ROH,500,0,0,h05,5666112355758542491
p1,A,489,11,0,h05,5677179467086418543
p1,B,103,382,15,h05,5677179467086418543
p1,C,34,107,359,h05,5677179467086418543
p1,Non-ROH,500,0,0,h05,5677179467086418543
p2,A,498,2,0,h05,5677179467086418543
p2,B,272,228,0,h05,5677179467086418543
p2,C,22,143,335,h05,5677179467086418543
p2,Non-ROH,500,0,0,h05,5677179467086418543
p3,A,500,0,0,h05,5677179467086418543
p3,B,324,176,0,h05,5677179467086418543
p3,C,21,96,383,h05,5677179467086418543
p3,Non-ROH,500,0,0,h05,5677179467086418543
p1,A,477,23,0,h05,5677721759601185255
p1,B,128,358,14,h05,5677721759601185255
p1,C,21,107,372,h05,5677721759601185255
p1,Non-ROH,500,0,0,h05,5677721759601185255
p2,A,496,4,0,h05,5677721759601185255
p2,B,224,276,0,h05,5677721759601185255
p2,C,18,146,336,h05,5677721759601185255
p2,Non-ROH,500,0,0,h05,5677721759601185255
p3,A,500,0,0,h05,5677721759601185255
p3,B,329,171,0,h05,5677721759601185255
p3,C,17,147,336,h05,5677721759601185255
p3,Non-ROH,500,0,0,h05,5677721759601185255
p1,A,473,27,0,h05,5747486467172661902
p1,B,130,354,16,h05,5747486467172661902
p1,C,29,98,373,h05,5747486467172661902
p1,Non-ROH,500,0,0,h05,5747486467172661902
p2,A,498,2,0,h05,5747486467172661902
p2,B,269,231,0,h05,5747486467172661902
p2,C,20,85,395,h05,5747486467172661902
p2,Non-ROH,500,0,0,h05,5747486467172661902
p3,A,500,0,0,h05,5747486467172661902
p3,B,366,134,0,h05,5747486467172661902
p3,C,18,97,385,h05,5747486467172661902
p3,Non-ROH,500,0,0,h05,5747486467172661902
p1,A,464,36,0,h05,5785224554950662289
p1,B,120,370,10,h05,5785224554950662289
p1,C,33,75,392,h05,5785224554950662289
p1,Non-ROH,500,0,0,h05,5785224554950662289
p2,A,500,0,0,h05,5785224554950662289
p2,B,187,313,0,h05,5785224554950662289
p2,C,17,110,373,h05,5785224554950662289
p2,Non-ROH,500,0,0,h05,5785224554950662289
p3,A,498,2,0,h05,5785224554950662289
p3,B,286,213,1,h05,5785224554950662289
p3,C,13,128,359,h05,5785224554950662289
p3,Non-ROH,500,0,0,h05,5785224554950662289
p1,A,403,97,0,h05,5794561277294199634
p1,B,61,423,16,h05,5794561277294199634
p1,C,21,97,382,h05,5794561277294199634
p1,Non-ROH,500,0,0,h05,5794561277294199634
p2,A,480,20,0,h05,5794561277294199634
p2,B,172,328,0,h05,5794561277294199634
p2,C,19,118,363,h05,5794561277294199634
p2,Non-ROH,500,0,0,h05,5794561277294199634
p3,A,491,9,0,h05,5794561277294199634
p3,B,205,295,0,h05,5794561277294199634
p3,C,7,116,377,h05,5794561277294199634
p3,Non-ROH,500,0,0,h05,5794561277294199634
p1,A,475,25,0,h05,5814122908386359525
p1,B,111,371,18,h05,5814122908386359525
p1,C,46,96,358,h05,5814122908386359525
p1,Non-ROH,500,0,0,h05,5814122908386359525
p2,A,499,1,0,h05,5814122908386359525
p2,B,259,241,0,h05,5814122908386359525
p2,C,22,126,352,h05,5814122908386359525
p2,Non-ROH,500,0,0,h05,5814122908386359525
p3,A,499,1,0,h05,5814122908386359525
p3,B,354,146,0,h05,5814122908386359525
p3,C,27,96,377,h05,5814122908386359525
p3,Non-ROH,500,0,0,h05,5814122908386359525
p1,A,466,34,0,h05,5828700400654754478
p1,B,95,392,13,h05,5828700400654754478
p1,C,22,92,386,h05,5828700400654754478
p1,Non-ROH,500,0,0,h05,5828700400654754478
p2,A,493,7,0,h05,5828700400654754478
p2,B,207,293,0,h05,5828700400654754478
p2,C,11,118,371,h05,5828700400654754478
p2,Non-ROH,500,0,0,h05,5828700400654754478
p3,A,485,15,0,h05,5828700400654754478
p3,B,262,238,0,h05,5828700400654754478
p3,C,6,205,289,h05,5828700400654754478
p3,Non-ROH,500,0,0,h05,5828700400654754478
p1,A,445,55,0,h05,583812592013726529
p1,B,98,385,17,h05,583812592013726529
p1,C,28,91,381,h05,583812592013726529
p1,Non-ROH,500,0,0,h05,583812592013726529
p2,A,490,10,0,h05,583812592013726529
p2,B,219,281,0,h05,583812592013726529
p2,C,23,95,382,h05,583812592013726529
p2,Non-ROH,500,0,0,h05,583812592013726529
p3,A,483,17,0,h05,583812592013726529
p3,B,286,214,0,h05,583812592013726529
p3,C,22,168,310,h05,583812592013726529
p3,Non-ROH,500,0,0,h05,583812592013726529
p1,A,439,61,0,h05,5841188069441203633
p1,B,105,381,14,h05,5841188069441203633
p1,C,37,87,376,h05,5841188069441203633
p1,Non-ROH,500,0,0,h05,5841188069441203633
p2,A,497,3,0,h05,5841188069441203633
p2,B,220,280,0,h05,5841188069441203633
p2,C,23,108,369,h05,5841188069441203633
p2,Non-ROH,500,0,0,h05,5841188069441203633
p3,A,498,2,0,h05,5841188069441203633
p3,B,276,224,0,h05,5841188069441203633
p3,C,11,177,312,h05,5841188069441203633
p3,Non-ROH,500,0,0,h05,5841188069441203633
p1,A,468,32,0,h05,5848173141518302012
p1,B,112,375,13,h05,5848173141518302012
p1,C,33,94,373,h05,5848173141518302012
p1,Non-ROH,500,0,0,h05,5848173141518302012
p2,A,493,7,0,h05,5848173141518302012
p2,B,255,245,0,h05,5848173141518302012
p2,C,18,149,333,h05,5848173141518302012
p2,Non-ROH,500,0,0,h05,5848173141518302012
p3,A,499,1,0,h05,5848173141518302012
p3,B,271,229,0,h05,5848173141518302012
p3,C,17,93,390,h05,5848173141518302012
p3,Non-ROH,500,0,0,h05,5848173141518302012
p1,A,386,114,0,h05,5848644430535034521
p1,B,58,422,20,h05,5848644430535034521
p1,C,20,105,375,h05,5848644430535034521
p1,Non-ROH,500,0,0,h05,5848644430535034521
p2,A,447,53,0,h05,5848644430535034521
p2,B,120,380,0,h05,5848644430535034521
p2,C,6,114,380,h05,5848644430535034521
p2,Non-ROH,500,0,0,h05,5848644430535034521
p3,A,472,28,0,h05,5848644430535034521
p3,B,227,273,0,h05,5848644430535034521
p3,C,9,153,338,h05,5848644430535034521
p3,Non-ROH,500,0,0,h05,5848644430535034521
p1,A,483,17,0,h05,5855555527093840024
p1,B,120,375,5,h05,5855555527093840024
p1,C,29,90,381,h05,5855555527093840024
p1,Non-ROH,500,0,0,h05,5855555527093840024
p2,A,499,1,0,h05,5855555527093840024
p2,B,283,217,0,h05,5855555527093840024
p2,C,18,94,388,h05,5855555527093840024
p2,Non-ROH,500,0,0,h05,5855555527093840024
p3,A,499,1,0,h05,5855555527093840024
p3,B,375,125,0,h05,5855555527093840024
p3,C,18,113,369,h05,5855555527093840024
p3,Non-ROH,500,0,0,h05,5855555527093840024
p1,A,469,31,0,h05,5920128977949083823
p1,B,102,383,15,h05,5920128977949083823
p1,C,27,93,380,h05,5920128977949083823
p1,Non-ROH,500,0,0,h05,5920128977949083823
p2,A,499,1,0,h05,5920128977949083823
p2,B,258,242,0,h05,5920128977949083823
p2,C,23,100,377,h05,5920128977949083823
p2,Non-ROH,500,0,0,h05,5920128977949083823
p3,A,499,1,0,h05,5920128977949083823
p3,B,313,187,0,h05,5920128977949083823
p3,C,20,105,375,h05,5920128977949083823
p3,Non-ROH,500,0,0,h05,5920128977949083823
p1,A,468,32,0,h05,5958012612206039567
p1,B,86,399,15,h05,5958012612206039567
p1,C,22,102,376,h05,5958012612206039567
p1,Non-ROH,500,0,0,h05,5958012612206039567
p2,A,500,0,0,h05,5958012612206039567
p2,B,250,250,0,h05,5958012612206039567
p2,C,17,117,366,h05,5958012612206039567
p2,Non-ROH,500,0,0,h05,5958012612206039567
p3,A,498,2,0,h05,5958012612206039567
p3,B,306,194,0,h05,5958012612206039567
p3,C,18,102,380,h05,5958012612206039567
p3,Non-ROH,500,0,0,h05,5958012612206039567
p1,A,455,45,0,h05,6062055455431550870
p1,B,99,387,14,h05,6062055455431550870
p1,C,19,101,380,h05,6062055455431550870
p1,Non-ROH,500,0,0,h05,6062055455431550870
p2,A,469,31,0,h05,6062055455431550870
p2,B,196,304,0,h05,6062055455431550870
p2,C,7,154,339,h05,6062055455431550870
p2,Non-ROH,500,0,0,h05,6062055455431550870
p3,A,489,11,0,h05,6062055455431550870
p3,B,225,275,0,h05,6062055455431550870
p3,C,9,106,385,h05,6062055455431550870
p3,Non-ROH,500,0,0,h05,6062055455431550870
p1,A,445,55,0,h05,6063031193005542634
p1,B,102,385,13,h05,6063031193005542634
p1,C,26,93,381,h05,6063031193005542634
p1,Non-ROH,500,0,0,h05,6063031193005542634
p2,A,496,4,0,h05,6063031193005542634
p2,B,207,293,0,h05,6063031193005542634
p2,C,16,133,351,h05,6063031193005542634
p2,Non-ROH,500,0,0,h05,6063031193005542634
p3,A,495,5,0,h05,6063031193005542634
p3,B,247,253,0,h05,6063031193005542634
p3,C,11,154,335,h05,6063031193005542634
p3,Non-ROH,500,0,0,h05,6063031193005542634
p1,A,458,42,0,h05,6063555342635056454
p1,B,99,392,9,h05,6063555342635056454
p1,C,27,114,359,h05,6063555342635056454
p1,Non-ROH,500,0,0,h05,6063555342635056454
p2,A,496,4,0,h05,6063555342635056454
p2,B,217,283,0,h05,6063555342635056454
p2,C,24,78,398,h05,6063555342635056454
p2,Non-ROH,500,0,0,h05,6063555342635056454
p3,A,492,8,0,h05,6063555342635056454
p3,B,244,256,0,h05,6063555342635056454
p3,C,18,139,343,h05,6063555342635056454
p3,Non-ROH,500,0,0,h05,6063555342635056454
p1,A,422,78,0,h05,6076618018894063058
p1,B,107,380,13,h05,6076618018894063058
p1,C,29,118,353,h05,6076618018894063058
p1,Non-ROH,500,0,0,h05,6076618018894063058
p2,A,479,21,0,h05,6076618018894063058
p2,B,196,304,0,h05,6076618018894063058
p2,C,14,84,402,h05,6076618018894063058
p2,Non-ROH,500,0,0,h05,6076618018894063058
p3,A,497,3,0,h05,6076618018894063058
p3,B,241,259,0,h05,6076618018894063058
p3,C,14,125,361,h05,6076618018894063058
p3,Non-ROH,500,0,0,h05,6076618018894063058
p1,A,468,32,0,h05,6102137021035793007
p1,B,134,342,24,h05,6102137021035793007
p1,C,22,111,367,h05,6102137021035793007
p1,Non-ROH,500,0,0,h05,6102137021035793007
p2,A,494,6,0,h05,6102137021035793007
p2,B,222,278,0,h05,6102137021035793007
p2,C,18,123,359,h05,6102137021035793007
p2,Non-ROH,500,0,0,h05,6102137021035793007
p3,A,500,0,0,h05,6102137021035793007
p3,B,290,210,0,h05,6102137021035793007
p3,C,17,143,340,h05,6102137021035793007
p3,Non-ROH,500,0,0,h05,6102137021035793007
p1,A,462,38,0,h05,610580235128279076
p1,B,121,363,16,h05,610580235128279076
p1,C,25,116,359,h05,610580235128279076
p1,Non-ROH,500,0,0,h05,610580235128279076
p2,A,498,2,0,h05,610580235128279076
p2,B,218,282,0,h05,610580235128279076
p2,C,18,114,368,h05,610580235128279076
p2,Non-ROH,500,0,0,h05,610580235128279076
p3,A,496,4,0,h05,610580235128279076
p3,B,284,216,0,h05,610580235128279076
p3,C,15,154,331,h05,610580235128279076
p3,Non-ROH,500,0,0,h05,610580235128279076
p1,A,453,47,0,h05,6113248539369500837
p1,B,102,388,10,h05,6113248539369500837
p1,C,27,99,374,h05,6113248539369500837
p1,Non-ROH,500,0,0,h05,6113248539369500837
p2,A,496,4,0,h05,6113248539369500837
p2,B,273,227,0,h05,6113248539369500837
p2,C,10,123,367,h05,6113248539369500837
p2,Non-ROH,500,0,0,h05,6113248539369500837
p3,A,489,11,0,h05,6113248539369500837
p3,B,257,243,0,h05,6113248539369500837
p3,C,14,117,369,h05,6113248539369500837
p3,Non-ROH,500,0,0,h05,6113248539369500837
p1,A,407,93,0,h05,6149743942695773794
p1,B,77,409,14,h05,6149743942695773794
p1,C,17,92,391,h05,6149743942695773794
p1,Non-ROH,500,0,0,h05,6149743942695773794
p2,A,493,7,0,h05,6149743942695773794
p2,B,188,312,0,h05,6149743942695773794
p2,C,12,93,395,h05,6149743942695773794
p2,Non-ROH,500,0,0,h05,6149743942695773794
p3,A,492,8,0,h05,6149743942695773794
p3,B,245,255,0,h05,6149743942695773794
p3,C,13,109,378,h05,6149743942695773794
p3,Non-ROH,500,0,0,h05,6149743942695773794
p1,A,414,86,0,h05,6157817861879498832
p1,B,95,388,17,h05,6157817861879498832
p1,C,30,89,381,h05,6157817861879498832
p1,Non-ROH,500,0,0,h05,6157817861879498832
p2,A,484,16,0,h05,6157817861879498832
p2,B,197,303,0,h05,6157817861879498832
p2,C,16,90,394,h05,6157817861879498832
p2,Non-ROH,500,0,0,h05,6157817861879498832
p3,A,495,5,0,h05,6157817861879498832
p3,B,227,273,0,h05,6157817861879498832
p3,C,10,107,383,h05,6157817861879498832
p3,Non-ROH,500,0,0,h05,6157817861879498832
p1,A,455,45,0,h05,6180439601154596448
p1,B,123,365,12,h05,6180439601154596448
p1,C,31,103,366,h05,6180439601154596448
p1,Non-ROH,500,0,0,h05,6180439601154596448
p2,A,497,3,0,h05,6180439601154596448
p2,B,255,245,0,h05,6180439601154596448
p2,C,15,109,376,h05,6180439601154596448
p2,Non-ROH,500,0,0,h05,6180439601154596448
p3,A,493,7,0,h05,6180439601154596448
p3,B,316,184,0,h05,6180439601154596448
p3,C,17,158,325,h05,6180439601154596448
p3,Non-ROH,500,0,0,h05,6180439601154596448
p1,A,475,25,0,h05,6185281076390416818
p1,B,108,376,16,h05,6185281076390416818
p1,C,37,81,382,h05,6185281076390416818
p1,Non-ROH,500,0,0,h05,6185281076390416818
p2,A,500,0,0,h05,6185281076390416818
p2,B,270,230,0,h05,6185281076390416818
p2,C,18,101,381,h05,6185281076390416818
p2,Non-ROH,500,0,0,h05,6185281076390416818
p3,A,500,0,0,h05,6185281076390416818
p3,B,314,186,0,h05,6185281076390416818
p3,C,14,109,377,h05,6185281076390416818
p3,Non-ROH,500,0,0,h05,6185281076390416818
p1,A,462,38,0,h05,619662499847961628
p1,B,100,392,8,h05,619662499847961628
p1,C,26,102,372,h05,619662499847961628
p1,Non-ROH,500,0,0,h05,619662499847961628
p2,A,500,0,0,h05,619662499847961628
p2,B,228,272,0,h05,619662499847961628
p2,C,16,124,360,h05,619662499847961628
p2,Non-ROH,500,0,0,h05,619662499847961628
p3,A,498,2,0,h05,619662499847961628
p3,B,316,184,0,h05,619662499847961628
p3,C,15,104,381,h05,619662499847961628
p3,Non-ROH,500,0,0,h05,619662499847961628
p1,A,453,47,0,h05,621819158775010275
p1,B,102,385,13,h05,621819158775010275
p1,C,31,69,400,h05,621819158775010275
p1,Non-ROH,500,0,0,h05,621819158775010275
p2,A,497,3,0,h05,621819158775010275
p2,B,240,260,0,h05,621819158775010275
p2,C,20,102,378,h05,621819158775010275
p2,Non-ROH,500,0,0,h05,621819158775010275
p3,A,497,3,0,h05,621819158775010275
p3,B,291,209,0,h05,621819158775010275
p3,C,18,104,378,h05,621819158775010275
p3,Non-ROH,500,0,0,h05,621819158775010275
p1,A,464,36,0,h05,6221122836189980790
p1,B,111,368,21,h05,6221122836189980790
p1,C,35,98,367,h05,6221122836189980790
p1,Non-ROH,500,0,0,h05,6221122836189980790
p2,A,495,5,0,h05,6221122836189980790
p2,B,265,235,0,h05,6221122836189980790
p2,C,16,104,380,h05,6221122836189980790
p2,Non-ROH,500,0,0,h05,6221122836189980790
p3,A,499,1,0,h05,6221122836189980790
p3,B,337,163,0,h05,6221122836189980790
p3,C,15,125,360,h05,6221122836189980790
p3,Non-ROH,500,0,0,h05,6221122836189980790
p1,A,433,67,0,h05,6227334254311367435
p1,B,90,387,23,h05,6227334254311367435
p1,C,20,138,342,h05,6227334254311367435
p1,Non-ROH,500,0,0,h05,6227334254311367435
p2,A,494,6,0,h05,6227334254311367435
p2,B,232,268,0,h05,6227334254311367435
p2,C,21,139,340,h05,6227334254311367435
p2,Non-ROH,500,0,0,h05,6227334254311367435
p3,A,491,9,0,h05,6227334254311367435
p3,B,265,235,0,h05,6227334254311367435
p3,C,16,129,355,h05,6227334254311367435
p3,Non-ROH,500,0,0,h05,6227334254311367435
p1,A,423,77,0,h05,6231007166210585585
p1,B,53,428,19,h05,6231007166210585585
p1,C,19,115,366,h05,6231007166210585585
p1,Non-ROH,500,0,0,h05,6231007166210585585
p2,A,490,10,0,h05,6231007166210585585
p2,B,171,329,0,h05,6231007166210585585
p2,C,13,126,361,h05,6231007166210585585
p2,Non-ROH,500,0,0,h05,6231007166210585585
p3,A,494,6,0,h05,6231007166210585585
p3,B,190,310,0,h05,6231007166210585585
p3,C,11,136,353,h05,6231007166210585585
p3,Non-ROH,500,0,0,h05,6231007166210585585
p1,A,450,50,0,h05,6232542818093009819
p1,B,121,371,8,h05,6232542818093009819
p1,C,23,127,350,h05,6232542818093009819
p1,Non-ROH,500,0,0,h05,6232542818093009819
p2,A,499,1,0,h05,6232542818093009819
p2,B,199,301,0,h05,6232542818093009819
p2,C,19,166,315,h05,6232542818093009819
p2,Non-ROH,500,0,0,h05,6232542818093009819
p3,A,500,0,0,h05,6232542818093009819
p3,B,293,207,0,h05,6232542818093009819
p3,C,13,186,301,h05,6232542818093009819
p3,Non-ROH,500,0,0,h05,6232542818093009819
p1,A,485,15,0,h05,6246712317612346056
p1,B,115,377,8,h05,6246712317612346056
p1,C,35,87,378,h05,6246712317612346056
p1,Non-ROH,500,0,0,h05,6246712317612346056
p2,A,495,5,0,h05,6246712317612346056
p2,B,267,233,0,h05,6246712317612346056
p2,C,15,159,326,h05,6246712317612346056
p2,Non-ROH,500,0,0,h05,6246712317612346056
p3,A,496,4,0,h05,6246712317612346056
p3,B,303,197,0,h05,6246712317612346056
p3,C,22,148,330,h05,6246712317612346056
p3,Non-ROH,500,0,0,h05,6246712317612346056
p1,A,435,65,0,h05,6259645267454809915
p1,B,103,381,16,h05,6259645267454809915
p1,C,23,106,371,h05,6259645267454809915
p1,Non-ROH,500,0,0,h05,6259645267454809915
p2,A,489,11,0,h05,6259645267454809915
p2,B,250,250,0,h05,6259645267454809915
p2,C,18,136,346,h05,6259645267454809915
p2,Non-ROH,500,0,0,h05,6259645267454809915
p3,A,495,5,0,h05,6259645267454809915
p3,B,347,153,0,h05,6259645267454809915
p3,C,20,105,375,h05,6259645267454809915
p3,Non-ROH,500,0,0,h05,6259645267454809915
p1,A,479,21,0,h05,6265919475365982559
p1,B,155,331,14,h05,6265919475365982559
p1,C,46,94,360,h05,6265919475365982559
p1,Non-ROH,500,0,0,h05,6265919475365982559
p2,A,499,1,0,h05,6265919475365982559
p2,B,349,151,0,h05,6265919475365982559
p2,C,26,177,297,h05,6265919475365982559
p2,Non-ROH,500,0,0,h05,6265919475365982559
p3,A,500,0,0,h05,6265919475365982559
p3,B,385,115,0,h05,6265919475365982559
p3,C,19,100,381,h05,6265919475365982559
p3,Non-ROH,500,0,0,h05,6265919475365982559
p1,A,464,36,0,h05,6269168236526572803
p1,B,124,362,14,h05,6269168236526572803
p1,C,26,104,370,h05,6269168236526572803
p1,Non-ROH,500,0,0,h05,6269168236526572803
p2,A,500,0,0,h05,6269168236526572803
p2,B,261,239,0,h05,6269168236526572803
p2,C,22,113,365,h05,6269168236526572803
p2,Non-ROH,500,0,0,h05,6269168236526572803
p3,A,500,0,0,h05,6269168236526572803
p3,B,354,146,0,h05,6269168236526572803
p3,C,14,154,332,h05,6269168236526572803
p3,Non-ROH,500,0,0,h05,6269168236526572803
p1,A,448,52,0,h05,6269182381565030363
p1,B,119,370,11,h05,6269182381565030363
p1,C,23,115,362,h05,6269182381565030363
p1,Non-ROH,500,0,0,h05,6269182381565030363
p2,A,486,14,0,h05,6269182381565030363
p2,B,248,252,0,h05,6269182381565030363
p2,C,13,125,362,h05,6269182381565030363
p2,Non-ROH,500,0,0,h05,6269182381565030363
p3,A,488,12,0,h05,6269182381565030363
p3,B,288,212,0,h05,6269182381565030363
p3,C,19,132,349,h05,6269182381565030363
p3,Non-ROH,500,0,0,h05,6269182381565030363
p1,A,403,97,0,h05,6284185519829674114
p1,B,68,416,16,h05,6284185519829674114
p1,C,15,110,375,h05,6284185519829674114
p1,Non-ROH,500,0,0,h05,6284185519829674114
p2,A,494,6,0,h05,6284185519829674114
p2,B,184,316,0,h05,6284185519829674114
p2,C,17,160,323,h05,6284185519829674114
p2,Non-ROH,500,0,0,h05,6284185519829674114
p3,A,498,2,0,h05,6284185519829674114
p3,B,250,250,0,h05,6284185519829674114
p3,C,11,151,338,h05,6284185519829674114
p3,Non-ROH,500,0,0,h05,6284185519829674114
p1,A,459,41,0,h05,6290296284238542354
p1,B,99,381,20,h05,6290296284238542354
p1,C,30,89,381,h05,6290296284238542354
p1,Non-ROH,500,0,0,h05,6290296284238542354
p2,A,488,12,0,h05,6290296284238542354
p2,B,195,305,0,h05,6290296284238542354
p2,C,14,91,395,h05,6290296284238542354
p2,Non-ROH,500,0,0,h05,6290296284238542354
p3,A,496,4,0,h05,6290296284238542354
p3,B,282,218,0,h05,6290296284238542354
p3,C,15,119,366,h05,6290296284238542354
p3,Non-ROH,500,0,0,h05,6290296284238542354
p1,A,455,45,0,h05,6357666026212735585
p1,B,112,368,20,h05,6357666026212735585
p1,C,24,106,370,h05,6357666026212735585
p1,Non-ROH,500,0,0,h05,6357666026212735585
p2,A,498,2,0,h05,6357666026212735585
p2,B,259,241,0,h05,6357666026212735585
p2,C,21,92,387,h05,6357666026212735585
p2,Non-ROH,500,0,0,h05,6357666026212735585
p3,A,495,5,0,h05,6357666026212735585
p3,B,304,196,0,h05,6357666026212735585
p3,C,19,102,379,h05,6357666026212735585
p3,Non-ROH,500,0,0,h05,6357666026212735585
p1,A,452,48,0,h05,6362344980448189509
p1,B,106,375,19,h05,6362344980448189509
p1,C,25,108,367,h05,6362344980448189509
p1,Non-ROH,500,0,0,h05,6362344980448189509
p2,A,494,6,0,h05,6362344980448189509
p2,B,236,264,0,h05,6362344980448189509
p2,C,20,129,351,h05,6362344980448189509
p2,Non-ROH,500,0,0,h05,6362344980448189509
p3,A,500,0,0,h05,6362344980448189509
p3,B,292,208,0,h05,6362344980448189509
p3,C,16,108,376,h05,6362344980448189509
p3,Non-ROH,500,0,0,h05,6362344980448189509
p1,A,465,35,0,h05,6368216155042099914
p1,B,99,381,20,h05,6368216155042099914
p1,C,38,92,370,h05,6368216155042099914
p1,Non-ROH,500,0,0,h05,6368216155042099914
p2,A,493,7,0,h05,6368216155042099914
p2,B,179,321,0,h05,6368216155042099914
p2,C,9,129,362,h05,6368216155042099914
p2,Non-ROH,500,0,0,h05,6368216155042099914
p3,A,497,3,0,h05,6368216155042099914
p3,B,260,240,0,h05,6368216155042099914
p3,C,14,109,377,h05,6368216155042099914
p3,Non-ROH,500,0,0,h05,6368216155042099914
p1,A,467,33,0,h05,6385278253246509117
p1,B,78,407,15,h05,6385278253246509117
p1,C,14,88,398,h05,6385278253246509117
p1,Non-ROH,500,0,0,h05,6385278253246509117
p2,A,497,3,0,h05,6385278253246509117
p2,B,179,321,0,h05,6385278253246509117
p2,C,9,156,335,h05,6385278253246509117
p2,Non-ROH,500,0,0,h05,6385278253246509117
p3,A,499,1,0,h05,6385278253246509117
p3,B,251,249,0,h05,6385278253246509117
p3,C,14,164,322,h05,6385278253246509117
p3,Non-ROH,500,0,0,h05,6385278253246509117
p1,A,457,43,0,h05,6390009141172198261
p1,B,81,406,13,h05,6390009141172198261
p1,C,34,103,363,h05,6390009141172198261
p1,Non-ROH,500,0,0,h05,6390009141172198261
p2,A,491,9,0,h05,6390009141172198261
p2,B,214,286,0,h05,6390009141172198261
p2,C,34,107,359,h05,6390009141172198261
p2,Non-ROH,500,0,0,h05,6390009141172198261
p3,A,486,14,0,h05,6390009141172198261
p3,B,282,218,0,h05,6390009141172198261
p3,C,24,171,305,h05,6390009141172198261
p3,Non-ROH,500,0,0,h05,6390009141172198261
p1,A,411,89,0,h05,6421028996539312449
p1,B,81,404,15,h05,6421028996539312449
p1,C,20,107,373,h05,6421028996539312449
p1,Non-ROH,500,0,0,h05,6421028996539312449
p2,A,485,15,0,h05,6421028996539312449
p2,B,160,340,0,h05,6421028996539312449
p2,C,12,141,347,h05,6421028996539312449
p2,Non-ROH,500,0,0,h05,6421028996539312449
p3,A,484,16,0,h05,6421028996539312449
p3,B,191,309,0,h05,6421028996539312449
p3,C,12,140,348,h05,6421028996539312449
p3,Non-ROH,500,0,0,h05,6421028996539312449
p1,A,436,64,0,h05,6439465633329069027
p1,B,75,416,9,h05,6439465633329069027
p1,C,20,114,366,h05,6439465633329069027
p1,Non-ROH,500,0,0,h05,6439465633329069027
p2,A,477,23,0,h05,6439465633329069027
p2,B,189,311,0,h05,6439465633329069027
p2,C,25,124,351,h05,6439465633329069027
p2,Non-ROH,500,0,0,h05,6439465633329069027
p3,A,494,6,0,h05,6439465633329069027
p3,B,230,270,0,h05,6439465633329069027
p3,C,21,143,336,h05,6439465633329069027
p3,Non-ROH,500,0,0,h05,6439465633329069027
p1,A,462,38,0,h05,6448491319381278082
p1,B,106,383,11,h05,6448491319381278082
p1,C,35,91,374,h05,6448491319381278082
p1,Non-ROH,500,0,0,h05,6448491319381278082
p2,A,497,3,0,h05,6448491319381278082
p2,B,227,273,0,h05,6448491319381278082
p2,C,24,137,339,h05,6448491319381278082
p2,Non-ROH,500,0,0,h05,6448491319381278082
p3,A,499,1,0,h05,6448491319381278082
p3,B,295,205,0,h05,6448491319381278082
p3,C,20,144,336,h05,6448491319381278082
p3,Non-ROH,500,0,0,h05,6448491319381278082
p1,A,448,52,0,h05,6451332265907184009
p1,B,72,412,16,h05,6451332265907184009
p1,C,19,130,351,h05,6451332265907184009
p1,Non-ROH,500,0,0,h05,6451332265907184009
p2,A,493,7,0,h05,6451332265907184009
p2,B,201,298,1,h05,6451332265907184009
p2,C,16,129,355,h05,6451332265907184009
p2,Non-ROH,500,0,0,h05,6451332265907184009
p3,A,500,0,0,h05,6451332265907184009
p3,B,283,217,0,h05,6451332265907184009
p3,C,18,147,335,h05,6451332265907184009
p3,Non-ROH,500,0,0,h05,6451332265907184009
p1,A,405,95,0,h05,6452150494491919559
p1,B,67,422,11,h05,6452150494491919559
p1,C,13,109,378,h05,6452150494491919559
p1,Non-ROH,500,0,0,h05,6452150494491919559
p2,A,463,37,0,h05,6452150494491919559
p2,B,136,364,0,h05,6452150494491919559
p2,C,5,108,387,h05,6452150494491919559
p2,Non-ROH,500,0,0,h05,6452150494491919559
p3,A,491,9,0,h05,6452150494491919559
p3,B,252,248,0,h05,6452150494491919559
p3,C,17,107,376,h05,6452150494491919559
p3,Non-ROH,500,0,0,h05,6452150494491919559
p1,A,466,34,0,h05,6455604518832527548
p1,B,100,378,22,h05,6455604518832527548
p1,C,30,110,360,h05,6455604518832527548
p1,Non-ROH,500,0,0,h05,6455604518832527548
p2,A,493,7,0,h05,6455604518832527548
p2,B,253,247,0,h05,6455604518832527548
p2,C,9,144,347,h05,6455604518832527548
p2,Non-ROH,500,0,0,h05,6455604518832527548
p3,A,494,6,0,h05,6455604518832527548
p3,B,344,156,0,h05,6455604518832527548
p3,C,8,160,332,h05,6455604518832527548
p3,Non-ROH,500,0,0,h05,6455604518832527548
p1,A,449,51,0,h05,6496334684957736092
p1,B,73,414,13,h05,6496334684957736092
p1,C,19,107,374,h05,6496334684957736092
p1,Non-ROH,500,0,0,h05,6496334684957736092
p2,A,492,8,0,h05,6496334684957736092
p2,B,188,311,1,h05,6496334684957736092
p2,C,14,112,374,h05,6496334684957736092
p2,Non-ROH,500,0,0,h05,6496334684957736092
p3,A,494,6,0,h05,6496334684957736092
p3,B,220,280,0,h05,6496334684957736092
p3,C,10,131,359,h05,6496334684957736092
p3,Non-ROH,500,0,0,h05,6496334684957736092
p1,A,443,57,0,h05,6508288144275989490
p1,B,135,345,20,h05,6508288144275989490
p1,C,23,141,336,h05,6508288144275989490
p1,Non-ROH,500,0,0,h05,6508288144275989490
p2,A,482,18,0,h05,6508288144275989490
p2,B,252,248,0,h05,6508288144275989490
p2,C,16,148,336,h05,6508288144275989490
p2,Non-ROH,500,0,0,h05,6508288144275989490
p3,A,499,1,0,h05,6508288144275989490
p3,B,361,139,0,h05,6508288144275989490
p3,C,15,92,393,h05,6508288144275989490
p3,Non-ROH,500,0,0,h05,6508288144275989490
p1,A,478,22,0,h05,6516360367092738441
p1,B,118,364,18,h05,6516360367092738441
p1,C,20,98,382,h05,6516360367092738441
p1,Non-ROH,500,0,0,h05,6516360367092738441
p2,A,498,2,0,h05,6516360367092738441
p2,B,249,251,0,h05,6516360367092738441
p2,C,37,74,389,h05,6516360367092738441
p2,Non-ROH,500,0,0,h05,6516360367092738441
p3,A,499,1,0,h05,6516360367092738441
p3,B,288,212,0,h05,6516360367092738441
p3,C,11,132,357,h05,6516360367092738441
p3,Non-ROH,500,0,0,h05,6516360367092738441
p1,A,482,18,0,h05,6523041603552075949
p1,B,109,373,18,h05,6523041603552075949
p1,C,34,99,367,h05,6523041603552075949
p1,Non-ROH,500,0,0,h05,6523041603552075949
p2,A,498,2,0,h05,6523041603552075949
p2,B,268,232,0,h05,6523041603552075949
p2,C,29,91,380,h05,6523041603552075949
p2,Non-ROH,500,0,0,h05,6523041603552075949
p3,A,499,1,0,h05,6523041603552075949
p3,B,323,177,0,h05,6523041603552075949
p3,C,17,192,291,h05,6523041603552075949
p3,Non-ROH,500,0,0,h05,6523041603552075949
p1,A,421,79,0,h05,6558516962071440584
p1,B,97,387,16,h05,6558516962071440584
p1,C,23,114,363,h05,6558516962071440584
p1,Non-ROH,500,0,0,h05,6558516962071440584
p2,A,487,13,0,h05,6558516962071440584
p2,B,241,259,0,h05,6558516962071440584
p2,C,18,117,365,h05,6558516962071440584
p2,Non-ROH,500,0,0,h05,6558516962071440584
p3,A,491,9,0,h05,6558516962071440584
p3,B,249,251,0,h05,6558516962071440584
p3,C,21,214,265,h05,6558516962071440584
p3,Non-ROH,500,0,0,h05,6558516962071440584
p1,A,453,47,0,h05,65745047219222110
p1,B,100,388,12,h05,65745047219222110
p1,C,35,123,342,h05,65745047219222110
p1,Non-ROH,500,0,0,h05,65745047219222110
p2,A,489,11,0,h05,65745047219222110
p2,B,218,282,0,h05,65745047219222110
p2,C,18,80,402,h05,65745047219222110
p2,Non-ROH,500,0,0,h05,65745047219222110
p3,A,496,4,0,h05,65745047219222110
p3,B,254,246,0,h05,65745047219222110
p3,C,28,95,377,h05,65745047219222110
p3,Non-ROH,500,0,0,h05,65745047219222110
p1,A,467,33,0,h05,6576878391904262212
p1,B,137,344,19,h05,6576878391904262212
p1,C,40,86,374,h05,6576878391904262212
p1,Non-ROH,500,0,0,h05,6576878391904262212
p2,A,500,0,0,h05,6576878391904262212
p2,B,287,213,0,h05,6576878391904262212
p2,C,39,111,350,h05,6576878391904262212
p2,Non-ROH,500,0,0,h05,6576878391904262212
p3,A,496,4,0,h05,6576878391904262212
p3,B,291,209,0,h05,6576878391904262212
p3,C,28,143,329,h05,6576878391904262212
p3,Non-ROH,500,0,0,h05,6576878391904262212
p1,A,437,63,0,h05,6581483238120903606
p1,B,103,389,8,h05,6581483238120903606
p1,C,36,105,359,h05,6581483238120903606
p1,Non-ROH,500,0,0,h05,6581483238120903606
p2,A,496,4,0,h05,6581483238120903606
p2,B,242,258,0,h05,6581483238120903606
p2,C,20,102,378,h05,6581483238120903606
p2,Non-ROH,500,0,0,h05,6581483238120903606
p3,A,498,2,0,h05,6581483238120903606
p3,B,343,157,0,h05,6581483238120903606
p3,C,19,128,353,h05,6581483238120903606
p3,Non-ROH,500,0,0,h05,6581483238120903606
p1,A,439,61,0,h05,6604297736428864712
p1,B,69,421,10,h05,6604297736428864712
p1,C,30,123,347,h05,6604297736428864712
p1,Non-ROH,500,0,0,h05,6604297736428864712
p2,A,486,14,0,h05,6604297736428864712
p2,B,214,285,1,h05,6604297736428864712
p2,C,19,89,392,h05,6604297736428864712
p2,Non-ROH,500,0,0,h05,6604297736428864712
p3,A,492,8,0,h05,6604297736428864712
p3,B,245,255,0,h05,6604297736428864712
p3,C,17,133,350,h05,6604297736428864712
p3,Non-ROH,500,0,0,h05,6604297736428864712
p1,A,472,28,0,h05,6606734994208560545
p1,B,95,379,26,h05,6606734994208560545
p1,C,30,93,377,h05,6606734994208560545
p1,Non-ROH,500,0,0,h05,6606734994208560545
p2,A,500,0,0,h05,6606734994208560545
p2,B,218,282,0,h05,6606734994208560545
p2,C,19,95,386,h05,6606734994208560545
p2,Non-ROH,500,0,0,h05,6606734994208560545
p3,A,493,7,0,h05,6606734994208560545
p3,B,260,240,0,h05,6606734994208560545
p3,C,14,182,304,h05,6606734994208560545
p3,Non-ROH,500,0,0,h05,6606734994208560545
p1,A,449,51,0,h05,6620162662716944765
p1,B,79,408,13,h05,6620162662716944765
p1,C,17,105,378,h05,6620162662716944765
p1,Non-ROH,500,0,0,h05,6620162662716944765
p2,A,496,4,0,h05,6620162662716944765
p2,B,211,289,0,h05,6620162662716944765
p2,C,20,164,316,h05,6620162662716944765
p2,Non-ROH,500,0,0,h05,6620162662716944765
p3,A,497,3,0,h05,6620162662716944765
p3,B,261,239,0,h05,6620162662716944765
p3,C,9,128,363,h05,6620162662716944765
p3,Non-ROH,500,0,0,h05,6620162662716944765
p1,A,447,53,0,h05,6626455237405270801
p1,B,95,387,18,h05,6626455237405270801
p1,C,27,93,380,h05,6626455237405270801
p1,Non-ROH,500,0,0,h05,6626455237405270801
p2,A,487,13,0,h05,6626455237405270801
p2,B,199,301,0,h05,6626455237405270801
p2,C,11,121,368,h05,6626455237405270801
p2,Non-ROH,500,0,0,h05,6626455237405270801
p3,A,495,5,0,h05,6626455237405270801
p3,B,241,259,0,h05,6626455237405270801
p3,C,17,146,337,h05,6626455237405270801
p3,Non-ROH,500,0,0,h05,6626455237405270801
p1,A,469,31,0,h05,6664075371792418457
p1,B,123,361,16,h05,6664075371792418457
p1,C,25,104,371,h05,6664075371792418457
p1,Non-ROH,500,0,0,h05,6664075371792418457
p2,A,498,2,0,h05,6664075371792418457
p2,B,262,238,0,h05,6664075371792418457
p2,C,18,113,369,h05,6664075371792418457
p2,Non-ROH,500,0,0,h05,6664075371792418457
p3,A,498,2,0,h05,6664075371792418457
p3,B,299,201,0,h05,6664075371792418457
p3,C,31,145,324,h05,6664075371792418457
p3,Non-ROH,500,0,0,h05,6664075371792418457
p1,A,433,67,0,h05,6673403092828770641
p1,B,123,364,13,h05,6673403092828770641
p1,C,28,106,366,h05,6673403092828770641
p1,Non-ROH,500,0,0,h05,6673403092828770641
p2,A,493,7,0,h05,6673403092828770641
p2,B,223,276,1,h05,6673403092828770641
p2,C,12,143,345,h05,6673403092828770641
p2,Non-ROH,500,0,0,h05,6673403092828770641
p3,A,495,5,0,h05,6673403092828770641
p3,B,270,230,0,h05,6673403092828770641
p3,C,16,143,341,h05,6673403092828770641
p3,Non-ROH,500,0,0,h05,6673403092828770641
p1,A,478,22,0,h05,6684605955085993198
p1,B,99,387,14,h05,6684605955085993198
p1,C,29,118,353,h05,6684605955085993198
p1,Non-ROH,500,0,0,h05,6684605955085993198
p2,A,497,3,0,h05,6684605955085993198
p2,B,264,236,0,h05,6684605955085993198
p2,C,25,102,373,h05,6684605955085993198
p2,Non-ROH,500,0,0,h05,6684605955085993198
p3,A,500,0,0,h05,6684605955085993198
p3,B,296,204,0,h05,6684605955085993198
p3,C,21,92,387,h05,6684605955085993198
p3,Non-ROH,500,0,0,h05,6684605955085993198
p1,A,398,102,0,h05,6692783105292690747
p1,B,77,411,12,h05,6692783105292690747
p1,C,17,116,367,h05,6692783105292690747
p1,Non-ROH,500,0,0,h05,6692783105292690747
p2,A,477,23,0,h05,6692783105292690747
p2,B,176,324,0,h05,6692783105292690747
p2,C,12,96,392,h05,6692783105292690747
p2,Non-ROH,500,0,0,h05,6692783105292690747
p3,A,495,5,0,h05,6692783105292690747
p3,B,267,233,0,h05,6692783105292690747
p3,C,13,131,356,h05,6692783105292690747
p3,Non-ROH,500,0,0,h05,6692783105292690747
p1,A,485,15,0,h05,6708904773458108485
p1,B,90,395,15,h05,6708904773458108485
p1,C,20,121,359,h05,6708904773458108485
p1,Non-ROH,500,0,0,h05,6708904773458108485
p2,A,497,3,0,h05,6708904773458108485
p2,B,244,256,0,h05,6708904773458108485
p2,C,22,131,347,h05,6708904773458108485
p2,Non-ROH,500,0,0,h05,6708904773458108485
p3,A,498,2,0,h05,6708904773458108485
p3,B,281,219,0,h05,6708904773458108485
p3,C,23,146,331,h05,6708904773458108485
p3,Non-ROH,500,0,0,h05,6708904773458108485
p1,A,419,81,0,h05,6746574326061134356
p1,B,92,387,21,h05,6746574326061134356
p1,C,20,90,390,h05,6746574326061134356
p1,Non-ROH,500,0,0,h05,6746574326061134356
p2,A,481,19,0,h05,6746574326061134356
p2,B,176,324,0,h05,6746574326061134356
p2,C,22,154,324,h05,6746574326061134356
p2,Non-ROH,500,0,0,h05,6746574326061134356
p3,A,498,2,0,h05,6746574326061134356
p3,B,257,243,0,h05,6746574326061134356
p3,C,16,124,360,h05,6746574326061134356
p3,Non-ROH,500,0,0,h05,6746574326061134356
p1,A,462,38,0,h05,6748278152601279719
p1,B,96,387,17,h05,6748278152601279719
p1,C,31,89,380,h05,6748278152601279719
p1,Non-ROH,500,0,0,h05,6748278152601279719
p2,A,497,3,0,h05,6748278152601279719
p2,B,182,318,0,h05,6748278152601279719
p2,C,13,122,365,h05,6748278152601279719
p2,Non-ROH,500,0,0,h05,6748278152601279719
p3,A,497,3,0,h05,6748278152601279719
p3,B,264,236,0,h05,6748278152601279719
p3,C,16,221,263,h05,6748278152601279719
p3,Non-ROH,500,0,0,h05,6748278152601279719
p1,A,415,85,0,h05,6753742325627365866
p1,B,66,421,13,h05,6753742325627365866
p1,C,26,119,355,h05,6753742325627365866
p1,Non-ROH,500,0,0,h05,6753742325627365866
p2,A,478,22,0,h05,6753742325627365866
p2,B,138,362,0,h05,6753742325627365866
p2,C,11,102,387,h05,6753742325627365866
p2,Non-ROH,500,0,0,h05,6753742325627365866
p3,A,497,3,0,h05,6753742325627365866
p3,B,209,291,0,h05,6753742325627365866
p3,C,7,168,325,h05,6753742325627365866
p3,Non-ROH,500,0,0,h05,6753742325627365866
p1,A,470,30,0,h05,6758853345369921110
p1,B,109,381,10,h05,6758853345369921110
p1,C,25,111,364,h05,6758853345369921110
p1,Non-ROH,500,0,0,h05,6758853345369921110
p2,A,500,0,0,h05,6758853345369921110
p2,B,253,247,0,h05,6758853345369921110
p2,C,18,107,375,h05,6758853345369921110
p2,Non-ROH,500,0,0,h05,6758853345369921110
p3,A,500,0,0,h05,6758853345369921110
p3,B,269,231,0,h05,6758853345369921110
p3,C,17,109,374,h05,6758853345369921110
p3,Non-ROH,500,0,0,h05,6758853345369921110
p1,A,431,69,0,h05,6801199864283869829
p1,B,83,394,23,h05,6801199864283869829
p1,C,19,121,360,h05,6801199864283869829
p1,Non-ROH,500,0,0,h05,6801199864283869829
p2,A,498,2,0,h05,6801199864283869829
p2,B,200,300,0,h05,6801199864283869829
p2,C,15,100,385,h05,6801199864283869829
p2,Non-ROH,500,0,0,h05,6801199864283869829
p3,A,493,7,0,h05,6801199864283869829
p3,B,235,265,0,h05,6801199864283869829
p3,C,12,126,362,h05,6801199864283869829
p3,Non-ROH,500,0,0,h05,6801199864283869829
p1,A,421,79,0,h05,6804097373554630521
p1,B,91,391,18,h05,6804097373554630521
p1,C,11,123,366,h05,6804097373554630521
p1,Non-ROH,500,0,0,h05,6804097373554630521
p2,A,489,11,0,h05,6804097373554630521
p2,B,229,271,0,h05,6804097373554630521
p2,C,11,132,357,h05,6804097373554630521
p2,Non-ROH,500,0,0,h05,6804097373554630521
p3,A,483,17,0,h05,6804097373554630521
p3,B,249,251,0,h05,6804097373554630521
p3,C,11,122,367,h05,6804097373554630521
p3,Non-ROH,500,0,0,h05,6804097373554630521
p1,A,471,29,0,h05,6807585274805409300
p1,B,104,385,11,h05,6807585274805409300
p1,C,29,103,368,h05,6807585274805409300
p1,Non-ROH,500,0,0,h05,6807585274805409300
p2,A,491,9,0,h05,6807585274805409300
p2,B,221,279,0,h05,6807585274805409300
p2,C,17,120,363,h05,6807585274805409300
p2,Non-ROH,500,0,0,h05,6807585274805409300
p3,A,496,4,0,h05,6807585274805409300
p3,B,292,208,0,h05,6807585274805409300
p3,C,17,109,374,h05,6807585274805409300
p3,Non-ROH,500,0,0,h05,6807585274805409300
p1,A,412,88,0,h05,6837487739968676223
p1,B,71,415,14,h05,6837487739968676223
p1,C,18,116,366,h05,6837487739968676223
p1,Non-ROH,500,0,0,h05,6837487739968676223
p2,A,490,10,0,h05,6837487739968676223
p2,B,192,308,0,h05,6837487739968676223
p2,C,19,113,368,h05,6837487739968676223
p2,Non-ROH,500,0,0,h05,6837487739968676223
p3,A,497,3,0,h05,6837487739968676223
p3,B,238,262,0,h05,6837487739968676223
p3,C,29,111,360,h05,6837487739968676223
p3,Non-ROH,500,0,0,h05,6837487739968676223
p1,A,439,61,0,h05,6846412051261217456
p1,B,104,379,17,h05,6846412051261217456
p1,C,16,116,368,h05,6846412051261217456
p1,Non-ROH,500,0,0,h05,6846412051261217456
p2,A,493,7,0,h05,6846412051261217456
p2,B,274,226,0,h05,6846412051261217456
p2,C,23,92,385,h05,6846412051261217456
p2,Non-ROH,500,0,0,h05,6846412051261217456
p3,A,489,11,0,h05,6846412051261217456
p3,B,286,214,0,h05,6846412051261217456
p3,C,24,82,394,h05,6846412051261217456
p3,Non-ROH,500,0,0,h05,6846412051261217456
p1,A,428,72,0,h05,6854365311082777985
p1,B,143,341,16,h05,6854365311082777985
p1,C,27,123,350,h05,6854365311082777985
p1,Non-ROH,500,0,0,h05,6854365311082777985
p2,A,486,14,0,h05,6854365311082777985
p2,B,271,229,0,h05,6854365311082777985
p2,C,18,109,373,h05,6854365311082777985
p2,Non-ROH,500,0,0,h05,6854365311082777985
p3,A,477,23,0,h05,6854365311082777985
p3,B,324,176,0,h05,6854365311082777985
p3,C,15,163,322,h05,6854365311082777985
p3,Non-ROH,500,0,0,h05,6854365311082777985
p1,A,421,79,0,h05,6857999241476515947
p1,B,74,413,13,h05,6857999241476515947
p1,C,24,124,352,h05,6857999241476515947
p1,Non-ROH,500,0,0,h05,6857999241476515947
p2,A,487,13,0,h05,6857999241476515947
p2,B,182,318,0,h05,6857999241476515947
p2,C,10,159,331,h05,6857999241476515947
p2,Non-ROH,500,0,0,h05,6857999241476515947
p3,A,489,11,0,h05,6857999241476515947
p3,B,206,294,0,h05,6857999241476515947
p3,C,9,102,389,h05,6857999241476515947
p3,Non-ROH,500,0,0,h05,6857999241476515947
p1,A,454,46,0,h05,6867685611363217168
p1,B,115,367,18,h05,6867685611363217168
p1,C,35,101,364,h05,6867685611363217168
p1,Non-ROH,500,0,0,h05,6867685611363217168
p2,A,496,4,0,h05,6867685611363217168
p2,B,286,214,0,h05,6867685611363217168
p2,C,31,87,382,h05,6867685611363217168
p2,Non-ROH,500,0,0,h05,6867685611363217168
p3,A,500,0,0,h05,6867685611363217168
p3,B,267,233,0,h05,6867685611363217168
p3,C,29,200,271,h05,6867685611363217168
p3,Non-ROH,500,0,0,h05,6867685611363217168
p1,A,477,23,0,h05,6967905875137337728
p1,B,115,371,14,h05,6967905875137337728
p1,C,23,100,377,h05,6967905875137337728
p1,Non-ROH,500,0,0,h05,6967905875137337728
p2,A,500,0,0,h05,6967905875137337728
p2,B,247,253,0,h05,6967905875137337728
p2,C,22,72,406,h05,6967905875137337728
p2,Non-ROH,500,0,0,h05,6967905875137337728
p3,A,498,2,0,h05,6967905875137337728
p3,B,283,217,0,h05,6967905875137337728
p3,C,18,132,350,h05,6967905875137337728
p3,Non-ROH,500,0,0,h05,6967905875137337728
p1,A,467,33,0,h05,6990352202813107772
p1,B,94,389,17,h05,6990352202813107772
p1,C,27,106,367,h05,6990352202813107772
p1,Non-ROH,500,0,0,h05,6990352202813107772
p2,A,497,3,0,h05,6990352202813107772
p2,B,247,253,0,h05,6990352202813107772
p2,C,23,120,357,h05,6990352202813107772
p2,Non-ROH,500,0,0,h05,6990352202813107772
p3,A,500,0,0,h05,6990352202813107772
p3,B,284,216,0,h05,6990352202813107772
p3,C,16,108,376,h05,6990352202813107772
p3,Non-ROH,500,0,0,h05,6990352202813107772
p1,A,440,60,0,h05,6999224030951637593
p1,B,112,374,14,h05,6999224030951637593
p1,C,15,110,375,h05,6999224030951637593
p1,Non-ROH,500,0,0,h05,6999224030951637593
p2,A,475,25,0,h05,6999224030951637593
p2,B,201,299,0,h05,6999224030951637593
p2,C,17,107,376,h05,6999224030951637593
p2,Non-ROH,500,0,0,h05,6999224030951637593
p3,A,491,9,0,h05,6999224030951637593
p3,B,287,213,0,h05,6999224030951637593
p3,C,19,128,353,h05,6999224030951637593
p3,Non-ROH,500,0,0,h05,6999224030951637593
p1,A,458,42,0,h05,7001998184227675245
p1,B,121,361,18,h05,7001998184227675245
p1,C,27,112,361,h05,7001998184227675245
p1,Non-ROH,500,0,0,h05,7001998184227675245
p2,A,499,1,0,h05,7001998184227675245
p2,B,243,257,0,h05,7001998184227675245
p2,C,11,147,342,h05,7001998184227675245
p2,Non-ROH,500,0,0,h05,7001998184227675245
p3,A,498,2,0,h05,7001998184227675245
p3,B,287,213,0,h05,7001998184227675245
p3,C,18,164,318,h05,7001998184227675245
p3,Non-ROH,500,0,0,h05,7001998184227675245
p1,A,475,25,0,h05,7022494102257959673
p1,B,112,371,17,h05,7022494102257959673
p1,C,31,102,367,h05,7022494102257959673
p1,Non-ROH,500,0,0,h05,7022494102257959673
p2,A,498,2,0,h05,7022494102257959673
p2,B,271,229,0,h05,7022494102257959673
p2,C,15,79,406,h05,7022494102257959673
p2,Non-ROH,500,0,0,h05,7022494102257959673
p3,A,497,3,0,h05,7022494102257959673
p3,B,331,169,0,h05,7022494102257959673
p3,C,18,112,370,h05,7022494102257959673
p3,Non-ROH,500,0,0,h05,7022494102257959673
p1,A,477,23,0,h05,7024825114201618952
p1,B,110,380,10,h05,7024825114201618952
p1,C,30,106,364,h05,7024825114201618952
p1,Non-ROH,500,0,0,h05,7024825114201618952
p2,A,500,0,0,h05,7024825114201618952
p2,B,272,228,0,h05,7024825114201618952
p2,C,24,127,349,h05,7024825114201618952
p2,Non-ROH,500,0,0,h05,7024825114201618952
p3,A,500,0,0,h05,7024825114201618952
p3,B,311,189,0,h05,7024825114201618952
p3,C,14,98,388,h05,7024825114201618952
p3,Non-ROH,500,0,0,h05,7024825114201618952
p1,A,472,28,0,h05,7026012457387303602
p1,B,85,400,15,h05,7026012457387303602
p1,C,19,106,375,h05,7026012457387303602
p1,Non-ROH,500,0,0,h05,7026012457387303602
p2,A,497,3,0,h05,7026012457387303602
p2,B,214,286,0,h05,7026012457387303602
p2,C,14,107,379,h05,7026012457387303602
p2,Non-ROH,500,0,0,h05,7026012457387303602
p3,A,496,4,0,h05,7026012457387303602
p3,B,275,225,0,h05,7026012457387303602
p3,C,19,147,334,h05,7026012457387303602
p3,Non-ROH,500,0,0,h05,7026012457387303602
p1,A,432,68,0,h05,702866826919678922
p1,B,106,381,13,h05,702866826919678922
p1,C,29,90,381,h05,702866826919678922
p1,Non-ROH,500,0,0,h05,702866826919678922
p2,A,489,11,0,h05,702866826919678922
p2,B,244,256,0,h05,702866826919678922
p2,C,23,94,383,h05,702866826919678922
p2,Non-ROH,500,0,0,h05,702866826919678922
p3,A,490,10,0,h05,702866826919678922
p3,B,278,222,0,h05,702866826919678922
p3,C,12,128,360,h05,702866826919678922
p3,Non-ROH,500,0,0,h05,702866826919678922
p1,A,461,39,0,h05,7040873979892159498
p1,B,109,375,16,h05,7040873979892159498
p1,C,23,101,376,h05,7040873979892159498
p1,Non-ROH,500,0,0,h05,7040873979892159498
p2,A,495,5,0,h05,7040873979892159498
p2,B,172,328,0,h05,7040873979892159498
p2,C,21,133,346,h05,7040873979892159498
p2,Non-ROH,500,0,0,h05,7040873979892159498
p3,A,498,2,0,h05,7040873979892159498
p3,B,289,211,0,h05,7040873979892159498
p3,C,15,165,320,h05,7040873979892159498
p3,Non-ROH,500,0,0,h05,7040873979892159498
p1,A,433,67,0,h05,7047073392724299905
p1,B,94,385,21,h05,7047073392724299905
p1,C,30,88,382,h05,7047073392724299905
p1,Non-ROH,500,0,0,h05,7047073392724299905
p2,A,487,13,0,h05,7047073392724299905
p2,B,212,288,0,h05,7047073392724299905
p2,C,18,112,370,h05,7047073392724299905
p2,Non-ROH,500,0,0,h05,7047073392724299905
p3,A,497,3,0,h05,7047073392724299905
p3,B,246,254,0,h05,7047073392724299905
p3,C,17,135,348,h05,7047073392724299905
p3,Non-ROH,500,0,0,h05,7047073392724299905
p1,A,486,14,0,h05,7064175879779554059
p1,B,114,369,17,h05,7064175879779554059
p1,C,36,78,386,h05,7064175879779554059
p1,Non-ROH,500,0,0,h05,7064175879779554059
p2,A,498,2,0,h05,7064175879779554059
p2,B,266,233,1,h05,7064175879779554059
p2,C,17,140,343,h05,7064175879779554059
p2,Non-ROH,500,0,0,h05,7064175879779554059
p3,A,500,0,0,h05,7064175879779554059
p3,B,329,171,0,h05,7064175879779554059
p3,C,20,103,377,h05,7064175879779554059
p3,Non-ROH,500,0,0,h05,7064175879779554059
p1,A,436,64,0,h05,7066261505938673149
p1,B,136,356,8,h05,7066261505938673149
p1,C,26,106,368,h05,7066261505938673149
p1,Non-ROH,500,0,0,h05,7066261505938673149
p2,A,494,6,0,h05,7066261505938673149
p2,B,315,185,0,h05,7066261505938673149
p2,C,25,118,357,h05,7066261505938673149
p2,Non-ROH,500,0,0,h05,7066261505938673149
p3,A,490,10,0,h05,7066261505938673149
p3,B,301,199,0,h05,7066261505938673149
p3,C,16,161,323,h05,7066261505938673149
p3,Non-ROH,500,0,0,h05,7066261505938673149
p1,A,448,52,0,h05,7068912131551755293
p1,B,119,372,9,h05,7068912131551755293
p1,C,32,92,376,h05,7068912131551755293
p1,Non-ROH,500,0,0,h05,7068912131551755293
p2,A,498,2,0,h05,7068912131551755293
p2,B,233,267,0,h05,7068912131551755293
p2,C,11,147,342,h05,7068912131551755293
p2,Non-ROH,500,0,0,h05,7068912131551755293
p3,A,498,2,0,h05,7068912131551755293
p3,B,349,151,0,h05,7068912131551755293
p3,C,23,101,376,h05,7068912131551755293
p3,Non-ROH,500,0,0,h05,7068912131551755293
p1,A,410,90,0,h05,708598414843601433
p1,B,90,394,16,h05,708598414843601433
p1,C,23,91,386,h05,708598414843601433
p1,Non-ROH,500,0,0,h05,708598414843601433
p2,A,491,9,0,h05,708598414843601433
p2,B,196,304,0,h05,708598414843601433
p2,C,22,148,330,h05,708598414843601433
p2,Non-ROH,500,0,0,h05,708598414843601433
p3,A,492,8,0,h05,708598414843601433
p3,B,244,256,0,h05,708598414843601433
p3,C,13,118,369,h05,708598414843601433
p3,Non-ROH,500,0,0,h05,708598414843601433
p1,A,473,27,0,h05,7090392351816283814
p1,B,99,386,15,h05,7090392351816283814
p1,C,17,92,391,h05,7090392351816283814
p1,Non-ROH,500,0,0,h05,7090392351816283814
p2,A,495,5,0,h05,7090392351816283814
p2,B,202,298,0,h05,7090392351816283814
p2,C,12,100,388,h05,7090392351816283814
p2,Non-ROH,500,0,0,h05,7090392351816283814
p3,A,497,3,0,h05,7090392351816283814
p3,B,246,254,0,h05,7090392351816283814
p3,C,10,110,380,h05,7090392351816283814
p3,Non-ROH,500,0,0,h05,7090392351816283814
p1,A,371,129,0,h05,7094009697117592830
p1,B,47,448,5,h05,7094009697117592830
p1,C,13,123,364,h05,7094009697117592830
p1,Non-ROH,500,0,0,h05,7094009697117592830
p2,A,451,49,0,h05,7094009697117592830
p2,B,117,383,0,h05,7094009697117592830
p2,C,9,154,337,h05,7094009697117592830
p2,Non-ROH,500,0,0,h05,7094009697117592830
p3,A,486,14,0,h05,7094009697117592830
p3,B,174,326,0,h05,7094009697117592830
p3,C,8,133,359,h05,7094009697117592830
p3,Non-ROH,500,0,0,h05,7094009697117592830
p1,A,475,25,0,h05,7096354102309646186
p1,B,100,379,21,h05,7096354102309646186
p1,C,32,87,381,h05,7096354102309646186
p1,Non-ROH,500,0,0,h05,7096354102309646186
p2,A,499,1,0,h05,7096354102309646186
p2,B,287,213,0,h05,7096354102309646186
p2,C,30,116,354,h05,7096354102309646186
p2,Non-ROH,500,0,0,h05,7096354102309646186
p3,A,499,1,0,h05,7096354102309646186
p3,B,303,197,0,h05,7096354102309646186
p3,C,21,118,361,h05,7096354102309646186
p3,Non-ROH,500,0,0,h05,7096354102309646186
p1,A,462,38,0,h05,7098150741460012523
p1,B,107,373,20,h05,7098150741460012523
p1,C,29,108,363,h05,7098150741460012523
p1,Non-ROH,500,0,0,h05,7098150741460012523
p2,A,494,6,0,h05,7098150741460012523
p2,B,237,263,0,h05,7098150741460012523
p2,C,14,182,304,h05,7098150741460012523
p2,Non-ROH,500,0,0,h05,7098150741460012523
p3,A,495,5,0,h05,7098150741460012523
p3,B,321,179,0,h05,7098150741460012523
p3,C,28,146,326,h05,7098150741460012523
p3,Non-ROH,500,0,0,h05,7098150741460012523
p1,A,461,39,0,h05,7108966408127510530
p1,B,131,360,9,h05,7108966408127510530
p1,C,20,115,365,h05,7108966408127510530
p1,Non-ROH,500,0,0,h05,7108966408127510530
p2,A,496,4,0,h05,7108966408127510530
p2,B,270,230,0,h05,7108966408127510530
p2,C,23,135,342,h05,7108966408127510530
p2,Non-ROH,500,0,0,h05,7108966408127510530
p3,A,493,7,0,h05,7108966408127510530
p3,B,308,192,0,h05,7108966408127510530
p3,C,15,135,350,h05,7108966408127510530
p3,Non-ROH,500,0,0,h05,7108966408127510530
p1,A,437,63,0,h05,7128957838161443484
p1,B,78,414,8,h05,7128957838161443484
p1,C,30,105,365,h05,7128957838161443484
p1,Non-ROH,500,0,0,h05,7128957838161443484
p2,A,474,26,0,h05,7128957838161443484
p2,B,148,352,0,h05,7128957838161443484
p2,C,15,110,375,h05,7128957838161443484
p2,Non-ROH,500,0,0,h05,7128957838161443484
p3,A,484,16,0,h05,7128957838161443484
p3,B,228,272,0,h05,7128957838161443484
p3,C,10,155,335,h05,7128957838161443484
p3,Non-ROH,500,0,0,h05,7128957838161443484
p1,A,471,29,0,h05,714482021211796882
p1,B,103,385,12,h05,714482021211796882
p1,C,35,98,367,h05,714482021211796882
p1,Non-ROH,500,0,0,h05,714482021211796882
p2,A,495,5,0,h05,714482021211796882
p2,B,262,238,0,h05,714482021211796882
p2,C,16,131,353,h05,714482021211796882
p2,Non-ROH,500,0,0,h05,714482021211796882
p3,A,498,2,0,h05,714482021211796882
p3,B,294,206,0,h05,714482021211796882
p3,C,61,143,296,h05,714482021211796882
p3,Non-ROH,500,0,0,h05,714482021211796882
p1,A,433,67,0,h05,7157284801700828225
p1,B,60,423,17,h05,7157284801700828225
p1,C,14,141,345,h05,7157284801700828225
p1,Non-ROH,500,0,0,h05,7157284801700828225
p2,A,459,41,0,h05,7157284801700828225
p2,B,156,344,0,h05,7157284801700828225
p2,C,11,115,374,h05,7157284801700828225
p2,Non-ROH,500,0,0,h05,7157284801700828225
p3,A,496,4,0,h05,7157284801700828225
p3,B,208,292,0,h05,7157284801700828225
p3,C,15,125,360,h05,7157284801700828225
p3,Non-ROH,500,0,0,h05,7157284801700828225
p1,A,483,17,0,h05,7176453052980385458
p1,B,140,344,16,h05,7176453052980385458
p1,C,40,73,387,h05,7176453052980385458
p1,Non-ROH,500,0,0,h05,7176453052980385458
p2,A,499,1,0,h05,7176453052980385458
p2,B,272,228,0,h05,7176453052980385458
p2,C,19,117,364,h05,7176453052980385458
p2,Non-ROH,500,0,0,h05,7176453052980385458
p3,A,500,0,0,h05,7176453052980385458
p3,B,341,159,0,h05,7176453052980385458
p3,C,12,184,304,h05,7176453052980385458
p3,Non-ROH,500,0,0,h05,7176453052980385458
p1,A,393,107,0,h05,7189834021343857135
p1,B,78,406,16,h05,7189834021343857135
p1,C,23,122,355,h05,7189834021343857135
p1,Non-ROH,500,0,0,h05,7189834021343857135
p2,A,473,27,0,h05,7189834021343857135
p2,B,183,317,0,h05,7189834021343857135
p2,C,14,103,383,h05,7189834021343857135
p2,Non-ROH,500,0,0,h05,7189834021343857135
p3,A,484,16,0,h05,7189834021343857135
p3,B,208,292,0,h05,7189834021343857135
p3,C,18,153,329,h05,7189834021343857135
p3,Non-ROH,500,0,0,h05,7189834021343857135
p1,A,430,70,0,h05,7190431898777044429
p1,B,102,387,11,h05,7190431898777044429
p1,C,32,95,373,h05,7190431898777044429
p1,Non-ROH,500,0,0,h05,7190431898777044429
p2,A,499,1,0,h05,7190431898777044429
p2,B,235,265,0,h05,7190431898777044429
p2,C,23,133,344,h05,7190431898777044429
p2,Non-ROH,500,0,0,h05,7190431898777044429
p3,A,493,7,0,h05,7190431898777044429
p3,B,293,207,0,h05,7190431898777044429
p3,C,22,152,326,h05,7190431898777044429
p3,Non-ROH,500,0,0,h05,7190431898777044429
p1,A,457,43,0,h05,7200917081641086426
p1,B,81,408,11,h05,7200917081641086426
p1,C,19,122,359,h05,7200917081641086426
p1,Non-ROH,500,0,0,h05,7200917081641086426
p2,A,490,10,0,h05,7200917081641086426
p2,B,179,321,0,h05,7200917081641086426
p2,C,17,96,387,h05,7200917081641086426
p2,Non-ROH,500,0,0,h05,7200917081641086426
p3,A,496,4,0,h05,7200917081641086426
p3,B,296,204,0,h05,7200917081641086426
p3,C,13,117,370,h05,7200917081641086426
p3,Non-ROH,500,0,0,h05,7200917081641086426
p1,A,450,50,0,h05,7201333657579785171
p1,B,90,395,15,h05,7201333657579785171
p1,C,24,111,365,h05,7201333657579785171
p1,Non-ROH,500,0,0,h05,7201333657579785171
p2,A,486,14,0,h05,7201333657579785171
p2,B,228,272,0,h05,7201333657579785171
p2,C,22,126,352,h05,7201333657579785171
p2,Non-ROH,500,0,0,h05,7201333657579785171
p3,A,493,7,0,h05,7201333657579785171
p3,B,233,267,0,h05,7201333657579785171
p3,C,20,140,340,h05,7201333657579785171
p3,Non-ROH,500,0,0,h05,7201333657579785171
p1,A,430,70,0,h05,7207765655411287474
p1,B,105,379,16,h05,7207765655411287474
p1,C,21,97,382,h05,7207765655411287474
p1,Non-ROH,500,0,0,h05,7207765655411287474
p2,A,483,17,0,h05,7207765655411287474
p2,B,208,292,0,h05,7207765655411287474
p2,C,18,127,355,h05,7207765655411287474
p2,Non-ROH,500,0,0,h05,7207765655411287474
p3,A,492,8,0,h05,7207765655411287474
p3,B,245,255,0,h05,7207765655411287474
p3,C,10,172,318,h05,7207765655411287474
p3,Non-ROH,500,0,0,h05,7207765655411287474
p1,A,458,42,0,h05,7227517267945620979
p1,B,114,370,16,h05,7227517267945620979
p1,C,37,90,373,h05,7227517267945620979
p1,Non-ROH,500,0,0,h05,7227517267945620979
p2,A,495,5,0,h05,7227517267945620979
p2,B,274,226,0,h05,7227517267945620979
p2,C,33,96,371,h05,7227517267945620979
p2,Non-ROH,500,0,0,h05,7227517267945620979
p3,A,499,1,0,h05,7227517267945620979
p3,B,301,199,0,h05,7227517267945620979
p3,C,26,106,368,h05,7227517267945620979
p3,Non-ROH,500,0,0,h05,7227517267945620979
p1,A,455,45,0,h05,7228881330803135393
p1,B,65,419,16,h05,7228881330803135393
p1,C,18,105,377,h05,7228881330803135393
p1,Non-ROH,500,0,0,h05,7228881330803135393
p2,A,498,2,0,h05,7228881330803135393
p2,B,219,281,0,h05,7228881330803135393
p2,C,18,131,351,h05,7228881330803135393
p2,Non-ROH,500,0,0,h05,7228881330803135393
p3,A,499,1,0,h05,7228881330803135393
p3,B,284,216,0,h05,7228881330803135393
p3,C,13,116,371,h05,7228881330803135393
p3,Non-ROH,500,0,0,h05,7228881330803135393
p1,A,452,48,0,h05,7238293042385148941
p1,B,87,400,13,h05,7238293042385148941
p1,C,26,84,390,h05,7238293042385148941
p1,Non-ROH,500,0,0,h05,7238293042385148941
p2,A,491,9,0,h05,7238293042385148941
p2,B,218,282,0,h05,7238293042385148941
p2,C,18,139,343,h05,7238293042385148941
p2,Non-ROH,500,0,0,h05,7238293042385148941
p3,A,496,4,0,h05,7238293042385148941
p3,B,291,209,0,h05,7238293042385148941
p3,C,23,105,372,h05,7238293042385148941
p3,Non-ROH,500,0,0,h05,7238293042385148941
p1,A,462,38,0,h05,7249368341075405742
p1,B,128,352,20,h05,7249368341075405742
p1,C,27,93,380,h05,7249368341075405742
p1,Non-ROH,500,0,0,h05,7249368341075405742
p2,A,500,0,0,h05,7249368341075405742
p2,B,254,246,0,h05,7249368341075405742
p2,C,11,117,372,h05,7249368341075405742
p2,Non-ROH,500,0,0,h05,7249368341075405742
p3,A,500,0,0,h05,7249368341075405742
p3,B,333,167,0,h05,7249368341075405742
p3,C,19,150,331,h05,7249368341075405742
p3,Non-ROH,500,0,0,h05,7249368341075405742
p1,A,466,34,0,h05,72558806676291982
p1,B,126,349,25,h05,72558806676291982
p1,C,20,110,370,h05,72558806676291982
p1,Non-ROH,500,0,0,h05,72558806676291982
p2,A,499,1,0,h05,72558806676291982
p2,B,286,214,0,h05,72558806676291982
p2,C,21,111,368,h05,72558806676291982
p2,Non-ROH,500,0,0,h05,72558806676291982
p3,A,497,3,0,h05,72558806676291982
p3,B,305,195,0,h05,72558806676291982
p3,C,17,149,334,h05,72558806676291982
p3,Non-ROH,500,0,0,h05,72558806676291982
p1,A,405,95,0,h05,7263600261614512967
p1,B,105,385,10,h05,7263600261614512967
p1,C,20,121,359,h05,7263600261614512967
p1,Non-ROH,500,0,0,h05,7263600261614512967
p2,A,481,19,0,h05,7263600261614512967
p2,B,257,243,0,h05,7263600261614512967
p2,C,17,120,363,h05,7263600261614512967
p2,Non-ROH,500,0,0,h05,7263600261614512967
p3,A,492,8,0,h05,7263600261614512967
p3,B,314,186,0,h05,7263600261614512967
p3,C,13,112,375,h05,7263600261614512967
p3,Non-ROH,500,0,0,h05,7263600261614512967
p1,A,482,18,0,h05,7264026044483713541
p1,B,113,369,18,h05,7264026044483713541
p1,C,39,100,361,h05,7264026044483713541
p1,Non-ROH,500,0,0,h05,7264026044483713541
p2,A,499,1,0,h05,7264026044483713541
p2,B,286,214,0,h05,7264026044483713541
p2,C,30,75,395,h05,7264026044483713541
p2,Non-ROH,500,0,0,h05,7264026044483713541
p3,A,500,0,0,h05,7264026044483713541
p3,B,335,165,0,h05,7264026044483713541
p3,C,23,90,387,h05,7264026044483713541
p3,Non-ROH,500,0,0,h05,7264026044483713541
p1,A,485,15,0,h05,7271157830985353908
p1,B,119,368,13,h05,7271157830985353908
p1,C,31,122,347,h05,7271157830985353908
p1,Non-ROH,500,0,0,h05,7271157830985353908
p2,A,500,0,0,h05,7271157830985353908
p2,B,248,252,0,h05,7271157830985353908
p2,C,15,110,375,h05,7271157830985353908
p2,Non-ROH,500,0,0,h05,7271157830985353908
p3,A,500,0,0,h05,7271157830985353908
p3,B,292,208,0,h05,7271157830985353908
p3,C,17,142,341,h05,7271157830985353908
p3,Non-ROH,500,0,0,h05,7271157830985353908
p1,A,489,11,0,h05,7299273936685164460
p1,B,127,359,14,h05,7299273936685164460
p1,C,21,120,359,h05,7299273936685164460
p1,Non-ROH,500,0,0,h05,7299273936685164460
p2,A,494,6,0,h05,7299273936685164460
p2,B,283,217,0,h05,7299273936685164460
p2,C,24,97,379,h05,7299273936685164460
p2,Non-ROH,500,0,0,h05,7299273936685164460
p3,A,499,1,0,h05,7299273936685164460
p3,B,338,162,0,h05,7299273936685164460
p3,C,21,123,356,h05,7299273936685164460
p3,Non-ROH,500,0,0,h05,7299273936685164460
p1,A,445,55,0,h05,7309593434670133100
p1,B,86,395,19,h05,7309593434670133100
p1,C,24,113,363,h05,7309593434670133100
p1,Non-ROH,500,0,0,h05,7309593434670133100
p2,A,493,7,0,h05,7309593434670133100
p2,B,196,304,0,h05,7309593434670133100
p2,C,18,176,306,h05,7309593434670133100
p2,Non-ROH,500,0,0,h05,7309593434670133100
p3,A,498,2,0,h05,7309593434670133100
p3,B,234,266,0,h05,7309593434670133100
p3,C,17,113,370,h05,7309593434670133100
p3,Non-ROH,500,0,0,h05,7309593434670133100
p1,A,404,96,0,h05,732123568986224844
p1,B,82,397,21,h05,732123568986224844
p1,C,16,103,381,h05,732123568986224844
p1,Non-ROH,500,0,0,h05,732123568986224844
p2,A,488,12,0,h05,732123568986224844
p2,B,193,307,0,h05,732123568986224844
p2,C,23,133,344,h05,732123568986224844
p2,Non-ROH,500,0,0,h05,732123568986224844
p3,A,492,8,0,h05,732123568986224844
p3,B,251,249,0,h05,732123568986224844
p3,C,13,99,388,h05,732123568986224844
p3,Non-ROH,500,0,0,h05,732123568986224844
p1,A,432,68,0,h05,7328303731035577296
p1,B,76,410,14,h05,7328303731035577296
p1,C,24,91,385,h05,7328303731035577296
p1,Non-ROH,500,0,0,h05,7328303731035577296
p2,A,470,30,0,h05,7328303731035577296
p2,B,198,302,0,h05,7328303731035577296
p2,C,18,130,352,h05,7328303731035577296
p2,Non-ROH,500,0,0,h05,7328303731035577296
p3,A,490,10,0,h05,7328303731035577296
p3,B,253,247,0,h05,7328303731035577296
p3,C,27,131,342,h05,7328303731035577296
p3,Non-ROH,500,0,0,h05,7328303731035577296
p1,A,464,36,0,h05,7328563272180724307
p1,B,132,351,17,h05,7328563272180724307
p1,C,27,95,378,h05,7328563272180724307
p1,Non-ROH,500,0,0,h05,7328563272180724307
p2,A,499,1,0,h05,7328563272180724307
p2,B,292,208,0,h05,7328563272180724307
p2,C,18,108,374,h05,7328563272180724307
p2,Non-ROH,500,0,0,h05,7328563272180724307
p3,A,498,2,0,h05,7328563272180724307
p3,B,345,155,0,h05,7328563272180724307
p3,C,17,124,359,h05,7328563272180724307
p3,Non-ROH,500,0,0,h05,7328563272180724307
p1,A,370,130,0,h05,7355281502063941619
p1,B,54,434,12,h05,7355281502063941619
p1,C,15,115,370,h05,7355281502063941619
p1,Non-ROH,500,0,0,h05,7355281502063941619
p2,A,459,41,0,h05,7355281502063941619
p2,B,195,305,0,h05,7355281502063941619
p2,C,8,117,375,h05,7355281502063941619
p2,Non-ROH,500,0,0,h05,7355281502063941619
p3,A,479,21,0,h05,7355281502063941619
p3,B,215,285,0,h05,7355281502063941619
p3,C,7,134,359,h05,7355281502063941619
p3,Non-ROH,500,0,0,h05,7355281502063941619
p1,A,467,33,0,h05,7363175772284391542
p1,B,75,410,15,h05,7363175772284391542
p1,C,33,103,364,h05,7363175772284391542
p1,Non-ROH,500,0,0,h05,7363175772284391542
p2,A,500,0,0,h05,7363175772284391542
p2,B,201,299,0,h05,7363175772284391542
p2,C,23,109,368,h05,7363175772284391542
p2,Non-ROH,500,0,0,h05,7363175772284391542
p3,A,498,2,0,h05,7363175772284391542
p3,B,244,256,0,h05,7363175772284391542
p3,C,21,114,365,h05,7363175772284391542
p3,Non-ROH,500,0,0,h05,7363175772284391542
p1,A,459,41,0,h05,7376243174258400955
p1,B,112,372,16,h05,7376243174258400955
p1,C,29,79,392,h05,7376243174258400955
p1,Non-ROH,500,0,0,h05,7376243174258400955
p2,A,492,8,0,h05,7376243174258400955
p2,B,256,244,0,h05,7376243174258400955
p2,C,22,115,363,h05,7376243174258400955
p2,Non-ROH,500,0,0,h05,7376243174258400955
p3,A,497,3,0,h05,7376243174258400955
p3,B,321,179,0,h05,7376243174258400955
p3,C,25,125,350,h05,7376243174258400955
p3,Non-ROH,500,0,0,h05,7376243174258400955
p1,A,401,99,0,h05,7388570329277724215
p1,B,61,418,21,h05,7388570329277724215
p1,C,13,111,376,h05,7388570329277724215
p1,Non-ROH,500,0,0,h05,7388570329277724215
p2,A,485,15,0,h05,7388570329277724215
p2,B,141,359,0,h05,7388570329277724215
p2,C,11,126,363,h05,7388570329277724215
p2,Non-ROH,500,0,0,h05,7388570329277724215
p3,A,491,9,0,h05,7388570329277724215
p3,B,168,331,1,h05,7388570329277724215
p3,C,12,129,359,h05,7388570329277724215
p3,Non-ROH,500,0,0,h05,7388570329277724215
p1,A,453,47,0,h05,7395065787584697851
p1,B,103,381,16,h05,7395065787584697851
p1,C,22,104,374,h05,7395065787584697851
p1,Non-ROH,500,0,0,h05,7395065787584697851
p2,A,490,10,0,h05,7395065787584697851
p2,B,181,319,0,h05,7395065787584697851
p2,C,20,117,363,h05,7395065787584697851
p2,Non-ROH,500,0,0,h05,7395065787584697851
p3,A,492,8,0,h05,7395065787584697851
p3,B,276,224,0,h05,7395065787584697851
p3,C,14,161,325,h05,7395065787584697851
p3,Non-ROH,500,0,0,h05,7395065787584697851
p1,A,430,70,0,h05,7426926727897974448
p1,B,77,406,17,h05,7426926727897974448
p1,C,26,111,363,h05,7426926727897974448
p1,Non-ROH,500,0,0,h05,7426926727897974448
p2,A,483,17,0,h05,7426926727897974448
p2,B,167,333,0,h05,7426926727897974448
p2,C,20,123,357,h05,7426926727897974448
p2,Non-ROH,500,0,0,h05,7426926727897974448
p3,A,488,12,0,h05,7426926727897974448
p3,B,190,310,0,h05,7426926727897974448
p3,C,17,141,342,h05,7426926727897974448
p3,Non-ROH,500,0,0,h05,7426926727897974448
p1,A,467,33,0,h05,7446151698120709382
p1,B,106,374,20,h05,7446151698120709382
p1,C,45,86,369,h05,7446151698120709382
p1,Non-ROH,500,0,0,h05,7446151698120709382
p2,A,499,1,0,h05,7446151698120709382
p2,B,253,247,0,h05,7446151698120709382
p2,C,24,134,342,h05,7446151698120709382
p2,Non-ROH,500,0,0,h05,7446151698120709382
p3,A,499,1,0,h05,7446151698120709382
p3,B,308,192,0,h05,7446151698120709382
p3,C,24,107,369,h05,7446151698120709382
p3,Non-ROH,500,0,0,h05,7446151698120709382
p1,A,484,16,0,h05,7477625729820776183
p1,B,102,389,9,h05,7477625729820776183
p1,C,27,92,381,h05,7477625729820776183
p1,Non-ROH,500,0,0,h05,7477625729820776183
p2,A,500,0,0,h05,7477625729820776183
p2,B,266,234,0,h05,7477625729820776183
p2,C,30,128,342,h05,7477625729820776183
p2,Non-ROH,500,0,0,h05,7477625729820776183
p3,A,498,2,0,h05,7477625729820776183
p3,B,326,174,0,h05,7477625729820776183
p3,C,20,102,378,h05,7477625729820776183
p3,Non-ROH,500,0,0,h05,7477625729820776183
p1,A,393,107,0,h05,7492649668554811806
p1,B,64,421,15,h05,7492649668554811806
p1,C,20,111,369,h05,7492649668554811806
p1,Non-ROH,500,0,0,h05,7492649668554811806
p2,A,479,21,0,h05,7492649668554811806
p2,B,163,337,0,h05,7492649668554811806
p2,C,20,147,333,h05,7492649668554811806
p2,Non-ROH,500,0,0,h05,7492649668554811806
p3,A,479,21,0,h05,7492649668554811806
p3,B,213,287,0,h05,7492649668554811806
p3,C,13,133,354,h05,7492649668554811806
p3,Non-ROH,500,0,0,h05,7492649668554811806
p1,A,447,53,0,h05,7493187211263497198
p1,B,87,393,20,h05,7493187211263497198
p1,C,29,98,373,h05,7493187211263497198
p1,Non-ROH,500,0,0,h05,7493187211263497198
p2,A,488,12,0,h05,7493187211263497198
p2,B,234,266,0,h05,7493187211263497198
p2,C,14,129,357,h05,7493187211263497198
p2,Non-ROH,500,0,0,h05,7493187211263497198
p3,A,494,6,0,h05,7493187211263497198
p3,B,259,241,0,h05,7493187211263497198
p3,C,9,117,374,h05,7493187211263497198
p3,Non-ROH,500,0,0,h05,7493187211263497198
p1,A,473,27,0,h05,7507588180911929477
p1,B,114,378,8,h05,7507588180911929477
p1,C,28,106,366,h05,7507588180911929477
p1,Non-ROH,500,0,0,h05,7507588180911929477
p2,A,496,4,0,h05,7507588180911929477
p2,B,255,245,0,h05,7507588180911929477
p2,C,27,187,286,h05,7507588180911929477
p2,Non-ROH,500,0,0,h05,7507588180911929477
p3,A,497,3,0,h05,7507588180911929477
p3,B,310,190,0,h05,7507588180911929477
p3,C,27,128,345,h05,7507588180911929477
p3,Non-ROH,500,0,0,h05,7507588180911929477
p1,A,449,51,0,h05,7547871346025002741
p1,B,86,388,26,h05,7547871346025002741
p1,C,23,97,380,h05,7547871346025002741
p1,Non-ROH,500,0,0,h05,7547871346025002741
p2,A,488,12,0,h05,7547871346025002741
p2,B,187,313,0,h05,7547871346025002741
p2,C,10,130,360,h05,7547871346025002741
p2,Non-ROH,500,0,0,h05,7547871346025002741
p3,A,493,7,0,h05,7547871346025002741
p3,B,232,268,0,h05,7547871346025002741
p3,C,11,126,363,h05,7547871346025002741
p3,Non-ROH,500,0,0,h05,7547871346025002741
p1,A,464,36,0,h05,7577839241770188201
p1,B,83,406,11,h05,7577839241770188201
p1,C,30,100,370,h05,7577839241770188201
p1,Non-ROH,500,0,0,h05,7577839241770188201
p2,A,498,2,0,h05,7577839241770188201
p2,B,236,264,0,h05,7577839241770188201
p2,C,30,114,356,h05,7577839241770188201
p2,Non-ROH,500,0,0,h05,7577839241770188201
p3,A,496,4,0,h05,7577839241770188201
p3,B,243,257,0,h05,7577839241770188201
p3,C,15,136,349,h05,7577839241770188201
p3,Non-ROH,500,0,0,h05,7577839241770188201
p1,A,475,25,0,h05,7583261330632035837
p1,B,101,385,14,h05,7583261330632035837
p1,C,27,98,375,h05,7583261330632035837
p1,Non-ROH,500,0,0,h05,7583261330632035837
p2,A,494,6,0,h05,7583261330632035837
p2,B,245,255,0,h05,7583261330632035837
p2,C,36,113,351,h05,7583261330632035837
p2,Non-ROH,500,0,0,h05,7583261330632035837
p3,A,500,0,0,h05,7583261330632035837
p3,B,320,180,0,h05,7583261330632035837
p3,C,30,165,305,h05,7583261330632035837
p3,Non-ROH,500,0,0,h05,7583261330632035837
p1,A,456,44,0,h05,7585769548781915971
p1,B,76,407,17,h05,7585769548781915971
p1,C,21,107,372,h05,7585769548781915971
p1,Non-ROH,500,0,0,h05,7585769548781915971
p2,A,488,12,0,h05,7585769548781915971
p2,B,233,267,0,h05,7585769548781915971
p2,C,11,112,377,h05,7585769548781915971
p2,Non-ROH,500,0,0,h05,7585769548781915971
p3,A,494,6,0,h05,7585769548781915971
p3,B,265,235,0,h05,7585769548781915971
p3,C,20,178,302,h05,7585769548781915971
p3,Non-ROH,500,0,0,h05,7585769548781915971
p1,A,473,27,0,h05,759975353548817479
p1,B,139,345,16,h05,759975353548817479
p1,C,40,75,385,h05,759975353548817479
p1,Non-ROH,500,0,0,h05,759975353548817479
p2,A,499,1,0,h05,759975353548817479
p2,B,309,191,0,h05,759975353548817479
p2,C,31,118,351,h05,759975353548817479
p2,Non-ROH,500,0,0,h05,759975353548817479
p3,A,500,0,0,h05,759975353548817479
p3,B,329,171,0,h05,759975353548817479
p3,C,28,101,371,h05,759975353548817479
p3,Non-ROH,500,0,0,h05,759975353548817479
p1,A,422,78,0,h05,7603385580995117409
p1,B,69,415,16,h05,7603385580995117409
p1,C,23,122,355,h05,7603385580995117409
p1,Non-ROH,500,0,0,h05,7603385580995117409
p2,A,459,41,0,h05,7603385580995117409
p2,B,174,326,0,h05,7603385580995117409
p2,C,11,97,392,h05,7603385580995117409
p2,Non-ROH,500,0,0,h05,7603385580995117409
p3,A,479,21,0,h05,7603385580995117409
p3,B,233,267,0,h05,7603385580995117409
p3,C,8,136,356,h05,7603385580995117409
p3,Non-ROH,500,0,0,h05,7603385580995117409
p1,A,451,49,0,h05,7612725865805291794
p1,B,96,393,11,h05,7612725865805291794
p1,C,27,113,360,h05,7612725865805291794
p1,Non-ROH,500,0,0,h05,7612725865805291794
p2,A,497,3,0,h05,7612725865805291794
p2,B,265,235,0,h05,7612725865805291794
p2,C,20,106,374,h05,7612725865805291794
p2,Non-ROH,500,0,0,h05,7612725865805291794
p3,A,497,3,0,h05,7612725865805291794
p3,B,382,118,0,h05,7612725865805291794
p3,C,13,95,392,h05,7612725865805291794
p3,Non-ROH,500,0,0,h05,7612725865805291794
p1,A,480,20,0,h05,7616069688669602163
p1,B,103,381,16,h05,7616069688669602163
p1,C,38,97,365,h05,7616069688669602163
p1,Non-ROH,500,0,0,h05,7616069688669602163
p2,A,495,5,0,h05,7616069688669602163
p2,B,247,253,0,h05,7616069688669602163
p2,C,12,91,397,h05,7616069688669602163
p2,Non-ROH,500,0,0,h05,7616069688669602163
p3,A,497,3,0,h05,7616069688669602163
p3,B,245,255,0,h05,7616069688669602163
p3,C,15,157,328,h05,7616069688669602163
p3,Non-ROH,500,0,0,h05,7616069688669602163
p1,A,397,103,0,h05,7627577147239527988
p1,B,73,417,10,h05,7627577147239527988
p1,C,21,117,362,h05,7627577147239527988
p1,Non-ROH,500,0,0,h05,7627577147239527988
p2,A,488,12,0,h05,7627577147239527988
p2,B,162,338,0,h05,7627577147239527988
p2,C,13,124,363,h05,7627577147239527988
p2,Non-ROH,500,0,0,h05,7627577147239527988
p3,A,478,22,0,h05,7627577147239527988
p3,B,182,318,0,h05,7627577147239527988
p3,C,11,141,348,h05,7627577147239527988
p3,Non-ROH,500,0,0,h05,7627577147239527988
p1,A,469,31,0,h05,7628503750351822091
p1,B,94,394,12,h05,7628503750351822091
p1,C,28,97,375,h05,7628503750351822091
p1,Non-ROH,500,0,0,h05,7628503750351822091
p2,A,490,10,0,h05,7628503750351822091
p2,B,257,243,0,h05,7628503750351822091
p2,C,21,116,363,h05,7628503750351822091
p2,Non-ROH,500,0,0,h05,7628503750351822091
p3,A,495,5,0,h05,7628503750351822091
p3,B,276,224,0,h05,7628503750351822091
p3,C,22,161,317,h05,7628503750351822091
p3,Non-ROH,500,0,0,h05,7628503750351822091
p1,A,463,37,0,h05,7631934003847310214
p1,B,100,376,24,h05,7631934003847310214
p1,C,28,101,371,h05,7631934003847310214
p1,Non-ROH,500,0,0,h05,7631934003847310214
p2,A,496,4,0,h05,7631934003847310214
p2,B,239,261,0,h05,7631934003847310214
p2,C,13,120,367,h05,7631934003847310214
p2,Non-ROH,500,0,0,h05,7631934003847310214
p3,A,494,6,0,h05,7631934003847310214
p3,B,275,225,0,h05,7631934003847310214
p3,C,28,103,369,h05,7631934003847310214
p3,Non-ROH,500,0,0,h05,7631934003847310214
p1,A,412,88,0,h05,7680885593040147937
p1,B,82,396,22,h05,7680885593040147937
p1,C,28,114,358,h05,7680885593040147937
p1,Non-ROH,500,0,0,h05,7680885593040147937
p2,A,496,4,0,h05,7680885593040147937
p2,B,202,298,0,h05,7680885593040147937
p2,C,25,147,328,h05,7680885593040147937
p2,Non-ROH,500,0,0,h05,7680885593040147937
p3,A,495,5,0,h05,7680885593040147937
p3,B,260,240,0,h05,7680885593040147937
p3,C,18,88,394,h05,7680885593040147937
p3,Non-ROH,500,0,0,h05,7680885593040147937
p1,A,429,71,0,h05,7697447255970539265
p1,B,82,411,7,h05,7697447255970539265
p1,C,26,116,358,h05,7697447255970539265
p1,Non-ROH,500,0,0,h05,7697447255970539265
p2,A,494,6,0,h05,7697447255970539265
p2,B,247,253,0,h05,7697447255970539265
p2,C,14,165,321,h05,7697447255970539265
p2,Non-ROH,500,0,0,h05,7697447255970539265
p3,A,488,12,0,h05,7697447255970539265
p3,B,250,250,0,h05,7697447255970539265
p3,C,13,138,349,h05,7697447255970539265
p3,Non-ROH,500,0,0,h05,7697447255970539265
p1,A,430,70,0,h05,7702576646334203760
p1,B,90,394,16,h05,7702576646334203760
p1,C,31,99,370,h05,7702576646334203760
p1,Non-ROH,500,0,0,h05,7702576646334203760
p2,A,491,9,0,h05,7702576646334203760
p2,B,224,276,0,h05,7702576646334203760
p2,C,27,129,344,h05,7702576646334203760
p2,Non-ROH,500,0,0,h05,7702576646334203760
p3,A,494,6,0,h05,7702576646334203760
p3,B,242,258,0,h05,7702576646334203760
p3,C,30,114,356,h05,7702576646334203760
p3,Non-ROH,500,0,0,h05,7702576646334203760
p1,A,446,54,0,h05,7710950485072423480
p1,B,115,371,14,h05,7710950485072423480
p1,C,25,104,371,h05,7710950485072423480
p1,Non-ROH,500,0,0,h05,7710950485072423480
p2,A,495,5,0,h05,7710950485072423480
p2,B,223,277,0,h05,7710950485072423480
p2,C,14,108,378,h05,7710950485072423480
p2,Non-ROH,500,0,0,h05,7710950485072423480
p3,A,494,6,0,h05,7710950485072423480
p3,B,253,247,0,h05,7710950485072423480
p3,C,12,122,366,h05,7710950485072423480
p3,Non-ROH,500,0,0,h05,7710950485072423480
p1,A,447,53,0,h05,7739737952787506607
p1,B,113,369,18,h05,7739737952787506607
p1,C,33,88,379,h05,7739737952787506607
p1,Non-ROH,500,0,0,h05,7739737952787506607
p2,A,499,1,0,h05,7739737952787506607
p2,B,348,152,0,h05,7739737952787506607
p2,C,32,92,376,h05,7739737952787506607
p2,Non-ROH,500,0,0,h05,7739737952787506607
p3,A,493,7,0,h05,7739737952787506607
p3,B,350,150,0,h05,7739737952787506607
p3,C,37,82,381,h05,7739737952787506607
p3,Non-ROH,500,0,0,h05,7739737952787506607
p1,A,462,38,0,h05,7741356042426346360
p1,B,82,403,15,h05,7741356042426346360
p1,C,24,116,360,h05,7741356042426346360
p1,Non-ROH,500,0,0,h05,7741356042426346360
p2,A,492,8,0,h05,7741356042426346360
p2,B,217,283,0,h05,7741356042426346360
p2,C,21,88,391,h05,7741356042426346360
p2,Non-ROH,500,0,0,h05,7741356042426346360
p3,A,493,7,0,h05,7741356042426346360
p3,B,278,222,0,h05,7741356042426346360
p3,C,13,106,381,h05,7741356042426346360
p3,Non-ROH,500,0,0,h05,7741356042426346360
p1,A,462,38,0,h05,7745777900515622099
p1,B,100,379,21,h05,7745777900515622099
p1,C,25,110,365,h05,7745777900515622099
p1,Non-ROH,500,0,0,h05,7745777900515622099
p2,A,492,8,0,h05,7745777900515622099
p2,B,208,292,0,h05,7745777900515622099
p2,C,22,100,378,h05,7745777900515622099
p2,Non-ROH,500,0,0,h05,7745777900515622099
p3,A,499,1,0,h05,7745777900515622099
p3,B,239,261,0,h05,7745777900515622099
p3,C,30,164,306,h05,7745777900515622099
p3,Non-ROH,500,0,0,h05,7745777900515622099
p1,A,434,66,0,h05,7763191183106554283
p1,B,72,416,12,h05,7763191183106554283
p1,C,25,101,374,h05,7763191183106554283
p1,Non-ROH,500,0,0,h05,7763191183106554283
p2,A,488,12,0,h05,7763191183106554283
p2,B,199,301,0,h05,7763191183106554283
p2,C,23,104,373,h05,7763191183106554283
p2,Non-ROH,500,0,0,h05,7763191183106554283
p3,A,499,1,0,h05,7763191183106554283
p3,B,270,230,0,h05,7763191183106554283
p3,C,17,100,383,h05,7763191183106554283
p3,Non-ROH,500,0,0,h05,7763191183106554283
p1,A,464,36,0,h05,7766565889407157996
p1,B,106,376,18,h05,7766565889407157996
p1,C,24,105,371,h05,7766565889407157996
p1,Non-ROH,500,0,0,h05,7766565889407157996
p2,A,492,8,0,h05,7766565889407157996
p2,B,194,306,0,h05,7766565889407157996
p2,C,20,177,303,h05,7766565889407157996
p2,Non-ROH,500,0,0,h05,7766565889407157996
p3,A,496,4,0,h05,7766565889407157996
p3,B,245,255,0,h05,7766565889407157996
p3,C,19,199,282,h05,7766565889407157996
p3,Non-ROH,500,0,0,h05,7766565889407157996
p1,A,458,42,0,h05,7766760940478392292
p1,B,88,397,15,h05,7766760940478392292
p1,C,31,110,359,h05,7766760940478392292
p1,Non-ROH,500,0,0,h05,7766760940478392292
p2,A,492,8,0,h05,7766760940478392292
p2,B,185,314,1,h05,7766760940478392292
p2,C,32,164,304,h05,7766760940478392292
p2,Non-ROH,500,0,0,h05,7766760940478392292
p3,A,500,0,0,h05,7766760940478392292
p3,B,272,228,0,h05,7766760940478392292
p3,C,18,227,255,h05,7766760940478392292
p3,Non-ROH,500,0,0,h05,7766760940478392292
p1,A,400,100,0,h05,7767717960016566987
p1,B,100,387,13,h05,7767717960016566987
p1,C,22,103,375,h05,7767717960016566987
p1,Non-ROH,500,0,0,h05,7767717960016566987
p2,A,487,13,0,h05,7767717960016566987
p2,B,149,351,0,h05,7767717960016566987
p2,C,19,104,377,h05,7767717960016566987
p2,Non-ROH,500,0,0,h05,7767717960016566987
p3,A,493,7,0,h05,7767717960016566987
p3,B,206,294,0,h05,7767717960016566987
p3,C,12,135,353,h05,7767717960016566987
p3,Non-ROH,500,0,0,h05,7767717960016566987
p1,A,417,83,0,h05,7813640055095501791
p1,B,98,388,14,h05,7813640055095501791
p1,C,27,89,384,h05,7813640055095501791
p1,Non-ROH,500,0,0,h05,7813640055095501791
p2,A,485,15,0,h05,7813640055095501791
p2,B,229,271,0,h05,7813640055095501791
p2,C,27,162,311,h05,7813640055095501791
p2,Non-ROH,500,0,0,h05,7813640055095501791
p3,A,493,7,0,h05,7813640055095501791
p3,B,312,188,0,h05,7813640055095501791
p3,C,27,103,370,h05,7813640055095501791
p3,Non-ROH,500,0,0,h05,7813640055095501791
p1,A,450,50,0,h05,7819668059817420738
p1,B,115,371,14,h05,7819668059817420738
p1,C,30,89,381,h05,7819668059817420738
p1,Non-ROH,500,0,0,h05,7819668059817420738
p2,A,490,10,0,h05,7819668059817420738
p2,B,237,263,0,h05,7819668059817420738
p2,C,15,132,353,h05,7819668059817420738
p2,Non-ROH,500,0,0,h05,7819668059817420738
p3,A,499,1,0,h05,7819668059817420738
p3,B,246,254,0,h05,7819668059817420738
p3,C,19,114,367,h05,7819668059817420738
p3,Non-ROH,500,0,0,h05,7819668059817420738
p1,A,423,77,0,h05,782715407785398484
p1,B,62,421,17,h05,782715407785398484
p1,C,21,121,358,h05,782715407785398484
p1,Non-ROH,500,0,0,h05,782715407785398484
p2,A,472,28,0,h05,782715407785398484
p2,B,137,363,0,h05,782715407785398484
p2,C,14,95,391,h05,782715407785398484
p2,Non-ROH,500,0,0,h05,782715407785398484
p3,A,461,39,0,h05,782715407785398484
p3,B,163,337,0,h05,782715407785398484
p3,C,14,96,390,h05,782715407785398484
p3,Non-ROH,500,0,0,h05,782715407785398484
p1,A,442,58,0,h05,7886383867975856199
p1,B,62,426,12,h05,7886383867975856199
p1,C,29,116,355,h05,7886383867975856199
p1,Non-ROH,500,0,0,h05,7886383867975856199
p2,A,488,12,0,h05,7886383867975856199
p2,B,161,339,0,h05,7886383867975856199
p2,C,16,107,377,h05,7886383867975856199
p2,Non-ROH,500,0,0,h05,7886383867975856199
p3,A,487,13,0,h05,7886383867975856199
p3,B,262,238,0,h05,7886383867975856199
p3,C,16,117,367,h05,7886383867975856199
p3,Non-ROH,500,0,0,h05,7886383867975856199
p1,A,420,80,0,h05,789820720348623301
p1,B,96,393,11,h05,789820720348623301
p1,C,20,113,367,h05,789820720348623301
p1,Non-ROH,500,0,0,h05,789820720348623301
p2,A,492,8,0,h05,789820720348623301
p2,B,213,287,0,h05,789820720348623301
p2,C,18,104,378,h05,789820720348623301
p2,Non-ROH,500,0,0,h05,789820720348623301
p3,A,481,19,0,h05,789820720348623301
p3,B,263,237,0,h05,789820720348623301
p3,C,21,99,380,h05,789820720348623301
p3,Non-ROH,500,0,0,h05,789820720348623301
p1,A,454,46,0,h05,7914069603673341289
p1,B,67,417,16,h05,7914069603673341289
p1,C,19,87,394,h05,7914069603673341289
p1,Non-ROH,500,0,0,h05,7914069603673341289
p2,A,482,18,0,h05,7914069603673341289
p2,B,234,266,0,h05,7914069603673341289
p2,C,20,120,360,h05,7914069603673341289
p2,Non-ROH,500,0,0,h05,7914069603673341289
p3,A,480,20,0,h05,7914069603673341289
p3,B,212,288,0,h05,7914069603673341289
p3,C,12,163,325,h05,7914069603673341289
p3,Non-ROH,500,0,0,h05,7914069603673341289
p1,A,453,47,0,h05,7941927555130490809
p1,B,88,398,14,h05,7941927555130490809
p1,C,30,97,373,h05,7941927555130490809
p1,Non-ROH,500,0,0,h05,7941927555130490809
p2,A,491,9,0,h05,7941927555130490809
p2,B,213,287,0,h05,7941927555130490809
p2,C,13,193,294,h05,7941927555130490809
p2,Non-ROH,500,0,0,h05,7941927555130490809
p3,A,497,3,0,h05,7941927555130490809
p3,B,286,214,0,h05,7941927555130490809
p3,C,14,233,253,h05,7941927555130490809
p3,Non-ROH,500,0,0,h05,7941927555130490809
p1,A,465,35,0,h05,7989271955400716670
p1,B,92,397,11,h05,7989271955400716670
p1,C,33,94,373,h05,7989271955400716670
p1,Non-ROH,500,0,0,h05,7989271955400716670
p2,A,492,8,0,h05,7989271955400716670
p2,B,233,267,0,h05,7989271955400716670
p2,C,20,118,362,h05,7989271955400716670
p2,Non-ROH,500,0,0,h05,7989271955400716670
p3,A,494,6,0,h05,7989271955400716670
p3,B,286,214,0,h05,7989271955400716670
p3,C,14,140,346,h05,7989271955400716670
p3,Non-ROH,500,0,0,h05,7989271955400716670
p1,A,461,39,0,h05,7994687227022533437
p1,B,133,351,16,h05,7994687227022533437
p1,C,37,95,368,h05,7994687227022533437
p1,Non-ROH,500,0,0,h05,7994687227022533437
p2,A,498,2,0,h05,7994687227022533437
p2,B,270,230,0,h05,7994687227022533437
p2,C,28,80,392,h05,7994687227022533437
p2,Non-ROH,500,0,0,h05,7994687227022533437
p3,A,491,9,0,h05,7994687227022533437
p3,B,314,186,0,h05,7994687227022533437
p3,C,30,101,369,h05,7994687227022533437
p3,Non-ROH,500,0,0,h05,7994687227022533437
p1,A,472,28,0,h05,8035289827142344450
p1,B,133,350,17,h05,8035289827142344450
p1,C,17,97,386,h05,8035289827142344450
p1,Non-ROH,500,0,0,h05,8035289827142344450
p2,A,497,3,0,h05,8035289827142344450
p2,B,270,230,0,h05,8035289827142344450
p2,C,19,175,306,h05,8035289827142344450
p2,Non-ROH,500,0,0,h05,8035289827142344450
p3,A,500,0,0,h05,8035289827142344450
p3,B,321,179,0,h05,8035289827142344450
p3,C,25,186,289,h05,8035289827142344450
p3,Non-ROH,500,0,0,h05,8035289827142344450
p1,A,456,44,0,h05,8131290447005176716
p1,B,102,385,13,h05,8131290447005176716
p1,C,27,114,359,h05,8131290447005176716
p1,Non-ROH,500,0,0,h05,8131290447005176716
p2,A,494,6,0,h05,8131290447005176716
p2,B,202,298,0,h05,8131290447005176716
p2,C,16,131,353,h05,8131290447005176716
p2,Non-ROH,500,0,0,h05,8131290447005176716
p3,A,500,0,0,h05,8131290447005176716
p3,B,290,210,0,h05,8131290447005176716
p3,C,13,114,373,h05,8131290447005176716
p3,Non-ROH,500,0,0,h05,8131290447005176716
p1,A,435,65,0,h05,8139759912762408824
p1,B,127,360,13,h05,8139759912762408824
p1,C,31,109,360,h05,8139759912762408824
p1,Non-ROH,500,0,0,h05,8139759912762408824
p2,A,494,6,0,h05,8139759912762408824
p2,B,240,260,0,h05,8139759912762408824
p2,C,14,90,396,h05,8139759912762408824
p2,Non-ROH,500,0,0,h05,8139759912762408824
p3,A,494,6,0,h05,8139759912762408824
p3,B,315,185,0,h05,8139759912762408824
p3,C,26,91,383,h05,8139759912762408824
p3,Non-ROH,500,0,0,h05,8139759912762408824
p1,A,446,54,0,h05,8187264050021526278
p1,B,103,386,11,h05,8187264050021526278
p1,C,37,102,361,h05,8187264050021526278
p1,Non-ROH,500,0,0,h05,8187264050021526278
p2,A,494,6,0,h05,8187264050021526278
p2,B,221,278,1,h05,8187264050021526278
p2,C,19,112,369,h05,8187264050021526278
p2,Non-ROH,500,0,0,h05,8187264050021526278
p3,A,497,3,0,h05,8187264050021526278
p3,B,338,162,0,h05,8187264050021526278
p3,C,12,104,384,h05,8187264050021526278
p3,Non-ROH,500,0,0,h05,8187264050021526278
p1,A,463,37,0,h05,8205955662219549030
p1,B,95,390,15,h05,8205955662219549030
p1,C,30,99,371,h05,8205955662219549030
p1,Non-ROH,500,0,0,h05,8205955662219549030
p2,A,499,1,0,h05,8205955662219549030
p2,B,225,275,0,h05,8205955662219549030
p2,C,21,111,368,h05,8205955662219549030
p2,Non-ROH,500,0,0,h05,8205955662219549030
p3,A,497,3,0,h05,8205955662219549030
p3,B,254,246,0,h05,8205955662219549030
p3,C,35,104,361,h05,8205955662219549030
p3,Non-ROH,500,0,0,h05,8205955662219549030
p1,A,399,101,0,h05,8231051119178140570
p1,B,73,417,10,h05,8231051119178140570
p1,C,18,120,362,h05,8231051119178140570
p1,Non-ROH,500,0,0,h05,8231051119178140570
p2,A,472,28,0,h05,8231051119178140570
p2,B,139,361,0,h05,8231051119178140570
p2,C,17,174,309,h05,8231051119178140570
p2,Non-ROH,500,0,0,h05,8231051119178140570
p3,A,476,24,0,h05,8231051119178140570
p3,B,184,316,0,h05,8231051119178140570
p3,C,13,110,377,h05,8231051119178140570
p3,Non-ROH,500,0,0,h05,8231051119178140570
p1,A,457,43,0,h05,8234365436410764891
p1,B,104,383,13,h05,8234365436410764891
p1,C,23,124,353,h05,8234365436410764891
p1,Non-ROH,500,0,0,h05,8234365436410764891
p2,A,499,1,0,h05,8234365436410764891
p2,B,271,229,0,h05,8234365436410764891
p2,C,18,142,340,h05,8234365436410764891
p2,Non-ROH,500,0,0,h05,8234365436410764891
p3,A,498,2,0,h05,8234365436410764891
p3,B,291,209,0,h05,8234365436410764891
p3,C,11,109,380,h05,8234365436410764891
p3,Non-ROH,500,0,0,h05,8234365436410764891
p1,A,450,50,0,h05,8276803164960157305
p1,B,79,403,18,h05,8276803164960157305
p1,C,26,105,369,h05,8276803164960157305
p1,Non-ROH,500,0,0,h05,8276803164960157305
p2,A,487,13,0,h05,8276803164960157305
p2,B,199,301,0,h05,8276803164960157305
p2,C,12,119,369,h05,8276803164960157305
p2,Non-ROH,500,0,0,h05,8276803164960157305
p3,A,497,3,0,h05,8276803164960157305
p3,B,275,225,0,h05,8276803164960157305
p3,C,8,151,341,h05,8276803164960157305
p3,Non-ROH,500,0,0,h05,8276803164960157305
p1,A,460,40,0,h05,8279292073101695808
p1,B,121,364,15,h05,8279292073101695808
p1,C,33,97,370,h05,8279292073101695808
p1,Non-ROH,500,0,0,h05,8279292073101695808
p2,A,500,0,0,h05,8279292073101695808
p2,B,246,254,0,h05,8279292073101695808
p2,C,18,87,395,h05,8279292073101695808
p2,Non-ROH,500,0,0,h05,8279292073101695808
p3,A,499,1,0,h05,8279292073101695808
p3,B,341,159,0,h05,8279292073101695808
p3,C,25,100,375,h05,8279292073101695808
p3,Non-ROH,500,0,0,h05,8279292073101695808
p1,A,469,31,0,h05,8280936041857702321
p1,B,89,400,11,h05,8280936041857702321
p1,C,33,100,367,h05,8280936041857702321
p1,Non-ROH,500,0,0,h05,8280936041857702321
p2,A,500,0,0,h05,8280936041857702321
p2,B,225,275,0,h05,8280936041857702321
p2,C,19,94,387,h05,8280936041857702321
p2,Non-ROH,500,0,0,h05,8280936041857702321
p3,A,497,3,0,h05,8280936041857702321
p3,B,248,252,0,h05,8280936041857702321
p3,C,22,122,356,h05,8280936041857702321
p3,Non-ROH,500,0,0,h05,8280936041857702321
p1,A,414,86,0,h05,8281759776119406356
p1,B,78,406,16,h05,8281759776119406356
p1,C,21,107,372,h05,8281759776119406356
p1,Non-ROH,500,0,0,h05,8281759776119406356
p2,A,473,27,0,h05,8281759776119406356
p2,B,152,348,0,h05,8281759776119406356
p2,C,20,103,377,h05,8281759776119406356
p2,Non-ROH,500,0,0,h05,8281759776119406356
p3,A,469,31,0,h05,8281759776119406356
p3,B,170,330,0,h05,8281759776119406356
p3,C,8,94,398,h05,8281759776119406356
p3,Non-ROH,500,0,0,h05,8281759776119406356
p1,A,450,50,0,h05,8294241451103574004
p1,B,67,424,9,h05,8294241451103574004
p1,C,28,121,351,h05,8294241451103574004
p1,Non-ROH,500,0,0,h05,8294241451103574004
p2,A,491,9,0,h05,8294241451103574004
p2,B,153,347,0,h05,8294241451103574004
p2,C,6,183,311,h05,8294241451103574004
p2,Non-ROH,500,0,0,h05,8294241451103574004
p3,A,496,4,0,h05,8294241451103574004
p3,B,201,299,0,h05,8294241451103574004
p3,C,11,136,353,h05,8294241451103574004
p3,Non-ROH,500,0,0,h05,8294241451103574004
p1,A,463,37,0,h05,831196551623061231
p1,B,94,390,16,h05,831196551623061231
p1,C,29,107,364,h05,831196551623061231
p1,Non-ROH,500,0,0,h05,831196551623061231
p2,A,499,1,0,h05,831196551623061231
p2,B,244,256,0,h05,831196551623061231
p2,C,27,91,382,h05,831196551623061231
p2,Non-ROH,500,0,0,h05,831196551623061231
p3,A,500,0,0,h05,831196551623061231
p3,B,306,194,0,h05,831196551623061231
p3,C,32,121,347,h05,831196551623061231
p3,Non-ROH,500,0,0,h05,831196551623061231
p1,A,489,11,0,h05,8323163050576594498
p1,B,119,362,19,h05,8323163050576594498
p1,C,39,88,373,h05,8323163050576594498
p1,Non-ROH,500,0,0,h05,8323163050576594498
p2,A,500,0,0,h05,8323163050576594498
p2,B,299,201,0,h05,8323163050576594498
p2,C,28,105,367,h05,8323163050576594498
p2,Non-ROH,500,0,0,h05,8323163050576594498
p3,A,498,2,0,h05,8323163050576594498
p3,B,321,179,0,h05,8323163050576594498
p3,C,18,148,334,h05,8323163050576594498
p3,Non-ROH,500,0,0,h05,8323163050576594498
p1,A,450,50,0,h05,8381209423555594519
p1,B,100,390,10,h05,8381209423555594519
p1,C,28,113,359,h05,8381209423555594519
p1,Non-ROH,500,0,0,h05,8381209423555594519
p2,A,475,25,0,h05,8381209423555594519
p2,B,266,234,0,h05,8381209423555594519
p2,C,24,112,364,h05,8381209423555594519
p2,Non-ROH,500,0,0,h05,8381209423555594519
p3,A,490,10,0,h05,8381209423555594519
p3,B,275,225,0,h05,8381209423555594519
p3,C,19,117,364,h05,8381209423555594519
p3,Non-ROH,500,0,0,h05,8381209423555594519
p1,A,440,60,0,h05,8387972485611123846
p1,B,94,386,20,h05,8387972485611123846
p1,C,32,91,377,h05,8387972485611123846
p1,Non-ROH,500,0,0,h05,8387972485611123846
p2,A,499,1,0,h05,8387972485611123846
p2,B,265,235,0,h05,8387972485611123846
p2,C,24,112,364,h05,8387972485611123846
p2,Non-ROH,500,0,0,h05,8387972485611123846
p3,A,498,2,0,h05,8387972485611123846
p3,B,307,193,0,h05,8387972485611123846
p3,C,26,131,343,h05,8387972485611123846
p3,Non-ROH,500,0,0,h05,8387972485611123846
p1,A,436,64,0,h05,839727686575287168
p1,B,95,396,9,h05,839727686575287168
p1,C,27,106,367,h05,839727686575287168
p1,Non-ROH,500,0,0,h05,839727686575287168
p2,A,487,13,0,h05,839727686575287168
p2,B,184,316,0,h05,839727686575287168
p2,C,19,143,338,h05,839727686575287168
p2,Non-ROH,500,0,0,h05,839727686575287168
p3,A,497,3,0,h05,839727686575287168
p3,B,289,211,0,h05,839727686575287168
p3,C,12,127,361,h05,839727686575287168
p3,Non-ROH,500,0,0,h05,839727686575287168
p1,A,417,83,0,h05,8411104897201108463
p1,B,93,387,20,h05,8411104897201108463
p1,C,20,95,385,h05,8411104897201108463
p1,Non-ROH,500,0,0,h05,8411104897201108463
p2,A,483,17,0,h05,8411104897201108463
p2,B,203,297,0,h05,8411104897201108463
p2,C,13,112,375,h05,8411104897201108463
p2,Non-ROH,500,0,0,h05,8411104897201108463
p3,A,488,12,0,h05,8411104897201108463
p3,B,225,275,0,h05,8411104897201108463
p3,C,22,86,392,h05,8411104897201108463
p3,Non-ROH,500,0,0,h05,8411104897201108463
p1,A,390,110,0,h05,8421230191803540944
p1,B,90,389,21,h05,8421230191803540944
p1,C,26,99,375,h05,8421230191803540944
p1,Non-ROH,500,0,0,h05,8421230191803540944
p2,A,460,40,0,h05,8421230191803540944
p2,B,186,314,0,h05,8421230191803540944
p2,C,8,125,367,h05,8421230191803540944
p2,Non-ROH,500,0,0,h05,8421230191803540944
p3,A,467,33,0,h05,8421230191803540944
p3,B,248,252,0,h05,8421230191803540944
p3,C,8,123,369,h05,8421230191803540944
p3,Non-ROH,500,0,0,h05,8421230191803540944
p1,A,403,97,0,h05,8424666883640148607
p1,B,81,409,10,h05,8424666883640148607
p1,C,20,114,366,h05,8424666883640148607
p1,Non-ROH,500,0,0,h05,8424666883640148607
p2,A,462,38,0,h05,8424666883640148607
p2,B,225,275,0,h05,8424666883640148607
p2,C,16,167,317,h05,8424666883640148607
p2,Non-ROH,500,0,0,h05,8424666883640148607
p3,A,493,7,0,h05,8424666883640148607
p3,B,285,215,0,h05,8424666883640148607
p3,C,13,111,376,h05,8424666883640148607
p3,Non-ROH,500,0,0,h05,8424666883640148607
p1,A,400,100,0,h05,8427098655187780345
p1,B,48,440,12,h05,8427098655187780345
p1,C,17,121,362,h05,8427098655187780345
p1,Non-ROH,500,0,0,h05,8427098655187780345
p2,A,455,45,0,h05,8427098655187780345
p2,B,136,363,1,h05,8427098655187780345
p2,C,18,109,373,h05,8427098655187780345
p2,Non-ROH,500,0,0,h05,8427098655187780345
p3,A,469,31,0,h05,8427098655187780345
p3,B,173,327,0,h05,8427098655187780345
p3,C,11,149,340,h05,8427098655187780345
p3,Non-ROH,500,0,0,h05,8427098655187780345
p1,A,417,83,0,h05,8428763564114601506
p1,B,139,348,13,h05,8428763564114601506
p1,C,29,103,368,h05,8428763564114601506
p1,Non-ROH,500,0,0,h05,8428763564114601506
p2,A,481,19,0,h05,8428763564114601506
p2,B,216,284,0,h05,8428763564114601506
p2,C,17,155,328,h05,8428763564114601506
p2,Non-ROH,500,0,0,h05,8428763564114601506
p3,A,484,16,0,h05,8428763564114601506
p3,B,308,192,0,h05,8428763564114601506
p3,C,14,120,366,h05,8428763564114601506
p3,Non-ROH,500,0,0,h05,8428763564114601506
p1,A,449,51,0,h05,845645771187161554
p1,B,96,383,21,h05,845645771187161554
p1,C,37,90,373,h05,845645771187161554
p1,Non-ROH,500,0,0,h05,845645771187161554
p2,A,490,10,0,h05,845645771187161554
p2,B,223,277,0,h05,845645771187161554
p2,C,18,110,372,h05,845645771187161554
p2,Non-ROH,500,0,0,h05,845645771187161554
p3,A,494,6,0,h05,845645771187161554
p3,B,264,236,0,h05,845645771187161554
p3,C,14,99,387,h05,845645771187161554
p3,Non-ROH,500,0,0,h05,845645771187161554
p1,A,492,8,0,h05,8500106890460997578
p1,B,126,359,15,h05,8500106890460997578
p1,C,37,96,367,h05,8500106890460997578
p1,Non-ROH,500,0,0,h05,8500106890460997578
p2,A,499,1,0,h05,8500106890460997578
p2,B,244,256,0,h05,8500106890460997578
p2,C,18,98,384,h05,8500106890460997578
p2,Non-ROH,500,0,0,h05,8500106890460997578
p3,A,499,1,0,h05,8500106890460997578
p3,B,288,212,0,h05,8500106890460997578
p3,C,23,134,343,h05,8500106890460997578
p3,Non-ROH,500,0,0,h05,8500106890460997578
p1,A,469,31,0,h05,8528870719031707883
p1,B,94,394,12,h05,8528870719031707883
p1,C,27,97,376,h05,8528870719031707883
p1,Non-ROH,500,0,0,h05,8528870719031707883
p2,A,498,2,0,h05,8528870719031707883
p2,B,231,269,0,h05,8528870719031707883
p2,C,21,170,309,h05,8528870719031707883
p2,Non-ROH,500,0,0,h05,8528870719031707883
p3,A,492,8,0,h05,8528870719031707883
p3,B,265,235,0,h05,8528870719031707883
p3,C,13,151,336,h05,8528870719031707883
p3,Non-ROH,500,0,0,h05,8528870719031707883
p1,A,471,29,0,h05,8546011504781572604
p1,B,122,360,18,h05,8546011504781572604
p1,C,36,92,372,h05,8546011504781572604
p1,Non-ROH,500,0,0,h05,8546011504781572604
p2,A,495,5,0,h05,8546011504781572604
p2,B,305,195,0,h05,8546011504781572604
p2,C,20,109,371,h05,8546011504781572604
p2,Non-ROH,500,0,0,h05,8546011504781572604
p3,A,498,2,0,h05,8546011504781572604
p3,B,306,194,0,h05,8546011504781572604
p3,C,19,107,374,h05,8546011504781572604
p3,Non-ROH,500,0,0,h05,8546011504781572604
p1,A,467,33,0,h05,8555411596248810492
p1,B,111,372,17,h05,8555411596248810492
p1,C,30,97,373,h05,8555411596248810492
p1,Non-ROH,500,0,0,h05,8555411596248810492
p2,A,496,4,0,h05,8555411596248810492
p2,B,242,258,0,h05,8555411596248810492
p2,C,26,127,347,h05,8555411596248810492
p2,Non-ROH,500,0,0,h05,8555411596248810492
p3,A,500,0,0,h05,8555411596248810492
p3,B,248,252,0,h05,8555411596248810492
p3,C,18,144,338,h05,8555411596248810492
p3,Non-ROH,500,0,0,h05,8555411596248810492
p1,A,489,11,0,h05,8560227140097453607
p1,B,108,379,13,h05,8560227140097453607
p1,C,23,105,372,h05,8560227140097453607
p1,Non-ROH,500,0,0,h05,8560227140097453607
p2,A,496,4,0,h05,8560227140097453607
p2,B,261,239,0,h05,8560227140097453607
p2,C,26,129,345,h05,8560227140097453607
p2,Non-ROH,500,0,0,h05,8560227140097453607
p3,A,498,2,0,h05,8560227140097453607
p3,B,261,239,0,h05,8560227140097453607
p3,C,13,142,345,h05,8560227140097453607
p3,Non-ROH,500,0,0,h05,8560227140097453607
p1,A,474,26,0,h05,8594093329816328041
p1,B,97,390,13,h05,8594093329816328041
p1,C,20,106,374,h05,8594093329816328041
p1,Non-ROH,500,0,0,h05,8594093329816328041
p2,A,497,3,0,h05,8594093329816328041
p2,B,226,274,0,h05,8594093329816328041
p2,C,12,135,353,h05,8594093329816328041
p2,Non-ROH,500,0,0,h05,8594093329816328041
p3,A,499,1,0,h05,8594093329816328041
p3,B,281,219,0,h05,8594093329816328041
p3,C,15,170,315,h05,8594093329816328041
p3,Non-ROH,500,0,0,h05,8594093329816328041
p1,A,435,65,0,h05,859553486951519006
p1,B,102,381,17,h05,859553486951519006
p1,C,35,103,362,h05,859553486951519006
p1,Non-ROH,500,0,0,h05,859553486951519006
p2,A,500,0,0,h05,859553486951519006
p2,B,257,243,0,h05,859553486951519006
p2,C,19,82,399,h05,859553486951519006
p2,Non-ROH,500,0,0,h05,859553486951519006
p3,A,498,2,0,h05,859553486951519006
p3,B,277,223,0,h05,859553486951519006
p3,C,16,128,356,h05,859553486951519006
p3,Non-ROH,500,0,0,h05,859553486951519006
p1,A,462,38,0,h05,8646318340625091403
p1,B,119,370,11,h05,8646318340625091403
p1,C,32,94,374,h05,8646318340625091403
p1,Non-ROH,500,0,0,h05,8646318340625091403
p2,A,496,4,0,h05,8646318340625091403
p2,B,239,261,0,h05,8646318340625091403
p2,C,13,97,390,h05,8646318340625091403
p2,Non-ROH,500,0,0,h05,8646318340625091403
p3,A,500,0,0,h05,8646318340625091403
p3,B,362,138,0,h05,8646318340625091403
p3,C,21,139,340,h05,8646318340625091403
p3,Non-ROH,500,0,0,h05,8646318340625091403
p1,A,446,54,0,h05,8657466658496276441
p1,B,102,381,17,h05,8657466658496276441
p1,C,22,108,370,h05,8657466658496276441
p1,Non-ROH,500,0,0,h05,8657466658496276441
p2,A,486,14,0,h05,8657466658496276441
p2,B,177,323,0,h05,8657466658496276441
p2,C,10,92,398,h05,8657466658496276441
p2,Non-ROH,500,0,0,h05,8657466658496276441
p3,A,497,3,0,h05,8657466658496276441
p3,B,270,230,0,h05,8657466658496276441
p3,C,13,175,312,h05,8657466658496276441
p3,Non-ROH,500,0,0,h05,8657466658496276441
p1,A,441,59,0,h05,8683698783869719457
p1,B,100,392,8,h05,8683698783869719457
p1,C,20,94,386,h05,8683698783869719457
p1,Non-ROH,500,0,0,h05,8683698783869719457
p2,A,480,20,0,h05,8683698783869719457
p2,B,195,305,0,h05,8683698783869719457
p2,C,17,101,382,h05,8683698783869719457
p2,Non-ROH,500,0,0,h05,8683698783869719457
p3,A,481,19,0,h05,8683698783869719457
p3,B,268,232,0,h05,8683698783869719457
p3,C,22,119,359,h05,8683698783869719457
p3,Non-ROH,500,0,0,h05,8683698783869719457
p1,A,409,91,0,h05,8686948471766063294
p1,B,57,434,9,h05,8686948471766063294
p1,C,19,111,370,h05,8686948471766063294
p1,Non-ROH,500,0,0,h05,8686948471766063294
p2,A,466,34,0,h05,8686948471766063294
p2,B,144,356,0,h05,8686948471766063294
p2,C,13,111,376,h05,8686948471766063294
p2,Non-ROH,500,0,0,h05,8686948471766063294
p3,A,474,26,0,h05,8686948471766063294
p3,B,165,335,0,h05,8686948471766063294
p3,C,14,177,309,h05,8686948471766063294
p3,Non-ROH,500,0,0,h05,8686948471766063294
p1,A,430,70,0,h05,8698390962763588885
p1,B,76,411,13,h05,8698390962763588885
p1,C,24,127,349,h05,8698390962763588885
p1,Non-ROH,500,0,0,h05,8698390962763588885
p2,A,484,16,0,h05,8698390962763588885
p2,B,148,352,0,h05,8698390962763588885
p2,C,14,118,368,h05,8698390962763588885
p2,Non-ROH,500,0,0,h05,8698390962763588885
p3,A,489,11,0,h05,8698390962763588885
p3,B,200,300,0,h05,8698390962763588885
p3,C,9,152,339,h05,8698390962763588885
p3,Non-ROH,500,0,0,h05,8698390962763588885
p1,A,464,36,0,h05,8701198892612959469
p1,B,94,393,13,h05,8701198892612959469
p1,C,26,89,385,h05,8701198892612959469
p1,Non-ROH,500,0,0,h05,8701198892612959469
p2,A,499,1,0,h05,8701198892612959469
p2,B,211,289,0,h05,8701198892612959469
p2,C,17,146,337,h05,8701198892612959469
p2,Non-ROH,500,0,0,h05,8701198892612959469
p3,A,500,0,0,h05,8701198892612959469
p3,B,269,231,0,h05,8701198892612959469
p3,C,15,131,354,h05,8701198892612959469
p3,Non-ROH,500,0,0,h05,8701198892612959469
p1,A,449,51,0,h05,8701481152807228601
p1,B,88,403,9,h05,8701481152807228601
p1,C,15,114,371,h05,8701481152807228601
p1,Non-ROH,500,0,0,h05,8701481152807228601
p2,A,484,16,0,h05,8701481152807228601
p2,B,224,276,0,h05,8701481152807228601
p2,C,16,134,350,h05,8701481152807228601
p2,Non-ROH,500,0,0,h05,8701481152807228601
p3,A,495,5,0,h05,8701481152807228601
p3,B,240,260,0,h05,8701481152807228601
p3,C,19,94,387,h05,8701481152807228601
p3,Non-ROH,500,0,0,h05,8701481152807228601
p1,A,450,50,0,h05,8720359783257394599
p1,B,103,380,17,h05,8720359783257394599
p1,C,22,97,381,h05,8720359783257394599
p1,Non-ROH,500,0,0,h05,8720359783257394599
p2,A,490,10,0,h05,8720359783257394599
p2,B,199,301,0,h05,8720359783257394599
p2,C,20,133,347,h05,8720359783257394599
p2,Non-ROH,500,0,0,h05,8720359783257394599
p3,A,492,8,0,h05,8720359783257394599
p3,B,260,240,0,h05,8720359783257394599
p3,C,13,165,322,h05,8720359783257394599
p3,Non-ROH,500,0,0,h05,8720359783257394599
p1,A,435,65,0,h05,8729524276419458742
p1,B,80,406,14,h05,8729524276419458742
p1,C,22,108,370,h05,8729524276419458742
p1,Non-ROH,500,0,0,h05,8729524276419458742
p2,A,497,3,0,h05,8729524276419458742
p2,B,234,266,0,h05,8729524276419458742
p2,C,23,138,339,h05,8729524276419458742
p2,Non-ROH,500,0,0,h05,8729524276419458742
p3,A,497,3,0,h05,8729524276419458742
p3,B,261,239,0,h05,8729524276419458742
p3,C,17,97,386,h05,8729524276419458742
p3,Non-ROH,500,0,0,h05,8729524276419458742
p1,A,451,49,0,h05,8730090253537624701
p1,B,89,397,14,h05,8730090253537624701
p1,C,22,92,386,h05,8730090253537624701
p1,Non-ROH,500,0,0,h05,8730090253537624701
p2,A,490,10,0,h05,8730090253537624701
p2,B,232,268,0,h05,8730090253537624701
p2,C,18,91,391,h05,8730090253537624701
p2,Non-ROH,500,0,0,h05,8730090253537624701
p3,A,494,6,0,h05,8730090253537624701
p3,B,275,225,0,h05,8730090253537624701
p3,C,12,108,380,h05,8730090253537624701
p3,Non-ROH,500,0,0,h05,8730090253537624701
p1,A,457,43,0,h05,8746770271772577838
p1,B,130,359,11,h05,8746770271772577838
p1,C,24,94,382,h05,8746770271772577838
p1,Non-ROH,500,0,0,h05,8746770271772577838
p2,A,497,3,0,h05,8746770271772577838
p2,B,302,198,0,h05,8746770271772577838
p2,C,18,120,362,h05,8746770271772577838
p2,Non-ROH,500,0,0,h05,8746770271772577838
p3,A,496,4,0,h05,8746770271772577838
p3,B,308,192,0,h05,8746770271772577838
p3,C,20,113,367,h05,8746770271772577838
p3,Non-ROH,500,0,0,h05,8746770271772577838
p1,A,468,32,0,h05,876402258899938551
p1,B,90,395,15,h05,876402258899938551
p1,C,25,86,389,h05,876402258899938551
p1,Non-ROH,500,0,0,h05,876402258899938551
p2,A,499,1,0,h05,876402258899938551
p2,B,239,261,0,h05,876402258899938551
p2,C,21,122,357,h05,876402258899938551
p2,Non-ROH,500,0,0,h05,876402258899938551
p3,A,499,1,0,h05,876402258899938551
p3,B,314,186,0,h05,876402258899938551
p3,C,19,107,374,h05,876402258899938551
p3,Non-ROH,500,0,0,h05,876402258899938551
p1,A,489,11,0,h05,8777609553505757530
p1,B,105,386,9,h05,8777609553505757530
p1,C,31,92,377,h05,8777609553505757530
p1,Non-ROH,500,0,0,h05,8777609553505757530
p2,A,500,0,0,h05,8777609553505757530
p2,B,276,224,0,h05,8777609553505757530
p2,C,31,156,313,h05,8777609553505757530
p2,Non-ROH,500,0,0,h05,8777609553505757530
p3,A,500,0,0,h05,8777609553505757530
p3,B,294,206,0,h05,8777609553505757530
p3,C,13,153,334,h05,8777609553505757530
p3,Non-ROH,500,0,0,h05,8777609553505757530
p1,A,438,62,0,h05,8780703641827475216
p1,B,79,403,18,h05,8780703641827475216
p1,C,24,96,380,h05,8780703641827475216
p1,Non-ROH,500,0,0,h05,8780703641827475216
p2,A,491,9,0,h05,8780703641827475216
p2,B,187,313,0,h05,8780703641827475216
p2,C,13,148,339,h05,8780703641827475216
p2,Non-ROH,500,0,0,h05,8780703641827475216
p3,A,494,6,0,h05,8780703641827475216
p3,B,298,202,0,h05,8780703641827475216
p3,C,21,139,340,h05,8780703641827475216
p3,Non-ROH,500,0,0,h05,8780703641827475216
p1,A,465,35,0,h05,8802171469649364521
p1,B,93,393,14,h05,8802171469649364521
p1,C,36,94,370,h05,8802171469649364521
p1,Non-ROH,500,0,0,h05,8802171469649364521
p2,A,498,2,0,h05,8802171469649364521
p2,B,309,191,0,h05,8802171469649364521
p2,C,19,106,375,h05,8802171469649364521
p2,Non-ROH,500,0,0,h05,8802171469649364521
p3,A,500,0,0,h05,8802171469649364521
p3,B,332,168,0,h05,8802171469649364521
p3,C,12,111,377,h05,8802171469649364521
p3,Non-ROH,500,0,0,h05,8802171469649364521
p1,A,461,39,0,h05,8822248914057960763
p1,B,107,377,16,h05,8822248914057960763
p1,C,27,120,353,h05,8822248914057960763
p1,Non-ROH,500,0,0,h05,8822248914057960763
p2,A,496,4,0,h05,8822248914057960763
p2,B,269,231,0,h05,8822248914057960763
p2,C,15,185,300,h05,8822248914057960763
p2,Non-ROH,500,0,0,h05,8822248914057960763
p3,A,499,1,0,h05,8822248914057960763
p3,B,341,159,0,h05,8822248914057960763
p3,C,14,168,318,h05,8822248914057960763
p3,Non-ROH,500,0,0,h05,8822248914057960763
p1,A,468,32,0,h05,8871426415579442404
p1,B,108,373,19,h05,8871426415579442404
p1,C,26,114,360,h05,8871426415579442404
p1,Non-ROH,500,0,0,h05,8871426415579442404
p2,A,500,0,0,h05,8871426415579442404
p2,B,248,252,0,h05,8871426415579442404
p2,C,26,123,351,h05,8871426415579442404
p2,Non-ROH,500,0,0,h05,8871426415579442404
p3,A,499,1,0,h05,8871426415579442404
p3,B,244,256,0,h05,8871426415579442404
p3,C,13,126,361,h05,8871426415579442404
p3,Non-ROH,500,0,0,h05,8871426415579442404
p1,A,465,35,0,h05,8908194772766622485
p1,B,119,366,15,h05,8908194772766622485
p1,C,24,88,388,h05,8908194772766622485
p1,Non-ROH,500,0,0,h05,8908194772766622485
p2,A,488,12,0,h05,8908194772766622485
p2,B,223,277,0,h05,8908194772766622485
p2,C,16,80,404,h05,8908194772766622485
p2,Non-ROH,500,0,0,h05,8908194772766622485
p3,A,498,2,0,h05,8908194772766622485
p3,B,252,248,0,h05,8908194772766622485
p3,C,16,151,333,h05,8908194772766622485
p3,Non-ROH,500,0,0,h05,8908194772766622485
p1,A,444,56,0,h05,8938345698069309366
p1,B,177,312,11,h05,8938345698069309366
p1,C,29,94,377,h05,8938345698069309366
p1,Non-ROH,500,0,0,h05,8938345698069309366
p2,A,500,0,0,h05,8938345698069309366
p2,B,295,205,0,h05,8938345698069309366
p2,C,14,99,387,h05,8938345698069309366
p2,Non-ROH,500,0,0,h05,8938345698069309366
p3,A,497,3,0,h05,8938345698069309366
p3,B,346,154,0,h05,8938345698069309366
p3,C,17,127,356,h05,8938345698069309366
p3,Non-ROH,500,0,0,h05,8938345698069309366
p1,A,409,91,0,h05,8947885427583216599
p1,B,73,409,18,h05,8947885427583216599
p1,C,9,107,384,h05,8947885427583216599
p1,Non-ROH,500,0,0,h05,8947885427583216599
p2,A,484,16,0,h05,8947885427583216599
p2,B,247,253,0,h05,8947885427583216599
p2,C,19,144,337,h05,8947885427583216599
p2,Non-ROH,500,0,0,h05,8947885427583216599
p3,A,495,5,0,h05,8947885427583216599
p3,B,255,245,0,h05,8947885427583216599
p3,C,7,168,325,h05,8947885427583216599
p3,Non-ROH,500,0,0,h05,8947885427583216599
p1,A,446,54,0,h05,8952644029368289163
p1,B,143,340,17,h05,8952644029368289163
p1,C,30,121,349,h05,8952644029368289163
p1,Non-ROH,500,0,0,h05,8952644029368289163
p2,A,490,10,0,h05,8952644029368289163
p2,B,274,226,0,h05,8952644029368289163
p2,C,28,149,323,h05,8952644029368289163
p2,Non-ROH,500,0,0,h05,8952644029368289163
p3,A,492,8,0,h05,8952644029368289163
p3,B,395,105,0,h05,8952644029368289163
p3,C,17,126,357,h05,8952644029368289163
p3,Non-ROH,500,0,0,h05,8952644029368289163
p1,A,459,41,0,h05,8958853549996762177
p1,B,79,402,19,h05,8958853549996762177
p1,C,18,123,359,h05,8958853549996762177
p1,Non-ROH,500,0,0,h05,8958853549996762177
p2,A,498,2,0,h05,8958853549996762177
p2,B,234,266,0,h05,8958853549996762177
p2,C,9,118,373,h05,8958853549996762177
p2,Non-ROH,500,0,0,h05,8958853549996762177
p3,A,498,2,0,h05,8958853549996762177
p3,B,303,197,0,h05,8958853549996762177
p3,C,12,108,380,h05,8958853549996762177
p3,Non-ROH,500,0,0,h05,8958853549996762177
p1,A,453,47,0,h05,8963778252331415450
p1,B,109,378,13,h05,8963778252331415450
p1,C,17,95,388,h05,8963778252331415450
p1,Non-ROH,500,0,0,h05,8963778252331415450
p2,A,492,8,0,h05,8963778252331415450
p2,B,214,286,0,h05,8963778252331415450
p2,C,11,129,360,h05,8963778252331415450
p2,Non-ROH,500,0,0,h05,8963778252331415450
p3,A,495,5,0,h05,8963778252331415450
p3,B,302,198,0,h05,8963778252331415450
p3,C,8,142,350,h05,8963778252331415450
p3,Non-ROH,500,0,0,h05,8963778252331415450
p1,A,423,77,0,h05,8964390602618974280
p1,B,85,399,16,h05,8964390602618974280
p1,C,23,99,378,h05,8964390602618974280
p1,Non-ROH,500,0,0,h05,8964390602618974280
p2,A,492,8,0,h05,8964390602618974280
p2,B,190,310,0,h05,8964390602618974280
p2,C,19,115,366,h05,8964390602618974280
p2,Non-ROH,500,0,0,h05,8964390602618974280
p3,A,496,4,0,h05,8964390602618974280
p3,B,239,261,0,h05,8964390602618974280
p3,C,15,115,370,h05,8964390602618974280
p3,Non-ROH,500,0,0,h05,8964390602618974280
p1,A,412,88,0,h05,8979447912470564123
p1,B,53,432,15,h05,8979447912470564123
p1,C,20,115,365,h05,8979447912470564123
p1,Non-ROH,500,0,0,h05,8979447912470564123
p2,A,468,32,0,h05,8979447912470564123
p2,B,109,391,0,h05,8979447912470564123
p2,C,6,118,376,h05,8979447912470564123
p2,Non-ROH,500,0,0,h05,8979447912470564123
p3,A,475,25,0,h05,8979447912470564123
p3,B,149,351,0,h05,8979447912470564123
p3,C,10,128,362,h05,8979447912470564123
p3,Non-ROH,500,0,0,h05,8979447912470564123
p1,A,464,36,0,h05,8982671853758597525
p1,B,109,371,20,h05,8982671853758597525
p1,C,35,77,388,h05,8982671853758597525
p1,Non-ROH,500,0,0,h05,8982671853758597525
p2,A,497,3,0,h05,8982671853758597525
p2,B,228,272,0,h05,8982671853758597525
p2,C,12,95,393,h05,8982671853758597525
p2,Non-ROH,500,0,0,h05,8982671853758597525
p3,A,498,2,0,h05,8982671853758597525
p3,B,302,198,0,h05,8982671853758597525
p3,C,18,109,373,h05,8982671853758597525
p3,Non-ROH,500,0,0,h05,8982671853758597525
p1,A,396,104,0,h05,8992072124870367708
p1,B,75,408,17,h05,8992072124870367708
p1,C,14,122,364,h05,8992072124870367708
p1,Non-ROH,500,0,0,h05,8992072124870367708
p2,A,491,9,0,h05,8992072124870367708
p2,B,133,367,0,h05,8992072124870367708
p2,C,14,167,319,h05,8992072124870367708
p2,Non-ROH,500,0,0,h05,8992072124870367708
p3,A,497,3,0,h05,8992072124870367708
p3,B,215,285,0,h05,8992072124870367708
p3,C,13,177,310,h05,8992072124870367708
p3,Non-ROH,500,0,0,h05,8992072124870367708
p1,A,444,56,0,h05,8998319615032918245
p1,B,77,413,10,h05,8998319615032918245
p1,C,17,93,390,h05,8998319615032918245
p1,Non-ROH,500,0,0,h05,8998319615032918245
p2,A,486,14,0,h05,8998319615032918245
p2,B,223,277,0,h05,8998319615032918245
p2,C,24,146,330,h05,8998319615032918245
p2,Non-ROH,500,0,0,h05,8998319615032918245
p3,A,492,8,0,h05,8998319615032918245
p3,B,279,221,0,h05,8998319615032918245
p3,C,20,149,331,h05,8998319615032918245
p3,Non-ROH,500,0,0,h05,8998319615032918245
p1,A,424,76,0,h05,9031157274208818424
p1,B,65,421,14,h05,9031157274208818424
p1,C,18,105,377,h05,9031157274208818424
p1,Non-ROH,500,0,0,h05,9031157274208818424
p2,A,478,22,0,h05,9031157274208818424
p2,B,180,320,0,h05,9031157274208818424
p2,C,11,170,319,h05,9031157274208818424
p2,Non-ROH,500,0,0,h05,9031157274208818424
p3,A,489,11,0,h05,9031157274208818424
p3,B,221,279,0,h05,9031157274208818424
p3,C,14,152,334,h05,9031157274208818424
p3,Non-ROH,500,0,0,h05,9031157274208818424
p1,A,429,71,0,h05,9072033406375937098
p1,B,103,378,19,h05,9072033406375937098
p1,C,28,109,363,h05,9072033406375937098
p1,Non-ROH,500,0,0,h05,9072033406375937098
p2,A,488,12,0,h05,9072033406375937098
p2,B,245,255,0,h05,9072033406375937098
p2,C,18,123,359,h05,9072033406375937098
p2,Non-ROH,500,0,0,h05,9072033406375937098
p3,A,495,5,0,h05,9072033406375937098
p3,B,285,215,0,h05,9072033406375937098
p3,C,10,111,379,h05,9072033406375937098
p3,Non-ROH,500,0,0,h05,9072033406375937098
p1,A,482,18,0,h05,9073701853848177054
p1,B,96,394,10,h05,9073701853848177054
p1,C,33,108,359,h05,9073701853848177054
p1,Non-ROH,500,0,0,h05,9073701853848177054
p2,A,499,1,0,h05,9073701853848177054
p2,B,224,276,0,h05,9073701853848177054
p2,C,17,115,368,h05,9073701853848177054
p2,Non-ROH,500,0,0,h05,9073701853848177054
p3,A,499,1,0,h05,9073701853848177054
p3,B,278,222,0,h05,9073701853848177054
p3,C,14,183,303,h05,9073701853848177054
p3,Non-ROH,500,0,0,h05,9073701853848177054
p1,A,457,43,0,h05,9077553547053618809
p1,B,91,396,13,h05,9077553547053618809
p1,C,37,91,372,h05,9077553547053618809
p1,Non-ROH,500,0,0,h05,9077553547053618809
p2,A,499,1,0,h05,9077553547053618809
p2,B,236,264,0,h05,9077553547053618809
p2,C,16,99,385,h05,9077553547053618809
p2,Non-ROH,500,0,0,h05,9077553547053618809
p3,A,500,0,0,h05,9077553547053618809
p3,B,277,223,0,h05,9077553547053618809
p3,C,22,96,382,h05,9077553547053618809
p3,Non-ROH,500,0,0,h05,9077553547053618809
p1,A,440,60,0,h05,9091404105904698470
p1,B,67,417,16,h05,9091404105904698470
p1,C,30,101,369,h05,9091404105904698470
p1,Non-ROH,500,0,0,h05,9091404105904698470
p2,A,490,10,0,h05,9091404105904698470
p2,B,185,315,0,h05,9091404105904698470
p2,C,24,89,387,h05,9091404105904698470
p2,Non-ROH,500,0,0,h05,9091404105904698470
p3,A,494,6,0,h05,9091404105904698470
p3,B,244,256,0,h05,9091404105904698470
p3,C,12,103,385,h05,9091404105904698470
p3,Non-ROH,500,0,0,h05,9091404105904698470
p1,A,440,60,0,h05,9094635800883539673
p1,B,121,370,9,h05,9094635800883539673
p1,C,29,104,367,h05,9094635800883539673
p1,Non-ROH,500,0,0,h05,9094635800883539673
p2,A,487,13,0,h05,9094635800883539673
p2,B,227,273,0,h05,9094635800883539673
p2,C,19,160,321,h05,9094635800883539673
p2,Non-ROH,500,0,0,h05,9094635800883539673
p3,A,489,11,0,h05,9094635800883539673
p3,B,263,237,0,h05,9094635800883539673
p3,C,15,129,356,h05,9094635800883539673
p3,Non-ROH,500,0,0,h05,9094635800883539673
p1,A,408,92,0,h05,9095671929785691461
p1,B,75,410,15,h05,9095671929785691461
p1,C,21,98,381,h05,9095671929785691461
p1,Non-ROH,500,0,0,h05,9095671929785691461
p2,A,485,15,0,h05,9095671929785691461
p2,B,177,323,0,h05,9095671929785691461
p2,C,16,117,367,h05,9095671929785691461
p2,Non-ROH,500,0,0,h05,9095671929785691461
p3,A,485,15,0,h05,9095671929785691461
p3,B,203,297,0,h05,9095671929785691461
p3,C,7,136,357,h05,9095671929785691461
p3,Non-ROH,500,0,0,h05,9095671929785691461
p1,A,468,32,0,h05,9195153261481784320
p1,B,97,387,16,h05,9195153261481784320
p1,C,30,83,387,h05,9195153261481784320
p1,Non-ROH,500,0,0,h05,9195153261481784320
p2,A,491,9,0,h05,9195153261481784320
p2,B,213,287,0,h05,9195153261481784320
p2,C,21,105,374,h05,9195153261481784320
p2,Non-ROH,500,0,0,h05,9195153261481784320
p3,A,498,2,0,h05,9195153261481784320
p3,B,292,208,0,h05,9195153261481784320
p3,C,18,94,388,h05,9195153261481784320
p3,Non-ROH,500,0,0,h05,9195153261481784320
p1,A,466,34,0,h05,974142711462634409
p1,B,98,391,11,h05,974142711462634409
p1,C,20,94,386,h05,974142711462634409
p1,Non-ROH,500,0,0,h05,974142711462634409
p2,A,499,1,0,h05,974142711462634409
p2,B,256,243,1,h05,974142711462634409
p2,C,19,116,365,h05,974142711462634409
p2,Non-ROH,500,0,0,h05,974142711462634409
p3,A,499,1,0,h05,974142711462634409
p3,B,313,187,0,h05,974142711462634409
p3,C,22,170,308,h05,974142711462634409
p3,Non-ROH,500,0,0,h05,974142711462634409
p1,A,452,48,0,h10,1012618836326683912
p1,B,86,404,10,h10,1012618836326683912
p1,C,30,103,367,h10,1012618836326683912
p1,Non-ROH,500,0,0,h10,1012618836326683912
p2,A,494,6,0,h10,1012618836326683912
p2,B,209,291,0,h10,1012618836326683912
p2,C,16,136,348,h10,1012618836326683912
p2,Non-ROH,500,0,0,h10,1012618836326683912
p3,A,492,8,0,h10,1012618836326683912
p3,B,305,195,0,h10,1012618836326683912
p3,C,20,116,364,h10,1012618836326683912
p3,Non-ROH,500,0,0,h10,1012618836326683912
p1,A,459,41,0,h10,1026564289552693026
p1,B,94,389,17,h10,1026564289552693026
p1,C,25,78,397,h10,1026564289552693026
p1,Non-ROH,500,0,0,h10,1026564289552693026
p2,A,498,2,0,h10,1026564289552693026
p2,B,271,229,0,h10,1026564289552693026
p2,C,22,138,340,h10,1026564289552693026
p2,Non-ROH,500,0,0,h10,1026564289552693026
p3,A,499,1,0,h10,1026564289552693026
p3,B,288,212,0,h10,1026564289552693026
p3,C,9,123,368,h10,1026564289552693026
p3,Non-ROH,500,0,0,h10,1026564289552693026
p1,A,474,26,0,h10,1026958658037135184
p1,B,120,373,7,h10,1026958658037135184
p1,C,34,125,341,h10,1026958658037135184
p1,Non-ROH,500,0,0,h10,1026958658037135184
p2,A,494,6,0,h10,1026958658037135184
p2,B,266,234,0,h10,1026958658037135184
p2,C,15,79,406,h10,1026958658037135184
p2,Non-ROH,500,0,0,h10,1026958658037135184
p3,A,497,3,0,h10,1026958658037135184
p3,B,295,205,0,h10,1026958658037135184
p3,C,18,215,267,h10,1026958658037135184
p3,Non-ROH,500,0,0,h10,1026958658037135184
p1,A,475,25,0,h10,1048714029496110229
p1,B,91,398,11,h10,1048714029496110229
p1,C,35,104,361,h10,1048714029496110229
p1,Non-ROH,500,0,0,h10,1048714029496110229
p2,A,498,2,0,h10,1048714029496110229
p2,B,226,274,0,h10,1048714029496110229
p2,C,19,120,361,h10,1048714029496110229
p2,Non-ROH,500,0,0,h10,1048714029496110229
p3,A,499,1,0,h10,1048714029496110229
p3,B,273,226,1,h10,1048714029496110229
p3,C,23,116,361,h10,1048714029496110229
p3,Non-ROH,500,0,0,h10,1048714029496110229
p1,A,455,45,0,h10,1059147586327691307
p1,B,94,388,18,h10,1059147586327691307
p1,C,23,110,367,h10,1059147586327691307
p1,Non-ROH,500,0,0,h10,1059147586327691307
p2,A,491,9,0,h10,1059147586327691307
p2,B,164,336,0,h10,1059147586327691307
p2,C,19,110,371,h10,1059147586327691307
p2,Non-ROH,500,0,0,h10,1059147586327691307
p3,A,489,11,0,h10,1059147586327691307
p3,B,224,276,0,h10,1059147586327691307
p3,C,10,133,357,h10,1059147586327691307
p3,Non-ROH,500,0,0,h10,1059147586327691307
p1,A,479,21,0,h10,107017587312358064
p1,B,118,367,15,h10,107017587312358064
p1,C,41,75,384,h10,107017587312358064
p1,Non-ROH,500,0,0,h10,107017587312358064
p2,A,499,1,0,h10,107017587312358064
p2,B,264,236,0,h10,107017587312358064
p2,C,23,131,346,h10,107017587312358064
p2,Non-ROH,500,0,0,h10,107017587312358064
p3,A,498,2,0,h10,107017587312358064
p3,B,341,159,0,h10,107017587312358064
p3,C,27,94,379,h10,107017587312358064
p3,Non-ROH,500,0,0,h10,107017587312358064
p1,A,434,66,0,h10,1116551563473035952
p1,B,111,376,13,h10,1116551563473035952
p1,C,27,89,384,h10,1116551563473035952
p1,Non-ROH,500,0,0,h10,1116551563473035952
p2,A,486,14,0,h10,1116551563473035952
p2,B,229,271,0,h10,1116551563473035952
p2,C,16,98,386,h10,1116551563473035952
p2,Non-ROH,500,0,0,h10,1116551563473035952
p3,A,498,2,0,h10,1116551563473035952
p3,B,317,183,0,h10,1116551563473035952
p3,C,17,125,358,h10,1116551563473035952
p3,Non-ROH,500,0,0,h10,1116551563473035952
p1,A,471,29,0,h10,1151244692888941698
p1,B,132,360,8,h10,1151244692888941698
p1,C,33,104,363,h10,1151244692888941698
p1,Non-ROH,500,0,0,h10,1151244692888941698
p2,A,499,1,0,h10,1151244692888941698
p2,B,316,184,0,h10,1151244692888941698
p2,C,15,77,408,h10,1151244692888941698
p2,Non-ROH,500,0,0,h10,1151244692888941698
p3,A,499,1,0,h10,1151244692888941698
p3,B,325,175,0,h10,1151244692888941698
p3,C,16,108,376,h10,1151244692888941698
p3,Non-ROH,500,0,0,h10,1151244692888941698
p1,A,374,126,0,h10,1153989827650484475
p1,B,86,396,18,h10,1153989827650484475
p1,C,18,111,371,h10,1153989827650484475
p1,Non-ROH,500,0,0,h10,1153989827650484475
p2,A,490,10,0,h10,1153989827650484475
p2,B,223,276,1,h10,1153989827650484475
p2,C,15,139,346,h10,1153989827650484475
p2,Non-ROH,500,0,0,h10,1153989827650484475
p3,A,488,12,0,h10,1153989827650484475
p3,B,275,225,0,h10,1153989827650484475
p3,C,12,117,371,h10,1153989827650484475
p3,Non-ROH,500,0,0,h10,1153989827650484475
p1,A,457,43,0,h10,1157659746044055472
p1,B,108,383,9,h10,1157659746044055472
p1,C,37,101,362,h10,1157659746044055472
p1,Non-ROH,500,0,0,h10,1157659746044055472
p2,A,496,4,0,h10,1157659746044055472
p2,B,260,240,0,h10,1157659746044055472
p2,C,29,118,353,h10,1157659746044055472
p2,Non-ROH,500,0,0,h10,1157659746044055472
p3,A,495,5,0,h10,1157659746044055472
p3,B,339,161,0,h10,1157659746044055472
p3,C,28,104,368,h10,1157659746044055472
p3,Non-ROH,500,0,0,h10,1157659746044055472
p1,A,437,63,0,h10,1175073028833530932
p1,B,65,422,13,h10,1175073028833530932
p1,C,24,110,366,h10,1175073028833530932
p1,Non-ROH,500,0,0,h10,1175073028833530932
p2,A,485,15,0,h10,1175073028833530932
p2,B,171,329,0,h10,1175073028833530932
p2,C,10,122,368,h10,1175073028833530932
p2,Non-ROH,500,0,0,h10,1175073028833530932
p3,A,485,15,0,h10,1175073028833530932
p3,B,204,296,0,h10,1175073028833530932
p3,C,11,120,369,h10,1175073028833530932
p3,Non-ROH,500,0,0,h10,1175073028833530932
p1,A,376,124,0,h10,1176707235945229063
p1,B,71,412,17,h10,1176707235945229063
p1,C,10,99,391,h10,1176707235945229063
p1,Non-ROH,500,0,0,h10,1176707235945229063
p2,A,464,36,0,h10,1176707235945229063
p2,B,204,296,0,h10,1176707235945229063
p2,C,14,146,340,h10,1176707235945229063
p2,Non-ROH,500,0,0,h10,1176707235945229063
p3,A,493,7,0,h10,1176707235945229063
p3,B,263,237,0,h10,1176707235945229063
p3,C,13,160,327,h10,1176707235945229063
p3,Non-ROH,500,0,0,h10,1176707235945229063
p1,A,459,41,0,h10,1232030183765563702
p1,B,102,377,21,h10,1232030183765563702
p1,C,22,105,373,h10,1232030183765563702
p1,Non-ROH,500,0,0,h10,1232030183765563702
p2,A,499,1,0,h10,1232030183765563702
p2,B,197,303,0,h10,1232030183765563702
p2,C,22,133,345,h10,1232030183765563702
p2,Non-ROH,500,0,0,h10,1232030183765563702
p3,A,498,2,0,h10,1232030183765563702
p3,B,286,214,0,h10,1232030183765563702
p3,C,22,174,304,h10,1232030183765563702
p3,Non-ROH,500,0,0,h10,1232030183765563702
p1,A,395,105,0,h10,1235969967620143229
p1,B,67,421,12,h10,1235969967620143229
p1,C,25,89,386,h10,1235969967620143229
p1,Non-ROH,500,0,0,h10,1235969967620143229
p2,A,486,14,0,h10,1235969967620143229
p2,B,139,361,0,h10,1235969967620143229
p2,C,11,137,352,h10,1235969967620143229
p2,Non-ROH,500,0,0,h10,1235969967620143229
p3,A,492,8,0,h10,1235969967620143229
p3,B,224,276,0,h10,1235969967620143229
p3,C,16,168,316,h10,1235969967620143229
p3,Non-ROH,500,0,0,h10,1235969967620143229
p1,A,453,47,0,h10,124966211410855255
p1,B,87,384,29,h10,124966211410855255
p1,C,35,95,370,h10,124966211410855255
p1,Non-ROH,500,0,0,h10,124966211410855255
p2,A,487,13,0,h10,124966211410855255
p2,B,214,286,0,h10,124966211410855255
p2,C,17,127,356,h10,124966211410855255
p2,Non-ROH,500,0,0,h10,124966211410855255
p3,A,497,3,0,h10,124966211410855255
p3,B,217,283,0,h10,124966211410855255
p3,C,12,111,377,h10,124966211410855255
p3,Non-ROH,500,0,0,h10,124966211410855255
p1,A,451,49,0,h10,12585793717375436
p1,B,71,420,9,h10,12585793717375436
p1,C,23,100,377,h10,12585793717375436
p1,Non-ROH,500,0,0,h10,12585793717375436
p2,A,498,2,0,h10,12585793717375436
p2,B,178,322,0,h10,12585793717375436
p2,C,18,103,379,h10,12585793717375436
p2,Non-ROH,500,0,0,h10,12585793717375436
p3,A,489,11,0,h10,12585793717375436
p3,B,243,257,0,h10,12585793717375436
p3,C,15,123,362,h10,12585793717375436
p3,Non-ROH,500,0,0,h10,12585793717375436
p1,A,423,77,0,h10,1262797677683580703
p1,B,81,404,15,h10,1262797677683580703
p1,C,18,106,376,h10,1262797677683580703
p1,Non-ROH,500,0,0,h10,1262797677683580703
p2,A,478,22,0,h10,1262797677683580703
p2,B,232,268,0,h10,1262797677683580703
p2,C,17,111,372,h10,1262797677683580703
p2,Non-ROH,500,0,0,h10,1262797677683580703
p3,A,491,9,0,h10,1262797677683580703
p3,B,205,295,0,h10,1262797677683580703
p3,C,8,143,349,h10,1262797677683580703
p3,Non-ROH,500,0,0,h10,1262797677683580703
p1,A,450,50,0,h10,1292842379370415372
p1,B,100,390,10,h10,1292842379370415372
p1,C,22,118,360,h10,1292842379370415372
p1,Non-ROH,500,0,0,h10,1292842379370415372
p2,A,439,61,0,h10,1292842379370415372
p2,B,219,281,0,h10,1292842379370415372
p2,C,18,181,301,h10,1292842379370415372
p2,Non-ROH,500,0,0,h10,1292842379370415372
p3,A,483,17,0,h10,1292842379370415372
p3,B,248,252,0,h10,1292842379370415372
p3,C,21,123,356,h10,1292842379370415372
p3,Non-ROH,500,0,0,h10,1292842379370415372
p1,A,408,92,0,h10,1324106717765155468
p1,B,73,415,12,h10,1324106717765155468
p1,C,14,116,370,h10,1324106717765155468
p1,Non-ROH,500,0,0,h10,1324106717765155468
p2,A,494,6,0,h10,1324106717765155468
p2,B,193,307,0,h10,1324106717765155468
p2,C,17,106,377,h10,1324106717765155468
p2,Non-ROH,500,0,0,h10,1324106717765155468
p3,A,495,5,0,h10,1324106717765155468
p3,B,233,267,0,h10,1324106717765155468
p3,C,9,107,384,h10,1324106717765155468
p3,Non-ROH,500,0,0,h10,1324106717765155468
p1,A,446,54,0,h10,1325227854816930920
p1,B,97,392,11,h10,1325227854816930920
p1,C,19,138,343,h10,1325227854816930920
p1,Non-ROH,500,0,0,h10,1325227854816930920
p2,A,496,4,0,h10,1325227854816930920
p2,B,257,243,0,h10,1325227854816930920
p2,C,22,104,374,h10,1325227854816930920
p2,Non-ROH,500,0,0,h10,1325227854816930920
p3,A,482,18,0,h10,1325227854816930920
p3,B,236,264,0,h10,1325227854816930920
p3,C,9,107,384,h10,1325227854816930920
p3,Non-ROH,500,0,0,h10,1325227854816930920
p1,A,434,66,0,h10,1341658944922663820
p1,B,108,379,13,h10,1341658944922663820
p1,C,26,86,388,h10,1341658944922663820
p1,Non-ROH,500,0,0,h10,1341658944922663820
p2,A,484,16,0,h10,1341658944922663820
p2,B,241,259,0,h10,1341658944922663820
p2,C,24,132,344,h10,1341658944922663820
p2,Non-ROH,500,0,0,h10,1341658944922663820
p3,A,494,6,0,h10,1341658944922663820
p3,B,271,229,0,h10,1341658944922663820
p3,C,19,118,363,h10,1341658944922663820
p3,Non-ROH,500,0,0,h10,1341658944922663820
p1,A,407,93,0,h10,1342555950548395655
p1,B,60,416,24,h10,1342555950548395655
p1,C,23,112,365,h10,1342555950548395655
p1,Non-ROH,500,0,0,h10,1342555950548395655
p2,A,481,19,0,h10,1342555950548395655
p2,B,193,307,0,h10,1342555950548395655
p2,C,12,139,349,h10,1342555950548395655
p2,Non-ROH,500,0,0,h10,1342555950548395655
p3,A,475,25,0,h10,1342555950548395655
p3,B,187,313,0,h10,1342555950548395655
p3,C,18,130,352,h10,1342555950548395655
p3,Non-ROH,500,0,0,h10,1342555950548395655
p1,A,442,58,0,h10,1362976890963625099
p1,B,76,405,19,h10,1362976890963625099
p1,C,27,98,375,h10,1362976890963625099
p1,Non-ROH,500,0,0,h10,1362976890963625099
p2,A,493,7,0,h10,1362976890963625099
p2,B,195,305,0,h10,1362976890963625099
p2,C,10,129,361,h10,1362976890963625099
p2,Non-ROH,500,0,0,h10,1362976890963625099
p3,A,489,11,0,h10,1362976890963625099
p3,B,203,297,0,h10,1362976890963625099
p3,C,9,146,345,h10,1362976890963625099
p3,Non-ROH,500,0,0,h10,1362976890963625099
p1,A,365,135,0,h10,1367937539674468921
p1,B,81,401,18,h10,1367937539674468921
p1,C,21,112,367,h10,1367937539674468921
p1,Non-ROH,500,0,0,h10,1367937539674468921
p2,A,469,31,0,h10,1367937539674468921
p2,B,175,325,0,h10,1367937539674468921
p2,C,19,113,368,h10,1367937539674468921
p2,Non-ROH,500,0,0,h10,1367937539674468921
p3,A,491,9,0,h10,1367937539674468921
p3,B,198,302,0,h10,1367937539674468921
p3,C,13,145,342,h10,1367937539674468921
p3,Non-ROH,500,0,0,h10,1367937539674468921
p1,A,415,85,0,h10,1426162982195921554
p1,B,108,377,15,h10,1426162982195921554
p1,C,19,106,375,h10,1426162982195921554
p1,Non-ROH,500,0,0,h10,1426162982195921554
p2,A,484,16,0,h10,1426162982195921554
p2,B,199,301,0,h10,1426162982195921554
p2,C,16,94,390,h10,1426162982195921554
p2,Non-ROH,500,0,0,h10,1426162982195921554
p3,A,492,8,0,h10,1426162982195921554
p3,B,269,231,0,h10,1426162982195921554
p3,C,11,177,312,h10,1426162982195921554
p3,Non-ROH,500,0,0,h10,1426162982195921554
p1,A,445,55,0,h10,1430307755999799038
p1,B,95,394,11,h10,1430307755999799038
p1,C,24,99,377,h10,1430307755999799038
p1,Non-ROH,500,0,0,h10,1430307755999799038
p2,A,495,5,0,h10,1430307755999799038
p2,B,214,286,0,h10,1430307755999799038
p2,C,15,118,367,h10,1430307755999799038
p2,Non-ROH,500,0,0,h10,1430307755999799038
p3,A,499,1,0,h10,1430307755999799038
p3,B,286,214,0,h10,1430307755999799038
p3,C,18,155,327,h10,1430307755999799038
p3,Non-ROH,500,0,0,h10,1430307755999799038
p1,A,462,38,0,h10,1441771503623372442
p1,B,136,348,16,h10,1441771503623372442
p1,C,33,101,366,h10,1441771503623372442
p1,Non-ROH,500,0,0,h10,1441771503623372442
p2,A,497,3,0,h10,1441771503623372442
p2,B,305,195,0,h10,1441771503623372442
p2,C,22,89,389,h10,1441771503623372442
p2,Non-ROH,500,0,0,h10,1441771503623372442
p3,A,500,0,0,h10,1441771503623372442
p3,B,321,179,0,h10,1441771503623372442
p3,C,23,117,360,h10,1441771503623372442
p3,Non-ROH,500,0,0,h10,1441771503623372442
p1,A,414,86,0,h10,1443851936976180138
p1,B,85,405,10,h10,1443851936976180138
p1,C,20,120,360,h10,1443851936976180138
p1,Non-ROH,500,0,0,h10,1443851936976180138
p2,A,468,32,0,h10,1443851936976180138
p2,B,163,337,0,h10,1443851936976180138
p2,C,17,104,379,h10,1443851936976180138
p2,Non-ROH,500,0,0,h10,1443851936976180138
p3,A,470,30,0,h10,1443851936976180138
p3,B,226,274,0,h10,1443851936976180138
p3,C,9,155,336,h10,1443851936976180138
p3,Non-ROH,500,0,0,h10,1443851936976180138
p1,A,460,40,0,h10,1445419942631170083
p1,B,67,419,14,h10,1445419942631170083
p1,C,18,113,369,h10,1445419942631170083
p1,Non-ROH,500,0,0,h10,1445419942631170083
p2,A,488,12,0,h10,1445419942631170083
p2,B,216,284,0,h10,1445419942631170083
p2,C,18,120,362,h10,1445419942631170083
p2,Non-ROH,500,0,0,h10,1445419942631170083
p3,A,489,11,0,h10,1445419942631170083
p3,B,215,285,0,h10,1445419942631170083
p3,C,12,106,382,h10,1445419942631170083
p3,Non-ROH,500,0,0,h10,1445419942631170083
p1,A,451,49,0,h10,1445901201543432693
p1,B,93,389,18,h10,1445901201543432693
p1,C,25,109,366,h10,1445901201543432693
p1,Non-ROH,500,0,0,h10,1445901201543432693
p2,A,492,8,0,h10,1445901201543432693
p2,B,177,323,0,h10,1445901201543432693
p2,C,14,94,392,h10,1445901201543432693
p2,Non-ROH,500,0,0,h10,1445901201543432693
p3,A,493,7,0,h10,1445901201543432693
p3,B,218,282,0,h10,1445901201543432693
p3,C,16,115,369,h10,1445901201543432693
p3,Non-ROH,500,0,0,h10,1445901201543432693
p1,A,439,61,0,h10,1448547974085249144
p1,B,106,380,14,h10,1448547974085249144
p1,C,24,86,390,h10,1448547974085249144
p1,Non-ROH,500,0,0,h10,1448547974085249144
p2,A,495,5,0,h10,1448547974085249144
p2,B,267,233,0,h10,1448547974085249144
p2,C,24,74,402,h10,1448547974085249144
p2,Non-ROH,500,0,0,h10,1448547974085249144
p3,A,496,4,0,h10,1448547974085249144
p3,B,323,177,0,h10,1448547974085249144
p3,C,28,83,389,h10,1448547974085249144
p3,Non-ROH,500,0,0,h10,1448547974085249144
p1,A,460,40,0,h10,1509914642853444501
p1,B,105,385,10,h10,1509914642853444501
p1,C,36,103,361,h10,1509914642853444501
p1,Non-ROH,500,0,0,h10,1509914642853444501
p2,A,498,2,0,h10,1509914642853444501
p2,B,236,264,0,h10,1509914642853444501
p2,C,23,112,365,h10,1509914642853444501
p2,Non-ROH,500,0,0,h10,1509914642853444501
p3,A,498,2,0,h10,1509914642853444501
p3,B,309,191,0,h10,1509914642853444501
p3,C,25,107,368,h10,1509914642853444501
p3,Non-ROH,500,0,0,h10,1509914642853444501
p1,A,435,65,0,h10,1545277645358783464
p1,B,82,403,15,h10,1545277645358783464
p1,C,30,94,376,h10,1545277645358783464
p1,Non-ROH,500,0,0,h10,1545277645358783464
p2,A,496,4,0,h10,1545277645358783464
p2,B,233,267,0,h10,1545277645358783464
p2,C,19,127,354,h10,1545277645358783464
p2,Non-ROH,500,0,0,h10,1545277645358783464
p3,A,499,1,0,h10,1545277645358783464
p3,B,253,247,0,h10,1545277645358783464
p3,C,22,112,366,h10,1545277645358783464
p3,Non-ROH,500,0,0,h10,1545277645358783464
p1,A,432,68,0,h10,1549511113490125657
p1,B,69,410,21,h10,1549511113490125657
p1,C,25,101,374,h10,1549511113490125657
p1,Non-ROH,500,0,0,h10,1549511113490125657
p2,A,492,8,0,h10,1549511113490125657
p2,B,212,288,0,h10,1549511113490125657
p2,C,16,97,387,h10,1549511113490125657
p2,Non-ROH,500,0,0,h10,1549511113490125657
p3,A,496,4,0,h10,1549511113490125657
p3,B,240,260,0,h10,1549511113490125657
p3,C,8,197,295,h10,1549511113490125657
p3,Non-ROH,500,0,0,h10,1549511113490125657
p1,A,372,128,0,h10,154976249168926341
p1,B,66,415,19,h10,154976249168926341
p1,C,15,121,364,h10,154976249168926341
p1,Non-ROH,500,0,0,h10,154976249168926341
p2,A,459,41,0,h10,154976249168926341
p2,B,187,313,0,h10,154976249168926341
p2,C,13,128,359,h10,154976249168926341
p2,Non-ROH,500,0,0,h10,154976249168926341
p3,A,466,34,0,h10,154976249168926341
p3,B,217,283,0,h10,154976249168926341
p3,C,9,132,359,h10,154976249168926341
p3,Non-ROH,500,0,0,h10,154976249168926341
p1,A,419,81,0,h10,1552593388316938624
p1,B,77,403,20,h10,1552593388316938624
p1,C,22,118,360,h10,1552593388316938624
p1,Non-ROH,500,0,0,h10,1552593388316938624
p2,A,479,21,0,h10,1552593388316938624
p2,B,137,363,0,h10,1552593388316938624
p2,C,5,116,379,h10,1552593388316938624
p2,Non-ROH,500,0,0,h10,1552593388316938624
p3,A,479,21,0,h10,1552593388316938624
p3,B,205,295,0,h10,1552593388316938624
p3,C,12,108,380,h10,1552593388316938624
p3,Non-ROH,500,0,0,h10,1552593388316938624
p1,A,465,35,0,h10,1602855807995796450
p1,B,105,384,11,h10,1602855807995796450
p1,C,28,102,370,h10,1602855807995796450
p1,Non-ROH,500,0,0,h10,1602855807995796450
p2,A,485,15,0,h10,1602855807995796450
p2,B,254,246,0,h10,1602855807995796450
p2,C,17,100,383,h10,1602855807995796450
p2,Non-ROH,500,0,0,h10,1602855807995796450
p3,A,494,6,0,h10,1602855807995796450
p3,B,317,183,0,h10,1602855807995796450
p3,C,20,115,365,h10,1602855807995796450
p3,Non-ROH,500,0,0,h10,1602855807995796450
p1,A,482,18,0,h10,1669057736365589103
p1,B,105,377,18,h10,1669057736365589103
p1,C,29,91,380,h10,1669057736365589103
p1,Non-ROH,500,0,0,h10,1669057736365589103
p2,A,497,3,0,h10,1669057736365589103
p2,B,261,239,0,h10,1669057736365589103
p2,C,26,188,286,h10,1669057736365589103
p2,Non-ROH,500,0,0,h10,1669057736365589103
p3,A,499,1,0,h10,1669057736365589103
p3,B,350,150,0,h10,1669057736365589103
p3,C,15,171,314,h10,1669057736365589103
p3,Non-ROH,500,0,0,h10,1669057736365589103
p1,A,381,119,0,h10,1723238753758795348
p1,B,100,383,17,h10,1723238753758795348
p1,C,19,99,382,h10,1723238753758795348
p1,Non-ROH,500,0,0,h10,1723238753758795348
p2,A,488,12,0,h10,1723238753758795348
p2,B,298,201,1,h10,1723238753758795348
p2,C,16,152,332,h10,1723238753758795348
p2,Non-ROH,500,0,0,h10,1723238753758795348
p3,A,482,18,0,h10,1723238753758795348
p3,B,323,177,0,h10,1723238753758795348
p3,C,33,118,349,h10,1723238753758795348
p3,Non-ROH,500,0,0,h10,1723238753758795348
p1,A,479,21,0,h10,1725361983498964955
p1,B,126,361,13,h10,1725361983498964955
p1,C,37,95,368,h10,1725361983498964955
p1,Non-ROH,500,0,0,h10,1725361983498964955
p2,A,499,1,0,h10,1725361983498964955
p2,B,279,221,0,h10,1725361983498964955
p2,C,25,96,379,h10,1725361983498964955
p2,Non-ROH,500,0,0,h10,1725361983498964955
p3,A,500,0,0,h10,1725361983498964955
p3,B,321,179,0,h10,1725361983498964955
p3,C,18,127,355,h10,1725361983498964955
p3,Non-ROH,500,0,0,h10,1725361983498964955
p1,A,448,52,0,h10,1729008289816919154
p1,B,94,399,7,h10,1729008289816919154
p1,C,30,113,357,h10,1729008289816919154
p1,Non-ROH,500,0,0,h10,1729008289816919154
p2,A,494,6,0,h10,1729008289816919154
p2,B,207,293,0,h10,1729008289816919154
p2,C,10,142,348,h10,1729008289816919154
p2,Non-ROH,500,0,0,h10,1729008289816919154
p3,A,485,15,0,h10,1729008289816919154
p3,B,254,246,0,h10,1729008289816919154
p3,C,24,137,339,h10,1729008289816919154
p3,Non-ROH,500,0,0,h10,1729008289816919154
p1,A,480,20,0,h10,1743245726827303525
p1,B,124,364,12,h10,1743245726827303525
p1,C,18,91,391,h10,1743245726827303525
p1,Non-ROH,500,0,0,h10,1743245726827303525
p2,A,497,3,0,h10,1743245726827303525
p2,B,287,213,0,h10,1743245726827303525
p2,C,23,137,340,h10,1743245726827303525
p2,Non-ROH,500,0,0,h10,1743245726827303525
p3,A,500,0,0,h10,1743245726827303525
p3,B,376,124,0,h10,1743245726827303525
p3,C,24,138,338,h10,1743245726827303525
p3,Non-ROH,500,0,0,h10,1743245726827303525
p1,A,425,75,0,h10,1755703797568845287
p1,B,93,390,17,h10,1755703797568845287
p1,C,33,100,367,h10,1755703797568845287
p1,Non-ROH,500,0,0,h10,1755703797568845287
p2,A,477,23,0,h10,1755703797568845287
p2,B,259,241,0,h10,1755703797568845287
p2,C,31,114,355,h10,1755703797568845287
p2,Non-ROH,500,0,0,h10,1755703797568845287
p3,A,492,8,0,h10,1755703797568845287
p3,B,276,224,0,h10,1755703797568845287
p3,C,22,109,369,h10,1755703797568845287
p3,Non-ROH,500,0,0,h10,1755703797568845287
p1,A,453,47,0,h10,1778004071931966452
p1,B,75,412,13,h10,1778004071931966452
p1,C,20,104,376,h10,1778004071931966452
p1,Non-ROH,500,0,0,h10,1778004071931966452
p2,A,490,10,0,h10,1778004071931966452
p2,B,196,304,0,h10,1778004071931966452
p2,C,20,93,387,h10,1778004071931966452
p2,Non-ROH,500,0,0,h10,1778004071931966452
p3,A,496,4,0,h10,1778004071931966452
p3,B,275,225,0,h10,1778004071931966452
p3,C,15,108,377,h10,1778004071931966452
p3,Non-ROH,500,0,0,h10,1778004071931966452
p1,A,482,18,0,h10,1778278019751840967
p1,B,109,380,11,h10,1778278019751840967
p1,C,28,110,362,h10,1778278019751840967
p1,Non-ROH,500,0,0,h10,1778278019751840967
p2,A,497,3,0,h10,1778278019751840967
p2,B,277,223,0,h10,1778278019751840967
p2,C,24,112,364,h10,1778278019751840967
p2,Non-ROH,500,0,0,h10,1778278019751840967
p3,A,498,2,0,h10,1778278019751840967
p3,B,315,185,0,h10,1778278019751840967
p3,C,25,145,330,h10,1778278019751840967
p3,Non-ROH,500,0,0,h10,1778278019751840967
p1,A,453,47,0,h10,1787581137280623868
p1,B,107,379,14,h10,1787581137280623868
p1,C,22,110,368,h10,1787581137280623868
p1,Non-ROH,500,0,0,h10,1787581137280623868
p2,A,490,10,0,h10,1787581137280623868
p2,B,208,292,0,h10,1787581137280623868
p2,C,18,109,373,h10,1787581137280623868
p2,Non-ROH,500,0,0,h10,1787581137280623868
p3,A,499,1,0,h10,1787581137280623868
p3,B,335,165,0,h10,1787581137280623868
p3,C,16,125,359,h10,1787581137280623868
p3,Non-ROH,500,0,0,h10,1787581137280623868
p1,A,427,73,0,h10,1789307750411376887
p1,B,82,404,14,h10,1789307750411376887
p1,C,27,109,364,h10,1789307750411376887
p1,Non-ROH,500,0,0,h10,1789307750411376887
p2,A,472,28,0,h10,1789307750411376887
p2,B,193,307,0,h10,1789307750411376887
p2,C,21,114,365,h10,1789307750411376887
p2,Non-ROH,500,0,0,h10,1789307750411376887
p3,A,493,7,0,h10,1789307750411376887
p3,B,299,201,0,h10,1789307750411376887
p3,C,11,101,388,h10,1789307750411376887
p3,Non-ROH,500,0,0,h10,1789307750411376887
p1,A,441,59,0,h10,1835495332622025351
p1,B,102,384,14,h10,1835495332622025351
p1,C,19,105,376,h10,1835495332622025351
p1,Non-ROH,500,0,0,h10,1835495332622025351
p2,A,490,10,0,h10,1835495332622025351
p2,B,196,304,0,h10,1835495332622025351
p2,C,15,101,384,h10,1835495332622025351
p2,Non-ROH,500,0,0,h10,1835495332622025351
p3,A,483,17,0,h10,1835495332622025351
p3,B,269,231,0,h10,1835495332622025351
p3,C,12,116,372,h10,1835495332622025351
p3,Non-ROH,500,0,0,h10,1835495332622025351
p1,A,432,68,0,h10,1848446807853635934
p1,B,124,363,13,h10,1848446807853635934
p1,C,35,98,367,h10,1848446807853635934
p1,Non-ROH,500,0,0,h10,1848446807853635934
p2,A,490,10,0,h10,1848446807853635934
p2,B,231,269,0,h10,1848446807853635934
p2,C,28,122,350,h10,1848446807853635934
p2,Non-ROH,500,0,0,h10,1848446807853635934
p3,A,493,7,0,h10,1848446807853635934
p3,B,285,215,0,h10,1848446807853635934
p3,C,19,174,307,h10,1848446807853635934
p3,Non-ROH,500,0,0,h10,1848446807853635934
p1,A,337,163,0,h10,188669567936463757
p1,B,91,394,15,h10,188669567936463757
p1,C,18,90,392,h10,188669567936463757
p1,Non-ROH,500,0,0,h10,188669567936463757
p2,A,452,48,0,h10,188669567936463757
p2,B,186,314,0,h10,188669567936463757
p2,C,29,134,337,h10,188669567936463757
p2,Non-ROH,500,0,0,h10,188669567936463757
p3,A,485,15,0,h10,188669567936463757
p3,B,291,209,0,h10,188669567936463757
p3,C,29,92,379,h10,188669567936463757
p3,Non-ROH,500,0,0,h10,188669567936463757
p1,A,404,96,0,h10,1891693020442965712
p1,B,121,362,17,h10,1891693020442965712
p1,C,26,98,376,h10,1891693020442965712
p1,Non-ROH,500,0,0,h10,1891693020442965712
p2,A,491,9,0,h10,1891693020442965712
p2,B,279,221,0,h10,1891693020442965712
p2,C,15,108,377,h10,1891693020442965712
p2,Non-ROH,500,0,0,h10,1891693020442965712
p3,A,486,14,0,h10,1891693020442965712
p3,B,265,235,0,h10,1891693020442965712
p3,C,6,131,363,h10,1891693020442965712
p3,Non-ROH,500,0,0,h10,1891693020442965712
p1,A,459,41,0,h10,18979846889525186
p1,B,170,323,7,h10,18979846889525186
p1,C,32,112,356,h10,18979846889525186
p1,Non-ROH,500,0,0,h10,18979846889525186
p2,A,490,10,0,h10,18979846889525186
p2,B,293,207,0,h10,18979846889525186
p2,C,36,137,327,h10,18979846889525186
p2,Non-ROH,500,0,0,h10,18979846889525186
p3,A,487,13,0,h10,18979846889525186
p3,B,345,155,0,h10,18979846889525186
p3,C,24,143,333,h10,18979846889525186
p3,Non-ROH,500,0,0,h10,18979846889525186
p1,A,402,98,0,h10,1902011476580300920
p1,B,73,408,19,h10,1902011476580300920
p1,C,32,112,356,h10,1902011476580300920
p1,Non-ROH,500,0,0,h10,1902011476580300920
p2,A,467,33,0,h10,1902011476580300920
p2,B,207,293,0,h10,1902011476580300920
p2,C,34,119,347,h10,1902011476580300920
p2,Non-ROH,500,0,0,h10,1902011476580300920
p3,A,494,6,0,h10,1902011476580300920
p3,B,274,226,0,h10,1902011476580300920
p3,C,24,166,310,h10,1902011476580300920
p3,Non-ROH,500,0,0,h10,1902011476580300920
p1,A,459,41,0,h10,1910055771298086959
p1,B,87,397,16,h10,1910055771298086959
p1,C,25,106,369,h10,1910055771298086959
p1,Non-ROH,500,0,0,h10,1910055771298086959
p2,A,498,2,0,h10,1910055771298086959
p2,B,191,309,0,h10,1910055771298086959
p2,C,21,88,391,h10,1910055771298086959
p2,Non-ROH,500,0,0,h10,1910055771298086959
p3,A,500,0,0,h10,1910055771298086959
p3,B,297,203,0,h10,1910055771298086959
p3,C,33,95,372,h10,1910055771298086959
p3,Non-ROH,500,0,0,h10,1910055771298086959
p1,A,402,98,0,h10,1942850984822029135
p1,B,94,395,11,h10,1942850984822029135
p1,C,29,100,371,h10,1942850984822029135
p1,Non-ROH,500,0,0,h10,1942850984822029135
p2,A,490,10,0,h10,1942850984822029135
p2,B,195,305,0,h10,1942850984822029135
p2,C,32,133,335,h10,1942850984822029135
p2,Non-ROH,500,0,0,h10,1942850984822029135
p3,A,498,2,0,h10,1942850984822029135
p3,B,234,266,0,h10,1942850984822029135
p3,C,40,99,361,h10,1942850984822029135
p3,Non-ROH,500,0,0,h10,1942850984822029135
p1,A,442,58,0,h10,1960685429726741693
p1,B,68,414,18,h10,1960685429726741693
p1,C,25,92,383,h10,1960685429726741693
p1,Non-ROH,500,0,0,h10,1960685429726741693
p2,A,487,13,0,h10,1960685429726741693
p2,B,187,313,0,h10,1960685429726741693
p2,C,22,84,394,h10,1960685429726741693
p2,Non-ROH,500,0,0,h10,1960685429726741693
p3,A,488,12,0,h10,1960685429726741693
p3,B,206,294,0,h10,1960685429726741693
p3,C,9,156,335,h10,1960685429726741693
p3,Non-ROH,500,0,0,h10,1960685429726741693
p1,A,446,54,0,h10,1963097838898246514
p1,B,63,416,21,h10,1963097838898246514
p1,C,19,106,375,h10,1963097838898246514
p1,Non-ROH,500,0,0,h10,1963097838898246514
p2,A,461,39,0,h10,1963097838898246514
p2,B,204,296,0,h10,1963097838898246514
p2,C,14,103,383,h10,1963097838898246514
p2,Non-ROH,500,0,0,h10,1963097838898246514
p3,A,486,14,0,h10,1963097838898246514
p3,B,270,230,0,h10,1963097838898246514
p3,C,14,117,369,h10,1963097838898246514
p3,Non-ROH,500,0,0,h10,1963097838898246514
p1,A,422,78,0,h10,1989200961355284090
p1,B,83,404,13,h10,1989200961355284090
p1,C,17,94,389,h10,1989200961355284090
p1,Non-ROH,500,0,0,h10,1989200961355284090
p2,A,489,11,0,h10,1989200961355284090
p2,B,213,287,0,h10,1989200961355284090
p2,C,22,97,381,h10,1989200961355284090
p2,Non-ROH,500,0,0,h10,1989200961355284090
p3,A,500,0,0,h10,1989200961355284090
p3,B,196,304,0,h10,1989200961355284090
p3,C,19,99,382,h10,1989200961355284090
p3,Non-ROH,500,0,0,h10,1989200961355284090
p1,A,409,91,0,h10,2067970342924480294
p1,B,74,411,15,h10,2067970342924480294
p1,C,33,93,374,h10,2067970342924480294
p1,Non-ROH,500,0,0,h10,2067970342924480294
p2,A,482,18,0,h10,2067970342924480294
p2,B,178,322,0,h10,2067970342924480294
p2,C,15,135,350,h10,2067970342924480294
p2,Non-ROH,500,0,0,h10,2067970342924480294
p3,A,488,12,0,h10,2067970342924480294
p3,B,234,266,0,h10,2067970342924480294
p3,C,18,130,352,h10,2067970342924480294
p3,Non-ROH,500,0,0,h10,2067970342924480294
p1,A,456,44,0,h10,2086079987907891091
p1,B,80,403,17,h10,2086079987907891091
p1,C,21,115,364,h10,2086079987907891091
p1,Non-ROH,500,0,0,h10,2086079987907891091
p2,A,492,8,0,h10,2086079987907891091
p2,B,171,329,0,h10,2086079987907891091
p2,C,20,125,355,h10,2086079987907891091
p2,Non-ROH,500,0,0,h10,2086079987907891091
p3,A,499,1,0,h10,2086079987907891091
p3,B,247,253,0,h10,2086079987907891091
p3,C,14,122,364,h10,2086079987907891091
p3,Non-ROH,500,0,0,h10,2086079987907891091
p1,A,461,39,0,h10,2088317823166026460
p1,B,119,375,6,h10,2088317823166026460
p1,C,33,141,326,h10,2088317823166026460
p1,Non-ROH,500,0,0,h10,2088317823166026460
p2,A,486,14,0,h10,2088317823166026460
p2,B,214,285,1,h10,2088317823166026460
p2,C,19,107,374,h10,2088317823166026460
p2,Non-ROH,500,0,0,h10,2088317823166026460
p3,A,492,8,0,h10,2088317823166026460
p3,B,282,218,0,h10,2088317823166026460
p3,C,18,100,382,h10,2088317823166026460
p3,Non-ROH,500,0,0,h10,2088317823166026460
p1,A,442,58,0,h10,2120015333636602866
p1,B,90,391,19,h10,2120015333636602866
p1,C,28,106,366,h10,2120015333636602866
p1,Non-ROH,500,0,0,h10,2120015333636602866
p2,A,475,25,0,h10,2120015333636602866
p2,B,199,301,0,h10,2120015333636602866
p2,C,15,107,378,h10,2120015333636602866
p2,Non-ROH,500,0,0,h10,2120015333636602866
p3,A,490,10,0,h10,2120015333636602866
p3,B,250,250,0,h10,2120015333636602866
p3,C,15,118,367,h10,2120015333636602866
p3,Non-ROH,500,0,0,h10,2120015333636602866
p1,A,434,66,0,h10,213435615966778079
p1,B,76,409,15,h10,213435615966778079
p1,C,26,105,369,h10,213435615966778079
p1,Non-ROH,500,0,0,h10,213435615966778079
p2,A,489,11,0,h10,213435615966778079
p2,B,180,320,0,h10,213435615966778079
p2,C,16,156,328,h10,213435615966778079
p2,Non-ROH,500,0,0,h10,213435615966778079
p3,A,494,6,0,h10,213435615966778079
p3,B,213,287,0,h10,213435615966778079
p3,C,14,121,365,h10,213435615966778079
p3,Non-ROH,500,0,0,h10,213435615966778079
p1,A,424,76,0,h10,214858307029431604
p1,B,77,408,15,h10,214858307029431604
p1,C,21,104,375,h10,214858307029431604
p1,Non-ROH,500,0,0,h10,214858307029431604
p2,A,494,6,0,h10,214858307029431604
p2,B,204,296,0,h10,214858307029431604
p2,C,17,116,367,h10,214858307029431604
p2,Non-ROH,500,0,0,h10,214858307029431604
p3,A,495,5,0,h10,214858307029431604
p3,B,244,256,0,h10,214858307029431604
p3,C,15,137,348,h10,214858307029431604
p3,Non-ROH,500,0,0,h10,214858307029431604
p1,A,461,39,0,h10,2157168057173588686
p1,B,94,388,18,h10,2157168057173588686
p1,C,30,101,369,h10,2157168057173588686
p1,Non-ROH,500,0,0,h10,2157168057173588686
p2,A,498,2,0,h10,2157168057173588686
p2,B,228,272,0,h10,2157168057173588686
p2,C,47,102,351,h10,2157168057173588686
p2,Non-ROH,500,0,0,h10,2157168057173588686
p3,A,497,3,0,h10,2157168057173588686
p3,B,267,233,0,h10,2157168057173588686
p3,C,31,101,368,h10,2157168057173588686
p3,Non-ROH,500,0,0,h10,2157168057173588686
p1,A,457,43,0,h10,2170046573815725772
p1,B,119,364,17,h10,2170046573815725772
p1,C,28,104,368,h10,2170046573815725772
p1,Non-ROH,500,0,0,h10,2170046573815725772
p2,A,495,5,0,h10,2170046573815725772
p2,B,351,149,0,h10,2170046573815725772
p2,C,29,154,317,h10,2170046573815725772
p2,Non-ROH,500,0,0,h10,2170046573815725772
p3,A,497,3,0,h10,2170046573815725772
p3,B,333,167,0,h10,2170046573815725772
p3,C,18,185,297,h10,2170046573815725772
p3,Non-ROH,500,0,0,h10,2170046573815725772
p1,A,438,62,0,h10,2180760889923183150
p1,B,68,417,15,h10,2180760889923183150
p1,C,41,100,359,h10,2180760889923183150
p1,Non-ROH,500,0,0,h10,2180760889923183150
p2,A,478,22,0,h10,2180760889923183150
p2,B,174,326,0,h10,2180760889923183150
p2,C,34,126,340,h10,2180760889923183150
p2,Non-ROH,500,0,0,h10,2180760889923183150
p3,A,493,7,0,h10,2180760889923183150
p3,B,200,300,0,h10,2180760889923183150
p3,C,45,105,350,h10,2180760889923183150
p3,Non-ROH,500,0,0,h10,2180760889923183150
p1,A,452,48,0,h10,2205178927185015817
p1,B,104,377,19,h10,2205178927185015817
p1,C,29,114,357,h10,2205178927185015817
p1,Non-ROH,500,0,0,h10,2205178927185015817
p2,A,495,5,0,h10,2205178927185015817
p2,B,245,255,0,h10,2205178927185015817
p2,C,17,81,402,h10,2205178927185015817
p2,Non-ROH,500,0,0,h10,2205178927185015817
p3,A,499,1,0,h10,2205178927185015817
p3,B,300,200,0,h10,2205178927185015817
p3,C,20,141,339,h10,2205178927185015817
p3,Non-ROH,500,0,0,h10,2205178927185015817
p1,A,456,44,0,h10,2245925325132679270
p1,B,124,357,19,h10,2245925325132679270
p1,C,30,105,365,h10,2245925325132679270
p1,Non-ROH,500,0,0,h10,2245925325132679270
p2,A,493,7,0,h10,2245925325132679270
p2,B,270,230,0,h10,2245925325132679270
p2,C,14,135,351,h10,2245925325132679270
p2,Non-ROH,500,0,0,h10,2245925325132679270
p3,A,490,10,0,h10,2245925325132679270
p3,B,281,219,0,h10,2245925325132679270
p3,C,18,121,361,h10,2245925325132679270
p3,Non-ROH,500,0,0,h10,2245925325132679270
p1,A,467,33,0,h10,2281994803326665267
p1,B,86,393,21,h10,2281994803326665267
p1,C,24,111,365,h10,2281994803326665267
p1,Non-ROH,500,0,0,h10,2281994803326665267
p2,A,493,7,0,h10,2281994803326665267
p2,B,205,295,0,h10,2281994803326665267
p2,C,33,208,259,h10,2281994803326665267
p2,Non-ROH,500,0,0,h10,2281994803326665267
p3,A,497,3,0,h10,2281994803326665267
p3,B,237,263,0,h10,2281994803326665267
p3,C,35,80,385,h10,2281994803326665267
p3,Non-ROH,500,0,0,h10,2281994803326665267
p1,A,444,56,0,h10,2287414817159536582
p1,B,77,405,18,h10,2287414817159536582
p1,C,18,82,400,h10,2287414817159536582
p1,Non-ROH,500,0,0,h10,2287414817159536582
p2,A,466,34,0,h10,2287414817159536582
p2,B,198,302,0,h10,2287414817159536582
p2,C,13,111,376,h10,2287414817159536582
p2,Non-ROH,500,0,0,h10,2287414817159536582
p3,A,493,7,0,h10,2287414817159536582
p3,B,265,235,0,h10,2287414817159536582
p3,C,20,110,370,h10,2287414817159536582
p3,Non-ROH,500,0,0,h10,2287414817159536582
p1,A,453,47,0,h10,2296001920092644526
p1,B,108,376,16,h10,2296001920092644526
p1,C,23,115,362,h10,2296001920092644526
p1,Non-ROH,500,0,0,h10,2296001920092644526
p2,A,495,5,0,h10,2296001920092644526
p2,B,261,239,0,h10,2296001920092644526
p2,C,17,133,350,h10,2296001920092644526
p2,Non-ROH,500,0,0,h10,2296001920092644526
p3,A,493,7,0,h10,2296001920092644526
p3,B,275,225,0,h10,2296001920092644526
p3,C,19,153,328,h10,2296001920092644526
p3,Non-ROH,500,0,0,h10,2296001920092644526
p1,A,446,54,0,h10,2297310092502383377
p1,B,71,417,12,h10,2297310092502383377
p1,C,17,106,377,h10,2297310092502383377
p1,Non-ROH,500,0,0,h10,2297310092502383377
p2,A,494,6,0,h10,2297310092502383377
p2,B,210,290,0,h10,2297310092502383377
p2,C,14,103,383,h10,2297310092502383377
p2,Non-ROH,500,0,0,h10,2297310092502383377
p3,A,497,3,0,h10,2297310092502383377
p3,B,244,256,0,h10,2297310092502383377
p3,C,10,113,377,h10,2297310092502383377
p3,Non-ROH,500,0,0,h10,2297310092502383377
p1,A,406,94,0,h10,2299066120733924076
p1,B,81,402,17,h10,2299066120733924076
p1,C,20,107,373,h10,2299066120733924076
p1,Non-ROH,500,0,0,h10,2299066120733924076
p2,A,476,24,0,h10,2299066120733924076
p2,B,142,358,0,h10,2299066120733924076
p2,C,12,105,383,h10,2299066120733924076
p2,Non-ROH,500,0,0,h10,2299066120733924076
p3,A,486,14,0,h10,2299066120733924076
p3,B,210,290,0,h10,2299066120733924076
p3,C,14,125,361,h10,2299066120733924076
p3,Non-ROH,500,0,0,h10,2299066120733924076
p1,A,411,89,0,h10,2311964674000974674
p1,B,62,428,10,h10,2311964674000974674
p1,C,31,117,352,h10,2311964674000974674
p1,Non-ROH,500,0,0,h10,2311964674000974674
p2,A,494,6,0,h10,2311964674000974674
p2,B,155,345,0,h10,2311964674000974674
p2,C,11,138,351,h10,2311964674000974674
p2,Non-ROH,500,0,0,h10,2311964674000974674
p3,A,493,7,0,h10,2311964674000974674
p3,B,195,305,0,h10,2311964674000974674
p3,C,17,135,348,h10,2311964674000974674
p3,Non-ROH,500,0,0,h10,2311964674000974674
p1,A,472,28,0,h10,2329007392430375664
p1,B,104,381,15,h10,2329007392430375664
p1,C,24,104,372,h10,2329007392430375664
p1,Non-ROH,500,0,0,h10,2329007392430375664
p2,A,497,3,0,h10,2329007392430375664
p2,B,254,246,0,h10,2329007392430375664
p2,C,16,107,377,h10,2329007392430375664
p2,Non-ROH,500,0,0,h10,2329007392430375664
p3,A,496,4,0,h10,2329007392430375664
p3,B,253,247,0,h10,2329007392430375664
p3,C,17,194,289,h10,2329007392430375664
p3,Non-ROH,500,0,0,h10,2329007392430375664
p1,A,458,42,0,h10,234921801251453869
p1,B,119,360,21,h10,234921801251453869
p1,C,26,114,360,h10,234921801251453869
p1,Non-ROH,500,0,0,h10,234921801251453869
p2,A,494,6,0,h10,234921801251453869
p2,B,282,218,0,h10,234921801251453869
p2,C,22,137,341,h10,234921801251453869
p2,Non-ROH,500,0,0,h10,234921801251453869
p3,A,493,7,0,h10,234921801251453869
p3,B,320,180,0,h10,234921801251453869
p3,C,21,124,355,h10,234921801251453869
p3,Non-ROH,500,0,0,h10,234921801251453869
p1,A,479,21,0,h10,2354544519747105301
p1,B,120,366,14,h10,2354544519747105301
p1,C,32,117,351,h10,2354544519747105301
p1,Non-ROH,500,0,0,h10,2354544519747105301
p2,A,499,1,0,h10,2354544519747105301
p2,B,269,231,0,h10,2354544519747105301
p2,C,17,137,346,h10,2354544519747105301
p2,Non-ROH,500,0,0,h10,2354544519747105301
p3,A,500,0,0,h10,2354544519747105301
p3,B,268,232,0,h10,2354544519747105301
p3,C,20,141,339,h10,2354544519747105301
p3,Non-ROH,500,0,0,h10,2354544519747105301
p1,A,455,45,0,h10,2357356116961837130
p1,B,91,385,24,h10,2357356116961837130
p1,C,26,105,369,h10,2357356116961837130
p1,Non-ROH,500,0,0,h10,2357356116961837130
p2,A,494,6,0,h10,2357356116961837130
p2,B,215,285,0,h10,2357356116961837130
p2,C,19,109,372,h10,2357356116961837130
p2,Non-ROH,500,0,0,h10,2357356116961837130
p3,A,499,1,0,h10,2357356116961837130
p3,B,274,226,0,h10,2357356116961837130
p3,C,21,102,377,h10,2357356116961837130
p3,Non-ROH,500,0,0,h10,2357356116961837130
p1,A,398,102,0,h10,2374712119957615693
p1,B,66,415,19,h10,2374712119957615693
p1,C,16,113,371,h10,2374712119957615693
p1,Non-ROH,500,0,0,h10,2374712119957615693
p2,A,468,32,0,h10,2374712119957615693
p2,B,157,343,0,h10,2374712119957615693
p2,C,9,126,365,h10,2374712119957615693
p2,Non-ROH,500,0,0,h10,2374712119957615693
p3,A,487,13,0,h10,2374712119957615693
p3,B,200,300,0,h10,2374712119957615693
p3,C,16,104,380,h10,2374712119957615693
p3,Non-ROH,500,0,0,h10,2374712119957615693
p1,A,438,62,0,h10,2378223484633022671
p1,B,79,412,9,h10,2378223484633022671
p1,C,25,95,380,h10,2378223484633022671
p1,Non-ROH,500,0,0,h10,2378223484633022671
p2,A,496,4,0,h10,2378223484633022671
p2,B,164,336,0,h10,2378223484633022671
p2,C,7,131,362,h10,2378223484633022671
p2,Non-ROH,500,0,0,h10,2378223484633022671
p3,A,500,0,0,h10,2378223484633022671
p3,B,229,271,0,h10,2378223484633022671
p3,C,16,131,353,h10,2378223484633022671
p3,Non-ROH,500,0,0,h10,2378223484633022671
p1,A,415,85,0,h10,2405974824152589709
p1,B,97,388,15,h10,2405974824152589709
p1,C,22,111,367,h10,2405974824152589709
p1,Non-ROH,500,0,0,h10,2405974824152589709
p2,A,489,11,0,h10,2405974824152589709
p2,B,245,254,1,h10,2405974824152589709
p2,C,23,103,374,h10,2405974824152589709
p2,Non-ROH,500,0,0,h10,2405974824152589709
p3,A,488,12,0,h10,2405974824152589709
p3,B,295,205,0,h10,2405974824152589709
p3,C,7,99,394,h10,2405974824152589709
p3,Non-ROH,500,0,0,h10,2405974824152589709
p1,A,435,65,0,h10,2408888981758523933
p1,B,91,401,8,h10,2408888981758523933
p1,C,25,109,366,h10,2408888981758523933
p1,Non-ROH,500,0,0,h10,2408888981758523933
p2,A,484,16,0,h10,2408888981758523933
p2,B,180,320,0,h10,2408888981758523933
p2,C,16,121,363,h10,2408888981758523933
p2,Non-ROH,500,0,0,h10,2408888981758523933
p3,A,494,6,0,h10,2408888981758523933
p3,B,214,286,0,h10,2408888981758523933
p3,C,21,105,374,h10,2408888981758523933
p3,Non-ROH,500,0,0,h10,2408888981758523933
p1,A,459,41,0,h10,2411177555993782872
p1,B,92,399,9,h10,2411177555993782872
p1,C,30,87,383,h10,2411177555993782872
p1,Non-ROH,500,0,0,h10,2411177555993782872
p2,A,488,12,0,h10,2411177555993782872
p2,B,207,293,0,h10,2411177555993782872
p2,C,15,111,374,h10,2411177555993782872
p2,Non-ROH,500,0,0,h10,2411177555993782872
p3,A,497,3,0,h10,2411177555993782872
p3,B,294,206,0,h10,2411177555993782872
p3,C,24,127,349,h10,2411177555993782872
p3,Non-ROH,500,0,0,h10,2411177555993782872
p1,A,443,57,0,h10,2442927368246943371
p1,B,75,412,13,h10,2442927368246943371
p1,C,24,104,372,h10,2442927368246943371
p1,Non-ROH,500,0,0,h10,2442927368246943371
p2,A,496,4,0,h10,2442927368246943371
p2,B,170,330,0,h10,2442927368246943371
p2,C,17,141,342,h10,2442927368246943371
p2,Non-ROH,500,0,0,h10,2442927368246943371
p3,A,496,4,0,h10,2442927368246943371
p3,B,247,253,0,h10,2442927368246943371
p3,C,16,147,337,h10,2442927368246943371
p3,Non-ROH,500,0,0,h10,2442927368246943371
p1,A,439,61,0,h10,2470422899851277686
p1,B,84,405,11,h10,2470422899851277686
p1,C,27,123,350,h10,2470422899851277686
p1,Non-ROH,500,0,0,h10,2470422899851277686
p2,A,483,17,0,h10,2470422899851277686
p2,B,196,304,0,h10,2470422899851277686
p2,C,22,122,356,h10,2470422899851277686
p2,Non-ROH,500,0,0,h10,2470422899851277686
p3,A,496,4,0,h10,2470422899851277686
p3,B,200,300,0,h10,2470422899851277686
p3,C,15,98,387,h10,2470422899851277686
p3,Non-ROH,500,0,0,h10,2470422899851277686
p1,A,439,61,0,h10,2480779890822572341
p1,B,72,413,15,h10,2480779890822572341
p1,C,24,104,372,h10,2480779890822572341
p1,Non-ROH,500,0,0,h10,2480779890822572341
p2,A,490,10,0,h10,2480779890822572341
p2,B,190,310,0,h10,2480779890822572341
p2,C,16,88,396,h10,2480779890822572341
p2,Non-ROH,500,0,0,h10,2480779890822572341
p3,A,495,5,0,h10,2480779890822572341
p3,B,240,260,0,h10,2480779890822572341
p3,C,12,133,355,h10,2480779890822572341
p3,Non-ROH,500,0,0,h10,2480779890822572341
p1,A,472,28,0,h10,2483178009446175964
p1,B,116,362,22,h10,2483178009446175964
p1,C,33,88,379,h10,2483178009446175964
p1,Non-ROH,500,0,0,h10,2483178009446175964
p2,A,497,3,0,h10,2483178009446175964
p2,B,280,220,0,h10,2483178009446175964
p2,C,16,131,353,h10,2483178009446175964
p2,Non-ROH,500,0,0,h10,2483178009446175964
p3,A,500,0,0,h10,2483178009446175964
p3,B,330,170,0,h10,2483178009446175964
p3,C,18,117,365,h10,2483178009446175964
p3,Non-ROH,500,0,0,h10,2483178009446175964
p1,A,443,57,0,h10,2488402134754094352
p1,B,84,409,7,h10,2488402134754094352
p1,C,30,87,383,h10,2488402134754094352
p1,Non-ROH,500,0,0,h10,2488402134754094352
p2,A,491,9,0,h10,2488402134754094352
p2,B,203,297,0,h10,2488402134754094352
p2,C,18,136,346,h10,2488402134754094352
p2,Non-ROH,500,0,0,h10,2488402134754094352
p3,A,498,2,0,h10,2488402134754094352
p3,B,232,268,0,h10,2488402134754094352
p3,C,8,124,368,h10,2488402134754094352
p3,Non-ROH,500,0,0,h10,2488402134754094352
p1,A,411,89,0,h10,2515545305029161790
p1,B,68,422,10,h10,2515545305029161790
p1,C,14,130,356,h10,2515545305029161790
p1,Non-ROH,500,0,0,h10,2515545305029161790
p2,A,490,10,0,h10,2515545305029161790
p2,B,144,356,0,h10,2515545305029161790
p2,C,10,135,355,h10,2515545305029161790
p2,Non-ROH,500,0,0,h10,2515545305029161790
p3,A,490,10,0,h10,2515545305029161790
p3,B,234,266,0,h10,2515545305029161790
p3,C,16,176,308,h10,2515545305029161790
p3,Non-ROH,500,0,0,h10,2515545305029161790
p1,A,374,126,0,h10,2530554541687735636
p1,B,96,396,8,h10,2530554541687735636
p1,C,17,130,353,h10,2530554541687735636
p1,Non-ROH,500,0,0,h10,2530554541687735636
p2,A,451,49,0,h10,2530554541687735636
p2,B,157,343,0,h10,2530554541687735636
p2,C,15,152,333,h10,2530554541687735636
p2,Non-ROH,500,0,0,h10,2530554541687735636
p3,A,484,16,0,h10,2530554541687735636
p3,B,208,292,0,h10,2530554541687735636
p3,C,7,150,343,h10,2530554541687735636
p3,Non-ROH,500,0,0,h10,2530554541687735636
p1,A,461,39,0,h10,2542975459646688792
p1,B,81,409,10,h10,2542975459646688792
p1,C,25,94,381,h10,2542975459646688792
p1,Non-ROH,500,0,0,h10,2542975459646688792
p2,A,484,16,0,h10,2542975459646688792
p2,B,179,321,0,h10,2542975459646688792
p2,C,15,94,391,h10,2542975459646688792
p2,Non-ROH,500,0,0,h10,2542975459646688792
p3,A,484,16,0,h10,2542975459646688792
p3,B,224,276,0,h10,2542975459646688792
p3,C,14,213,273,h10,2542975459646688792
p3,Non-ROH,500,0,0,h10,2542975459646688792
p1,A,462,38,0,h10,2543418921934646807
p1,B,90,393,17,h10,2543418921934646807
p1,C,27,113,360,h10,2543418921934646807
p1,Non-ROH,500,0,0,h10,2543418921934646807
p2,A,496,4,0,h10,2543418921934646807
p2,B,240,260,0,h10,2543418921934646807
p2,C,19,126,355,h10,2543418921934646807
p2,Non-ROH,500,0,0,h10,2543418921934646807
p3,A,496,4,0,h10,2543418921934646807
p3,B,256,244,0,h10,2543418921934646807
p3,C,17,181,302,h10,2543418921934646807
p3,Non-ROH,500,0,0,h10,2543418921934646807
p1,A,472,28,0,h10,2545628064653092717
p1,B,97,391,12,h10,2545628064653092717
p1,C,33,87,380,h10,2545628064653092717
p1,Non-ROH,500,0,0,h10,2545628064653092717
p2,A,500,0,0,h10,2545628064653092717
p2,B,235,265,0,h10,2545628064653092717
p2,C,18,139,343,h10,2545628064653092717
p2,Non-ROH,500,0,0,h10,2545628064653092717
p3,A,498,2,0,h10,2545628064653092717
p3,B,287,213,0,h10,2545628064653092717
p3,C,15,112,373,h10,2545628064653092717
p3,Non-ROH,500,0,0,h10,2545628064653092717
p1,A,469,31,0,h10,2587277278725201249
p1,B,114,368,18,h10,2587277278725201249
p1,C,27,86,387,h10,2587277278725201249
p1,Non-ROH,500,0,0,h10,2587277278725201249
p2,A,496,4,0,h10,2587277278725201249
p2,B,246,254,0,h10,2587277278725201249
p2,C,21,88,391,h10,2587277278725201249
p2,Non-ROH,500,0,0,h10,2587277278725201249
p3,A,493,7,0,h10,2587277278725201249
p3,B,312,188,0,h10,2587277278725201249
p3,C,12,115,373,h10,2587277278725201249
p3,Non-ROH,500,0,0,h10,2587277278725201249
p1,A,419,81,0,h10,2589666695797247849
p1,B,93,393,14,h10,2589666695797247849
p1,C,21,110,369,h10,2589666695797247849
p1,Non-ROH,500,0,0,h10,2589666695797247849
p2,A,491,9,0,h10,2589666695797247849
p2,B,227,273,0,h10,2589666695797247849
p2,C,25,93,382,h10,2589666695797247849
p2,Non-ROH,500,0,0,h10,2589666695797247849
p3,A,485,15,0,h10,2589666695797247849
p3,B,304,196,0,h10,2589666695797247849
p3,C,18,113,369,h10,2589666695797247849
p3,Non-ROH,500,0,0,h10,2589666695797247849
p1,A,444,56,0,h10,2592575050671657058
p1,B,73,407,20,h10,2592575050671657058
p1,C,16,96,388,h10,2592575050671657058
p1,Non-ROH,500,0,0,h10,2592575050671657058
p2,A,486,14,0,h10,2592575050671657058
p2,B,170,330,0,h10,2592575050671657058
p2,C,11,118,371,h10,2592575050671657058
p2,Non-ROH,500,0,0,h10,2592575050671657058
p3,A,471,29,0,h10,2592575050671657058
p3,B,254,245,1,h10,2592575050671657058
p3,C,13,109,378,h10,2592575050671657058
p3,Non-ROH,500,0,0,h10,2592575050671657058
p1,A,472,28,0,h10,2608944351480602300
p1,B,118,374,8,h10,2608944351480602300
p1,C,32,111,357,h10,2608944351480602300
p1,Non-ROH,500,0,0,h10,2608944351480602300
p2,A,497,3,0,h10,2608944351480602300
p2,B,243,257,0,h10,2608944351480602300
p2,C,17,147,336,h10,2608944351480602300
p2,Non-ROH,500,0,0,h10,2608944351480602300
p3,A,496,4,0,h10,2608944351480602300
p3,B,302,198,0,h10,2608944351480602300
p3,C,21,161,318,h10,2608944351480602300
p3,Non-ROH,500,0,0,h10,2608944351480602300
p1,A,456,44,0,h10,2615303255337001889
p1,B,111,376,13,h10,2615303255337001889
p1,C,32,100,368,h10,2615303255337001889
p1,Non-ROH,500,0,0,h10,2615303255337001889
p2,A,498,2,0,h10,2615303255337001889
p2,B,250,250,0,h10,2615303255337001889
p2,C,26,116,358,h10,2615303255337001889
p2,Non-ROH,500,0,0,h10,2615303255337001889
p3,A,498,2,0,h10,2615303255337001889
p3,B,351,149,0,h10,2615303255337001889
p3,C,19,145,336,h10,2615303255337001889
p3,Non-ROH,500,0,0,h10,2615303255337001889
p1,A,427,73,0,h10,2627987376296409316
p1,B,77,412,11,h10,2627987376296409316
p1,C,22,96,382,h10,2627987376296409316
p1,Non-ROH,500,0,0,h10,2627987376296409316
p2,A,496,4,0,h10,2627987376296409316
p2,B,205,295,0,h10,2627987376296409316
p2,C,9,124,367,h10,2627987376296409316
p2,Non-ROH,500,0,0,h10,2627987376296409316
p3,A,489,11,0,h10,2627987376296409316
p3,B,225,275,0,h10,2627987376296409316
p3,C,19,134,347,h10,2627987376296409316
p3,Non-ROH,500,0,0,h10,2627987376296409316
p1,A,454,46,0,h10,2634635786269550136
p1,B,96,390,14,h10,2634635786269550136
p1,C,33,93,374,h10,2634635786269550136
p1,Non-ROH,500,0,0,h10,2634635786269550136
p2,A,496,4,0,h10,2634635786269550136
p2,B,199,301,0,h10,2634635786269550136
p2,C,22,105,373,h10,2634635786269550136
p2,Non-ROH,500,0,0,h10,2634635786269550136
p3,A,500,0,0,h10,2634635786269550136
p3,B,301,199,0,h10,2634635786269550136
p3,C,22,137,341,h10,2634635786269550136
p3,Non-ROH,500,0,0,h10,2634635786269550136
p1,A,475,25,0,h10,2640645837997350044
p1,B,116,367,17,h10,2640645837997350044
p1,C,30,127,343,h10,2640645837997350044
p1,Non-ROH,500,0,0,h10,2640645837997350044
p2,A,495,5,0,h10,2640645837997350044
p2,B,292,208,0,h10,2640645837997350044
p2,C,29,118,353,h10,2640645837997350044
p2,Non-ROH,500,0,0,h10,2640645837997350044
p3,A,496,4,0,h10,2640645837997350044
p3,B,296,204,0,h10,2640645837997350044
p3,C,15,111,374,h10,2640645837997350044
p3,Non-ROH,500,0,0,h10,2640645837997350044
p1,A,444,56,0,h10,26572078936003951
p1,B,79,403,18,h10,26572078936003951
p1,C,25,112,363,h10,26572078936003951
p1,Non-ROH,500,0,0,h10,26572078936003951
p2,A,488,12,0,h10,26572078936003951
p2,B,170,330,0,h10,26572078936003951
p2,C,14,158,328,h10,26572078936003951
p2,Non-ROH,500,0,0,h10,26572078936003951
p3,A,499,1,0,h10,26572078936003951
p3,B,261,239,0,h10,26572078936003951
p3,C,17,115,368,h10,26572078936003951
p3,Non-ROH,500,0,0,h10,26572078936003951
p1,A,426,74,0,h10,2673334396525110524
p1,B,84,398,18,h10,2673334396525110524
p1,C,20,106,374,h10,2673334396525110524
p1,Non-ROH,500,0,0,h10,2673334396525110524
p2,A,481,19,0,h10,2673334396525110524
p2,B,159,341,0,h10,2673334396525110524
p2,C,11,134,355,h10,2673334396525110524
p2,Non-ROH,500,0,0,h10,2673334396525110524
p3,A,491,9,0,h10,2673334396525110524
p3,B,269,231,0,h10,2673334396525110524
p3,C,14,110,376,h10,2673334396525110524
p3,Non-ROH,500,0,0,h10,2673334396525110524
p1,A,443,57,0,h10,2678601504428787096
p1,B,87,396,17,h10,2678601504428787096
p1,C,31,92,377,h10,2678601504428787096
p1,Non-ROH,500,0,0,h10,2678601504428787096
p2,A,494,6,0,h10,2678601504428787096
p2,B,225,274,1,h10,2678601504428787096
p2,C,16,118,366,h10,2678601504428787096
p2,Non-ROH,500,0,0,h10,2678601504428787096
p3,A,499,1,0,h10,2678601504428787096
p3,B,274,226,0,h10,2678601504428787096
p3,C,15,173,312,h10,2678601504428787096
p3,Non-ROH,500,0,0,h10,2678601504428787096
p1,A,398,102,0,h10,2680246031557722019
p1,B,45,440,15,h10,2680246031557722019
p1,C,25,126,349,h10,2680246031557722019
p1,Non-ROH,500,0,0,h10,2680246031557722019
p2,A,473,27,0,h10,2680246031557722019
p2,B,151,349,0,h10,2680246031557722019
p2,C,8,163,329,h10,2680246031557722019
p2,Non-ROH,500,0,0,h10,2680246031557722019
p3,A,486,14,0,h10,2680246031557722019
p3,B,184,316,0,h10,2680246031557722019
p3,C,10,113,377,h10,2680246031557722019
p3,Non-ROH,500,0,0,h10,2680246031557722019
p1,A,431,69,0,h10,2683736121873444619
p1,B,87,403,10,h10,2683736121873444619
p1,C,17,117,366,h10,2683736121873444619
p1,Non-ROH,500,0,0,h10,2683736121873444619
p2,A,491,9,0,h10,2683736121873444619
p2,B,269,231,0,h10,2683736121873444619
p2,C,18,147,335,h10,2683736121873444619
p2,Non-ROH,500,0,0,h10,2683736121873444619
p3,A,489,11,0,h10,2683736121873444619
p3,B,305,195,0,h10,2683736121873444619
p3,C,15,148,337,h10,2683736121873444619
p3,Non-ROH,500,0,0,h10,2683736121873444619
p1,A,419,81,0,h10,2683925884209795121
p1,B,112,374,14,h10,2683925884209795121
p1,C,25,99,376,h10,2683925884209795121
p1,Non-ROH,500,0,0,h10,2683925884209795121
p2,A,492,8,0,h10,2683925884209795121
p2,B,271,229,0,h10,2683925884209795121
p2,C,25,147,328,h10,2683925884209795121
p2,Non-ROH,500,0,0,h10,2683925884209795121
p3,A,494,6,0,h10,2683925884209795121
p3,B,372,128,0,h10,2683925884209795121
p3,C,27,96,377,h10,2683925884209795121
p3,Non-ROH,500,0,0,h10,2683925884209795121
p1,A,455,45,0,h10,2692003651916499146
p1,B,90,399,11,h10,2692003651916499146
p1,C,20,99,381,h10,2692003651916499146
p1,Non-ROH,500,0,0,h10,2692003651916499146
p2,A,491,9,0,h10,2692003651916499146
p2,B,207,293,0,h10,2692003651916499146
p2,C,20,180,300,h10,2692003651916499146
p2,Non-ROH,500,0,0,h10,2692003651916499146
p3,A,494,6,0,h10,2692003651916499146
p3,B,228,272,0,h10,2692003651916499146
p3,C,13,164,323,h10,2692003651916499146
p3,Non-ROH,500,0,0,h10,2692003651916499146
p1,A,431,69,0,h10,2693217448839198223
p1,B,113,378,9,h10,2693217448839198223
p1,C,25,111,364,h10,2693217448839198223
p1,Non-ROH,500,0,0,h10,2693217448839198223
p2,A,487,13,0,h10,2693217448839198223
p2,B,226,274,0,h10,2693217448839198223
p2,C,13,94,393,h10,2693217448839198223
p2,Non-ROH,500,0,0,h10,2693217448839198223
p3,A,493,7,0,h10,2693217448839198223
p3,B,284,216,0,h10,2693217448839198223
p3,C,17,146,337,h10,2693217448839198223
p3,Non-ROH,500,0,0,h10,2693217448839198223
p1,A,376,124,0,h10,2700233424834892782
p1,B,75,414,11,h10,2700233424834892782
p1,C,22,104,374,h10,2700233424834892782
p1,Non-ROH,500,0,0,h10,2700233424834892782
p2,A,453,47,0,h10,2700233424834892782
p2,B,174,326,0,h10,2700233424834892782
p2,C,13,159,328,h10,2700233424834892782
p2,Non-ROH,500,0,0,h10,2700233424834892782
p3,A,478,22,0,h10,2700233424834892782
p3,B,261,239,0,h10,2700233424834892782
p3,C,13,183,304,h10,2700233424834892782
p3,Non-ROH,500,0,0,h10,2700233424834892782
p1,A,456,44,0,h10,2701110544888040191
p1,B,131,352,17,h10,2701110544888040191
p1,C,35,87,378,h10,2701110544888040191
p1,Non-ROH,500,0,0,h10,2701110544888040191
p2,A,479,21,0,h10,2701110544888040191
p2,B,257,243,0,h10,2701110544888040191
p2,C,21,91,388,h10,2701110544888040191
p2,Non-ROH,500,0,0,h10,2701110544888040191
p3,A,496,4,0,h10,2701110544888040191
p3,B,314,186,0,h10,2701110544888040191
p3,C,20,106,374,h10,2701110544888040191
p3,Non-ROH,500,0,0,h10,2701110544888040191
p1,A,458,42,0,h10,2719693331215119480
p1,B,70,418,12,h10,2719693331215119480
p1,C,25,102,373,h10,2719693331215119480
p1,Non-ROH,500,0,0,h10,2719693331215119480
p2,A,463,37,0,h10,2719693331215119480
p2,B,199,301,0,h10,2719693331215119480
p2,C,13,89,398,h10,2719693331215119480
p2,Non-ROH,500,0,0,h10,2719693331215119480
p3,A,494,6,0,h10,2719693331215119480
p3,B,264,236,0,h10,2719693331215119480
p3,C,14,135,351,h10,2719693331215119480
p3,Non-ROH,500,0,0,h10,2719693331215119480
p1,A,451,49,0,h10,2724964245490892322
p1,B,76,409,15,h10,2724964245490892322
p1,C,19,110,371,h10,2724964245490892322
p1,Non-ROH,500,0,0,h10,2724964245490892322
p2,A,487,13,0,h10,2724964245490892322
p2,B,187,313,0,h10,2724964245490892322
p2,C,17,103,380,h10,2724964245490892322
p2,Non-ROH,500,0,0,h10,2724964245490892322
p3,A,494,6,0,h10,2724964245490892322
p3,B,236,264,0,h10,2724964245490892322
p3,C,19,107,374,h10,2724964245490892322
p3,Non-ROH,500,0,0,h10,2724964245490892322
p1,A,471,29,0,h10,2733825921183942051
p1,B,97,389,14,h10,2733825921183942051
p1,C,28,109,363,h10,2733825921183942051
p1,Non-ROH,500,0,0,h10,2733825921183942051
p2,A,497,3,0,h10,2733825921183942051
p2,B,216,284,0,h10,2733825921183942051
p2,C,17,130,353,h10,2733825921183942051
p2,Non-ROH,500,0,0,h10,2733825921183942051
p3,A,499,1,0,h10,2733825921183942051
p3,B,265,235,0,h10,2733825921183942051
p3,C,16,149,335,h10,2733825921183942051
p3,Non-ROH,500,0,0,h10,2733825921183942051
p1,A,433,67,0,h10,2741311680829526052
p1,B,113,373,14,h10,2741311680829526052
p1,C,31,101,368,h10,2741311680829526052
p1,Non-ROH,500,0,0,h10,2741311680829526052
p2,A,493,7,0,h10,2741311680829526052
p2,B,253,247,0,h10,2741311680829526052
p2,C,23,73,404,h10,2741311680829526052
p2,Non-ROH,500,0,0,h10,2741311680829526052
p3,A,484,16,0,h10,2741311680829526052
p3,B,268,232,0,h10,2741311680829526052
p3,C,16,110,374,h10,2741311680829526052
p3,Non-ROH,500,0,0,h10,2741311680829526052
p1,A,450,50,0,h10,2778977508188489553
p1,B,101,388,11,h10,2778977508188489553
p1,C,30,103,367,h10,2778977508188489553
p1,Non-ROH,500,0,0,h10,2778977508188489553
p2,A,498,2,0,h10,2778977508188489553
p2,B,236,264,0,h10,2778977508188489553
p2,C,16,168,316,h10,2778977508188489553
p2,Non-ROH,500,0,0,h10,2778977508188489553
p3,A,498,2,0,h10,2778977508188489553
p3,B,253,247,0,h10,2778977508188489553
p3,C,19,199,282,h10,2778977508188489553
p3,Non-ROH,500,0,0,h10,2778977508188489553
p1,A,431,69,0,h10,282000006729790948
p1,B,87,391,22,h10,282000006729790948
p1,C,34,119,347,h10,282000006729790948
p1,Non-ROH,500,0,0,h10,282000006729790948
p2,A,456,44,0,h10,282000006729790948
p2,B,126,374,0,h10,282000006729790948
p2,C,10,161,329,h10,282000006729790948
p2,Non-ROH,500,0,0,h10,282000006729790948
p3,A,485,15,0,h10,282000006729790948
p3,B,217,283,0,h10,282000006729790948
p3,C,9,145,346,h10,282000006729790948
p3,Non-ROH,500,0,0,h10,282000006729790948
p1,A,476,24,0,h10,2876466854622737300
p1,B,118,364,18,h10,2876466854622737300
p1,C,26,89,385,h10,2876466854622737300
p1,Non-ROH,500,0,0,h10,2876466854622737300
p2,A,497,3,0,h10,2876466854622737300
p2,B,301,199,0,h10,2876466854622737300
p2,C,27,138,335,h10,2876466854622737300
p2,Non-ROH,500,0,0,h10,2876466854622737300
p3,A,499,1,0,h10,2876466854622737300
p3,B,381,119,0,h10,2876466854622737300
p3,C,20,179,301,h10,2876466854622737300
p3,Non-ROH,500,0,0,h10,2876466854622737300
p1,A,367,133,0,h10,2882196157522119301
p1,B,50,436,14,h10,2882196157522119301
p1,C,21,122,357,h10,2882196157522119301
p1,Non-ROH,500,0,0,h10,2882196157522119301
p2,A,465,35,0,h10,2882196157522119301
p2,B,131,369,0,h10,2882196157522119301
p2,C,20,88,392,h10,2882196157522119301
p2,Non-ROH,500,0,0,h10,2882196157522119301
p3,A,485,15,0,h10,2882196157522119301
p3,B,252,248,0,h10,2882196157522119301
p3,C,14,102,384,h10,2882196157522119301
p3,Non-ROH,500,0,0,h10,2882196157522119301
p1,A,468,32,0,h10,2918504161726419167
p1,B,138,343,19,h10,2918504161726419167
p1,C,28,94,378,h10,2918504161726419167
p1,Non-ROH,500,0,0,h10,2918504161726419167
p2,A,496,4,0,h10,2918504161726419167
p2,B,277,223,0,h10,2918504161726419167
p2,C,16,157,327,h10,2918504161726419167
p2,Non-ROH,500,0,0,h10,2918504161726419167
p3,A,500,0,0,h10,2918504161726419167
p3,B,369,131,0,h10,2918504161726419167
p3,C,19,154,327,h10,2918504161726419167
p3,Non-ROH,500,0,0,h10,2918504161726419167
p1,A,428,72,0,h10,293327602814131482
p1,B,83,405,12,h10,293327602814131482
p1,C,18,103,379,h10,293327602814131482
p1,Non-ROH,500,0,0,h10,293327602814131482
p2,A,492,8,0,h10,293327602814131482
p2,B,194,306,0,h10,293327602814131482
p2,C,16,116,368,h10,293327602814131482
p2,Non-ROH,500,0,0,h10,293327602814131482
p3,A,492,8,0,h10,293327602814131482
p3,B,225,275,0,h10,293327602814131482
p3,C,10,80,410,h10,293327602814131482
p3,Non-ROH,500,0,0,h10,293327602814131482
p1,A,442,58,0,h10,2933850206923310489
p1,B,84,400,16,h10,2933850206923310489
p1,C,62,63,375,h10,2933850206923310489
p1,Non-ROH,500,0,0,h10,2933850206923310489
p2,A,493,7,0,h10,2933850206923310489
p2,B,205,295,0,h10,2933850206923310489
p2,C,99,60,341,h10,2933850206923310489
p2,Non-ROH,500,0,0,h10,2933850206923310489
p3,A,499,1,0,h10,2933850206923310489
p3,B,242,258,0,h10,2933850206923310489
p3,C,132,69,299,h10,2933850206923310489
p3,Non-ROH,500,0,0,h10,2933850206923310489
p1,A,426,74,0,h10,2948163112851511947
p1,B,93,397,10,h10,2948163112851511947
p1,C,25,99,376,h10,2948163112851511947
p1,Non-ROH,500,0,0,h10,2948163112851511947
p2,A,497,3,0,h10,2948163112851511947
p2,B,210,290,0,h10,2948163112851511947
p2,C,16,122,362,h10,2948163112851511947
p2,Non-ROH,500,0,0,h10,2948163112851511947
p3,A,495,5,0,h10,2948163112851511947
p3,B,242,258,0,h10,2948163112851511947
p3,C,24,102,374,h10,2948163112851511947
p3,Non-ROH,500,0,0,h10,2948163112851511947
p1,A,460,40,0,h10,2964995880732550197
p1,B,106,378,16,h10,2964995880732550197
p1,C,36,87,377,h10,2964995880732550197
p1,Non-ROH,500,0,0,h10,2964995880732550197
p2,A,500,0,0,h10,2964995880732550197
p2,B,238,262,0,h10,2964995880732550197
p2,C,16,150,334,h10,2964995880732550197
p2,Non-ROH,500,0,0,h10,2964995880732550197
p3,A,498,2,0,h10,2964995880732550197
p3,B,311,189,0,h10,2964995880732550197
p3,C,15,132,353,h10,2964995880732550197
p3,Non-ROH,500,0,0,h10,2964995880732550197
p1,A,423,77,0,h10,2981467198318407553
p1,B,106,378,16,h10,2981467198318407553
p1,C,27,99,374,h10,2981467198318407553
p1,Non-ROH,500,0,0,h10,2981467198318407553
p2,A,477,23,0,h10,2981467198318407553
p2,B,208,292,0,h10,2981467198318407553
p2,C,19,167,314,h10,2981467198318407553
p2,Non-ROH,500,0,0,h10,2981467198318407553
p3,A,495,5,0,h10,2981467198318407553
p3,B,230,270,0,h10,2981467198318407553
p3,C,18,167,315,h10,2981467198318407553
p3,Non-ROH,500,0,0,h10,2981467198318407553
p1,A,410,90,0,h10,2993820833564648610
p1,B,95,388,17,h10,2993820833564648610
p1,C,30,93,377,h10,2993820833564648610
p1,Non-ROH,500,0,0,h10,2993820833564648610
p2,A,470,30,0,h10,2993820833564648610
p2,B,232,268,0,h10,2993820833564648610
p2,C,23,129,348,h10,2993820833564648610
p2,Non-ROH,500,0,0,h10,2993820833564648610
p3,A,470,30,0,h10,2993820833564648610
p3,B,261,239,0,h10,2993820833564648610
p3,C,19,124,357,h10,2993820833564648610
p3,Non-ROH,500,0,0,h10,2993820833564648610
p1,A,357,143,0,h10,3015445553629977739
p1,B,62,427,11,h10,3015445553629977739
p1,C,20,108,372,h10,3015445553629977739
p1,Non-ROH,500,0,0,h10,3015445553629977739
p2,A,452,48,0,h10,3015445553629977739
p2,B,114,386,0,h10,3015445553629977739
p2,C,10,115,375,h10,3015445553629977739
p2,Non-ROH,500,0,0,h10,3015445553629977739
p3,A,472,28,0,h10,3015445553629977739
p3,B,202,298,0,h10,3015445553629977739
p3,C,14,152,334,h10,3015445553629977739
p3,Non-ROH,500,0,0,h10,3015445553629977739
p1,A,437,63,0,h10,3022082044499067502
p1,B,67,411,22,h10,3022082044499067502
p1,C,27,106,367,h10,3022082044499067502
p1,Non-ROH,500,0,0,h10,3022082044499067502
p2,A,486,14,0,h10,3022082044499067502
p2,B,193,307,0,h10,3022082044499067502
p2,C,15,112,373,h10,3022082044499067502
p2,Non-ROH,500,0,0,h10,3022082044499067502
p3,A,496,4,0,h10,3022082044499067502
p3,B,244,256,0,h10,3022082044499067502
p3,C,14,142,344,h10,3022082044499067502
p3,Non-ROH,500,0,0,h10,3022082044499067502
p1,A,450,50,0,h10,3036786816992325347
p1,B,76,405,19,h10,3036786816992325347
p1,C,25,84,391,h10,3036786816992325347
p1,Non-ROH,500,0,0,h10,3036786816992325347
p2,A,500,0,0,h10,3036786816992325347
p2,B,201,299,0,h10,3036786816992325347
p2,C,14,98,388,h10,3036786816992325347
p2,Non-ROH,500,0,0,h10,3036786816992325347
p3,A,498,2,0,h10,3036786816992325347
p3,B,270,230,0,h10,3036786816992325347
p3,C,14,111,375,h10,3036786816992325347
p3,Non-ROH,500,0,0,h10,3036786816992325347
p1,A,447,53,0,h10,30421535319184460
p1,B,91,397,12,h10,30421535319184460
p1,C,25,106,369,h10,30421535319184460
p1,Non-ROH,500,0,0,h10,30421535319184460
p2,A,498,2,0,h10,30421535319184460
p2,B,183,317,0,h10,30421535319184460
p2,C,16,179,305,h10,30421535319184460
p2,Non-ROH,500,0,0,h10,30421535319184460
p3,A,494,6,0,h10,30421535319184460
p3,B,270,230,0,h10,30421535319184460
p3,C,16,147,337,h10,30421535319184460
p3,Non-ROH,500,0,0,h10,30421535319184460
p1,A,403,97,0,h10,30426964758616093
p1,B,145,343,12,h10,30426964758616093
p1,C,16,100,384,h10,30426964758616093
p1,Non-ROH,500,0,0,h10,30426964758616093
p2,A,477,23,0,h10,30426964758616093
p2,B,256,244,0,h10,30426964758616093
p2,C,29,99,372,h10,30426964758616093
p2,Non-ROH,500,0,0,h10,30426964758616093
p3,A,485,15,0,h10,30426964758616093
p3,B,294,206,0,h10,30426964758616093
p3,C,29,173,298,h10,30426964758616093
p3,Non-ROH,500,0,0,h10,30426964758616093
p1,A,428,72,0,h10,3051763574395870744
p1,B,68,417,15,h10,3051763574395870744
p1,C,23,119,358,h10,3051763574395870744
p1,Non-ROH,500,0,0,h10,3051763574395870744
p2,A,495,5,0,h10,3051763574395870744
p2,B,204,296,0,h10,3051763574395870744
p2,C,13,143,344,h10,3051763574395870744
p2,Non-ROH,500,0,0,h10,3051763574395870744
p3,A,486,14,0,h10,3051763574395870744
p3,B,268,232,0,h10,3051763574395870744
p3,C,20,147,333,h10,3051763574395870744
p3,Non-ROH,500,0,0,h10,3051763574395870744
p1,A,437,63,0,h10,3080594008690481032
p1,B,82,400,18,h10,3080594008690481032
p1,C,22,103,375,h10,3080594008690481032
p1,Non-ROH,500,0,0,h10,3080594008690481032
p2,A,500,0,0,h10,3080594008690481032
p2,B,191,309,0,h10,3080594008690481032
p2,C,16,79,405,h10,3080594008690481032
p2,Non-ROH,500,0,0,h10,3080594008690481032
p3,A,492,8,0,h10,3080594008690481032
p3,B,242,258,0,h10,3080594008690481032
p3,C,11,135,354,h10,3080594008690481032
p3,Non-ROH,500,0,0,h10,3080594008690481032
p1,A,390,110,0,h10,3110634309294556210
p1,B,77,404,19,h10,3110634309294556210
p1,C,26,105,369,h10,3110634309294556210
p1,Non-ROH,500,0,0,h10,3110634309294556210
p2,A,485,15,0,h10,3110634309294556210
p2,B,169,331,0,h10,3110634309294556210
p2,C,19,144,337,h10,3110634309294556210
p2,Non-ROH,500,0,0,h10,3110634309294556210
p3,A,476,24,0,h10,3110634309294556210
p3,B,244,256,0,h10,3110634309294556210
p3,C,16,86,398,h10,3110634309294556210
p3,Non-ROH,500,0,0,h10,3110634309294556210
p1,A,443,57,0,h10,3144453090301631355
p1,B,76,407,17,h10,3144453090301631355
p1,C,22,119,359,h10,3144453090301631355
p1,Non-ROH,500,0,0,h10,3144453090301631355
p2,A,491,9,0,h10,3144453090301631355
p2,B,207,293,0,h10,3144453090301631355
p2,C,7,101,392,h10,3144453090301631355
p2,Non-ROH,500,0,0,h10,3144453090301631355
p3,A,492,8,0,h10,3144453090301631355
p3,B,252,248,0,h10,3144453090301631355
p3,C,10,114,376,h10,3144453090301631355
p3,Non-ROH,500,0,0,h10,3144453090301631355
p1,A,460,40,0,h10,314990335271014427
p1,B,96,387,17,h10,314990335271014427
p1,C,19,111,370,h10,314990335271014427
p1,Non-ROH,500,0,0,h10,314990335271014427
p2,A,497,3,0,h10,314990335271014427
p2,B,268,232,0,h10,314990335271014427
p2,C,11,124,365,h10,314990335271014427
p2,Non-ROH,500,0,0,h10,314990335271014427
p3,A,497,3,0,h10,314990335271014427
p3,B,263,237,0,h10,314990335271014427
p3,C,26,160,314,h10,314990335271014427
p3,Non-ROH,500,0,0,h10,314990335271014427
p1,A,432,68,0,h10,3177396057719697434
p1,B,95,393,12,h10,3177396057719697434
p1,C,21,90,389,h10,3177396057719697434
p1,Non-ROH,500,0,0,h10,3177396057719697434
p2,A,493,7,0,h10,3177396057719697434
p2,B,220,280,0,h10,3177396057719697434
p2,C,20,140,340,h10,3177396057719697434
p2,Non-ROH,500,0,0,h10,3177396057719697434
p3,A,492,8,0,h10,3177396057719697434
p3,B,301,199,0,h10,3177396057719697434
p3,C,18,194,288,h10,3177396057719697434
p3,Non-ROH,500,0,0,h10,3177396057719697434
p1,A,467,33,0,h10,3194283932650524706
p1,B,105,384,11,h10,3194283932650524706
p1,C,55,63,382,h10,3194283932650524706
p1,Non-ROH,500,0,0,h10,3194283932650524706
p2,A,500,0,0,h10,3194283932650524706
p2,B,250,250,0,h10,3194283932650524706
p2,C,74,48,378,h10,3194283932650524706
p2,Non-ROH,500,0,0,h10,3194283932650524706
p3,A,499,1,0,h10,3194283932650524706
p3,B,305,195,0,h10,3194283932650524706
p3,C,86,52,362,h10,3194283932650524706
p3,Non-ROH,500,0,0,h10,3194283932650524706
p1,A,380,120,0,h10,3213470343179578591
p1,B,52,432,16,h10,3213470343179578591
p1,C,19,105,376,h10,3213470343179578591
p1,Non-ROH,500,0,0,h10,3213470343179578591
p2,A,484,16,0,h10,3213470343179578591
p2,B,173,327,0,h10,3213470343179578591
p2,C,24,116,360,h10,3213470343179578591
p2,Non-ROH,500,0,0,h10,3213470343179578591
p3,A,475,25,0,h10,3213470343179578591
p3,B,212,288,0,h10,3213470343179578591
p3,C,23,118,359,h10,3213470343179578591
p3,Non-ROH,500,0,0,h10,3213470343179578591
p1,A,398,102,0,h10,3227493857604512410
p1,B,77,411,12,h10,3227493857604512410
p1,C,15,104,381,h10,3227493857604512410
p1,Non-ROH,500,0,0,h10,3227493857604512410
p2,A,482,18,0,h10,3227493857604512410
p2,B,183,317,0,h10,3227493857604512410
p2,C,13,137,350,h10,3227493857604512410
p2,Non-ROH,500,0,0,h10,3227493857604512410
p3,A,489,11,0,h10,3227493857604512410
p3,B,248,252,0,h10,3227493857604512410
p3,C,6,187,307,h10,3227493857604512410
p3,Non-ROH,500,0,0,h10,3227493857604512410
p1,A,434,66,0,h10,3231053329382936729
p1,B,74,415,11,h10,3231053329382936729
p1,C,17,105,378,h10,3231053329382936729
p1,Non-ROH,500,0,0,h10,3231053329382936729
p2,A,484,16,0,h10,3231053329382936729
p2,B,170,330,0,h10,3231053329382936729
p2,C,12,145,343,h10,3231053329382936729
p2,Non-ROH,500,0,0,h10,3231053329382936729
p3,A,495,5,0,h10,3231053329382936729
p3,B,257,243,0,h10,3231053329382936729
p3,C,12,139,349,h10,3231053329382936729
p3,Non-ROH,500,0,0,h10,3231053329382936729
p1,A,416,84,0,h10,3233926439603110354
p1,B,61,428,11,h10,3233926439603110354
p1,C,22,104,374,h10,3233926439603110354
p1,Non-ROH,500,0,0,h10,3233926439603110354
p2,A,490,10,0,h10,3233926439603110354
p2,B,163,337,0,h10,3233926439603110354
p2,C,18,123,359,h10,3233926439603110354
p2,Non-ROH,500,0,0,h10,3233926439603110354
p3,A,486,14,0,h10,3233926439603110354
p3,B,201,299,0,h10,3233926439603110354
p3,C,10,165,325,h10,3233926439603110354
p3,Non-ROH,500,0,0,h10,3233926439603110354
p1,A,397,103,0,h10,3247278440354634060
p1,B,77,407,16,h10,3247278440354634060
p1,C,17,120,363,h10,3247278440354634060
p1,Non-ROH,500,0,0,h10,3247278440354634060
p2,A,488,12,0,h10,3247278440354634060
p2,B,266,234,0,h10,3247278440354634060
p2,C,19,130,351,h10,3247278440354634060
p2,Non-ROH,500,0,0,h10,3247278440354634060
p3,A,493,7,0,h10,3247278440354634060
p3,B,234,266,0,h10,3247278440354634060
p3,C,9,181,310,h10,3247278440354634060
p3,Non-ROH,500,0,0,h10,3247278440354634060
p1,A,466,34,0,h10,3259279647590401931
p1,B,111,374,15,h10,3259279647590401931
p1,C,29,86,385,h10,3259279647590401931
p1,Non-ROH,500,0,0,h10,3259279647590401931
p2,A,496,4,0,h10,3259279647590401931
p2,B,229,271,0,h10,3259279647590401931
p2,C,23,107,370,h10,3259279647590401931
p2,Non-ROH,500,0,0,h10,3259279647590401931
p3,A,499,1,0,h10,3259279647590401931
p3,B,303,197,0,h10,3259279647590401931
p3,C,8,169,323,h10,3259279647590401931
p3,Non-ROH,500,0,0,h10,3259279647590401931
p1,A,417,83,0,h10,3302071645020837928
p1,B,83,405,12,h10,3302071645020837928
p1,C,27,121,352,h10,3302071645020837928
p1,Non-ROH,500,0,0,h10,3302071645020837928
p2,A,497,3,0,h10,3302071645020837928
p2,B,204,296,0,h10,3302071645020837928
p2,C,16,149,335,h10,3302071645020837928
p2,Non-ROH,500,0,0,h10,3302071645020837928
p3,A,499,1,0,h10,3302071645020837928
p3,B,269,231,0,h10,3302071645020837928
p3,C,10,94,396,h10,3302071645020837928
p3,Non-ROH,500,0,0,h10,3302071645020837928
p1,A,383,117,0,h10,3328402514371753017
p1,B,77,410,13,h10,3328402514371753017
p1,C,15,109,376,h10,3328402514371753017
p1,Non-ROH,500,0,0,h10,3328402514371753017
p2,A,472,28,0,h10,3328402514371753017
p2,B,121,377,2,h10,3328402514371753017
p2,C,21,129,350,h10,3328402514371753017
p2,Non-ROH,500,0,0,h10,3328402514371753017
p3,A,487,13,0,h10,3328402514371753017
p3,B,165,335,0,h10,3328402514371753017
p3,C,7,157,336,h10,3328402514371753017
p3,Non-ROH,500,0,0,h10,3328402514371753017
p1,A,364,136,0,h10,340979323962834709
p1,B,65,418,17,h10,340979323962834709
p1,C,17,99,384,h10,340979323962834709
p1,Non-ROH,500,0,0,h10,340979323962834709
p2,A,492,8,0,h10,340979323962834709
p2,B,201,299,0,h10,340979323962834709
p2,C,17,109,374,h10,340979323962834709
p2,Non-ROH,500,0,0,h10,340979323962834709
p3,A,482,18,0,h10,340979323962834709
p3,B,236,264,0,h10,340979323962834709
p3,C,14,112,374,h10,340979323962834709
p3,Non-ROH,500,0,0,h10,340979323962834709
p1,A,410,90,0,h10,342566792181413855
p1,B,97,391,12,h10,342566792181413855
p1,C,26,122,352,h10,342566792181413855
p1,Non-ROH,500,0,0,h10,342566792181413855
p2,A,481,19,0,h10,342566792181413855
p2,B,187,313,0,h10,342566792181413855
p2,C,14,106,380,h10,342566792181413855
p2,Non-ROH,500,0,0,h10,342566792181413855
p3,A,484,16,0,h10,342566792181413855
p3,B,250,250,0,h10,342566792181413855
p3,C,7,192,301,h10,342566792181413855
p3,Non-ROH,500,0,0,h10,342566792181413855
p1,A,467,33,0,h10,3442639218023726317
p1,B,63,420,17,h10,3442639218023726317
p1,C,15,92,393,h10,3442639218023726317
p1,Non-ROH,500,0,0,h10,3442639218023726317
p2,A,486,14,0,h10,3442639218023726317
p2,B,194,306,0,h10,3442639218023726317
p2,C,14,129,357,h10,3442639218023726317
p2,Non-ROH,500,0,0,h10,3442639218023726317
p3,A,495,5,0,h10,3442639218023726317
p3,B,214,286,0,h10,3442639218023726317
p3,C,15,107,378,h10,3442639218023726317
p3,Non-ROH,500,0,0,h10,3442639218023726317
p1,A,441,59,0,h10,345072202720539208
p1,B,79,409,12,h10,345072202720539208
p1,C,27,100,373,h10,345072202720539208
p1,Non-ROH,500,0,0,h10,345072202720539208
p2,A,495,5,0,h10,345072202720539208
p2,B,204,296,0,h10,345072202720539208
p2,C,20,108,372,h10,345072202720539208
p2,Non-ROH,500,0,0,h10,345072202720539208
p3,A,493,7,0,h10,345072202720539208
p3,B,264,236,0,h10,345072202720539208
p3,C,15,133,352,h10,345072202720539208
p3,Non-ROH,500,0,0,h10,345072202720539208
p1,A,411,89,0,h10,345290825526112128
p1,B,94,391,15,h10,345290825526112128
p1,C,20,94,386,h10,345290825526112128
p1,Non-ROH,500,0,0,h10,345290825526112128
p2,A,494,6,0,h10,345290825526112128
p2,B,274,225,1,h10,345290825526112128
p2,C,18,129,353,h10,345290825526112128
p2,Non-ROH,500,0,0,h10,345290825526112128
p3,A,494,6,0,h10,345290825526112128
p3,B,357,143,0,h10,345290825526112128
p3,C,9,100,391,h10,345290825526112128
p3,Non-ROH,500,0,0,h10,345290825526112128
p1,A,455,45,0,h10,3478593587835989243
p1,B,112,370,18,h10,3478593587835989243
p1,C,30,102,368,h10,3478593587835989243
p1,Non-ROH,500,0,0,h10,3478593587835989243
p2,A,497,3,0,h10,3478593587835989243
p2,B,267,233,0,h10,3478593587835989243
p2,C,26,111,363,h10,3478593587835989243
p2,Non-ROH,500,0,0,h10,3478593587835989243
p3,A,500,0,0,h10,3478593587835989243
p3,B,333,167,0,h10,3478593587835989243
p3,C,24,102,374,h10,3478593587835989243
p3,Non-ROH,500,0,0,h10,3478593587835989243
p1,A,471,29,0,h10,3492466372648127952
p1,B,96,380,24,h10,3492466372648127952
p1,C,29,103,368,h10,3492466372648127952
p1,Non-ROH,500,0,0,h10,3492466372648127952
p2,A,496,4,0,h10,3492466372648127952
p2,B,237,263,0,h10,3492466372648127952
p2,C,20,101,379,h10,3492466372648127952
p2,Non-ROH,500,0,0,h10,3492466372648127952
p3,A,497,3,0,h10,3492466372648127952
p3,B,269,231,0,h10,3492466372648127952
p3,C,12,94,394,h10,3492466372648127952
p3,Non-ROH,500,0,0,h10,3492466372648127952
p1,A,365,135,0,h10,3510427881162541047
p1,B,79,411,10,h10,3510427881162541047
p1,C,21,86,393,h10,3510427881162541047
p1,Non-ROH,500,0,0,h10,3510427881162541047
p2,A,484,16,0,h10,3510427881162541047
p2,B,140,360,0,h10,3510427881162541047
p2,C,23,130,347,h10,3510427881162541047
p2,Non-ROH,500,0,0,h10,3510427881162541047
p3,A,487,13,0,h10,3510427881162541047
p3,B,221,279,0,h10,3510427881162541047
p3,C,13,130,357,h10,3510427881162541047
p3,Non-ROH,500,0,0,h10,3510427881162541047
p1,A,446,54,0,h10,3515310703773236102
p1,B,65,421,14,h10,3515310703773236102
p1,C,19,112,369,h10,3515310703773236102
p1,Non-ROH,500,0,0,h10,3515310703773236102
p2,A,494,6,0,h10,3515310703773236102
p2,B,197,303,0,h10,3515310703773236102
p2,C,16,103,381,h10,3515310703773236102
p2,Non-ROH,500,0,0,h10,3515310703773236102
p3,A,489,11,0,h10,3515310703773236102
p3,B,214,286,0,h10,3515310703773236102
p3,C,6,148,346,h10,3515310703773236102
p3,Non-ROH,500,0,0,h10,3515310703773236102
p1,A,430,70,0,h10,3525202916451603638
p1,B,112,374,14,h10,3525202916451603638
p1,C,19,88,393,h10,3525202916451603638
p1,Non-ROH,500,0,0,h10,3525202916451603638
p2,A,483,17,0,h10,3525202916451603638
p2,B,200,300,0,h10,3525202916451603638
p2,C,14,104,382,h10,3525202916451603638
p2,Non-ROH,500,0,0,h10,3525202916451603638
p3,A,489,11,0,h10,3525202916451603638
p3,B,294,206,0,h10,3525202916451603638
p3,C,10,182,308,h10,3525202916451603638
p3,Non-ROH,500,0,0,h10,3525202916451603638
p1,A,464,36,0,h10,3535825091353232225
p1,B,112,370,18,h10,3535825091353232225
p1,C,24,96,380,h10,3535825091353232225
p1,Non-ROH,500,0,0,h10,3535825091353232225
p2,A,489,11,0,h10,3535825091353232225
p2,B,192,308,0,h10,3535825091353232225
p2,C,18,121,361,h10,3535825091353232225
p2,Non-ROH,500,0,0,h10,3535825091353232225
p3,A,499,1,0,h10,3535825091353232225
p3,B,271,229,0,h10,3535825091353232225
p3,C,20,114,366,h10,3535825091353232225
p3,Non-ROH,500,0,0,h10,3535825091353232225
p1,A,467,33,0,h10,3549830803760933217
p1,B,93,394,13,h10,3549830803760933217
p1,C,17,102,381,h10,3549830803760933217
p1,Non-ROH,500,0,0,h10,3549830803760933217
p2,A,498,2,0,h10,3549830803760933217
p2,B,228,272,0,h10,3549830803760933217
p2,C,21,128,351,h10,3549830803760933217
p2,Non-ROH,500,0,0,h10,3549830803760933217
p3,A,498,2,0,h10,3549830803760933217
p3,B,282,218,0,h10,3549830803760933217
p3,C,18,149,333,h10,3549830803760933217
p3,Non-ROH,500,0,0,h10,3549830803760933217
p1,A,464,36,0,h10,3570967265604779907
p1,B,93,391,16,h10,3570967265604779907
p1,C,35,109,356,h10,3570967265604779907
p1,Non-ROH,500,0,0,h10,3570967265604779907
p2,A,497,3,0,h10,3570967265604779907
p2,B,230,270,0,h10,3570967265604779907
p2,C,22,121,357,h10,3570967265604779907
p2,Non-ROH,500,0,0,h10,3570967265604779907
p3,A,498,2,0,h10,3570967265604779907
p3,B,263,237,0,h10,3570967265604779907
p3,C,29,114,357,h10,3570967265604779907
p3,Non-ROH,500,0,0,h10,3570967265604779907
p1,A,458,42,0,h10,359694017906808707
p1,B,101,385,14,h10,359694017906808707
p1,C,38,93,369,h10,359694017906808707
p1,Non-ROH,500,0,0,h10,359694017906808707
p2,A,494,6,0,h10,359694017906808707
p2,B,237,263,0,h10,359694017906808707
p2,C,28,122,350,h10,359694017906808707
p2,Non-ROH,500,0,0,h10,359694017906808707
p3,A,498,2,0,h10,359694017906808707
p3,B,283,217,0,h10,359694017906808707
p3,C,27,135,338,h10,359694017906808707
p3,Non-ROH,500,0,0,h10,359694017906808707
p1,A,439,61,0,h10,3597153204059771281
p1,B,75,412,13,h10,3597153204059771281
p1,C,25,110,365,h10,3597153204059771281
p1,Non-ROH,500,0,0,h10,3597153204059771281
p2,A,492,8,0,h10,3597153204059771281
p2,B,241,259,0,h10,3597153204059771281
p2,C,15,129,356,h10,3597153204059771281
p2,Non-ROH,500,0,0,h10,3597153204059771281
p3,A,494,6,0,h10,3597153204059771281
p3,B,249,251,0,h10,3597153204059771281
p3,C,14,136,350,h10,3597153204059771281
p3,Non-ROH,500,0,0,h10,3597153204059771281
p1,A,425,75,0,h10,3604425597620500274
p1,B,137,351,12,h10,3604425597620500274
p1,C,44,84,372,h10,3604425597620500274
p1,Non-ROH,500,0,0,h10,3604425597620500274
p2,A,491,9,0,h10,3604425597620500274
p2,B,284,216,0,h10,3604425597620500274
p2,C,24,174,302,h10,3604425597620500274
p2,Non-ROH,500,0,0,h10,3604425597620500274
p3,A,500,0,0,h10,3604425597620500274
p3,B,318,182,0,h10,3604425597620500274
p3,C,36,151,313,h10,3604425597620500274
p3,Non-ROH,500,0,0,h10,3604425597620500274
p1,A,463,37,0,h10,3607617081739144586
p1,B,78,406,16,h10,3607617081739144586
p1,C,20,115,365,h10,3607617081739144586
p1,Non-ROH,500,0,0,h10,3607617081739144586
p2,A,498,2,0,h10,3607617081739144586
p2,B,227,273,0,h10,3607617081739144586
p2,C,11,142,347,h10,3607617081739144586
p2,Non-ROH,500,0,0,h10,3607617081739144586
p3,A,497,3,0,h10,3607617081739144586
p3,B,300,200,0,h10,3607617081739144586
p3,C,16,104,380,h10,3607617081739144586
p3,Non-ROH,500,0,0,h10,3607617081739144586
p1,A,456,44,0,h10,3616519850239724504
p1,B,102,380,18,h10,3616519850239724504
p1,C,23,117,360,h10,3616519850239724504
p1,Non-ROH,500,0,0,h10,3616519850239724504
p2,A,494,6,0,h10,3616519850239724504
p2,B,239,261,0,h10,3616519850239724504
p2,C,14,116,370,h10,3616519850239724504
p2,Non-ROH,500,0,0,h10,3616519850239724504
p3,A,491,9,0,h10,3616519850239724504
p3,B,290,210,0,h10,3616519850239724504
p3,C,11,108,381,h10,3616519850239724504
p3,Non-ROH,500,0,0,h10,3616519850239724504
p1,A,391,109,0,h10,362852213953116869
p1,B,61,423,16,h10,362852213953116869
p1,C,21,103,376,h10,362852213953116869
p1,Non-ROH,500,0,0,h10,362852213953116869
p2,A,492,8,0,h10,362852213953116869
p2,B,174,326,0,h10,362852213953116869
p2,C,11,157,332,h10,362852213953116869
p2,Non-ROH,500,0,0,h10,362852213953116869
p3,A,476,24,0,h10,362852213953116869
p3,B,201,299,0,h10,362852213953116869
p3,C,7,144,349,h10,362852213953116869
p3,Non-ROH,500,0,0,h10,362852213953116869
p1,A,437,63,0,h10,363126182234890510
p1,B,63,418,19,h10,363126182234890510
p1,C,53,94,353,h10,363126182234890510
p1,Non-ROH,500,0,0,h10,363126182234890510
p2,A,484,16,0,h10,363126182234890510
p2,B,200,300,0,h10,363126182234890510
p2,C,81,78,341,h10,363126182234890510
p2,Non-ROH,500,0,0,h10,363126182234890510
p3,A,486,14,0,h10,363126182234890510
p3,B,267,233,0,h10,363126182234890510
p3,C,120,74,306,h10,363126182234890510
p3,Non-ROH,500,0,0,h10,363126182234890510
p1,A,463,37,0,h10,3652918838938183809
p1,B,117,369,14,h10,3652918838938183809
p1,C,28,96,376,h10,3652918838938183809
p1,Non-ROH,500,0,0,h10,3652918838938183809
p2,A,498,2,0,h10,3652918838938183809
p2,B,275,225,0,h10,3652918838938183809
p2,C,16,99,385,h10,3652918838938183809
p2,Non-ROH,500,0,0,h10,3652918838938183809
p3,A,498,2,0,h10,3652918838938183809
p3,B,289,211,0,h10,3652918838938183809
p3,C,15,93,392,h10,3652918838938183809
p3,Non-ROH,500,0,0,h10,3652918838938183809
p1,A,465,35,0,h10,3665964007175483442
p1,B,113,378,9,h10,3665964007175483442
p1,C,28,84,388,h10,3665964007175483442
p1,Non-ROH,500,0,0,h10,3665964007175483442
p2,A,500,0,0,h10,3665964007175483442
p2,B,246,254,0,h10,3665964007175483442
p2,C,20,118,362,h10,3665964007175483442
p2,Non-ROH,500,0,0,h10,3665964007175483442
p3,A,498,2,0,h10,3665964007175483442
p3,B,331,169,0,h10,3665964007175483442
p3,C,25,126,349,h10,3665964007175483442
p3,Non-ROH,500,0,0,h10,3665964007175483442
p1,A,427,73,0,h10,3694111826312185667
p1,B,123,360,17,h10,3694111826312185667
p1,C,23,109,368,h10,3694111826312185667
p1,Non-ROH,500,0,0,h10,3694111826312185667
p2,A,497,3,0,h10,3694111826312185667
p2,B,244,256,0,h10,3694111826312185667
p2,C,15,157,328,h10,3694111826312185667
p2,Non-ROH,500,0,0,h10,3694111826312185667
p3,A,500,0,0,h10,3694111826312185667
p3,B,272,228,0,h10,3694111826312185667
p3,C,9,105,386,h10,3694111826312185667
p3,Non-ROH,500,0,0,h10,3694111826312185667
p1,A,441,59,0,h10,370979875412372043
p1,B,109,375,16,h10,370979875412372043
p1,C,28,85,387,h10,370979875412372043
p1,Non-ROH,500,0,0,h10,370979875412372043
p2,A,491,9,0,h10,370979875412372043
p2,B,228,272,0,h10,370979875412372043
p2,C,16,191,293,h10,370979875412372043
p2,Non-ROH,500,0,0,h10,370979875412372043
p3,A,497,3,0,h10,370979875412372043
p3,B,279,221,0,h10,370979875412372043
p3,C,17,99,384,h10,370979875412372043
p3,Non-ROH,500,0,0,h10,370979875412372043
p1,A,423,77,0,h10,3743949025601524074
p1,B,77,405,18,h10,3743949025601524074
p1,C,24,113,363,h10,3743949025601524074
p1,Non-ROH,500,0,0,h10,3743949025601524074
p2,A,496,4,0,h10,3743949025601524074
p2,B,234,266,0,h10,3743949025601524074
p2,C,21,174,305,h10,3743949025601524074
p2,Non-ROH,500,0,0,h10,3743949025601524074
p3,A,493,7,0,h10,3743949025601524074
p3,B,312,188,0,h10,3743949025601524074
p3,C,14,151,335,h10,3743949025601524074
p3,Non-ROH,500,0,0,h10,3743949025601524074
p1,A,428,72,0,h10,3762068953909526468
p1,B,88,401,11,h10,3762068953909526468
p1,C,20,89,391,h10,3762068953909526468
p1,Non-ROH,500,0,0,h10,3762068953909526468
p2,A,494,6,0,h10,3762068953909526468
p2,B,197,303,0,h10,3762068953909526468
p2,C,14,108,378,h10,3762068953909526468
p2,Non-ROH,500,0,0,h10,3762068953909526468
p3,A,488,12,0,h10,3762068953909526468
p3,B,248,252,0,h10,3762068953909526468
p3,C,10,109,381,h10,3762068953909526468
p3,Non-ROH,500,0,0,h10,3762068953909526468
p1,A,411,89,0,h10,3767282456917893649
p1,B,56,430,14,h10,3767282456917893649
p1,C,12,101,387,h10,3767282456917893649
p1,Non-ROH,500,0,0,h10,3767282456917893649
p2,A,491,9,0,h10,3767282456917893649
p2,B,165,335,0,h10,3767282456917893649
p2,C,13,107,380,h10,3767282456917893649
p2,Non-ROH,500,0,0,h10,3767282456917893649
p3,A,499,1,0,h10,3767282456917893649
p3,B,274,226,0,h10,3767282456917893649
p3,C,13,109,378,h10,3767282456917893649
p3,Non-ROH,500,0,0,h10,3767282456917893649
p1,A,461,39,0,h10,3773869745490374435
p1,B,158,334,8,h10,3773869745490374435
p1,C,50,70,380,h10,3773869745490374435
p1,Non-ROH,500,0,0,h10,3773869745490374435
p2,A,499,1,0,h10,3773869745490374435
p2,B,281,219,0,h10,3773869745490374435
p2,C,64,55,381,h10,3773869745490374435
p2,Non-ROH,500,0,0,h10,3773869745490374435
p3,A,500,0,0,h10,3773869745490374435
p3,B,321,179,0,h10,3773869745490374435
p3,C,64,53,383,h10,3773869745490374435
p3,Non-ROH,500,0,0,h10,3773869745490374435
p1,A,447,53,0,h10,3792675460443327982
p1,B,98,394,8,h10,3792675460443327982
p1,C,31,96,373,h10,3792675460443327982
p1,Non-ROH,500,0,0,h10,3792675460443327982
p2,A,498,2,0,h10,3792675460443327982
p2,B,275,225,0,h10,3792675460443327982
p2,C,30,112,358,h10,3792675460443327982
p2,Non-ROH,500,0,0,h10,3792675460443327982
p3,A,497,3,0,h10,3792675460443327982
p3,B,329,171,0,h10,3792675460443327982
p3,C,32,98,370,h10,3792675460443327982
p3,Non-ROH,500,0,0,h10,3792675460443327982
p1,A,415,85,0,h10,3794599103920556640
p1,B,80,405,15,h10,3794599103920556640
p1,C,21,96,383,h10,3794599103920556640
p1,Non-ROH,500,0,0,h10,3794599103920556640
p2,A,490,10,0,h10,3794599103920556640
p2,B,204,296,0,h10,3794599103920556640
p2,C,10,96,394,h10,3794599103920556640
p2,Non-ROH,500,0,0,h10,3794599103920556640
p3,A,490,10,0,h10,3794599103920556640
p3,B,241,259,0,h10,3794599103920556640
p3,C,7,171,322,h10,3794599103920556640
p3,Non-ROH,500,0,0,h10,3794599103920556640
p1,A,437,63,0,h10,3809849392544341668
p1,B,71,419,10,h10,3809849392544341668
p1,C,18,114,368,h10,3809849392544341668
p1,Non-ROH,500,0,0,h10,3809849392544341668
p2,A,496,4,0,h10,3809849392544341668
p2,B,165,335,0,h10,3809849392544341668
p2,C,15,120,365,h10,3809849392544341668
p2,Non-ROH,500,0,0,h10,3809849392544341668
p3,A,493,7,0,h10,3809849392544341668
p3,B,280,220,0,h10,3809849392544341668
p3,C,24,127,349,h10,3809849392544341668
p3,Non-ROH,500,0,0,h10,3809849392544341668
p1,A,393,107,0,h10,3814054020251346733
p1,B,112,376,12,h10,3814054020251346733
p1,C,22,105,373,h10,3814054020251346733
p1,Non-ROH,500,0,0,h10,3814054020251346733
p2,A,466,34,0,h10,3814054020251346733
p2,B,202,298,0,h10,3814054020251346733
p2,C,11,140,349,h10,3814054020251346733
p2,Non-ROH,500,0,0,h10,3814054020251346733
p3,A,489,11,0,h10,3814054020251346733
p3,B,255,245,0,h10,3814054020251346733
p3,C,17,146,337,h10,3814054020251346733
p3,Non-ROH,500,0,0,h10,3814054020251346733
p1,A,430,70,0,h10,3818319660638604125
p1,B,51,439,10,h10,3818319660638604125
p1,C,17,110,373,h10,3818319660638604125
p1,Non-ROH,500,0,0,h10,3818319660638604125
p2,A,476,24,0,h10,3818319660638604125
p2,B,142,358,0,h10,3818319660638604125
p2,C,13,169,318,h10,3818319660638604125
p2,Non-ROH,500,0,0,h10,3818319660638604125
p3,A,490,10,0,h10,3818319660638604125
p3,B,230,270,0,h10,3818319660638604125
p3,C,9,127,364,h10,3818319660638604125
p3,Non-ROH,500,0,0,h10,3818319660638604125
p1,A,471,29,0,h10,3874096620129047923
p1,B,155,333,12,h10,3874096620129047923
p1,C,14,111,375,h10,3874096620129047923
p1,Non-ROH,500,0,0,h10,3874096620129047923
p2,A,500,0,0,h10,3874096620129047923
p2,B,310,190,0,h10,3874096620129047923
p2,C,23,90,387,h10,3874096620129047923
p2,Non-ROH,500,0,0,h10,3874096620129047923
p3,A,494,6,0,h10,3874096620129047923
p3,B,351,148,1,h10,3874096620129047923
p3,C,22,114,364,h10,3874096620129047923
p3,Non-ROH,500,0,0,h10,3874096620129047923
p1,A,442,58,0,h10,3913324801739798008
p1,B,76,411,13,h10,3913324801739798008
p1,C,28,107,365,h10,3913324801739798008
p1,Non-ROH,500,0,0,h10,3913324801739798008
p2,A,493,7,0,h10,3913324801739798008
p2,B,198,302,0,h10,3913324801739798008
p2,C,7,119,374,h10,3913324801739798008
p2,Non-ROH,500,0,0,h10,3913324801739798008
p3,A,491,9,0,h10,3913324801739798008
p3,B,272,228,0,h10,3913324801739798008
p3,C,22,146,332,h10,3913324801739798008
p3,Non-ROH,500,0,0,h10,3913324801739798008
p1,A,457,43,0,h10,3916530029150230865
p1,B,71,412,17,h10,3916530029150230865
p1,C,30,129,341,h10,3916530029150230865
p1,Non-ROH,500,0,0,h10,3916530029150230865
p2,A,488,12,0,h10,3916530029150230865
p2,B,173,327,0,h10,3916530029150230865
p2,C,12,157,331,h10,3916530029150230865
p2,Non-ROH,500,0,0,h10,3916530029150230865
p3,A,498,2,0,h10,3916530029150230865
p3,B,297,202,1,h10,3916530029150230865
p3,C,15,117,368,h10,3916530029150230865
p3,Non-ROH,500,0,0,h10,3916530029150230865
p1,A,472,28,0,h10,3938124145422105887
p1,B,95,386,19,h10,3938124145422105887
p1,C,39,108,353,h10,3938124145422105887
p1,Non-ROH,500,0,0,h10,3938124145422105887
p2,A,492,8,0,h10,3938124145422105887
p2,B,217,283,0,h10,3938124145422105887
p2,C,34,148,318,h10,3938124145422105887
p2,Non-ROH,500,0,0,h10,3938124145422105887
p3,A,497,3,0,h10,3938124145422105887
p3,B,295,205,0,h10,3938124145422105887
p3,C,14,104,382,h10,3938124145422105887
p3,Non-ROH,500,0,0,h10,3938124145422105887
p1,A,452,48,0,h10,3948790931757877940
p1,B,104,389,7,h10,3948790931757877940
p1,C,29,95,376,h10,3948790931757877940
p1,Non-ROH,500,0,0,h10,3948790931757877940
p2,A,492,8,0,h10,3948790931757877940
p2,B,256,244,0,h10,3948790931757877940
p2,C,10,153,337,h10,3948790931757877940
p2,Non-ROH,500,0,0,h10,3948790931757877940
p3,A,499,1,0,h10,3948790931757877940
p3,B,325,175,0,h10,3948790931757877940
p3,C,23,123,354,h10,3948790931757877940
p3,Non-ROH,500,0,0,h10,3948790931757877940
p1,A,464,36,0,h10,3954792011518871870
p1,B,82,400,18,h10,3954792011518871870
p1,C,21,99,380,h10,3954792011518871870
p1,Non-ROH,500,0,0,h10,3954792011518871870
p2,A,495,5,0,h10,3954792011518871870
p2,B,195,305,0,h10,3954792011518871870
p2,C,20,143,337,h10,3954792011518871870
p2,Non-ROH,500,0,0,h10,3954792011518871870
p3,A,497,3,0,h10,3954792011518871870
p3,B,252,248,0,h10,3954792011518871870
p3,C,14,154,332,h10,3954792011518871870
p3,Non-ROH,500,0,0,h10,3954792011518871870
p1,A,460,40,0,h10,3971930751344835335
p1,B,97,388,15,h10,3971930751344835335
p1,C,28,110,362,h10,3971930751344835335
p1,Non-ROH,500,0,0,h10,3971930751344835335
p2,A,495,5,0,h10,3971930751344835335
p2,B,224,276,0,h10,3971930751344835335
p2,C,13,113,374,h10,3971930751344835335
p2,Non-ROH,500,0,0,h10,3971930751344835335
p3,A,497,3,0,h10,3971930751344835335
p3,B,251,249,0,h10,3971930751344835335
p3,C,26,92,382,h10,3971930751344835335
p3,Non-ROH,500,0,0,h10,3971930751344835335
p1,A,450,50,0,h10,404187056829021925
p1,B,100,388,12,h10,404187056829021925
p1,C,28,91,381,h10,404187056829021925
p1,Non-ROH,500,0,0,h10,404187056829021925
p2,A,494,6,0,h10,404187056829021925
p2,B,221,279,0,h10,404187056829021925
p2,C,9,117,374,h10,404187056829021925
p2,Non-ROH,500,0,0,h10,404187056829021925
p3,A,489,11,0,h10,404187056829021925
p3,B,241,259,0,h10,404187056829021925
p3,C,11,113,376,h10,404187056829021925
p3,Non-ROH,500,0,0,h10,404187056829021925
p1,A,444,56,0,h10,4046471832101842570
p1,B,110,374,16,h10,4046471832101842570
p1,C,24,111,365,h10,4046471832101842570
p1,Non-ROH,500,0,0,h10,4046471832101842570
p2,A,497,3,0,h10,4046471832101842570
p2,B,211,289,0,h10,4046471832101842570
p2,C,24,134,342,h10,4046471832101842570
p2,Non-ROH,500,0,0,h10,4046471832101842570
p3,A,497,3,0,h10,4046471832101842570
p3,B,273,227,0,h10,4046471832101842570
p3,C,13,123,364,h10,4046471832101842570
p3,Non-ROH,500,0,0,h10,4046471832101842570
p1,A,403,97,0,h10,4058745851736216057
p1,B,62,424,14,h10,4058745851736216057
p1,C,16,112,372,h10,4058745851736216057
p1,Non-ROH,500,0,0,h10,4058745851736216057
p2,A,469,31,0,h10,4058745851736216057
p2,B,137,363,0,h10,4058745851736216057
p2,C,10,120,370,h10,4058745851736216057
p2,Non-ROH,500,0,0,h10,4058745851736216057
p3,A,490,10,0,h10,4058745851736216057
p3,B,214,286,0,h10,4058745851736216057
p3,C,13,165,322,h10,4058745851736216057
p3,Non-ROH,500,0,0,h10,4058745851736216057
p1,A,335,165,0,h10,4090144998140291029
p1,B,43,428,29,h10,4090144998140291029
p1,C,15,110,375,h10,4090144998140291029
p1,Non-ROH,500,0,0,h10,4090144998140291029
p2,A,460,40,0,h10,4090144998140291029
p2,B,125,375,0,h10,4090144998140291029
p2,C,6,148,346,h10,4090144998140291029
p2,Non-ROH,500,0,0,h10,4090144998140291029
p3,A,444,56,0,h10,4090144998140291029
p3,B,152,348,0,h10,4090144998140291029
p3,C,4,135,361,h10,4090144998140291029
p3,Non-ROH,500,0,0,h10,4090144998140291029
p1,A,442,58,0,h10,413304926230838406
p1,B,96,385,19,h10,413304926230838406
p1,C,48,88,364,h10,413304926230838406
p1,Non-ROH,500,0,0,h10,413304926230838406
p2,A,493,7,0,h10,413304926230838406
p2,B,222,278,0,h10,413304926230838406
p2,C,30,97,373,h10,413304926230838406
p2,Non-ROH,500,0,0,h10,413304926230838406
p3,A,499,1,0,h10,413304926230838406
p3,B,267,233,0,h10,413304926230838406
p3,C,16,134,350,h10,413304926230838406
p3,Non-ROH,500,0,0,h10,413304926230838406
p1,A,450,50,0,h10,4157312116037548159
p1,B,91,389,20,h10,4157312116037548159
p1,C,28,108,364,h10,4157312116037548159
p1,Non-ROH,500,0,0,h10,4157312116037548159
p2,A,495,5,0,h10,4157312116037548159
p2,B,195,305,0,h10,4157312116037548159
p2,C,13,85,402,h10,4157312116037548159
p2,Non-ROH,500,0,0,h10,4157312116037548159
p3,A,498,2,0,h10,4157312116037548159
p3,B,221,279,0,h10,4157312116037548159
p3,C,15,111,374,h10,4157312116037548159
p3,Non-ROH,500,0,0,h10,4157312116037548159
p1,A,432,68,0,h10,4177140041642262334
p1,B,82,405,13,h10,4177140041642262334
p1,C,22,112,366,h10,4177140041642262334
p1,Non-ROH,500,0,0,h10,4177140041642262334
p2,A,492,8,0,h10,4177140041642262334
p2,B,204,296,0,h10,4177140041642262334
p2,C,19,105,376,h10,4177140041642262334
p2,Non-ROH,500,0,0,h10,4177140041642262334
p3,A,499,1,0,h10,4177140041642262334
p3,B,292,208,0,h10,4177140041642262334
p3,C,16,118,366,h10,4177140041642262334
p3,Non-ROH,500,0,0,h10,4177140041642262334
p1,A,403,97,0,h10,4188532059663769285
p1,B,68,419,13,h10,4188532059663769285
p1,C,17,136,347,h10,4188532059663769285
p1,Non-ROH,500,0,0,h10,4188532059663769285
p2,A,480,20,0,h10,4188532059663769285
p2,B,134,366,0,h10,4188532059663769285
p2,C,12,94,394,h10,4188532059663769285
p2,Non-ROH,500,0,0,h10,4188532059663769285
p3,A,482,18,0,h10,4188532059663769285
p3,B,184,316,0,h10,4188532059663769285
p3,C,11,103,386,h10,4188532059663769285
p3,Non-ROH,500,0,0,h10,4188532059663769285
p1,A,460,40,0,h10,4194406875143932514
p1,B,82,404,14,h10,4194406875143932514
p1,C,25,113,362,h10,4194406875143932514
p1,Non-ROH,500,0,0,h10,4194406875143932514
p2,A,499,1,0,h10,4194406875143932514
p2,B,205,295,0,h10,4194406875143932514
p2,C,19,96,385,h10,4194406875143932514
p2,Non-ROH,500,0,0,h10,4194406875143932514
p3,A,499,1,0,h10,4194406875143932514
p3,B,263,237,0,h10,4194406875143932514
p3,C,10,87,403,h10,4194406875143932514
p3,Non-ROH,500,0,0,h10,4194406875143932514
p1,A,448,52,0,h10,4195727619608596429
p1,B,104,382,14,h10,4195727619608596429
p1,C,30,94,376,h10,4195727619608596429
p1,Non-ROH,500,0,0,h10,4195727619608596429
p2,A,491,9,0,h10,4195727619608596429
p2,B,216,284,0,h10,4195727619608596429
p2,C,16,152,332,h10,4195727619608596429
p2,Non-ROH,500,0,0,h10,4195727619608596429
p3,A,491,9,0,h10,4195727619608596429
p3,B,261,239,0,h10,4195727619608596429
p3,C,9,122,369,h10,4195727619608596429
p3,Non-ROH,500,0,0,h10,4195727619608596429
p1,A,431,69,0,h10,42166289132561572
p1,B,60,422,18,h10,42166289132561572
p1,C,22,92,386,h10,42166289132561572
p1,Non-ROH,500,0,0,h10,42166289132561572
p2,A,496,4,0,h10,42166289132561572
p2,B,169,331,0,h10,42166289132561572
p2,C,13,141,346,h10,42166289132561572
p2,Non-ROH,500,0,0,h10,42166289132561572
p3,A,499,1,0,h10,42166289132561572
p3,B,230,270,0,h10,42166289132561572
p3,C,6,130,364,h10,42166289132561572
p3,Non-ROH,500,0,0,h10,42166289132561572
p1,A,468,32,0,h10,4244901996051818562
p1,B,113,376,11,h10,4244901996051818562
p1,C,29,98,373,h10,4244901996051818562
p1,Non-ROH,500,0,0,h10,4244901996051818562
p2,A,499,1,0,h10,4244901996051818562
p2,B,223,277,0,h10,4244901996051818562
p2,C,29,86,385,h10,4244901996051818562
p2,Non-ROH,500,0,0,h10,4244901996051818562
p3,A,500,0,0,h10,4244901996051818562
p3,B,330,170,0,h10,4244901996051818562
p3,C,24,121,355,h10,4244901996051818562
p3,Non-ROH,500,0,0,h10,4244901996051818562
p1,A,462,38,0,h10,4278457999579394267
p1,B,122,364,14,h10,4278457999579394267
p1,C,25,111,364,h10,4278457999579394267
p1,Non-ROH,500,0,0,h10,4278457999579394267
p2,A,497,3,0,h10,4278457999579394267
p2,B,277,223,0,h10,4278457999579394267
p2,C,15,159,326,h10,4278457999579394267
p2,Non-ROH,500,0,0,h10,4278457999579394267
p3,A,498,2,0,h10,4278457999579394267
p3,B,323,177,0,h10,4278457999579394267
p3,C,15,200,285,h10,4278457999579394267
p3,Non-ROH,500,0,0,h10,4278457999579394267
p1,A,398,102,0,h10,433204020074094804
p1,B,75,414,11,h10,433204020074094804
p1,C,28,94,378,h10,433204020074094804
p1,Non-ROH,500,0,0,h10,433204020074094804
p2,A,471,29,0,h10,433204020074094804
p2,B,184,316,0,h10,433204020074094804
p2,C,13,101,386,h10,433204020074094804
p2,Non-ROH,500,0,0,h10,433204020074094804
p3,A,476,24,0,h10,433204020074094804
p3,B,213,287,0,h10,433204020074094804
p3,C,10,170,320,h10,433204020074094804
p3,Non-ROH,500,0,0,h10,433204020074094804
p1,A,427,73,0,h10,4345349737809629597
p1,B,84,399,17,h10,4345349737809629597
p1,C,25,111,364,h10,4345349737809629597
p1,Non-ROH,500,0,0,h10,4345349737809629597
p2,A,494,6,0,h10,4345349737809629597
p2,B,186,314,0,h10,4345349737809629597
p2,C,35,138,327,h10,4345349737809629597
p2,Non-ROH,500,0,0,h10,4345349737809629597
p3,A,500,0,0,h10,4345349737809629597
p3,B,253,247,0,h10,4345349737809629597
p3,C,18,203,279,h10,4345349737809629597
p3,Non-ROH,500,0,0,h10,4345349737809629597
p1,A,458,42,0,h10,4361793046382718442
p1,B,131,358,11,h10,4361793046382718442
p1,C,42,109,349,h10,4361793046382718442
p1,Non-ROH,500,0,0,h10,4361793046382718442
p2,A,497,3,0,h10,4361793046382718442
p2,B,316,184,0,h10,4361793046382718442
p2,C,25,153,322,h10,4361793046382718442
p2,Non-ROH,500,0,0,h10,4361793046382718442
p3,A,497,3,0,h10,4361793046382718442
p3,B,296,204,0,h10,4361793046382718442
p3,C,12,181,307,h10,4361793046382718442
p3,Non-ROH,500,0,0,h10,4361793046382718442
p1,A,463,37,0,h10,4365375339386103969
p1,B,110,376,14,h10,4365375339386103969
p1,C,42,93,365,h10,4365375339386103969
p1,Non-ROH,500,0,0,h10,4365375339386103969
p2,A,495,5,0,h10,4365375339386103969
p2,B,307,193,0,h10,4365375339386103969
p2,C,19,96,385,h10,4365375339386103969
p2,Non-ROH,500,0,0,h10,4365375339386103969
p3,A,495,5,0,h10,4365375339386103969
p3,B,295,205,0,h10,4365375339386103969
p3,C,14,120,366,h10,4365375339386103969
p3,Non-ROH,500,0,0,h10,4365375339386103969
p1,A,412,88,0,h10,4399065134072947773
p1,B,67,419,14,h10,4399065134072947773
p1,C,21,106,373,h10,4399065134072947773
p1,Non-ROH,500,0,0,h10,4399065134072947773
p2,A,497,3,0,h10,4399065134072947773
p2,B,242,258,0,h10,4399065134072947773
p2,C,19,124,357,h10,4399065134072947773
p2,Non-ROH,500,0,0,h10,4399065134072947773
p3,A,499,1,0,h10,4399065134072947773
p3,B,305,195,0,h10,4399065134072947773
p3,C,11,146,343,h10,4399065134072947773
p3,Non-ROH,500,0,0,h10,4399065134072947773
p1,A,427,73,0,h10,4423263171116527435
p1,B,69,409,22,h10,4423263171116527435
p1,C,25,105,370,h10,4423263171116527435
p1,Non-ROH,500,0,0,h10,4423263171116527435
p2,A,490,10,0,h10,4423263171116527435
p2,B,162,338,0,h10,4423263171116527435
p2,C,8,108,384,h10,4423263171116527435
p2,Non-ROH,500,0,0,h10,4423263171116527435
p3,A,494,6,0,h10,4423263171116527435
p3,B,225,275,0,h10,4423263171116527435
p3,C,22,107,371,h10,4423263171116527435
p3,Non-ROH,500,0,0,h10,4423263171116527435
p1,A,381,119,0,h10,4438783225372010719
p1,B,69,415,16,h10,4438783225372010719
p1,C,31,95,374,h10,4438783225372010719
p1,Non-ROH,500,0,0,h10,4438783225372010719
p2,A,476,24,0,h10,4438783225372010719
p2,B,155,345,0,h10,4438783225372010719
p2,C,12,137,351,h10,4438783225372010719
p2,Non-ROH,500,0,0,h10,4438783225372010719
p3,A,488,12,0,h10,4438783225372010719
p3,B,221,279,0,h10,4438783225372010719
p3,C,9,115,376,h10,4438783225372010719
p3,Non-ROH,500,0,0,h10,4438783225372010719
p1,A,388,112,0,h10,4443744613238794199
p1,B,99,386,15,h10,4443744613238794199
p1,C,18,96,386,h10,4443744613238794199
p1,Non-ROH,500,0,0,h10,4443744613238794199
p2,A,474,26,0,h10,4443744613238794199
p2,B,191,309,0,h10,4443744613238794199
p2,C,18,120,362,h10,4443744613238794199
p2,Non-ROH,500,0,0,h10,4443744613238794199
p3,A,475,25,0,h10,4443744613238794199
p3,B,274,226,0,h10,4443744613238794199
p3,C,11,134,355,h10,4443744613238794199
p3,Non-ROH,500,0,0,h10,4443744613238794199
p1,A,453,47,0,h10,4473068787800223782
p1,B,98,387,15,h10,4473068787800223782
p1,C,29,91,380,h10,4473068787800223782
p1,Non-ROH,500,0,0,h10,4473068787800223782
p2,A,482,18,0,h10,4473068787800223782
p2,B,215,285,0,h10,4473068787800223782
p2,C,11,167,322,h10,4473068787800223782
p2,Non-ROH,500,0,0,h10,4473068787800223782
p3,A,490,10,0,h10,4473068787800223782
p3,B,272,228,0,h10,4473068787800223782
p3,C,14,127,359,h10,4473068787800223782
p3,Non-ROH,500,0,0,h10,4473068787800223782
p1,A,417,83,0,h10,4476948680415221754
p1,B,72,420,8,h10,4476948680415221754
p1,C,20,111,369,h10,4476948680415221754
p1,Non-ROH,500,0,0,h10,4476948680415221754
p2,A,465,35,0,h10,4476948680415221754
p2,B,166,334,0,h10,4476948680415221754
p2,C,16,182,302,h10,4476948680415221754
p2,Non-ROH,500,0,0,h10,4476948680415221754
p3,A,454,46,0,h10,4476948680415221754
p3,B,257,243,0,h10,4476948680415221754
p3,C,10,133,357,h10,4476948680415221754
p3,Non-ROH,500,0,0,h10,4476948680415221754
p1,A,471,29,0,h10,448319367688946302
p1,B,141,345,14,h10,448319367688946302
p1,C,44,83,373,h10,448319367688946302
p1,Non-ROH,500,0,0,h10,448319367688946302
p2,A,497,3,0,h10,448319367688946302
p2,B,296,204,0,h10,448319367688946302
p2,C,41,132,327,h10,448319367688946302
p2,Non-ROH,500,0,0,h10,448319367688946302
p3,A,498,2,0,h10,448319367688946302
p3,B,369,131,0,h10,448319367688946302
p3,C,25,172,303,h10,448319367688946302
p3,Non-ROH,500,0,0,h10,448319367688946302
p1,A,434,66,0,h10,4494227658266820746
p1,B,106,372,22,h10,4494227658266820746
p1,C,33,96,371,h10,4494227658266820746
p1,Non-ROH,500,0,0,h10,4494227658266820746
p2,A,482,18,0,h10,4494227658266820746
p2,B,247,253,0,h10,4494227658266820746
p2,C,27,98,375,h10,4494227658266820746
p2,Non-ROH,500,0,0,h10,4494227658266820746
p3,A,494,6,0,h10,4494227658266820746
p3,B,287,213,0,h10,4494227658266820746
p3,C,18,142,340,h10,4494227658266820746
p3,Non-ROH,500,0,0,h10,4494227658266820746
p1,A,389,111,0,h10,4498646663778846355
p1,B,76,405,19,h10,4498646663778846355
p1,C,11,110,379,h10,4498646663778846355
p1,Non-ROH,500,0,0,h10,4498646663778846355
p2,A,479,21,0,h10,4498646663778846355
p2,B,184,316,0,h10,4498646663778846355
p2,C,13,143,344,h10,4498646663778846355
p2,Non-ROH,500,0,0,h10,4498646663778846355
p3,A,475,25,0,h10,4498646663778846355
p3,B,264,236,0,h10,4498646663778846355
p3,C,15,125,360,h10,4498646663778846355
p3,Non-ROH,500,0,0,h10,4498646663778846355
p1,A,454,46,0,h10,450063676179171794
p1,B,109,379,12,h10,450063676179171794
p1,C,26,104,370,h10,450063676179171794
p1,Non-ROH,500,0,0,h10,450063676179171794
p2,A,485,15,0,h10,450063676179171794
p2,B,230,270,0,h10,450063676179171794
p2,C,15,81,404,h10,450063676179171794
p2,Non-ROH,500,0,0,h10,450063676179171794
p3,A,490,10,0,h10,450063676179171794
p3,B,242,258,0,h10,450063676179171794
p3,C,22,178,300,h10,450063676179171794
p3,Non-ROH,500,0,0,h10,450063676179171794
p1,A,416,84,0,h10,4514687463963706410
p1,B,87,396,17,h10,4514687463963706410
p1,C,18,104,378,h10,4514687463963706410
p1,Non-ROH,500,0,0,h10,4514687463963706410
p2,A,491,9,0,h10,4514687463963706410
p2,B,226,274,0,h10,4514687463963706410
p2,C,20,94,386,h10,4514687463963706410
p2,Non-ROH,500,0,0,h10,4514687463963706410
p3,A,495,5,0,h10,4514687463963706410
p3,B,289,211,0,h10,4514687463963706410
p3,C,14,107,379,h10,4514687463963706410
p3,Non-ROH,500,0,0,h10,4514687463963706410
p1,A,425,75,0,h10,4553298222200008364
p1,B,76,411,13,h10,4553298222200008364
p1,C,33,92,375,h10,4553298222200008364
p1,Non-ROH,500,0,0,h10,4553298222200008364
p2,A,497,3,0,h10,4553298222200008364
p2,B,225,275,0,h10,4553298222200008364
p2,C,26,90,384,h10,4553298222200008364
p2,Non-ROH,500,0,0,h10,4553298222200008364
p3,A,492,8,0,h10,4553298222200008364
p3,B,219,281,0,h10,4553298222200008364
p3,C,18,125,357,h10,4553298222200008364
p3,Non-ROH,500,0,0,h10,4553298222200008364
p1,A,414,86,0,h10,4574202581484452387
p1,B,60,429,11,h10,4574202581484452387
p1,C,12,114,374,h10,4574202581484452387
p1,Non-ROH,500,0,0,h10,4574202581484452387
p2,A,463,37,0,h10,4574202581484452387
p2,B,136,364,0,h10,4574202581484452387
p2,C,10,119,371,h10,4574202581484452387
p2,Non-ROH,500,0,0,h10,4574202581484452387
p3,A,488,12,0,h10,4574202581484452387
p3,B,242,258,0,h10,4574202581484452387
p3,C,16,148,336,h10,4574202581484452387
p3,Non-ROH,500,0,0,h10,4574202581484452387
p1,A,475,25,0,h10,4594924353409803531
p1,B,113,368,19,h10,4594924353409803531
p1,C,28,94,378,h10,4594924353409803531
p1,Non-ROH,500,0,0,h10,4594924353409803531
p2,A,498,2,0,h10,4594924353409803531
p2,B,198,302,0,h10,4594924353409803531
p2,C,18,142,340,h10,4594924353409803531
p2,Non-ROH,500,0,0,h10,4594924353409803531
p3,A,498,2,0,h10,4594924353409803531
p3,B,305,195,0,h10,4594924353409803531
p3,C,14,164,322,h10,4594924353409803531
p3,Non-ROH,500,0,0,h10,4594924353409803531
p1,A,474,26,0,h10,4615420545380417451
p1,B,124,354,22,h10,4615420545380417451
p1,C,42,96,362,h10,4615420545380417451
p1,Non-ROH,500,0,0,h10,4615420545380417451
p2,A,500,0,0,h10,4615420545380417451
p2,B,236,264,0,h10,4615420545380417451
p2,C,24,87,389,h10,4615420545380417451
p2,Non-ROH,500,0,0,h10,4615420545380417451
p3,A,499,1,0,h10,4615420545380417451
p3,B,340,160,0,h10,4615420545380417451
p3,C,18,140,342,h10,4615420545380417451
p3,Non-ROH,500,0,0,h10,4615420545380417451
p1,A,455,45,0,h10,4619991974135121451
p1,B,90,402,8,h10,4619991974135121451
p1,C,27,109,364,h10,4619991974135121451
p1,Non-ROH,500,0,0,h10,4619991974135121451
p2,A,494,6,0,h10,4619991974135121451
p2,B,195,305,0,h10,4619991974135121451
p2,C,15,108,377,h10,4619991974135121451
p2,Non-ROH,500,0,0,h10,4619991974135121451
p3,A,489,11,0,h10,4619991974135121451
p3,B,205,295,0,h10,4619991974135121451
p3,C,13,126,361,h10,4619991974135121451
p3,Non-ROH,500,0,0,h10,4619991974135121451
p1,A,360,140,0,h10,4620390927830805090
p1,B,63,427,10,h10,4620390927830805090
p1,C,22,118,360,h10,4620390927830805090
p1,Non-ROH,500,0,0,h10,4620390927830805090
p2,A,469,31,0,h10,4620390927830805090
p2,B,142,358,0,h10,4620390927830805090
p2,C,12,151,337,h10,4620390927830805090
p2,Non-ROH,500,0,0,h10,4620390927830805090
p3,A,485,15,0,h10,4620390927830805090
p3,B,174,326,0,h10,4620390927830805090
p3,C,6,183,311,h10,4620390927830805090
p3,Non-ROH,500,0,0,h10,4620390927830805090
p1,A,435,65,0,h10,4659460054176917637
p1,B,73,412,15,h10,4659460054176917637
p1,C,14,111,375,h10,4659460054176917637
p1,Non-ROH,500,0,0,h10,4659460054176917637
p2,A,496,4,0,h10,4659460054176917637
p2,B,226,274,0,h10,4659460054176917637
p2,C,18,102,380,h10,4659460054176917637
p2,Non-ROH,500,0,0,h10,4659460054176917637
p3,A,490,10,0,h10,4659460054176917637
p3,B,209,291,0,h10,4659460054176917637
p3,C,27,184,289,h10,4659460054176917637
p3,Non-ROH,500,0,0,h10,4659460054176917637
p1,A,420,80,0,h10,4686093148506042527
p1,B,69,414,17,h10,4686093148506042527
p1,C,14,114,372,h10,4686093148506042527
p1,Non-ROH,500,0,0,h10,4686093148506042527
p2,A,487,13,0,h10,4686093148506042527
p2,B,179,321,0,h10,4686093148506042527
p2,C,11,121,368,h10,4686093148506042527
p2,Non-ROH,500,0,0,h10,4686093148506042527
p3,A,497,3,0,h10,4686093148506042527
p3,B,239,261,0,h10,4686093148506042527
p3,C,19,171,310,h10,4686093148506042527
p3,Non-ROH,500,0,0,h10,4686093148506042527
p1,A,472,28,0,h10,470364510336656344
p1,B,109,379,12,h10,470364510336656344
p1,C,24,108,368,h10,470364510336656344
p1,Non-ROH,500,0,0,h10,470364510336656344
p2,A,494,6,0,h10,470364510336656344
p2,B,225,275,0,h10,470364510336656344
p2,C,33,125,342,h10,470364510336656344
p2,Non-ROH,500,0,0,h10,470364510336656344
p3,A,500,0,0,h10,470364510336656344
p3,B,293,207,0,h10,470364510336656344
p3,C,36,80,384,h10,470364510336656344
p3,Non-ROH,500,0,0,h10,470364510336656344
p1,A,417,83,0,h10,4710513113243944819
p1,B,103,384,13,h10,4710513113243944819
p1,C,24,98,378,h10,4710513113243944819
p1,Non-ROH,500,0,0,h10,4710513113243944819
p2,A,484,16,0,h10,4710513113243944819
p2,B,231,269,0,h10,4710513113243944819
p2,C,12,146,342,h10,4710513113243944819
p2,Non-ROH,500,0,0,h10,4710513113243944819
p3,A,494,6,0,h10,4710513113243944819
p3,B,301,199,0,h10,4710513113243944819
p3,C,17,111,372,h10,4710513113243944819
p3,Non-ROH,500,0,0,h10,4710513113243944819
p1,A,451,49,0,h10,4730877321784219845
p1,B,86,400,14,h10,4730877321784219845
p1,C,27,92,381,h10,4730877321784219845
p1,Non-ROH,500,0,0,h10,4730877321784219845
p2,A,487,13,0,h10,4730877321784219845
p2,B,229,271,0,h10,4730877321784219845
p2,C,12,96,392,h10,4730877321784219845
p2,Non-ROH,500,0,0,h10,4730877321784219845
p3,A,492,8,0,h10,4730877321784219845
p3,B,271,228,1,h10,4730877321784219845
p3,C,13,170,317,h10,4730877321784219845
p3,Non-ROH,500,0,0,h10,4730877321784219845
p1,A,443,57,0,h10,474035048815352913
p1,B,78,407,15,h10,474035048815352913
p1,C,19,109,372,h10,474035048815352913
p1,Non-ROH,500,0,0,h10,474035048815352913
p2,A,485,15,0,h10,474035048815352913
p2,B,198,302,0,h10,474035048815352913
p2,C,24,136,340,h10,474035048815352913
p2,Non-ROH,500,0,0,h10,474035048815352913
p3,A,485,15,0,h10,474035048815352913
p3,B,264,236,0,h10,474035048815352913
p3,C,11,112,377,h10,474035048815352913
p3,Non-ROH,500,0,0,h10,474035048815352913
p1,A,455,45,0,h10,4756977248518332605
p1,B,91,399,10,h10,4756977248518332605
p1,C,43,108,349,h10,4756977248518332605
p1,Non-ROH,500,0,0,h10,4756977248518332605
p2,A,489,11,0,h10,4756977248518332605
p2,B,227,273,0,h10,4756977248518332605
p2,C,31,149,320,h10,4756977248518332605
p2,Non-ROH,500,0,0,h10,4756977248518332605
p3,A,498,2,0,h10,4756977248518332605
p3,B,242,258,0,h10,4756977248518332605
p3,C,41,112,347,h10,4756977248518332605
p3,Non-ROH,500,0,0,h10,4756977248518332605
p1,A,456,44,0,h10,4762515350250062894
p1,B,85,397,18,h10,4762515350250062894
p1,C,20,98,382,h10,4762515350250062894
p1,Non-ROH,500,0,0,h10,4762515350250062894
p2,A,484,16,0,h10,4762515350250062894
p2,B,188,312,0,h10,4762515350250062894
p2,C,14,117,369,h10,4762515350250062894
p2,Non-ROH,500,0,0,h10,4762515350250062894
p3,A,497,3,0,h10,4762515350250062894
p3,B,230,270,0,h10,4762515350250062894
p3,C,13,110,377,h10,4762515350250062894
p3,Non-ROH,500,0,0,h10,4762515350250062894
p1,A,446,54,0,h10,4795502238501318052
p1,B,84,403,13,h10,4795502238501318052
p1,C,24,84,392,h10,4795502238501318052
p1,Non-ROH,500,0,0,h10,4795502238501318052
p2,A,481,19,0,h10,4795502238501318052
p2,B,156,344,0,h10,4795502238501318052
p2,C,10,127,363,h10,4795502238501318052
p2,Non-ROH,500,0,0,h10,4795502238501318052
p3,A,489,11,0,h10,4795502238501318052
p3,B,177,323,0,h10,4795502238501318052
p3,C,12,152,336,h10,4795502238501318052
p3,Non-ROH,500,0,0,h10,4795502238501318052
p1,A,465,35,0,h10,4795977977712072574
p1,B,66,418,16,h10,4795977977712072574
p1,C,29,120,351,h10,4795977977712072574
p1,Non-ROH,500,0,0,h10,4795977977712072574
p2,A,494,6,0,h10,4795977977712072574
p2,B,169,331,0,h10,4795977977712072574
p2,C,13,105,382,h10,4795977977712072574
p2,Non-ROH,500,0,0,h10,4795977977712072574
p3,A,495,5,0,h10,4795977977712072574
p3,B,201,299,0,h10,4795977977712072574
p3,C,9,156,335,h10,4795977977712072574
p3,Non-ROH,500,0,0,h10,4795977977712072574
p1,A,465,35,0,h10,4797634794137905999
p1,B,113,378,9,h10,4797634794137905999
p1,C,31,93,376,h10,4797634794137905999
p1,Non-ROH,500,0,0,h10,4797634794137905999
p2,A,488,12,0,h10,4797634794137905999
p2,B,190,310,0,h10,4797634794137905999
p2,C,20,113,367,h10,4797634794137905999
p2,Non-ROH,500,0,0,h10,4797634794137905999
p3,A,493,7,0,h10,4797634794137905999
p3,B,233,267,0,h10,4797634794137905999
p3,C,25,115,360,h10,4797634794137905999
p3,Non-ROH,500,0,0,h10,4797634794137905999
p1,A,484,16,0,h10,4830906885164551185
p1,B,134,356,10,h10,4830906885164551185
p1,C,34,114,352,h10,4830906885164551185
p1,Non-ROH,500,0,0,h10,4830906885164551185
p2,A,497,3,0,h10,4830906885164551185
p2,B,295,205,0,h10,4830906885164551185
p2,C,20,105,375,h10,4830906885164551185
p2,Non-ROH,500,0,0,h10,4830906885164551185
p3,A,499,1,0,h10,4830906885164551185
p3,B,349,151,0,h10,4830906885164551185
p3,C,24,113,363,h10,4830906885164551185
p3,Non-ROH,500,0,0,h10,4830906885164551185
p1,A,437,63,0,h10,4845795528335143196
p1,B,88,405,7,h10,4845795528335143196
p1,C,22,117,361,h10,4845795528335143196
p1,Non-ROH,500,0,0,h10,4845795528335143196
p2,A,486,14,0,h10,4845795528335143196
p2,B,163,337,0,h10,4845795528335143196
p2,C,12,105,383,h10,4845795528335143196
p2,Non-ROH,500,0,0,h10,4845795528335143196
p3,A,487,13,0,h10,4845795528335143196
p3,B,221,279,0,h10,4845795528335143196
p3,C,9,121,370,h10,4845795528335143196
p3,Non-ROH,500,0,0,h10,4845795528335143196
p1,A,419,81,0,h10,4849410443457070360
p1,B,96,393,11,h10,4849410443457070360
p1,C,25,115,360,h10,4849410443457070360
p1,Non-ROH,500,0,0,h10,4849410443457070360
p2,A,484,16,0,h10,4849410443457070360
p2,B,210,290,0,h10,4849410443457070360
p2,C,21,109,370,h10,4849410443457070360
p2,Non-ROH,500,0,0,h10,4849410443457070360
p3,A,491,9,0,h10,4849410443457070360
p3,B,214,286,0,h10,4849410443457070360
p3,C,16,98,386,h10,4849410443457070360
p3,Non-ROH,500,0,0,h10,4849410443457070360
p1,A,475,25,0,h10,4850558830048620362
p1,B,133,357,10,h10,4850558830048620362
p1,C,30,82,388,h10,4850558830048620362
p1,Non-ROH,500,0,0,h10,4850558830048620362
p2,A,496,4,0,h10,4850558830048620362
p2,B,263,237,0,h10,4850558830048620362
p2,C,18,132,350,h10,4850558830048620362
p2,Non-ROH,500,0,0,h10,4850558830048620362
p3,A,499,1,0,h10,4850558830048620362
p3,B,354,146,0,h10,4850558830048620362
p3,C,12,142,346,h10,4850558830048620362
p3,Non-ROH,500,0,0,h10,4850558830048620362
p1,A,448,52,0,h10,4852282232302163742
p1,B,125,360,15,h10,4852282232302163742
p1,C,33,100,367,h10,4852282232302163742
p1,Non-ROH,500,0,0,h10,4852282232302163742
p2,A,491,9,0,h10,4852282232302163742
p2,B,225,275,0,h10,4852282232302163742
p2,C,25,112,363,h10,4852282232302163742
p2,Non-ROH,500,0,0,h10,4852282232302163742
p3,A,493,7,0,h10,4852282232302163742
p3,B,311,189,0,h10,4852282232302163742
p3,C,31,91,378,h10,4852282232302163742
p3,Non-ROH,500,0,0,h10,4852282232302163742
p1,A,480,20,0,h10,4868924792313273115
p1,B,90,399,11,h10,4868924792313273115
p1,C,29,103,368,h10,4868924792313273115
p1,Non-ROH,500,0,0,h10,4868924792313273115
p2,A,498,2,0,h10,4868924792313273115
p2,B,183,317,0,h10,4868924792313273115
p2,C,18,135,347,h10,4868924792313273115
p2,Non-ROH,500,0,0,h10,4868924792313273115
p3,A,498,2,0,h10,4868924792313273115
p3,B,253,247,0,h10,4868924792313273115
p3,C,16,153,331,h10,4868924792313273115
p3,Non-ROH,500,0,0,h10,4868924792313273115
p1,A,436,64,0,h10,487199993161505439
p1,B,93,395,12,h10,487199993161505439
p1,C,27,100,373,h10,487199993161505439
p1,Non-ROH,500,0,0,h10,487199993161505439
p2,A,495,5,0,h10,487199993161505439
p2,B,244,256,0,h10,487199993161505439
p2,C,11,95,394,h10,487199993161505439
p2,Non-ROH,500,0,0,h10,487199993161505439
p3,A,486,14,0,h10,487199993161505439
p3,B,259,241,0,h10,487199993161505439
p3,C,18,102,380,h10,487199993161505439
p3,Non-ROH,500,0,0,h10,487199993161505439
p1,A,374,126,0,h10,4918888134740033738
p1,B,100,386,14,h10,4918888134740033738
p1,C,23,112,365,h10,4918888134740033738
p1,Non-ROH,500,0,0,h10,4918888134740033738
p2,A,447,53,0,h10,4918888134740033738
p2,B,219,281,0,h10,4918888134740033738
p2,C,13,110,377,h10,4918888134740033738
p2,Non-ROH,500,0,0,h10,4918888134740033738
p3,A,482,18,0,h10,4918888134740033738
p3,B,305,195,0,h10,4918888134740033738
p3,C,18,109,373,h10,4918888134740033738
p3,Non-ROH,500,0,0,h10,4918888134740033738
p1,A,422,78,0,h10,4927006382653365011
p1,B,57,425,18,h10,4927006382653365011
p1,C,20,120,360,h10,4927006382653365011
p1,Non-ROH,500,0,0,h10,4927006382653365011
p2,A,465,35,0,h10,4927006382653365011
p2,B,142,358,0,h10,4927006382653365011
p2,C,10,128,362,h10,4927006382653365011
p2,Non-ROH,500,0,0,h10,4927006382653365011
p3,A,454,46,0,h10,4927006382653365011
p3,B,181,319,0,h10,4927006382653365011
p3,C,7,173,320,h10,4927006382653365011
p3,Non-ROH,500,0,0,h10,4927006382653365011
p1,A,437,63,0,h10,4955140481114490279
p1,B,58,434,8,h10,4955140481114490279
p1,C,19,107,374,h10,4955140481114490279
p1,Non-ROH,500,0,0,h10,4955140481114490279
p2,A,490,10,0,h10,4955140481114490279
p2,B,163,337,0,h10,4955140481114490279
p2,C,7,117,376,h10,4955140481114490279
p2,Non-ROH,500,0,0,h10,4955140481114490279
p3,A,489,11,0,h10,4955140481114490279
p3,B,254,246,0,h10,4955140481114490279
p3,C,33,122,345,h10,4955140481114490279
p3,Non-ROH,500,0,0,h10,4955140481114490279
p1,A,419,81,0,h10,5000120933718423305
p1,B,77,413,10,h10,5000120933718423305
p1,C,65,75,360,h10,5000120933718423305
p1,Non-ROH,500,0,0,h10,5000120933718423305
p2,A,482,18,0,h10,5000120933718423305
p2,B,205,295,0,h10,5000120933718423305
p2,C,133,84,283,h10,5000120933718423305
p2,Non-ROH,500,0,0,h10,5000120933718423305
p3,A,493,7,0,h10,5000120933718423305
p3,B,210,290,0,h10,5000120933718423305
p3,C,64,93,343,h10,5000120933718423305
p3,Non-ROH,500,0,0,h10,5000120933718423305
p1,A,485,15,0,h10,5016169799560615181
p1,B,101,383,16,h10,5016169799560615181
p1,C,31,94,375,h10,5016169799560615181
p1,Non-ROH,500,0,0,h10,5016169799560615181
p2,A,500,0,0,h10,5016169799560615181
p2,B,273,227,0,h10,5016169799560615181
p2,C,14,177,309,h10,5016169799560615181
p2,Non-ROH,500,0,0,h10,5016169799560615181
p3,A,499,1,0,h10,5016169799560615181
p3,B,328,172,0,h10,5016169799560615181
p3,C,22,142,336,h10,5016169799560615181
p3,Non-ROH,500,0,0,h10,5016169799560615181
p1,A,438,62,0,h10,5017315413834082190
p1,B,95,390,15,h10,5017315413834082190
p1,C,34,82,384,h10,5017315413834082190
p1,Non-ROH,500,0,0,h10,5017315413834082190
p2,A,495,5,0,h10,5017315413834082190
p2,B,233,267,0,h10,5017315413834082190
p2,C,24,121,355,h10,5017315413834082190
p2,Non-ROH,500,0,0,h10,5017315413834082190
p3,A,491,9,0,h10,5017315413834082190
p3,B,259,241,0,h10,5017315413834082190
p3,C,27,182,291,h10,5017315413834082190
p3,Non-ROH,500,0,0,h10,5017315413834082190
p1,A,454,46,0,h10,5056379344872519593
p1,B,81,408,11,h10,5056379344872519593
p1,C,33,99,368,h10,5056379344872519593
p1,Non-ROH,500,0,0,h10,5056379344872519593
p2,A,493,7,0,h10,5056379344872519593
p2,B,207,293,0,h10,5056379344872519593
p2,C,16,110,374,h10,5056379344872519593
p2,Non-ROH,500,0,0,h10,5056379344872519593
p3,A,499,1,0,h10,5056379344872519593
p3,B,253,247,0,h10,5056379344872519593
p3,C,14,114,372,h10,5056379344872519593
p3,Non-ROH,500,0,0,h10,5056379344872519593
p1,A,475,25,0,h10,5076677696586693625
p1,B,138,348,14,h10,5076677696586693625
p1,C,28,88,384,h10,5076677696586693625
p1,Non-ROH,500,0,0,h10,5076677696586693625
p2,A,498,2,0,h10,5076677696586693625
p2,B,301,199,0,h10,5076677696586693625
p2,C,20,101,379,h10,5076677696586693625
p2,Non-ROH,500,0,0,h10,5076677696586693625
p3,A,499,1,0,h10,5076677696586693625
p3,B,333,167,0,h10,5076677696586693625
p3,C,15,192,293,h10,5076677696586693625
p3,Non-ROH,500,0,0,h10,5076677696586693625
p1,A,466,34,0,h10,5121883498430826956
p1,B,88,393,19,h10,5121883498430826956
p1,C,44,76,380,h10,5121883498430826956
p1,Non-ROH,500,0,0,h10,5121883498430826956
p2,A,492,8,0,h10,5121883498430826956
p2,B,241,258,1,h10,5121883498430826956
p2,C,9,106,385,h10,5121883498430826956
p2,Non-ROH,500,0,0,h10,5121883498430826956
p3,A,494,6,0,h10,5121883498430826956
p3,B,299,201,0,h10,5121883498430826956
p3,C,61,62,377,h10,5121883498430826956
p3,Non-ROH,500,0,0,h10,5121883498430826956
p1,A,487,13,0,h10,512911821176251127
p1,B,113,378,9,h10,512911821176251127
p1,C,36,90,374,h10,512911821176251127
p1,Non-ROH,500,0,0,h10,512911821176251127
p2,A,498,2,0,h10,512911821176251127
p2,B,240,260,0,h10,512911821176251127
p2,C,19,163,318,h10,512911821176251127
p2,Non-ROH,500,0,0,h10,512911821176251127
p3,A,499,1,0,h10,512911821176251127
p3,B,285,215,0,h10,512911821176251127
p3,C,22,138,340,h10,512911821176251127
p3,Non-ROH,500,0,0,h10,512911821176251127
p1,A,450,50,0,h10,5134361700411916887
p1,B,94,391,15,h10,5134361700411916887
p1,C,29,95,376,h10,5134361700411916887
p1,Non-ROH,500,0,0,h10,5134361700411916887
p2,A,495,5,0,h10,5134361700411916887
p2,B,238,262,0,h10,5134361700411916887
p2,C,16,131,353,h10,5134361700411916887
p2,Non-ROH,500,0,0,h10,5134361700411916887
p3,A,499,1,0,h10,5134361700411916887
p3,B,320,180,0,h10,5134361700411916887
p3,C,13,208,279,h10,5134361700411916887
p3,Non-ROH,500,0,0,h10,5134361700411916887
p1,A,428,72,0,h10,5147792078566193376
p1,B,62,421,17,h10,5147792078566193376
p1,C,26,100,374,h10,5147792078566193376
p1,Non-ROH,500,0,0,h10,5147792078566193376
p2,A,450,50,0,h10,5147792078566193376
p2,B,178,322,0,h10,5147792078566193376
p2,C,11,132,357,h10,5147792078566193376
p2,Non-ROH,500,0,0,h10,5147792078566193376
p3,A,474,26,0,h10,5147792078566193376
p3,B,218,282,0,h10,5147792078566193376
p3,C,17,175,308,h10,5147792078566193376
p3,Non-ROH,500,0,0,h10,5147792078566193376
p1,A,454,46,0,h10,5165950171889090812
p1,B,101,381,18,h10,5165950171889090812
p1,C,34,89,377,h10,5165950171889090812
p1,Non-ROH,500,0,0,h10,5165950171889090812
p2,A,498,2,0,h10,5165950171889090812
p2,B,197,303,0,h10,5165950171889090812
p2,C,15,142,343,h10,5165950171889090812
p2,Non-ROH,500,0,0,h10,5165950171889090812
p3,A,497,3,0,h10,5165950171889090812
p3,B,305,195,0,h10,5165950171889090812
p3,C,21,108,371,h10,5165950171889090812
p3,Non-ROH,500,0,0,h10,5165950171889090812
p1,A,421,79,0,h10,5248723138258037889
p1,B,88,400,12,h10,5248723138258037889
p1,C,22,101,377,h10,5248723138258037889
p1,Non-ROH,500,0,0,h10,5248723138258037889
p2,A,495,5,0,h10,5248723138258037889
p2,B,217,283,0,h10,5248723138258037889
p2,C,11,121,368,h10,5248723138258037889
p2,Non-ROH,500,0,0,h10,5248723138258037889
p3,A,498,2,0,h10,5248723138258037889
p3,B,269,231,0,h10,5248723138258037889
p3,C,15,104,381,h10,5248723138258037889
p3,Non-ROH,500,0,0,h10,5248723138258037889
p1,A,454,46,0,h10,5258030842608414135
p1,B,98,384,18,h10,5258030842608414135
p1,C,37,96,367,h10,5258030842608414135
p1,Non-ROH,500,0,0,h10,5258030842608414135
p2,A,495,5,0,h10,5258030842608414135
p2,B,213,287,0,h10,5258030842608414135
p2,C,16,96,388,h10,5258030842608414135
p2,Non-ROH,500,0,0,h10,5258030842608414135
p3,A,499,1,0,h10,5258030842608414135
p3,B,296,204,0,h10,5258030842608414135
p3,C,16,117,367,h10,5258030842608414135
p3,Non-ROH,500,0,0,h10,5258030842608414135
p1,A,445,55,0,h10,5263677576522977279
p1,B,97,389,14,h10,5263677576522977279
p1,C,26,113,361,h10,5263677576522977279
p1,Non-ROH,500,0,0,h10,5263677576522977279
p2,A,490,10,0,h10,5263677576522977279
p2,B,210,290,0,h10,5263677576522977279
p2,C,18,168,314,h10,5263677576522977279
p2,Non-ROH,500,0,0,h10,5263677576522977279
p3,A,495,5,0,h10,5263677576522977279
p3,B,223,277,0,h10,5263677576522977279
p3,C,16,170,314,h10,5263677576522977279
p3,Non-ROH,500,0,0,h10,5263677576522977279
p1,A,395,105,0,h10,5265828099727968869
p1,B,113,377,10,h10,5265828099727968869
p1,C,25,105,370,h10,5265828099727968869
p1,Non-ROH,500,0,0,h10,5265828099727968869
p2,A,488,12,0,h10,5265828099727968869
p2,B,322,178,0,h10,5265828099727968869
p2,C,19,88,393,h10,5265828099727968869
p2,Non-ROH,500,0,0,h10,5265828099727968869
p3,A,487,13,0,h10,5265828099727968869
p3,B,272,228,0,h10,5265828099727968869
p3,C,12,144,344,h10,5265828099727968869
p3,Non-ROH,500,0,0,h10,5265828099727968869
p1,A,428,72,0,h10,5274109265370950004
p1,B,96,390,14,h10,5274109265370950004
p1,C,17,95,388,h10,5274109265370950004
p1,Non-ROH,500,0,0,h10,5274109265370950004
p2,A,486,14,0,h10,5274109265370950004
p2,B,244,256,0,h10,5274109265370950004
p2,C,21,216,263,h10,5274109265370950004
p2,Non-ROH,500,0,0,h10,5274109265370950004
p3,A,492,8,0,h10,5274109265370950004
p3,B,291,209,0,h10,5274109265370950004
p3,C,11,109,380,h10,5274109265370950004
p3,Non-ROH,500,0,0,h10,5274109265370950004
p1,A,428,72,0,h10,5297164339263925889
p1,B,71,407,22,h10,5297164339263925889
p1,C,26,97,377,h10,5297164339263925889
p1,Non-ROH,500,0,0,h10,5297164339263925889
p2,A,490,10,0,h10,5297164339263925889
p2,B,198,302,0,h10,5297164339263925889
p2,C,16,131,353,h10,5297164339263925889
p2,Non-ROH,500,0,0,h10,5297164339263925889
p3,A,480,20,0,h10,5297164339263925889
p3,B,209,291,0,h10,5297164339263925889
p3,C,10,107,383,h10,5297164339263925889
p3,Non-ROH,500,0,0,h10,5297164339263925889
p1,A,422,78,0,h10,5331927497105869940
p1,B,101,384,15,h10,5331927497105869940
p1,C,21,121,358,h10,5331927497105869940
p1,Non-ROH,500,0,0,h10,5331927497105869940
p2,A,494,6,0,h10,5331927497105869940
p2,B,289,211,0,h10,5331927497105869940
p2,C,18,108,374,h10,5331927497105869940
p2,Non-ROH,500,0,0,h10,5331927497105869940
p3,A,492,8,0,h10,5331927497105869940
p3,B,298,202,0,h10,5331927497105869940
p3,C,12,141,347,h10,5331927497105869940
p3,Non-ROH,500,0,0,h10,5331927497105869940
p1,A,409,91,0,h10,5339386763701380224
p1,B,102,385,13,h10,5339386763701380224
p1,C,17,108,375,h10,5339386763701380224
p1,Non-ROH,500,0,0,h10,5339386763701380224
p2,A,491,9,0,h10,5339386763701380224
p2,B,244,256,0,h10,5339386763701380224
p2,C,17,134,349,h10,5339386763701380224
p2,Non-ROH,500,0,0,h10,5339386763701380224
p3,A,486,14,0,h10,5339386763701380224
p3,B,301,199,0,h10,5339386763701380224
p3,C,12,108,380,h10,5339386763701380224
p3,Non-ROH,500,0,0,h10,5339386763701380224
p1,A,474,26,0,h10,5342040010608070842
p1,B,107,378,15,h10,5342040010608070842
p1,C,30,101,369,h10,5342040010608070842
p1,Non-ROH,500,0,0,h10,5342040010608070842
p2,A,499,1,0,h10,5342040010608070842
p2,B,288,212,0,h10,5342040010608070842
p2,C,21,113,366,h10,5342040010608070842
p2,Non-ROH,500,0,0,h10,5342040010608070842
p3,A,499,1,0,h10,5342040010608070842
p3,B,337,163,0,h10,5342040010608070842
p3,C,9,159,332,h10,5342040010608070842
p3,Non-ROH,500,0,0,h10,5342040010608070842
p1,A,462,38,0,h10,5343512657107917358
p1,B,114,364,22,h10,5343512657107917358
p1,C,24,92,384,h10,5343512657107917358
p1,Non-ROH,500,0,0,h10,5343512657107917358
p2,A,495,5,0,h10,5343512657107917358
p2,B,222,278,0,h10,5343512657107917358
p2,C,17,110,373,h10,5343512657107917358
p2,Non-ROH,500,0,0,h10,5343512657107917358
p3,A,496,4,0,h10,5343512657107917358
p3,B,263,237,0,h10,5343512657107917358
p3,C,13,115,372,h10,5343512657107917358
p3,Non-ROH,500,0,0,h10,5343512657107917358
p1,A,449,51,0,h10,5362953680254159070
p1,B,110,374,16,h10,5362953680254159070
p1,C,22,98,380,h10,5362953680254159070
p1,Non-ROH,500,0,0,h10,5362953680254159070
p2,A,495,5,0,h10,5362953680254159070
p2,B,239,261,0,h10,5362953680254159070
p2,C,18,153,329,h10,5362953680254159070
p2,Non-ROH,500,0,0,h10,5362953680254159070
p3,A,500,0,0,h10,5362953680254159070
p3,B,305,195,0,h10,5362953680254159070
p3,C,18,159,323,h10,5362953680254159070
p3,Non-ROH,500,0,0,h10,5362953680254159070
p1,A,430,70,0,h10,5374254783209721048
p1,B,56,426,18,h10,5374254783209721048
p1,C,21,105,374,h10,5374254783209721048
p1,Non-ROH,500,0,0,h10,5374254783209721048
p2,A,489,11,0,h10,5374254783209721048
p2,B,179,321,0,h10,5374254783209721048
p2,C,21,100,379,h10,5374254783209721048
p2,Non-ROH,500,0,0,h10,5374254783209721048
p3,A,494,6,0,h10,5374254783209721048
p3,B,268,232,0,h10,5374254783209721048
p3,C,13,136,351,h10,5374254783209721048
p3,Non-ROH,500,0,0,h10,5374254783209721048
p1,A,425,75,0,h10,5414085648090891360
p1,B,75,414,11,h10,5414085648090891360
p1,C,19,98,383,h10,5414085648090891360
p1,Non-ROH,500,0,0,h10,5414085648090891360
p2,A,495,5,0,h10,5414085648090891360
p2,B,168,332,0,h10,5414085648090891360
p2,C,20,100,380,h10,5414085648090891360
p2,Non-ROH,500,0,0,h10,5414085648090891360
p3,A,496,4,0,h10,5414085648090891360
p3,B,217,283,0,h10,5414085648090891360
p3,C,13,152,335,h10,5414085648090891360
p3,Non-ROH,500,0,0,h10,5414085648090891360
p1,A,334,166,0,h10,5421833462022767528
p1,B,33,455,12,h10,5421833462022767528
p1,C,10,101,389,h10,5421833462022767528
p1,Non-ROH,500,0,0,h10,5421833462022767528
p2,A,441,59,0,h10,5421833462022767528
p2,B,118,382,0,h10,5421833462022767528
p2,C,8,139,353,h10,5421833462022767528
p2,Non-ROH,500,0,0,h10,5421833462022767528
p3,A,461,39,0,h10,5421833462022767528
p3,B,151,349,0,h10,5421833462022767528
p3,C,9,134,357,h10,5421833462022767528
p3,Non-ROH,500,0,0,h10,5421833462022767528
p1,A,417,83,0,h10,5458485898700185052
p1,B,78,406,16,h10,5458485898700185052
p1,C,17,113,370,h10,5458485898700185052
p1,Non-ROH,500,0,0,h10,5458485898700185052
p2,A,483,17,0,h10,5458485898700185052
p2,B,168,332,0,h10,5458485898700185052
p2,C,14,143,343,h10,5458485898700185052
p2,Non-ROH,500,0,0,h10,5458485898700185052
p3,A,467,33,0,h10,5458485898700185052
p3,B,203,297,0,h10,5458485898700185052
p3,C,17,149,334,h10,5458485898700185052
p3,Non-ROH,500,0,0,h10,5458485898700185052
p1,A,392,108,0,h10,5463794420916038582
p1,B,74,411,15,h10,5463794420916038582
p1,C,14,122,364,h10,5463794420916038582
p1,Non-ROH,500,0,0,h10,5463794420916038582
p2,A,458,42,0,h10,5463794420916038582
p2,B,196,304,0,h10,5463794420916038582
p2,C,17,165,318,h10,5463794420916038582
p2,Non-ROH,500,0,0,h10,5463794420916038582
p3,A,474,26,0,h10,5463794420916038582
p3,B,260,240,0,h10,5463794420916038582
p3,C,10,167,323,h10,5463794420916038582
p3,Non-ROH,500,0,0,h10,5463794420916038582
p1,A,478,22,0,h10,5470871204689864801
p1,B,159,329,12,h10,5470871204689864801
p1,C,33,79,388,h10,5470871204689864801
p1,Non-ROH,500,0,0,h10,5470871204689864801
p2,A,500,0,0,h10,5470871204689864801
p2,B,390,110,0,h10,5470871204689864801
p2,C,33,107,360,h10,5470871204689864801
p2,Non-ROH,500,0,0,h10,5470871204689864801
p3,A,500,0,0,h10,5470871204689864801
p3,B,425,75,0,h10,5470871204689864801
p3,C,35,95,370,h10,5470871204689864801
p3,Non-ROH,500,0,0,h10,5470871204689864801
p1,A,439,61,0,h10,5506175811139030266
p1,B,91,395,14,h10,5506175811139030266
p1,C,17,97,386,h10,5506175811139030266
p1,Non-ROH,500,0,0,h10,5506175811139030266
p2,A,493,7,0,h10,5506175811139030266
p2,B,288,212,0,h10,5506175811139030266
p2,C,14,144,342,h10,5506175811139030266
p2,Non-ROH,500,0,0,h10,5506175811139030266
p3,A,494,6,0,h10,5506175811139030266
p3,B,340,160,0,h10,5506175811139030266
p3,C,15,129,356,h10,5506175811139030266
p3,Non-ROH,500,0,0,h10,5506175811139030266
p1,A,393,107,0,h10,5521960898859274935
p1,B,70,414,16,h10,5521960898859274935
p1,C,20,103,377,h10,5521960898859274935
p1,Non-ROH,500,0,0,h10,5521960898859274935
p2,A,470,30,0,h10,5521960898859274935
p2,B,153,347,0,h10,5521960898859274935
p2,C,12,110,378,h10,5521960898859274935
p2,Non-ROH,500,0,0,h10,5521960898859274935
p3,A,458,42,0,h10,5521960898859274935
p3,B,202,298,0,h10,5521960898859274935
p3,C,7,116,377,h10,5521960898859274935
p3,Non-ROH,500,0,0,h10,5521960898859274935
p1,A,451,49,0,h10,5537204068693706449
p1,B,67,420,13,h10,5537204068693706449
p1,C,19,123,358,h10,5537204068693706449
p1,Non-ROH,500,0,0,h10,5537204068693706449
p2,A,485,15,0,h10,5537204068693706449
p2,B,164,336,0,h10,5537204068693706449
p2,C,17,146,337,h10,5537204068693706449
p2,Non-ROH,500,0,0,h10,5537204068693706449
p3,A,496,4,0,h10,5537204068693706449
p3,B,225,274,1,h10,5537204068693706449
p3,C,8,124,368,h10,5537204068693706449
p3,Non-ROH,500,0,0,h10,5537204068693706449
p1,A,382,118,0,h10,5554294917168311578
p1,B,79,415,6,h10,5554294917168311578
p1,C,12,124,364,h10,5554294917168311578
p1,Non-ROH,500,0,0,h10,5554294917168311578
p2,A,483,17,0,h10,5554294917168311578
p2,B,149,351,0,h10,5554294917168311578
p2,C,14,117,369,h10,5554294917168311578
p2,Non-ROH,500,0,0,h10,5554294917168311578
p3,A,477,23,0,h10,5554294917168311578
p3,B,265,235,0,h10,5554294917168311578
p3,C,14,153,333,h10,5554294917168311578
p3,Non-ROH,500,0,0,h10,5554294917168311578
p1,A,416,84,0,h10,5562803913828242684
p1,B,122,364,14,h10,5562803913828242684
p1,C,26,89,385,h10,5562803913828242684
p1,Non-ROH,500,0,0,h10,5562803913828242684
p2,A,496,4,0,h10,5562803913828242684
p2,B,300,200,0,h10,5562803913828242684
p2,C,42,106,352,h10,5562803913828242684
p2,Non-ROH,500,0,0,h10,5562803913828242684
p3,A,497,3,0,h10,5562803913828242684
p3,B,278,222,0,h10,5562803913828242684
p3,C,31,105,364,h10,5562803913828242684
p3,Non-ROH,500,0,0,h10,5562803913828242684
p1,A,470,30,0,h10,5575146831837021422
p1,B,113,369,18,h10,5575146831837021422
p1,C,39,93,368,h10,5575146831837021422
p1,Non-ROH,500,0,0,h10,5575146831837021422
p2,A,494,6,0,h10,5575146831837021422
p2,B,276,224,0,h10,5575146831837021422
p2,C,27,125,348,h10,5575146831837021422
p2,Non-ROH,500,0,0,h10,5575146831837021422
p3,A,498,2,0,h10,5575146831837021422
p3,B,297,203,0,h10,5575146831837021422
p3,C,35,125,340,h10,5575146831837021422
p3,Non-ROH,500,0,0,h10,5575146831837021422
p1,A,437,63,0,h10,5600440511139099678
p1,B,151,330,19,h10,5600440511139099678
p1,C,24,111,365,h10,5600440511139099678
p1,Non-ROH,500,0,0,h10,5600440511139099678
p2,A,494,6,0,h10,5600440511139099678
p2,B,288,212,0,h10,5600440511139099678
p2,C,18,120,362,h10,5600440511139099678
p2,Non-ROH,500,0,0,h10,5600440511139099678
p3,A,493,7,0,h10,5600440511139099678
p3,B,289,211,0,h10,5600440511139099678
p3,C,24,107,369,h10,5600440511139099678
p3,Non-ROH,500,0,0,h10,5600440511139099678
p1,A,431,69,0,h10,5605318612676977748
p1,B,106,382,12,h10,5605318612676977748
p1,C,38,100,362,h10,5605318612676977748
p1,Non-ROH,500,0,0,h10,5605318612676977748
p2,A,495,5,0,h10,5605318612676977748
p2,B,191,309,0,h10,5605318612676977748
p2,C,20,119,361,h10,5605318612676977748
p2,Non-ROH,500,0,0,h10,5605318612676977748
p3,A,498,2,0,h10,5605318612676977748
p3,B,294,206,0,h10,5605318612676977748
p3,C,13,165,322,h10,5605318612676977748
p3,Non-ROH,500,0,0,h10,5605318612676977748
p1,A,452,48,0,h10,5626192711407275230
p1,B,79,401,20,h10,5626192711407275230
p1,C,20,80,400,h10,5626192711407275230
p1,Non-ROH,500,0,0,h10,5626192711407275230
p2,A,496,4,0,h10,5626192711407275230
p2,B,226,274,0,h10,5626192711407275230
p2,C,17,109,374,h10,5626192711407275230
p2,Non-ROH,500,0,0,h10,5626192711407275230
p3,A,499,1,0,h10,5626192711407275230
p3,B,272,228,0,h10,5626192711407275230
p3,C,19,102,379,h10,5626192711407275230
p3,Non-ROH,500,0,0,h10,5626192711407275230
p1,A,440,60,0,h10,5644757578152911222
p1,B,109,372,19,h10,5644757578152911222
p1,C,30,114,356,h10,5644757578152911222
p1,Non-ROH,500,0,0,h10,5644757578152911222
p2,A,490,10,0,h10,5644757578152911222
p2,B,198,302,0,h10,5644757578152911222
p2,C,21,103,376,h10,5644757578152911222
p2,Non-ROH,500,0,0,h10,5644757578152911222
p3,A,492,8,0,h10,5644757578152911222
p3,B,260,240,0,h10,5644757578152911222
p3,C,28,106,366,h10,5644757578152911222
p3,Non-ROH,500,0,0,h10,5644757578152911222
p1,A,387,113,0,h10,5656736143569408736
p1,B,65,424,11,h10,5656736143569408736
p1,C,17,111,372,h10,5656736143569408736
p1,Non-ROH,500,0,0,h10,5656736143569408736
p2,A,478,22,0,h10,5656736143569408736
p2,B,150,350,0,h10,5656736143569408736
p2,C,13,113,374,h10,5656736143569408736
p2,Non-ROH,500,0,0,h10,5656736143569408736
p3,A,489,11,0,h10,5656736143569408736
p3,B,227,273,0,h10,5656736143569408736
p3,C,12,128,360,h10,5656736143569408736
p3,Non-ROH,500,0,0,h10,5656736143569408736
p1,A,416,84,0,h10,5718400152233850204
p1,B,103,377,20,h10,5718400152233850204
p1,C,22,113,365,h10,5718400152233850204
p1,Non-ROH,500,0,0,h10,5718400152233850204
p2,A,487,13,0,h10,5718400152233850204
p2,B,296,204,0,h10,5718400152233850204
p2,C,9,100,391,h10,5718400152233850204
p2,Non-ROH,500,0,0,h10,5718400152233850204
p3,A,496,4,0,h10,5718400152233850204
p3,B,275,225,0,h10,5718400152233850204
p3,C,15,173,312,h10,5718400152233850204
p3,Non-ROH,500,0,0,h10,5718400152233850204
p1,A,377,123,0,h10,5723224187625833097
p1,B,59,418,23,h10,5723224187625833097
p1,C,23,101,376,h10,5723224187625833097
p1,Non-ROH,500,0,0,h10,5723224187625833097
p2,A,439,61,0,h10,5723224187625833097
p2,B,156,344,0,h10,5723224187625833097
p2,C,11,162,327,h10,5723224187625833097
p2,Non-ROH,500,0,0,h10,5723224187625833097
p3,A,419,81,0,h10,5723224187625833097
p3,B,182,318,0,h10,5723224187625833097
p3,C,8,110,382,h10,5723224187625833097
p3,Non-ROH,500,0,0,h10,5723224187625833097
p1,A,460,40,0,h10,5727766127715878701
p1,B,119,365,16,h10,5727766127715878701
p1,C,37,88,375,h10,5727766127715878701
p1,Non-ROH,500,0,0,h10,5727766127715878701
p2,A,498,2,0,h10,5727766127715878701
p2,B,282,218,0,h10,5727766127715878701
p2,C,5,97,398,h10,5727766127715878701
p2,Non-ROH,500,0,0,h10,5727766127715878701
p3,A,498,2,0,h10,5727766127715878701
p3,B,335,165,0,h10,5727766127715878701
p3,C,21,77,402,h10,5727766127715878701
p3,Non-ROH,500,0,0,h10,5727766127715878701
p1,A,476,24,0,h10,5733218310564656796
p1,B,115,376,9,h10,5733218310564656796
p1,C,34,110,356,h10,5733218310564656796
p1,Non-ROH,500,0,0,h10,5733218310564656796
p2,A,497,3,0,h10,5733218310564656796
p2,B,248,252,0,h10,5733218310564656796
p2,C,18,124,358,h10,5733218310564656796
p2,Non-ROH,500,0,0,h10,5733218310564656796
p3,A,498,2,0,h10,5733218310564656796
p3,B,299,201,0,h10,5733218310564656796
p3,C,25,115,360,h10,5733218310564656796
p3,Non-ROH,500,0,0,h10,5733218310564656796
p1,A,450,50,0,h10,5771069738746243712
p1,B,81,411,8,h10,5771069738746243712
p1,C,32,127,341,h10,5771069738746243712
p1,Non-ROH,500,0,0,h10,5771069738746243712
p2,A,497,3,0,h10,5771069738746243712
p2,B,214,286,0,h10,5771069738746243712
p2,C,17,83,400,h10,5771069738746243712
p2,Non-ROH,500,0,0,h10,5771069738746243712
p3,A,500,0,0,h10,5771069738746243712
p3,B,270,230,0,h10,5771069738746243712
p3,C,13,103,384,h10,5771069738746243712
p3,Non-ROH,500,0,0,h10,5771069738746243712
p1,A,430,70,0,h10,5816005353171047795
p1,B,124,357,19,h10,5816005353171047795
p1,C,18,89,393,h10,5816005353171047795
p1,Non-ROH,500,0,0,h10,5816005353171047795
p2,A,494,6,0,h10,5816005353171047795
p2,B,318,182,0,h10,5816005353171047795
p2,C,16,106,378,h10,5816005353171047795
p2,Non-ROH,500,0,0,h10,5816005353171047795
p3,A,495,5,0,h10,5816005353171047795
p3,B,333,167,0,h10,5816005353171047795
p3,C,16,110,374,h10,5816005353171047795
p3,Non-ROH,500,0,0,h10,5816005353171047795
p1,A,432,68,0,h10,5827221298626431803
p1,B,97,389,14,h10,5827221298626431803
p1,C,29,113,358,h10,5827221298626431803
p1,Non-ROH,500,0,0,h10,5827221298626431803
p2,A,486,14,0,h10,5827221298626431803
p2,B,231,269,0,h10,5827221298626431803
p2,C,18,115,367,h10,5827221298626431803
p2,Non-ROH,500,0,0,h10,5827221298626431803
p3,A,494,6,0,h10,5827221298626431803
p3,B,292,208,0,h10,5827221298626431803
p3,C,11,113,376,h10,5827221298626431803
p3,Non-ROH,500,0,0,h10,5827221298626431803
p1,A,457,43,0,h10,5838201929844935134
p1,B,100,387,13,h10,5838201929844935134
p1,C,17,114,369,h10,5838201929844935134
p1,Non-ROH,500,0,0,h10,5838201929844935134
p2,A,490,10,0,h10,5838201929844935134
p2,B,218,282,0,h10,5838201929844935134
p2,C,22,143,335,h10,5838201929844935134
p2,Non-ROH,500,0,0,h10,5838201929844935134
p3,A,494,6,0,h10,5838201929844935134
p3,B,262,238,0,h10,5838201929844935134
p3,C,17,171,312,h10,5838201929844935134
p3,Non-ROH,500,0,0,h10,5838201929844935134
p1,A,454,46,0,h10,5857574074887295776
p1,B,85,393,22,h10,5857574074887295776
p1,C,28,119,353,h10,5857574074887295776
p1,Non-ROH,500,0,0,h10,5857574074887295776
p2,A,484,16,0,h10,5857574074887295776
p2,B,203,297,0,h10,5857574074887295776
p2,C,16,121,363,h10,5857574074887295776
p2,Non-ROH,500,0,0,h10,5857574074887295776
p3,A,490,10,0,h10,5857574074887295776
p3,B,245,255,0,h10,5857574074887295776
p3,C,14,117,369,h10,5857574074887295776
p3,Non-ROH,500,0,0,h10,5857574074887295776
p1,A,475,25,0,h10,5885653611489435434
p1,B,100,388,12,h10,5885653611489435434
p1,C,19,115,366,h10,5885653611489435434
p1,Non-ROH,500,0,0,h10,5885653611489435434
p2,A,490,10,0,h10,5885653611489435434
p2,B,226,274,0,h10,5885653611489435434
p2,C,12,128,360,h10,5885653611489435434
p2,Non-ROH,500,0,0,h10,5885653611489435434
p3,A,496,4,0,h10,5885653611489435434
p3,B,266,234,0,h10,5885653611489435434
p3,C,11,122,367,h10,5885653611489435434
p3,Non-ROH,500,0,0,h10,5885653611489435434
p1,A,439,61,0,h10,5930756333165445548
p1,B,131,355,14,h10,5930756333165445548
p1,C,29,100,371,h10,5930756333165445548
p1,Non-ROH,500,0,0,h10,5930756333165445548
p2,A,487,13,0,h10,5930756333165445548
p2,B,251,249,0,h10,5930756333165445548
p2,C,35,100,365,h10,5930756333165445548
p2,Non-ROH,500,0,0,h10,5930756333165445548
p3,A,488,12,0,h10,5930756333165445548
p3,B,281,219,0,h10,5930756333165445548
p3,C,24,167,309,h10,5930756333165445548
p3,Non-ROH,500,0,0,h10,5930756333165445548
p1,A,432,68,0,h10,5951390942956363787
p1,B,89,394,17,h10,5951390942956363787
p1,C,17,99,384,h10,5951390942956363787
p1,Non-ROH,500,0,0,h10,5951390942956363787
p2,A,483,17,0,h10,5951390942956363787
p2,B,210,290,0,h10,5951390942956363787
p2,C,10,105,385,h10,5951390942956363787
p2,Non-ROH,500,0,0,h10,5951390942956363787
p3,A,493,7,0,h10,5951390942956363787
p3,B,245,255,0,h10,5951390942956363787
p3,C,10,136,354,h10,5951390942956363787
p3,Non-ROH,500,0,0,h10,5951390942956363787
p1,A,465,35,0,h10,5954603343834938336
p1,B,96,392,12,h10,5954603343834938336
p1,C,45,96,359,h10,5954603343834938336
p1,Non-ROH,500,0,0,h10,5954603343834938336
p2,A,494,6,0,h10,5954603343834938336
p2,B,241,259,0,h10,5954603343834938336
p2,C,16,125,359,h10,5954603343834938336
p2,Non-ROH,500,0,0,h10,5954603343834938336
p3,A,496,4,0,h10,5954603343834938336
p3,B,346,154,0,h10,5954603343834938336
p3,C,33,151,316,h10,5954603343834938336
p3,Non-ROH,500,0,0,h10,5954603343834938336
p1,A,402,98,0,h10,5968416971980520543
p1,B,92,394,14,h10,5968416971980520543
p1,C,20,91,389,h10,5968416971980520543
p1,Non-ROH,500,0,0,h10,5968416971980520543
p2,A,493,7,0,h10,5968416971980520543
p2,B,203,297,0,h10,5968416971980520543
p2,C,15,75,410,h10,5968416971980520543
p2,Non-ROH,500,0,0,h10,5968416971980520543
p3,A,490,10,0,h10,5968416971980520543
p3,B,258,242,0,h10,5968416971980520543
p3,C,13,116,371,h10,5968416971980520543
p3,Non-ROH,500,0,0,h10,5968416971980520543
p1,A,458,42,0,h10,5991427652628417586
p1,B,72,411,17,h10,5991427652628417586
p1,C,23,107,370,h10,5991427652628417586
p1,Non-ROH,500,0,0,h10,5991427652628417586
p2,A,496,4,0,h10,5991427652628417586
p2,B,231,269,0,h10,5991427652628417586
p2,C,21,157,322,h10,5991427652628417586
p2,Non-ROH,500,0,0,h10,5991427652628417586
p3,A,495,5,0,h10,5991427652628417586
p3,B,237,263,0,h10,5991427652628417586
p3,C,7,119,374,h10,5991427652628417586
p3,Non-ROH,500,0,0,h10,5991427652628417586
p1,A,469,31,0,h10,600976585557656977
p1,B,107,375,18,h10,600976585557656977
p1,C,35,106,359,h10,600976585557656977
p1,Non-ROH,500,0,0,h10,600976585557656977
p2,A,493,7,0,h10,600976585557656977
p2,B,230,270,0,h10,600976585557656977
p2,C,25,102,373,h10,600976585557656977
p2,Non-ROH,500,0,0,h10,600976585557656977
p3,A,498,2,0,h10,600976585557656977
p3,B,270,230,0,h10,600976585557656977
p3,C,18,178,304,h10,600976585557656977
p3,Non-ROH,500,0,0,h10,600976585557656977
p1,A,432,68,0,h10,6033744414164909258
p1,B,58,432,10,h10,6033744414164909258
p1,C,19,109,372,h10,6033744414164909258
p1,Non-ROH,500,0,0,h10,6033744414164909258
p2,A,475,25,0,h10,6033744414164909258
p2,B,178,322,0,h10,6033744414164909258
p2,C,13,125,362,h10,6033744414164909258
p2,Non-ROH,500,0,0,h10,6033744414164909258
p3,A,490,10,0,h10,6033744414164909258
p3,B,195,305,0,h10,6033744414164909258
p3,C,15,132,353,h10,6033744414164909258
p3,Non-ROH,500,0,0,h10,6033744414164909258
p1,A,440,60,0,h10,6067249672066659593
p1,B,81,407,12,h10,6067249672066659593
p1,C,28,87,385,h10,6067249672066659593
p1,Non-ROH,500,0,0,h10,6067249672066659593
p2,A,486,14,0,h10,6067249672066659593
p2,B,213,287,0,h10,6067249672066659593
p2,C,21,110,369,h10,6067249672066659593
p2,Non-ROH,500,0,0,h10,6067249672066659593
p3,A,488,12,0,h10,6067249672066659593
p3,B,224,276,0,h10,6067249672066659593
p3,C,13,113,374,h10,6067249672066659593
p3,Non-ROH,500,0,0,h10,6067249672066659593
p1,A,464,36,0,h10,6086232460473241812
p1,B,75,407,18,h10,6086232460473241812
p1,C,26,84,390,h10,6086232460473241812
p1,Non-ROH,500,0,0,h10,6086232460473241812
p2,A,495,5,0,h10,6086232460473241812
p2,B,200,300,0,h10,6086232460473241812
p2,C,23,107,370,h10,6086232460473241812
p2,Non-ROH,500,0,0,h10,6086232460473241812
p3,A,496,4,0,h10,6086232460473241812
p3,B,239,261,0,h10,6086232460473241812
p3,C,16,182,302,h10,6086232460473241812
p3,Non-ROH,500,0,0,h10,6086232460473241812
p1,A,421,79,0,h10,6101300901121653867
p1,B,100,382,18,h10,6101300901121653867
p1,C,24,97,379,h10,6101300901121653867
p1,Non-ROH,500,0,0,h10,6101300901121653867
p2,A,480,20,0,h10,6101300901121653867
p2,B,209,291,0,h10,6101300901121653867
p2,C,25,120,355,h10,6101300901121653867
p2,Non-ROH,500,0,0,h10,6101300901121653867
p3,A,482,18,0,h10,6101300901121653867
p3,B,272,228,0,h10,6101300901121653867
p3,C,14,148,338,h10,6101300901121653867
p3,Non-ROH,500,0,0,h10,6101300901121653867
p1,A,435,65,0,h10,6101696202919688963
p1,B,100,381,19,h10,6101696202919688963
p1,C,21,110,369,h10,6101696202919688963
p1,Non-ROH,500,0,0,h10,6101696202919688963
p2,A,498,2,0,h10,6101696202919688963
p2,B,246,254,0,h10,6101696202919688963
p2,C,23,128,349,h10,6101696202919688963
p2,Non-ROH,500,0,0,h10,6101696202919688963
p3,A,497,3,0,h10,6101696202919688963
p3,B,296,204,0,h10,6101696202919688963
p3,C,20,143,337,h10,6101696202919688963
p3,Non-ROH,500,0,0,h10,6101696202919688963
p1,A,449,51,0,h10,610212378968289478
p1,B,67,421,12,h10,610212378968289478
p1,C,17,132,351,h10,610212378968289478
p1,Non-ROH,500,0,0,h10,610212378968289478
p2,A,481,19,0,h10,610212378968289478
p2,B,176,324,0,h10,610212378968289478
p2,C,18,96,386,h10,610212378968289478
p2,Non-ROH,500,0,0,h10,610212378968289478
p3,A,470,30,0,h10,610212378968289478
p3,B,204,296,0,h10,610212378968289478
p3,C,16,175,309,h10,610212378968289478
p3,Non-ROH,500,0,0,h10,610212378968289478
p1,A,461,39,0,h10,6108219098766146739
p1,B,90,402,8,h10,6108219098766146739
p1,C,23,117,360,h10,6108219098766146739
p1,Non-ROH,500,0,0,h10,6108219098766146739
p2,A,498,2,0,h10,6108219098766146739
p2,B,230,270,0,h10,6108219098766146739
p2,C,18,119,363,h10,6108219098766146739
p2,Non-ROH,500,0,0,h10,6108219098766146739
p3,A,499,1,0,h10,6108219098766146739
p3,B,253,247,0,h10,6108219098766146739
p3,C,15,119,366,h10,6108219098766146739
p3,Non-ROH,500,0,0,h10,6108219098766146739
p1,A,446,54,0,h10,6110961482001302286
p1,B,104,381,15,h10,6110961482001302286
p1,C,30,84,386,h10,6110961482001302286
p1,Non-ROH,500,0,0,h10,6110961482001302286
p2,A,493,7,0,h10,6110961482001302286
p2,B,218,282,0,h10,6110961482001302286
p2,C,20,102,378,h10,6110961482001302286
p2,Non-ROH,500,0,0,h10,6110961482001302286
p3,A,490,10,0,h10,6110961482001302286
p3,B,284,216,0,h10,6110961482001302286
p3,C,16,135,349,h10,6110961482001302286
p3,Non-ROH,500,0,0,h10,6110961482001302286
p1,A,466,34,0,h10,6124166059669064808
p1,B,105,378,17,h10,6124166059669064808
p1,C,31,100,369,h10,6124166059669064808
p1,Non-ROH,500,0,0,h10,6124166059669064808
p2,A,496,4,0,h10,6124166059669064808
p2,B,253,247,0,h10,6124166059669064808
p2,C,21,90,389,h10,6124166059669064808
p2,Non-ROH,500,0,0,h10,6124166059669064808
p3,A,497,3,0,h10,6124166059669064808
p3,B,312,188,0,h10,6124166059669064808
p3,C,17,135,348,h10,6124166059669064808
p3,Non-ROH,500,0,0,h10,6124166059669064808
p1,A,442,58,0,h10,6149830984495804229
p1,B,114,375,11,h10,6149830984495804229
p1,C,33,116,351,h10,6149830984495804229
p1,Non-ROH,500,0,0,h10,6149830984495804229
p2,A,492,8,0,h10,6149830984495804229
p2,B,249,251,0,h10,6149830984495804229
p2,C,20,111,369,h10,6149830984495804229
p2,Non-ROH,500,0,0,h10,6149830984495804229
p3,A,495,5,0,h10,6149830984495804229
p3,B,301,199,0,h10,6149830984495804229
p3,C,21,149,330,h10,6149830984495804229
p3,Non-ROH,500,0,0,h10,6149830984495804229
p1,A,456,44,0,h10,6152729287407863543
p1,B,97,388,15,h10,6152729287407863543
p1,C,29,97,374,h10,6152729287407863543
p1,Non-ROH,500,0,0,h10,6152729287407863543
p2,A,495,5,0,h10,6152729287407863543
p2,B,233,267,0,h10,6152729287407863543
p2,C,16,108,376,h10,6152729287407863543
p2,Non-ROH,500,0,0,h10,6152729287407863543
p3,A,497,3,0,h10,6152729287407863543
p3,B,280,220,0,h10,6152729287407863543
p3,C,21,145,334,h10,6152729287407863543
p3,Non-ROH,500,0,0,h10,6152729287407863543
p1,A,411,89,0,h10,6156965083092227138
p1,B,86,397,17,h10,6156965083092227138
p1,C,30,111,359,h10,6156965083092227138
p1,Non-ROH,500,0,0,h10,6156965083092227138
p2,A,491,9,0,h10,6156965083092227138
p2,B,170,330,0,h10,6156965083092227138
p2,C,20,148,332,h10,6156965083092227138
p2,Non-ROH,500,0,0,h10,6156965083092227138
p3,A,486,14,0,h10,6156965083092227138
p3,B,244,256,0,h10,6156965083092227138
p3,C,17,90,393,h10,6156965083092227138
p3,Non-ROH,500,0,0,h10,6156965083092227138
p1,A,456,44,0,h10,6171075150083580820
p1,B,94,389,17,h10,6171075150083580820
p1,C,25,98,377,h10,6171075150083580820
p1,Non-ROH,500,0,0,h10,6171075150083580820
p2,A,488,12,0,h10,6171075150083580820
p2,B,203,297,0,h10,6171075150083580820
p2,C,16,96,388,h10,6171075150083580820
p2,Non-ROH,500,0,0,h10,6171075150083580820
p3,A,497,3,0,h10,6171075150083580820
p3,B,280,220,0,h10,6171075150083580820
p3,C,10,173,317,h10,6171075150083580820
p3,Non-ROH,500,0,0,h10,6171075150083580820
p1,A,393,107,0,h10,6188044840387267334
p1,B,50,433,17,h10,6188044840387267334
p1,C,19,118,363,h10,6188044840387267334
p1,Non-ROH,500,0,0,h10,6188044840387267334
p2,A,470,30,0,h10,6188044840387267334
p2,B,150,350,0,h10,6188044840387267334
p2,C,15,111,374,h10,6188044840387267334
p2,Non-ROH,500,0,0,h10,6188044840387267334
p3,A,463,37,0,h10,6188044840387267334
p3,B,223,277,0,h10,6188044840387267334
p3,C,9,94,397,h10,6188044840387267334
p3,Non-ROH,500,0,0,h10,6188044840387267334
p1,A,428,72,0,h10,619624841030582555
p1,B,85,397,18,h10,619624841030582555
p1,C,23,107,370,h10,619624841030582555
p1,Non-ROH,500,0,0,h10,619624841030582555
p2,A,494,6,0,h10,619624841030582555
p2,B,174,326,0,h10,619624841030582555
p2,C,16,103,381,h10,619624841030582555
p2,Non-ROH,500,0,0,h10,619624841030582555
p3,A,493,7,0,h10,619624841030582555
p3,B,233,267,0,h10,619624841030582555
p3,C,16,200,284,h10,619624841030582555
p3,Non-ROH,500,0,0,h10,619624841030582555
p1,A,423,77,0,h10,6197777730050959470
p1,B,115,367,18,h10,6197777730050959470
p1,C,35,93,372,h10,6197777730050959470
p1,Non-ROH,500,0,0,h10,6197777730050959470
p2,A,490,10,0,h10,6197777730050959470
p2,B,273,227,0,h10,6197777730050959470
p2,C,25,144,331,h10,6197777730050959470
p2,Non-ROH,500,0,0,h10,6197777730050959470
p3,A,497,3,0,h10,6197777730050959470
p3,B,307,193,0,h10,6197777730050959470
p3,C,28,126,346,h10,6197777730050959470
p3,Non-ROH,500,0,0,h10,6197777730050959470
p1,A,404,96,0,h10,6206865270555710685
p1,B,84,405,11,h10,6206865270555710685
p1,C,12,106,382,h10,6206865270555710685
p1,Non-ROH,500,0,0,h10,6206865270555710685
p2,A,461,39,0,h10,6206865270555710685
p2,B,231,269,0,h10,6206865270555710685
p2,C,13,126,361,h10,6206865270555710685
p2,Non-ROH,500,0,0,h10,6206865270555710685
p3,A,476,24,0,h10,6206865270555710685
p3,B,261,239,0,h10,6206865270555710685
p3,C,14,136,350,h10,6206865270555710685
p3,Non-ROH,500,0,0,h10,6206865270555710685
p1,A,429,71,0,h10,6213478880350127749
p1,B,64,421,15,h10,6213478880350127749
p1,C,21,106,373,h10,6213478880350127749
p1,Non-ROH,500,0,0,h10,6213478880350127749
p2,A,483,17,0,h10,6213478880350127749
p2,B,165,335,0,h10,6213478880350127749
p2,C,12,124,364,h10,6213478880350127749
p2,Non-ROH,500,0,0,h10,6213478880350127749
p3,A,492,8,0,h10,6213478880350127749
p3,B,226,274,0,h10,6213478880350127749
p3,C,13,120,367,h10,6213478880350127749
p3,Non-ROH,500,0,0,h10,6213478880350127749
p1,A,446,54,0,h10,6225800373350866827
p1,B,94,389,17,h10,6225800373350866827
p1,C,28,100,372,h10,6225800373350866827
p1,Non-ROH,500,0,0,h10,6225800373350866827
p2,A,493,7,0,h10,6225800373350866827
p2,B,235,265,0,h10,6225800373350866827
p2,C,24,157,319,h10,6225800373350866827
p2,Non-ROH,500,0,0,h10,6225800373350866827
p3,A,489,11,0,h10,6225800373350866827
p3,B,318,182,0,h10,6225800373350866827
p3,C,18,106,376,h10,6225800373350866827
p3,Non-ROH,500,0,0,h10,6225800373350866827
p1,A,486,14,0,h10,6233101665352243292
p1,B,122,359,19,h10,6233101665352243292
p1,C,29,94,377,h10,6233101665352243292
p1,Non-ROH,500,0,0,h10,6233101665352243292
p2,A,494,6,0,h10,6233101665352243292
p2,B,243,257,0,h10,6233101665352243292
p2,C,17,131,352,h10,6233101665352243292
p2,Non-ROH,500,0,0,h10,6233101665352243292
p3,A,499,1,0,h10,6233101665352243292
p3,B,294,206,0,h10,6233101665352243292
p3,C,15,116,369,h10,6233101665352243292
p3,Non-ROH,500,0,0,h10,6233101665352243292
p1,A,439,61,0,h10,62388325581565674
p1,B,115,375,10,h10,62388325581565674
p1,C,39,92,369,h10,62388325581565674
p1,Non-ROH,500,0,0,h10,62388325581565674
p2,A,488,12,0,h10,62388325581565674
p2,B,198,302,0,h10,62388325581565674
p2,C,28,79,393,h10,62388325581565674
p2,Non-ROH,500,0,0,h10,62388325581565674
p3,A,497,3,0,h10,62388325581565674
p3,B,306,194,0,h10,62388325581565674
p3,C,25,160,315,h10,62388325581565674
p3,Non-ROH,500,0,0,h10,62388325581565674
p1,A,462,38,0,h10,6263884963239804569
p1,B,87,400,13,h10,6263884963239804569
p1,C,19,103,378,h10,6263884963239804569
p1,Non-ROH,500,0,0,h10,6263884963239804569
p2,A,496,4,0,h10,6263884963239804569
p2,B,218,282,0,h10,6263884963239804569
p2,C,28,148,324,h10,6263884963239804569
p2,Non-ROH,500,0,0,h10,6263884963239804569
p3,A,499,1,0,h10,6263884963239804569
p3,B,276,224,0,h10,6263884963239804569
p3,C,16,169,315,h10,6263884963239804569
p3,Non-ROH,500,0,0,h10,6263884963239804569
p1,A,451,49,0,h10,6266781973737884493
p1,B,82,411,7,h10,6266781973737884493
p1,C,22,111,367,h10,6266781973737884493
p1,Non-ROH,500,0,0,h10,6266781973737884493
p2,A,493,7,0,h10,6266781973737884493
p2,B,190,310,0,h10,6266781973737884493
p2,C,18,142,340,h10,6266781973737884493
p2,Non-ROH,500,0,0,h10,6266781973737884493
p3,A,496,4,0,h10,6266781973737884493
p3,B,263,237,0,h10,6266781973737884493
p3,C,11,162,327,h10,6266781973737884493
p3,Non-ROH,500,0,0,h10,6266781973737884493
p1,A,460,40,0,h10,6270482577841999821
p1,B,89,387,24,h10,6270482577841999821
p1,C,32,108,360,h10,6270482577841999821
p1,Non-ROH,500,0,0,h10,6270482577841999821
p2,A,499,1,0,h10,6270482577841999821
p2,B,208,292,0,h10,6270482577841999821
p2,C,23,91,386,h10,6270482577841999821
p2,Non-ROH,500,0,0,h10,6270482577841999821
p3,A,499,1,0,h10,6270482577841999821
p3,B,285,215,0,h10,6270482577841999821
p3,C,15,114,371,h10,6270482577841999821
p3,Non-ROH,500,0,0,h10,6270482577841999821
p1,A,445,55,0,h10,6286278017952310707
p1,B,91,398,11,h10,6286278017952310707
p1,C,25,126,349,h10,6286278017952310707
p1,Non-ROH,500,0,0,h10,6286278017952310707
p2,A,475,25,0,h10,6286278017952310707
p2,B,161,339,0,h10,6286278017952310707
p2,C,18,116,366,h10,6286278017952310707
p2,Non-ROH,500,0,0,h10,6286278017952310707
p3,A,480,20,0,h10,6286278017952310707
p3,B,237,263,0,h10,6286278017952310707
p3,C,15,120,365,h10,6286278017952310707
p3,Non-ROH,500,0,0,h10,6286278017952310707
p1,A,476,24,0,h10,6302525653538235986
p1,B,105,376,19,h10,6302525653538235986
p1,C,25,105,370,h10,6302525653538235986
p1,Non-ROH,500,0,0,h10,6302525653538235986
p2,A,497,3,0,h10,6302525653538235986
p2,B,285,215,0,h10,6302525653538235986
p2,C,26,137,337,h10,6302525653538235986
p2,Non-ROH,500,0,0,h10,6302525653538235986
p3,A,498,2,0,h10,6302525653538235986
p3,B,334,166,0,h10,6302525653538235986
p3,C,28,173,299,h10,6302525653538235986
p3,Non-ROH,500,0,0,h10,6302525653538235986
p1,A,440,60,0,h10,6304312116432078501
p1,B,73,414,13,h10,6304312116432078501
p1,C,24,118,358,h10,6304312116432078501
p1,Non-ROH,500,0,0,h10,6304312116432078501
p2,A,482,18,0,h10,6304312116432078501
p2,B,200,300,0,h10,6304312116432078501
p2,C,17,88,395,h10,6304312116432078501
p2,Non-ROH,500,0,0,h10,6304312116432078501
p3,A,490,10,0,h10,6304312116432078501
p3,B,231,269,0,h10,6304312116432078501
p3,C,9,125,366,h10,6304312116432078501
p3,Non-ROH,500,0,0,h10,6304312116432078501
p1,A,419,81,0,h10,6319546427358746835
p1,B,93,388,19,h10,6319546427358746835
p1,C,21,92,387,h10,6319546427358746835
p1,Non-ROH,500,0,0,h10,6319546427358746835
p2,A,480,20,0,h10,6319546427358746835
p2,B,169,331,0,h10,6319546427358746835
p2,C,13,126,361,h10,6319546427358746835
p2,Non-ROH,500,0,0,h10,6319546427358746835
p3,A,489,11,0,h10,6319546427358746835
p3,B,228,272,0,h10,6319546427358746835
p3,C,14,124,362,h10,6319546427358746835
p3,Non-ROH,500,0,0,h10,6319546427358746835
p1,A,443,57,0,h10,6345780253915298361
p1,B,74,407,19,h10,6345780253915298361
p1,C,20,113,367,h10,6345780253915298361
p1,Non-ROH,500,0,0,h10,6345780253915298361
p2,A,493,7,0,h10,6345780253915298361
p2,B,209,291,0,h10,6345780253915298361
p2,C,20,83,397,h10,6345780253915298361
p2,Non-ROH,500,0,0,h10,6345780253915298361
p3,A,493,7,0,h10,6345780253915298361
p3,B,236,264,0,h10,6345780253915298361
p3,C,10,142,348,h10,6345780253915298361
p3,Non-ROH,500,0,0,h10,6345780253915298361
p1,A,421,79,0,h10,6350526839753235210
p1,B,87,401,12,h10,6350526839753235210
p1,C,20,98,382,h10,6350526839753235210
p1,Non-ROH,500,0,0,h10,6350526839753235210
p2,A,495,5,0,h10,6350526839753235210
p2,B,213,287,0,h10,6350526839753235210
p2,C,14,101,385,h10,6350526839753235210
p2,Non-ROH,500,0,0,h10,6350526839753235210
p3,A,486,14,0,h10,6350526839753235210
p3,B,251,249,0,h10,6350526839753235210
p3,C,10,130,360,h10,6350526839753235210
p3,Non-ROH,500,0,0,h10,6350526839753235210
p1,A,427,73,0,h10,6363737224850558885
p1,B,77,408,15,h10,6363737224850558885
p1,C,30,91,379,h10,6363737224850558885
p1,Non-ROH,500,0,0,h10,6363737224850558885
p2,A,480,20,0,h10,6363737224850558885
p2,B,222,278,0,h10,6363737224850558885
p2,C,10,98,392,h10,6363737224850558885
p2,Non-ROH,500,0,0,h10,6363737224850558885
p3,A,485,15,0,h10,6363737224850558885
p3,B,236,264,0,h10,6363737224850558885
p3,C,11,156,333,h10,6363737224850558885
p3,Non-ROH,500,0,0,h10,6363737224850558885
p1,A,468,32,0,h10,6380853950195279381
p1,B,104,387,9,h10,6380853950195279381
p1,C,50,77,373,h10,6380853950195279381
p1,Non-ROH,500,0,0,h10,6380853950195279381
p2,A,493,7,0,h10,6380853950195279381
p2,B,240,260,0,h10,6380853950195279381
p2,C,115,67,318,h10,6380853950195279381
p2,Non-ROH,500,0,0,h10,6380853950195279381
p3,A,498,2,0,h10,6380853950195279381
p3,B,296,204,0,h10,6380853950195279381
p3,C,93,74,333,h10,6380853950195279381
p3,Non-ROH,500,0,0,h10,6380853950195279381
p1,A,449,51,0,h10,6400265666741422804
p1,B,120,363,17,h10,6400265666741422804
p1,C,24,103,373,h10,6400265666741422804
p1,Non-ROH,500,0,0,h10,6400265666741422804
p2,A,497,3,0,h10,6400265666741422804
p2,B,302,198,0,h10,6400265666741422804
p2,C,13,97,390,h10,6400265666741422804
p2,Non-ROH,500,0,0,h10,6400265666741422804
p3,A,499,1,0,h10,6400265666741422804
p3,B,306,194,0,h10,6400265666741422804
p3,C,23,117,360,h10,6400265666741422804
p3,Non-ROH,500,0,0,h10,6400265666741422804
p1,A,465,35,0,h10,6405309118927914857
p1,B,146,339,15,h10,6405309118927914857
p1,C,38,85,377,h10,6405309118927914857
p1,Non-ROH,500,0,0,h10,6405309118927914857
p2,A,499,1,0,h10,6405309118927914857
p2,B,325,175,0,h10,6405309118927914857
p2,C,31,89,380,h10,6405309118927914857
p2,Non-ROH,500,0,0,h10,6405309118927914857
p3,A,498,2,0,h10,6405309118927914857
p3,B,360,140,0,h10,6405309118927914857
p3,C,25,197,278,h10,6405309118927914857
p3,Non-ROH,500,0,0,h10,6405309118927914857
p1,A,469,31,0,h10,640864942368226396
p1,B,100,387,13,h10,640864942368226396
p1,C,24,94,382,h10,640864942368226396
p1,Non-ROH,500,0,0,h10,640864942368226396
p2,A,488,12,0,h10,640864942368226396
p2,B,220,280,0,h10,640864942368226396
p2,C,13,106,381,h10,640864942368226396
p2,Non-ROH,500,0,0,h10,640864942368226396
p3,A,494,6,0,h10,640864942368226396
p3,B,276,224,0,h10,640864942368226396
p3,C,16,133,351,h10,640864942368226396
p3,Non-ROH,500,0,0,h10,640864942368226396
p1,A,432,68,0,h10,6413302536028230327
p1,B,96,390,14,h10,6413302536028230327
p1,C,29,91,380,h10,6413302536028230327
p1,Non-ROH,500,0,0,h10,6413302536028230327
p2,A,495,5,0,h10,6413302536028230327
p2,B,218,281,1,h10,6413302536028230327
p2,C,23,111,366,h10,6413302536028230327
p2,Non-ROH,500,0,0,h10,6413302536028230327
p3,A,489,11,0,h10,6413302536028230327
p3,B,286,214,0,h10,6413302536028230327
p3,C,19,160,321,h10,6413302536028230327
p3,Non-ROH,500,0,0,h10,6413302536028230327
p1,A,372,128,0,h10,6468964418824540290
p1,B,82,402,16,h10,6468964418824540290
p1,C,22,120,358,h10,6468964418824540290
p1,Non-ROH,500,0,0,h10,6468964418824540290
p2,A,444,56,0,h10,6468964418824540290
p2,B,226,274,0,h10,6468964418824540290
p2,C,13,143,344,h10,6468964418824540290
p2,Non-ROH,500,0,0,h10,6468964418824540290
p3,A,449,51,0,h10,6468964418824540290
p3,B,230,270,0,h10,6468964418824540290
p3,C,6,158,336,h10,6468964418824540290
p3,Non-ROH,500,0,0,h10,6468964418824540290
p1,A,429,71,0,h10,6471366822032080756
p1,B,100,388,12,h10,6471366822032080756
p1,C,22,89,389,h10,6471366822032080756
p1,Non-ROH,500,0,0,h10,6471366822032080756
p2,A,487,13,0,h10,6471366822032080756
p2,B,254,246,0,h10,6471366822032080756
p2,C,17,85,398,h10,6471366822032080756
p2,Non-ROH,500,0,0,h10,6471366822032080756
p3,A,493,7,0,h10,6471366822032080756
p3,B,296,204,0,h10,6471366822032080756
p3,C,21,120,359,h10,6471366822032080756
p3,Non-ROH,500,0,0,h10,6471366822032080756
p1,A,416,84,0,h10,6521868254132059654
p1,B,49,436,15,h10,6521868254132059654
p1,C,18,107,375,h10,6521868254132059654
p1,Non-ROH,500,0,0,h10,6521868254132059654
p2,A,492,8,0,h10,6521868254132059654
p2,B,157,343,0,h10,6521868254132059654
p2,C,22,146,332,h10,6521868254132059654
p2,Non-ROH,500,0,0,h10,6521868254132059654
p3,A,497,3,0,h10,6521868254132059654
p3,B,204,296,0,h10,6521868254132059654
p3,C,21,114,365,h10,6521868254132059654
p3,Non-ROH,500,0,0,h10,6521868254132059654
p1,A,425,75,0,h10,6542073822433313950
p1,B,135,353,12,h10,6542073822433313950
p1,C,28,114,358,h10,6542073822433313950
p1,Non-ROH,500,0,0,h10,6542073822433313950
p2,A,488,12,0,h10,6542073822433313950
p2,B,271,229,0,h10,6542073822433313950
p2,C,19,130,351,h10,6542073822433313950
p2,Non-ROH,500,0,0,h10,6542073822433313950
p3,A,493,7,0,h10,6542073822433313950
p3,B,330,170,0,h10,6542073822433313950
p3,C,21,138,341,h10,6542073822433313950
p3,Non-ROH,500,0,0,h10,6542073822433313950
p1,A,398,102,0,h10,6564996635567695069
p1,B,66,425,9,h10,6564996635567695069
p1,C,13,119,368,h10,6564996635567695069
p1,Non-ROH,500,0,0,h10,6564996635567695069
p2,A,477,23,0,h10,6564996635567695069
p2,B,179,321,0,h10,6564996635567695069
p2,C,13,136,351,h10,6564996635567695069
p2,Non-ROH,500,0,0,h10,6564996635567695069
p3,A,451,49,0,h10,6564996635567695069
p3,B,226,274,0,h10,6564996635567695069
p3,C,16,120,364,h10,6564996635567695069
p3,Non-ROH,500,0,0,h10,6564996635567695069
p1,A,403,97,0,h10,6580389883628661033
p1,B,80,402,18,h10,6580389883628661033
p1,C,16,114,370,h10,6580389883628661033
p1,Non-ROH,500,0,0,h10,6580389883628661033
p2,A,497,3,0,h10,6580389883628661033
p2,B,202,298,0,h10,6580389883628661033
p2,C,13,130,357,h10,6580389883628661033
p2,Non-ROH,500,0,0,h10,6580389883628661033
p3,A,491,9,0,h10,6580389883628661033
p3,B,182,318,0,h10,6580389883628661033
p3,C,13,132,355,h10,6580389883628661033
p3,Non-ROH,500,0,0,h10,6580389883628661033
p1,A,431,69,0,h10,6595661886594101471
p1,B,74,415,11,h10,6595661886594101471
p1,C,31,104,365,h10,6595661886594101471
p1,Non-ROH,500,0,0,h10,6595661886594101471
p2,A,492,8,0,h10,6595661886594101471
p2,B,230,270,0,h10,6595661886594101471
p2,C,18,101,381,h10,6595661886594101471
p2,Non-ROH,500,0,0,h10,6595661886594101471
p3,A,492,8,0,h10,6595661886594101471
p3,B,248,252,0,h10,6595661886594101471
p3,C,25,159,316,h10,6595661886594101471
p3,Non-ROH,500,0,0,h10,6595661886594101471
p1,A,412,88,0,h10,6608809089552297484
p1,B,66,425,9,h10,6608809089552297484
p1,C,14,108,378,h10,6608809089552297484
p1,Non-ROH,500,0,0,h10,6608809089552297484
p2,A,476,24,0,h10,6608809089552297484
p2,B,155,345,0,h10,6608809089552297484
p2,C,16,111,373,h10,6608809089552297484
p2,Non-ROH,500,0,0,h10,6608809089552297484
p3,A,477,23,0,h10,6608809089552297484
p3,B,185,315,0,h10,6608809089552297484
p3,C,15,151,334,h10,6608809089552297484
p3,Non-ROH,500,0,0,h10,6608809089552297484
p1,A,454,46,0,h10,6641884518601195670
p1,B,124,363,13,h10,6641884518601195670
p1,C,38,102,360,h10,6641884518601195670
p1,Non-ROH,500,0,0,h10,6641884518601195670
p2,A,495,5,0,h10,6641884518601195670
p2,B,258,242,0,h10,6641884518601195670
p2,C,33,97,370,h10,6641884518601195670
p2,Non-ROH,500,0,0,h10,6641884518601195670
p3,A,499,1,0,h10,6641884518601195670
p3,B,305,194,1,h10,6641884518601195670
p3,C,35,135,330,h10,6641884518601195670
p3,Non-ROH,500,0,0,h10,6641884518601195670
p1,A,471,29,0,h10,6653552891111426127
p1,B,120,364,16,h10,6653552891111426127
p1,C,25,104,371,h10,6653552891111426127
p1,Non-ROH,500,0,0,h10,6653552891111426127
p2,A,500,0,0,h10,6653552891111426127
p2,B,256,244,0,h10,6653552891111426127
p2,C,28,132,340,h10,6653552891111426127
p2,Non-ROH,500,0,0,h10,6653552891111426127
p3,A,499,1,0,h10,6653552891111426127
p3,B,336,164,0,h10,6653552891111426127
p3,C,23,135,342,h10,6653552891111426127
p3,Non-ROH,500,0,0,h10,6653552891111426127
p1,A,465,35,0,h10,6653571569432246723
p1,B,113,379,8,h10,6653571569432246723
p1,C,15,107,378,h10,6653571569432246723
p1,Non-ROH,500,0,0,h10,6653571569432246723
p2,A,499,1,0,h10,6653571569432246723
p2,B,234,266,0,h10,6653571569432246723
p2,C,24,173,303,h10,6653571569432246723
p2,Non-ROH,500,0,0,h10,6653571569432246723
p3,A,497,3,0,h10,6653571569432246723
p3,B,310,190,0,h10,6653571569432246723
p3,C,44,160,296,h10,6653571569432246723
p3,Non-ROH,500,0,0,h10,6653571569432246723
p1,A,399,101,0,h10,6675585181627138478
p1,B,93,386,21,h10,6675585181627138478
p1,C,25,93,382,h10,6675585181627138478
p1,Non-ROH,500,0,0,h10,6675585181627138478
p2,A,479,21,0,h10,6675585181627138478
p2,B,174,326,0,h10,6675585181627138478
p2,C,24,102,374,h10,6675585181627138478
p2,Non-ROH,500,0,0,h10,6675585181627138478
p3,A,478,22,0,h10,6675585181627138478
p3,B,266,234,0,h10,6675585181627138478
p3,C,24,127,349,h10,6675585181627138478
p3,Non-ROH,500,0,0,h10,6675585181627138478
p1,A,474,26,0,h10,6682180956363210862
p1,B,139,348,13,h10,6682180956363210862
p1,C,23,106,371,h10,6682180956363210862
p1,Non-ROH,500,0,0,h10,6682180956363210862
p2,A,500,0,0,h10,6682180956363210862
p2,B,292,208,0,h10,6682180956363210862
p2,C,20,144,336,h10,6682180956363210862
p2,Non-ROH,500,0,0,h10,6682180956363210862
p3,A,499,1,0,h10,6682180956363210862
p3,B,333,167,0,h10,6682180956363210862
p3,C,16,132,352,h10,6682180956363210862
p3,Non-ROH,500,0,0,h10,6682180956363210862
p1,A,459,41,0,h10,668514022658497051
p1,B,95,386,19,h10,668514022658497051
p1,C,35,96,369,h10,668514022658497051
p1,Non-ROH,500,0,0,h10,668514022658497051
p2,A,491,9,0,h10,668514022658497051
p2,B,228,272,0,h10,668514022658497051
p2,C,27,80,393,h10,668514022658497051
p2,Non-ROH,500,0,0,h10,668514022658497051
p3,A,494,6,0,h10,668514022658497051
p3,B,283,217,0,h10,668514022658497051
p3,C,29,98,373,h10,668514022658497051
p3,Non-ROH,500,0,0,h10,668514022658497051
p1,A,438,62,0,h10,6686484661086235967
p1,B,107,376,17,h10,6686484661086235967
p1,C,28,97,375,h10,6686484661086235967
p1,Non-ROH,500,0,0,h10,6686484661086235967
p2,A,491,9,0,h10,6686484661086235967
p2,B,275,225,0,h10,6686484661086235967
p2,C,18,138,344,h10,6686484661086235967
p2,Non-ROH,500,0,0,h10,6686484661086235967
p3,A,480,20,0,h10,6686484661086235967
p3,B,298,202,0,h10,6686484661086235967
p3,C,15,112,373,h10,6686484661086235967
p3,Non-ROH,500,0,0,h10,6686484661086235967
p1,A,463,37,0,h10,6721650940977808213
p1,B,96,392,12,h10,6721650940977808213
p1,C,23,96,381,h10,6721650940977808213
p1,Non-ROH,500,0,0,h10,6721650940977808213
p2,A,498,2,0,h10,6721650940977808213
p2,B,239,261,0,h10,6721650940977808213
p2,C,19,101,380,h10,6721650940977808213
p2,Non-ROH,500,0,0,h10,6721650940977808213
p3,A,498,2,0,h10,6721650940977808213
p3,B,305,195,0,h10,6721650940977808213
p3,C,22,129,349,h10,6721650940977808213
p3,Non-ROH,500,0,0,h10,6721650940977808213
p1,A,420,80,0,h10,6725062127071495749
p1,B,54,433,13,h10,6725062127071495749
p1,C,21,112,367,h10,6725062127071495749
p1,Non-ROH,500,0,0,h10,6725062127071495749
p2,A,499,1,0,h10,6725062127071495749
p2,B,198,302,0,h10,6725062127071495749
p2,C,14,95,391,h10,6725062127071495749
p2,Non-ROH,500,0,0,h10,6725062127071495749
p3,A,500,0,0,h10,6725062127071495749
p3,B,253,247,0,h10,6725062127071495749
p3,C,17,227,256,h10,6725062127071495749
p3,Non-ROH,500,0,0,h10,6725062127071495749
p1,A,459,41,0,h10,676035330908438030
p1,B,97,398,5,h10,676035330908438030
p1,C,26,107,367,h10,676035330908438030
p1,Non-ROH,500,0,0,h10,676035330908438030
p2,A,498,2,0,h10,676035330908438030
p2,B,199,301,0,h10,676035330908438030
p2,C,35,100,365,h10,676035330908438030
p2,Non-ROH,500,0,0,h10,676035330908438030
p3,A,499,1,0,h10,676035330908438030
p3,B,241,259,0,h10,676035330908438030
p3,C,19,119,362,h10,676035330908438030
p3,Non-ROH,500,0,0,h10,676035330908438030
p1,A,404,96,0,h10,6767195749530879428
p1,B,62,420,18,h10,6767195749530879428
p1,C,19,110,371,h10,6767195749530879428
p1,Non-ROH,500,0,0,h10,6767195749530879428
p2,A,470,30,0,h10,6767195749530879428
p2,B,103,397,0,h10,6767195749530879428
p2,C,12,97,391,h10,6767195749530879428
p2,Non-ROH,500,0,0,h10,6767195749530879428
p3,A,487,13,0,h10,6767195749530879428
p3,B,209,291,0,h10,6767195749530879428
p3,C,5,163,332,h10,6767195749530879428
p3,Non-ROH,500,0,0,h10,6767195749530879428
p1,A,339,161,0,h10,6778355494835533152
p1,B,57,429,14,h10,6778355494835533152
p1,C,19,106,375,h10,6778355494835533152
p1,Non-ROH,500,0,0,h10,6778355494835533152
p2,A,434,66,0,h10,6778355494835533152
p2,B,119,381,0,h10,6778355494835533152
p2,C,9,112,379,h10,6778355494835533152
p2,Non-ROH,500,0,0,h10,6778355494835533152
p3,A,428,72,0,h10,6778355494835533152
p3,B,178,322,0,h10,6778355494835533152
p3,C,8,118,374,h10,6778355494835533152
p3,Non-ROH,500,0,0,h10,6778355494835533152
p1,A,423,77,0,h10,6794857817259638120
p1,B,84,402,14,h10,6794857817259638120
p1,C,17,117,366,h10,6794857817259638120
p1,Non-ROH,500,0,0,h10,6794857817259638120
p2,A,495,5,0,h10,6794857817259638120
p2,B,247,253,0,h10,6794857817259638120
p2,C,16,191,293,h10,6794857817259638120
p2,Non-ROH,500,0,0,h10,6794857817259638120
p3,A,493,7,0,h10,6794857817259638120
p3,B,258,242,0,h10,6794857817259638120
p3,C,15,205,280,h10,6794857817259638120
p3,Non-ROH,500,0,0,h10,6794857817259638120
p1,A,437,63,0,h10,6805308891829717615
p1,B,126,358,16,h10,6805308891829717615
p1,C,22,108,370,h10,6805308891829717615
p1,Non-ROH,500,0,0,h10,6805308891829717615
p2,A,491,9,0,h10,6805308891829717615
p2,B,252,248,0,h10,6805308891829717615
p2,C,25,94,381,h10,6805308891829717615
p2,Non-ROH,500,0,0,h10,6805308891829717615
p3,A,493,7,0,h10,6805308891829717615
p3,B,303,197,0,h10,6805308891829717615
p3,C,23,147,330,h10,6805308891829717615
p3,Non-ROH,500,0,0,h10,6805308891829717615
p1,A,447,53,0,h10,6806079421604775778
p1,B,96,386,18,h10,6806079421604775778
p1,C,31,106,363,h10,6806079421604775778
p1,Non-ROH,500,0,0,h10,6806079421604775778
p2,A,498,2,0,h10,6806079421604775778
p2,B,262,238,0,h10,6806079421604775778
p2,C,21,102,377,h10,6806079421604775778
p2,Non-ROH,500,0,0,h10,6806079421604775778
p3,A,497,3,0,h10,6806079421604775778
p3,B,307,193,0,h10,6806079421604775778
p3,C,31,82,387,h10,6806079421604775778
p3,Non-ROH,500,0,0,h10,6806079421604775778
p1,A,466,34,0,h10,6839958203059671357
p1,B,94,395,11,h10,6839958203059671357
p1,C,23,109,368,h10,6839958203059671357
p1,Non-ROH,500,0,0,h10,6839958203059671357
p2,A,495,5,0,h10,6839958203059671357
p2,B,196,304,0,h10,6839958203059671357
p2,C,16,104,380,h10,6839958203059671357
p2,Non-ROH,500,0,0,h10,6839958203059671357
p3,A,496,4,0,h10,6839958203059671357
p3,B,258,242,0,h10,6839958203059671357
p3,C,27,108,365,h10,6839958203059671357
p3,Non-ROH,500,0,0,h10,6839958203059671357
p1,A,471,29,0,h10,6868753200873327328
p1,B,133,353,14,h10,6868753200873327328
p1,C,31,105,364,h10,6868753200873327328
p1,Non-ROH,500,0,0,h10,6868753200873327328
p2,A,494,6,0,h10,6868753200873327328
p2,B,317,183,0,h10,6868753200873327328
p2,C,21,153,326,h10,6868753200873327328
p2,Non-ROH,500,0,0,h10,6868753200873327328
p3,A,497,3,0,h10,6868753200873327328
p3,B,287,213,0,h10,6868753200873327328
p3,C,12,168,320,h10,6868753200873327328
p3,Non-ROH,500,0,0,h10,6868753200873327328
p1,A,357,143,0,h10,687515189984373041
p1,B,71,419,10,h10,687515189984373041
p1,C,27,92,381,h10,687515189984373041
p1,Non-ROH,500,0,0,h10,687515189984373041
p2,A,449,51,0,h10,687515189984373041
p2,B,172,328,0,h10,687515189984373041
p2,C,10,131,359,h10,687515189984373041
p2,Non-ROH,500,0,0,h10,687515189984373041
p3,A,468,32,0,h10,687515189984373041
p3,B,221,279,0,h10,687515189984373041
p3,C,22,99,379,h10,687515189984373041
p3,Non-ROH,500,0,0,h10,687515189984373041
p1,A,399,101,0,h10,6898102233494692954
p1,B,86,399,15,h10,6898102233494692954
p1,C,24,132,344,h10,6898102233494692954
p1,Non-ROH,500,0,0,h10,6898102233494692954
p2,A,484,16,0,h10,6898102233494692954
p2,B,229,271,0,h10,6898102233494692954
p2,C,21,109,370,h10,6898102233494692954
p2,Non-ROH,500,0,0,h10,6898102233494692954
p3,A,492,8,0,h10,6898102233494692954
p3,B,285,215,0,h10,6898102233494692954
p3,C,19,203,278,h10,6898102233494692954
p3,Non-ROH,500,0,0,h10,6898102233494692954
p1,A,360,140,0,h10,6950854716342065280
p1,B,62,426,12,h10,6950854716342065280
p1,C,23,101,376,h10,6950854716342065280
p1,Non-ROH,500,0,0,h10,6950854716342065280
p2,A,454,46,0,h10,6950854716342065280
p2,B,145,355,0,h10,6950854716342065280
p2,C,10,132,358,h10,6950854716342065280
p2,Non-ROH,500,0,0,h10,6950854716342065280
p3,A,492,8,0,h10,6950854716342065280
p3,B,186,314,0,h10,6950854716342065280
p3,C,10,119,371,h10,6950854716342065280
p3,Non-ROH,500,0,0,h10,6950854716342065280
p1,A,434,66,0,h10,6982498551150246415
p1,B,81,400,19,h10,6982498551150246415
p1,C,17,127,356,h10,6982498551150246415
p1,Non-ROH,500,0,0,h10,6982498551150246415
p2,A,495,5,0,h10,6982498551150246415
p2,B,214,286,0,h10,6982498551150246415
p2,C,17,164,319,h10,6982498551150246415
p2,Non-ROH,500,0,0,h10,6982498551150246415
p3,A,496,4,0,h10,6982498551150246415
p3,B,270,230,0,h10,6982498551150246415
p3,C,12,143,345,h10,6982498551150246415
p3,Non-ROH,500,0,0,h10,6982498551150246415
p1,A,392,108,0,h10,6982878628916527953
p1,B,67,415,18,h10,6982878628916527953
p1,C,16,100,384,h10,6982878628916527953
p1,Non-ROH,500,0,0,h10,6982878628916527953
p2,A,488,12,0,h10,6982878628916527953
p2,B,161,339,0,h10,6982878628916527953
p2,C,12,99,389,h10,6982878628916527953
p2,Non-ROH,500,0,0,h10,6982878628916527953
p3,A,488,12,0,h10,6982878628916527953
p3,B,227,273,0,h10,6982878628916527953
p3,C,17,158,325,h10,6982878628916527953
p3,Non-ROH,500,0,0,h10,6982878628916527953
p1,A,441,59,0,h10,6987973245034708872
p1,B,86,391,23,h10,6987973245034708872
p1,C,24,112,364,h10,6987973245034708872
p1,Non-ROH,500,0,0,h10,6987973245034708872
p2,A,498,2,0,h10,6987973245034708872
p2,B,233,267,0,h10,6987973245034708872
p2,C,16,133,351,h10,6987973245034708872
p2,Non-ROH,500,0,0,h10,6987973245034708872
p3,A,494,6,0,h10,6987973245034708872
p3,B,254,246,0,h10,6987973245034708872
p3,C,16,121,363,h10,6987973245034708872
p3,Non-ROH,500,0,0,h10,6987973245034708872
p1,A,460,40,0,h10,7002330520356708386
p1,B,89,393,18,h10,7002330520356708386
p1,C,37,99,364,h10,7002330520356708386
p1,Non-ROH,500,0,0,h10,7002330520356708386
p2,A,494,6,0,h10,7002330520356708386
p2,B,227,273,0,h10,7002330520356708386
p2,C,20,99,381,h10,7002330520356708386
p2,Non-ROH,500,0,0,h10,7002330520356708386
p3,A,496,4,0,h10,7002330520356708386
p3,B,249,251,0,h10,7002330520356708386
p3,C,10,126,364,h10,7002330520356708386
p3,Non-ROH,500,0,0,h10,7002330520356708386
p1,A,421,79,0,h10,7002394389388026964
p1,B,59,426,15,h10,7002394389388026964
p1,C,19,110,371,h10,7002394389388026964
p1,Non-ROH,500,0,0,h10,7002394389388026964
p2,A,467,33,0,h10,7002394389388026964
p2,B,196,304,0,h10,7002394389388026964
p2,C,9,103,388,h10,7002394389388026964
p2,Non-ROH,500,0,0,h10,7002394389388026964
p3,A,491,9,0,h10,7002394389388026964
p3,B,192,308,0,h10,7002394389388026964
p3,C,12,105,383,h10,7002394389388026964
p3,Non-ROH,500,0,0,h10,7002394389388026964
p1,A,482,18,0,h10,7043408453602655993
p1,B,128,359,13,h10,7043408453602655993
p1,C,29,85,386,h10,7043408453602655993
p1,Non-ROH,500,0,0,h10,7043408453602655993
p2,A,498,2,0,h10,7043408453602655993
p2,B,301,199,0,h10,7043408453602655993
p2,C,23,110,367,h10,7043408453602655993
p2,Non-ROH,500,0,0,h10,7043408453602655993
p3,A,500,0,0,h10,7043408453602655993
p3,B,321,179,0,h10,7043408453602655993
p3,C,20,157,323,h10,7043408453602655993
p3,Non-ROH,500,0,0,h10,7043408453602655993
p1,A,426,74,0,h10,7065385466176995646
p1,B,100,383,17,h10,7065385466176995646
p1,C,27,100,373,h10,7065385466176995646
p1,Non-ROH,500,0,0,h10,7065385466176995646
p2,A,491,9,0,h10,7065385466176995646
p2,B,213,287,0,h10,7065385466176995646
p2,C,12,110,378,h10,7065385466176995646
p2,Non-ROH,500,0,0,h10,7065385466176995646
p3,A,487,13,0,h10,7065385466176995646
p3,B,257,243,0,h10,7065385466176995646
p3,C,10,116,374,h10,7065385466176995646
p3,Non-ROH,500,0,0,h10,7065385466176995646
p1,A,399,101,0,h10,7067217479657550778
p1,B,86,406,8,h10,7067217479657550778
p1,C,23,104,373,h10,7067217479657550778
p1,Non-ROH,500,0,0,h10,7067217479657550778
p2,A,487,13,0,h10,7067217479657550778
p2,B,223,277,0,h10,7067217479657550778
p2,C,27,95,378,h10,7067217479657550778
p2,Non-ROH,500,0,0,h10,7067217479657550778
p3,A,488,12,0,h10,7067217479657550778
p3,B,255,245,0,h10,7067217479657550778
p3,C,10,206,284,h10,7067217479657550778
p3,Non-ROH,500,0,0,h10,7067217479657550778
p1,A,441,59,0,h10,7101029447650996512
p1,B,85,408,7,h10,7101029447650996512
p1,C,27,111,362,h10,7101029447650996512
p1,Non-ROH,500,0,0,h10,7101029447650996512
p2,A,492,8,0,h10,7101029447650996512
p2,B,202,298,0,h10,7101029447650996512
p2,C,20,94,386,h10,7101029447650996512
p2,Non-ROH,500,0,0,h10,7101029447650996512
p3,A,496,4,0,h10,7101029447650996512
p3,B,277,223,0,h10,7101029447650996512
p3,C,23,96,381,h10,7101029447650996512
p3,Non-ROH,500,0,0,h10,7101029447650996512
p1,A,463,37,0,h10,7109568077106525684
p1,B,106,376,18,h10,7109568077106525684
p1,C,19,116,365,h10,7109568077106525684
p1,Non-ROH,500,0,0,h10,7109568077106525684
p2,A,495,5,0,h10,7109568077106525684
p2,B,228,272,0,h10,7109568077106525684
p2,C,27,126,347,h10,7109568077106525684
p2,Non-ROH,500,0,0,h10,7109568077106525684
p3,A,498,2,0,h10,7109568077106525684
p3,B,276,224,0,h10,7109568077106525684
p3,C,26,118,356,h10,7109568077106525684
p3,Non-ROH,500,0,0,h10,7109568077106525684
p1,A,444,56,0,h10,7115043997102468705
p1,B,117,371,12,h10,7115043997102468705
p1,C,28,108,364,h10,7115043997102468705
p1,Non-ROH,500,0,0,h10,7115043997102468705
p2,A,496,4,0,h10,7115043997102468705
p2,B,254,246,0,h10,7115043997102468705
p2,C,22,111,367,h10,7115043997102468705
p2,Non-ROH,500,0,0,h10,7115043997102468705
p3,A,493,7,0,h10,7115043997102468705
p3,B,304,196,0,h10,7115043997102468705
p3,C,21,143,336,h10,7115043997102468705
p3,Non-ROH,500,0,0,h10,7115043997102468705
p1,A,444,56,0,h10,7121666655417947514
p1,B,79,407,14,h10,7121666655417947514
p1,C,34,99,367,h10,7121666655417947514
p1,Non-ROH,500,0,0,h10,7121666655417947514
p2,A,487,13,0,h10,7121666655417947514
p2,B,220,280,0,h10,7121666655417947514
p2,C,15,107,378,h10,7121666655417947514
p2,Non-ROH,500,0,0,h10,7121666655417947514
p3,A,496,4,0,h10,7121666655417947514
p3,B,235,265,0,h10,7121666655417947514
p3,C,24,143,333,h10,7121666655417947514
p3,Non-ROH,500,0,0,h10,7121666655417947514
p1,A,457,43,0,h10,7130027541133706723
p1,B,124,365,11,h10,7130027541133706723
p1,C,31,93,376,h10,7130027541133706723
p1,Non-ROH,500,0,0,h10,7130027541133706723
p2,A,492,8,0,h10,7130027541133706723
p2,B,251,249,0,h10,7130027541133706723
p2,C,26,140,334,h10,7130027541133706723
p2,Non-ROH,500,0,0,h10,7130027541133706723
p3,A,493,7,0,h10,7130027541133706723
p3,B,346,154,0,h10,7130027541133706723
p3,C,35,116,349,h10,7130027541133706723
p3,Non-ROH,500,0,0,h10,7130027541133706723
p1,A,445,55,0,h10,7161415418635995876
p1,B,82,402,16,h10,7161415418635995876
p1,C,21,102,377,h10,7161415418635995876
p1,Non-ROH,500,0,0,h10,7161415418635995876
p2,A,490,10,0,h10,7161415418635995876
p2,B,161,339,0,h10,7161415418635995876
p2,C,14,126,360,h10,7161415418635995876
p2,Non-ROH,500,0,0,h10,7161415418635995876
p3,A,496,4,0,h10,7161415418635995876
p3,B,254,246,0,h10,7161415418635995876
p3,C,10,138,352,h10,7161415418635995876
p3,Non-ROH,500,0,0,h10,7161415418635995876
p1,A,436,64,0,h10,7165066339570139810
p1,B,72,410,18,h10,7165066339570139810
p1,C,19,114,367,h10,7165066339570139810
p1,Non-ROH,500,0,0,h10,7165066339570139810
p2,A,473,27,0,h10,7165066339570139810
p2,B,159,341,0,h10,7165066339570139810
p2,C,13,151,336,h10,7165066339570139810
p2,Non-ROH,500,0,0,h10,7165066339570139810
p3,A,491,9,0,h10,7165066339570139810
p3,B,230,270,0,h10,7165066339570139810
p3,C,12,116,372,h10,7165066339570139810
p3,Non-ROH,500,0,0,h10,7165066339570139810
p1,A,419,81,0,h10,716531998885254618
p1,B,50,419,31,h10,716531998885254618
p1,C,13,93,394,h10,716531998885254618
p1,Non-ROH,500,0,0,h10,716531998885254618
p2,A,488,12,0,h10,716531998885254618
p2,B,159,341,0,h10,716531998885254618
p2,C,8,134,358,h10,716531998885254618
p2,Non-ROH,500,0,0,h10,716531998885254618
p3,A,496,4,0,h10,716531998885254618
p3,B,180,320,0,h10,716531998885254618
p3,C,9,135,356,h10,716531998885254618
p3,Non-ROH,500,0,0,h10,716531998885254618
p1,A,434,66,0,h10,7169142924721882020
p1,B,72,417,11,h10,7169142924721882020
p1,C,21,115,364,h10,7169142924721882020
p1,Non-ROH,500,0,0,h10,7169142924721882020
p2,A,495,5,0,h10,7169142924721882020
p2,B,228,272,0,h10,7169142924721882020
p2,C,15,170,315,h10,7169142924721882020
p2,Non-ROH,500,0,0,h10,7169142924721882020
p3,A,490,10,0,h10,7169142924721882020
p3,B,299,201,0,h10,7169142924721882020
p3,C,8,157,335,h10,7169142924721882020
p3,Non-ROH,500,0,0,h10,7169142924721882020
p1,A,463,37,0,h10,7190375542432072695
p1,B,110,375,15,h10,7190375542432072695
p1,C,31,95,374,h10,7190375542432072695
p1,Non-ROH,500,0,0,h10,7190375542432072695
p2,A,495,5,0,h10,7190375542432072695
p2,B,212,288,0,h10,7190375542432072695
p2,C,46,89,365,h10,7190375542432072695
p2,Non-ROH,500,0,0,h10,7190375542432072695
p3,A,497,3,0,h10,7190375542432072695
p3,B,280,220,0,h10,7190375542432072695
p3,C,22,126,352,h10,7190375542432072695
p3,Non-ROH,500,0,0,h10,7190375542432072695
p1,A,446,54,0,h10,719629301056120332
p1,B,77,408,15,h10,719629301056120332
p1,C,23,108,369,h10,719629301056120332
p1,Non-ROH,500,0,0,h10,719629301056120332
p2,A,488,12,0,h10,719629301056120332
p2,B,179,321,0,h10,719629301056120332
p2,C,11,158,331,h10,719629301056120332
p2,Non-ROH,500,0,0,h10,719629301056120332
p3,A,476,24,0,h10,719629301056120332
p3,B,200,300,0,h10,719629301056120332
p3,C,14,122,364,h10,719629301056120332
p3,Non-ROH,500,0,0,h10,719629301056120332
p1,A,444,56,0,h10,7235530420902678226
p1,B,90,398,12,h10,7235530420902678226
p1,C,35,102,363,h10,7235530420902678226
p1,Non-ROH,500,0,0,h10,7235530420902678226
p2,A,497,3,0,h10,7235530420902678226
p2,B,228,272,0,h10,7235530420902678226
p2,C,23,108,369,h10,7235530420902678226
p2,Non-ROH,500,0,0,h10,7235530420902678226
p3,A,489,11,0,h10,7235530420902678226
p3,B,272,228,0,h10,7235530420902678226
p3,C,42,111,347,h10,7235530420902678226
p3,Non-ROH,500,0,0,h10,7235530420902678226
p1,A,434,66,0,h10,7255157952621009682
p1,B,108,373,19,h10,7255157952621009682
p1,C,33,88,379,h10,7255157952621009682
p1,Non-ROH,500,0,0,h10,7255157952621009682
p2,A,494,6,0,h10,7255157952621009682
p2,B,229,271,0,h10,7255157952621009682
p2,C,18,111,371,h10,7255157952621009682
p2,Non-ROH,500,0,0,h10,7255157952621009682
p3,A,498,2,0,h10,7255157952621009682
p3,B,286,214,0,h10,7255157952621009682
p3,C,13,130,357,h10,7255157952621009682
p3,Non-ROH,500,0,0,h10,7255157952621009682
p1,A,407,93,0,h10,7282538293252517669
p1,B,70,420,10,h10,7282538293252517669
p1,C,28,110,362,h10,7282538293252517669
p1,Non-ROH,500,0,0,h10,7282538293252517669
p2,A,472,28,0,h10,7282538293252517669
p2,B,164,336,0,h10,7282538293252517669
p2,C,16,120,364,h10,7282538293252517669
p2,Non-ROH,500,0,0,h10,7282538293252517669
p3,A,467,33,0,h10,7282538293252517669
p3,B,303,197,0,h10,7282538293252517669
p3,C,18,121,361,h10,7282538293252517669
p3,Non-ROH,500,0,0,h10,7282538293252517669
p1,A,415,85,0,h10,7295372283654610366
p1,B,110,377,13,h10,7295372283654610366
p1,C,22,91,387,h10,7295372283654610366
p1,Non-ROH,500,0,0,h10,7295372283654610366
p2,A,474,26,0,h10,7295372283654610366
p2,B,236,264,0,h10,7295372283654610366
p2,C,23,113,364,h10,7295372283654610366
p2,Non-ROH,500,0,0,h10,7295372283654610366
p3,A,494,6,0,h10,7295372283654610366
p3,B,254,246,0,h10,7295372283654610366
p3,C,15,142,343,h10,7295372283654610366
p3,Non-ROH,500,0,0,h10,7295372283654610366
p1,A,366,134,0,h10,7298939453274469766
p1,B,72,411,17,h10,7298939453274469766
p1,C,25,113,362,h10,7298939453274469766
p1,Non-ROH,500,0,0,h10,7298939453274469766
p2,A,496,4,0,h10,7298939453274469766
p2,B,162,338,0,h10,7298939453274469766
p2,C,16,113,371,h10,7298939453274469766
p2,Non-ROH,500,0,0,h10,7298939453274469766
p3,A,485,15,0,h10,7298939453274469766
p3,B,196,304,0,h10,7298939453274469766
p3,C,9,147,344,h10,7298939453274469766
p3,Non-ROH,500,0,0,h10,7298939453274469766
p1,A,419,81,0,h10,7310177629327166012
p1,B,71,415,14,h10,7310177629327166012
p1,C,21,92,387,h10,7310177629327166012
p1,Non-ROH,500,0,0,h10,7310177629327166012
p2,A,485,15,0,h10,7310177629327166012
p2,B,186,314,0,h10,7310177629327166012
p2,C,17,107,376,h10,7310177629327166012
p2,Non-ROH,500,0,0,h10,7310177629327166012
p3,A,487,13,0,h10,7310177629327166012
p3,B,246,254,0,h10,7310177629327166012
p3,C,9,140,351,h10,7310177629327166012
p3,Non-ROH,500,0,0,h10,7310177629327166012
p1,A,484,16,0,h10,734757789708957627
p1,B,81,410,9,h10,734757789708957627
p1,C,30,90,380,h10,734757789708957627
p1,Non-ROH,500,0,0,h10,734757789708957627
p2,A,498,2,0,h10,734757789708957627
p2,B,221,279,0,h10,734757789708957627
p2,C,20,93,387,h10,734757789708957627
p2,Non-ROH,500,0,0,h10,734757789708957627
p3,A,494,6,0,h10,734757789708957627
p3,B,298,202,0,h10,734757789708957627
p3,C,18,153,329,h10,734757789708957627
p3,Non-ROH,500,0,0,h10,734757789708957627
p1,A,424,76,0,h10,7350290355227395183
p1,B,126,360,14,h10,7350290355227395183
p1,C,33,111,356,h10,7350290355227395183
p1,Non-ROH,500,0,0,h10,7350290355227395183
p2,A,487,13,0,h10,7350290355227395183
p2,B,237,263,0,h10,7350290355227395183
p2,C,15,147,338,h10,7350290355227395183
p2,Non-ROH,500,0,0,h10,7350290355227395183
p3,A,488,12,0,h10,7350290355227395183
p3,B,321,179,0,h10,7350290355227395183
p3,C,7,151,342,h10,7350290355227395183
p3,Non-ROH,500,0,0,h10,7350290355227395183
p1,A,412,88,0,h10,7352322062592632680
p1,B,107,375,18,h10,7352322062592632680
p1,C,15,131,354,h10,7352322062592632680
p1,Non-ROH,500,0,0,h10,7352322062592632680
p2,A,489,11,0,h10,7352322062592632680
p2,B,242,258,0,h10,7352322062592632680
p2,C,12,171,317,h10,7352322062592632680
p2,Non-ROH,500,0,0,h10,7352322062592632680
p3,A,486,14,0,h10,7352322062592632680
p3,B,230,270,0,h10,7352322062592632680
p3,C,14,148,338,h10,7352322062592632680
p3,Non-ROH,500,0,0,h10,7352322062592632680
p1,A,448,52,0,h10,7379410296824446487
p1,B,67,421,12,h10,7379410296824446487
p1,C,25,98,377,h10,7379410296824446487
p1,Non-ROH,500,0,0,h10,7379410296824446487
p2,A,490,10,0,h10,7379410296824446487
p2,B,189,311,0,h10,7379410296824446487
p2,C,9,126,365,h10,7379410296824446487
p2,Non-ROH,500,0,0,h10,7379410296824446487
p3,A,459,41,0,h10,7379410296824446487
p3,B,240,260,0,h10,7379410296824446487
p3,C,15,158,327,h10,7379410296824446487
p3,Non-ROH,500,0,0,h10,7379410296824446487
p1,A,470,30,0,h10,7397885875878102284
p1,B,119,367,14,h10,7397885875878102284
p1,C,23,110,367,h10,7397885875878102284
p1,Non-ROH,500,0,0,h10,7397885875878102284
p2,A,497,3,0,h10,7397885875878102284
p2,B,231,269,0,h10,7397885875878102284
p2,C,23,124,353,h10,7397885875878102284
p2,Non-ROH,500,0,0,h10,7397885875878102284
p3,A,496,4,0,h10,7397885875878102284
p3,B,293,207,0,h10,7397885875878102284
p3,C,15,184,301,h10,7397885875878102284
p3,Non-ROH,500,0,0,h10,7397885875878102284
p1,A,440,60,0,h10,7398343010820539709
p1,B,108,377,15,h10,7398343010820539709
p1,C,30,87,383,h10,7398343010820539709
p1,Non-ROH,500,0,0,h10,7398343010820539709
p2,A,487,13,0,h10,7398343010820539709
p2,B,245,255,0,h10,7398343010820539709
p2,C,19,93,388,h10,7398343010820539709
p2,Non-ROH,500,0,0,h10,7398343010820539709
p3,A,495,5,0,h10,7398343010820539709
p3,B,357,143,0,h10,7398343010820539709
p3,C,24,134,342,h10,7398343010820539709
p3,Non-ROH,500,0,0,h10,7398343010820539709
p1,A,456,44,0,h10,7408937616229523706
p1,B,89,398,13,h10,7408937616229523706
p1,C,22,106,372,h10,7408937616229523706
p1,Non-ROH,500,0,0,h10,7408937616229523706
p2,A,493,7,0,h10,7408937616229523706
p2,B,215,285,0,h10,7408937616229523706
p2,C,15,162,323,h10,7408937616229523706
p2,Non-ROH,500,0,0,h10,7408937616229523706
p3,A,496,4,0,h10,7408937616229523706
p3,B,288,212,0,h10,7408937616229523706
p3,C,17,114,369,h10,7408937616229523706
p3,Non-ROH,500,0,0,h10,7408937616229523706
p1,A,433,67,0,h10,7408947369882616651
p1,B,89,395,16,h10,7408947369882616651
p1,C,32,120,348,h10,7408947369882616651
p1,Non-ROH,500,0,0,h10,7408947369882616651
p2,A,490,10,0,h10,7408947369882616651
p2,B,209,291,0,h10,7408947369882616651
p2,C,25,234,241,h10,7408947369882616651
p2,Non-ROH,500,0,0,h10,7408947369882616651
p3,A,499,1,0,h10,7408947369882616651
p3,B,257,243,0,h10,7408947369882616651
p3,C,31,122,347,h10,7408947369882616651
p3,Non-ROH,500,0,0,h10,7408947369882616651
p1,A,366,134,0,h10,7471234116172256561
p1,B,63,421,16,h10,7471234116172256561
p1,C,59,81,360,h10,7471234116172256561
p1,Non-ROH,500,0,0,h10,7471234116172256561
p2,A,470,30,0,h10,7471234116172256561
p2,B,168,332,0,h10,7471234116172256561
p2,C,68,95,337,h10,7471234116172256561
p2,Non-ROH,500,0,0,h10,7471234116172256561
p3,A,487,13,0,h10,7471234116172256561
p3,B,208,292,0,h10,7471234116172256561
p3,C,142,72,286,h10,7471234116172256561
p3,Non-ROH,500,0,0,h10,7471234116172256561
p1,A,460,40,0,h10,7478711413010239881
p1,B,117,359,24,h10,7478711413010239881
p1,C,20,98,382,h10,7478711413010239881
p1,Non-ROH,500,0,0,h10,7478711413010239881
p2,A,491,9,0,h10,7478711413010239881
p2,B,266,234,0,h10,7478711413010239881
p2,C,13,83,404,h10,7478711413010239881
p2,Non-ROH,500,0,0,h10,7478711413010239881
p3,A,498,2,0,h10,7478711413010239881
p3,B,353,147,0,h10,7478711413010239881
p3,C,36,231,233,h10,7478711413010239881
p3,Non-ROH,500,0,0,h10,7478711413010239881
p1,A,446,54,0,h10,7486905385871169436
p1,B,89,393,18,h10,7486905385871169436
p1,C,40,81,379,h10,7486905385871169436
p1,Non-ROH,500,0,0,h10,7486905385871169436
p2,A,497,3,0,h10,7486905385871169436
p2,B,213,287,0,h10,7486905385871169436
p2,C,26,120,354,h10,7486905385871169436
p2,Non-ROH,500,0,0,h10,7486905385871169436
p3,A,498,2,0,h10,7486905385871169436
p3,B,263,237,0,h10,7486905385871169436
p3,C,27,115,358,h10,7486905385871169436
p3,Non-ROH,500,0,0,h10,7486905385871169436
p1,A,374,126,0,h10,7488453019694451806
p1,B,66,421,13,h10,7488453019694451806
p1,C,14,115,371,h10,7488453019694451806
p1,Non-ROH,500,0,0,h10,7488453019694451806
p2,A,426,74,0,h10,7488453019694451806
p2,B,127,373,0,h10,7488453019694451806
p2,C,12,125,363,h10,7488453019694451806
p2,Non-ROH,500,0,0,h10,7488453019694451806
p3,A,448,52,0,h10,7488453019694451806
p3,B,187,313,0,h10,7488453019694451806
p3,C,8,142,350,h10,7488453019694451806
p3,Non-ROH,500,0,0,h10,7488453019694451806
p1,A,479,21,0,h10,7504687967456398126
p1,B,121,359,20,h10,7504687967456398126
p1,C,29,79,392,h10,7504687967456398126
p1,Non-ROH,500,0,0,h10,7504687967456398126
p2,A,496,4,0,h10,7504687967456398126
p2,B,283,217,0,h10,7504687967456398126
p2,C,37,129,334,h10,7504687967456398126
p2,Non-ROH,500,0,0,h10,7504687967456398126
p3,A,496,4,0,h10,7504687967456398126
p3,B,322,178,0,h10,7504687967456398126
p3,C,29,112,359,h10,7504687967456398126
p3,Non-ROH,500,0,0,h10,7504687967456398126
p1,A,469,31,0,h10,7510891439253619367
p1,B,102,384,14,h10,7510891439253619367
p1,C,18,126,356,h10,7510891439253619367
p1,Non-ROH,500,0,0,h10,7510891439253619367
p2,A,493,7,0,h10,7510891439253619367
p2,B,181,319,0,h10,7510891439253619367
p2,C,19,150,331,h10,7510891439253619367
p2,Non-ROH,500,0,0,h10,7510891439253619367
p3,A,495,5,0,h10,7510891439253619367
p3,B,263,237,0,h10,7510891439253619367
p3,C,16,124,360,h10,7510891439253619367
p3,Non-ROH,500,0,0,h10,7510891439253619367
p1,A,383,117,0,h10,7511663267632970451
p1,B,59,431,10,h10,7511663267632970451
p1,C,16,103,381,h10,7511663267632970451
p1,Non-ROH,500,0,0,h10,7511663267632970451
p2,A,464,36,0,h10,7511663267632970451
p2,B,173,327,0,h10,7511663267632970451
p2,C,12,121,367,h10,7511663267632970451
p2,Non-ROH,500,0,0,h10,7511663267632970451
p3,A,471,29,0,h10,7511663267632970451
p3,B,193,307,0,h10,7511663267632970451
p3,C,13,114,373,h10,7511663267632970451
p3,Non-ROH,500,0,0,h10,7511663267632970451
p1,A,407,93,0,h10,75366300672174763
p1,B,47,439,14,h10,75366300672174763
p1,C,13,119,368,h10,75366300672174763
p1,Non-ROH,500,0,0,h10,75366300672174763
p2,A,481,19,0,h10,75366300672174763
p2,B,141,359,0,h10,75366300672174763
p2,C,12,126,362,h10,75366300672174763
p2,Non-ROH,500,0,0,h10,75366300672174763
p3,A,466,34,0,h10,75366300672174763
p3,B,177,323,0,h10,75366300672174763
p3,C,5,123,372,h10,75366300672174763
p3,Non-ROH,500,0,0,h10,75366300672174763
p1,A,450,50,0,h10,7544405566945497440
p1,B,70,417,13,h10,7544405566945497440
p1,C,17,113,370,h10,7544405566945497440
p1,Non-ROH,500,0,0,h10,7544405566945497440
p2,A,494,6,0,h10,7544405566945497440
p2,B,167,333,0,h10,7544405566945497440
p2,C,16,138,346,h10,7544405566945497440
p2,Non-ROH,500,0,0,h10,7544405566945497440
p3,A,489,11,0,h10,7544405566945497440
p3,B,237,263,0,h10,7544405566945497440
p3,C,13,194,293,h10,7544405566945497440
p3,Non-ROH,500,0,0,h10,7544405566945497440
p1,A,392,108,0,h10,7554226532174989352
p1,B,84,405,11,h10,7554226532174989352
p1,C,18,111,371,h10,7554226532174989352
p1,Non-ROH,500,0,0,h10,7554226532174989352
p2,A,485,15,0,h10,7554226532174989352
p2,B,184,316,0,h10,7554226532174989352
p2,C,11,142,347,h10,7554226532174989352
p2,Non-ROH,500,0,0,h10,7554226532174989352
p3,A,481,19,0,h10,7554226532174989352
p3,B,255,245,0,h10,7554226532174989352
p3,C,13,184,303,h10,7554226532174989352
p3,Non-ROH,500,0,0,h10,7554226532174989352
p1,A,461,39,0,h10,7558909457469050645
p1,B,94,394,12,h10,7558909457469050645
p1,C,28,90,382,h10,7558909457469050645
p1,Non-ROH,500,0,0,h10,7558909457469050645
p2,A,489,11,0,h10,7558909457469050645
p2,B,200,300,0,h10,7558909457469050645
p2,C,12,138,350,h10,7558909457469050645
p2,Non-ROH,500,0,0,h10,7558909457469050645
p3,A,496,4,0,h10,7558909457469050645
p3,B,234,266,0,h10,7558909457469050645
p3,C,13,109,378,h10,7558909457469050645
p3,Non-ROH,500,0,0,h10,7558909457469050645
p1,A,467,33,0,h10,7577045924626654908
p1,B,124,359,17,h10,7577045924626654908
p1,C,30,93,377,h10,7577045924626654908
p1,Non-ROH,500,0,0,h10,7577045924626654908
p2,A,494,6,0,h10,7577045924626654908
p2,B,328,172,0,h10,7577045924626654908
p2,C,30,154,316,h10,7577045924626654908
p2,Non-ROH,500,0,0,h10,7577045924626654908
p3,A,498,2,0,h10,7577045924626654908
p3,B,407,93,0,h10,7577045924626654908
p3,C,25,152,323,h10,7577045924626654908
p3,Non-ROH,500,0,0,h10,7577045924626654908
p1,A,464,36,0,h10,757987503346136312
p1,B,100,380,20,h10,757987503346136312
p1,C,31,93,376,h10,757987503346136312
p1,Non-ROH,500,0,0,h10,757987503346136312
p2,A,498,2,0,h10,757987503346136312
p2,B,201,299,0,h10,757987503346136312
p2,C,16,104,380,h10,757987503346136312
p2,Non-ROH,500,0,0,h10,757987503346136312
p3,A,495,5,0,h10,757987503346136312
p3,B,269,231,0,h10,757987503346136312
p3,C,22,119,359,h10,757987503346136312
p3,Non-ROH,500,0,0,h10,757987503346136312
p1,A,428,72,0,h10,758712106975348503
p1,B,89,390,21,h10,758712106975348503
p1,C,26,98,376,h10,758712106975348503
p1,Non-ROH,500,0,0,h10,758712106975348503
p2,A,495,5,0,h10,758712106975348503
p2,B,199,301,0,h10,758712106975348503
p2,C,9,145,346,h10,758712106975348503
p2,Non-ROH,500,0,0,h10,758712106975348503
p3,A,493,7,0,h10,758712106975348503
p3,B,243,257,0,h10,758712106975348503
p3,C,15,119,366,h10,758712106975348503
p3,Non-ROH,500,0,0,h10,758712106975348503
p1,A,477,23,0,h10,7598183414625494878
p1,B,112,373,15,h10,7598183414625494878
p1,C,19,102,379,h10,7598183414625494878
p1,Non-ROH,500,0,0,h10,7598183414625494878
p2,A,495,5,0,h10,7598183414625494878
p2,B,228,272,0,h10,7598183414625494878
p2,C,9,167,324,h10,7598183414625494878
p2,Non-ROH,500,0,0,h10,7598183414625494878
p3,A,500,0,0,h10,7598183414625494878
p3,B,307,193,0,h10,7598183414625494878
p3,C,14,169,317,h10,7598183414625494878
p3,Non-ROH,500,0,0,h10,7598183414625494878
p1,A,395,105,0,h10,7642266478550329013
p1,B,48,433,19,h10,7642266478550329013
p1,C,18,110,372,h10,7642266478550329013
p1,Non-ROH,500,0,0,h10,7642266478550329013
p2,A,490,10,0,h10,7642266478550329013
p2,B,108,392,0,h10,7642266478550329013
p2,C,9,168,323,h10,7642266478550329013
p2,Non-ROH,500,0,0,h10,7642266478550329013
p3,A,492,8,0,h10,7642266478550329013
p3,B,152,348,0,h10,7642266478550329013
p3,C,6,108,386,h10,7642266478550329013
p3,Non-ROH,500,0,0,h10,7642266478550329013
p1,A,435,65,0,h10,7651512055271949795
p1,B,117,366,17,h10,7651512055271949795
p1,C,27,94,379,h10,7651512055271949795
p1,Non-ROH,500,0,0,h10,7651512055271949795
p2,A,492,8,0,h10,7651512055271949795
p2,B,250,250,0,h10,7651512055271949795
p2,C,19,129,352,h10,7651512055271949795
p2,Non-ROH,500,0,0,h10,7651512055271949795
p3,A,496,4,0,h10,7651512055271949795
p3,B,310,190,0,h10,7651512055271949795
p3,C,23,191,286,h10,7651512055271949795
p3,Non-ROH,500,0,0,h10,7651512055271949795
p1,A,366,134,0,h10,7663665376372334875
p1,B,62,422,16,h10,7663665376372334875
p1,C,22,124,354,h10,7663665376372334875
p1,Non-ROH,500,0,0,h10,7663665376372334875
p2,A,449,51,0,h10,7663665376372334875
p2,B,194,306,0,h10,7663665376372334875
p2,C,11,173,316,h10,7663665376372334875
p2,Non-ROH,500,0,0,h10,7663665376372334875
p3,A,462,38,0,h10,7663665376372334875
p3,B,208,292,0,h10,7663665376372334875
p3,C,10,111,379,h10,7663665376372334875
p3,Non-ROH,500,0,0,h10,7663665376372334875
p1,A,458,42,0,h10,7717974502193491553
p1,B,82,401,17,h10,7717974502193491553
p1,C,23,98,379,h10,7717974502193491553
p1,Non-ROH,500,0,0,h10,7717974502193491553
p2,A,498,2,0,h10,7717974502193491553
p2,B,193,307,0,h10,7717974502193491553
p2,C,16,140,344,h10,7717974502193491553
p2,Non-ROH,500,0,0,h10,7717974502193491553
p3,A,498,2,0,h10,7717974502193491553
p3,B,261,239,0,h10,7717974502193491553
p3,C,18,175,307,h10,7717974502193491553
p3,Non-ROH,500,0,0,h10,7717974502193491553
p1,A,412,88,0,h10,7741900444824712679
p1,B,64,424,12,h10,7741900444824712679
p1,C,22,107,371,h10,7741900444824712679
p1,Non-ROH,500,0,0,h10,7741900444824712679
p2,A,489,11,0,h10,7741900444824712679
p2,B,156,344,0,h10,7741900444824712679
p2,C,10,116,374,h10,7741900444824712679
p2,Non-ROH,500,0,0,h10,7741900444824712679
p3,A,496,4,0,h10,7741900444824712679
p3,B,150,350,0,h10,7741900444824712679
p3,C,8,120,372,h10,7741900444824712679
p3,Non-ROH,500,0,0,h10,7741900444824712679
p1,A,382,118,0,h10,7743202745459324731
p1,B,55,424,21,h10,7743202745459324731
p1,C,18,95,387,h10,7743202745459324731
p1,Non-ROH,500,0,0,h10,7743202745459324731
p2,A,462,38,0,h10,7743202745459324731
p2,B,156,344,0,h10,7743202745459324731
p2,C,13,110,377,h10,7743202745459324731
p2,Non-ROH,500,0,0,h10,7743202745459324731
p3,A,489,11,0,h10,7743202745459324731
p3,B,200,300,0,h10,7743202745459324731
p3,C,9,178,313,h10,7743202745459324731
p3,Non-ROH,500,0,0,h10,7743202745459324731
p1,A,452,48,0,h10,7775076713783724710
p1,B,109,380,11,h10,7775076713783724710
p1,C,29,86,385,h10,7775076713783724710
p1,Non-ROH,500,0,0,h10,7775076713783724710
p2,A,498,2,0,h10,7775076713783724710
p2,B,203,297,0,h10,7775076713783724710
p2,C,22,146,332,h10,7775076713783724710
p2,Non-ROH,500,0,0,h10,7775076713783724710
p3,A,499,1,0,h10,7775076713783724710
p3,B,253,247,0,h10,7775076713783724710
p3,C,16,93,391,h10,7775076713783724710
p3,Non-ROH,500,0,0,h10,7775076713783724710
p1,A,420,80,0,h10,7781314410628587716
p1,B,92,395,13,h10,7781314410628587716
p1,C,18,101,381,h10,7781314410628587716
p1,Non-ROH,500,0,0,h10,7781314410628587716
p2,A,459,41,0,h10,7781314410628587716
p2,B,192,308,0,h10,7781314410628587716
p2,C,9,130,361,h10,7781314410628587716
p2,Non-ROH,500,0,0,h10,7781314410628587716
p3,A,473,27,0,h10,7781314410628587716
p3,B,212,288,0,h10,7781314410628587716
p3,C,14,121,365,h10,7781314410628587716
p3,Non-ROH,500,0,0,h10,7781314410628587716
p1,A,450,50,0,h10,7832687550037620947
p1,B,95,398,7,h10,7832687550037620947
p1,C,32,102,366,h10,7832687550037620947
p1,Non-ROH,500,0,0,h10,7832687550037620947
p2,A,491,9,0,h10,7832687550037620947
p2,B,214,286,0,h10,7832687550037620947
p2,C,15,91,394,h10,7832687550037620947
p2,Non-ROH,500,0,0,h10,7832687550037620947
p3,A,498,2,0,h10,7832687550037620947
p3,B,264,236,0,h10,7832687550037620947
p3,C,10,145,345,h10,7832687550037620947
p3,Non-ROH,500,0,0,h10,7832687550037620947
p1,A,423,77,0,h10,783830213766371059
p1,B,83,405,12,h10,783830213766371059
p1,C,15,102,383,h10,783830213766371059
p1,Non-ROH,500,0,0,h10,783830213766371059
p2,A,482,18,0,h10,783830213766371059
p2,B,171,329,0,h10,783830213766371059
p2,C,16,130,354,h10,783830213766371059
p2,Non-ROH,500,0,0,h10,783830213766371059
p3,A,497,3,0,h10,783830213766371059
p3,B,208,292,0,h10,783830213766371059
p3,C,13,117,370,h10,783830213766371059
p3,Non-ROH,500,0,0,h10,783830213766371059
p1,A,474,26,0,h10,7848085292432968469
p1,B,115,370,15,h10,7848085292432968469
p1,C,21,101,378,h10,7848085292432968469
p1,Non-ROH,500,0,0,h10,7848085292432968469
p2,A,496,4,0,h10,7848085292432968469
p2,B,246,254,0,h10,7848085292432968469
p2,C,22,109,369,h10,7848085292432968469
p2,Non-ROH,500,0,0,h10,7848085292432968469
p3,A,498,2,0,h10,7848085292432968469
p3,B,291,209,0,h10,7848085292432968469
p3,C,25,115,360,h10,7848085292432968469
p3,Non-ROH,500,0,0,h10,7848085292432968469
p1,A,359,141,0,h10,7858929712906841128
p1,B,72,409,19,h10,7858929712906841128
p1,C,15,110,375,h10,7858929712906841128
p1,Non-ROH,500,0,0,h10,7858929712906841128
p2,A,464,36,0,h10,7858929712906841128
p2,B,167,333,0,h10,7858929712906841128
p2,C,18,137,345,h10,7858929712906841128
p2,Non-ROH,500,0,0,h10,7858929712906841128
p3,A,484,16,0,h10,7858929712906841128
p3,B,271,229,0,h10,7858929712906841128
p3,C,12,132,356,h10,7858929712906841128
p3,Non-ROH,500,0,0,h10,7858929712906841128
p1,A,448,52,0,h10,7866850073563790232
p1,B,68,415,17,h10,7866850073563790232
p1,C,19,107,374,h10,7866850073563790232
p1,Non-ROH,500,0,0,h10,7866850073563790232
p2,A,490,10,0,h10,7866850073563790232
p2,B,150,350,0,h10,7866850073563790232
p2,C,18,105,377,h10,7866850073563790232
p2,Non-ROH,500,0,0,h10,7866850073563790232
p3,A,493,7,0,h10,7866850073563790232
p3,B,207,293,0,h10,7866850073563790232
p3,C,15,91,394,h10,7866850073563790232
p3,Non-ROH,500,0,0,h10,7866850073563790232
p1,A,400,100,0,h10,7873989010425175006
p1,B,54,432,14,h10,7873989010425175006
p1,C,19,111,370,h10,7873989010425175006
p1,Non-ROH,500,0,0,h10,7873989010425175006
p2,A,478,22,0,h10,7873989010425175006
p2,B,161,339,0,h10,7873989010425175006
p2,C,21,115,364,h10,7873989010425175006
p2,Non-ROH,500,0,0,h10,7873989010425175006
p3,A,480,20,0,h10,7873989010425175006
p3,B,189,311,0,h10,7873989010425175006
p3,C,15,125,360,h10,7873989010425175006
p3,Non-ROH,500,0,0,h10,7873989010425175006
p1,A,444,56,0,h10,7878891777622847590
p1,B,56,429,15,h10,7878891777622847590
p1,C,14,121,365,h10,7878891777622847590
p1,Non-ROH,500,0,0,h10,7878891777622847590
p2,A,491,9,0,h10,7878891777622847590
p2,B,175,325,0,h10,7878891777622847590
p2,C,13,144,343,h10,7878891777622847590
p2,Non-ROH,500,0,0,h10,7878891777622847590
p3,A,497,3,0,h10,7878891777622847590
p3,B,248,252,0,h10,7878891777622847590
p3,C,10,136,354,h10,7878891777622847590
p3,Non-ROH,500,0,0,h10,7878891777622847590
p1,A,439,61,0,h10,7883688560016888222
p1,B,94,392,14,h10,7883688560016888222
p1,C,29,103,368,h10,7883688560016888222
p1,Non-ROH,500,0,0,h10,7883688560016888222
p2,A,483,17,0,h10,7883688560016888222
p2,B,200,300,0,h10,7883688560016888222
p2,C,18,100,382,h10,7883688560016888222
p2,Non-ROH,500,0,0,h10,7883688560016888222
p3,A,486,14,0,h10,7883688560016888222
p3,B,267,233,0,h10,7883688560016888222
p3,C,15,187,298,h10,7883688560016888222
p3,Non-ROH,500,0,0,h10,7883688560016888222
p1,A,391,109,0,h10,7884742403566349372
p1,B,59,432,9,h10,7884742403566349372
p1,C,16,133,351,h10,7884742403566349372
p1,Non-ROH,500,0,0,h10,7884742403566349372
p2,A,458,42,0,h10,7884742403566349372
p2,B,193,307,0,h10,7884742403566349372
p2,C,10,125,365,h10,7884742403566349372
p2,Non-ROH,500,0,0,h10,7884742403566349372
p3,A,473,27,0,h10,7884742403566349372
p3,B,222,278,0,h10,7884742403566349372
p3,C,13,111,376,h10,7884742403566349372
p3,Non-ROH,500,0,0,h10,7884742403566349372
p1,A,449,51,0,h10,7905927068240777258
p1,B,103,381,16,h10,7905927068240777258
p1,C,24,105,371,h10,7905927068240777258
p1,Non-ROH,500,0,0,h10,7905927068240777258
p2,A,492,8,0,h10,7905927068240777258
p2,B,225,275,0,h10,7905927068240777258
p2,C,9,101,390,h10,7905927068240777258
p2,Non-ROH,500,0,0,h10,7905927068240777258
p3,A,489,11,0,h10,7905927068240777258
p3,B,261,239,0,h10,7905927068240777258
p3,C,20,97,383,h10,7905927068240777258
p3,Non-ROH,500,0,0,h10,7905927068240777258
p1,A,468,32,0,h10,7942341738641521490
p1,B,131,359,10,h10,7942341738641521490
p1,C,31,73,396,h10,7942341738641521490
p1,Non-ROH,500,0,0,h10,7942341738641521490
p2,A,492,8,0,h10,7942341738641521490
p2,B,226,274,0,h10,7942341738641521490
p2,C,17,120,363,h10,7942341738641521490
p2,Non-ROH,500,0,0,h10,7942341738641521490
p3,A,498,2,0,h10,7942341738641521490
p3,B,306,194,0,h10,7942341738641521490
p3,C,12,128,360,h10,7942341738641521490
p3,Non-ROH,500,0,0,h10,7942341738641521490
p1,A,424,76,0,h10,7954187330644355142
p1,B,98,392,10,h10,7954187330644355142
p1,C,21,92,387,h10,7954187330644355142
p1,Non-ROH,500,0,0,h10,7954187330644355142
p2,A,488,12,0,h10,7954187330644355142
p2,B,227,273,0,h10,7954187330644355142
p2,C,19,130,351,h10,7954187330644355142
p2,Non-ROH,500,0,0,h10,7954187330644355142
p3,A,493,7,0,h10,7954187330644355142
p3,B,261,239,0,h10,7954187330644355142
p3,C,16,100,384,h10,7954187330644355142
p3,Non-ROH,500,0,0,h10,7954187330644355142
p1,A,362,138,0,h10,7962087443639829875
p1,B,82,392,26,h10,7962087443639829875
p1,C,19,112,369,h10,7962087443639829875
p1,Non-ROH,500,0,0,h10,7962087443639829875
p2,A,458,42,0,h10,7962087443639829875
p2,B,168,332,0,h10,7962087443639829875
p2,C,22,151,327,h10,7962087443639829875
p2,Non-ROH,500,0,0,h10,7962087443639829875
p3,A,487,13,0,h10,7962087443639829875
p3,B,240,260,0,h10,7962087443639829875
p3,C,19,126,355,h10,7962087443639829875
p3,Non-ROH,500,0,0,h10,7962087443639829875
p1,A,428,72,0,h10,8021025389252768240
p1,B,86,398,16,h10,8021025389252768240
p1,C,29,89,382,h10,8021025389252768240
p1,Non-ROH,500,0,0,h10,8021025389252768240
p2,A,489,11,0,h10,8021025389252768240
p2,B,238,262,0,h10,8021025389252768240
p2,C,18,125,357,h10,8021025389252768240
p2,Non-ROH,500,0,0,h10,8021025389252768240
p3,A,488,12,0,h10,8021025389252768240
p3,B,264,236,0,h10,8021025389252768240
p3,C,15,156,329,h10,8021025389252768240
p3,Non-ROH,500,0,0,h10,8021025389252768240
p1,A,429,71,0,h10,808778871173812173
p1,B,140,345,15,h10,808778871173812173
p1,C,31,85,384,h10,808778871173812173
p1,Non-ROH,500,0,0,h10,808778871173812173
p2,A,493,7,0,h10,808778871173812173
p2,B,279,221,0,h10,808778871173812173
p2,C,22,110,368,h10,808778871173812173
p2,Non-ROH,500,0,0,h10,808778871173812173
p3,A,498,2,0,h10,808778871173812173
p3,B,333,167,0,h10,808778871173812173
p3,C,9,163,328,h10,808778871173812173
p3,Non-ROH,500,0,0,h10,808778871173812173
p1,A,457,43,0,h10,8105113531810149328
p1,B,101,380,19,h10,8105113531810149328
p1,C,25,131,344,h10,8105113531810149328
p1,Non-ROH,500,0,0,h10,8105113531810149328
p2,A,493,7,0,h10,8105113531810149328
p2,B,211,289,0,h10,8105113531810149328
p2,C,33,151,316,h10,8105113531810149328
p2,Non-ROH,500,0,0,h10,8105113531810149328
p3,A,498,2,0,h10,8105113531810149328
p3,B,254,246,0,h10,8105113531810149328
p3,C,16,130,354,h10,8105113531810149328
p3,Non-ROH,500,0,0,h10,8105113531810149328
p1,A,478,22,0,h10,8152829699244551392
p1,B,106,389,5,h10,8152829699244551392
p1,C,27,92,381,h10,8152829699244551392
p1,Non-ROH,500,0,0,h10,8152829699244551392
p2,A,491,9,0,h10,8152829699244551392
p2,B,197,303,0,h10,8152829699244551392
p2,C,18,115,367,h10,8152829699244551392
p2,Non-ROH,500,0,0,h10,8152829699244551392
p3,A,495,5,0,h10,8152829699244551392
p3,B,314,186,0,h10,8152829699244551392
p3,C,20,124,356,h10,8152829699244551392
p3,Non-ROH,500,0,0,h10,8152829699244551392
p1,A,451,49,0,h10,8159230714493336885
p1,B,103,374,23,h10,8159230714493336885
p1,C,20,94,386,h10,8159230714493336885
p1,Non-ROH,500,0,0,h10,8159230714493336885
p2,A,492,8,0,h10,8159230714493336885
p2,B,231,269,0,h10,8159230714493336885
p2,C,13,97,390,h10,8159230714493336885
p2,Non-ROH,500,0,0,h10,8159230714493336885
p3,A,499,1,0,h10,8159230714493336885
p3,B,284,216,0,h10,8159230714493336885
p3,C,12,116,372,h10,8159230714493336885
p3,Non-ROH,500,0,0,h10,8159230714493336885
p1,A,475,25,0,h10,8163401695404821128
p1,B,134,352,14,h10,8163401695404821128
p1,C,38,89,373,h10,8163401695404821128
p1,Non-ROH,500,0,0,h10,8163401695404821128
p2,A,496,4,0,h10,8163401695404821128
p2,B,236,264,0,h10,8163401695404821128
p2,C,16,136,348,h10,8163401695404821128
p2,Non-ROH,500,0,0,h10,8163401695404821128
p3,A,500,0,0,h10,8163401695404821128
p3,B,287,213,0,h10,8163401695404821128
p3,C,20,157,323,h10,8163401695404821128
p3,Non-ROH,500,0,0,h10,8163401695404821128
p1,A,452,48,0,h10,8178006242395678666
p1,B,65,426,9,h10,8178006242395678666
p1,C,24,131,345,h10,8178006242395678666
p1,Non-ROH,500,0,0,h10,8178006242395678666
p2,A,486,14,0,h10,8178006242395678666
p2,B,161,339,0,h10,8178006242395678666
p2,C,16,133,351,h10,8178006242395678666
p2,Non-ROH,500,0,0,h10,8178006242395678666
p3,A,495,5,0,h10,8178006242395678666
p3,B,243,257,0,h10,8178006242395678666
p3,C,10,140,350,h10,8178006242395678666
p3,Non-ROH,500,0,0,h10,8178006242395678666
p1,A,474,26,0,h10,8218371996293622782
p1,B,114,374,12,h10,8218371996293622782
p1,C,21,94,385,h10,8218371996293622782
p1,Non-ROH,500,0,0,h10,8218371996293622782
p2,A,486,14,0,h10,8218371996293622782
p2,B,229,271,0,h10,8218371996293622782
p2,C,16,148,336,h10,8218371996293622782
p2,Non-ROH,500,0,0,h10,8218371996293622782
p3,A,496,4,0,h10,8218371996293622782
p3,B,329,171,0,h10,8218371996293622782
p3,C,13,145,342,h10,8218371996293622782
p3,Non-ROH,500,0,0,h10,8218371996293622782
p1,A,450,50,0,h10,8226050544434320595
p1,B,126,355,19,h10,8226050544434320595
p1,C,29,111,360,h10,8226050544434320595
p1,Non-ROH,500,0,0,h10,8226050544434320595
p2,A,486,14,0,h10,8226050544434320595
p2,B,292,208,0,h10,8226050544434320595
p2,C,19,90,391,h10,8226050544434320595
p2,Non-ROH,500,0,0,h10,8226050544434320595
p3,A,489,11,0,h10,8226050544434320595
p3,B,324,176,0,h10,8226050544434320595
p3,C,39,166,295,h10,8226050544434320595
p3,Non-ROH,500,0,0,h10,8226050544434320595
p1,A,416,84,0,h10,8228836722842789166
p1,B,81,401,18,h10,8228836722842789166
p1,C,19,96,385,h10,8228836722842789166
p1,Non-ROH,500,0,0,h10,8228836722842789166
p2,A,485,15,0,h10,8228836722842789166
p2,B,157,343,0,h10,8228836722842789166
p2,C,14,106,380,h10,8228836722842789166
p2,Non-ROH,500,0,0,h10,8228836722842789166
p3,A,489,11,0,h10,8228836722842789166
p3,B,198,302,0,h10,8228836722842789166
p3,C,20,103,377,h10,8228836722842789166
p3,Non-ROH,500,0,0,h10,8228836722842789166
p1,A,414,86,0,h10,8239522417594212271
p1,B,66,421,13,h10,8239522417594212271
p1,C,20,112,368,h10,8239522417594212271
p1,Non-ROH,500,0,0,h10,8239522417594212271
p2,A,492,8,0,h10,8239522417594212271
p2,B,179,321,0,h10,8239522417594212271
p2,C,12,119,369,h10,8239522417594212271
p2,Non-ROH,500,0,0,h10,8239522417594212271
p3,A,491,9,0,h10,8239522417594212271
p3,B,190,310,0,h10,8239522417594212271
p3,C,11,157,332,h10,8239522417594212271
p3,Non-ROH,500,0,0,h10,8239522417594212271
p1,A,460,40,0,h10,8244170726258562512
p1,B,117,373,10,h10,8244170726258562512
p1,C,51,71,378,h10,8244170726258562512
p1,Non-ROH,500,0,0,h10,8244170726258562512
p2,A,495,5,0,h10,8244170726258562512
p2,B,236,264,0,h10,8244170726258562512
p2,C,46,75,379,h10,8244170726258562512
p2,Non-ROH,500,0,0,h10,8244170726258562512
p3,A,498,2,0,h10,8244170726258562512
p3,B,338,162,0,h10,8244170726258562512
p3,C,54,94,352,h10,8244170726258562512
p3,Non-ROH,500,0,0,h10,8244170726258562512
p1,A,388,112,0,h10,8270358247173659095
p1,B,54,427,19,h10,8270358247173659095
p1,C,24,102,374,h10,8270358247173659095
p1,Non-ROH,500,0,0,h10,8270358247173659095
p2,A,460,40,0,h10,8270358247173659095
p2,B,145,355,0,h10,8270358247173659095
p2,C,19,110,371,h10,8270358247173659095
p2,Non-ROH,500,0,0,h10,8270358247173659095
p3,A,479,21,0,h10,8270358247173659095
p3,B,173,327,0,h10,8270358247173659095
p3,C,8,121,371,h10,8270358247173659095
p3,Non-ROH,500,0,0,h10,8270358247173659095
p1,A,438,62,0,h10,8287888176416114215
p1,B,102,385,13,h10,8287888176416114215
p1,C,35,104,361,h10,8287888176416114215
p1,Non-ROH,500,0,0,h10,8287888176416114215
p2,A,494,6,0,h10,8287888176416114215
p2,B,320,180,0,h10,8287888176416114215
p2,C,20,92,388,h10,8287888176416114215
p2,Non-ROH,500,0,0,h10,8287888176416114215
p3,A,499,1,0,h10,8287888176416114215
p3,B,355,145,0,h10,8287888176416114215
p3,C,20,150,330,h10,8287888176416114215
p3,Non-ROH,500,0,0,h10,8287888176416114215
p1,A,386,114,0,h10,8290485621051729761
p1,B,69,420,11,h10,8290485621051729761
p1,C,12,113,375,h10,8290485621051729761
p1,Non-ROH,500,0,0,h10,8290485621051729761
p2,A,479,21,0,h10,8290485621051729761
p2,B,188,312,0,h10,8290485621051729761
p2,C,15,149,336,h10,8290485621051729761
p2,Non-ROH,500,0,0,h10,8290485621051729761
p3,A,466,34,0,h10,8290485621051729761
p3,B,219,281,0,h10,8290485621051729761
p3,C,12,163,325,h10,8290485621051729761
p3,Non-ROH,500,0,0,h10,8290485621051729761
p1,A,426,74,0,h10,8308902263339315364
p1,B,61,418,21,h10,8308902263339315364
p1,C,20,110,370,h10,8308902263339315364
p1,Non-ROH,500,0,0,h10,8308902263339315364
p2,A,474,26,0,h10,8308902263339315364
p2,B,148,352,0,h10,8308902263339315364
p2,C,9,115,376,h10,8308902263339315364
p2,Non-ROH,500,0,0,h10,8308902263339315364
p3,A,500,0,0,h10,8308902263339315364
p3,B,210,290,0,h10,8308902263339315364
p3,C,9,142,349,h10,8308902263339315364
p3,Non-ROH,500,0,0,h10,8308902263339315364
p1,A,379,121,0,h10,83234146314578314
p1,B,70,411,19,h10,83234146314578314
p1,C,25,120,355,h10,83234146314578314
p1,Non-ROH,500,0,0,h10,83234146314578314
p2,A,488,12,0,h10,83234146314578314
p2,B,223,277,0,h10,83234146314578314
p2,C,19,88,393,h10,83234146314578314
p2,Non-ROH,500,0,0,h10,83234146314578314
p3,A,482,18,0,h10,83234146314578314
p3,B,258,242,0,h10,83234146314578314
p3,C,16,208,276,h10,83234146314578314
p3,Non-ROH,500,0,0,h10,83234146314578314
p1,A,433,67,0,h10,834878244070258374
p1,B,81,404,15,h10,834878244070258374
p1,C,17,110,373,h10,834878244070258374
p1,Non-ROH,500,0,0,h10,834878244070258374
p2,A,493,7,0,h10,834878244070258374
p2,B,170,330,0,h10,834878244070258374
p2,C,14,141,345,h10,834878244070258374
p2,Non-ROH,500,0,0,h10,834878244070258374
p3,A,493,7,0,h10,834878244070258374
p3,B,235,265,0,h10,834878244070258374
p3,C,12,134,354,h10,834878244070258374
p3,Non-ROH,500,0,0,h10,834878244070258374
p1,A,386,114,0,h10,836555008149158797
p1,B,72,414,14,h10,836555008149158797
p1,C,21,105,374,h10,836555008149158797
p1,Non-ROH,500,0,0,h10,836555008149158797
p2,A,482,18,0,h10,836555008149158797
p2,B,197,303,0,h10,836555008149158797
p2,C,14,126,360,h10,836555008149158797
p2,Non-ROH,500,0,0,h10,836555008149158797
p3,A,489,11,0,h10,836555008149158797
p3,B,202,298,0,h10,836555008149158797
p3,C,14,127,359,h10,836555008149158797
p3,Non-ROH,500,0,0,h10,836555008149158797
p1,A,439,61,0,h10,836583861334234596
p1,B,90,397,13,h10,836583861334234596
p1,C,25,105,370,h10,836583861334234596
p1,Non-ROH,500,0,0,h10,836583861334234596
p2,A,492,8,0,h10,836583861334234596
p2,B,196,304,0,h10,836583861334234596
p2,C,17,125,358,h10,836583861334234596
p2,Non-ROH,500,0,0,h10,836583861334234596
p3,A,498,2,0,h10,836583861334234596
p3,B,247,253,0,h10,836583861334234596
p3,C,24,111,365,h10,836583861334234596
p3,Non-ROH,500,0,0,h10,836583861334234596
p1,A,454,46,0,h10,8371653506175917745
p1,B,122,365,13,h10,8371653506175917745
p1,C,17,115,368,h10,8371653506175917745
p1,Non-ROH,500,0,0,h10,8371653506175917745
p2,A,498,2,0,h10,8371653506175917745
p2,B,209,291,0,h10,8371653506175917745
p2,C,14,164,322,h10,8371653506175917745
p2,Non-ROH,500,0,0,h10,8371653506175917745
p3,A,494,6,0,h10,8371653506175917745
p3,B,265,235,0,h10,8371653506175917745
p3,C,13,220,267,h10,8371653506175917745
p3,Non-ROH,500,0,0,h10,8371653506175917745
p1,A,427,73,0,h10,8402952826270258612
p1,B,96,392,12,h10,8402952826270258612
p1,C,37,91,372,h10,8402952826270258612
p1,Non-ROH,500,0,0,h10,8402952826270258612
p2,A,492,8,0,h10,8402952826270258612
p2,B,221,279,0,h10,8402952826270258612
p2,C,34,74,392,h10,8402952826270258612
p2,Non-ROH,500,0,0,h10,8402952826270258612
p3,A,489,11,0,h10,8402952826270258612
p3,B,276,224,0,h10,8402952826270258612
p3,C,28,127,345,h10,8402952826270258612
p3,Non-ROH,500,0,0,h10,8402952826270258612
p1,A,409,91,0,h10,8417293050309000214
p1,B,67,416,17,h10,8417293050309000214
p1,C,25,117,358,h10,8417293050309000214
p1,Non-ROH,500,0,0,h10,8417293050309000214
p2,A,492,8,0,h10,8417293050309000214
p2,B,173,327,0,h10,8417293050309000214
p2,C,11,122,367,h10,8417293050309000214
p2,Non-ROH,500,0,0,h10,8417293050309000214
p3,A,473,27,0,h10,8417293050309000214
p3,B,197,303,0,h10,8417293050309000214
p3,C,17,107,376,h10,8417293050309000214
p3,Non-ROH,500,0,0,h10,8417293050309000214
p1,A,404,96,0,h10,8435534881343293626
p1,B,84,403,13,h10,8435534881343293626
p1,C,26,116,358,h10,8435534881343293626
p1,Non-ROH,500,0,0,h10,8435534881343293626
p2,A,492,8,0,h10,8435534881343293626
p2,B,218,282,0,h10,8435534881343293626
p2,C,22,127,351,h10,8435534881343293626
p2,Non-ROH,500,0,0,h10,8435534881343293626
p3,A,498,2,0,h10,8435534881343293626
p3,B,299,201,0,h10,8435534881343293626
p3,C,10,119,371,h10,8435534881343293626
p3,Non-ROH,500,0,0,h10,8435534881343293626
p1,A,476,24,0,h10,8458213991679095727
p1,B,105,377,18,h10,8458213991679095727
p1,C,29,94,377,h10,8458213991679095727
p1,Non-ROH,500,0,0,h10,8458213991679095727
p2,A,499,1,0,h10,8458213991679095727
p2,B,267,233,0,h10,8458213991679095727
p2,C,19,146,335,h10,8458213991679095727
p2,Non-ROH,500,0,0,h10,8458213991679095727
p3,A,500,0,0,h10,8458213991679095727
p3,B,330,170,0,h10,8458213991679095727
p3,C,19,176,305,h10,8458213991679095727
p3,Non-ROH,500,0,0,h10,8458213991679095727
p1,A,455,45,0,h10,84611528890519674
p1,B,90,400,10,h10,84611528890519674
p1,C,23,100,377,h10,84611528890519674
p1,Non-ROH,500,0,0,h10,84611528890519674
p2,A,497,3,0,h10,84611528890519674
p2,B,210,290,0,h10,84611528890519674
p2,C,12,129,359,h10,84611528890519674
p2,Non-ROH,500,0,0,h10,84611528890519674
p3,A,495,5,0,h10,84611528890519674
p3,B,262,238,0,h10,84611528890519674
p3,C,22,165,313,h10,84611528890519674
p3,Non-ROH,500,0,0,h10,84611528890519674
p1,A,446,54,0,h10,8492364819380364833
p1,B,87,401,12,h10,8492364819380364833
p1,C,30,119,351,h10,8492364819380364833
p1,Non-ROH,500,0,0,h10,8492364819380364833
p2,A,489,11,0,h10,8492364819380364833
p2,B,223,277,0,h10,8492364819380364833
p2,C,18,162,320,h10,8492364819380364833
p2,Non-ROH,500,0,0,h10,8492364819380364833
p3,A,497,3,0,h10,8492364819380364833
p3,B,253,247,0,h10,8492364819380364833
p3,C,8,229,263,h10,8492364819380364833
p3,Non-ROH,500,0,0,h10,8492364819380364833
p1,A,437,63,0,h10,8552083978907594051
p1,B,84,407,9,h10,8552083978907594051
p1,C,30,103,367,h10,8552083978907594051
p1,Non-ROH,500,0,0,h10,8552083978907594051
p2,A,492,8,0,h10,8552083978907594051
p2,B,216,284,0,h10,8552083978907594051
p2,C,28,103,369,h10,8552083978907594051
p2,Non-ROH,500,0,0,h10,8552083978907594051
p3,A,499,1,0,h10,8552083978907594051
p3,B,262,238,0,h10,8552083978907594051
p3,C,16,103,381,h10,8552083978907594051
p3,Non-ROH,500,0,0,h10,8552083978907594051
p1,A,412,88,0,h10,8562341184736487646
p1,B,84,406,10,h10,8562341184736487646
p1,C,16,105,379,h10,8562341184736487646
p1,Non-ROH,500,0,0,h10,8562341184736487646
p2,A,451,49,0,h10,8562341184736487646
p2,B,214,286,0,h10,8562341184736487646
p2,C,18,120,362,h10,8562341184736487646
p2,Non-ROH,500,0,0,h10,8562341184736487646
p3,A,457,43,0,h10,8562341184736487646
p3,B,223,277,0,h10,8562341184736487646
p3,C,15,121,364,h10,8562341184736487646
p3,Non-ROH,500,0,0,h10,8562341184736487646
p1,A,454,46,0,h10,8572965139062648214
p1,B,121,370,9,h10,8572965139062648214
p1,C,31,87,382,h10,8572965139062648214
p1,Non-ROH,500,0,0,h10,8572965139062648214
p2,A,492,8,0,h10,8572965139062648214
p2,B,289,211,0,h10,8572965139062648214
p2,C,61,107,332,h10,8572965139062648214
p2,Non-ROH,500,0,0,h10,8572965139062648214
p3,A,498,2,0,h10,8572965139062648214
p3,B,329,171,0,h10,8572965139062648214
p3,C,60,125,315,h10,8572965139062648214
p3,Non-ROH,500,0,0,h10,8572965139062648214
p1,A,429,71,0,h10,8583399840470615870
p1,B,107,381,12,h10,8583399840470615870
p1,C,19,118,363,h10,8583399840470615870
p1,Non-ROH,500,0,0,h10,8583399840470615870
p2,A,462,38,0,h10,8583399840470615870
p2,B,207,293,0,h10,8583399840470615870
p2,C,22,108,370,h10,8583399840470615870
p2,Non-ROH,500,0,0,h10,8583399840470615870
p3,A,493,7,0,h10,8583399840470615870
p3,B,235,265,0,h10,8583399840470615870
p3,C,15,110,375,h10,8583399840470615870
p3,Non-ROH,500,0,0,h10,8583399840470615870
p1,A,455,45,0,h10,8609481525693457620
p1,B,96,398,6,h10,8609481525693457620
p1,C,79,72,349,h10,8609481525693457620
p1,Non-ROH,500,0,0,h10,8609481525693457620
p2,A,495,5,0,h10,8609481525693457620
p2,B,271,229,0,h10,8609481525693457620
p2,C,85,44,371,h10,8609481525693457620
p2,Non-ROH,500,0,0,h10,8609481525693457620
p3,A,493,7,0,h10,8609481525693457620
p3,B,325,175,0,h10,8609481525693457620
p3,C,66,55,379,h10,8609481525693457620
p3,Non-ROH,500,0,0,h10,8609481525693457620
p1,A,427,73,0,h10,8618567938178201022
p1,B,112,381,7,h10,8618567938178201022
p1,C,22,75,403,h10,8618567938178201022
p1,Non-ROH,500,0,0,h10,8618567938178201022
p2,A,493,7,0,h10,8618567938178201022
p2,B,280,220,0,h10,8618567938178201022
p2,C,14,129,357,h10,8618567938178201022
p2,Non-ROH,500,0,0,h10,8618567938178201022
p3,A,492,8,0,h10,8618567938178201022
p3,B,282,218,0,h10,8618567938178201022
p3,C,13,155,332,h10,8618567938178201022
p3,Non-ROH,500,0,0,h10,8618567938178201022
p1,A,425,75,0,h10,8627273396965897683
p1,B,91,394,15,h10,8627273396965897683
p1,C,29,115,356,h10,8627273396965897683
p1,Non-ROH,500,0,0,h10,8627273396965897683
p2,A,487,13,0,h10,8627273396965897683
p2,B,205,295,0,h10,8627273396965897683
p2,C,24,79,397,h10,8627273396965897683
p2,Non-ROH,500,0,0,h10,8627273396965897683
p3,A,489,11,0,h10,8627273396965897683
p3,B,284,216,0,h10,8627273396965897683
p3,C,29,136,335,h10,8627273396965897683
p3,Non-ROH,500,0,0,h10,8627273396965897683
p1,A,438,62,0,h10,8648167069339816741
p1,B,55,433,12,h10,8648167069339816741
p1,C,18,125,357,h10,8648167069339816741
p1,Non-ROH,500,0,0,h10,8648167069339816741
p2,A,487,13,0,h10,8648167069339816741
p2,B,186,314,0,h10,8648167069339816741
p2,C,10,135,355,h10,8648167069339816741
p2,Non-ROH,500,0,0,h10,8648167069339816741
p3,A,492,8,0,h10,8648167069339816741
p3,B,178,322,0,h10,8648167069339816741
p3,C,12,117,371,h10,8648167069339816741
p3,Non-ROH,500,0,0,h10,8648167069339816741
p1,A,422,78,0,h10,8661887200876223594
p1,B,99,387,14,h10,8661887200876223594
p1,C,23,109,368,h10,8661887200876223594
p1,Non-ROH,500,0,0,h10,8661887200876223594
p2,A,470,30,0,h10,8661887200876223594
p2,B,167,333,0,h10,8661887200876223594
p2,C,13,182,305,h10,8661887200876223594
p2,Non-ROH,500,0,0,h10,8661887200876223594
p3,A,469,31,0,h10,8661887200876223594
p3,B,268,232,0,h10,8661887200876223594
p3,C,9,122,369,h10,8661887200876223594
p3,Non-ROH,500,0,0,h10,8661887200876223594
p1,A,468,32,0,h10,8661934128091045586
p1,B,111,375,14,h10,8661934128091045586
p1,C,34,92,374,h10,8661934128091045586
p1,Non-ROH,500,0,0,h10,8661934128091045586
p2,A,500,0,0,h10,8661934128091045586
p2,B,300,200,0,h10,8661934128091045586
p2,C,20,159,321,h10,8661934128091045586
p2,Non-ROH,500,0,0,h10,8661934128091045586
p3,A,498,2,0,h10,8661934128091045586
p3,B,353,147,0,h10,8661934128091045586
p3,C,19,122,359,h10,8661934128091045586
p3,Non-ROH,500,0,0,h10,8661934128091045586
p1,A,397,103,0,h10,8694791995238324623
p1,B,64,420,16,h10,8694791995238324623
p1,C,23,99,378,h10,8694791995238324623
p1,Non-ROH,500,0,0,h10,8694791995238324623
p2,A,475,25,0,h10,8694791995238324623
p2,B,185,315,0,h10,8694791995238324623
p2,C,19,96,385,h10,8694791995238324623
p2,Non-ROH,500,0,0,h10,8694791995238324623
p3,A,477,23,0,h10,8694791995238324623
p3,B,230,270,0,h10,8694791995238324623
p3,C,15,135,350,h10,8694791995238324623
p3,Non-ROH,500,0,0,h10,8694791995238324623
p1,A,363,137,0,h10,8725947014532028924
p1,B,94,396,10,h10,8725947014532028924
p1,C,22,122,356,h10,8725947014532028924
p1,Non-ROH,500,0,0,h10,8725947014532028924
p2,A,472,28,0,h10,8725947014532028924
p2,B,198,302,0,h10,8725947014532028924
p2,C,23,137,340,h10,8725947014532028924
p2,Non-ROH,500,0,0,h10,8725947014532028924
p3,A,462,38,0,h10,8725947014532028924
p3,B,213,287,0,h10,8725947014532028924
p3,C,11,135,354,h10,8725947014532028924
p3,Non-ROH,500,0,0,h10,8725947014532028924
p1,A,376,124,0,h10,8729589802439719831
p1,B,44,442,14,h10,8729589802439719831
p1,C,21,101,378,h10,8729589802439719831
p1,Non-ROH,500,0,0,h10,8729589802439719831
p2,A,469,31,0,h10,8729589802439719831
p2,B,146,354,0,h10,8729589802439719831
p2,C,11,157,332,h10,8729589802439719831
p2,Non-ROH,500,0,0,h10,8729589802439719831
p3,A,441,59,0,h10,8729589802439719831
p3,B,187,313,0,h10,8729589802439719831
p3,C,14,121,365,h10,8729589802439719831
p3,Non-ROH,500,0,0,h10,8729589802439719831
p1,A,469,31,0,h10,8733100458151943719
p1,B,90,397,13,h10,8733100458151943719
p1,C,29,106,365,h10,8733100458151943719
p1,Non-ROH,500,0,0,h10,8733100458151943719
p2,A,491,9,0,h10,8733100458151943719
p2,B,232,268,0,h10,8733100458151943719
p2,C,22,97,381,h10,8733100458151943719
p2,Non-ROH,500,0,0,h10,8733100458151943719
p3,A,488,12,0,h10,8733100458151943719
p3,B,257,243,0,h10,8733100458151943719
p3,C,43,93,364,h10,8733100458151943719
p3,Non-ROH,500,0,0,h10,8733100458151943719
p1,A,479,21,0,h10,8751082343523974119
p1,B,128,360,12,h10,8751082343523974119
p1,C,38,101,361,h10,8751082343523974119
p1,Non-ROH,500,0,0,h10,8751082343523974119
p2,A,499,1,0,h10,8751082343523974119
p2,B,247,253,0,h10,8751082343523974119
p2,C,22,120,358,h10,8751082343523974119
p2,Non-ROH,500,0,0,h10,8751082343523974119
p3,A,497,3,0,h10,8751082343523974119
p3,B,291,209,0,h10,8751082343523974119
p3,C,18,167,315,h10,8751082343523974119
p3,Non-ROH,500,0,0,h10,8751082343523974119
p1,A,386,114,0,h10,87646660934494159
p1,B,48,437,15,h10,87646660934494159
p1,C,25,110,365,h10,87646660934494159
p1,Non-ROH,500,0,0,h10,87646660934494159
p2,A,463,37,0,h10,87646660934494159
p2,B,159,341,0,h10,87646660934494159
p2,C,19,84,397,h10,87646660934494159
p2,Non-ROH,500,0,0,h10,87646660934494159
p3,A,471,29,0,h10,87646660934494159
p3,B,233,267,0,h10,87646660934494159
p3,C,8,113,379,h10,87646660934494159
p3,Non-ROH,500,0,0,h10,87646660934494159
p1,A,407,93,0,h10,8788957990036707211
p1,B,108,379,13,h10,8788957990036707211
p1,C,36,90,374,h10,8788957990036707211
p1,Non-ROH,500,0,0,h10,8788957990036707211
p2,A,484,16,0,h10,8788957990036707211
p2,B,209,291,0,h10,8788957990036707211
p2,C,20,103,377,h10,8788957990036707211
p2,Non-ROH,500,0,0,h10,8788957990036707211
p3,A,485,15,0,h10,8788957990036707211
p3,B,215,285,0,h10,8788957990036707211
p3,C,18,129,353,h10,8788957990036707211
p3,Non-ROH,500,0,0,h10,8788957990036707211
p1,A,448,52,0,h10,8799833193724629835
p1,B,98,390,12,h10,8799833193724629835
p1,C,30,106,364,h10,8799833193724629835
p1,Non-ROH,500,0,0,h10,8799833193724629835
p2,A,493,7,0,h10,8799833193724629835
p2,B,232,268,0,h10,8799833193724629835
p2,C,21,109,370,h10,8799833193724629835
p2,Non-ROH,500,0,0,h10,8799833193724629835
p3,A,496,4,0,h10,8799833193724629835
p3,B,325,175,0,h10,8799833193724629835
p3,C,13,136,351,h10,8799833193724629835
p3,Non-ROH,500,0,0,h10,8799833193724629835
p1,A,425,75,0,h10,8802582843542988054
p1,B,59,428,13,h10,8802582843542988054
p1,C,31,100,369,h10,8802582843542988054
p1,Non-ROH,500,0,0,h10,8802582843542988054
p2,A,477,23,0,h10,8802582843542988054
p2,B,175,325,0,h10,8802582843542988054
p2,C,25,111,364,h10,8802582843542988054
p2,Non-ROH,500,0,0,h10,8802582843542988054
p3,A,480,20,0,h10,8802582843542988054
p3,B,179,321,0,h10,8802582843542988054
p3,C,12,139,349,h10,8802582843542988054
p3,Non-ROH,500,0,0,h10,8802582843542988054
p1,A,480,19,1,h10,8812737319769808324
p1,B,114,371,15,h10,8812737319769808324
p1,C,37,104,359,h10,8812737319769808324
p1,Non-ROH,499,0,0,h10,8812737319769808324
p2,A,498,2,0,h10,8812737319769808324
p2,B,233,267,0,h10,8812737319769808324
p2,C,16,134,350,h10,8812737319769808324
p2,Non-ROH,500,0,0,h10,8812737319769808324
p3,A,500,0,0,h10,8812737319769808324
p3,B,310,190,0,h10,8812737319769808324
p3,C,22,129,349,h10,8812737319769808324
p3,Non-ROH,500,0,0,h10,8812737319769808324
p1,A,416,84,0,h10,8852931104530757226
p1,B,106,381,13,h10,8852931104530757226
p1,C,29,110,361,h10,8852931104530757226
p1,Non-ROH,500,0,0,h10,8852931104530757226
p2,A,483,17,0,h10,8852931104530757226
p2,B,261,239,0,h10,8852931104530757226
p2,C,13,124,363,h10,8852931104530757226
p2,Non-ROH,500,0,0,h10,8852931104530757226
p3,A,495,5,0,h10,8852931104530757226
p3,B,271,229,0,h10,8852931104530757226
p3,C,10,95,395,h10,8852931104530757226
p3,Non-ROH,500,0,0,h10,8852931104530757226
p1,A,483,17,0,h10,8853182830805833249
p1,B,124,369,7,h10,8853182830805833249
p1,C,34,100,366,h10,8853182830805833249
p1,Non-ROH,500,0,0,h10,8853182830805833249
p2,A,499,1,0,h10,8853182830805833249
p2,B,235,265,0,h10,8853182830805833249
p2,C,20,124,356,h10,8853182830805833249
p2,Non-ROH,500,0,0,h10,8853182830805833249
p3,A,499,1,0,h10,8853182830805833249
p3,B,304,196,0,h10,8853182830805833249
p3,C,18,158,324,h10,8853182830805833249
p3,Non-ROH,500,0,0,h10,8853182830805833249
p1,A,460,40,0,h10,8882506945447814248
p1,B,109,379,12,h10,8882506945447814248
p1,C,23,112,365,h10,8882506945447814248
p1,Non-ROH,500,0,0,h10,8882506945447814248
p2,A,496,4,0,h10,8882506945447814248
p2,B,242,258,0,h10,8882506945447814248
p2,C,24,100,376,h10,8882506945447814248
p2,Non-ROH,500,0,0,h10,8882506945447814248
p3,A,495,5,0,h10,8882506945447814248
p3,B,336,164,0,h10,8882506945447814248
p3,C,21,185,294,h10,8882506945447814248
p3,Non-ROH,500,0,0,h10,8882506945447814248
p1,A,481,19,0,h10,8895313445287964839
p1,B,102,380,18,h10,8895313445287964839
p1,C,40,89,371,h10,8895313445287964839
p1,Non-ROH,500,0,0,h10,8895313445287964839
p2,A,500,0,0,h10,8895313445287964839
p2,B,283,216,1,h10,8895313445287964839
p2,C,32,99,369,h10,8895313445287964839
p2,Non-ROH,500,0,0,h10,8895313445287964839
p3,A,500,0,0,h10,8895313445287964839
p3,B,356,144,0,h10,8895313445287964839
p3,C,32,98,370,h10,8895313445287964839
p3,Non-ROH,500,0,0,h10,8895313445287964839
p1,A,455,45,0,h10,8912125499415277182
p1,B,94,393,13,h10,8912125499415277182
p1,C,28,100,372,h10,8912125499415277182
p1,Non-ROH,500,0,0,h10,8912125499415277182
p2,A,500,0,0,h10,8912125499415277182
p2,B,165,335,0,h10,8912125499415277182
p2,C,7,100,393,h10,8912125499415277182
p2,Non-ROH,500,0,0,h10,8912125499415277182
p3,A,497,3,0,h10,8912125499415277182
p3,B,226,274,0,h10,8912125499415277182
p3,C,16,93,391,h10,8912125499415277182
p3,Non-ROH,500,0,0,h10,8912125499415277182
p1,A,440,60,0,h10,8944542192272670377
p1,B,111,374,15,h10,8944542192272670377
p1,C,36,94,370,h10,8944542192272670377
p1,Non-ROH,500,0,0,h10,8944542192272670377
p2,A,491,9,0,h10,8944542192272670377
p2,B,264,236,0,h10,8944542192272670377
p2,C,14,112,374,h10,8944542192272670377
p2,Non-ROH,500,0,0,h10,8944542192272670377
p3,A,490,10,0,h10,8944542192272670377
p3,B,315,185,0,h10,8944542192272670377
p3,C,16,93,391,h10,8944542192272670377
p3,Non-ROH,500,0,0,h10,8944542192272670377
p1,A,410,90,0,h10,8980907254555784169
p1,B,79,405,16,h10,8980907254555784169
p1,C,21,133,346,h10,8980907254555784169
p1,Non-ROH,500,0,0,h10,8980907254555784169
p2,A,488,12,0,h10,8980907254555784169
p2,B,187,313,0,h10,8980907254555784169
p2,C,17,106,377,h10,8980907254555784169
p2,Non-ROH,500,0,0,h10,8980907254555784169
p3,A,480,20,0,h10,8980907254555784169
p3,B,254,246,0,h10,8980907254555784169
p3,C,14,150,336,h10,8980907254555784169
p3,Non-ROH,500,0,0,h10,8980907254555784169
p1,A,447,53,0,h10,9024077620395195440
p1,B,90,395,15,h10,9024077620395195440
p1,C,24,107,369,h10,9024077620395195440
p1,Non-ROH,500,0,0,h10,9024077620395195440
p2,A,478,22,0,h10,9024077620395195440
p2,B,240,260,0,h10,9024077620395195440
p2,C,19,92,389,h10,9024077620395195440
p2,Non-ROH,500,0,0,h10,9024077620395195440
p3,A,480,20,0,h10,9024077620395195440
p3,B,285,215,0,h10,9024077620395195440
p3,C,17,141,342,h10,9024077620395195440
p3,Non-ROH,500,0,0,h10,9024077620395195440
p1,A,428,72,0,h10,9027202699263020636
p1,B,63,428,9,h10,9027202699263020636
p1,C,23,112,365,h10,9027202699263020636
p1,Non-ROH,500,0,0,h10,9027202699263020636
p2,A,480,20,0,h10,9027202699263020636
p2,B,119,381,0,h10,9027202699263020636
p2,C,16,137,347,h10,9027202699263020636
p2,Non-ROH,500,0,0,h10,9027202699263020636
p3,A,488,12,0,h10,9027202699263020636
p3,B,190,310,0,h10,9027202699263020636
p3,C,15,186,299,h10,9027202699263020636
p3,Non-ROH,500,0,0,h10,9027202699263020636
p1,A,390,110,0,h10,9038948647962637605
p1,B,64,418,18,h10,9038948647962637605
p1,C,21,115,364,h10,9038948647962637605
p1,Non-ROH,500,0,0,h10,9038948647962637605
p2,A,474,26,0,h10,9038948647962637605
p2,B,193,307,0,h10,9038948647962637605
p2,C,13,86,401,h10,9038948647962637605
p2,Non-ROH,500,0,0,h10,9038948647962637605
p3,A,485,15,0,h10,9038948647962637605
p3,B,192,308,0,h10,9038948647962637605
p3,C,9,144,347,h10,9038948647962637605
p3,Non-ROH,500,0,0,h10,9038948647962637605
p1,A,464,36,0,h10,9089703328125822051
p1,B,106,378,16,h10,9089703328125822051
p1,C,36,110,354,h10,9089703328125822051
p1,Non-ROH,500,0,0,h10,9089703328125822051
p2,A,486,14,0,h10,9089703328125822051
p2,B,239,261,0,h10,9089703328125822051
p2,C,20,119,361,h10,9089703328125822051
p2,Non-ROH,500,0,0,h10,9089703328125822051
p3,A,498,2,0,h10,9089703328125822051
p3,B,294,206,0,h10,9089703328125822051
p3,C,17,116,367,h10,9089703328125822051
p3,Non-ROH,500,0,0,h10,9089703328125822051
p1,A,438,62,0,h10,9112991610827393496
p1,B,86,397,17,h10,9112991610827393496
p1,C,37,103,360,h10,9112991610827393496
p1,Non-ROH,500,0,0,h10,9112991610827393496
p2,A,496,4,0,h10,9112991610827393496
p2,B,234,266,0,h10,9112991610827393496
p2,C,17,114,369,h10,9112991610827393496
p2,Non-ROH,500,0,0,h10,9112991610827393496
p3,A,492,8,0,h10,9112991610827393496
p3,B,246,254,0,h10,9112991610827393496
p3,C,10,108,382,h10,9112991610827393496
p3,Non-ROH,500,0,0,h10,9112991610827393496
p1,A,447,53,0,h10,9137410592997735777
p1,B,85,400,15,h10,9137410592997735777
p1,C,16,86,398,h10,9137410592997735777
p1,Non-ROH,500,0,0,h10,9137410592997735777
p2,A,496,4,0,h10,9137410592997735777
p2,B,221,279,0,h10,9137410592997735777
p2,C,17,119,364,h10,9137410592997735777
p2,Non-ROH,500,0,0,h10,9137410592997735777
p3,A,499,1,0,h10,9137410592997735777
p3,B,263,237,0,h10,9137410592997735777
p3,C,13,134,353,h10,9137410592997735777
p3,Non-ROH,500,0,0,h10,9137410592997735777
p1,A,447,53,0,h10,9157243056359000886
p1,B,75,413,12,h10,9157243056359000886
p1,C,29,118,353,h10,9157243056359000886
p1,Non-ROH,500,0,0,h10,9157243056359000886
p2,A,497,3,0,h10,9157243056359000886
p2,B,203,297,0,h10,9157243056359000886
p2,C,10,112,378,h10,9157243056359000886
p2,Non-ROH,500,0,0,h10,9157243056359000886
p3,A,499,1,0,h10,9157243056359000886
p3,B,240,260,0,h10,9157243056359000886
p3,C,16,196,288,h10,9157243056359000886
p3,Non-ROH,500,0,0,h10,9157243056359000886
p1,A,462,38,0,h10,9159305985909844775
p1,B,89,400,11,h10,9159305985909844775
p1,C,33,103,364,h10,9159305985909844775
p1,Non-ROH,500,0,0,h10,9159305985909844775
p2,A,492,8,0,h10,9159305985909844775
p2,B,209,291,0,h10,9159305985909844775
p2,C,18,152,330,h10,9159305985909844775
p2,Non-ROH,500,0,0,h10,9159305985909844775
p3,A,495,5,0,h10,9159305985909844775
p3,B,273,227,0,h10,9159305985909844775
p3,C,13,176,311,h10,9159305985909844775
p3,Non-ROH,500,0,0,h10,9159305985909844775
p1,A,446,54,0,h10,917475714254783588
p1,B,143,341,16,h10,917475714254783588
p1,C,36,106,358,h10,917475714254783588
p1,Non-ROH,500,0,0,h10,917475714254783588
p2,A,495,5,0,h10,917475714254783588
p2,B,285,215,0,h10,917475714254783588
p2,C,37,117,346,h10,917475714254783588
p2,Non-ROH,500,0,0,h10,917475714254783588
p3,A,494,6,0,h10,917475714254783588
p3,B,316,184,0,h10,917475714254783588
p3,C,23,125,352,h10,917475714254783588
p3,Non-ROH,500,0,0,h10,917475714254783588
p1,A,469,31,0,h10,9193094065305181273
p1,B,85,400,15,h10,9193094065305181273
p1,C,19,99,382,h10,9193094065305181273
p1,Non-ROH,500,0,0,h10,9193094065305181273
p2,A,497,3,0,h10,9193094065305181273
p2,B,132,368,0,h10,9193094065305181273
p2,C,22,109,369,h10,9193094065305181273
p2,Non-ROH,500,0,0,h10,9193094065305181273
p3,A,500,0,0,h10,9193094065305181273
p3,B,221,279,0,h10,9193094065305181273
p3,C,11,112,377,h10,9193094065305181273
p3,Non-ROH,500,0,0,h10,9193094065305181273
p1,A,427,73,0,h10,9213309833582916430
p1,B,70,412,18,h10,9213309833582916430
p1,C,31,116,353,h10,9213309833582916430
p1,Non-ROH,500,0,0,h10,9213309833582916430
p2,A,493,7,0,h10,9213309833582916430
p2,B,193,307,0,h10,9213309833582916430
p2,C,22,159,319,h10,9213309833582916430
p2,Non-ROH,500,0,0,h10,9213309833582916430
p3,A,494,6,0,h10,9213309833582916430
p3,B,254,246,0,h10,9213309833582916430
p3,C,24,188,288,h10,9213309833582916430
p3,Non-ROH,500,0,0,h10,9213309833582916430
p1,A,432,68,0,h10,9215426527681091694
p1,B,70,413,17,h10,9215426527681091694
p1,C,27,104,369,h10,9215426527681091694
p1,Non-ROH,500,0,0,h10,9215426527681091694
p2,A,493,7,0,h10,9215426527681091694
p2,B,178,322,0,h10,9215426527681091694
p2,C,16,115,369,h10,9215426527681091694
p2,Non-ROH,500,0,0,h10,9215426527681091694
p3,A,482,18,0,h10,9215426527681091694
p3,B,189,311,0,h10,9215426527681091694
p3,C,9,130,361,h10,9215426527681091694
p3,Non-ROH,500,0,0,h10,9215426527681091694
p1,A,398,102,0,h10,930005913528195296
p1,B,97,388,15,h10,930005913528195296
p1,C,27,105,368,h10,930005913528195296
p1,Non-ROH,500,0,0,h10,930005913528195296
p2,A,497,3,0,h10,930005913528195296
p2,B,220,280,0,h10,930005913528195296
p2,C,18,145,337,h10,930005913528195296
p2,Non-ROH,500,0,0,h10,930005913528195296
p3,A,486,14,0,h10,930005913528195296
p3,B,310,190,0,h10,930005913528195296
p3,C,25,177,298,h10,930005913528195296
p3,Non-ROH,500,0,0,h10,930005913528195296
p1,A,476,24,0,h10,944884178138102917
p1,B,80,404,16,h10,944884178138102917
p1,C,18,113,369,h10,944884178138102917
p1,Non-ROH,500,0,0,h10,944884178138102917
p2,A,495,5,0,h10,944884178138102917
p2,B,176,324,0,h10,944884178138102917
p2,C,8,98,394,h10,944884178138102917
p2,Non-ROH,500,0,0,h10,944884178138102917
p3,A,498,2,0,h10,944884178138102917
p3,B,258,242,0,h10,944884178138102917
p3,C,14,165,321,h10,944884178138102917
p3,Non-ROH,500,0,0,h10,944884178138102917
p1,A,364,136,0,h10,961054276216248208
p1,B,74,412,14,h10,961054276216248208
p1,C,17,115,368,h10,961054276216248208
p1,Non-ROH,500,0,0,h10,961054276216248208
p2,A,476,24,0,h10,961054276216248208
p2,B,135,365,0,h10,961054276216248208
p2,C,13,135,352,h10,961054276216248208
p2,Non-ROH,500,0,0,h10,961054276216248208
p3,A,479,21,0,h10,961054276216248208
p3,B,191,309,0,h10,961054276216248208
p3,C,10,101,389,h10,961054276216248208
p3,Non-ROH,500,0,0,h10,961054276216248208
p1,A,428,72,0,h10,98110105736611109
p1,B,78,404,18,h10,98110105736611109
p1,C,36,90,374,h10,98110105736611109
p1,Non-ROH,500,0,0,h10,98110105736611109
p2,A,490,10,0,h10,98110105736611109
p2,B,203,297,0,h10,98110105736611109
p2,C,25,111,364,h10,98110105736611109
p2,Non-ROH,500,0,0,h10,98110105736611109
p3,A,488,12,0,h10,98110105736611109
p3,B,250,250,0,h10,98110105736611109
p3,C,13,105,382,h10,98110105736611109
p3,Non-ROH,500,0,0,h10,98110105736611109
p1,A,447,53,0,h10,996766098330744591
p1,B,92,393,15,h10,996766098330744591
p1,C,23,91,386,h10,996766098330744591
p1,Non-ROH,500,0,0,h10,996766098330744591
p2,A,499,1,0,h10,996766098330744591
p2,B,262,238,0,h10,996766098330744591
p2,C,21,73,406,h10,996766098330744591
p2,Non-ROH,500,0,0,h10,996766098330744591
p3,A,492,8,0,h10,996766098330744591
p3,B,309,191,0,h10,996766098330744591
p3,C,24,102,374,h10,996766098330744591
p3,Non-ROH,500,0,0,h10,996766098330744591
p1,A,412,88,0,h15,1006483251401867094
p1,B,69,420,11,h15,1006483251401867094
p1,C,19,118,363,h15,1006483251401867094
p1,Non-ROH,500,0,0,h15,1006483251401867094
p2,A,474,26,0,h15,1006483251401867094
p2,B,183,317,0,h15,1006483251401867094
p2,C,16,109,375,h15,1006483251401867094
p2,Non-ROH,500,0,0,h15,1006483251401867094
p3,A,484,16,0,h15,1006483251401867094
p3,B,211,289,0,h15,1006483251401867094
p3,C,14,100,386,h15,1006483251401867094
p3,Non-ROH,500,0,0,h15,1006483251401867094
p1,A,476,24,0,h15,1010248410075734988
p1,B,124,364,12,h15,1010248410075734988
p1,C,35,98,367,h15,1010248410075734988
p1,Non-ROH,500,0,0,h15,1010248410075734988
p2,A,499,1,0,h15,1010248410075734988
p2,B,272,228,0,h15,1010248410075734988
p2,C,30,103,367,h15,1010248410075734988
p2,Non-ROH,500,0,0,h15,1010248410075734988
p3,A,496,4,0,h15,1010248410075734988
p3,B,297,203,0,h15,1010248410075734988
p3,C,26,115,359,h15,1010248410075734988
p3,Non-ROH,500,0,0,h15,1010248410075734988
p1,A,427,73,0,h15,1025853212617610583
p1,B,97,391,12,h15,1025853212617610583
p1,C,25,104,371,h15,1025853212617610583
p1,Non-ROH,500,0,0,h15,1025853212617610583
p2,A,485,15,0,h15,1025853212617610583
p2,B,244,256,0,h15,1025853212617610583
p2,C,14,165,321,h15,1025853212617610583
p2,Non-ROH,500,0,0,h15,1025853212617610583
p3,A,491,9,0,h15,1025853212617610583
p3,B,254,246,0,h15,1025853212617610583
p3,C,16,122,362,h15,1025853212617610583
p3,Non-ROH,500,0,0,h15,1025853212617610583
p1,A,454,46,0,h15,1047986799130361660
p1,B,74,413,13,h15,1047986799130361660
p1,C,30,104,366,h15,1047986799130361660
p1,Non-ROH,500,0,0,h15,1047986799130361660
p2,A,493,7,0,h15,1047986799130361660
p2,B,200,300,0,h15,1047986799130361660
p2,C,18,88,394,h15,1047986799130361660
p2,Non-ROH,500,0,0,h15,1047986799130361660
p3,A,494,6,0,h15,1047986799130361660
p3,B,227,273,0,h15,1047986799130361660
p3,C,17,128,355,h15,1047986799130361660
p3,Non-ROH,500,0,0,h15,1047986799130361660
p1,A,448,52,0,h15,1055839648648687287
p1,B,101,383,16,h15,1055839648648687287
p1,C,37,96,367,h15,1055839648648687287
p1,Non-ROH,500,0,0,h15,1055839648648687287
p2,A,493,7,0,h15,1055839648648687287
p2,B,214,286,0,h15,1055839648648687287
p2,C,25,122,353,h15,1055839648648687287
p2,Non-ROH,500,0,0,h15,1055839648648687287
p3,A,495,5,0,h15,1055839648648687287
p3,B,285,215,0,h15,1055839648648687287
p3,C,26,106,368,h15,1055839648648687287
p3,Non-ROH,500,0,0,h15,1055839648648687287
p1,A,456,44,0,h15,1058563980818626152
p1,B,106,384,10,h15,1058563980818626152
p1,C,29,114,357,h15,1058563980818626152
p1,Non-ROH,500,0,0,h15,1058563980818626152
p2,A,499,1,0,h15,1058563980818626152
p2,B,234,266,0,h15,1058563980818626152
p2,C,24,112,364,h15,1058563980818626152
p2,Non-ROH,500,0,0,h15,1058563980818626152
p3,A,498,2,0,h15,1058563980818626152
p3,B,320,180,0,h15,1058563980818626152
p3,C,18,115,367,h15,1058563980818626152
p3,Non-ROH,500,0,0,h15,1058563980818626152
p1,A,457,43,0,h15,1075118180271889709
p1,B,94,396,10,h15,1075118180271889709
p1,C,22,117,361,h15,1075118180271889709
p1,Non-ROH,500,0,0,h15,1075118180271889709
p2,A,490,10,0,h15,1075118180271889709
p2,B,217,283,0,h15,1075118180271889709
p2,C,21,109,370,h15,1075118180271889709
p2,Non-ROH,500,0,0,h15,1075118180271889709
p3,A,494,6,0,h15,1075118180271889709
p3,B,234,266,0,h15,1075118180271889709
p3,C,19,142,339,h15,1075118180271889709
p3,Non-ROH,500,0,0,h15,1075118180271889709
p1,A,439,61,0,h15,1103544730880859066
p1,B,84,399,17,h15,1103544730880859066
p1,C,22,109,369,h15,1103544730880859066
p1,Non-ROH,500,0,0,h15,1103544730880859066
p2,A,492,8,0,h15,1103544730880859066
p2,B,217,283,0,h15,1103544730880859066
p2,C,17,120,363,h15,1103544730880859066
p2,Non-ROH,500,0,0,h15,1103544730880859066
p3,A,489,11,0,h15,1103544730880859066
p3,B,307,193,0,h15,1103544730880859066
p3,C,12,140,348,h15,1103544730880859066
p3,Non-ROH,500,0,0,h15,1103544730880859066
p1,A,441,59,0,h15,1175545431730286053
p1,B,106,385,9,h15,1175545431730286053
p1,C,37,86,377,h15,1175545431730286053
p1,Non-ROH,500,0,0,h15,1175545431730286053
p2,A,497,3,0,h15,1175545431730286053
p2,B,227,273,0,h15,1175545431730286053
p2,C,16,185,299,h15,1175545431730286053
p2,Non-ROH,500,0,0,h15,1175545431730286053
p3,A,497,3,0,h15,1175545431730286053
p3,B,309,191,0,h15,1175545431730286053
p3,C,14,158,328,h15,1175545431730286053
p3,Non-ROH,500,0,0,h15,1175545431730286053
p1,A,446,54,0,h15,1268756810187455068
p1,B,103,381,16,h15,1268756810187455068
p1,C,25,97,378,h15,1268756810187455068
p1,Non-ROH,500,0,0,h15,1268756810187455068
p2,A,498,2,0,h15,1268756810187455068
p2,B,234,266,0,h15,1268756810187455068
p2,C,14,90,396,h15,1268756810187455068
p2,Non-ROH,500,0,0,h15,1268756810187455068
p3,A,496,4,0,h15,1268756810187455068
p3,B,313,187,0,h15,1268756810187455068
p3,C,15,196,289,h15,1268756810187455068
p3,Non-ROH,500,0,0,h15,1268756810187455068
p1,A,457,43,0,h15,1271887722132963792
p1,B,85,400,15,h15,1271887722132963792
p1,C,54,74,372,h15,1271887722132963792
p1,Non-ROH,500,0,0,h15,1271887722132963792
p2,A,489,11,0,h15,1271887722132963792
p2,B,167,333,0,h15,1271887722132963792
p2,C,63,86,351,h15,1271887722132963792
p2,Non-ROH,500,0,0,h15,1271887722132963792
p3,A,499,1,0,h15,1271887722132963792
p3,B,289,211,0,h15,1271887722132963792
p3,C,83,61,356,h15,1271887722132963792
p3,Non-ROH,500,0,0,h15,1271887722132963792
p1,A,461,39,0,h15,1274072017815295054
p1,B,96,388,16,h15,1274072017815295054
p1,C,23,112,365,h15,1274072017815295054
p1,Non-ROH,500,0,0,h15,1274072017815295054
p2,A,496,4,0,h15,1274072017815295054
p2,B,229,271,0,h15,1274072017815295054
p2,C,22,134,344,h15,1274072017815295054
p2,Non-ROH,500,0,0,h15,1274072017815295054
p3,A,491,9,0,h15,1274072017815295054
p3,B,271,229,0,h15,1274072017815295054
p3,C,18,154,328,h15,1274072017815295054
p3,Non-ROH,500,0,0,h15,1274072017815295054
p1,A,425,75,0,h15,1280586274031302672
p1,B,71,415,14,h15,1280586274031302672
p1,C,20,116,364,h15,1280586274031302672
p1,Non-ROH,500,0,0,h15,1280586274031302672
p2,A,489,11,0,h15,1280586274031302672
p2,B,180,320,0,h15,1280586274031302672
p2,C,11,152,337,h15,1280586274031302672
p2,Non-ROH,500,0,0,h15,1280586274031302672
p3,A,493,7,0,h15,1280586274031302672
p3,B,237,263,0,h15,1280586274031302672
p3,C,14,129,357,h15,1280586274031302672
p3,Non-ROH,500,0,0,h15,1280586274031302672
p1,A,456,44,0,h15,1283396242184346416
p1,B,82,406,12,h15,1283396242184346416
p1,C,26,127,347,h15,1283396242184346416
p1,Non-ROH,500,0,0,h15,1283396242184346416
p2,A,495,5,0,h15,1283396242184346416
p2,B,245,255,0,h15,1283396242184346416
p2,C,23,121,356,h15,1283396242184346416
p2,Non-ROH,500,0,0,h15,1283396242184346416
p3,A,496,4,0,h15,1283396242184346416
p3,B,292,208,0,h15,1283396242184346416
p3,C,8,181,311,h15,1283396242184346416
p3,Non-ROH,500,0,0,h15,1283396242184346416
p1,A,447,53,0,h15,1291462818127454420
p1,B,83,402,15,h15,1291462818127454420
p1,C,25,120,355,h15,1291462818127454420
p1,Non-ROH,500,0,0,h15,1291462818127454420
p2,A,492,8,0,h15,1291462818127454420
p2,B,214,286,0,h15,1291462818127454420
p2,C,26,166,308,h15,1291462818127454420
p2,Non-ROH,500,0,0,h15,1291462818127454420
p3,A,489,11,0,h15,1291462818127454420
p3,B,320,180,0,h15,1291462818127454420
p3,C,17,107,376,h15,1291462818127454420
p3,Non-ROH,500,0,0,h15,1291462818127454420
p1,A,399,101,0,h15,1294799392044852467
p1,B,67,419,14,h15,1294799392044852467
p1,C,24,106,370,h15,1294799392044852467
p1,Non-ROH,500,0,0,h15,1294799392044852467
p2,A,483,17,0,h15,1294799392044852467
p2,B,170,330,0,h15,1294799392044852467
p2,C,25,134,341,h15,1294799392044852467
p2,Non-ROH,500,0,0,h15,1294799392044852467
p3,A,491,9,0,h15,1294799392044852467
p3,B,197,303,0,h15,1294799392044852467
p3,C,15,105,380,h15,1294799392044852467
p3,Non-ROH,500,0,0,h15,1294799392044852467
p1,A,462,38,0,h15,1298950186104188190
p1,B,92,390,18,h15,1298950186104188190
p1,C,26,83,391,h15,1298950186104188190
p1,Non-ROH,500,0,0,h15,1298950186104188190
p2,A,495,5,0,h15,1298950186104188190
p2,B,199,301,0,h15,1298950186104188190
p2,C,15,111,374,h15,1298950186104188190
p2,Non-ROH,500,0,0,h15,1298950186104188190
p3,A,490,10,0,h15,1298950186104188190
p3,B,235,265,0,h15,1298950186104188190
p3,C,15,116,369,h15,1298950186104188190
p3,Non-ROH,500,0,0,h15,1298950186104188190
p1,A,447,53,0,h15,133872839800916480
p1,B,124,354,22,h15,133872839800916480
p1,C,33,86,381,h15,133872839800916480
p1,Non-ROH,500,0,0,h15,133872839800916480
p2,A,487,13,0,h15,133872839800916480
p2,B,250,250,0,h15,133872839800916480
p2,C,24,79,397,h15,133872839800916480
p2,Non-ROH,500,0,0,h15,133872839800916480
p3,A,492,8,0,h15,133872839800916480
p3,B,351,149,0,h15,133872839800916480
p3,C,39,124,337,h15,133872839800916480
p3,Non-ROH,500,0,0,h15,133872839800916480
p1,A,461,39,0,h15,1381198077894381621
p1,B,95,382,23,h15,1381198077894381621
p1,C,26,112,362,h15,1381198077894381621
p1,Non-ROH,500,0,0,h15,1381198077894381621
p2,A,492,7,1,h15,1381198077894381621
p2,B,173,326,1,h15,1381198077894381621
p2,C,21,130,349,h15,1381198077894381621
p2,Non-ROH,499,0,0,h15,1381198077894381621
p3,A,499,1,0,h15,1381198077894381621
p3,B,261,239,0,h15,1381198077894381621
p3,C,17,119,364,h15,1381198077894381621
p3,Non-ROH,500,0,0,h15,1381198077894381621
p1,A,415,85,0,h15,1395939817077436996
p1,B,66,420,14,h15,1395939817077436996
p1,C,25,97,378,h15,1395939817077436996
p1,Non-ROH,500,0,0,h15,1395939817077436996
p2,A,487,13,0,h15,1395939817077436996
p2,B,200,300,0,h15,1395939817077436996
p2,C,14,167,319,h15,1395939817077436996
p2,Non-ROH,500,0,0,h15,1395939817077436996
p3,A,488,12,0,h15,1395939817077436996
p3,B,253,247,0,h15,1395939817077436996
p3,C,11,152,337,h15,1395939817077436996
p3,Non-ROH,500,0,0,h15,1395939817077436996
p1,A,455,45,0,h15,1408793636273151652
p1,B,116,369,15,h15,1408793636273151652
p1,C,58,84,358,h15,1408793636273151652
p1,Non-ROH,500,0,0,h15,1408793636273151652
p2,A,489,11,0,h15,1408793636273151652
p2,B,243,256,1,h15,1408793636273151652
p2,C,81,56,363,h15,1408793636273151652
p2,Non-ROH,500,0,0,h15,1408793636273151652
p3,A,499,1,0,h15,1408793636273151652
p3,B,333,166,1,h15,1408793636273151652
p3,C,79,60,361,h15,1408793636273151652
p3,Non-ROH,500,0,0,h15,1408793636273151652
p1,A,456,44,0,h15,1419362959560353265
p1,B,91,397,12,h15,1419362959560353265
p1,C,11,111,378,h15,1419362959560353265
p1,Non-ROH,500,0,0,h15,1419362959560353265
p2,A,494,6,0,h15,1419362959560353265
p2,B,217,283,0,h15,1419362959560353265
p2,C,15,138,347,h15,1419362959560353265
p2,Non-ROH,500,0,0,h15,1419362959560353265
p3,A,493,7,0,h15,1419362959560353265
p3,B,289,211,0,h15,1419362959560353265
p3,C,17,109,374,h15,1419362959560353265
p3,Non-ROH,500,0,0,h15,1419362959560353265
p1,A,454,46,0,h15,1451321003829450659
p1,B,115,367,18,h15,1451321003829450659
p1,C,22,90,388,h15,1451321003829450659
p1,Non-ROH,500,0,0,h15,1451321003829450659
p2,A,488,12,0,h15,1451321003829450659
p2,B,197,303,0,h15,1451321003829450659
p2,C,16,99,385,h15,1451321003829450659
p2,Non-ROH,500,0,0,h15,1451321003829450659
p3,A,493,7,0,h15,1451321003829450659
p3,B,275,225,0,h15,1451321003829450659
p3,C,11,146,343,h15,1451321003829450659
p3,Non-ROH,500,0,0,h15,1451321003829450659
p1,A,408,92,0,h15,1486392912968073536
p1,B,87,400,13,h15,1486392912968073536
p1,C,21,104,375,h15,1486392912968073536
p1,Non-ROH,500,0,0,h15,1486392912968073536
p2,A,476,24,0,h15,1486392912968073536
p2,B,208,292,0,h15,1486392912968073536
p2,C,34,73,393,h15,1486392912968073536
p2,Non-ROH,500,0,0,h15,1486392912968073536
p3,A,488,12,0,h15,1486392912968073536
p3,B,232,268,0,h15,1486392912968073536
p3,C,19,139,342,h15,1486392912968073536
p3,Non-ROH,500,0,0,h15,1486392912968073536
p1,A,473,27,0,h15,1508985444436731991
p1,B,122,360,18,h15,1508985444436731991
p1,C,29,104,367,h15,1508985444436731991
p1,Non-ROH,500,0,0,h15,1508985444436731991
p2,A,497,3,0,h15,1508985444436731991
p2,B,238,262,0,h15,1508985444436731991
p2,C,18,90,392,h15,1508985444436731991
p2,Non-ROH,500,0,0,h15,1508985444436731991
p3,A,499,1,0,h15,1508985444436731991
p3,B,344,156,0,h15,1508985444436731991
p3,C,17,86,397,h15,1508985444436731991
p3,Non-ROH,500,0,0,h15,1508985444436731991
p1,A,440,60,0,h15,1516435408431676676
p1,B,88,395,17,h15,1516435408431676676
p1,C,30,110,360,h15,1516435408431676676
p1,Non-ROH,500,0,0,h15,1516435408431676676
p2,A,494,6,0,h15,1516435408431676676
p2,B,243,257,0,h15,1516435408431676676
p2,C,15,100,385,h15,1516435408431676676
p2,Non-ROH,500,0,0,h15,1516435408431676676
p3,A,499,1,0,h15,1516435408431676676
p3,B,290,210,0,h15,1516435408431676676
p3,C,18,96,386,h15,1516435408431676676
p3,Non-ROH,500,0,0,h15,1516435408431676676
p1,A,449,51,0,h15,1523223968639821208
p1,B,83,407,10,h15,1523223968639821208
p1,C,26,109,365,h15,1523223968639821208
p1,Non-ROH,500,0,0,h15,1523223968639821208
p2,A,482,18,0,h15,1523223968639821208
p2,B,246,254,0,h15,1523223968639821208
p2,C,15,94,391,h15,1523223968639821208
p2,Non-ROH,500,0,0,h15,1523223968639821208
p3,A,494,6,0,h15,1523223968639821208
p3,B,245,255,0,h15,1523223968639821208
p3,C,15,133,352,h15,1523223968639821208
p3,Non-ROH,500,0,0,h15,1523223968639821208
p1,A,468,32,0,h15,1531210385726406616
p1,B,98,384,18,h15,1531210385726406616
p1,C,37,106,357,h15,1531210385726406616
p1,Non-ROH,500,0,0,h15,1531210385726406616
p2,A,495,5,0,h15,1531210385726406616
p2,B,264,236,0,h15,1531210385726406616
p2,C,18,170,312,h15,1531210385726406616
p2,Non-ROH,500,0,0,h15,1531210385726406616
p3,A,498,2,0,h15,1531210385726406616
p3,B,312,188,0,h15,1531210385726406616
p3,C,20,122,358,h15,1531210385726406616
p3,Non-ROH,500,0,0,h15,1531210385726406616
p1,A,451,49,0,h15,1555527553526784713
p1,B,92,395,13,h15,1555527553526784713
p1,C,26,122,352,h15,1555527553526784713
p1,Non-ROH,500,0,0,h15,1555527553526784713
p2,A,488,12,0,h15,1555527553526784713
p2,B,200,300,0,h15,1555527553526784713
p2,C,23,116,361,h15,1555527553526784713
p2,Non-ROH,500,0,0,h15,1555527553526784713
p3,A,496,4,0,h15,1555527553526784713
p3,B,252,248,0,h15,1555527553526784713
p3,C,13,234,253,h15,1555527553526784713
p3,Non-ROH,500,0,0,h15,1555527553526784713
p1,A,480,20,0,h15,1558537355093080590
p1,B,88,394,18,h15,1558537355093080590
p1,C,29,90,381,h15,1558537355093080590
p1,Non-ROH,500,0,0,h15,1558537355093080590
p2,A,498,2,0,h15,1558537355093080590
p2,B,212,288,0,h15,1558537355093080590
p2,C,19,184,297,h15,1558537355093080590
p2,Non-ROH,500,0,0,h15,1558537355093080590
p3,A,500,0,0,h15,1558537355093080590
p3,B,280,220,0,h15,1558537355093080590
p3,C,12,209,279,h15,1558537355093080590
p3,Non-ROH,500,0,0,h15,1558537355093080590
p1,A,442,58,0,h15,1589489178923196729
p1,B,111,376,13,h15,1589489178923196729
p1,C,36,86,378,h15,1589489178923196729
p1,Non-ROH,500,0,0,h15,1589489178923196729
p2,A,496,4,0,h15,1589489178923196729
p2,B,243,257,0,h15,1589489178923196729
p2,C,21,84,395,h15,1589489178923196729
p2,Non-ROH,500,0,0,h15,1589489178923196729
p3,A,497,3,0,h15,1589489178923196729
p3,B,288,212,0,h15,1589489178923196729
p3,C,34,88,378,h15,1589489178923196729
p3,Non-ROH,500,0,0,h15,1589489178923196729
p1,A,456,44,0,h15,1609974189966844119
p1,B,82,402,16,h15,1609974189966844119
p1,C,18,106,376,h15,1609974189966844119
p1,Non-ROH,500,0,0,h15,1609974189966844119
p2,A,499,1,0,h15,1609974189966844119
p2,B,207,293,0,h15,1609974189966844119
p2,C,24,116,360,h15,1609974189966844119
p2,Non-ROH,500,0,0,h15,1609974189966844119
p3,A,498,2,0,h15,1609974189966844119
p3,B,258,242,0,h15,1609974189966844119
p3,C,31,180,289,h15,1609974189966844119
p3,Non-ROH,500,0,0,h15,1609974189966844119
p1,A,410,90,0,h15,1610644618733297395
p1,B,96,386,18,h15,1610644618733297395
p1,C,26,109,365,h15,1610644618733297395
p1,Non-ROH,500,0,0,h15,1610644618733297395
p2,A,488,12,0,h15,1610644618733297395
p2,B,258,242,0,h15,1610644618733297395
p2,C,20,120,360,h15,1610644618733297395
p2,Non-ROH,500,0,0,h15,1610644618733297395
p3,A,495,5,0,h15,1610644618733297395
p3,B,293,207,0,h15,1610644618733297395
p3,C,24,120,356,h15,1610644618733297395
p3,Non-ROH,500,0,0,h15,1610644618733297395
p1,A,418,82,0,h15,1612190351073058970
p1,B,81,412,7,h15,1612190351073058970
p1,C,47,80,373,h15,1612190351073058970
p1,Non-ROH,500,0,0,h15,1612190351073058970
p2,A,475,25,0,h15,1612190351073058970
p2,B,187,313,0,h15,1612190351073058970
p2,C,68,64,368,h15,1612190351073058970
p2,Non-ROH,500,0,0,h15,1612190351073058970
p3,A,493,7,0,h15,1612190351073058970
p3,B,227,273,0,h15,1612190351073058970
p3,C,59,54,387,h15,1612190351073058970
p3,Non-ROH,500,0,0,h15,1612190351073058970
p1,A,436,64,0,h15,164050529313206371
p1,B,129,358,13,h15,164050529313206371
p1,C,33,97,370,h15,164050529313206371
p1,Non-ROH,500,0,0,h15,164050529313206371
p2,A,496,4,0,h15,164050529313206371
p2,B,269,231,0,h15,164050529313206371
p2,C,17,107,376,h15,164050529313206371
p2,Non-ROH,500,0,0,h15,164050529313206371
p3,A,497,3,0,h15,164050529313206371
p3,B,332,168,0,h15,164050529313206371
p3,C,13,109,378,h15,164050529313206371
p3,Non-ROH,500,0,0,h15,164050529313206371
p1,A,316,184,0,h15,1653777566008229369
p1,B,66,421,13,h15,1653777566008229369
p1,C,16,102,382,h15,1653777566008229369
p1,Non-ROH,500,0,0,h15,1653777566008229369
p2,A,449,51,0,h15,1653777566008229369
p2,B,138,362,0,h15,1653777566008229369
p2,C,10,135,355,h15,1653777566008229369
p2,Non-ROH,500,0,0,h15,1653777566008229369
p3,A,485,15,0,h15,1653777566008229369
p3,B,230,270,0,h15,1653777566008229369
p3,C,9,113,378,h15,1653777566008229369
p3,Non-ROH,500,0,0,h15,1653777566008229369
p1,A,405,95,0,h15,1658764775517380519
p1,B,83,395,22,h15,1658764775517380519
p1,C,21,100,379,h15,1658764775517380519
p1,Non-ROH,500,0,0,h15,1658764775517380519
p2,A,476,24,0,h15,1658764775517380519
p2,B,194,306,0,h15,1658764775517380519
p2,C,12,143,345,h15,1658764775517380519
p2,Non-ROH,500,0,0,h15,1658764775517380519
p3,A,489,11,0,h15,1658764775517380519
p3,B,229,271,0,h15,1658764775517380519
p3,C,15,146,339,h15,1658764775517380519
p3,Non-ROH,500,0,0,h15,1658764775517380519
p1,A,416,84,0,h15,1662473715046904938
p1,B,129,359,12,h15,1662473715046904938
p1,C,23,103,374,h15,1662473715046904938
p1,Non-ROH,500,0,0,h15,1662473715046904938
p2,A,467,33,0,h15,1662473715046904938
p2,B,247,253,0,h15,1662473715046904938
p2,C,19,146,335,h15,1662473715046904938
p2,Non-ROH,500,0,0,h15,1662473715046904938
p3,A,487,13,0,h15,1662473715046904938
p3,B,306,194,0,h15,1662473715046904938
p3,C,25,114,361,h15,1662473715046904938
p3,Non-ROH,500,0,0,h15,1662473715046904938
p1,A,428,72,0,h15,1707609818374764111
p1,B,86,399,15,h15,1707609818374764111
p1,C,22,106,372,h15,1707609818374764111
p1,Non-ROH,500,0,0,h15,1707609818374764111
p2,A,490,10,0,h15,1707609818374764111
p2,B,205,295,0,h15,1707609818374764111
p2,C,16,125,359,h15,1707609818374764111
p2,Non-ROH,500,0,0,h15,1707609818374764111
p3,A,486,14,0,h15,1707609818374764111
p3,B,250,250,0,h15,1707609818374764111
p3,C,17,183,300,h15,1707609818374764111
p3,Non-ROH,500,0,0,h15,1707609818374764111
p1,A,454,46,0,h15,1730966298066407054
p1,B,93,395,12,h15,1730966298066407054
p1,C,28,104,368,h15,1730966298066407054
p1,Non-ROH,500,0,0,h15,1730966298066407054
p2,A,496,4,0,h15,1730966298066407054
p2,B,245,255,0,h15,1730966298066407054
p2,C,17,155,328,h15,1730966298066407054
p2,Non-ROH,500,0,0,h15,1730966298066407054
p3,A,499,1,0,h15,1730966298066407054
p3,B,257,243,0,h15,1730966298066407054
p3,C,18,115,367,h15,1730966298066407054
p3,Non-ROH,500,0,0,h15,1730966298066407054
p1,A,438,62,0,h15,1762696348894616063
p1,B,88,396,16,h15,1762696348894616063
p1,C,30,110,360,h15,1762696348894616063
p1,Non-ROH,500,0,0,h15,1762696348894616063
p2,A,486,14,0,h15,1762696348894616063
p2,B,214,286,0,h15,1762696348894616063
p2,C,11,109,380,h15,1762696348894616063
p2,Non-ROH,500,0,0,h15,1762696348894616063
p3,A,491,9,0,h15,1762696348894616063
p3,B,246,254,0,h15,1762696348894616063
p3,C,15,138,347,h15,1762696348894616063
p3,Non-ROH,500,0,0,h15,1762696348894616063
p1,A,456,44,0,h15,1770499807517152287
p1,B,123,353,24,h15,1770499807517152287
p1,C,26,107,367,h15,1770499807517152287
p1,Non-ROH,500,0,0,h15,1770499807517152287
p2,A,497,3,0,h15,1770499807517152287
p2,B,208,292,0,h15,1770499807517152287
p2,C,21,139,340,h15,1770499807517152287
p2,Non-ROH,500,0,0,h15,1770499807517152287
p3,A,498,2,0,h15,1770499807517152287
p3,B,280,220,0,h15,1770499807517152287
p3,C,12,125,363,h15,1770499807517152287
p3,Non-ROH,500,0,0,h15,1770499807517152287
p1,A,401,99,0,h15,18154657985270593
p1,B,61,427,12,h15,18154657985270593
p1,C,17,119,364,h15,18154657985270593
p1,Non-ROH,500,0,0,h15,18154657985270593
p2,A,484,16,0,h15,18154657985270593
p2,B,162,338,0,h15,18154657985270593
p2,C,18,128,354,h15,18154657985270593
p2,Non-ROH,500,0,0,h15,18154657985270593
p3,A,489,11,0,h15,18154657985270593
p3,B,196,304,0,h15,18154657985270593
p3,C,9,125,366,h15,18154657985270593
p3,Non-ROH,500,0,0,h15,18154657985270593
p1,A,445,55,0,h15,1845879855387684349
p1,B,113,369,18,h15,1845879855387684349
p1,C,27,102,371,h15,1845879855387684349
p1,Non-ROH,500,0,0,h15,1845879855387684349
p2,A,492,8,0,h15,1845879855387684349
p2,B,286,214,0,h15,1845879855387684349
p2,C,26,168,306,h15,1845879855387684349
p2,Non-ROH,500,0,0,h15,1845879855387684349
p3,A,492,8,0,h15,1845879855387684349
p3,B,317,183,0,h15,1845879855387684349
p3,C,20,148,332,h15,1845879855387684349
p3,Non-ROH,500,0,0,h15,1845879855387684349
p1,A,407,93,0,h15,1859579489374597629
p1,B,107,378,15,h15,1859579489374597629
p1,C,24,91,385,h15,1859579489374597629
p1,Non-ROH,500,0,0,h15,1859579489374597629
p2,A,494,6,0,h15,1859579489374597629
p2,B,204,296,0,h15,1859579489374597629
p2,C,16,129,355,h15,1859579489374597629
p2,Non-ROH,500,0,0,h15,1859579489374597629
p3,A,492,8,0,h15,1859579489374597629
p3,B,243,257,0,h15,1859579489374597629
p3,C,11,179,310,h15,1859579489374597629
p3,Non-ROH,500,0,0,h15,1859579489374597629
p1,A,472,28,0,h15,1864889392068274205
p1,B,106,376,18,h15,1864889392068274205
p1,C,31,106,363,h15,1864889392068274205
p1,Non-ROH,500,0,0,h15,1864889392068274205
p2,A,494,6,0,h15,1864889392068274205
p2,B,235,265,0,h15,1864889392068274205
p2,C,30,115,355,h15,1864889392068274205
p2,Non-ROH,500,0,0,h15,1864889392068274205
p3,A,499,1,0,h15,1864889392068274205
p3,B,298,202,0,h15,1864889392068274205
p3,C,22,112,366,h15,1864889392068274205
p3,Non-ROH,500,0,0,h15,1864889392068274205
p1,A,470,30,0,h15,1896561443875116320
p1,B,167,324,9,h15,1896561443875116320
p1,C,35,98,367,h15,1896561443875116320
p1,Non-ROH,500,0,0,h15,1896561443875116320
p2,A,480,20,0,h15,1896561443875116320
p2,B,297,203,0,h15,1896561443875116320
p2,C,21,131,348,h15,1896561443875116320
p2,Non-ROH,500,0,0,h15,1896561443875116320
p3,A,497,3,0,h15,1896561443875116320
p3,B,354,146,0,h15,1896561443875116320
p3,C,19,131,350,h15,1896561443875116320
p3,Non-ROH,500,0,0,h15,1896561443875116320
p1,A,456,44,0,h15,1897814404421956169
p1,B,100,389,11,h15,1897814404421956169
p1,C,29,98,373,h15,1897814404421956169
p1,Non-ROH,500,0,0,h15,1897814404421956169
p2,A,492,8,0,h15,1897814404421956169
p2,B,178,322,0,h15,1897814404421956169
p2,C,16,141,343,h15,1897814404421956169
p2,Non-ROH,500,0,0,h15,1897814404421956169
p3,A,482,18,0,h15,1897814404421956169
p3,B,274,226,0,h15,1897814404421956169
p3,C,12,184,304,h15,1897814404421956169
p3,Non-ROH,500,0,0,h15,1897814404421956169
p1,A,372,128,0,h15,1898444179247719507
p1,B,92,394,14,h15,1898444179247719507
p1,C,28,103,369,h15,1898444179247719507
p1,Non-ROH,500,0,0,h15,1898444179247719507
p2,A,481,19,0,h15,1898444179247719507
p2,B,238,262,0,h15,1898444179247719507
p2,C,19,139,342,h15,1898444179247719507
p2,Non-ROH,500,0,0,h15,1898444179247719507
p3,A,485,15,0,h15,1898444179247719507
p3,B,319,181,0,h15,1898444179247719507
p3,C,16,183,301,h15,1898444179247719507
p3,Non-ROH,500,0,0,h15,1898444179247719507
p1,A,456,44,0,h15,1901697893897919997
p1,B,113,372,15,h15,1901697893897919997
p1,C,21,101,378,h15,1901697893897919997
p1,Non-ROH,500,0,0,h15,1901697893897919997
p2,A,498,2,0,h15,1901697893897919997
p2,B,233,267,0,h15,1901697893897919997
p2,C,17,105,378,h15,1901697893897919997
p2,Non-ROH,500,0,0,h15,1901697893897919997
p3,A,498,2,0,h15,1901697893897919997
p3,B,305,195,0,h15,1901697893897919997
p3,C,29,133,338,h15,1901697893897919997
p3,Non-ROH,500,0,0,h15,1901697893897919997
p1,A,461,39,0,h15,1902514568933884612
p1,B,80,402,18,h15,1902514568933884612
p1,C,26,123,351,h15,1902514568933884612
p1,Non-ROH,500,0,0,h15,1902514568933884612
p2,A,499,1,0,h15,1902514568933884612
p2,B,232,268,0,h15,1902514568933884612
p2,C,19,76,405,h15,1902514568933884612
p2,Non-ROH,500,0,0,h15,1902514568933884612
p3,A,499,1,0,h15,1902514568933884612
p3,B,303,197,0,h15,1902514568933884612
p3,C,18,151,331,h15,1902514568933884612
p3,Non-ROH,500,0,0,h15,1902514568933884612
p1,A,403,97,0,h15,191665797317649805
p1,B,79,400,21,h15,191665797317649805
p1,C,35,92,373,h15,191665797317649805
p1,Non-ROH,500,0,0,h15,191665797317649805
p2,A,485,15,0,h15,191665797317649805
p2,B,237,263,0,h15,191665797317649805
p2,C,26,92,382,h15,191665797317649805
p2,Non-ROH,500,0,0,h15,191665797317649805
p3,A,494,6,0,h15,191665797317649805
p3,B,232,268,0,h15,191665797317649805
p3,C,12,161,327,h15,191665797317649805
p3,Non-ROH,500,0,0,h15,191665797317649805
p1,A,439,61,0,h15,1956826239648750529
p1,B,89,390,21,h15,1956826239648750529
p1,C,23,132,345,h15,1956826239648750529
p1,Non-ROH,500,0,0,h15,1956826239648750529
p2,A,481,19,0,h15,1956826239648750529
p2,B,214,286,0,h15,1956826239648750529
p2,C,27,143,330,h15,1956826239648750529
p2,Non-ROH,500,0,0,h15,1956826239648750529
p3,A,500,0,0,h15,1956826239648750529
p3,B,325,175,0,h15,1956826239648750529
p3,C,30,135,335,h15,1956826239648750529
p3,Non-ROH,500,0,0,h15,1956826239648750529
p1,A,463,37,0,h15,1957119330731030759
p1,B,89,388,23,h15,1957119330731030759
p1,C,29,99,372,h15,1957119330731030759
p1,Non-ROH,500,0,0,h15,1957119330731030759
p2,A,494,6,0,h15,1957119330731030759
p2,B,231,269,0,h15,1957119330731030759
p2,C,15,123,362,h15,1957119330731030759
p2,Non-ROH,500,0,0,h15,1957119330731030759
p3,A,493,7,0,h15,1957119330731030759
p3,B,277,223,0,h15,1957119330731030759
p3,C,12,130,358,h15,1957119330731030759
p3,Non-ROH,500,0,0,h15,1957119330731030759
p1,A,456,44,0,h15,1999351879598620508
p1,B,92,388,20,h15,1999351879598620508
p1,C,26,99,375,h15,1999351879598620508
p1,Non-ROH,500,0,0,h15,1999351879598620508
p2,A,497,3,0,h15,1999351879598620508
p2,B,226,274,0,h15,1999351879598620508
p2,C,15,95,390,h15,1999351879598620508
p2,Non-ROH,500,0,0,h15,1999351879598620508
p3,A,498,2,0,h15,1999351879598620508
p3,B,326,174,0,h15,1999351879598620508
p3,C,21,146,333,h15,1999351879598620508
p3,Non-ROH,500,0,0,h15,1999351879598620508
p1,A,386,114,0,h15,2043309693975152457
p1,B,46,438,16,h15,2043309693975152457
p1,C,16,106,378,h15,2043309693975152457
p1,Non-ROH,500,0,0,h15,2043309693975152457
p2,A,480,20,0,h15,2043309693975152457
p2,B,147,353,0,h15,2043309693975152457
p2,C,10,113,377,h15,2043309693975152457
p2,Non-ROH,500,0,0,h15,2043309693975152457
p3,A,491,9,0,h15,2043309693975152457
p3,B,286,214,0,h15,2043309693975152457
p3,C,12,118,370,h15,2043309693975152457
p3,Non-ROH,500,0,0,h15,2043309693975152457
p1,A,413,87,0,h15,2056400629550111912
p1,B,83,402,15,h15,2056400629550111912
p1,C,31,101,368,h15,2056400629550111912
p1,Non-ROH,500,0,0,h15,2056400629550111912
p2,A,486,14,0,h15,2056400629550111912
p2,B,225,275,0,h15,2056400629550111912
p2,C,18,171,311,h15,2056400629550111912
p2,Non-ROH,500,0,0,h15,2056400629550111912
p3,A,494,6,0,h15,2056400629550111912
p3,B,258,242,0,h15,2056400629550111912
p3,C,9,98,393,h15,2056400629550111912
p3,Non-ROH,500,0,0,h15,2056400629550111912
p1,A,468,32,0,h15,2057952907887382132
p1,B,96,389,15,h15,2057952907887382132
p1,C,26,113,361,h15,2057952907887382132
p1,Non-ROH,500,0,0,h15,2057952907887382132
p2,A,490,10,0,h15,2057952907887382132
p2,B,229,271,0,h15,2057952907887382132
p2,C,15,129,356,h15,2057952907887382132
p2,Non-ROH,500,0,0,h15,2057952907887382132
p3,A,498,2,0,h15,2057952907887382132
p3,B,322,178,0,h15,2057952907887382132
p3,C,15,161,324,h15,2057952907887382132
p3,Non-ROH,500,0,0,h15,2057952907887382132
p1,A,444,56,0,h15,2103035588959251758
p1,B,102,380,18,h15,2103035588959251758
p1,C,29,89,382,h15,2103035588959251758
p1,Non-ROH,500,0,0,h15,2103035588959251758
p2,A,499,1,0,h15,2103035588959251758
p2,B,242,258,0,h15,2103035588959251758
p2,C,33,125,342,h15,2103035588959251758
p2,Non-ROH,500,0,0,h15,2103035588959251758
p3,A,499,1,0,h15,2103035588959251758
p3,B,317,183,0,h15,2103035588959251758
p3,C,32,102,366,h15,2103035588959251758
p3,Non-ROH,500,0,0,h15,2103035588959251758
p1,A,434,66,0,h15,2109526769459331835
p1,B,102,386,12,h15,2109526769459331835
p1,C,24,108,368,h15,2109526769459331835
p1,Non-ROH,500,0,0,h15,2109526769459331835
p2,A,483,17,0,h15,2109526769459331835
p2,B,198,302,0,h15,2109526769459331835
p2,C,16,138,346,h15,2109526769459331835
p2,Non-ROH,500,0,0,h15,2109526769459331835
p3,A,498,2,0,h15,2109526769459331835
p3,B,268,232,0,h15,2109526769459331835
p3,C,16,166,318,h15,2109526769459331835
p3,Non-ROH,500,0,0,h15,2109526769459331835
p1,A,467,33,0,h15,2132131203015379398
p1,B,115,371,14,h15,2132131203015379398
p1,C,39,108,353,h15,2132131203015379398
p1,Non-ROH,500,0,0,h15,2132131203015379398
p2,A,500,0,0,h15,2132131203015379398
p2,B,318,182,0,h15,2132131203015379398
p2,C,15,145,340,h15,2132131203015379398
p2,Non-ROH,500,0,0,h15,2132131203015379398
p3,A,498,2,0,h15,2132131203015379398
p3,B,323,177,0,h15,2132131203015379398
p3,C,23,175,302,h15,2132131203015379398
p3,Non-ROH,500,0,0,h15,2132131203015379398
p1,A,406,94,0,h15,2136003687459116938
p1,B,87,396,17,h15,2136003687459116938
p1,C,22,93,385,h15,2136003687459116938
p1,Non-ROH,500,0,0,h15,2136003687459116938
p2,A,496,4,0,h15,2136003687459116938
p2,B,215,285,0,h15,2136003687459116938
p2,C,28,95,377,h15,2136003687459116938
p2,Non-ROH,500,0,0,h15,2136003687459116938
p3,A,497,3,0,h15,2136003687459116938
p3,B,273,227,0,h15,2136003687459116938
p3,C,15,121,364,h15,2136003687459116938
p3,Non-ROH,500,0,0,h15,2136003687459116938
p1,A,462,38,0,h15,2158305306238797348
p1,B,95,391,14,h15,2158305306238797348
p1,C,30,96,374,h15,2158305306238797348
p1,Non-ROH,500,0,0,h15,2158305306238797348
p2,A,493,7,0,h15,2158305306238797348
p2,B,226,274,0,h15,2158305306238797348
p2,C,22,107,371,h15,2158305306238797348
p2,Non-ROH,500,0,0,h15,2158305306238797348
p3,A,499,1,0,h15,2158305306238797348
p3,B,313,187,0,h15,2158305306238797348
p3,C,15,150,335,h15,2158305306238797348
p3,Non-ROH,500,0,0,h15,2158305306238797348
p1,A,404,96,0,h15,2158503488354580440
p1,B,75,408,17,h15,2158503488354580440
p1,C,18,123,359,h15,2158503488354580440
p1,Non-ROH,500,0,0,h15,2158503488354580440
p2,A,483,17,0,h15,2158503488354580440
p2,B,174,326,0,h15,2158503488354580440
p2,C,11,104,385,h15,2158503488354580440
p2,Non-ROH,500,0,0,h15,2158503488354580440
p3,A,485,15,0,h15,2158503488354580440
p3,B,227,273,0,h15,2158503488354580440
p3,C,12,185,303,h15,2158503488354580440
p3,Non-ROH,500,0,0,h15,2158503488354580440
p1,A,461,39,0,h15,2180961751565241039
p1,B,89,393,18,h15,2180961751565241039
p1,C,24,103,373,h15,2180961751565241039
p1,Non-ROH,500,0,0,h15,2180961751565241039
p2,A,499,1,0,h15,2180961751565241039
p2,B,235,265,0,h15,2180961751565241039
p2,C,15,100,385,h15,2180961751565241039
p2,Non-ROH,500,0,0,h15,2180961751565241039
p3,A,498,2,0,h15,2180961751565241039
p3,B,366,134,0,h15,2180961751565241039
p3,C,28,108,364,h15,2180961751565241039
p3,Non-ROH,500,0,0,h15,2180961751565241039
p1,A,391,109,0,h15,2204329327406961453
p1,B,78,413,9,h15,2204329327406961453
p1,C,24,104,372,h15,2204329327406961453
p1,Non-ROH,500,0,0,h15,2204329327406961453
p2,A,488,12,0,h15,2204329327406961453
p2,B,176,324,0,h15,2204329327406961453
p2,C,16,148,336,h15,2204329327406961453
p2,Non-ROH,500,0,0,h15,2204329327406961453
p3,A,495,5,0,h15,2204329327406961453
p3,B,253,247,0,h15,2204329327406961453
p3,C,14,117,369,h15,2204329327406961453
p3,Non-ROH,500,0,0,h15,2204329327406961453
p1,A,470,30,0,h15,2227616678155134685
p1,B,146,336,18,h15,2227616678155134685
p1,C,27,101,372,h15,2227616678155134685
p1,Non-ROH,500,0,0,h15,2227616678155134685
p2,A,495,5,0,h15,2227616678155134685
p2,B,266,234,0,h15,2227616678155134685
p2,C,22,141,337,h15,2227616678155134685
p2,Non-ROH,500,0,0,h15,2227616678155134685
p3,A,498,2,0,h15,2227616678155134685
p3,B,337,163,0,h15,2227616678155134685
p3,C,25,119,356,h15,2227616678155134685
p3,Non-ROH,500,0,0,h15,2227616678155134685
p1,A,471,29,0,h15,223514040291109261
p1,B,103,384,13,h15,223514040291109261
p1,C,30,100,370,h15,223514040291109261
p1,Non-ROH,500,0,0,h15,223514040291109261
p2,A,498,2,0,h15,223514040291109261
p2,B,229,271,0,h15,223514040291109261
p2,C,30,134,336,h15,223514040291109261
p2,Non-ROH,500,0,0,h15,223514040291109261
p3,A,499,1,0,h15,223514040291109261
p3,B,319,181,0,h15,223514040291109261
p3,C,28,83,389,h15,223514040291109261
p3,Non-ROH,500,0,0,h15,223514040291109261
p1,A,454,46,0,h15,2237577355124080267
p1,B,126,366,8,h15,2237577355124080267
p1,C,26,94,380,h15,2237577355124080267
p1,Non-ROH,500,0,0,h15,2237577355124080267
p2,A,486,14,0,h15,2237577355124080267
p2,B,226,274,0,h15,2237577355124080267
p2,C,23,100,377,h15,2237577355124080267
p2,Non-ROH,500,0,0,h15,2237577355124080267
p3,A,499,1,0,h15,2237577355124080267
p3,B,292,208,0,h15,2237577355124080267
p3,C,20,203,277,h15,2237577355124080267
p3,Non-ROH,500,0,0,h15,2237577355124080267
p1,A,436,64,0,h15,2254834233674698083
p1,B,82,403,15,h15,2254834233674698083
p1,C,21,127,352,h15,2254834233674698083
p1,Non-ROH,500,0,0,h15,2254834233674698083
p2,A,486,14,0,h15,2254834233674698083
p2,B,203,297,0,h15,2254834233674698083
p2,C,11,151,338,h15,2254834233674698083
p2,Non-ROH,500,0,0,h15,2254834233674698083
p3,A,491,9,0,h15,2254834233674698083
p3,B,247,253,0,h15,2254834233674698083
p3,C,12,156,332,h15,2254834233674698083
p3,Non-ROH,500,0,0,h15,2254834233674698083
p1,A,441,59,0,h15,2261419164830035780
p1,B,103,387,10,h15,2261419164830035780
p1,C,20,106,374,h15,2261419164830035780
p1,Non-ROH,500,0,0,h15,2261419164830035780
p2,A,497,3,0,h15,2261419164830035780
p2,B,224,276,0,h15,2261419164830035780
p2,C,20,149,331,h15,2261419164830035780
p2,Non-ROH,500,0,0,h15,2261419164830035780
p3,A,497,3,0,h15,2261419164830035780
p3,B,270,230,0,h15,2261419164830035780
p3,C,25,105,370,h15,2261419164830035780
p3,Non-ROH,500,0,0,h15,2261419164830035780
p1,A,483,17,0,h15,2281429267005270926
p1,B,116,360,24,h15,2281429267005270926
p1,C,30,92,378,h15,2281429267005270926
p1,Non-ROH,500,0,0,h15,2281429267005270926
p2,A,500,0,0,h15,2281429267005270926
p2,B,275,225,0,h15,2281429267005270926
p2,C,40,106,354,h15,2281429267005270926
p2,Non-ROH,500,0,0,h15,2281429267005270926
p3,A,498,2,0,h15,2281429267005270926
p3,B,357,143,0,h15,2281429267005270926
p3,C,35,83,382,h15,2281429267005270926
p3,Non-ROH,500,0,0,h15,2281429267005270926
p1,A,456,44,0,h15,2293516233575230076
p1,B,81,396,23,h15,2293516233575230076
p1,C,31,95,374,h15,2293516233575230076
p1,Non-ROH,500,0,0,h15,2293516233575230076
p2,A,495,5,0,h15,2293516233575230076
p2,B,213,287,0,h15,2293516233575230076
p2,C,21,101,378,h15,2293516233575230076
p2,Non-ROH,500,0,0,h15,2293516233575230076
p3,A,493,7,0,h15,2293516233575230076
p3,B,228,272,0,h15,2293516233575230076
p3,C,19,140,341,h15,2293516233575230076
p3,Non-ROH,500,0,0,h15,2293516233575230076
p1,A,472,28,0,h15,2314944937995375762
p1,B,113,373,14,h15,2314944937995375762
p1,C,21,105,374,h15,2314944937995375762
p1,Non-ROH,500,0,0,h15,2314944937995375762
p2,A,495,5,0,h15,2314944937995375762
p2,B,235,265,0,h15,2314944937995375762
p2,C,15,155,330,h15,2314944937995375762
p2,Non-ROH,500,0,0,h15,2314944937995375762
p3,A,499,1,0,h15,2314944937995375762
p3,B,317,183,0,h15,2314944937995375762
p3,C,13,153,334,h15,2314944937995375762
p3,Non-ROH,500,0,0,h15,2314944937995375762
p1,A,461,39,0,h15,2354320943987323147
p1,B,101,382,17,h15,2354320943987323147
p1,C,37,102,361,h15,2354320943987323147
p1,Non-ROH,500,0,0,h15,2354320943987323147
p2,A,488,12,0,h15,2354320943987323147
p2,B,200,300,0,h15,2354320943987323147
p2,C,20,140,340,h15,2354320943987323147
p2,Non-ROH,500,0,0,h15,2354320943987323147
p3,A,498,2,0,h15,2354320943987323147
p3,B,264,236,0,h15,2354320943987323147
p3,C,22,94,384,h15,2354320943987323147
p3,Non-ROH,500,0,0,h15,2354320943987323147
p1,A,428,72,0,h15,2399055103854170590
p1,B,89,396,15,h15,2399055103854170590
p1,C,23,117,360,h15,2399055103854170590
p1,Non-ROH,500,0,0,h15,2399055103854170590
p2,A,493,7,0,h15,2399055103854170590
p2,B,244,256,0,h15,2399055103854170590
p2,C,21,195,284,h15,2399055103854170590
p2,Non-ROH,500,0,0,h15,2399055103854170590
p3,A,491,9,0,h15,2399055103854170590
p3,B,210,290,0,h15,2399055103854170590
p3,C,10,143,347,h15,2399055103854170590
p3,Non-ROH,500,0,0,h15,2399055103854170590
p1,A,488,12,0,h15,2400470676491406334
p1,B,137,351,12,h15,2400470676491406334
p1,C,36,87,377,h15,2400470676491406334
p1,Non-ROH,500,0,0,h15,2400470676491406334
p2,A,499,1,0,h15,2400470676491406334
p2,B,258,242,0,h15,2400470676491406334
p2,C,28,118,354,h15,2400470676491406334
p2,Non-ROH,500,0,0,h15,2400470676491406334
p3,A,500,0,0,h15,2400470676491406334
p3,B,330,170,0,h15,2400470676491406334
p3,C,23,105,372,h15,2400470676491406334
p3,Non-ROH,500,0,0,h15,2400470676491406334
p1,A,448,52,0,h15,240661707427298528
p1,B,81,397,22,h15,240661707427298528
p1,C,24,110,366,h15,240661707427298528
p1,Non-ROH,500,0,0,h15,240661707427298528
p2,A,496,4,0,h15,240661707427298528
p2,B,238,262,0,h15,240661707427298528
p2,C,12,238,250,h15,240661707427298528
p2,Non-ROH,500,0,0,h15,240661707427298528
p3,A,497,3,0,h15,240661707427298528
p3,B,247,253,0,h15,240661707427298528
p3,C,13,194,293,h15,240661707427298528
p3,Non-ROH,500,0,0,h15,240661707427298528
p1,A,485,15,0,h15,2412133785515257474
p1,B,100,389,11,h15,2412133785515257474
p1,C,32,81,387,h15,2412133785515257474
p1,Non-ROH,500,0,0,h15,2412133785515257474
p2,A,499,1,0,h15,2412133785515257474
p2,B,239,261,0,h15,2412133785515257474
p2,C,23,110,367,h15,2412133785515257474
p2,Non-ROH,500,0,0,h15,2412133785515257474
p3,A,499,1,0,h15,2412133785515257474
p3,B,310,190,0,h15,2412133785515257474
p3,C,32,89,379,h15,2412133785515257474
p3,Non-ROH,500,0,0,h15,2412133785515257474
p1,A,464,36,0,h15,2420642954329231471
p1,B,89,400,11,h15,2420642954329231471
p1,C,29,100,371,h15,2420642954329231471
p1,Non-ROH,500,0,0,h15,2420642954329231471
p2,A,495,5,0,h15,2420642954329231471
p2,B,234,266,0,h15,2420642954329231471
p2,C,54,88,358,h15,2420642954329231471
p2,Non-ROH,500,0,0,h15,2420642954329231471
p3,A,500,0,0,h15,2420642954329231471
p3,B,302,198,0,h15,2420642954329231471
p3,C,20,126,354,h15,2420642954329231471
p3,Non-ROH,500,0,0,h15,2420642954329231471
p1,A,453,47,0,h15,2425543143212438382
p1,B,107,373,20,h15,2425543143212438382
p1,C,25,99,376,h15,2425543143212438382
p1,Non-ROH,500,0,0,h15,2425543143212438382
p2,A,484,16,0,h15,2425543143212438382
p2,B,259,241,0,h15,2425543143212438382
p2,C,24,112,364,h15,2425543143212438382
p2,Non-ROH,500,0,0,h15,2425543143212438382
p3,A,488,12,0,h15,2425543143212438382
p3,B,256,244,0,h15,2425543143212438382
p3,C,16,218,266,h15,2425543143212438382
p3,Non-ROH,500,0,0,h15,2425543143212438382
p1,A,442,58,0,h15,2467741743173944502
p1,B,88,398,14,h15,2467741743173944502
p1,C,24,102,374,h15,2467741743173944502
p1,Non-ROH,500,0,0,h15,2467741743173944502
p2,A,489,11,0,h15,2467741743173944502
p2,B,196,304,0,h15,2467741743173944502
p2,C,16,159,325,h15,2467741743173944502
p2,Non-ROH,500,0,0,h15,2467741743173944502
p3,A,495,5,0,h15,2467741743173944502
p3,B,247,253,0,h15,2467741743173944502
p3,C,11,168,321,h15,2467741743173944502
p3,Non-ROH,500,0,0,h15,2467741743173944502
p1,A,471,29,0,h15,2470706090532784367
p1,B,112,375,13,h15,2470706090532784367
p1,C,20,98,382,h15,2470706090532784367
p1,Non-ROH,500,0,0,h15,2470706090532784367
p2,A,499,1,0,h15,2470706090532784367
p2,B,260,240,0,h15,2470706090532784367
p2,C,30,111,359,h15,2470706090532784367
p2,Non-ROH,500,0,0,h15,2470706090532784367
p3,A,499,1,0,h15,2470706090532784367
p3,B,292,208,0,h15,2470706090532784367
p3,C,11,116,373,h15,2470706090532784367
p3,Non-ROH,500,0,0,h15,2470706090532784367
p1,A,473,27,0,h15,2488018091933360452
p1,B,125,361,14,h15,2488018091933360452
p1,C,34,90,376,h15,2488018091933360452
p1,Non-ROH,500,0,0,h15,2488018091933360452
p2,A,494,6,0,h15,2488018091933360452
p2,B,303,197,0,h15,2488018091933360452
p2,C,21,124,355,h15,2488018091933360452
p2,Non-ROH,500,0,0,h15,2488018091933360452
p3,A,499,1,0,h15,2488018091933360452
p3,B,299,201,0,h15,2488018091933360452
p3,C,17,112,371,h15,2488018091933360452
p3,Non-ROH,500,0,0,h15,2488018091933360452
p1,A,481,19,0,h15,2496128195816062636
p1,B,139,347,14,h15,2496128195816062636
p1,C,30,99,371,h15,2496128195816062636
p1,Non-ROH,500,0,0,h15,2496128195816062636
p2,A,500,0,0,h15,2496128195816062636
p2,B,256,244,0,h15,2496128195816062636
p2,C,21,105,374,h15,2496128195816062636
p2,Non-ROH,500,0,0,h15,2496128195816062636
p3,A,499,1,0,h15,2496128195816062636
p3,B,322,178,0,h15,2496128195816062636
p3,C,26,105,369,h15,2496128195816062636
p3,Non-ROH,500,0,0,h15,2496128195816062636
p1,A,419,81,0,h15,2520941580330329933
p1,B,98,393,9,h15,2520941580330329933
p1,C,26,104,370,h15,2520941580330329933
p1,Non-ROH,500,0,0,h15,2520941580330329933
p2,A,479,21,0,h15,2520941580330329933
p2,B,198,302,0,h15,2520941580330329933
p2,C,9,134,357,h15,2520941580330329933
p2,Non-ROH,500,0,0,h15,2520941580330329933
p3,A,497,3,0,h15,2520941580330329933
p3,B,272,228,0,h15,2520941580330329933
p3,C,9,116,375,h15,2520941580330329933
p3,Non-ROH,500,0,0,h15,2520941580330329933
p1,A,456,44,0,h15,2530876043883582924
p1,B,98,389,13,h15,2530876043883582924
p1,C,27,99,374,h15,2530876043883582924
p1,Non-ROH,500,0,0,h15,2530876043883582924
p2,A,493,7,0,h15,2530876043883582924
p2,B,205,295,0,h15,2530876043883582924
p2,C,12,90,398,h15,2530876043883582924
p2,Non-ROH,500,0,0,h15,2530876043883582924
p3,A,493,7,0,h15,2530876043883582924
p3,B,262,238,0,h15,2530876043883582924
p3,C,18,110,372,h15,2530876043883582924
p3,Non-ROH,500,0,0,h15,2530876043883582924
p1,A,465,35,0,h15,2551878716700761501
p1,B,106,380,14,h15,2551878716700761501
p1,C,14,114,372,h15,2551878716700761501
p1,Non-ROH,500,0,0,h15,2551878716700761501
p2,A,494,6,0,h15,2551878716700761501
p2,B,265,235,0,h15,2551878716700761501
p2,C,22,99,379,h15,2551878716700761501
p2,Non-ROH,500,0,0,h15,2551878716700761501
p3,A,494,6,0,h15,2551878716700761501
p3,B,323,177,0,h15,2551878716700761501
p3,C,20,135,345,h15,2551878716700761501
p3,Non-ROH,500,0,0,h15,2551878716700761501
p1,A,380,120,0,h15,2560645522560305138
p1,B,74,408,18,h15,2560645522560305138
p1,C,18,85,397,h15,2560645522560305138
p1,Non-ROH,500,0,0,h15,2560645522560305138
p2,A,462,38,0,h15,2560645522560305138
p2,B,160,340,0,h15,2560645522560305138
p2,C,10,181,309,h15,2560645522560305138
p2,Non-ROH,500,0,0,h15,2560645522560305138
p3,A,483,17,0,h15,2560645522560305138
p3,B,216,284,0,h15,2560645522560305138
p3,C,16,212,272,h15,2560645522560305138
p3,Non-ROH,500,0,0,h15,2560645522560305138
p1,A,439,61,0,h15,2574054733575295619
p1,B,131,359,10,h15,2574054733575295619
p1,C,24,128,348,h15,2574054733575295619
p1,Non-ROH,500,0,0,h15,2574054733575295619
p2,A,472,28,0,h15,2574054733575295619
p2,B,188,312,0,h15,2574054733575295619
p2,C,14,119,367,h15,2574054733575295619
p2,Non-ROH,500,0,0,h15,2574054733575295619
p3,A,484,16,0,h15,2574054733575295619
p3,B,243,257,0,h15,2574054733575295619
p3,C,12,118,370,h15,2574054733575295619
p3,Non-ROH,500,0,0,h15,2574054733575295619
p1,A,480,20,0,h15,2586231447732861277
p1,B,120,373,7,h15,2586231447732861277
p1,C,24,91,385,h15,2586231447732861277
p1,Non-ROH,500,0,0,h15,2586231447732861277
p2,A,499,1,0,h15,2586231447732861277
p2,B,263,237,0,h15,2586231447732861277
p2,C,31,163,306,h15,2586231447732861277
p2,Non-ROH,500,0,0,h15,2586231447732861277
p3,A,500,0,0,h15,2586231447732861277
p3,B,278,222,0,h15,2586231447732861277
p3,C,13,163,324,h15,2586231447732861277
p3,Non-ROH,500,0,0,h15,2586231447732861277
p1,A,423,77,0,h15,2604263052401038050
p1,B,59,423,18,h15,2604263052401038050
p1,C,22,91,387,h15,2604263052401038050
p1,Non-ROH,500,0,0,h15,2604263052401038050
p2,A,484,16,0,h15,2604263052401038050
p2,B,186,314,0,h15,2604263052401038050
p2,C,20,132,348,h15,2604263052401038050
p2,Non-ROH,500,0,0,h15,2604263052401038050
p3,A,490,10,0,h15,2604263052401038050
p3,B,289,211,0,h15,2604263052401038050
p3,C,17,161,322,h15,2604263052401038050
p3,Non-ROH,500,0,0,h15,2604263052401038050
p1,A,472,28,0,h15,2638201774638269924
p1,B,85,399,16,h15,2638201774638269924
p1,C,23,99,378,h15,2638201774638269924
p1,Non-ROH,500,0,0,h15,2638201774638269924
p2,A,494,6,0,h15,2638201774638269924
p2,B,161,339,0,h15,2638201774638269924
p2,C,18,109,373,h15,2638201774638269924
p2,Non-ROH,500,0,0,h15,2638201774638269924
p3,A,500,0,0,h15,2638201774638269924
p3,B,229,271,0,h15,2638201774638269924
p3,C,10,141,349,h15,2638201774638269924
p3,Non-ROH,500,0,0,h15,2638201774638269924
p1,A,387,113,0,h15,2643904249112940996
p1,B,81,402,17,h15,2643904249112940996
p1,C,23,103,374,h15,2643904249112940996
p1,Non-ROH,500,0,0,h15,2643904249112940996
p2,A,438,62,0,h15,2643904249112940996
p2,B,195,305,0,h15,2643904249112940996
p2,C,11,111,378,h15,2643904249112940996
p2,Non-ROH,500,0,0,h15,2643904249112940996
p3,A,450,50,0,h15,2643904249112940996
p3,B,205,295,0,h15,2643904249112940996
p3,C,9,208,283,h15,2643904249112940996
p3,Non-ROH,500,0,0,h15,2643904249112940996
p1,A,465,35,0,h15,2651604928972249132
p1,B,106,373,21,h15,2651604928972249132
p1,C,31,89,380,h15,2651604928972249132
p1,Non-ROH,500,0,0,h15,2651604928972249132
p2,A,497,3,0,h15,2651604928972249132
p2,B,239,261,0,h15,2651604928972249132
p2,C,20,143,337,h15,2651604928972249132
p2,Non-ROH,500,0,0,h15,2651604928972249132
p3,A,500,0,0,h15,2651604928972249132
p3,B,288,212,0,h15,2651604928972249132
p3,C,16,106,378,h15,2651604928972249132
p3,Non-ROH,500,0,0,h15,2651604928972249132
p1,A,467,33,0,h15,2658321031695449187
p1,B,88,398,14,h15,2658321031695449187
p1,C,27,102,371,h15,2658321031695449187
p1,Non-ROH,500,0,0,h15,2658321031695449187
p2,A,495,5,0,h15,2658321031695449187
p2,B,212,288,0,h15,2658321031695449187
p2,C,12,139,349,h15,2658321031695449187
p2,Non-ROH,500,0,0,h15,2658321031695449187
p3,A,498,2,0,h15,2658321031695449187
p3,B,329,171,0,h15,2658321031695449187
p3,C,16,108,376,h15,2658321031695449187
p3,Non-ROH,500,0,0,h15,2658321031695449187
p1,A,444,56,0,h15,2658422720204589086
p1,B,102,386,12,h15,2658422720204589086
p1,C,60,69,371,h15,2658422720204589086
p1,Non-ROH,500,0,0,h15,2658422720204589086
p2,A,500,0,0,h15,2658422720204589086
p2,B,292,208,0,h15,2658422720204589086
p2,C,49,58,393,h15,2658422720204589086
p2,Non-ROH,500,0,0,h15,2658422720204589086
p3,A,498,2,0,h15,2658422720204589086
p3,B,307,193,0,h15,2658422720204589086
p3,C,89,57,354,h15,2658422720204589086
p3,Non-ROH,500,0,0,h15,2658422720204589086
p1,A,433,67,0,h15,2671709687059240233
p1,B,83,399,18,h15,2671709687059240233
p1,C,23,117,360,h15,2671709687059240233
p1,Non-ROH,500,0,0,h15,2671709687059240233
p2,A,494,6,0,h15,2671709687059240233
p2,B,157,343,0,h15,2671709687059240233
p2,C,20,133,347,h15,2671709687059240233
p2,Non-ROH,500,0,0,h15,2671709687059240233
p3,A,495,5,0,h15,2671709687059240233
p3,B,222,278,0,h15,2671709687059240233
p3,C,12,138,350,h15,2671709687059240233
p3,Non-ROH,500,0,0,h15,2671709687059240233
p1,A,437,63,0,h15,2695667693965801473
p1,B,109,378,13,h15,2695667693965801473
p1,C,28,103,369,h15,2695667693965801473
p1,Non-ROH,500,0,0,h15,2695667693965801473
p2,A,492,8,0,h15,2695667693965801473
p2,B,230,270,0,h15,2695667693965801473
p2,C,19,83,398,h15,2695667693965801473
p2,Non-ROH,500,0,0,h15,2695667693965801473
p3,A,498,2,0,h15,2695667693965801473
p3,B,267,233,0,h15,2695667693965801473
p3,C,18,82,400,h15,2695667693965801473
p3,Non-ROH,500,0,0,h15,2695667693965801473
p1,A,447,53,0,h15,2711325550101517780
p1,B,123,364,13,h15,2711325550101517780
p1,C,21,107,372,h15,2711325550101517780
p1,Non-ROH,500,0,0,h15,2711325550101517780
p2,A,488,12,0,h15,2711325550101517780
p2,B,267,233,0,h15,2711325550101517780
p2,C,21,143,336,h15,2711325550101517780
p2,Non-ROH,500,0,0,h15,2711325550101517780
p3,A,488,12,0,h15,2711325550101517780
p3,B,308,192,0,h15,2711325550101517780
p3,C,19,120,361,h15,2711325550101517780
p3,Non-ROH,500,0,0,h15,2711325550101517780
p1,A,402,98,0,h15,2712007108831705026
p1,B,73,413,14,h15,2712007108831705026
p1,C,12,104,384,h15,2712007108831705026
p1,Non-ROH,500,0,0,h15,2712007108831705026
p2,A,485,15,0,h15,2712007108831705026
p2,B,185,315,0,h15,2712007108831705026
p2,C,25,149,326,h15,2712007108831705026
p2,Non-ROH,500,0,0,h15,2712007108831705026
p3,A,490,10,0,h15,2712007108831705026
p3,B,236,264,0,h15,2712007108831705026
p3,C,20,119,361,h15,2712007108831705026
p3,Non-ROH,500,0,0,h15,2712007108831705026
p1,A,463,37,0,h15,2720881111027535770
p1,B,90,389,21,h15,2720881111027535770
p1,C,22,111,367,h15,2720881111027535770
p1,Non-ROH,500,0,0,h15,2720881111027535770
p2,A,494,6,0,h15,2720881111027535770
p2,B,225,275,0,h15,2720881111027535770
p2,C,23,159,318,h15,2720881111027535770
p2,Non-ROH,500,0,0,h15,2720881111027535770
p3,A,495,5,0,h15,2720881111027535770
p3,B,291,209,0,h15,2720881111027535770
p3,C,16,107,377,h15,2720881111027535770
p3,Non-ROH,500,0,0,h15,2720881111027535770
p1,A,457,43,0,h15,2734882890488091491
p1,B,108,372,20,h15,2734882890488091491
p1,C,40,89,371,h15,2734882890488091491
p1,Non-ROH,500,0,0,h15,2734882890488091491
p2,A,496,4,0,h15,2734882890488091491
p2,B,232,268,0,h15,2734882890488091491
p2,C,25,117,358,h15,2734882890488091491
p2,Non-ROH,500,0,0,h15,2734882890488091491
p3,A,496,4,0,h15,2734882890488091491
p3,B,301,199,0,h15,2734882890488091491
p3,C,15,151,334,h15,2734882890488091491
p3,Non-ROH,500,0,0,h15,2734882890488091491
p1,A,413,87,0,h15,274105608504939076
p1,B,106,382,12,h15,274105608504939076
p1,C,25,95,380,h15,274105608504939076
p1,Non-ROH,500,0,0,h15,274105608504939076
p2,A,490,10,0,h15,274105608504939076
p2,B,248,252,0,h15,274105608504939076
p2,C,18,94,388,h15,274105608504939076
p2,Non-ROH,500,0,0,h15,274105608504939076
p3,A,492,8,0,h15,274105608504939076
p3,B,255,245,0,h15,274105608504939076
p3,C,10,182,308,h15,274105608504939076
p3,Non-ROH,500,0,0,h15,274105608504939076
p1,A,456,44,0,h15,2758679588510609392
p1,B,83,401,16,h15,2758679588510609392
p1,C,26,108,366,h15,2758679588510609392
p1,Non-ROH,500,0,0,h15,2758679588510609392
p2,A,495,5,0,h15,2758679588510609392
p2,B,214,286,0,h15,2758679588510609392
p2,C,17,94,389,h15,2758679588510609392
p2,Non-ROH,500,0,0,h15,2758679588510609392
p3,A,499,1,0,h15,2758679588510609392
p3,B,287,213,0,h15,2758679588510609392
p3,C,7,101,392,h15,2758679588510609392
p3,Non-ROH,500,0,0,h15,2758679588510609392
p1,A,439,61,0,h15,2776627699360820792
p1,B,85,402,13,h15,2776627699360820792
p1,C,32,103,365,h15,2776627699360820792
p1,Non-ROH,500,0,0,h15,2776627699360820792
p2,A,497,3,0,h15,2776627699360820792
p2,B,199,301,0,h15,2776627699360820792
p2,C,18,147,335,h15,2776627699360820792
p2,Non-ROH,500,0,0,h15,2776627699360820792
p3,A,494,6,0,h15,2776627699360820792
p3,B,256,244,0,h15,2776627699360820792
p3,C,22,145,333,h15,2776627699360820792
p3,Non-ROH,500,0,0,h15,2776627699360820792
p1,A,455,45,0,h15,2781101503616177205
p1,B,98,390,12,h15,2781101503616177205
p1,C,32,112,356,h15,2781101503616177205
p1,Non-ROH,500,0,0,h15,2781101503616177205
p2,A,476,24,0,h15,2781101503616177205
p2,B,219,281,0,h15,2781101503616177205
p2,C,19,187,294,h15,2781101503616177205
p2,Non-ROH,500,0,0,h15,2781101503616177205
p3,A,483,17,0,h15,2781101503616177205
p3,B,260,240,0,h15,2781101503616177205
p3,C,26,123,351,h15,2781101503616177205
p3,Non-ROH,500,0,0,h15,2781101503616177205
p1,A,435,65,0,h15,2800136311388728557
p1,B,90,397,13,h15,2800136311388728557
p1,C,37,90,373,h15,2800136311388728557
p1,Non-ROH,500,0,0,h15,2800136311388728557
p2,A,489,11,0,h15,2800136311388728557
p2,B,249,251,0,h15,2800136311388728557
p2,C,14,97,389,h15,2800136311388728557
p2,Non-ROH,500,0,0,h15,2800136311388728557
p3,A,496,4,0,h15,2800136311388728557
p3,B,276,224,0,h15,2800136311388728557
p3,C,13,102,385,h15,2800136311388728557
p3,Non-ROH,500,0,0,h15,2800136311388728557
p1,A,467,32,1,h15,2804196409984269811
p1,B,104,377,19,h15,2804196409984269811
p1,C,29,114,357,h15,2804196409984269811
p1,Non-ROH,499,0,0,h15,2804196409984269811
p2,A,491,9,0,h15,2804196409984269811
p2,B,255,245,0,h15,2804196409984269811
p2,C,31,163,306,h15,2804196409984269811
p2,Non-ROH,500,0,0,h15,2804196409984269811
p3,A,497,3,0,h15,2804196409984269811
p3,B,273,227,0,h15,2804196409984269811
p3,C,22,150,328,h15,2804196409984269811
p3,Non-ROH,500,0,0,h15,2804196409984269811
p1,A,460,40,0,h15,2811473585925759492
p1,B,90,397,13,h15,2811473585925759492
p1,C,25,121,354,h15,2811473585925759492
p1,Non-ROH,500,0,0,h15,2811473585925759492
p2,A,496,4,0,h15,2811473585925759492
p2,B,230,270,0,h15,2811473585925759492
p2,C,17,118,365,h15,2811473585925759492
p2,Non-ROH,500,0,0,h15,2811473585925759492
p3,A,498,2,0,h15,2811473585925759492
p3,B,246,254,0,h15,2811473585925759492
p3,C,6,116,378,h15,2811473585925759492
p3,Non-ROH,500,0,0,h15,2811473585925759492
p1,A,431,69,0,h15,2812090298604040356
p1,B,76,411,13,h15,2812090298604040356
p1,C,28,116,356,h15,2812090298604040356
p1,Non-ROH,500,0,0,h15,2812090298604040356
p2,A,458,42,0,h15,2812090298604040356
p2,B,176,324,0,h15,2812090298604040356
p2,C,16,136,348,h15,2812090298604040356
p2,Non-ROH,500,0,0,h15,2812090298604040356
p3,A,493,7,0,h15,2812090298604040356
p3,B,197,303,0,h15,2812090298604040356
p3,C,10,149,341,h15,2812090298604040356
p3,Non-ROH,500,0,0,h15,2812090298604040356
p1,A,381,119,0,h15,2817534442773565608
p1,B,58,432,10,h15,2817534442773565608
p1,C,13,110,377,h15,2817534442773565608
p1,Non-ROH,500,0,0,h15,2817534442773565608
p2,A,472,28,0,h15,2817534442773565608
p2,B,147,352,1,h15,2817534442773565608
p2,C,8,184,308,h15,2817534442773565608
p2,Non-ROH,500,0,0,h15,2817534442773565608
p3,A,484,16,0,h15,2817534442773565608
p3,B,224,276,0,h15,2817534442773565608
p3,C,18,182,300,h15,2817534442773565608
p3,Non-ROH,500,0,0,h15,2817534442773565608
p1,A,424,76,0,h15,2822224736973749304
p1,B,95,387,18,h15,2822224736973749304
p1,C,21,87,392,h15,2822224736973749304
p1,Non-ROH,500,0,0,h15,2822224736973749304
p2,A,490,10,0,h15,2822224736973749304
p2,B,211,289,0,h15,2822224736973749304
p2,C,26,112,362,h15,2822224736973749304
p2,Non-ROH,500,0,0,h15,2822224736973749304
p3,A,498,2,0,h15,2822224736973749304
p3,B,259,241,0,h15,2822224736973749304
p3,C,11,116,373,h15,2822224736973749304
p3,Non-ROH,500,0,0,h15,2822224736973749304
p1,A,395,105,0,h15,2828590215704198699
p1,B,78,411,11,h15,2828590215704198699
p1,C,32,104,364,h15,2828590215704198699
p1,Non-ROH,500,0,0,h15,2828590215704198699
p2,A,482,18,0,h15,2828590215704198699
p2,B,196,304,0,h15,2828590215704198699
p2,C,21,114,365,h15,2828590215704198699
p2,Non-ROH,500,0,0,h15,2828590215704198699
p3,A,486,14,0,h15,2828590215704198699
p3,B,264,236,0,h15,2828590215704198699
p3,C,22,147,331,h15,2828590215704198699
p3,Non-ROH,500,0,0,h15,2828590215704198699
p1,A,450,50,0,h15,2847205522958870302
p1,B,79,411,10,h15,2847205522958870302
p1,C,22,104,374,h15,2847205522958870302
p1,Non-ROH,500,0,0,h15,2847205522958870302
p2,A,495,5,0,h15,2847205522958870302
p2,B,214,286,0,h15,2847205522958870302
p2,C,6,155,339,h15,2847205522958870302
p2,Non-ROH,500,0,0,h15,2847205522958870302
p3,A,497,3,0,h15,2847205522958870302
p3,B,246,254,0,h15,2847205522958870302
p3,C,8,215,277,h15,2847205522958870302
p3,Non-ROH,500,0,0,h15,2847205522958870302
p1,A,412,88,0,h15,2863108921777469219
p1,B,57,427,16,h15,2863108921777469219
p1,C,22,120,358,h15,2863108921777469219
p1,Non-ROH,500,0,0,h15,2863108921777469219
p2,A,475,25,0,h15,2863108921777469219
p2,B,187,313,0,h15,2863108921777469219
p2,C,14,170,316,h15,2863108921777469219
p2,Non-ROH,500,0,0,h15,2863108921777469219
p3,A,487,13,0,h15,2863108921777469219
p3,B,268,232,0,h15,2863108921777469219
p3,C,13,174,313,h15,2863108921777469219
p3,Non-ROH,500,0,0,h15,2863108921777469219
p1,A,468,32,0,h15,2893599208837345034
p1,B,83,402,15,h15,2893599208837345034
p1,C,32,91,377,h15,2893599208837345034
p1,Non-ROH,500,0,0,h15,2893599208837345034
p2,A,496,4,0,h15,2893599208837345034
p2,B,233,267,0,h15,2893599208837345034
p2,C,16,95,389,h15,2893599208837345034
p2,Non-ROH,500,0,0,h15,2893599208837345034
p3,A,493,7,0,h15,2893599208837345034
p3,B,294,206,0,h15,2893599208837345034
p3,C,11,124,365,h15,2893599208837345034
p3,Non-ROH,500,0,0,h15,2893599208837345034
p1,A,464,36,0,h15,2902195844645575108
p1,B,94,390,16,h15,2902195844645575108
p1,C,21,115,364,h15,2902195844645575108
p1,Non-ROH,500,0,0,h15,2902195844645575108
p2,A,489,11,0,h15,2902195844645575108
p2,B,202,298,0,h15,2902195844645575108
p2,C,15,99,386,h15,2902195844645575108
p2,Non-ROH,500,0,0,h15,2902195844645575108
p3,A,495,5,0,h15,2902195844645575108
p3,B,245,255,0,h15,2902195844645575108
p3,C,12,124,364,h15,2902195844645575108
p3,Non-ROH,500,0,0,h15,2902195844645575108
p1,A,432,68,0,h15,290686619090390620
p1,B,90,396,14,h15,290686619090390620
p1,C,36,98,366,h15,290686619090390620
p1,Non-ROH,500,0,0,h15,290686619090390620
p2,A,486,14,0,h15,290686619090390620
p2,B,231,269,0,h15,290686619090390620
p2,C,17,95,388,h15,290686619090390620
p2,Non-ROH,500,0,0,h15,290686619090390620
p3,A,497,3,0,h15,290686619090390620
p3,B,259,241,0,h15,290686619090390620
p3,C,23,97,380,h15,290686619090390620
p3,Non-ROH,500,0,0,h15,290686619090390620
p1,A,453,47,0,h15,2908185655741705158
p1,B,95,389,16,h15,2908185655741705158
p1,C,26,94,380,h15,2908185655741705158
p1,Non-ROH,500,0,0,h15,2908185655741705158
p2,A,494,6,0,h15,2908185655741705158
p2,B,219,281,0,h15,2908185655741705158
p2,C,11,98,391,h15,2908185655741705158
p2,Non-ROH,500,0,0,h15,2908185655741705158
p3,A,499,1,0,h15,2908185655741705158
p3,B,278,222,0,h15,2908185655741705158
p3,C,17,147,336,h15,2908185655741705158
p3,Non-ROH,500,0,0,h15,2908185655741705158
p1,A,419,81,0,h15,2928617076118517724
p1,B,77,402,21,h15,2928617076118517724
p1,C,17,110,373,h15,2928617076118517724
p1,Non-ROH,500,0,0,h15,2928617076118517724
p2,A,479,21,0,h15,2928617076118517724
p2,B,164,336,0,h15,2928617076118517724
p2,C,17,118,365,h15,2928617076118517724
p2,Non-ROH,500,0,0,h15,2928617076118517724
p3,A,487,13,0,h15,2928617076118517724
p3,B,241,259,0,h15,2928617076118517724
p3,C,10,123,367,h15,2928617076118517724
p3,Non-ROH,500,0,0,h15,2928617076118517724
p1,A,469,31,0,h15,2960987145517736456
p1,B,106,372,22,h15,2960987145517736456
p1,C,34,96,370,h15,2960987145517736456
p1,Non-ROH,500,0,0,h15,2960987145517736456
p2,A,493,7,0,h15,2960987145517736456
p2,B,260,240,0,h15,2960987145517736456
p2,C,22,107,371,h15,2960987145517736456
p2,Non-ROH,500,0,0,h15,2960987145517736456
p3,A,500,0,0,h15,2960987145517736456
p3,B,328,172,0,h15,2960987145517736456
p3,C,21,148,331,h15,2960987145517736456
p3,Non-ROH,500,0,0,h15,2960987145517736456
p1,A,441,59,0,h15,2964755776393380304
p1,B,83,395,22,h15,2964755776393380304
p1,C,20,117,363,h15,2964755776393380304
p1,Non-ROH,500,0,0,h15,2964755776393380304
p2,A,489,11,0,h15,2964755776393380304
p2,B,212,288,0,h15,2964755776393380304
p2,C,22,114,364,h15,2964755776393380304
p2,Non-ROH,500,0,0,h15,2964755776393380304
p3,A,481,19,0,h15,2964755776393380304
p3,B,244,256,0,h15,2964755776393380304
p3,C,4,137,359,h15,2964755776393380304
p3,Non-ROH,500,0,0,h15,2964755776393380304
p1,A,334,166,0,h15,2964850906719704677
p1,B,40,443,17,h15,2964850906719704677
p1,C,8,108,384,h15,2964850906719704677
p1,Non-ROH,500,0,0,h15,2964850906719704677
p2,A,398,102,0,h15,2964850906719704677
p2,B,125,375,0,h15,2964850906719704677
p2,C,5,118,377,h15,2964850906719704677
p2,Non-ROH,500,0,0,h15,2964850906719704677
p3,A,460,40,0,h15,2964850906719704677
p3,B,213,287,0,h15,2964850906719704677
p3,C,16,175,309,h15,2964850906719704677
p3,Non-ROH,500,0,0,h15,2964850906719704677
p1,A,468,32,0,h15,3016438816056710144
p1,B,110,379,11,h15,3016438816056710144
p1,C,25,115,360,h15,3016438816056710144
p1,Non-ROH,500,0,0,h15,3016438816056710144
p2,A,492,8,0,h15,3016438816056710144
p2,B,264,236,0,h15,3016438816056710144
p2,C,23,128,349,h15,3016438816056710144
p2,Non-ROH,500,0,0,h15,3016438816056710144
p3,A,497,3,0,h15,3016438816056710144
p3,B,353,147,0,h15,3016438816056710144
p3,C,18,113,369,h15,3016438816056710144
p3,Non-ROH,500,0,0,h15,3016438816056710144
p1,A,474,26,0,h15,3035241902047202635
p1,B,146,337,17,h15,3035241902047202635
p1,C,37,102,361,h15,3035241902047202635
p1,Non-ROH,500,0,0,h15,3035241902047202635
p2,A,499,1,0,h15,3035241902047202635
p2,B,301,199,0,h15,3035241902047202635
p2,C,15,103,382,h15,3035241902047202635
p2,Non-ROH,500,0,0,h15,3035241902047202635
p3,A,500,0,0,h15,3035241902047202635
p3,B,350,150,0,h15,3035241902047202635
p3,C,18,131,351,h15,3035241902047202635
p3,Non-ROH,500,0,0,h15,3035241902047202635
p1,A,479,21,0,h15,3043293454152467714
p1,B,112,377,11,h15,3043293454152467714
p1,C,35,93,372,h15,3043293454152467714
p1,Non-ROH,500,0,0,h15,3043293454152467714
p2,A,500,0,0,h15,3043293454152467714
p2,B,267,233,0,h15,3043293454152467714
p2,C,17,116,367,h15,3043293454152467714
p2,Non-ROH,500,0,0,h15,3043293454152467714
p3,A,500,0,0,h15,3043293454152467714
p3,B,335,165,0,h15,3043293454152467714
p3,C,25,201,274,h15,3043293454152467714
p3,Non-ROH,500,0,0,h15,3043293454152467714
p1,A,452,48,0,h15,3078297941584403420
p1,B,85,400,15,h15,3078297941584403420
p1,C,20,108,372,h15,3078297941584403420
p1,Non-ROH,500,0,0,h15,3078297941584403420
p2,A,492,8,0,h15,3078297941584403420
p2,B,226,274,0,h15,3078297941584403420
p2,C,18,120,362,h15,3078297941584403420
p2,Non-ROH,500,0,0,h15,3078297941584403420
p3,A,482,18,0,h15,3078297941584403420
p3,B,294,206,0,h15,3078297941584403420
p3,C,9,147,344,h15,3078297941584403420
p3,Non-ROH,500,0,0,h15,3078297941584403420
p1,A,441,59,0,h15,3090648770512903875
p1,B,90,393,17,h15,3090648770512903875
p1,C,26,111,363,h15,3090648770512903875
p1,Non-ROH,500,0,0,h15,3090648770512903875
p2,A,495,5,0,h15,3090648770512903875
p2,B,211,289,0,h15,3090648770512903875
p2,C,18,128,354,h15,3090648770512903875
p2,Non-ROH,500,0,0,h15,3090648770512903875
p3,A,476,24,0,h15,3090648770512903875
p3,B,277,223,0,h15,3090648770512903875
p3,C,11,118,371,h15,3090648770512903875
p3,Non-ROH,500,0,0,h15,3090648770512903875
p1,A,459,41,0,h15,3099974262583652182
p1,B,131,355,14,h15,3099974262583652182
p1,C,19,93,388,h15,3099974262583652182
p1,Non-ROH,500,0,0,h15,3099974262583652182
p2,A,498,2,0,h15,3099974262583652182
p2,B,255,245,0,h15,3099974262583652182
p2,C,13,168,319,h15,3099974262583652182
p2,Non-ROH,500,0,0,h15,3099974262583652182
p3,A,496,4,0,h15,3099974262583652182
p3,B,278,222,0,h15,3099974262583652182
p3,C,15,96,389,h15,3099974262583652182
p3,Non-ROH,500,0,0,h15,3099974262583652182
p1,A,465,35,0,h15,310724024484865085
p1,B,111,372,17,h15,310724024484865085
p1,C,72,81,347,h15,310724024484865085
p1,Non-ROH,500,0,0,h15,310724024484865085
p2,A,489,11,0,h15,310724024484865085
p2,B,257,243,0,h15,310724024484865085
p2,C,83,52,365,h15,310724024484865085
p2,Non-ROH,500,0,0,h15,310724024484865085
p3,A,498,2,0,h15,310724024484865085
p3,B,248,252,0,h15,310724024484865085
p3,C,92,49,359,h15,310724024484865085
p3,Non-ROH,500,0,0,h15,310724024484865085
p1,A,436,64,0,h15,3130738727347636717
p1,B,105,381,14,h15,3130738727347636717
p1,C,30,94,376,h15,3130738727347636717
p1,Non-ROH,500,0,0,h15,3130738727347636717
p2,A,492,8,0,h15,3130738727347636717
p2,B,219,281,0,h15,3130738727347636717
p2,C,25,160,315,h15,3130738727347636717
p2,Non-ROH,500,0,0,h15,3130738727347636717
p3,A,497,3,0,h15,3130738727347636717
p3,B,253,247,0,h15,3130738727347636717
p3,C,25,100,375,h15,3130738727347636717
p3,Non-ROH,500,0,0,h15,3130738727347636717
p1,A,475,25,0,h15,3163037160838944437
p1,B,105,373,22,h15,3163037160838944437
p1,C,31,98,371,h15,3163037160838944437
p1,Non-ROH,500,0,0,h15,3163037160838944437
p2,A,498,2,0,h15,3163037160838944437
p2,B,253,247,0,h15,3163037160838944437
p2,C,19,113,368,h15,3163037160838944437
p2,Non-ROH,500,0,0,h15,3163037160838944437
p3,A,500,0,0,h15,3163037160838944437
p3,B,300,200,0,h15,3163037160838944437
p3,C,16,147,337,h15,3163037160838944437
p3,Non-ROH,500,0,0,h15,3163037160838944437
p1,A,455,45,0,h15,3184397707861920724
p1,B,136,355,9,h15,3184397707861920724
p1,C,32,96,372,h15,3184397707861920724
p1,Non-ROH,500,0,0,h15,3184397707861920724
p2,A,500,0,0,h15,3184397707861920724
p2,B,275,225,0,h15,3184397707861920724
p2,C,27,88,385,h15,3184397707861920724
p2,Non-ROH,500,0,0,h15,3184397707861920724
p3,A,499,1,0,h15,3184397707861920724
p3,B,322,178,0,h15,3184397707861920724
p3,C,25,116,359,h15,3184397707861920724
p3,Non-ROH,500,0,0,h15,3184397707861920724
p1,A,419,81,0,h15,3185558667242114064
p1,B,82,404,14,h15,3185558667242114064
p1,C,35,99,366,h15,3185558667242114064
p1,Non-ROH,500,0,0,h15,3185558667242114064
p2,A,493,7,0,h15,3185558667242114064
p2,B,164,336,0,h15,3185558667242114064
p2,C,15,131,354,h15,3185558667242114064
p2,Non-ROH,500,0,0,h15,3185558667242114064
p3,A,498,2,0,h15,3185558667242114064
p3,B,256,244,0,h15,3185558667242114064
p3,C,9,130,361,h15,3185558667242114064
p3,Non-ROH,500,0,0,h15,3185558667242114064
p1,A,448,52,0,h15,3185828032393094515
p1,B,98,384,18,h15,3185828032393094515
p1,C,30,104,366,h15,3185828032393094515
p1,Non-ROH,500,0,0,h15,3185828032393094515
p2,A,491,9,0,h15,3185828032393094515
p2,B,179,321,0,h15,3185828032393094515
p2,C,20,106,374,h15,3185828032393094515
p2,Non-ROH,500,0,0,h15,3185828032393094515
p3,A,497,3,0,h15,3185828032393094515
p3,B,254,246,0,h15,3185828032393094515
p3,C,25,110,365,h15,3185828032393094515
p3,Non-ROH,500,0,0,h15,3185828032393094515
p1,A,462,38,0,h15,3210465511460890309
p1,B,76,398,26,h15,3210465511460890309
p1,C,30,91,379,h15,3210465511460890309
p1,Non-ROH,500,0,0,h15,3210465511460890309
p2,A,497,3,0,h15,3210465511460890309
p2,B,215,285,0,h15,3210465511460890309
p2,C,20,135,345,h15,3210465511460890309
p2,Non-ROH,500,0,0,h15,3210465511460890309
p3,A,500,0,0,h15,3210465511460890309
p3,B,285,215,0,h15,3210465511460890309
p3,C,17,164,319,h15,3210465511460890309
p3,Non-ROH,500,0,0,h15,3210465511460890309
p1,A,428,72,0,h15,3210593662589872418
p1,B,112,371,17,h15,3210593662589872418
p1,C,18,106,376,h15,3210593662589872418
p1,Non-ROH,500,0,0,h15,3210593662589872418
p2,A,492,8,0,h15,3210593662589872418
p2,B,175,325,0,h15,3210593662589872418
p2,C,26,131,343,h15,3210593662589872418
p2,Non-ROH,500,0,0,h15,3210593662589872418
p3,A,481,19,0,h15,3210593662589872418
p3,B,231,269,0,h15,3210593662589872418
p3,C,22,137,341,h15,3210593662589872418
p3,Non-ROH,500,0,0,h15,3210593662589872418
p1,A,484,16,0,h15,3229084381084250086
p1,B,128,359,13,h15,3229084381084250086
p1,C,31,132,337,h15,3229084381084250086
p1,Non-ROH,500,0,0,h15,3229084381084250086
p2,A,499,1,0,h15,3229084381084250086
p2,B,234,266,0,h15,3229084381084250086
p2,C,21,99,380,h15,3229084381084250086
p2,Non-ROH,500,0,0,h15,3229084381084250086
p3,A,498,2,0,h15,3229084381084250086
p3,B,314,186,0,h15,3229084381084250086
p3,C,15,126,359,h15,3229084381084250086
p3,Non-ROH,500,0,0,h15,3229084381084250086
p1,A,436,64,0,h15,3269154127785763226
p1,B,67,416,17,h15,3269154127785763226
p1,C,21,99,380,h15,3269154127785763226
p1,Non-ROH,500,0,0,h15,3269154127785763226
p2,A,479,21,0,h15,3269154127785763226
p2,B,143,357,0,h15,3269154127785763226
p2,C,16,97,387,h15,3269154127785763226
p2,Non-ROH,500,0,0,h15,3269154127785763226
p3,A,486,14,0,h15,3269154127785763226
p3,B,175,325,0,h15,3269154127785763226
p3,C,11,125,364,h15,3269154127785763226
p3,Non-ROH,500,0,0,h15,3269154127785763226
p1,A,455,45,0,h15,3273519525761798471
p1,B,77,407,16,h15,3273519525761798471
p1,C,27,107,366,h15,3273519525761798471
p1,Non-ROH,500,0,0,h15,3273519525761798471
p2,A,497,3,0,h15,3273519525761798471
p2,B,187,311,2,h15,3273519525761798471
p2,C,12,95,393,h15,3273519525761798471
p2,Non-ROH,500,0,0,h15,3273519525761798471
p3,A,498,2,0,h15,3273519525761798471
p3,B,223,277,0,h15,3273519525761798471
p3,C,19,192,289,h15,3273519525761798471
p3,Non-ROH,500,0,0,h15,3273519525761798471
p1,A,446,54,0,h15,327374201998611945
p1,B,129,358,13,h15,327374201998611945
p1,C,35,87,378,h15,327374201998611945
p1,Non-ROH,500,0,0,h15,327374201998611945
p2,A,497,3,0,h15,327374201998611945
p2,B,310,190,0,h15,327374201998611945
p2,C,30,108,362,h15,327374201998611945
p2,Non-ROH,500,0,0,h15,327374201998611945
p3,A,499,1,0,h15,327374201998611945
p3,B,343,157,0,h15,327374201998611945
p3,C,28,142,330,h15,327374201998611945
p3,Non-ROH,500,0,0,h15,327374201998611945
p1,A,420,80,0,h15,3287578407771284395
p1,B,77,402,21,h15,3287578407771284395
p1,C,23,125,352,h15,3287578407771284395
p1,Non-ROH,500,0,0,h15,3287578407771284395
p2,A,493,7,0,h15,3287578407771284395
p2,B,186,314,0,h15,3287578407771284395
p2,C,14,151,335,h15,3287578407771284395
p2,Non-ROH,500,0,0,h15,3287578407771284395
p3,A,488,12,0,h15,3287578407771284395
p3,B,223,277,0,h15,3287578407771284395
p3,C,7,106,387,h15,3287578407771284395
p3,Non-ROH,500,0,0,h15,3287578407771284395
p1,A,447,53,0,h15,3307057665339367362
p1,B,92,391,17,h15,3307057665339367362
p1,C,24,85,391,h15,3307057665339367362
p1,Non-ROH,500,0,0,h15,3307057665339367362
p2,A,493,7,0,h15,3307057665339367362
p2,B,234,266,0,h15,3307057665339367362
p2,C,13,140,347,h15,3307057665339367362
p2,Non-ROH,500,0,0,h15,3307057665339367362
p3,A,497,3,0,h15,3307057665339367362
p3,B,267,233,0,h15,3307057665339367362
p3,C,17,106,377,h15,3307057665339367362
p3,Non-ROH,500,0,0,h15,3307057665339367362
p1,A,465,35,0,h15,3312670969703424243
p1,B,126,364,10,h15,3312670969703424243
p1,C,23,132,345,h15,3312670969703424243
p1,Non-ROH,500,0,0,h15,3312670969703424243
p2,A,500,0,0,h15,3312670969703424243
p2,B,261,239,0,h15,3312670969703424243
p2,C,23,107,370,h15,3312670969703424243
p2,Non-ROH,500,0,0,h15,3312670969703424243
p3,A,500,0,0,h15,3312670969703424243
p3,B,305,195,0,h15,3312670969703424243
p3,C,18,137,345,h15,3312670969703424243
p3,Non-ROH,500,0,0,h15,3312670969703424243
p1,A,449,51,0,h15,3340500241406418966
p1,B,78,412,10,h15,3340500241406418966
p1,C,27,106,367,h15,3340500241406418966
p1,Non-ROH,500,0,0,h15,3340500241406418966
p2,A,497,3,0,h15,3340500241406418966
p2,B,195,305,0,h15,3340500241406418966
p2,C,17,121,362,h15,3340500241406418966
p2,Non-ROH,500,0,0,h15,3340500241406418966
p3,A,496,4,0,h15,3340500241406418966
p3,B,277,223,0,h15,3340500241406418966
p3,C,10,103,387,h15,3340500241406418966
p3,Non-ROH,500,0,0,h15,3340500241406418966
p1,A,446,54,0,h15,3366207165799477625
p1,B,106,381,13,h15,3366207165799477625
p1,C,20,85,395,h15,3366207165799477625
p1,Non-ROH,500,0,0,h15,3366207165799477625
p2,A,493,7,0,h15,3366207165799477625
p2,B,221,279,0,h15,3366207165799477625
p2,C,19,101,380,h15,3366207165799477625
p2,Non-ROH,500,0,0,h15,3366207165799477625
p3,A,497,3,0,h15,3366207165799477625
p3,B,261,239,0,h15,3366207165799477625
p3,C,20,130,350,h15,3366207165799477625
p3,Non-ROH,500,0,0,h15,3366207165799477625
p1,A,425,75,0,h15,3390192299247848860
p1,B,79,408,13,h15,3390192299247848860
p1,C,20,109,371,h15,3390192299247848860
p1,Non-ROH,500,0,0,h15,3390192299247848860
p2,A,483,17,0,h15,3390192299247848860
p2,B,182,318,0,h15,3390192299247848860
p2,C,13,148,339,h15,3390192299247848860
p2,Non-ROH,500,0,0,h15,3390192299247848860
p3,A,480,20,0,h15,3390192299247848860
p3,B,210,290,0,h15,3390192299247848860
p3,C,8,164,328,h15,3390192299247848860
p3,Non-ROH,500,0,0,h15,3390192299247848860
p1,A,332,168,0,h15,3390259435413110861
p1,B,108,380,12,h15,3390259435413110861
p1,C,32,85,383,h15,3390259435413110861
p1,Non-ROH,500,0,0,h15,3390259435413110861
p2,A,461,39,0,h15,3390259435413110861
p2,B,254,246,0,h15,3390259435413110861
p2,C,19,115,366,h15,3390259435413110861
p2,Non-ROH,500,0,0,h15,3390259435413110861
p3,A,480,20,0,h15,3390259435413110861
p3,B,288,212,0,h15,3390259435413110861
p3,C,19,153,328,h15,3390259435413110861
p3,Non-ROH,500,0,0,h15,3390259435413110861
p1,A,433,67,0,h15,3393781634093874376
p1,B,69,410,21,h15,3393781634093874376
p1,C,31,101,368,h15,3393781634093874376
p1,Non-ROH,500,0,0,h15,3393781634093874376
p2,A,493,7,0,h15,3393781634093874376
p2,B,181,319,0,h15,3393781634093874376
p2,C,29,128,343,h15,3393781634093874376
p2,Non-ROH,500,0,0,h15,3393781634093874376
p3,A,488,12,0,h15,3393781634093874376
p3,B,238,261,1,h15,3393781634093874376
p3,C,16,247,237,h15,3393781634093874376
p3,Non-ROH,500,0,0,h15,3393781634093874376
p1,A,429,71,0,h15,3417960183250057610
p1,B,99,377,24,h15,3417960183250057610
p1,C,32,93,375,h15,3417960183250057610
p1,Non-ROH,500,0,0,h15,3417960183250057610
p2,A,482,18,0,h15,3417960183250057610
p2,B,195,305,0,h15,3417960183250057610
p2,C,25,117,358,h15,3417960183250057610
p2,Non-ROH,500,0,0,h15,3417960183250057610
p3,A,494,6,0,h15,3417960183250057610
p3,B,268,232,0,h15,3417960183250057610
p3,C,22,119,359,h15,3417960183250057610
p3,Non-ROH,500,0,0,h15,3417960183250057610
p1,A,471,29,0,h15,3435960736692290857
p1,B,112,373,15,h15,3435960736692290857
p1,C,27,100,373,h15,3435960736692290857
p1,Non-ROH,500,0,0,h15,3435960736692290857
p2,A,497,3,0,h15,3435960736692290857
p2,B,263,237,0,h15,3435960736692290857
p2,C,19,102,379,h15,3435960736692290857
p2,Non-ROH,500,0,0,h15,3435960736692290857
p3,A,495,5,0,h15,3435960736692290857
p3,B,263,237,0,h15,3435960736692290857
p3,C,21,124,355,h15,3435960736692290857
p3,Non-ROH,500,0,0,h15,3435960736692290857
p1,A,477,23,0,h15,3455365682701319468
p1,B,131,350,19,h15,3455365682701319468
p1,C,26,95,379,h15,3455365682701319468
p1,Non-ROH,500,0,0,h15,3455365682701319468
p2,A,498,2,0,h15,3455365682701319468
p2,B,276,224,0,h15,3455365682701319468
p2,C,24,96,380,h15,3455365682701319468
p2,Non-ROH,500,0,0,h15,3455365682701319468
p3,A,500,0,0,h15,3455365682701319468
p3,B,339,161,0,h15,3455365682701319468
p3,C,16,113,371,h15,3455365682701319468
p3,Non-ROH,500,0,0,h15,3455365682701319468
p1,A,443,57,0,h15,345893178432323072
p1,B,93,384,23,h15,345893178432323072
p1,C,25,92,383,h15,345893178432323072
p1,Non-ROH,500,0,0,h15,345893178432323072
p2,A,499,1,0,h15,345893178432323072
p2,B,206,294,0,h15,345893178432323072
p2,C,18,108,374,h15,345893178432323072
p2,Non-ROH,500,0,0,h15,345893178432323072
p3,A,496,4,0,h15,345893178432323072
p3,B,287,213,0,h15,345893178432323072
p3,C,26,106,368,h15,345893178432323072
p3,Non-ROH,500,0,0,h15,345893178432323072
p1,A,417,83,0,h15,3477192275022389711
p1,B,88,407,5,h15,3477192275022389711
p1,C,22,111,367,h15,3477192275022389711
p1,Non-ROH,500,0,0,h15,3477192275022389711
p2,A,495,5,0,h15,3477192275022389711
p2,B,191,309,0,h15,3477192275022389711
p2,C,15,100,385,h15,3477192275022389711
p2,Non-ROH,500,0,0,h15,3477192275022389711
p3,A,498,2,0,h15,3477192275022389711
p3,B,265,235,0,h15,3477192275022389711
p3,C,18,194,288,h15,3477192275022389711
p3,Non-ROH,500,0,0,h15,3477192275022389711
p1,A,441,59,0,h15,3479175608016784041
p1,B,123,369,8,h15,3479175608016784041
p1,C,22,110,368,h15,3479175608016784041
p1,Non-ROH,500,0,0,h15,3479175608016784041
p2,A,482,18,0,h15,3479175608016784041
p2,B,263,237,0,h15,3479175608016784041
p2,C,24,111,365,h15,3479175608016784041
p2,Non-ROH,500,0,0,h15,3479175608016784041
p3,A,496,4,0,h15,3479175608016784041
p3,B,345,155,0,h15,3479175608016784041
p3,C,11,92,397,h15,3479175608016784041
p3,Non-ROH,500,0,0,h15,3479175608016784041
p1,A,472,28,0,h15,348132335556126410
p1,B,158,326,16,h15,348132335556126410
p1,C,36,104,360,h15,348132335556126410
p1,Non-ROH,500,0,0,h15,348132335556126410
p2,A,497,3,0,h15,348132335556126410
p2,B,269,231,0,h15,348132335556126410
p2,C,24,111,365,h15,348132335556126410
p2,Non-ROH,500,0,0,h15,348132335556126410
p3,A,498,2,0,h15,348132335556126410
p3,B,352,148,0,h15,348132335556126410
p3,C,24,165,311,h15,348132335556126410
p3,Non-ROH,500,0,0,h15,348132335556126410
p1,A,432,68,0,h15,3483790858614949299
p1,B,74,417,9,h15,3483790858614949299
p1,C,22,114,364,h15,3483790858614949299
p1,Non-ROH,500,0,0,h15,3483790858614949299
p2,A,480,20,0,h15,3483790858614949299
p2,B,178,322,0,h15,3483790858614949299
p2,C,15,142,343,h15,3483790858614949299
p2,Non-ROH,500,0,0,h15,3483790858614949299
p3,A,499,1,0,h15,3483790858614949299
p3,B,295,205,0,h15,3483790858614949299
p3,C,18,127,355,h15,3483790858614949299
p3,Non-ROH,500,0,0,h15,3483790858614949299
p1,A,414,86,0,h15,348508022849407605
p1,B,74,416,10,h15,348508022849407605
p1,C,29,118,353,h15,348508022849407605
p1,Non-ROH,500,0,0,h15,348508022849407605
p2,A,496,4,0,h15,348508022849407605
p2,B,225,275,0,h15,348508022849407605
p2,C,16,122,362,h15,348508022849407605
p2,Non-ROH,500,0,0,h15,348508022849407605
p3,A,485,15,0,h15,348508022849407605
p3,B,281,219,0,h15,348508022849407605
p3,C,12,132,356,h15,348508022849407605
p3,Non-ROH,500,0,0,h15,348508022849407605
p1,A,457,43,0,h15,3497185378182906998
p1,B,134,350,16,h15,3497185378182906998
p1,C,52,76,372,h15,3497185378182906998
p1,Non-ROH,500,0,0,h15,3497185378182906998
p2,A,491,9,0,h15,3497185378182906998
p2,B,297,203,0,h15,3497185378182906998
p2,C,64,62,374,h15,3497185378182906998
p2,Non-ROH,500,0,0,h15,3497185378182906998
p3,A,499,1,0,h15,3497185378182906998
p3,B,333,167,0,h15,3497185378182906998
p3,C,55,71,374,h15,3497185378182906998
p3,Non-ROH,500,0,0,h15,3497185378182906998
p1,A,459,41,0,h15,3555433514481028389
p1,B,83,395,22,h15,3555433514481028389
p1,C,27,93,380,h15,3555433514481028389
p1,Non-ROH,500,0,0,h15,3555433514481028389
p2,A,497,3,0,h15,3555433514481028389
p2,B,176,324,0,h15,3555433514481028389
p2,C,35,134,331,h15,3555433514481028389
p2,Non-ROH,500,0,0,h15,3555433514481028389
p3,A,496,4,0,h15,3555433514481028389
p3,B,254,246,0,h15,3555433514481028389
p3,C,55,127,318,h15,3555433514481028389
p3,Non-ROH,500,0,0,h15,3555433514481028389
p1,A,348,152,0,h15,3564625325912848432
p1,B,52,434,14,h15,3564625325912848432
p1,C,17,111,372,h15,3564625325912848432
p1,Non-ROH,500,0,0,h15,3564625325912848432
p2,A,446,54,0,h15,3564625325912848432
p2,B,159,341,0,h15,3564625325912848432
p2,C,13,131,356,h15,3564625325912848432
p2,Non-ROH,500,0,0,h15,3564625325912848432
p3,A,469,31,0,h15,3564625325912848432
p3,B,230,270,0,h15,3564625325912848432
p3,C,8,129,363,h15,3564625325912848432
p3,Non-ROH,500,0,0,h15,3564625325912848432
p1,A,447,53,0,h15,358318172360876650
p1,B,122,361,17,h15,358318172360876650
p1,C,24,123,353,h15,358318172360876650
p1,Non-ROH,500,0,0,h15,358318172360876650
p2,A,493,7,0,h15,358318172360876650
p2,B,289,211,0,h15,358318172360876650
p2,C,14,114,372,h15,358318172360876650
p2,Non-ROH,500,0,0,h15,358318172360876650
p3,A,499,1,0,h15,358318172360876650
p3,B,335,165,0,h15,358318172360876650
p3,C,29,92,379,h15,358318172360876650
p3,Non-ROH,500,0,0,h15,358318172360876650
p1,A,404,96,0,h15,3598883743904255961
p1,B,73,412,15,h15,3598883743904255961
p1,C,20,122,358,h15,3598883743904255961
p1,Non-ROH,500,0,0,h15,3598883743904255961
p2,A,467,33,0,h15,3598883743904255961
p2,B,145,355,0,h15,3598883743904255961
p2,C,11,101,388,h15,3598883743904255961
p2,Non-ROH,500,0,0,h15,3598883743904255961
p3,A,498,2,0,h15,3598883743904255961
p3,B,250,250,0,h15,3598883743904255961
p3,C,7,133,360,h15,3598883743904255961
p3,Non-ROH,500,0,0,h15,3598883743904255961
p1,A,432,68,0,h15,3603715605818049841
p1,B,117,366,17,h15,3603715605818049841
p1,C,17,112,371,h15,3603715605818049841
p1,Non-ROH,500,0,0,h15,3603715605818049841
p2,A,489,11,0,h15,3603715605818049841
p2,B,179,321,0,h15,3603715605818049841
p2,C,10,116,374,h15,3603715605818049841
p2,Non-ROH,500,0,0,h15,3603715605818049841
p3,A,484,16,0,h15,3603715605818049841
p3,B,237,263,0,h15,3603715605818049841
p3,C,16,127,357,h15,3603715605818049841
p3,Non-ROH,500,0,0,h15,3603715605818049841
p1,A,451,49,0,h15,3607480588533803111
p1,B,111,371,18,h15,3607480588533803111
p1,C,31,99,370,h15,3607480588533803111
p1,Non-ROH,500,0,0,h15,3607480588533803111
p2,A,498,2,0,h15,3607480588533803111
p2,B,301,199,0,h15,3607480588533803111
p2,C,22,128,350,h15,3607480588533803111
p2,Non-ROH,500,0,0,h15,3607480588533803111
p3,A,495,5,0,h15,3607480588533803111
p3,B,297,203,0,h15,3607480588533803111
p3,C,36,137,327,h15,3607480588533803111
p3,Non-ROH,500,0,0,h15,3607480588533803111
p1,A,461,39,0,h15,3617997975680925724
p1,B,105,381,14,h15,3617997975680925724
p1,C,35,108,357,h15,3617997975680925724
p1,Non-ROH,500,0,0,h15,3617997975680925724
p2,A,498,2,0,h15,3617997975680925724
p2,B,241,259,0,h15,3617997975680925724
p2,C,18,123,359,h15,3617997975680925724
p2,Non-ROH,500,0,0,h15,3617997975680925724
p3,A,498,2,0,h15,3617997975680925724
p3,B,286,214,0,h15,3617997975680925724
p3,C,13,157,330,h15,3617997975680925724
p3,Non-ROH,500,0,0,h15,3617997975680925724
p1,A,473,27,0,h15,3639317139526480027
p1,B,91,395,14,h15,3639317139526480027
p1,C,30,107,363,h15,3639317139526480027
p1,Non-ROH,500,0,0,h15,3639317139526480027
p2,A,495,5,0,h15,3639317139526480027
p2,B,228,272,0,h15,3639317139526480027
p2,C,14,81,405,h15,3639317139526480027
p2,Non-ROH,500,0,0,h15,3639317139526480027
p3,A,497,3,0,h15,3639317139526480027
p3,B,325,175,0,h15,3639317139526480027
p3,C,18,137,345,h15,3639317139526480027
p3,Non-ROH,500,0,0,h15,3639317139526480027
p1,A,445,55,0,h15,3665484960265591111
p1,B,104,382,14,h15,3665484960265591111
p1,C,27,100,373,h15,3665484960265591111
p1,Non-ROH,500,0,0,h15,3665484960265591111
p2,A,494,6,0,h15,3665484960265591111
p2,B,238,262,0,h15,3665484960265591111
p2,C,23,98,379,h15,3665484960265591111
p2,Non-ROH,500,0,0,h15,3665484960265591111
p3,A,494,6,0,h15,3665484960265591111
p3,B,337,163,0,h15,3665484960265591111
p3,C,37,98,365,h15,3665484960265591111
p3,Non-ROH,500,0,0,h15,3665484960265591111
p1,A,403,97,0,h15,3674990435318027120
p1,B,70,411,19,h15,3674990435318027120
p1,C,21,112,367,h15,3674990435318027120
p1,Non-ROH,500,0,0,h15,3674990435318027120
p2,A,478,22,0,h15,3674990435318027120
p2,B,200,300,0,h15,3674990435318027120
p2,C,15,108,377,h15,3674990435318027120
p2,Non-ROH,500,0,0,h15,3674990435318027120
p3,A,483,17,0,h15,3674990435318027120
p3,B,211,289,0,h15,3674990435318027120
p3,C,21,167,312,h15,3674990435318027120
p3,Non-ROH,500,0,0,h15,3674990435318027120
p1,A,485,15,0,h15,3682555276413059268
p1,B,97,389,14,h15,3682555276413059268
p1,C,21,85,394,h15,3682555276413059268
p1,Non-ROH,500,0,0,h15,3682555276413059268
p2,A,500,0,0,h15,3682555276413059268
p2,B,214,286,0,h15,3682555276413059268
p2,C,20,105,375,h15,3682555276413059268
p2,Non-ROH,500,0,0,h15,3682555276413059268
p3,A,498,2,0,h15,3682555276413059268
p3,B,259,241,0,h15,3682555276413059268
p3,C,10,112,378,h15,3682555276413059268
p3,Non-ROH,500,0,0,h15,3682555276413059268
p1,A,471,29,0,h15,3710035758932078803
p1,B,122,364,14,h15,3710035758932078803
p1,C,39,89,372,h15,3710035758932078803
p1,Non-ROH,500,0,0,h15,3710035758932078803
p2,A,498,2,0,h15,3710035758932078803
p2,B,309,191,0,h15,3710035758932078803
p2,C,35,91,374,h15,3710035758932078803
p2,Non-ROH,500,0,0,h15,3710035758932078803
p3,A,499,1,0,h15,3710035758932078803
p3,B,303,197,0,h15,3710035758932078803
p3,C,25,119,356,h15,3710035758932078803
p3,Non-ROH,500,0,0,h15,3710035758932078803
p1,A,471,29,0,h15,3715864596017978579
p1,B,159,326,15,h15,3715864596017978579
p1,C,30,105,365,h15,3715864596017978579
p1,Non-ROH,500,0,0,h15,3715864596017978579
p2,A,499,1,0,h15,3715864596017978579
p2,B,273,227,0,h15,3715864596017978579
p2,C,21,124,355,h15,3715864596017978579
p2,Non-ROH,500,0,0,h15,3715864596017978579
p3,A,500,0,0,h15,3715864596017978579
p3,B,355,145,0,h15,3715864596017978579
p3,C,33,115,352,h15,3715864596017978579
p3,Non-ROH,500,0,0,h15,3715864596017978579
p1,A,463,37,0,h15,3718566910888851816
p1,B,122,365,13,h15,3718566910888851816
p1,C,31,76,393,h15,3718566910888851816
p1,Non-ROH,500,0,0,h15,3718566910888851816
p2,A,495,5,0,h15,3718566910888851816
p2,B,275,225,0,h15,3718566910888851816
p2,C,13,117,370,h15,3718566910888851816
p2,Non-ROH,500,0,0,h15,3718566910888851816
p3,A,500,0,0,h15,3718566910888851816
p3,B,359,141,0,h15,3718566910888851816
p3,C,17,146,337,h15,3718566910888851816
p3,Non-ROH,500,0,0,h15,3718566910888851816
p1,A,472,28,0,h15,3741387974114566182
p1,B,143,347,10,h15,3741387974114566182
p1,C,31,93,376,h15,3741387974114566182
p1,Non-ROH,500,0,0,h15,3741387974114566182
p2,A,499,1,0,h15,3741387974114566182
p2,B,304,196,0,h15,3741387974114566182
p2,C,32,129,339,h15,3741387974114566182
p2,Non-ROH,500,0,0,h15,3741387974114566182
p3,A,500,0,0,h15,3741387974114566182
p3,B,327,173,0,h15,3741387974114566182
p3,C,26,147,327,h15,3741387974114566182
p3,Non-ROH,500,0,0,h15,3741387974114566182
p1,A,458,42,0,h15,374341739460041193
p1,B,82,409,9,h15,374341739460041193
p1,C,21,92,387,h15,374341739460041193
p1,Non-ROH,500,0,0,h15,374341739460041193
p2,A,497,3,0,h15,374341739460041193
p2,B,181,319,0,h15,374341739460041193
p2,C,15,202,283,h15,374341739460041193
p2,Non-ROH,500,0,0,h15,374341739460041193
p3,A,498,2,0,h15,374341739460041193
p3,B,272,228,0,h15,374341739460041193
p3,C,8,154,338,h15,374341739460041193
p3,Non-ROH,500,0,0,h15,374341739460041193
p1,A,437,63,0,h15,3799441521496706780
p1,B,78,411,11,h15,3799441521496706780
p1,C,50,79,371,h15,3799441521496706780
p1,Non-ROH,500,0,0,h15,3799441521496706780
p2,A,480,20,0,h15,3799441521496706780
p2,B,188,311,1,h15,3799441521496706780
p2,C,126,54,320,h15,3799441521496706780
p2,Non-ROH,500,0,0,h15,3799441521496706780
p3,A,490,10,0,h15,3799441521496706780
p3,B,236,264,0,h15,3799441521496706780
p3,C,58,60,382,h15,3799441521496706780
p3,Non-ROH,500,0,0,h15,3799441521496706780
p1,A,441,59,0,h15,3825117683840938324
p1,B,81,407,12,h15,3825117683840938324
p1,C,27,83,390,h15,3825117683840938324
p1,Non-ROH,500,0,0,h15,3825117683840938324
p2,A,475,25,0,h15,3825117683840938324
p2,B,209,290,1,h15,3825117683840938324
p2,C,17,131,352,h15,3825117683840938324
p2,Non-ROH,500,0,0,h15,3825117683840938324
p3,A,489,11,0,h15,3825117683840938324
p3,B,295,205,0,h15,3825117683840938324
p3,C,9,103,388,h15,3825117683840938324
p3,Non-ROH,500,0,0,h15,3825117683840938324
p1,A,400,100,0,h15,387848202620494590
p1,B,63,425,12,h15,387848202620494590
p1,C,24,115,361,h15,387848202620494590
p1,Non-ROH,500,0,0,h15,387848202620494590
p2,A,492,8,0,h15,387848202620494590
p2,B,167,333,0,h15,387848202620494590
p2,C,15,103,382,h15,387848202620494590
p2,Non-ROH,500,0,0,h15,387848202620494590
p3,A,494,6,0,h15,387848202620494590
p3,B,197,303,0,h15,387848202620494590
p3,C,7,93,400,h15,387848202620494590
p3,Non-ROH,500,0,0,h15,387848202620494590
p1,A,446,54,0,h15,3887498762517043565
p1,B,83,405,12,h15,3887498762517043565
p1,C,32,113,355,h15,3887498762517043565
p1,Non-ROH,500,0,0,h15,3887498762517043565
p2,A,489,11,0,h15,3887498762517043565
p2,B,268,232,0,h15,3887498762517043565
p2,C,14,102,384,h15,3887498762517043565
p2,Non-ROH,500,0,0,h15,3887498762517043565
p3,A,495,5,0,h15,3887498762517043565
p3,B,295,205,0,h15,3887498762517043565
p3,C,18,167,315,h15,3887498762517043565
p3,Non-ROH,500,0,0,h15,3887498762517043565
p1,A,429,71,0,h15,3889270355882478351
p1,B,85,401,14,h15,3889270355882478351
p1,C,25,116,359,h15,3889270355882478351
p1,Non-ROH,500,0,0,h15,3889270355882478351
p2,A,492,8,0,h15,3889270355882478351
p2,B,204,296,0,h15,3889270355882478351
p2,C,15,86,399,h15,3889270355882478351
p2,Non-ROH,500,0,0,h15,3889270355882478351
p3,A,496,4,0,h15,3889270355882478351
p3,B,273,227,0,h15,3889270355882478351
p3,C,12,152,336,h15,3889270355882478351
p3,Non-ROH,500,0,0,h15,3889270355882478351
p1,A,445,55,0,h15,3905365602039565782
p1,B,101,381,18,h15,3905365602039565782
p1,C,30,106,364,h15,3905365602039565782
p1,Non-ROH,500,0,0,h15,3905365602039565782
p2,A,495,5,0,h15,3905365602039565782
p2,B,259,241,0,h15,3905365602039565782
p2,C,16,162,322,h15,3905365602039565782
p2,Non-ROH,500,0,0,h15,3905365602039565782
p3,A,498,2,0,h15,3905365602039565782
p3,B,268,232,0,h15,3905365602039565782
p3,C,21,174,305,h15,3905365602039565782
p3,Non-ROH,500,0,0,h15,3905365602039565782
p1,A,481,19,0,h15,3909014931439800737
p1,B,83,401,16,h15,3909014931439800737
p1,C,23,109,368,h15,3909014931439800737
p1,Non-ROH,500,0,0,h15,3909014931439800737
p2,A,493,7,0,h15,3909014931439800737
p2,B,203,297,0,h15,3909014931439800737
p2,C,22,108,370,h15,3909014931439800737
p2,Non-ROH,500,0,0,h15,3909014931439800737
p3,A,500,0,0,h15,3909014931439800737
p3,B,327,173,0,h15,3909014931439800737
p3,C,17,152,331,h15,3909014931439800737
p3,Non-ROH,500,0,0,h15,3909014931439800737
p1,A,471,29,0,h15,3915162678557792845
p1,B,90,393,17,h15,3915162678557792845
p1,C,18,107,375,h15,3915162678557792845
p1,Non-ROH,500,0,0,h15,3915162678557792845
p2,A,492,8,0,h15,3915162678557792845
p2,B,216,284,0,h15,3915162678557792845
p2,C,19,95,386,h15,3915162678557792845
p2,Non-ROH,500,0,0,h15,3915162678557792845
p3,A,497,3,0,h15,3915162678557792845
p3,B,257,243,0,h15,3915162678557792845
p3,C,24,110,366,h15,3915162678557792845
p3,Non-ROH,500,0,0,h15,3915162678557792845
p1,A,459,41,0,h15,3961017489476298705
p1,B,102,373,25,h15,3961017489476298705
p1,C,23,121,356,h15,3961017489476298705
p1,Non-ROH,500,0,0,h15,3961017489476298705
p2,A,498,2,0,h15,3961017489476298705
p2,B,253,247,0,h15,3961017489476298705
p2,C,19,107,374,h15,3961017489476298705
p2,Non-ROH,500,0,0,h15,3961017489476298705
p3,A,491,9,0,h15,3961017489476298705
p3,B,362,138,0,h15,3961017489476298705
p3,C,11,100,389,h15,3961017489476298705
p3,Non-ROH,500,0,0,h15,3961017489476298705
p1,A,459,41,0,h15,3985496918899514882
p1,B,94,388,18,h15,3985496918899514882
p1,C,21,110,369,h15,3985496918899514882
p1,Non-ROH,500,0,0,h15,3985496918899514882
p2,A,497,3,0,h15,3985496918899514882
p2,B,260,240,0,h15,3985496918899514882
p2,C,24,124,352,h15,3985496918899514882
p2,Non-ROH,500,0,0,h15,3985496918899514882
p3,A,499,1,0,h15,3985496918899514882
p3,B,304,196,0,h15,3985496918899514882
p3,C,9,108,383,h15,3985496918899514882
p3,Non-ROH,500,0,0,h15,3985496918899514882
p1,A,454,46,0,h15,3989796893888869225
p1,B,101,385,14,h15,3989796893888869225
p1,C,25,101,374,h15,3989796893888869225
p1,Non-ROH,500,0,0,h15,3989796893888869225
p2,A,490,10,0,h15,3989796893888869225
p2,B,222,278,0,h15,3989796893888869225
p2,C,17,108,375,h15,3989796893888869225
p2,Non-ROH,500,0,0,h15,3989796893888869225
p3,A,496,4,0,h15,3989796893888869225
p3,B,306,194,0,h15,3989796893888869225
p3,C,22,97,381,h15,3989796893888869225
p3,Non-ROH,500,0,0,h15,3989796893888869225
p1,A,406,94,0,h15,3994395070099107250
p1,B,73,413,14,h15,3994395070099107250
p1,C,21,96,383,h15,3994395070099107250
p1,Non-ROH,500,0,0,h15,3994395070099107250
p2,A,484,16,0,h15,3994395070099107250
p2,B,213,287,0,h15,3994395070099107250
p2,C,19,100,381,h15,3994395070099107250
p2,Non-ROH,500,0,0,h15,3994395070099107250
p3,A,488,12,0,h15,3994395070099107250
p3,B,216,284,0,h15,3994395070099107250
p3,C,18,145,337,h15,3994395070099107250
p3,Non-ROH,500,0,0,h15,3994395070099107250
p1,A,468,32,0,h15,4017285158859759849
p1,B,110,381,9,h15,4017285158859759849
p1,C,23,112,365,h15,4017285158859759849
p1,Non-ROH,500,0,0,h15,4017285158859759849
p2,A,499,1,0,h15,4017285158859759849
p2,B,273,227,0,h15,4017285158859759849
p2,C,15,97,388,h15,4017285158859759849
p2,Non-ROH,500,0,0,h15,4017285158859759849
p3,A,499,1,0,h15,4017285158859759849
p3,B,326,174,0,h15,4017285158859759849
p3,C,20,117,363,h15,4017285158859759849
p3,Non-ROH,500,0,0,h15,4017285158859759849
p1,A,409,91,0,h15,403026997107177644
p1,B,96,391,13,h15,403026997107177644
p1,C,57,85,358,h15,403026997107177644
p1,Non-ROH,500,0,0,h15,403026997107177644
p2,A,475,25,0,h15,403026997107177644
p2,B,174,326,0,h15,403026997107177644
p2,C,95,112,293,h15,403026997107177644
p2,Non-ROH,500,0,0,h15,403026997107177644
p3,A,483,17,0,h15,403026997107177644
p3,B,249,251,0,h15,403026997107177644
p3,C,10,98,392,h15,403026997107177644
p3,Non-ROH,500,0,0,h15,403026997107177644
p1,A,440,60,0,h15,4038605454746611525
p1,B,109,375,16,h15,4038605454746611525
p1,C,23,86,391,h15,4038605454746611525
p1,Non-ROH,500,0,0,h15,4038605454746611525
p2,A,494,6,0,h15,4038605454746611525
p2,B,239,261,0,h15,4038605454746611525
p2,C,16,122,362,h15,4038605454746611525
p2,Non-ROH,500,0,0,h15,4038605454746611525
p3,A,500,0,0,h15,4038605454746611525
p3,B,334,166,0,h15,4038605454746611525
p3,C,9,108,383,h15,4038605454746611525
p3,Non-ROH,500,0,0,h15,4038605454746611525
p1,A,452,48,0,h15,4065064481587879330
p1,B,88,401,11,h15,4065064481587879330
p1,C,21,103,376,h15,4065064481587879330
p1,Non-ROH,500,0,0,h15,4065064481587879330
p2,A,495,5,0,h15,4065064481587879330
p2,B,218,282,0,h15,4065064481587879330
p2,C,26,103,371,h15,4065064481587879330
p2,Non-ROH,500,0,0,h15,4065064481587879330
p3,A,500,0,0,h15,4065064481587879330
p3,B,260,240,0,h15,4065064481587879330
p3,C,50,111,339,h15,4065064481587879330
p3,Non-ROH,500,0,0,h15,4065064481587879330
p1,A,426,74,0,h15,4067412433568897486
p1,B,76,411,13,h15,4067412433568897486
p1,C,18,126,356,h15,4067412433568897486
p1,Non-ROH,500,0,0,h15,4067412433568897486
p2,A,488,12,0,h15,4067412433568897486
p2,B,193,307,0,h15,4067412433568897486
p2,C,11,150,339,h15,4067412433568897486
p2,Non-ROH,500,0,0,h15,4067412433568897486
p3,A,476,24,0,h15,4067412433568897486
p3,B,227,273,0,h15,4067412433568897486
p3,C,9,117,374,h15,4067412433568897486
p3,Non-ROH,500,0,0,h15,4067412433568897486
p1,A,456,44,0,h15,4072432245089798522
p1,B,97,386,17,h15,4072432245089798522
p1,C,14,94,392,h15,4072432245089798522
p1,Non-ROH,500,0,0,h15,4072432245089798522
p2,A,483,17,0,h15,4072432245089798522
p2,B,191,309,0,h15,4072432245089798522
p2,C,21,139,340,h15,4072432245089798522
p2,Non-ROH,500,0,0,h15,4072432245089798522
p3,A,490,10,0,h15,4072432245089798522
p3,B,231,269,0,h15,4072432245089798522
p3,C,11,114,375,h15,4072432245089798522
p3,Non-ROH,500,0,0,h15,4072432245089798522
p1,A,460,40,0,h15,4079110917361667179
p1,B,90,393,17,h15,4079110917361667179
p1,C,22,91,387,h15,4079110917361667179
p1,Non-ROH,500,0,0,h15,4079110917361667179
p2,A,494,6,0,h15,4079110917361667179
p2,B,184,316,0,h15,4079110917361667179
p2,C,9,128,363,h15,4079110917361667179
p2,Non-ROH,500,0,0,h15,4079110917361667179
p3,A,494,6,0,h15,4079110917361667179
p3,B,231,269,0,h15,4079110917361667179
p3,C,16,144,340,h15,4079110917361667179
p3,Non-ROH,500,0,0,h15,4079110917361667179
p1,A,419,81,0,h15,4081238640812042457
p1,B,89,398,13,h15,4081238640812042457
p1,C,26,95,379,h15,4081238640812042457
p1,Non-ROH,500,0,0,h15,4081238640812042457
p2,A,471,29,0,h15,4081238640812042457
p2,B,182,318,0,h15,4081238640812042457
p2,C,16,106,378,h15,4081238640812042457
p2,Non-ROH,500,0,0,h15,4081238640812042457
p3,A,487,13,0,h15,4081238640812042457
p3,B,232,268,0,h15,4081238640812042457
p3,C,19,115,366,h15,4081238640812042457
p3,Non-ROH,500,0,0,h15,4081238640812042457
p1,A,365,135,0,h15,4105815292178215559
p1,B,89,393,18,h15,4105815292178215559
p1,C,16,123,361,h15,4105815292178215559
p1,Non-ROH,500,0,0,h15,4105815292178215559
p2,A,468,32,0,h15,4105815292178215559
p2,B,179,321,0,h15,4105815292178215559
p2,C,6,187,307,h15,4105815292178215559
p2,Non-ROH,500,0,0,h15,4105815292178215559
p3,A,480,20,0,h15,4105815292178215559
p3,B,214,286,0,h15,4105815292178215559
p3,C,9,157,334,h15,4105815292178215559
p3,Non-ROH,500,0,0,h15,4105815292178215559
p1,A,443,57,0,h15,4112870112723342491
p1,B,79,414,7,h15,4112870112723342491
p1,C,17,108,375,h15,4112870112723342491
p1,Non-ROH,500,0,0,h15,4112870112723342491
p2,A,494,6,0,h15,4112870112723342491
p2,B,142,358,0,h15,4112870112723342491
p2,C,17,160,323,h15,4112870112723342491
p2,Non-ROH,500,0,0,h15,4112870112723342491
p3,A,494,6,0,h15,4112870112723342491
p3,B,183,317,0,h15,4112870112723342491
p3,C,16,104,380,h15,4112870112723342491
p3,Non-ROH,500,0,0,h15,4112870112723342491
p1,A,460,40,0,h15,4121658126136949362
p1,B,98,387,15,h15,4121658126136949362
p1,C,24,101,375,h15,4121658126136949362
p1,Non-ROH,500,0,0,h15,4121658126136949362
p2,A,482,18,0,h15,4121658126136949362
p2,B,183,317,0,h15,4121658126136949362
p2,C,12,113,375,h15,4121658126136949362
p2,Non-ROH,500,0,0,h15,4121658126136949362
p3,A,494,6,0,h15,4121658126136949362
p3,B,231,269,0,h15,4121658126136949362
p3,C,8,111,381,h15,4121658126136949362
p3,Non-ROH,500,0,0,h15,4121658126136949362
p1,A,461,39,0,h15,4124974975694375625
p1,B,106,380,14,h15,4124974975694375625
p1,C,19,109,372,h15,4124974975694375625
p1,Non-ROH,500,0,0,h15,4124974975694375625
p2,A,498,2,0,h15,4124974975694375625
p2,B,253,247,0,h15,4124974975694375625
p2,C,15,126,359,h15,4124974975694375625
p2,Non-ROH,500,0,0,h15,4124974975694375625
p3,A,485,15,0,h15,4124974975694375625
p3,B,294,206,0,h15,4124974975694375625
p3,C,13,107,380,h15,4124974975694375625
p3,Non-ROH,500,0,0,h15,4124974975694375625
p1,A,475,25,0,h15,4160002603981038967
p1,B,114,373,13,h15,4160002603981038967
p1,C,30,98,372,h15,4160002603981038967
p1,Non-ROH,500,0,0,h15,4160002603981038967
p2,A,500,0,0,h15,4160002603981038967
p2,B,280,220,0,h15,4160002603981038967
p2,C,19,149,332,h15,4160002603981038967
p2,Non-ROH,500,0,0,h15,4160002603981038967
p3,A,499,1,0,h15,4160002603981038967
p3,B,319,181,0,h15,4160002603981038967
p3,C,12,147,341,h15,4160002603981038967
p3,Non-ROH,500,0,0,h15,4160002603981038967
p1,A,415,85,0,h15,4190548352594269785
p1,B,90,396,14,h15,4190548352594269785
p1,C,20,91,389,h15,4190548352594269785
p1,Non-ROH,500,0,0,h15,4190548352594269785
p2,A,481,19,0,h15,4190548352594269785
p2,B,194,306,0,h15,4190548352594269785
p2,C,14,112,374,h15,4190548352594269785
p2,Non-ROH,500,0,0,h15,4190548352594269785
p3,A,485,15,0,h15,4190548352594269785
p3,B,263,237,0,h15,4190548352594269785
p3,C,10,117,373,h15,4190548352594269785
p3,Non-ROH,500,0,0,h15,4190548352594269785
p1,A,448,52,0,h15,4203845509334149556
p1,B,100,385,15,h15,4203845509334149556
p1,C,31,99,370,h15,4203845509334149556
p1,Non-ROH,500,0,0,h15,4203845509334149556
p2,A,500,0,0,h15,4203845509334149556
p2,B,231,269,0,h15,4203845509334149556
p2,C,15,103,382,h15,4203845509334149556
p2,Non-ROH,500,0,0,h15,4203845509334149556
p3,A,499,1,0,h15,4203845509334149556
p3,B,275,225,0,h15,4203845509334149556
p3,C,13,123,364,h15,4203845509334149556
p3,Non-ROH,500,0,0,h15,4203845509334149556
p1,A,442,58,0,h15,4207149173689489370
p1,B,103,381,16,h15,4207149173689489370
p1,C,27,97,376,h15,4207149173689489370
p1,Non-ROH,500,0,0,h15,4207149173689489370
p2,A,488,12,0,h15,4207149173689489370
p2,B,282,218,0,h15,4207149173689489370
p2,C,25,126,349,h15,4207149173689489370
p2,Non-ROH,500,0,0,h15,4207149173689489370
p3,A,493,7,0,h15,4207149173689489370
p3,B,365,135,0,h15,4207149173689489370
p3,C,23,147,330,h15,4207149173689489370
p3,Non-ROH,500,0,0,h15,4207149173689489370
p1,A,478,22,0,h15,4238382368013230754
p1,B,109,380,11,h15,4238382368013230754
p1,C,30,99,371,h15,4238382368013230754
p1,Non-ROH,500,0,0,h15,4238382368013230754
p2,A,497,3,0,h15,4238382368013230754
p2,B,236,263,1,h15,4238382368013230754
p2,C,19,106,375,h15,4238382368013230754
p2,Non-ROH,500,0,0,h15,4238382368013230754
p3,A,500,0,0,h15,4238382368013230754
p3,B,328,172,0,h15,4238382368013230754
p3,C,20,93,387,h15,4238382368013230754
p3,Non-ROH,500,0,0,h15,4238382368013230754
p1,A,438,62,0,h15,4269998443319130901
p1,B,65,429,6,h15,4269998443319130901
p1,C,16,121,363,h15,4269998443319130901
p1,Non-ROH,500,0,0,h15,4269998443319130901
p2,A,485,15,0,h15,4269998443319130901
p2,B,166,334,0,h15,4269998443319130901
p2,C,8,119,373,h15,4269998443319130901
p2,Non-ROH,500,0,0,h15,4269998443319130901
p3,A,496,4,0,h15,4269998443319130901
p3,B,234,266,0,h15,4269998443319130901
p3,C,14,132,354,h15,4269998443319130901
p3,Non-ROH,500,0,0,h15,4269998443319130901
p1,A,465,35,0,h15,4292870742190751775
p1,B,109,375,16,h15,4292870742190751775
p1,C,22,123,355,h15,4292870742190751775
p1,Non-ROH,500,0,0,h15,4292870742190751775
p2,A,496,4,0,h15,4292870742190751775
p2,B,276,224,0,h15,4292870742190751775
p2,C,19,93,388,h15,4292870742190751775
p2,Non-ROH,500,0,0,h15,4292870742190751775
p3,A,499,1,0,h15,4292870742190751775
p3,B,298,202,0,h15,4292870742190751775
p3,C,16,108,376,h15,4292870742190751775
p3,Non-ROH,500,0,0,h15,4292870742190751775
p1,A,408,92,0,h15,4294127255913208186
p1,B,62,423,15,h15,4294127255913208186
p1,C,17,111,372,h15,4294127255913208186
p1,Non-ROH,500,0,0,h15,4294127255913208186
p2,A,498,2,0,h15,4294127255913208186
p2,B,164,336,0,h15,4294127255913208186
p2,C,12,156,332,h15,4294127255913208186
p2,Non-ROH,500,0,0,h15,4294127255913208186
p3,A,495,5,0,h15,4294127255913208186
p3,B,251,249,0,h15,4294127255913208186
p3,C,12,110,378,h15,4294127255913208186
p3,Non-ROH,500,0,0,h15,4294127255913208186
p1,A,451,49,0,h15,4296093022391319298
p1,B,93,386,21,h15,4296093022391319298
p1,C,35,86,379,h15,4296093022391319298
p1,Non-ROH,500,0,0,h15,4296093022391319298
p2,A,498,2,0,h15,4296093022391319298
p2,B,253,247,0,h15,4296093022391319298
p2,C,23,106,371,h15,4296093022391319298
p2,Non-ROH,500,0,0,h15,4296093022391319298
p3,A,497,3,0,h15,4296093022391319298
p3,B,286,214,0,h15,4296093022391319298
p3,C,22,96,382,h15,4296093022391319298
p3,Non-ROH,500,0,0,h15,4296093022391319298
p1,A,441,59,0,h15,4300543425745576998
p1,B,122,362,16,h15,4300543425745576998
p1,C,22,96,382,h15,4300543425745576998
p1,Non-ROH,500,0,0,h15,4300543425745576998
p2,A,485,15,0,h15,4300543425745576998
p2,B,228,272,0,h15,4300543425745576998
p2,C,24,85,391,h15,4300543425745576998
p2,Non-ROH,500,0,0,h15,4300543425745576998
p3,A,487,13,0,h15,4300543425745576998
p3,B,308,192,0,h15,4300543425745576998
p3,C,22,119,359,h15,4300543425745576998
p3,Non-ROH,500,0,0,h15,4300543425745576998
p1,A,449,51,0,h15,4329052377276345122
p1,B,87,397,16,h15,4329052377276345122
p1,C,31,110,359,h15,4329052377276345122
p1,Non-ROH,500,0,0,h15,4329052377276345122
p2,A,499,1,0,h15,4329052377276345122
p2,B,198,302,0,h15,4329052377276345122
p2,C,14,181,305,h15,4329052377276345122
p2,Non-ROH,500,0,0,h15,4329052377276345122
p3,A,500,0,0,h15,4329052377276345122
p3,B,264,236,0,h15,4329052377276345122
p3,C,10,120,370,h15,4329052377276345122
p3,Non-ROH,500,0,0,h15,4329052377276345122
p1,A,453,47,0,h15,4344513331770728779
p1,B,106,384,10,h15,4344513331770728779
p1,C,25,86,389,h15,4344513331770728779
p1,Non-ROH,500,0,0,h15,4344513331770728779
p2,A,488,12,0,h15,4344513331770728779
p2,B,200,300,0,h15,4344513331770728779
p2,C,12,105,383,h15,4344513331770728779
p2,Non-ROH,500,0,0,h15,4344513331770728779
p3,A,493,7,0,h15,4344513331770728779
p3,B,289,211,0,h15,4344513331770728779
p3,C,16,94,390,h15,4344513331770728779
p3,Non-ROH,500,0,0,h15,4344513331770728779
p1,A,473,27,0,h15,4344603063712412017
p1,B,147,347,6,h15,4344603063712412017
p1,C,31,130,339,h15,4344603063712412017
p1,Non-ROH,500,0,0,h15,4344603063712412017
p2,A,495,5,0,h15,4344603063712412017
p2,B,270,230,0,h15,4344603063712412017
p2,C,19,167,314,h15,4344603063712412017
p2,Non-ROH,500,0,0,h15,4344603063712412017
p3,A,500,0,0,h15,4344603063712412017
p3,B,360,140,0,h15,4344603063712412017
p3,C,15,236,249,h15,4344603063712412017
p3,Non-ROH,500,0,0,h15,4344603063712412017
p1,A,457,43,0,h15,4351317471290300548
p1,B,154,332,14,h15,4351317471290300548
p1,C,35,118,347,h15,4351317471290300548
p1,Non-ROH,500,0,0,h15,4351317471290300548
p2,A,499,1,0,h15,4351317471290300548
p2,B,274,226,0,h15,4351317471290300548
p2,C,22,66,412,h15,4351317471290300548
p2,Non-ROH,500,0,0,h15,4351317471290300548
p3,A,499,1,0,h15,4351317471290300548
p3,B,319,181,0,h15,4351317471290300548
p3,C,24,113,363,h15,4351317471290300548
p3,Non-ROH,500,0,0,h15,4351317471290300548
p1,A,446,54,0,h15,4355874984491921493
p1,B,111,375,14,h15,4355874984491921493
p1,C,27,96,377,h15,4355874984491921493
p1,Non-ROH,500,0,0,h15,4355874984491921493
p2,A,497,3,0,h15,4355874984491921493
p2,B,284,216,0,h15,4355874984491921493
p2,C,35,103,362,h15,4355874984491921493
p2,Non-ROH,500,0,0,h15,4355874984491921493
p3,A,500,0,0,h15,4355874984491921493
p3,B,351,149,0,h15,4355874984491921493
p3,C,42,154,304,h15,4355874984491921493
p3,Non-ROH,500,0,0,h15,4355874984491921493
p1,A,399,101,0,h15,4371166039719414947
p1,B,119,367,14,h15,4371166039719414947
p1,C,16,101,383,h15,4371166039719414947
p1,Non-ROH,500,0,0,h15,4371166039719414947
p2,A,462,38,0,h15,4371166039719414947
p2,B,220,280,0,h15,4371166039719414947
p2,C,12,180,308,h15,4371166039719414947
p2,Non-ROH,500,0,0,h15,4371166039719414947
p3,A,484,16,0,h15,4371166039719414947
p3,B,281,219,0,h15,4371166039719414947
p3,C,9,137,354,h15,4371166039719414947
p3,Non-ROH,500,0,0,h15,4371166039719414947
p1,A,482,18,0,h15,4399040171398651594
p1,B,117,376,7,h15,4399040171398651594
p1,C,29,92,379,h15,4399040171398651594
p1,Non-ROH,500,0,0,h15,4399040171398651594
p2,A,496,4,0,h15,4399040171398651594
p2,B,225,275,0,h15,4399040171398651594
p2,C,16,149,335,h15,4399040171398651594
p2,Non-ROH,500,0,0,h15,4399040171398651594
p3,A,499,1,0,h15,4399040171398651594
p3,B,289,211,0,h15,4399040171398651594
p3,C,27,128,345,h15,4399040171398651594
p3,Non-ROH,500,0,0,h15,4399040171398651594
p1,A,447,53,0,h15,4406895073553740970
p1,B,78,405,17,h15,4406895073553740970
p1,C,16,102,382,h15,4406895073553740970
p1,Non-ROH,500,0,0,h15,4406895073553740970
p2,A,482,18,0,h15,4406895073553740970
p2,B,194,306,0,h15,4406895073553740970
p2,C,11,109,380,h15,4406895073553740970
p2,Non-ROH,500,0,0,h15,4406895073553740970
p3,A,497,3,0,h15,4406895073553740970
p3,B,247,253,0,h15,4406895073553740970
p3,C,15,111,374,h15,4406895073553740970
p3,Non-ROH,500,0,0,h15,4406895073553740970
p1,A,412,88,0,h15,441017604722670060
p1,B,70,418,12,h15,441017604722670060
p1,C,21,101,378,h15,441017604722670060
p1,Non-ROH,500,0,0,h15,441017604722670060
p2,A,491,9,0,h15,441017604722670060
p2,B,204,296,0,h15,441017604722670060
p2,C,17,96,387,h15,441017604722670060
p2,Non-ROH,500,0,0,h15,441017604722670060
p3,A,491,9,0,h15,441017604722670060
p3,B,255,245,0,h15,441017604722670060
p3,C,20,105,375,h15,441017604722670060
p3,Non-ROH,500,0,0,h15,441017604722670060
p1,A,435,65,0,h15,4416447373977992512
p1,B,122,366,12,h15,4416447373977992512
p1,C,18,108,374,h15,4416447373977992512
p1,Non-ROH,500,0,0,h15,4416447373977992512
p2,A,485,15,0,h15,4416447373977992512
p2,B,258,242,0,h15,4416447373977992512
p2,C,18,158,324,h15,4416447373977992512
p2,Non-ROH,500,0,0,h15,4416447373977992512
p3,A,499,1,0,h15,4416447373977992512
p3,B,316,184,0,h15,4416447373977992512
p3,C,21,111,368,h15,4416447373977992512
p3,Non-ROH,500,0,0,h15,4416447373977992512
p1,A,471,29,0,h15,4467697285183186908
p1,B,122,360,18,h15,4467697285183186908
p1,C,26,117,357,h15,4467697285183186908
p1,Non-ROH,500,0,0,h15,4467697285183186908
p2,A,500,0,0,h15,4467697285183186908
p2,B,240,260,0,h15,4467697285183186908
p2,C,18,111,371,h15,4467697285183186908
p2,Non-ROH,500,0,0,h15,4467697285183186908
p3,A,500,0,0,h15,4467697285183186908
p3,B,333,167,0,h15,4467697285183186908
p3,C,18,134,348,h15,4467697285183186908
p3,Non-ROH,500,0,0,h15,4467697285183186908
p1,A,464,36,0,h15,4472964399976264745
p1,B,114,369,17,h15,4472964399976264745
p1,C,26,96,378,h15,4472964399976264745
p1,Non-ROH,500,0,0,h15,4472964399976264745
p2,A,499,1,0,h15,4472964399976264745
p2,B,253,247,0,h15,4472964399976264745
p2,C,20,111,369,h15,4472964399976264745
p2,Non-ROH,500,0,0,h15,4472964399976264745
p3,A,494,6,0,h15,4472964399976264745
p3,B,316,184,0,h15,4472964399976264745
p3,C,30,154,316,h15,4472964399976264745
p3,Non-ROH,500,0,0,h15,4472964399976264745
p1,A,451,49,0,h15,4511024912300802566
p1,B,112,372,16,h15,4511024912300802566
p1,C,28,96,376,h15,4511024912300802566
p1,Non-ROH,500,0,0,h15,4511024912300802566
p2,A,499,1,0,h15,4511024912300802566
p2,B,261,239,0,h15,4511024912300802566
p2,C,17,127,356,h15,4511024912300802566
p2,Non-ROH,500,0,0,h15,4511024912300802566
p3,A,496,4,0,h15,4511024912300802566
p3,B,308,192,0,h15,4511024912300802566
p3,C,17,116,367,h15,4511024912300802566
p3,Non-ROH,500,0,0,h15,4511024912300802566
p1,A,453,47,0,h15,4515077648326379087
p1,B,71,417,12,h15,4515077648326379087
p1,C,12,101,387,h15,4515077648326379087
p1,Non-ROH,500,0,0,h15,4515077648326379087
p2,A,492,8,0,h15,4515077648326379087
p2,B,192,308,0,h15,4515077648326379087
p2,C,18,126,356,h15,4515077648326379087
p2,Non-ROH,500,0,0,h15,4515077648326379087
p3,A,494,6,0,h15,4515077648326379087
p3,B,249,251,0,h15,4515077648326379087
p3,C,17,107,376,h15,4515077648326379087
p3,Non-ROH,500,0,0,h15,4515077648326379087
p1,A,474,26,0,h15,4584561167474538213
p1,B,154,328,18,h15,4584561167474538213
p1,C,39,95,366,h15,4584561167474538213
p1,Non-ROH,500,0,0,h15,4584561167474538213
p2,A,500,0,0,h15,4584561167474538213
p2,B,299,201,0,h15,4584561167474538213
p2,C,24,111,365,h15,4584561167474538213
p2,Non-ROH,500,0,0,h15,4584561167474538213
p3,A,500,0,0,h15,4584561167474538213
p3,B,331,169,0,h15,4584561167474538213
p3,C,22,140,338,h15,4584561167474538213
p3,Non-ROH,500,0,0,h15,4584561167474538213
p1,A,406,94,0,h15,4606812304052956530
p1,B,72,413,15,h15,4606812304052956530
p1,C,14,105,381,h15,4606812304052956530
p1,Non-ROH,500,0,0,h15,4606812304052956530
p2,A,494,6,0,h15,4606812304052956530
p2,B,171,329,0,h15,4606812304052956530
p2,C,14,117,369,h15,4606812304052956530
p2,Non-ROH,500,0,0,h15,4606812304052956530
p3,A,497,3,0,h15,4606812304052956530
p3,B,248,252,0,h15,4606812304052956530
p3,C,9,147,344,h15,4606812304052956530
p3,Non-ROH,500,0,0,h15,4606812304052956530
p1,A,375,125,0,h15,4628598236574969621
p1,B,46,444,10,h15,4628598236574969621
p1,C,18,126,356,h15,4628598236574969621
p1,Non-ROH,500,0,0,h15,4628598236574969621
p2,A,472,28,0,h15,4628598236574969621
p2,B,110,390,0,h15,4628598236574969621
p2,C,14,138,348,h15,4628598236574969621
p2,Non-ROH,500,0,0,h15,4628598236574969621
p3,A,477,23,0,h15,4628598236574969621
p3,B,147,353,0,h15,4628598236574969621
p3,C,8,132,360,h15,4628598236574969621
p3,Non-ROH,500,0,0,h15,4628598236574969621
p1,A,450,50,0,h15,4647004326286484686
p1,B,139,344,17,h15,4647004326286484686
p1,C,36,109,355,h15,4647004326286484686
p1,Non-ROH,500,0,0,h15,4647004326286484686
p2,A,494,6,0,h15,4647004326286484686
p2,B,290,210,0,h15,4647004326286484686
p2,C,19,101,380,h15,4647004326286484686
p2,Non-ROH,500,0,0,h15,4647004326286484686
p3,A,499,1,0,h15,4647004326286484686
p3,B,328,172,0,h15,4647004326286484686
p3,C,21,125,354,h15,4647004326286484686
p3,Non-ROH,500,0,0,h15,4647004326286484686
p1,A,418,82,0,h15,4653809936494251115
p1,B,65,421,14,h15,4653809936494251115
p1,C,19,119,362,h15,4653809936494251115
p1,Non-ROH,500,0,0,h15,4653809936494251115
p2,A,485,15,0,h15,4653809936494251115
p2,B,163,337,0,h15,4653809936494251115
p2,C,13,116,371,h15,4653809936494251115
p2,Non-ROH,500,0,0,h15,4653809936494251115
p3,A,480,20,0,h15,4653809936494251115
p3,B,184,316,0,h15,4653809936494251115
p3,C,4,194,302,h15,4653809936494251115
p3,Non-ROH,500,0,0,h15,4653809936494251115
p1,A,440,60,0,h15,4698126246452767033
p1,B,116,372,12,h15,4698126246452767033
p1,C,24,108,368,h15,4698126246452767033
p1,Non-ROH,500,0,0,h15,4698126246452767033
p2,A,494,6,0,h15,4698126246452767033
p2,B,290,210,0,h15,4698126246452767033
p2,C,16,99,385,h15,4698126246452767033
p2,Non-ROH,500,0,0,h15,4698126246452767033
p3,A,492,8,0,h15,4698126246452767033
p3,B,263,237,0,h15,4698126246452767033
p3,C,29,209,262,h15,4698126246452767033
p3,Non-ROH,500,0,0,h15,4698126246452767033
p1,A,429,71,0,h15,4721150406161330258
p1,B,99,386,15,h15,4721150406161330258
p1,C,32,117,351,h15,4721150406161330258
p1,Non-ROH,500,0,0,h15,4721150406161330258
p2,A,489,11,0,h15,4721150406161330258
p2,B,221,279,0,h15,4721150406161330258
p2,C,25,98,377,h15,4721150406161330258
p2,Non-ROH,500,0,0,h15,4721150406161330258
p3,A,497,3,0,h15,4721150406161330258
p3,B,265,235,0,h15,4721150406161330258
p3,C,21,88,391,h15,4721150406161330258
p3,Non-ROH,500,0,0,h15,4721150406161330258
p1,A,453,47,0,h15,4745187287636756444
p1,B,122,363,15,h15,4745187287636756444
p1,C,28,104,368,h15,4745187287636756444
p1,Non-ROH,500,0,0,h15,4745187287636756444
p2,A,500,0,0,h15,4745187287636756444
p2,B,288,212,0,h15,4745187287636756444
p2,C,34,139,327,h15,4745187287636756444
p2,Non-ROH,500,0,0,h15,4745187287636756444
p3,A,499,1,0,h15,4745187287636756444
p3,B,296,204,0,h15,4745187287636756444
p3,C,27,144,329,h15,4745187287636756444
p3,Non-ROH,500,0,0,h15,4745187287636756444
p1,A,448,52,0,h15,4771462021597769792
p1,B,75,408,17,h15,4771462021597769792
p1,C,22,91,387,h15,4771462021597769792
p1,Non-ROH,500,0,0,h15,4771462021597769792
p2,A,498,2,0,h15,4771462021597769792
p2,B,197,303,0,h15,4771462021597769792
p2,C,10,142,348,h15,4771462021597769792
p2,Non-ROH,500,0,0,h15,4771462021597769792
p3,A,497,3,0,h15,4771462021597769792
p3,B,269,231,0,h15,4771462021597769792
p3,C,15,117,368,h15,4771462021597769792
p3,Non-ROH,500,0,0,h15,4771462021597769792
p1,A,365,135,0,h15,4773199782475991387
p1,B,66,418,16,h15,4773199782475991387
p1,C,30,113,357,h15,4773199782475991387
p1,Non-ROH,500,0,0,h15,4773199782475991387
p2,A,462,38,0,h15,4773199782475991387
p2,B,186,314,0,h15,4773199782475991387
p2,C,17,105,378,h15,4773199782475991387
p2,Non-ROH,500,0,0,h15,4773199782475991387
p3,A,485,15,0,h15,4773199782475991387
p3,B,229,271,0,h15,4773199782475991387
p3,C,14,196,290,h15,4773199782475991387
p3,Non-ROH,500,0,0,h15,4773199782475991387
p1,A,425,75,0,h15,4778572288857130378
p1,B,59,425,16,h15,4778572288857130378
p1,C,24,107,369,h15,4778572288857130378
p1,Non-ROH,500,0,0,h15,4778572288857130378
p2,A,497,3,0,h15,4778572288857130378
p2,B,215,285,0,h15,4778572288857130378
p2,C,16,132,352,h15,4778572288857130378
p2,Non-ROH,500,0,0,h15,4778572288857130378
p3,A,495,5,0,h15,4778572288857130378
p3,B,262,238,0,h15,4778572288857130378
p3,C,12,180,308,h15,4778572288857130378
p3,Non-ROH,500,0,0,h15,4778572288857130378
p1,A,461,39,0,h15,4789987914834744075
p1,B,88,397,15,h15,4789987914834744075
p1,C,29,106,365,h15,4789987914834744075
p1,Non-ROH,500,0,0,h15,4789987914834744075
p2,A,494,6,0,h15,4789987914834744075
p2,B,217,283,0,h15,4789987914834744075
p2,C,17,132,351,h15,4789987914834744075
p2,Non-ROH,500,0,0,h15,4789987914834744075
p3,A,493,7,0,h15,4789987914834744075
p3,B,285,215,0,h15,4789987914834744075
p3,C,15,147,338,h15,4789987914834744075
p3,Non-ROH,500,0,0,h15,4789987914834744075
p1,A,451,49,0,h15,4829306345713179926
p1,B,110,368,22,h15,4829306345713179926
p1,C,38,88,374,h15,4829306345713179926
p1,Non-ROH,500,0,0,h15,4829306345713179926
p2,A,492,8,0,h15,4829306345713179926
p2,B,325,175,0,h15,4829306345713179926
p2,C,27,77,396,h15,4829306345713179926
p2,Non-ROH,500,0,0,h15,4829306345713179926
p3,A,489,11,0,h15,4829306345713179926
p3,B,249,251,0,h15,4829306345713179926
p3,C,23,157,320,h15,4829306345713179926
p3,Non-ROH,500,0,0,h15,4829306345713179926
p1,A,471,29,0,h15,4843804138709233019
p1,B,95,387,18,h15,4843804138709233019
p1,C,34,80,386,h15,4843804138709233019
p1,Non-ROH,500,0,0,h15,4843804138709233019
p2,A,495,5,0,h15,4843804138709233019
p2,B,212,288,0,h15,4843804138709233019
p2,C,17,89,394,h15,4843804138709233019
p2,Non-ROH,500,0,0,h15,4843804138709233019
p3,A,497,3,0,h15,4843804138709233019
p3,B,288,212,0,h15,4843804138709233019
p3,C,89,83,328,h15,4843804138709233019
p3,Non-ROH,500,0,0,h15,4843804138709233019
p1,A,447,53,0,h15,485827915098283973
p1,B,75,410,15,h15,485827915098283973
p1,C,27,132,341,h15,485827915098283973
p1,Non-ROH,500,0,0,h15,485827915098283973
p2,A,497,3,0,h15,485827915098283973
p2,B,245,255,0,h15,485827915098283973
p2,C,22,74,404,h15,485827915098283973
p2,Non-ROH,500,0,0,h15,485827915098283973
p3,A,496,4,0,h15,485827915098283973
p3,B,248,252,0,h15,485827915098283973
p3,C,20,120,360,h15,485827915098283973
p3,Non-ROH,500,0,0,h15,485827915098283973
p1,A,451,49,0,h15,4878522617487931086
p1,B,120,368,12,h15,4878522617487931086
p1,C,32,88,380,h15,4878522617487931086
p1,Non-ROH,500,0,0,h15,4878522617487931086
p2,A,482,18,0,h15,4878522617487931086
p2,B,252,248,0,h15,4878522617487931086
p2,C,17,92,391,h15,4878522617487931086
p2,Non-ROH,500,0,0,h15,4878522617487931086
p3,A,493,7,0,h15,4878522617487931086
p3,B,272,228,0,h15,4878522617487931086
p3,C,11,125,364,h15,4878522617487931086
p3,Non-ROH,500,0,0,h15,4878522617487931086
p1,A,441,59,0,h15,4905478093657705566
p1,B,117,366,17,h15,4905478093657705566
p1,C,22,104,374,h15,4905478093657705566
p1,Non-ROH,500,0,0,h15,4905478093657705566
p2,A,491,9,0,h15,4905478093657705566
p2,B,252,248,0,h15,4905478093657705566
p2,C,18,110,372,h15,4905478093657705566
p2,Non-ROH,500,0,0,h15,4905478093657705566
p3,A,497,3,0,h15,4905478093657705566
p3,B,309,191,0,h15,4905478093657705566
p3,C,12,179,309,h15,4905478093657705566
p3,Non-ROH,500,0,0,h15,4905478093657705566
p1,A,400,100,0,h15,4907220619242080258
p1,B,81,410,9,h15,4907220619242080258
p1,C,22,100,378,h15,4907220619242080258
p1,Non-ROH,500,0,0,h15,4907220619242080258
p2,A,479,21,0,h15,4907220619242080258
p2,B,213,287,0,h15,4907220619242080258
p2,C,14,140,346,h15,4907220619242080258
p2,Non-ROH,500,0,0,h15,4907220619242080258
p3,A,485,15,0,h15,4907220619242080258
p3,B,296,204,0,h15,4907220619242080258
p3,C,14,132,354,h15,4907220619242080258
p3,Non-ROH,500,0,0,h15,4907220619242080258
p1,A,445,55,0,h15,4918354425355814078
p1,B,78,411,11,h15,4918354425355814078
p1,C,20,121,359,h15,4918354425355814078
p1,Non-ROH,500,0,0,h15,4918354425355814078
p2,A,497,3,0,h15,4918354425355814078
p2,B,181,319,0,h15,4918354425355814078
p2,C,13,168,319,h15,4918354425355814078
p2,Non-ROH,500,0,0,h15,4918354425355814078
p3,A,479,21,0,h15,4918354425355814078
p3,B,196,304,0,h15,4918354425355814078
p3,C,3,112,385,h15,4918354425355814078
p3,Non-ROH,500,0,0,h15,4918354425355814078
p1,A,449,51,0,h15,4923815154829993657
p1,B,72,417,11,h15,4923815154829993657
p1,C,41,101,358,h15,4923815154829993657
p1,Non-ROH,500,0,0,h15,4923815154829993657
p2,A,492,8,0,h15,4923815154829993657
p2,B,164,336,0,h15,4923815154829993657
p2,C,44,155,301,h15,4923815154829993657
p2,Non-ROH,500,0,0,h15,4923815154829993657
p3,A,496,4,0,h15,4923815154829993657
p3,B,206,294,0,h15,4923815154829993657
p3,C,66,151,283,h15,4923815154829993657
p3,Non-ROH,500,0,0,h15,4923815154829993657
p1,A,433,67,0,h15,4931795206490572184
p1,B,103,383,14,h15,4931795206490572184
p1,C,25,118,357,h15,4931795206490572184
p1,Non-ROH,500,0,0,h15,4931795206490572184
p2,A,496,4,0,h15,4931795206490572184
p2,B,208,292,0,h15,4931795206490572184
p2,C,22,141,337,h15,4931795206490572184
p2,Non-ROH,500,0,0,h15,4931795206490572184
p3,A,499,1,0,h15,4931795206490572184
p3,B,210,290,0,h15,4931795206490572184
p3,C,12,133,355,h15,4931795206490572184
p3,Non-ROH,500,0,0,h15,4931795206490572184
p1,A,459,41,0,h15,495175793068078460
p1,B,102,379,19,h15,495175793068078460
p1,C,29,99,372,h15,495175793068078460
p1,Non-ROH,500,0,0,h15,495175793068078460
p2,A,494,6,0,h15,495175793068078460
p2,B,243,257,0,h15,495175793068078460
p2,C,19,107,374,h15,495175793068078460
p2,Non-ROH,500,0,0,h15,495175793068078460
p3,A,498,2,0,h15,495175793068078460
p3,B,304,196,0,h15,495175793068078460
p3,C,12,116,372,h15,495175793068078460
p3,Non-ROH,500,0,0,h15,495175793068078460
p1,A,477,23,0,h15,4960597125925681665
p1,B,82,403,15,h15,4960597125925681665
p1,C,33,113,354,h15,4960597125925681665
p1,Non-ROH,500,0,0,h15,4960597125925681665
p2,A,500,0,0,h15,4960597125925681665
p2,B,230,270,0,h15,4960597125925681665
p2,C,21,125,354,h15,4960597125925681665
p2,Non-ROH,500,0,0,h15,4960597125925681665
p3,A,500,0,0,h15,4960597125925681665
p3,B,237,263,0,h15,4960597125925681665
p3,C,16,119,365,h15,4960597125925681665
p3,Non-ROH,500,0,0,h15,4960597125925681665
p1,A,479,21,0,h15,4975343302384381602
p1,B,129,362,9,h15,4975343302384381602
p1,C,20,109,371,h15,4975343302384381602
p1,Non-ROH,500,0,0,h15,4975343302384381602
p2,A,498,2,0,h15,4975343302384381602
p2,B,250,250,0,h15,4975343302384381602
p2,C,18,112,370,h15,4975343302384381602
p2,Non-ROH,500,0,0,h15,4975343302384381602
p3,A,500,0,0,h15,4975343302384381602
p3,B,320,180,0,h15,4975343302384381602
p3,C,14,118,368,h15,4975343302384381602
p3,Non-ROH,500,0,0,h15,4975343302384381602
p1,A,428,72,0,h15,5063902303331699690
p1,B,91,391,18,h15,5063902303331699690
p1,C,24,88,388,h15,5063902303331699690
p1,Non-ROH,500,0,0,h15,5063902303331699690
p2,A,473,27,0,h15,5063902303331699690
p2,B,161,339,0,h15,5063902303331699690
p2,C,11,145,344,h15,5063902303331699690
p2,Non-ROH,500,0,0,h15,5063902303331699690
p3,A,496,4,0,h15,5063902303331699690
p3,B,243,257,0,h15,5063902303331699690
p3,C,39,153,308,h15,5063902303331699690
p3,Non-ROH,500,0,0,h15,5063902303331699690
p1,A,436,64,0,h15,5066113823812492879
p1,B,89,393,18,h15,5066113823812492879
p1,C,24,108,368,h15,5066113823812492879
p1,Non-ROH,500,0,0,h15,5066113823812492879
p2,A,484,16,0,h15,5066113823812492879
p2,B,236,264,0,h15,5066113823812492879
p2,C,12,106,382,h15,5066113823812492879
p2,Non-ROH,500,0,0,h15,5066113823812492879
p3,A,493,7,0,h15,5066113823812492879
p3,B,295,205,0,h15,5066113823812492879
p3,C,17,112,371,h15,5066113823812492879
p3,Non-ROH,500,0,0,h15,5066113823812492879
p1,A,475,25,0,h15,5084626038204743742
p1,B,84,402,14,h15,5084626038204743742
p1,C,21,99,380,h15,5084626038204743742
p1,Non-ROH,500,0,0,h15,5084626038204743742
p2,A,494,6,0,h15,5084626038204743742
p2,B,213,287,0,h15,5084626038204743742
p2,C,13,135,352,h15,5084626038204743742
p2,Non-ROH,500,0,0,h15,5084626038204743742
p3,A,498,2,0,h15,5084626038204743742
p3,B,253,247,0,h15,5084626038204743742
p3,C,14,140,346,h15,5084626038204743742
p3,Non-ROH,500,0,0,h15,5084626038204743742
p1,A,420,80,0,h15,5098434102124861901
p1,B,94,390,16,h15,5098434102124861901
p1,C,24,102,374,h15,5098434102124861901
p1,Non-ROH,500,0,0,h15,5098434102124861901
p2,A,493,7,0,h15,5098434102124861901
p2,B,247,253,0,h15,5098434102124861901
p2,C,14,121,365,h15,5098434102124861901
p2,Non-ROH,500,0,0,h15,5098434102124861901
p3,A,493,7,0,h15,5098434102124861901
p3,B,287,213,0,h15,5098434102124861901
p3,C,14,122,364,h15,5098434102124861901
p3,Non-ROH,500,0,0,h15,5098434102124861901
p1,A,467,33,0,h15,5110970989732284377
p1,B,104,382,14,h15,5110970989732284377
p1,C,23,106,371,h15,5110970989732284377
p1,Non-ROH,500,0,0,h15,5110970989732284377
p2,A,492,8,0,h15,5110970989732284377
p2,B,200,300,0,h15,5110970989732284377
p2,C,21,138,341,h15,5110970989732284377
p2,Non-ROH,500,0,0,h15,5110970989732284377
p3,A,492,8,0,h15,5110970989732284377
p3,B,301,199,0,h15,5110970989732284377
p3,C,19,162,319,h15,5110970989732284377
p3,Non-ROH,500,0,0,h15,5110970989732284377
p1,A,452,48,0,h15,5123445201444146103
p1,B,84,402,14,h15,5123445201444146103
p1,C,16,114,370,h15,5123445201444146103
p1,Non-ROH,500,0,0,h15,5123445201444146103
p2,A,494,6,0,h15,5123445201444146103
p2,B,178,322,0,h15,5123445201444146103
p2,C,15,112,373,h15,5123445201444146103
p2,Non-ROH,500,0,0,h15,5123445201444146103
p3,A,493,7,0,h15,5123445201444146103
p3,B,234,266,0,h15,5123445201444146103
p3,C,13,200,287,h15,5123445201444146103
p3,Non-ROH,500,0,0,h15,5123445201444146103
p1,A,441,59,0,h15,5133267597334272441
p1,B,122,360,18,h15,5133267597334272441
p1,C,32,86,382,h15,5133267597334272441
p1,Non-ROH,500,0,0,h15,5133267597334272441
p2,A,498,2,0,h15,5133267597334272441
p2,B,245,255,0,h15,5133267597334272441
p2,C,29,113,358,h15,5133267597334272441
p2,Non-ROH,500,0,0,h15,5133267597334272441
p3,A,497,3,0,h15,5133267597334272441
p3,B,265,235,0,h15,5133267597334272441
p3,C,17,99,384,h15,5133267597334272441
p3,Non-ROH,500,0,0,h15,5133267597334272441
p1,A,484,16,0,h15,5145966158009217779
p1,B,104,374,22,h15,5145966158009217779
p1,C,48,78,374,h15,5145966158009217779
p1,Non-ROH,500,0,0,h15,5145966158009217779
p2,A,500,0,0,h15,5145966158009217779
p2,B,243,257,0,h15,5145966158009217779
p2,C,18,111,371,h15,5145966158009217779
p2,Non-ROH,500,0,0,h15,5145966158009217779
p3,A,500,0,0,h15,5145966158009217779
p3,B,318,182,0,h15,5145966158009217779
p3,C,8,143,349,h15,5145966158009217779
p3,Non-ROH,500,0,0,h15,5145966158009217779
p1,A,479,21,0,h15,5176586221759402753
p1,B,124,362,14,h15,5176586221759402753
p1,C,34,104,362,h15,5176586221759402753
p1,Non-ROH,500,0,0,h15,5176586221759402753
p2,A,498,2,0,h15,5176586221759402753
p2,B,245,255,0,h15,5176586221759402753
p2,C,19,192,289,h15,5176586221759402753
p2,Non-ROH,500,0,0,h15,5176586221759402753
p3,A,499,1,0,h15,5176586221759402753
p3,B,301,199,0,h15,5176586221759402753
p3,C,16,148,336,h15,5176586221759402753
p3,Non-ROH,500,0,0,h15,5176586221759402753
p1,A,453,47,0,h15,5202630681384220438
p1,B,87,392,21,h15,5202630681384220438
p1,C,33,100,367,h15,5202630681384220438
p1,Non-ROH,500,0,0,h15,5202630681384220438
p2,A,497,3,0,h15,5202630681384220438
p2,B,193,307,0,h15,5202630681384220438
p2,C,24,100,376,h15,5202630681384220438
p2,Non-ROH,500,0,0,h15,5202630681384220438
p3,A,498,2,0,h15,5202630681384220438
p3,B,244,256,0,h15,5202630681384220438
p3,C,16,84,400,h15,5202630681384220438
p3,Non-ROH,500,0,0,h15,5202630681384220438
p1,A,422,78,0,h15,5234479157110391535
p1,B,71,417,12,h15,5234479157110391535
p1,C,16,116,368,h15,5234479157110391535
p1,Non-ROH,500,0,0,h15,5234479157110391535
p2,A,491,9,0,h15,5234479157110391535
p2,B,189,311,0,h15,5234479157110391535
p2,C,12,125,363,h15,5234479157110391535
p2,Non-ROH,500,0,0,h15,5234479157110391535
p3,A,494,6,0,h15,5234479157110391535
p3,B,193,307,0,h15,5234479157110391535
p3,C,11,133,356,h15,5234479157110391535
p3,Non-ROH,500,0,0,h15,5234479157110391535
p1,A,449,51,0,h15,5237173890570091681
p1,B,95,396,9,h15,5237173890570091681
p1,C,23,96,381,h15,5237173890570091681
p1,Non-ROH,500,0,0,h15,5237173890570091681
p2,A,497,3,0,h15,5237173890570091681
p2,B,205,295,0,h15,5237173890570091681
p2,C,17,132,351,h15,5237173890570091681
p2,Non-ROH,500,0,0,h15,5237173890570091681
p3,A,497,3,0,h15,5237173890570091681
p3,B,266,234,0,h15,5237173890570091681
p3,C,20,120,360,h15,5237173890570091681
p3,Non-ROH,500,0,0,h15,5237173890570091681
p1,A,411,89,0,h15,5256084581738131185
p1,B,79,407,14,h15,5256084581738131185
p1,C,23,93,384,h15,5256084581738131185
p1,Non-ROH,500,0,0,h15,5256084581738131185
p2,A,493,7,0,h15,5256084581738131185
p2,B,202,298,0,h15,5256084581738131185
p2,C,27,97,376,h15,5256084581738131185
p2,Non-ROH,500,0,0,h15,5256084581738131185
p3,A,483,17,0,h15,5256084581738131185
p3,B,253,247,0,h15,5256084581738131185
p3,C,20,199,281,h15,5256084581738131185
p3,Non-ROH,500,0,0,h15,5256084581738131185
p1,A,426,74,0,h15,5278916152404518456
p1,B,83,403,14,h15,5278916152404518456
p1,C,23,128,349,h15,5278916152404518456
p1,Non-ROH,500,0,0,h15,5278916152404518456
p2,A,494,6,0,h15,5278916152404518456
p2,B,187,313,0,h15,5278916152404518456
p2,C,14,135,351,h15,5278916152404518456
p2,Non-ROH,500,0,0,h15,5278916152404518456
p3,A,497,3,0,h15,5278916152404518456
p3,B,227,273,0,h15,5278916152404518456
p3,C,15,139,346,h15,5278916152404518456
p3,Non-ROH,500,0,0,h15,5278916152404518456
p1,A,444,56,0,h15,5295198285982882322
p1,B,98,388,14,h15,5295198285982882322
p1,C,29,101,370,h15,5295198285982882322
p1,Non-ROH,500,0,0,h15,5295198285982882322
p2,A,489,11,0,h15,5295198285982882322
p2,B,239,261,0,h15,5295198285982882322
p2,C,14,102,384,h15,5295198285982882322
p2,Non-ROH,500,0,0,h15,5295198285982882322
p3,A,493,7,0,h15,5295198285982882322
p3,B,315,185,0,h15,5295198285982882322
p3,C,13,133,354,h15,5295198285982882322
p3,Non-ROH,500,0,0,h15,5295198285982882322
p1,A,456,44,0,h15,5298333590867937410
p1,B,99,388,13,h15,5298333590867937410
p1,C,34,101,365,h15,5298333590867937410
p1,Non-ROH,500,0,0,h15,5298333590867937410
p2,A,490,10,0,h15,5298333590867937410
p2,B,234,266,0,h15,5298333590867937410
p2,C,20,159,321,h15,5298333590867937410
p2,Non-ROH,500,0,0,h15,5298333590867937410
p3,A,499,1,0,h15,5298333590867937410
p3,B,290,210,0,h15,5298333590867937410
p3,C,13,120,367,h15,5298333590867937410
p3,Non-ROH,500,0,0,h15,5298333590867937410
p1,A,452,48,0,h15,5302010441169196640
p1,B,92,402,6,h15,5302010441169196640
p1,C,26,98,376,h15,5302010441169196640
p1,Non-ROH,500,0,0,h15,5302010441169196640
p2,A,497,3,0,h15,5302010441169196640
p2,B,231,269,0,h15,5302010441169196640
p2,C,16,123,361,h15,5302010441169196640
p2,Non-ROH,500,0,0,h15,5302010441169196640
p3,A,495,5,0,h15,5302010441169196640
p3,B,284,216,0,h15,5302010441169196640
p3,C,33,150,317,h15,5302010441169196640
p3,Non-ROH,500,0,0,h15,5302010441169196640
p1,A,434,66,0,h15,5308859903619254707
p1,B,83,403,14,h15,5308859903619254707
p1,C,16,105,379,h15,5308859903619254707
p1,Non-ROH,500,0,0,h15,5308859903619254707
p2,A,489,11,0,h15,5308859903619254707
p2,B,143,357,0,h15,5308859903619254707
p2,C,9,116,375,h15,5308859903619254707
p2,Non-ROH,500,0,0,h15,5308859903619254707
p3,A,490,10,0,h15,5308859903619254707
p3,B,257,243,0,h15,5308859903619254707
p3,C,10,153,337,h15,5308859903619254707
p3,Non-ROH,500,0,0,h15,5308859903619254707
p1,A,407,93,0,h15,5317720066311472576
p1,B,59,422,19,h15,5317720066311472576
p1,C,16,108,376,h15,5317720066311472576
p1,Non-ROH,500,0,0,h15,5317720066311472576
p2,A,489,11,0,h15,5317720066311472576
p2,B,185,315,0,h15,5317720066311472576
p2,C,13,171,316,h15,5317720066311472576
p2,Non-ROH,500,0,0,h15,5317720066311472576
p3,A,496,4,0,h15,5317720066311472576
p3,B,218,282,0,h15,5317720066311472576
p3,C,11,141,348,h15,5317720066311472576
p3,Non-ROH,500,0,0,h15,5317720066311472576
p1,A,486,14,0,h15,5321944938212571663
p1,B,107,375,18,h15,5321944938212571663
p1,C,24,95,381,h15,5321944938212571663
p1,Non-ROH,500,0,0,h15,5321944938212571663
p2,A,500,0,0,h15,5321944938212571663
p2,B,228,272,0,h15,5321944938212571663
p2,C,20,140,340,h15,5321944938212571663
p2,Non-ROH,500,0,0,h15,5321944938212571663
p3,A,500,0,0,h15,5321944938212571663
p3,B,323,177,0,h15,5321944938212571663
p3,C,20,136,344,h15,5321944938212571663
p3,Non-ROH,500,0,0,h15,5321944938212571663
p1,A,408,92,0,h15,5322429953879401608
p1,B,74,411,15,h15,5322429953879401608
p1,C,31,113,356,h15,5322429953879401608
p1,Non-ROH,500,0,0,h15,5322429953879401608
p2,A,483,17,0,h15,5322429953879401608
p2,B,142,357,1,h15,5322429953879401608
p2,C,23,88,389,h15,5322429953879401608
p2,Non-ROH,500,0,0,h15,5322429953879401608
p3,A,496,4,0,h15,5322429953879401608
p3,B,219,281,0,h15,5322429953879401608
p3,C,18,88,394,h15,5322429953879401608
p3,Non-ROH,500,0,0,h15,5322429953879401608
p1,A,462,38,0,h15,5324252283481143529
p1,B,101,384,15,h15,5324252283481143529
p1,C,31,113,356,h15,5324252283481143529
p1,Non-ROH,500,0,0,h15,5324252283481143529
p2,A,498,2,0,h15,5324252283481143529
p2,B,261,239,0,h15,5324252283481143529
p2,C,25,110,365,h15,5324252283481143529
p2,Non-ROH,500,0,0,h15,5324252283481143529
p3,A,500,0,0,h15,5324252283481143529
p3,B,298,202,0,h15,5324252283481143529
p3,C,19,102,379,h15,5324252283481143529
p3,Non-ROH,500,0,0,h15,5324252283481143529
p1,A,457,43,0,h15,5339998715273853505
p1,B,114,382,4,h15,5339998715273853505
p1,C,33,102,365,h15,5339998715273853505
p1,Non-ROH,500,0,0,h15,5339998715273853505
p2,A,494,6,0,h15,5339998715273853505
p2,B,225,275,0,h15,5339998715273853505
p2,C,23,111,366,h15,5339998715273853505
p2,Non-ROH,500,0,0,h15,5339998715273853505
p3,A,494,6,0,h15,5339998715273853505
p3,B,306,194,0,h15,5339998715273853505
p3,C,24,166,310,h15,5339998715273853505
p3,Non-ROH,500,0,0,h15,5339998715273853505
p1,A,439,61,0,h15,534890264862344465
p1,B,122,366,12,h15,534890264862344465
p1,C,26,92,382,h15,534890264862344465
p1,Non-ROH,500,0,0,h15,534890264862344465
p2,A,493,7,0,h15,534890264862344465
p2,B,289,211,0,h15,534890264862344465
p2,C,16,98,386,h15,534890264862344465
p2,Non-ROH,500,0,0,h15,534890264862344465
p3,A,485,15,0,h15,534890264862344465
p3,B,295,205,0,h15,534890264862344465
p3,C,18,147,335,h15,534890264862344465
p3,Non-ROH,500,0,0,h15,534890264862344465
p1,A,479,21,0,h15,5376184914448647708
p1,B,106,387,7,h15,5376184914448647708
p1,C,25,100,375,h15,5376184914448647708
p1,Non-ROH,500,0,0,h15,5376184914448647708
p2,A,497,3,0,h15,5376184914448647708
p2,B,255,245,0,h15,5376184914448647708
p2,C,36,141,323,h15,5376184914448647708
p2,Non-ROH,500,0,0,h15,5376184914448647708
p3,A,500,0,0,h15,5376184914448647708
p3,B,327,173,0,h15,5376184914448647708
p3,C,28,87,385,h15,5376184914448647708
p3,Non-ROH,500,0,0,h15,5376184914448647708
p1,A,468,32,0,h15,5384843017351500412
p1,B,140,345,15,h15,5384843017351500412
p1,C,41,103,356,h15,5384843017351500412
p1,Non-ROH,500,0,0,h15,5384843017351500412
p2,A,496,4,0,h15,5384843017351500412
p2,B,265,235,0,h15,5384843017351500412
p2,C,21,113,366,h15,5384843017351500412
p2,Non-ROH,500,0,0,h15,5384843017351500412
p3,A,499,1,0,h15,5384843017351500412
p3,B,342,158,0,h15,5384843017351500412
p3,C,19,183,298,h15,5384843017351500412
p3,Non-ROH,500,0,0,h15,5384843017351500412
p1,A,448,52,0,h15,541494535783318840
p1,B,106,377,17,h15,541494535783318840
p1,C,16,95,389,h15,541494535783318840
p1,Non-ROH,500,0,0,h15,541494535783318840
p2,A,487,13,0,h15,541494535783318840
p2,B,239,261,0,h15,541494535783318840
p2,C,10,124,366,h15,541494535783318840
p2,Non-ROH,500,0,0,h15,541494535783318840
p3,A,492,8,0,h15,541494535783318840
p3,B,245,255,0,h15,541494535783318840
p3,C,8,112,380,h15,541494535783318840
p3,Non-ROH,500,0,0,h15,541494535783318840
p1,A,484,16,0,h15,5417707987763698281
p1,B,124,361,15,h15,5417707987763698281
p1,C,32,84,384,h15,5417707987763698281
p1,Non-ROH,500,0,0,h15,5417707987763698281
p2,A,499,1,0,h15,5417707987763698281
p2,B,230,270,0,h15,5417707987763698281
p2,C,24,113,363,h15,5417707987763698281
p2,Non-ROH,500,0,0,h15,5417707987763698281
p3,A,499,1,0,h15,5417707987763698281
p3,B,300,200,0,h15,5417707987763698281
p3,C,20,124,356,h15,5417707987763698281
p3,Non-ROH,500,0,0,h15,5417707987763698281
p1,A,362,138,0,h15,5472364174064490458
p1,B,79,407,14,h15,5472364174064490458
p1,C,16,124,360,h15,5472364174064490458
p1,Non-ROH,500,0,0,h15,5472364174064490458
p2,A,422,78,0,h15,5472364174064490458
p2,B,160,340,0,h15,5472364174064490458
p2,C,16,135,349,h15,5472364174064490458
p2,Non-ROH,500,0,0,h15,5472364174064490458
p3,A,413,87,0,h15,5472364174064490458
p3,B,177,323,0,h15,5472364174064490458
p3,C,8,130,362,h15,5472364174064490458
p3,Non-ROH,500,0,0,h15,5472364174064490458
p1,A,447,53,0,h15,5474070091818777991
p1,B,95,392,13,h15,5474070091818777991
p1,C,27,114,359,h15,5474070091818777991
p1,Non-ROH,500,0,0,h15,5474070091818777991
p2,A,488,12,0,h15,5474070091818777991
p2,B,264,236,0,h15,5474070091818777991
p2,C,18,149,333,h15,5474070091818777991
p2,Non-ROH,500,0,0,h15,5474070091818777991
p3,A,493,7,0,h15,5474070091818777991
p3,B,310,190,0,h15,5474070091818777991
p3,C,8,120,372,h15,5474070091818777991
p3,Non-ROH,500,0,0,h15,5474070091818777991
p1,A,444,56,0,h15,5502487278394595237
p1,B,93,394,13,h15,5502487278394595237
p1,C,27,100,373,h15,5502487278394595237
p1,Non-ROH,500,0,0,h15,5502487278394595237
p2,A,492,8,0,h15,5502487278394595237
p2,B,157,343,0,h15,5502487278394595237
p2,C,26,126,348,h15,5502487278394595237
p2,Non-ROH,500,0,0,h15,5502487278394595237
p3,A,499,1,0,h15,5502487278394595237
p3,B,243,257,0,h15,5502487278394595237
p3,C,26,113,361,h15,5502487278394595237
p3,Non-ROH,500,0,0,h15,5502487278394595237
p1,A,453,47,0,h15,5545367096577949297
p1,B,115,361,24,h15,5545367096577949297
p1,C,31,92,377,h15,5545367096577949297
p1,Non-ROH,500,0,0,h15,5545367096577949297
p2,A,486,14,0,h15,5545367096577949297
p2,B,262,238,0,h15,5545367096577949297
p2,C,18,104,378,h15,5545367096577949297
p2,Non-ROH,500,0,0,h15,5545367096577949297
p3,A,492,8,0,h15,5545367096577949297
p3,B,326,174,0,h15,5545367096577949297
p3,C,13,163,324,h15,5545367096577949297
p3,Non-ROH,500,0,0,h15,5545367096577949297
p1,A,423,77,0,h15,5592438464561908426
p1,B,74,411,15,h15,5592438464561908426
p1,C,23,108,369,h15,5592438464561908426
p1,Non-ROH,500,0,0,h15,5592438464561908426
p2,A,448,52,0,h15,5592438464561908426
p2,B,158,342,0,h15,5592438464561908426
p2,C,14,103,383,h15,5592438464561908426
p2,Non-ROH,500,0,0,h15,5592438464561908426
p3,A,472,28,0,h15,5592438464561908426
p3,B,249,251,0,h15,5592438464561908426
p3,C,13,116,371,h15,5592438464561908426
p3,Non-ROH,500,0,0,h15,5592438464561908426
p1,A,484,16,0,h15,5633412943455097014
p1,B,153,335,12,h15,5633412943455097014
p1,C,28,83,389,h15,5633412943455097014
p1,Non-ROH,500,0,0,h15,5633412943455097014
p2,A,499,1,0,h15,5633412943455097014
p2,B,326,174,0,h15,5633412943455097014
p2,C,30,95,375,h15,5633412943455097014
p2,Non-ROH,500,0,0,h15,5633412943455097014
p3,A,500,0,0,h15,5633412943455097014
p3,B,324,176,0,h15,5633412943455097014
p3,C,24,97,379,h15,5633412943455097014
p3,Non-ROH,500,0,0,h15,5633412943455097014
p1,A,457,43,0,h15,5636216989253964756
p1,B,72,420,8,h15,5636216989253964756
p1,C,21,105,374,h15,5636216989253964756
p1,Non-ROH,500,0,0,h15,5636216989253964756
p2,A,494,6,0,h15,5636216989253964756
p2,B,176,324,0,h15,5636216989253964756
p2,C,20,116,364,h15,5636216989253964756
p2,Non-ROH,500,0,0,h15,5636216989253964756
p3,A,496,4,0,h15,5636216989253964756
p3,B,284,216,0,h15,5636216989253964756
p3,C,16,121,363,h15,5636216989253964756
p3,Non-ROH,500,0,0,h15,5636216989253964756
p1,A,461,39,0,h15,5660374399172068823
p1,B,116,364,20,h15,5660374399172068823
p1,C,30,89,381,h15,5660374399172068823
p1,Non-ROH,500,0,0,h15,5660374399172068823
p2,A,498,2,0,h15,5660374399172068823
p2,B,278,222,0,h15,5660374399172068823
p2,C,26,142,332,h15,5660374399172068823
p2,Non-ROH,500,0,0,h15,5660374399172068823
p3,A,498,2,0,h15,5660374399172068823
p3,B,284,216,0,h15,5660374399172068823
p3,C,24,173,303,h15,5660374399172068823
p3,Non-ROH,500,0,0,h15,5660374399172068823
p1,A,466,34,0,h15,5663093404299114628
p1,B,81,399,20,h15,5663093404299114628
p1,C,28,100,372,h15,5663093404299114628
p1,Non-ROH,500,0,0,h15,5663093404299114628
p2,A,497,3,0,h15,5663093404299114628
p2,B,196,304,0,h15,5663093404299114628
p2,C,16,116,368,h15,5663093404299114628
p2,Non-ROH,500,0,0,h15,5663093404299114628
p3,A,497,3,0,h15,5663093404299114628
p3,B,239,261,0,h15,5663093404299114628
p3,C,18,166,316,h15,5663093404299114628
p3,Non-ROH,500,0,0,h15,5663093404299114628
p1,A,426,74,0,h15,5671005661410592532
p1,B,78,405,17,h15,5671005661410592532
p1,C,27,100,373,h15,5671005661410592532
p1,Non-ROH,500,0,0,h15,5671005661410592532
p2,A,483,17,0,h15,5671005661410592532
p2,B,232,268,0,h15,5671005661410592532
p2,C,14,101,385,h15,5671005661410592532
p2,Non-ROH,500,0,0,h15,5671005661410592532
p3,A,493,7,0,h15,5671005661410592532
p3,B,287,213,0,h15,5671005661410592532
p3,C,17,112,371,h15,5671005661410592532
p3,Non-ROH,500,0,0,h15,5671005661410592532
p1,A,362,138,0,h15,5676138681981972712
p1,B,60,424,16,h15,5676138681981972712
p1,C,10,122,368,h15,5676138681981972712
p1,Non-ROH,500,0,0,h15,5676138681981972712
p2,A,449,51,0,h15,5676138681981972712
p2,B,149,351,0,h15,5676138681981972712
p2,C,17,131,352,h15,5676138681981972712
p2,Non-ROH,500,0,0,h15,5676138681981972712
p3,A,477,23,0,h15,5676138681981972712
p3,B,197,303,0,h15,5676138681981972712
p3,C,6,140,354,h15,5676138681981972712
p3,Non-ROH,500,0,0,h15,5676138681981972712
p1,A,458,42,0,h15,5684637688863825104
p1,B,128,359,13,h15,5684637688863825104
p1,C,26,109,365,h15,5684637688863825104
p1,Non-ROH,500,0,0,h15,5684637688863825104
p2,A,497,3,0,h15,5684637688863825104
p2,B,280,220,0,h15,5684637688863825104
p2,C,24,82,394,h15,5684637688863825104
p2,Non-ROH,500,0,0,h15,5684637688863825104
p3,A,498,2,0,h15,5684637688863825104
p3,B,319,181,0,h15,5684637688863825104
p3,C,28,115,357,h15,5684637688863825104
p3,Non-ROH,500,0,0,h15,5684637688863825104
p1,A,445,55,0,h15,5688047433580068346
p1,B,63,421,16,h15,5688047433580068346
p1,C,14,110,376,h15,5688047433580068346
p1,Non-ROH,500,0,0,h15,5688047433580068346
p2,A,492,8,0,h15,5688047433580068346
p2,B,176,324,0,h15,5688047433580068346
p2,C,15,148,337,h15,5688047433580068346
p2,Non-ROH,500,0,0,h15,5688047433580068346
p3,A,494,6,0,h15,5688047433580068346
p3,B,269,231,0,h15,5688047433580068346
p3,C,8,107,385,h15,5688047433580068346
p3,Non-ROH,500,0,0,h15,5688047433580068346
p1,A,449,51,0,h15,5712403196323446509
p1,B,99,383,18,h15,5712403196323446509
p1,C,34,98,368,h15,5712403196323446509
p1,Non-ROH,500,0,0,h15,5712403196323446509
p2,A,497,3,0,h15,5712403196323446509
p2,B,271,229,0,h15,5712403196323446509
p2,C,23,97,380,h15,5712403196323446509
p2,Non-ROH,500,0,0,h15,5712403196323446509
p3,A,494,6,0,h15,5712403196323446509
p3,B,287,213,0,h15,5712403196323446509
p3,C,19,114,367,h15,5712403196323446509
p3,Non-ROH,500,0,0,h15,5712403196323446509
p1,A,398,102,0,h15,5722280312026791986
p1,B,97,389,14,h15,5722280312026791986
p1,C,22,102,376,h15,5722280312026791986
p1,Non-ROH,500,0,0,h15,5722280312026791986
p2,A,469,31,0,h15,5722280312026791986
p2,B,214,286,0,h15,5722280312026791986
p2,C,9,124,367,h15,5722280312026791986
p2,Non-ROH,500,0,0,h15,5722280312026791986
p3,A,493,7,0,h15,5722280312026791986
p3,B,316,184,0,h15,5722280312026791986
p3,C,14,165,321,h15,5722280312026791986
p3,Non-ROH,500,0,0,h15,5722280312026791986
p1,A,404,96,0,h15,5722470060103887163
p1,B,93,398,9,h15,5722470060103887163
p1,C,23,137,340,h15,5722470060103887163
p1,Non-ROH,500,0,0,h15,5722470060103887163
p2,A,485,15,0,h15,5722470060103887163
p2,B,200,300,0,h15,5722470060103887163
p2,C,9,112,379,h15,5722470060103887163
p2,Non-ROH,500,0,0,h15,5722470060103887163
p3,A,484,16,0,h15,5722470060103887163
p3,B,247,253,0,h15,5722470060103887163
p3,C,16,146,338,h15,5722470060103887163
p3,Non-ROH,500,0,0,h15,5722470060103887163
p1,A,445,55,0,h15,5735757561291144551
p1,B,87,400,13,h15,5735757561291144551
p1,C,21,121,358,h15,5735757561291144551
p1,Non-ROH,500,0,0,h15,5735757561291144551
p2,A,494,6,0,h15,5735757561291144551
p2,B,208,292,0,h15,5735757561291144551
p2,C,10,150,340,h15,5735757561291144551
p2,Non-ROH,500,0,0,h15,5735757561291144551
p3,A,499,1,0,h15,5735757561291144551
p3,B,257,243,0,h15,5735757561291144551
p3,C,15,109,376,h15,5735757561291144551
p3,Non-ROH,500,0,0,h15,5735757561291144551
p1,A,467,33,0,h15,5751890584500892473
p1,B,87,400,13,h15,5751890584500892473
p1,C,24,79,397,h15,5751890584500892473
p1,Non-ROH,500,0,0,h15,5751890584500892473
p2,A,491,9,0,h15,5751890584500892473
p2,B,236,264,0,h15,5751890584500892473
p2,C,14,142,344,h15,5751890584500892473
p2,Non-ROH,500,0,0,h15,5751890584500892473
p3,A,499,1,0,h15,5751890584500892473
p3,B,317,183,0,h15,5751890584500892473
p3,C,14,155,331,h15,5751890584500892473
p3,Non-ROH,500,0,0,h15,5751890584500892473
p1,A,451,49,0,h15,5794407209703220765
p1,B,77,408,15,h15,5794407209703220765
p1,C,79,79,342,h15,5794407209703220765
p1,Non-ROH,500,0,0,h15,5794407209703220765
p2,A,497,3,0,h15,5794407209703220765
p2,B,238,262,0,h15,5794407209703220765
p2,C,21,76,403,h15,5794407209703220765
p2,Non-ROH,500,0,0,h15,5794407209703220765
p3,A,497,3,0,h15,5794407209703220765
p3,B,281,219,0,h15,5794407209703220765
p3,C,13,122,365,h15,5794407209703220765
p3,Non-ROH,500,0,0,h15,5794407209703220765
p1,A,472,28,0,h15,5798194897438883268
p1,B,107,380,13,h15,5798194897438883268
p1,C,27,107,366,h15,5798194897438883268
p1,Non-ROH,500,0,0,h15,5798194897438883268
p2,A,499,1,0,h15,5798194897438883268
p2,B,248,252,0,h15,5798194897438883268
p2,C,20,141,339,h15,5798194897438883268
p2,Non-ROH,500,0,0,h15,5798194897438883268
p3,A,498,2,0,h15,5798194897438883268
p3,B,290,210,0,h15,5798194897438883268
p3,C,15,114,371,h15,5798194897438883268
p3,Non-ROH,500,0,0,h15,5798194897438883268
p1,A,393,107,0,h15,580179958289016609
p1,B,51,435,14,h15,580179958289016609
p1,C,20,97,383,h15,580179958289016609
p1,Non-ROH,500,0,0,h15,580179958289016609
p2,A,481,19,0,h15,580179958289016609
p2,B,115,384,1,h15,580179958289016609
p2,C,9,158,333,h15,580179958289016609
p2,Non-ROH,500,0,0,h15,580179958289016609
p3,A,467,33,0,h15,580179958289016609
p3,B,198,302,0,h15,580179958289016609
p3,C,11,154,335,h15,580179958289016609
p3,Non-ROH,500,0,0,h15,580179958289016609
p1,A,459,41,0,h15,581060421270760354
p1,B,132,353,15,h15,581060421270760354
p1,C,22,123,355,h15,581060421270760354
p1,Non-ROH,500,0,0,h15,581060421270760354
p2,A,486,14,0,h15,581060421270760354
p2,B,243,257,0,h15,581060421270760354
p2,C,28,93,379,h15,581060421270760354
p2,Non-ROH,500,0,0,h15,581060421270760354
p3,A,498,2,0,h15,581060421270760354
p3,B,284,216,0,h15,581060421270760354
p3,C,14,119,367,h15,581060421270760354
p3,Non-ROH,500,0,0,h15,581060421270760354
p1,A,445,55,0,h15,5816031460033623034
p1,B,67,410,23,h15,5816031460033623034
p1,C,29,81,390,h15,5816031460033623034
p1,Non-ROH,500,0,0,h15,5816031460033623034
p2,A,490,10,0,h15,5816031460033623034
p2,B,206,294,0,h15,5816031460033623034
p2,C,32,103,365,h15,5816031460033623034
p2,Non-ROH,500,0,0,h15,5816031460033623034
p3,A,495,5,0,h15,5816031460033623034
p3,B,248,252,0,h15,5816031460033623034
p3,C,41,103,356,h15,5816031460033623034
p3,Non-ROH,500,0,0,h15,5816031460033623034
p1,A,468,32,0,h15,5833209884262820855
p1,B,88,403,9,h15,5833209884262820855
p1,C,25,114,361,h15,5833209884262820855
p1,Non-ROH,500,0,0,h15,5833209884262820855
p2,A,482,18,0,h15,5833209884262820855
p2,B,194,306,0,h15,5833209884262820855
p2,C,14,107,379,h15,5833209884262820855
p2,Non-ROH,500,0,0,h15,5833209884262820855
p3,A,494,6,0,h15,5833209884262820855
p3,B,272,228,0,h15,5833209884262820855
p3,C,17,106,377,h15,5833209884262820855
p3,Non-ROH,500,0,0,h15,5833209884262820855
p1,A,461,39,0,h15,5845029024354674371
p1,B,110,372,18,h15,5845029024354674371
p1,C,24,98,378,h15,5845029024354674371
p1,Non-ROH,500,0,0,h15,5845029024354674371
p2,A,496,4,0,h15,5845029024354674371
p2,B,243,257,0,h15,5845029024354674371
p2,C,14,101,385,h15,5845029024354674371
p2,Non-ROH,500,0,0,h15,5845029024354674371
p3,A,500,0,0,h15,5845029024354674371
p3,B,322,178,0,h15,5845029024354674371
p3,C,11,125,364,h15,5845029024354674371
p3,Non-ROH,500,0,0,h15,5845029024354674371
p1,A,470,30,0,h15,5872131788008622690
p1,B,112,371,17,h15,5872131788008622690
p1,C,25,93,382,h15,5872131788008622690
p1,Non-ROH,500,0,0,h15,5872131788008622690
p2,A,500,0,0,h15,5872131788008622690
p2,B,267,233,0,h15,5872131788008622690
p2,C,20,91,389,h15,5872131788008622690
p2,Non-ROH,500,0,0,h15,5872131788008622690
p3,A,498,2,0,h15,5872131788008622690
p3,B,322,178,0,h15,5872131788008622690
p3,C,20,163,317,h15,5872131788008622690
p3,Non-ROH,500,0,0,h15,5872131788008622690
p1,A,404,96,0,h15,590397559720607766
p1,B,72,408,20,h15,590397559720607766
p1,C,22,114,364,h15,590397559720607766
p1,Non-ROH,500,0,0,h15,590397559720607766
p2,A,495,5,0,h15,590397559720607766
p2,B,226,274,0,h15,590397559720607766
p2,C,16,164,320,h15,590397559720607766
p2,Non-ROH,500,0,0,h15,590397559720607766
p3,A,494,6,0,h15,590397559720607766
p3,B,235,265,0,h15,590397559720607766
p3,C,10,200,290,h15,590397559720607766
p3,Non-ROH,500,0,0,h15,590397559720607766
p1,A,352,148,0,h15,5937156044570304494
p1,B,85,400,15,h15,5937156044570304494
p1,C,19,86,395,h15,5937156044570304494
p1,Non-ROH,500,0,0,h15,5937156044570304494
p2,A,472,28,0,h15,5937156044570304494
p2,B,179,321,0,h15,5937156044570304494
p2,C,13,124,363,h15,5937156044570304494
p2,Non-ROH,500,0,0,h15,5937156044570304494
p3,A,468,32,0,h15,5937156044570304494
p3,B,240,260,0,h15,5937156044570304494
p3,C,22,122,356,h15,5937156044570304494
p3,Non-ROH,500,0,0,h15,5937156044570304494
p1,A,421,79,0,h15,5948645529796660416
p1,B,88,399,13,h15,5948645529796660416
p1,C,21,108,371,h15,5948645529796660416
p1,Non-ROH,500,0,0,h15,5948645529796660416
p2,A,466,34,0,h15,5948645529796660416
p2,B,164,336,0,h15,5948645529796660416
p2,C,14,106,380,h15,5948645529796660416
p2,Non-ROH,500,0,0,h15,5948645529796660416
p3,A,490,10,0,h15,5948645529796660416
p3,B,242,258,0,h15,5948645529796660416
p3,C,19,150,331,h15,5948645529796660416
p3,Non-ROH,500,0,0,h15,5948645529796660416
p1,A,449,51,0,h15,5951560188764404489
p1,B,98,390,12,h15,5951560188764404489
p1,C,19,93,388,h15,5951560188764404489
p1,Non-ROH,500,0,0,h15,5951560188764404489
p2,A,496,4,0,h15,5951560188764404489
p2,B,260,239,1,h15,5951560188764404489
p2,C,19,95,386,h15,5951560188764404489
p2,Non-ROH,500,0,0,h15,5951560188764404489
p3,A,496,4,0,h15,5951560188764404489
p3,B,291,209,0,h15,5951560188764404489
p3,C,28,124,348,h15,5951560188764404489
p3,Non-ROH,500,0,0,h15,5951560188764404489
p1,A,429,71,0,h15,5952239077520866706
p1,B,42,438,20,h15,5952239077520866706
p1,C,20,101,379,h15,5952239077520866706
p1,Non-ROH,500,0,0,h15,5952239077520866706
p2,A,474,26,0,h15,5952239077520866706
p2,B,150,350,0,h15,5952239077520866706
p2,C,17,98,385,h15,5952239077520866706
p2,Non-ROH,500,0,0,h15,5952239077520866706
p3,A,490,10,0,h15,5952239077520866706
p3,B,190,310,0,h15,5952239077520866706
p3,C,13,215,272,h15,5952239077520866706
p3,Non-ROH,500,0,0,h15,5952239077520866706
p1,A,452,48,0,h15,5968914985803881721
p1,B,91,397,12,h15,5968914985803881721
p1,C,36,85,379,h15,5968914985803881721
p1,Non-ROH,500,0,0,h15,5968914985803881721
p2,A,498,2,0,h15,5968914985803881721
p2,B,240,260,0,h15,5968914985803881721
p2,C,18,122,360,h15,5968914985803881721
p2,Non-ROH,500,0,0,h15,5968914985803881721
p3,A,494,6,0,h15,5968914985803881721
p3,B,310,190,0,h15,5968914985803881721
p3,C,13,136,351,h15,5968914985803881721
p3,Non-ROH,500,0,0,h15,5968914985803881721
p1,A,448,52,0,h15,6028005883425883892
p1,B,81,410,9,h15,6028005883425883892
p1,C,27,99,374,h15,6028005883425883892
p1,Non-ROH,500,0,0,h15,6028005883425883892
p2,A,489,11,0,h15,6028005883425883892
p2,B,162,338,0,h15,6028005883425883892
p2,C,25,179,296,h15,6028005883425883892
p2,Non-ROH,500,0,0,h15,6028005883425883892
p3,A,500,0,0,h15,6028005883425883892
p3,B,245,255,0,h15,6028005883425883892
p3,C,19,126,355,h15,6028005883425883892
p3,Non-ROH,500,0,0,h15,6028005883425883892
p1,A,452,48,0,h15,6040561569715331345
p1,B,127,363,10,h15,6040561569715331345
p1,C,29,82,389,h15,6040561569715331345
p1,Non-ROH,500,0,0,h15,6040561569715331345
p2,A,488,12,0,h15,6040561569715331345
p2,B,238,262,0,h15,6040561569715331345
p2,C,12,105,383,h15,6040561569715331345
p2,Non-ROH,500,0,0,h15,6040561569715331345
p3,A,499,1,0,h15,6040561569715331345
p3,B,330,170,0,h15,6040561569715331345
p3,C,15,136,349,h15,6040561569715331345
p3,Non-ROH,500,0,0,h15,6040561569715331345
p1,A,463,37,0,h15,6043120785498330072
p1,B,120,360,20,h15,6043120785498330072
p1,C,29,85,386,h15,6043120785498330072
p1,Non-ROH,500,0,0,h15,6043120785498330072
p2,A,497,3,0,h15,6043120785498330072
p2,B,302,198,0,h15,6043120785498330072
p2,C,24,94,382,h15,6043120785498330072
p2,Non-ROH,500,0,0,h15,6043120785498330072
p3,A,500,0,0,h15,6043120785498330072
p3,B,349,151,0,h15,6043120785498330072
p3,C,37,83,380,h15,6043120785498330072
p3,Non-ROH,500,0,0,h15,6043120785498330072
p1,A,453,47,0,h15,6112289245785045586
p1,B,111,372,17,h15,6112289245785045586
p1,C,33,118,349,h15,6112289245785045586
p1,Non-ROH,500,0,0,h15,6112289245785045586
p2,A,497,3,0,h15,6112289245785045586
p2,B,265,235,0,h15,6112289245785045586
p2,C,20,126,354,h15,6112289245785045586
p2,Non-ROH,500,0,0,h15,6112289245785045586
p3,A,490,10,0,h15,6112289245785045586
p3,B,286,214,0,h15,6112289245785045586
p3,C,19,154,327,h15,6112289245785045586
p3,Non-ROH,500,0,0,h15,6112289245785045586
p1,A,414,86,0,h15,6118161025697677301
p1,B,76,409,15,h15,6118161025697677301
p1,C,20,126,354,h15,6118161025697677301
p1,Non-ROH,500,0,0,h15,6118161025697677301
p2,A,489,11,0,h15,6118161025697677301
p2,B,165,335,0,h15,6118161025697677301
p2,C,12,93,395,h15,6118161025697677301
p2,Non-ROH,500,0,0,h15,6118161025697677301
p3,A,488,12,0,h15,6118161025697677301
p3,B,267,233,0,h15,6118161025697677301
p3,C,12,113,375,h15,6118161025697677301
p3,Non-ROH,500,0,0,h15,6118161025697677301
p1,A,426,74,0,h15,6125763801513833473
p1,B,107,383,10,h15,6125763801513833473
p1,C,27,102,371,h15,6125763801513833473
p1,Non-ROH,500,0,0,h15,6125763801513833473
p2,A,490,10,0,h15,6125763801513833473
p2,B,235,265,0,h15,6125763801513833473
p2,C,23,127,350,h15,6125763801513833473
p2,Non-ROH,500,0,0,h15,6125763801513833473
p3,A,485,15,0,h15,6125763801513833473
p3,B,315,185,0,h15,6125763801513833473
p3,C,30,151,319,h15,6125763801513833473
p3,Non-ROH,500,0,0,h15,6125763801513833473
p1,A,457,43,0,h15,617119182426661424
p1,B,86,397,17,h15,617119182426661424
p1,C,24,98,378,h15,617119182426661424
p1,Non-ROH,500,0,0,h15,617119182426661424
p2,A,492,8,0,h15,617119182426661424
p2,B,198,302,0,h15,617119182426661424
p2,C,19,156,325,h15,617119182426661424
p2,Non-ROH,500,0,0,h15,617119182426661424
p3,A,491,9,0,h15,617119182426661424
p3,B,249,251,0,h15,617119182426661424
p3,C,16,124,360,h15,617119182426661424
p3,Non-ROH,500,0,0,h15,617119182426661424
p1,A,403,97,0,h15,6176262631363229846
p1,B,108,377,15,h15,6176262631363229846
p1,C,19,97,384,h15,6176262631363229846
p1,Non-ROH,500,0,0,h15,6176262631363229846
p2,A,463,37,0,h15,6176262631363229846
p2,B,200,300,0,h15,6176262631363229846
p2,C,18,94,388,h15,6176262631363229846
p2,Non-ROH,500,0,0,h15,6176262631363229846
p3,A,491,9,0,h15,6176262631363229846
p3,B,263,237,0,h15,6176262631363229846
p3,C,29,109,362,h15,6176262631363229846
p3,Non-ROH,500,0,0,h15,6176262631363229846
p1,A,438,62,0,h15,619314765495866363
p1,B,69,414,17,h15,619314765495866363
p1,C,26,99,375,h15,619314765495866363
p1,Non-ROH,500,0,0,h15,619314765495866363
p2,A,491,9,0,h15,619314765495866363
p2,B,293,207,0,h15,619314765495866363
p2,C,30,119,351,h15,619314765495866363
p2,Non-ROH,500,0,0,h15,619314765495866363
p3,A,498,2,0,h15,619314765495866363
p3,B,298,202,0,h15,619314765495866363
p3,C,18,141,341,h15,619314765495866363
p3,Non-ROH,500,0,0,h15,619314765495866363
p1,A,415,85,0,h15,6221873791621882197
p1,B,83,397,20,h15,6221873791621882197
p1,C,21,105,374,h15,6221873791621882197
p1,Non-ROH,500,0,0,h15,6221873791621882197
p2,A,483,17,0,h15,6221873791621882197
p2,B,199,301,0,h15,6221873791621882197
p2,C,13,124,363,h15,6221873791621882197
p2,Non-ROH,500,0,0,h15,6221873791621882197
p3,A,495,5,0,h15,6221873791621882197
p3,B,278,222,0,h15,6221873791621882197
p3,C,19,105,376,h15,6221873791621882197
p3,Non-ROH,500,0,0,h15,6221873791621882197
p1,A,419,81,0,h15,623431729054189720
p1,B,98,391,11,h15,623431729054189720
p1,C,27,92,381,h15,623431729054189720
p1,Non-ROH,500,0,0,h15,623431729054189720
p2,A,497,3,0,h15,623431729054189720
p2,B,278,222,0,h15,623431729054189720
p2,C,13,106,381,h15,623431729054189720
p2,Non-ROH,500,0,0,h15,623431729054189720
p3,A,497,3,0,h15,623431729054189720
p3,B,268,232,0,h15,623431729054189720
p3,C,16,184,300,h15,623431729054189720
p3,Non-ROH,500,0,0,h15,623431729054189720
p1,A,479,21,0,h15,6256109695424454508
p1,B,137,338,25,h15,6256109695424454508
p1,C,32,96,372,h15,6256109695424454508
p1,Non-ROH,500,0,0,h15,6256109695424454508
p2,A,496,4,0,h15,6256109695424454508
p2,B,337,163,0,h15,6256109695424454508
p2,C,24,148,328,h15,6256109695424454508
p2,Non-ROH,500,0,0,h15,6256109695424454508
p3,A,499,1,0,h15,6256109695424454508
p3,B,345,155,0,h15,6256109695424454508
p3,C,27,183,290,h15,6256109695424454508
p3,Non-ROH,500,0,0,h15,6256109695424454508
p1,A,435,65,0,h15,6271055156530534345
p1,B,94,384,22,h15,6271055156530534345
p1,C,24,113,363,h15,6271055156530534345
p1,Non-ROH,500,0,0,h15,6271055156530534345
p2,A,492,8,0,h15,6271055156530534345
p2,B,237,263,0,h15,6271055156530534345
p2,C,14,113,373,h15,6271055156530534345
p2,Non-ROH,500,0,0,h15,6271055156530534345
p3,A,492,8,0,h15,6271055156530534345
p3,B,254,246,0,h15,6271055156530534345
p3,C,23,106,371,h15,6271055156530534345
p3,Non-ROH,500,0,0,h15,6271055156530534345
p1,A,422,78,0,h15,6271388591772666633
p1,B,81,405,14,h15,6271388591772666633
p1,C,16,99,385,h15,6271388591772666633
p1,Non-ROH,500,0,0,h15,6271388591772666633
p2,A,473,27,0,h15,6271388591772666633
p2,B,193,307,0,h15,6271388591772666633
p2,C,22,88,390,h15,6271388591772666633
p2,Non-ROH,500,0,0,h15,6271388591772666633
p3,A,483,17,0,h15,6271388591772666633
p3,B,248,252,0,h15,6271388591772666633
p3,C,14,164,322,h15,6271388591772666633
p3,Non-ROH,500,0,0,h15,6271388591772666633
p1,A,479,21,0,h15,6271392265162863599
p1,B,115,369,16,h15,6271392265162863599
p1,C,22,87,391,h15,6271392265162863599
p1,Non-ROH,500,0,0,h15,6271392265162863599
p2,A,499,1,0,h15,6271392265162863599
p2,B,242,258,0,h15,6271392265162863599
p2,C,26,141,333,h15,6271392265162863599
p2,Non-ROH,500,0,0,h15,6271392265162863599
p3,A,498,2,0,h15,6271392265162863599
p3,B,323,177,0,h15,6271392265162863599
p3,C,20,96,384,h15,6271392265162863599
p3,Non-ROH,500,0,0,h15,6271392265162863599
p1,A,415,85,0,h15,6278557973049700023
p1,B,89,397,14,h15,6278557973049700023
p1,C,14,116,370,h15,6278557973049700023
p1,Non-ROH,500,0,0,h15,6278557973049700023
p2,A,477,23,0,h15,6278557973049700023
p2,B,193,307,0,h15,6278557973049700023
p2,C,7,165,328,h15,6278557973049700023
p2,Non-ROH,500,0,0,h15,6278557973049700023
p3,A,468,32,0,h15,6278557973049700023
p3,B,220,280,0,h15,6278557973049700023
p3,C,14,144,342,h15,6278557973049700023
p3,Non-ROH,500,0,0,h15,6278557973049700023
p1,A,462,38,0,h15,6296356080345695763
p1,B,119,364,17,h15,6296356080345695763
p1,C,41,94,365,h15,6296356080345695763
p1,Non-ROH,500,0,0,h15,6296356080345695763
p2,A,497,3,0,h15,6296356080345695763
p2,B,296,204,0,h15,6296356080345695763
p2,C,37,94,369,h15,6296356080345695763
p2,Non-ROH,500,0,0,h15,6296356080345695763
p3,A,496,4,0,h15,6296356080345695763
p3,B,339,161,0,h15,6296356080345695763
p3,C,22,159,319,h15,6296356080345695763
p3,Non-ROH,500,0,0,h15,6296356080345695763
p1,A,415,85,0,h15,630264118172724289
p1,B,63,421,16,h15,630264118172724289
p1,C,22,94,384,h15,630264118172724289
p1,Non-ROH,500,0,0,h15,630264118172724289
p2,A,485,15,0,h15,630264118172724289
p2,B,194,306,0,h15,630264118172724289
p2,C,12,162,326,h15,630264118172724289
p2,Non-ROH,500,0,0,h15,630264118172724289
p3,A,493,7,0,h15,630264118172724289
p3,B,224,276,0,h15,630264118172724289
p3,C,8,109,383,h15,630264118172724289
p3,Non-ROH,500,0,0,h15,630264118172724289
p1,A,459,41,0,h15,6309094979300958678
p1,B,97,388,15,h15,6309094979300958678
p1,C,22,97,381,h15,6309094979300958678
p1,Non-ROH,500,0,0,h15,6309094979300958678
p2,A,489,11,0,h15,6309094979300958678
p2,B,172,328,0,h15,6309094979300958678
p2,C,19,119,362,h15,6309094979300958678
p2,Non-ROH,500,0,0,h15,6309094979300958678
p3,A,494,6,0,h15,6309094979300958678
p3,B,224,276,0,h15,6309094979300958678
p3,C,20,91,389,h15,6309094979300958678
p3,Non-ROH,500,0,0,h15,6309094979300958678
p1,A,421,79,0,h15,6327455890212184932
p1,B,78,409,13,h15,6327455890212184932
p1,C,20,117,363,h15,6327455890212184932
p1,Non-ROH,500,0,0,h15,6327455890212184932
p2,A,490,10,0,h15,6327455890212184932
p2,B,158,342,0,h15,6327455890212184932
p2,C,16,121,363,h15,6327455890212184932
p2,Non-ROH,500,0,0,h15,6327455890212184932
p3,A,499,1,0,h15,6327455890212184932
p3,B,229,271,0,h15,6327455890212184932
p3,C,16,113,371,h15,6327455890212184932
p3,Non-ROH,500,0,0,h15,6327455890212184932
p1,A,448,52,0,h15,6359515355189657904
p1,B,80,413,7,h15,6359515355189657904
p1,C,16,132,352,h15,6359515355189657904
p1,Non-ROH,500,0,0,h15,6359515355189657904
p2,A,490,10,0,h15,6359515355189657904
p2,B,213,287,0,h15,6359515355189657904
p2,C,20,117,363,h15,6359515355189657904
p2,Non-ROH,500,0,0,h15,6359515355189657904
p3,A,492,8,0,h15,6359515355189657904
p3,B,245,255,0,h15,6359515355189657904
p3,C,13,244,243,h15,6359515355189657904
p3,Non-ROH,500,0,0,h15,6359515355189657904
p1,A,459,41,0,h15,6362485643001353481
p1,B,107,383,10,h15,6362485643001353481
p1,C,28,116,356,h15,6362485643001353481
p1,Non-ROH,500,0,0,h15,6362485643001353481
p2,A,491,9,0,h15,6362485643001353481
p2,B,228,272,0,h15,6362485643001353481
p2,C,19,94,387,h15,6362485643001353481
p2,Non-ROH,500,0,0,h15,6362485643001353481
p3,A,499,1,0,h15,6362485643001353481
p3,B,260,240,0,h15,6362485643001353481
p3,C,17,105,378,h15,6362485643001353481
p3,Non-ROH,500,0,0,h15,6362485643001353481
p1,A,398,102,0,h15,6375498456382980110
p1,B,94,386,20,h15,6375498456382980110
p1,C,17,95,388,h15,6375498456382980110
p1,Non-ROH,500,0,0,h15,6375498456382980110
p2,A,482,18,0,h15,6375498456382980110
p2,B,245,255,0,h15,6375498456382980110
p2,C,23,155,322,h15,6375498456382980110
p2,Non-ROH,500,0,0,h15,6375498456382980110
p3,A,482,18,0,h15,6375498456382980110
p3,B,281,219,0,h15,6375498456382980110
p3,C,20,115,365,h15,6375498456382980110
p3,Non-ROH,500,0,0,h15,6375498456382980110
p1,A,422,78,0,h15,6417201083178633430
p1,B,76,410,14,h15,6417201083178633430
p1,C,9,104,387,h15,6417201083178633430
p1,Non-ROH,500,0,0,h15,6417201083178633430
p2,A,472,28,0,h15,6417201083178633430
p2,B,156,344,0,h15,6417201083178633430
p2,C,16,116,368,h15,6417201083178633430
p2,Non-ROH,500,0,0,h15,6417201083178633430
p3,A,483,17,0,h15,6417201083178633430
p3,B,297,203,0,h15,6417201083178633430
p3,C,19,136,345,h15,6417201083178633430
p3,Non-ROH,500,0,0,h15,6417201083178633430
p1,A,471,29,0,h15,6422960326497052213
p1,B,129,352,19,h15,6422960326497052213
p1,C,35,83,382,h15,6422960326497052213
p1,Non-ROH,500,0,0,h15,6422960326497052213
p2,A,499,1,0,h15,6422960326497052213
p2,B,277,223,0,h15,6422960326497052213
p2,C,23,112,365,h15,6422960326497052213
p2,Non-ROH,500,0,0,h15,6422960326497052213
p3,A,500,0,0,h15,6422960326497052213
p3,B,366,134,0,h15,6422960326497052213
p3,C,24,118,358,h15,6422960326497052213
p3,Non-ROH,500,0,0,h15,6422960326497052213
p1,A,441,59,0,h15,6424923358895676157
p1,B,113,369,18,h15,6424923358895676157
p1,C,25,113,362,h15,6424923358895676157
p1,Non-ROH,500,0,0,h15,6424923358895676157
p2,A,492,8,0,h15,6424923358895676157
p2,B,246,254,0,h15,6424923358895676157
p2,C,25,121,354,h15,6424923358895676157
p2,Non-ROH,500,0,0,h15,6424923358895676157
p3,A,492,8,0,h15,6424923358895676157
p3,B,330,170,0,h15,6424923358895676157
p3,C,20,115,365,h15,6424923358895676157
p3,Non-ROH,500,0,0,h15,6424923358895676157
p1,A,452,48,0,h15,6425060295019774017
p1,B,75,417,8,h15,6425060295019774017
p1,C,29,105,366,h15,6425060295019774017
p1,Non-ROH,500,0,0,h15,6425060295019774017
p2,A,489,11,0,h15,6425060295019774017
p2,B,179,321,0,h15,6425060295019774017
p2,C,20,121,359,h15,6425060295019774017
p2,Non-ROH,500,0,0,h15,6425060295019774017
p3,A,498,2,0,h15,6425060295019774017
p3,B,249,251,0,h15,6425060295019774017
p3,C,23,94,383,h15,6425060295019774017
p3,Non-ROH,500,0,0,h15,6425060295019774017
p1,A,455,45,0,h15,6425373374338483305
p1,B,127,356,17,h15,6425373374338483305
p1,C,34,110,356,h15,6425373374338483305
p1,Non-ROH,500,0,0,h15,6425373374338483305
p2,A,496,4,0,h15,6425373374338483305
p2,B,261,239,0,h15,6425373374338483305
p2,C,24,127,349,h15,6425373374338483305
p2,Non-ROH,500,0,0,h15,6425373374338483305
p3,A,498,2,0,h15,6425373374338483305
p3,B,338,162,0,h15,6425373374338483305
p3,C,15,206,279,h15,6425373374338483305
p3,Non-ROH,500,0,0,h15,6425373374338483305
p1,A,407,93,0,h15,6433094499030947771
p1,B,81,403,16,h15,6433094499030947771
p1,C,27,92,381,h15,6433094499030947771
p1,Non-ROH,500,0,0,h15,6433094499030947771
p2,A,487,13,0,h15,6433094499030947771
p2,B,195,305,0,h15,6433094499030947771
p2,C,16,137,347,h15,6433094499030947771
p2,Non-ROH,500,0,0,h15,6433094499030947771
p3,A,492,8,0,h15,6433094499030947771
p3,B,251,249,0,h15,6433094499030947771
p3,C,13,130,357,h15,6433094499030947771
p3,Non-ROH,500,0,0,h15,6433094499030947771
p1,A,464,36,0,h15,6464373379777636295
p1,B,71,413,16,h15,6464373379777636295
p1,C,34,110,356,h15,6464373379777636295
p1,Non-ROH,500,0,0,h15,6464373379777636295
p2,A,497,3,0,h15,6464373379777636295
p2,B,220,280,0,h15,6464373379777636295
p2,C,11,154,335,h15,6464373379777636295
p2,Non-ROH,500,0,0,h15,6464373379777636295
p3,A,495,5,0,h15,6464373379777636295
p3,B,265,235,0,h15,6464373379777636295
p3,C,15,119,366,h15,6464373379777636295
p3,Non-ROH,500,0,0,h15,6464373379777636295
p1,A,459,41,0,h15,6468969298656418235
p1,B,107,378,15,h15,6468969298656418235
p1,C,35,98,367,h15,6468969298656418235
p1,Non-ROH,500,0,0,h15,6468969298656418235
p2,A,491,9,0,h15,6468969298656418235
p2,B,223,277,0,h15,6468969298656418235
p2,C,27,101,372,h15,6468969298656418235
p2,Non-ROH,500,0,0,h15,6468969298656418235
p3,A,495,5,0,h15,6468969298656418235
p3,B,294,206,0,h15,6468969298656418235
p3,C,13,136,351,h15,6468969298656418235
p3,Non-ROH,500,0,0,h15,6468969298656418235
p1,A,475,25,0,h15,6487732823909670120
p1,B,75,416,9,h15,6487732823909670120
p1,C,35,105,360,h15,6487732823909670120
p1,Non-ROH,500,0,0,h15,6487732823909670120
p2,A,498,2,0,h15,6487732823909670120
p2,B,226,274,0,h15,6487732823909670120
p2,C,16,123,361,h15,6487732823909670120
p2,Non-ROH,500,0,0,h15,6487732823909670120
p3,A,499,1,0,h15,6487732823909670120
p3,B,243,257,0,h15,6487732823909670120
p3,C,10,102,388,h15,6487732823909670120
p3,Non-ROH,500,0,0,h15,6487732823909670120
p1,A,461,39,0,h15,6494718706399614061
p1,B,99,388,13,h15,6494718706399614061
p1,C,30,114,356,h15,6494718706399614061
p1,Non-ROH,500,0,0,h15,6494718706399614061
p2,A,499,1,0,h15,6494718706399614061
p2,B,217,283,0,h15,6494718706399614061
p2,C,16,111,373,h15,6494718706399614061
p2,Non-ROH,500,0,0,h15,6494718706399614061
p3,A,498,2,0,h15,6494718706399614061
p3,B,239,261,0,h15,6494718706399614061
p3,C,11,128,361,h15,6494718706399614061
p3,Non-ROH,500,0,0,h15,6494718706399614061
p1,A,462,38,0,h15,6498591253946398179
p1,B,124,366,10,h15,6498591253946398179
p1,C,32,98,370,h15,6498591253946398179
p1,Non-ROH,500,0,0,h15,6498591253946398179
p2,A,492,8,0,h15,6498591253946398179
p2,B,316,184,0,h15,6498591253946398179
p2,C,29,145,326,h15,6498591253946398179
p2,Non-ROH,500,0,0,h15,6498591253946398179
p3,A,498,2,0,h15,6498591253946398179
p3,B,345,155,0,h15,6498591253946398179
p3,C,23,123,354,h15,6498591253946398179
p3,Non-ROH,500,0,0,h15,6498591253946398179
p1,A,442,58,0,h15,6521665575399611206
p1,B,94,396,10,h15,6521665575399611206
p1,C,26,89,385,h15,6521665575399611206
p1,Non-ROH,500,0,0,h15,6521665575399611206
p2,A,497,3,0,h15,6521665575399611206
p2,B,217,283,0,h15,6521665575399611206
p2,C,9,128,363,h15,6521665575399611206
p2,Non-ROH,500,0,0,h15,6521665575399611206
p3,A,499,1,0,h15,6521665575399611206
p3,B,295,205,0,h15,6521665575399611206
p3,C,7,119,374,h15,6521665575399611206
p3,Non-ROH,500,0,0,h15,6521665575399611206
p1,A,415,85,0,h15,6544570578851145560
p1,B,75,415,10,h15,6544570578851145560
p1,C,29,115,356,h15,6544570578851145560
p1,Non-ROH,500,0,0,h15,6544570578851145560
p2,A,475,25,0,h15,6544570578851145560
p2,B,199,301,0,h15,6544570578851145560
p2,C,18,94,388,h15,6544570578851145560
p2,Non-ROH,500,0,0,h15,6544570578851145560
p3,A,480,20,0,h15,6544570578851145560
p3,B,209,291,0,h15,6544570578851145560
p3,C,11,117,372,h15,6544570578851145560
p3,Non-ROH,500,0,0,h15,6544570578851145560
p1,A,434,66,0,h15,6596881212727510816
p1,B,83,399,18,h15,6596881212727510816
p1,C,26,100,374,h15,6596881212727510816
p1,Non-ROH,500,0,0,h15,6596881212727510816
p2,A,491,9,0,h15,6596881212727510816
p2,B,171,329,0,h15,6596881212727510816
p2,C,16,109,375,h15,6596881212727510816
p2,Non-ROH,500,0,0,h15,6596881212727510816
p3,A,495,5,0,h15,6596881212727510816
p3,B,254,246,0,h15,6596881212727510816
p3,C,13,127,360,h15,6596881212727510816
p3,Non-ROH,500,0,0,h15,6596881212727510816
p1,A,430,70,0,h15,6608529615505652811
p1,B,95,393,12,h15,6608529615505652811
p1,C,45,84,371,h15,6608529615505652811
p1,Non-ROH,500,0,0,h15,6608529615505652811
p2,A,497,3,0,h15,6608529615505652811
p2,B,273,227,0,h15,6608529615505652811
p2,C,14,143,343,h15,6608529615505652811
p2,Non-ROH,500,0,0,h15,6608529615505652811
p3,A,493,7,0,h15,6608529615505652811
p3,B,318,182,0,h15,6608529615505652811
p3,C,12,99,389,h15,6608529615505652811
p3,Non-ROH,500,0,0,h15,6608529615505652811
p1,A,400,100,0,h15,6609783789269664025
p1,B,43,441,16,h15,6609783789269664025
p1,C,21,108,371,h15,6609783789269664025
p1,Non-ROH,500,0,0,h15,6609783789269664025
p2,A,454,46,0,h15,6609783789269664025
p2,B,119,381,0,h15,6609783789269664025
p2,C,14,128,358,h15,6609783789269664025
p2,Non-ROH,500,0,0,h15,6609783789269664025
p3,A,469,31,0,h15,6609783789269664025
p3,B,198,302,0,h15,6609783789269664025
p3,C,11,124,365,h15,6609783789269664025
p3,Non-ROH,500,0,0,h15,6609783789269664025
p1,A,428,72,0,h15,6618761588452574356
p1,B,70,419,11,h15,6618761588452574356
p1,C,28,94,378,h15,6618761588452574356
p1,Non-ROH,500,0,0,h15,6618761588452574356
p2,A,496,4,0,h15,6618761588452574356
p2,B,218,282,0,h15,6618761588452574356
p2,C,23,106,371,h15,6618761588452574356
p2,Non-ROH,500,0,0,h15,6618761588452574356
p3,A,500,0,0,h15,6618761588452574356
p3,B,218,282,0,h15,6618761588452574356
p3,C,16,151,333,h15,6618761588452574356
p3,Non-ROH,500,0,0,h15,6618761588452574356
p1,A,374,126,0,h15,6626503121313301612
p1,B,60,423,17,h15,6626503121313301612
p1,C,23,104,373,h15,6626503121313301612
p1,Non-ROH,500,0,0,h15,6626503121313301612
p2,A,490,10,0,h15,6626503121313301612
p2,B,171,329,0,h15,6626503121313301612
p2,C,16,136,348,h15,6626503121313301612
p2,Non-ROH,500,0,0,h15,6626503121313301612
p3,A,488,12,0,h15,6626503121313301612
p3,B,195,305,0,h15,6626503121313301612
p3,C,8,129,363,h15,6626503121313301612
p3,Non-ROH,500,0,0,h15,6626503121313301612
p1,A,431,69,0,h15,66511524552367599
p1,B,95,387,18,h15,66511524552367599
p1,C,27,113,360,h15,66511524552367599
p1,Non-ROH,500,0,0,h15,66511524552367599
p2,A,497,3,0,h15,66511524552367599
p2,B,234,266,0,h15,66511524552367599
p2,C,29,173,298,h15,66511524552367599
p2,Non-ROH,500,0,0,h15,66511524552367599
p3,A,495,5,0,h15,66511524552367599
p3,B,287,213,0,h15,66511524552367599
p3,C,24,197,279,h15,66511524552367599
p3,Non-ROH,500,0,0,h15,66511524552367599
p1,A,457,43,0,h15,6671142463421142138
p1,B,102,384,14,h15,6671142463421142138
p1,C,33,107,360,h15,6671142463421142138
p1,Non-ROH,500,0,0,h15,6671142463421142138
p2,A,498,2,0,h15,6671142463421142138
p2,B,232,268,0,h15,6671142463421142138
p2,C,15,175,310,h15,6671142463421142138
p2,Non-ROH,500,0,0,h15,6671142463421142138
p3,A,499,1,0,h15,6671142463421142138
p3,B,292,208,0,h15,6671142463421142138
p3,C,16,114,370,h15,6671142463421142138
p3,Non-ROH,500,0,0,h15,6671142463421142138
p1,A,431,69,0,h15,6681190555222191587
p1,B,88,394,18,h15,6681190555222191587
p1,C,21,121,358,h15,6681190555222191587
p1,Non-ROH,500,0,0,h15,6681190555222191587
p2,A,487,13,0,h15,6681190555222191587
p2,B,206,294,0,h15,6681190555222191587
p2,C,18,121,361,h15,6681190555222191587
p2,Non-ROH,500,0,0,h15,6681190555222191587
p3,A,494,6,0,h15,6681190555222191587
p3,B,274,226,0,h15,6681190555222191587
p3,C,15,141,344,h15,6681190555222191587
p3,Non-ROH,500,0,0,h15,6681190555222191587
p1,A,483,17,0,h15,6683639126572397740
p1,B,136,357,7,h15,6683639126572397740
p1,C,39,116,345,h15,6683639126572397740
p1,Non-ROH,500,0,0,h15,6683639126572397740
p2,A,499,1,0,h15,6683639126572397740
p2,B,284,216,0,h15,6683639126572397740
p2,C,25,97,378,h15,6683639126572397740
p2,Non-ROH,500,0,0,h15,6683639126572397740
p3,A,499,1,0,h15,6683639126572397740
p3,B,338,162,0,h15,6683639126572397740
p3,C,24,100,376,h15,6683639126572397740
p3,Non-ROH,500,0,0,h15,6683639126572397740
p1,A,451,49,0,h15,6693586155008337859
p1,B,158,333,9,h15,6693586155008337859
p1,C,29,110,361,h15,6693586155008337859
p1,Non-ROH,500,0,0,h15,6693586155008337859
p2,A,499,1,0,h15,6693586155008337859
p2,B,283,217,0,h15,6693586155008337859
p2,C,20,97,383,h15,6693586155008337859
p2,Non-ROH,500,0,0,h15,6693586155008337859
p3,A,500,0,0,h15,6693586155008337859
p3,B,344,156,0,h15,6693586155008337859
p3,C,22,150,328,h15,6693586155008337859
p3,Non-ROH,500,0,0,h15,6693586155008337859
p1,A,448,52,0,h15,6701412403470712476
p1,B,118,373,9,h15,6701412403470712476
p1,C,33,98,369,h15,6701412403470712476
p1,Non-ROH,500,0,0,h15,6701412403470712476
p2,A,494,6,0,h15,6701412403470712476
p2,B,270,230,0,h15,6701412403470712476
p2,C,45,96,359,h15,6701412403470712476
p2,Non-ROH,500,0,0,h15,6701412403470712476
p3,A,498,2,0,h15,6701412403470712476
p3,B,300,200,0,h15,6701412403470712476
p3,C,29,97,374,h15,6701412403470712476
p3,Non-ROH,500,0,0,h15,6701412403470712476
p1,A,481,19,0,h15,6723479145157670605
p1,B,163,327,10,h15,6723479145157670605
p1,C,40,98,362,h15,6723479145157670605
p1,Non-ROH,500,0,0,h15,6723479145157670605
p2,A,498,2,0,h15,6723479145157670605
p2,B,282,218,0,h15,6723479145157670605
p2,C,16,135,349,h15,6723479145157670605
p2,Non-ROH,500,0,0,h15,6723479145157670605
p3,A,500,0,0,h15,6723479145157670605
p3,B,355,145,0,h15,6723479145157670605
p3,C,16,165,319,h15,6723479145157670605
p3,Non-ROH,500,0,0,h15,6723479145157670605
p1,A,419,81,0,h15,6731595582749628107
p1,B,66,415,19,h15,6731595582749628107
p1,C,25,110,365,h15,6731595582749628107
p1,Non-ROH,500,0,0,h15,6731595582749628107
p2,A,481,19,0,h15,6731595582749628107
p2,B,153,347,0,h15,6731595582749628107
p2,C,18,154,328,h15,6731595582749628107
p2,Non-ROH,500,0,0,h15,6731595582749628107
p3,A,479,21,0,h15,6731595582749628107
p3,B,252,248,0,h15,6731595582749628107
p3,C,5,103,392,h15,6731595582749628107
p3,Non-ROH,500,0,0,h15,6731595582749628107
p1,A,443,57,0,h15,6754055487384851385
p1,B,110,372,18,h15,6754055487384851385
p1,C,21,110,369,h15,6754055487384851385
p1,Non-ROH,500,0,0,h15,6754055487384851385
p2,A,486,14,0,h15,6754055487384851385
p2,B,241,259,0,h15,6754055487384851385
p2,C,16,110,374,h15,6754055487384851385
p2,Non-ROH,500,0,0,h15,6754055487384851385
p3,A,497,3,0,h15,6754055487384851385
p3,B,313,187,0,h15,6754055487384851385
p3,C,14,105,381,h15,6754055487384851385
p3,Non-ROH,500,0,0,h15,6754055487384851385
p1,A,426,74,0,h15,6757735887055752560
p1,B,83,398,19,h15,6757735887055752560
p1,C,25,108,367,h15,6757735887055752560
p1,Non-ROH,500,0,0,h15,6757735887055752560
p2,A,492,8,0,h15,6757735887055752560
p2,B,175,325,0,h15,6757735887055752560
p2,C,19,101,380,h15,6757735887055752560
p2,Non-ROH,500,0,0,h15,6757735887055752560
p3,A,486,14,0,h15,6757735887055752560
p3,B,215,285,0,h15,6757735887055752560
p3,C,16,119,365,h15,6757735887055752560
p3,Non-ROH,500,0,0,h15,6757735887055752560
p1,A,432,68,0,h15,6801759953362451968
p1,B,94,394,12,h15,6801759953362451968
p1,C,22,93,385,h15,6801759953362451968
p1,Non-ROH,500,0,0,h15,6801759953362451968
p2,A,491,9,0,h15,6801759953362451968
p2,B,211,289,0,h15,6801759953362451968
p2,C,21,108,371,h15,6801759953362451968
p2,Non-ROH,500,0,0,h15,6801759953362451968
p3,A,495,5,0,h15,6801759953362451968
p3,B,299,201,0,h15,6801759953362451968
p3,C,13,94,393,h15,6801759953362451968
p3,Non-ROH,500,0,0,h15,6801759953362451968
p1,A,457,43,0,h15,6807489115077662936
p1,B,79,409,12,h15,6807489115077662936
p1,C,26,100,374,h15,6807489115077662936
p1,Non-ROH,500,0,0,h15,6807489115077662936
p2,A,499,1,0,h15,6807489115077662936
p2,B,218,282,0,h15,6807489115077662936
p2,C,30,105,365,h15,6807489115077662936
p2,Non-ROH,500,0,0,h15,6807489115077662936
p3,A,498,2,0,h15,6807489115077662936
p3,B,318,182,0,h15,6807489115077662936
p3,C,16,114,370,h15,6807489115077662936
p3,Non-ROH,500,0,0,h15,6807489115077662936
p1,A,391,109,0,h15,6808079569569324809
p1,B,67,419,14,h15,6808079569569324809
p1,C,18,112,370,h15,6808079569569324809
p1,Non-ROH,500,0,0,h15,6808079569569324809
p2,A,490,10,0,h15,6808079569569324809
p2,B,180,320,0,h15,6808079569569324809
p2,C,14,128,358,h15,6808079569569324809
p2,Non-ROH,500,0,0,h15,6808079569569324809
p3,A,482,18,0,h15,6808079569569324809
p3,B,232,268,0,h15,6808079569569324809
p3,C,12,130,358,h15,6808079569569324809
p3,Non-ROH,500,0,0,h15,6808079569569324809
p1,A,446,54,0,h15,6828338887600595644
p1,B,107,381,12,h15,6828338887600595644
p1,C,24,111,365,h15,6828338887600595644
p1,Non-ROH,500,0,0,h15,6828338887600595644
p2,A,491,9,0,h15,6828338887600595644
p2,B,243,257,0,h15,6828338887600595644
p2,C,14,124,362,h15,6828338887600595644
p2,Non-ROH,500,0,0,h15,6828338887600595644
p3,A,498,2,0,h15,6828338887600595644
p3,B,269,231,0,h15,6828338887600595644
p3,C,19,131,350,h15,6828338887600595644
p3,Non-ROH,500,0,0,h15,6828338887600595644
p1,A,446,54,0,h15,6830195982348892531
p1,B,68,422,10,h15,6830195982348892531
p1,C,11,117,372,h15,6830195982348892531
p1,Non-ROH,500,0,0,h15,6830195982348892531
p2,A,490,10,0,h15,6830195982348892531
p2,B,161,339,0,h15,6830195982348892531
p2,C,13,123,364,h15,6830195982348892531
p2,Non-ROH,500,0,0,h15,6830195982348892531
p3,A,489,11,0,h15,6830195982348892531
p3,B,193,307,0,h15,6830195982348892531
p3,C,11,185,304,h15,6830195982348892531
p3,Non-ROH,500,0,0,h15,6830195982348892531
p1,A,429,71,0,h15,683857566333620812
p1,B,94,394,12,h15,683857566333620812
p1,C,36,92,372,h15,683857566333620812
p1,Non-ROH,500,0,0,h15,683857566333620812
p2,A,497,3,0,h15,683857566333620812
p2,B,275,225,0,h15,683857566333620812
p2,C,53,64,383,h15,683857566333620812
p2,Non-ROH,500,0,0,h15,683857566333620812
p3,A,493,7,0,h15,683857566333620812
p3,B,335,165,0,h15,683857566333620812
p3,C,77,108,315,h15,683857566333620812
p3,Non-ROH,500,0,0,h15,683857566333620812
p1,A,427,73,0,h15,6857711081268771280
p1,B,90,396,14,h15,6857711081268771280
p1,C,26,96,378,h15,6857711081268771280
p1,Non-ROH,500,0,0,h15,6857711081268771280
p2,A,491,9,0,h15,6857711081268771280
p2,B,246,254,0,h15,6857711081268771280
p2,C,42,102,356,h15,6857711081268771280
p2,Non-ROH,500,0,0,h15,6857711081268771280
p3,A,498,2,0,h15,6857711081268771280
p3,B,273,227,0,h15,6857711081268771280
p3,C,29,116,355,h15,6857711081268771280
p3,Non-ROH,500,0,0,h15,6857711081268771280
p1,A,418,82,0,h15,6904805246266380660
p1,B,78,409,13,h15,6904805246266380660
p1,C,21,134,345,h15,6904805246266380660
p1,Non-ROH,500,0,0,h15,6904805246266380660
p2,A,483,17,0,h15,6904805246266380660
p2,B,172,328,0,h15,6904805246266380660
p2,C,18,96,386,h15,6904805246266380660
p2,Non-ROH,500,0,0,h15,6904805246266380660
p3,A,479,21,0,h15,6904805246266380660
p3,B,215,285,0,h15,6904805246266380660
p3,C,8,126,366,h15,6904805246266380660
p3,Non-ROH,500,0,0,h15,6904805246266380660
p1,A,458,42,0,h15,695766727732247283
p1,B,88,397,15,h15,695766727732247283
p1,C,21,108,371,h15,695766727732247283
p1,Non-ROH,500,0,0,h15,695766727732247283
p2,A,484,16,0,h15,695766727732247283
p2,B,157,343,0,h15,695766727732247283
p2,C,17,101,382,h15,695766727732247283
p2,Non-ROH,500,0,0,h15,695766727732247283
p3,A,492,8,0,h15,695766727732247283
p3,B,269,231,0,h15,695766727732247283
p3,C,19,128,353,h15,695766727732247283
p3,Non-ROH,500,0,0,h15,695766727732247283
p1,A,428,72,0,h15,6972747097165889267
p1,B,81,406,13,h15,6972747097165889267
p1,C,20,101,379,h15,6972747097165889267
p1,Non-ROH,500,0,0,h15,6972747097165889267
p2,A,491,9,0,h15,6972747097165889267
p2,B,156,344,0,h15,6972747097165889267
p2,C,13,148,339,h15,6972747097165889267
p2,Non-ROH,500,0,0,h15,6972747097165889267
p3,A,497,3,0,h15,6972747097165889267
p3,B,238,262,0,h15,6972747097165889267
p3,C,12,112,376,h15,6972747097165889267
p3,Non-ROH,500,0,0,h15,6972747097165889267
p1,A,485,15,0,h15,6995681574380452064
p1,B,97,392,11,h15,6995681574380452064
p1,C,27,95,378,h15,6995681574380452064
p1,Non-ROH,500,0,0,h15,6995681574380452064
p2,A,499,1,0,h15,6995681574380452064
p2,B,239,261,0,h15,6995681574380452064
p2,C,21,124,355,h15,6995681574380452064
p2,Non-ROH,500,0,0,h15,6995681574380452064
p3,A,498,2,0,h15,6995681574380452064
p3,B,285,215,0,h15,6995681574380452064
p3,C,15,127,358,h15,6995681574380452064
p3,Non-ROH,500,0,0,h15,6995681574380452064
p1,A,442,58,0,h15,7038144662655171417
p1,B,92,394,14,h15,7038144662655171417
p1,C,19,110,371,h15,7038144662655171417
p1,Non-ROH,500,0,0,h15,7038144662655171417
p2,A,483,17,0,h15,7038144662655171417
p2,B,235,265,0,h15,7038144662655171417
p2,C,16,118,366,h15,7038144662655171417
p2,Non-ROH,500,0,0,h15,7038144662655171417
p3,A,489,11,0,h15,7038144662655171417
p3,B,252,248,0,h15,7038144662655171417
p3,C,14,172,314,h15,7038144662655171417
p3,Non-ROH,500,0,0,h15,7038144662655171417
p1,A,452,48,0,h15,7052568082479059503
p1,B,93,395,12,h15,7052568082479059503
p1,C,29,106,365,h15,7052568082479059503
p1,Non-ROH,500,0,0,h15,7052568082479059503
p2,A,496,4,0,h15,7052568082479059503
p2,B,198,302,0,h15,7052568082479059503
p2,C,22,139,339,h15,7052568082479059503
p2,Non-ROH,500,0,0,h15,7052568082479059503
p3,A,498,2,0,h15,7052568082479059503
p3,B,268,232,0,h15,7052568082479059503
p3,C,31,93,376,h15,7052568082479059503
p3,Non-ROH,500,0,0,h15,7052568082479059503
p1,A,472,28,0,h15,7088838485061248294
p1,B,149,334,17,h15,7088838485061248294
p1,C,26,89,385,h15,7088838485061248294
p1,Non-ROH,500,0,0,h15,7088838485061248294
p2,A,497,3,0,h15,7088838485061248294
p2,B,292,208,0,h15,7088838485061248294
p2,C,19,109,372,h15,7088838485061248294
p2,Non-ROH,500,0,0,h15,7088838485061248294
p3,A,498,2,0,h15,7088838485061248294
p3,B,390,110,0,h15,7088838485061248294
p3,C,26,108,366,h15,7088838485061248294
p3,Non-ROH,500,0,0,h15,7088838485061248294
p1,A,454,46,0,h15,7119493320198880977
p1,B,116,372,12,h15,7119493320198880977
p1,C,22,134,344,h15,7119493320198880977
p1,Non-ROH,500,0,0,h15,7119493320198880977
p2,A,481,19,0,h15,7119493320198880977
p2,B,242,258,0,h15,7119493320198880977
p2,C,26,94,380,h15,7119493320198880977
p2,Non-ROH,500,0,0,h15,7119493320198880977
p3,A,497,3,0,h15,7119493320198880977
p3,B,281,219,0,h15,7119493320198880977
p3,C,43,99,358,h15,7119493320198880977
p3,Non-ROH,500,0,0,h15,7119493320198880977
p1,A,475,25,0,h15,712145610015172821
p1,B,123,358,19,h15,712145610015172821
p1,C,27,101,372,h15,712145610015172821
p1,Non-ROH,500,0,0,h15,712145610015172821
p2,A,499,1,0,h15,712145610015172821
p2,B,286,214,0,h15,712145610015172821
p2,C,23,93,384,h15,712145610015172821
p2,Non-ROH,500,0,0,h15,712145610015172821
p3,A,500,0,0,h15,712145610015172821
p3,B,337,163,0,h15,712145610015172821
p3,C,17,106,377,h15,712145610015172821
p3,Non-ROH,500,0,0,h15,712145610015172821
p1,A,436,64,0,h15,7156781972649272396
p1,B,66,421,13,h15,7156781972649272396
p1,C,32,91,377,h15,7156781972649272396
p1,Non-ROH,500,0,0,h15,7156781972649272396
p2,A,493,7,0,h15,7156781972649272396
p2,B,216,284,0,h15,7156781972649272396
p2,C,17,117,366,h15,7156781972649272396
p2,Non-ROH,500,0,0,h15,7156781972649272396
p3,A,497,3,0,h15,7156781972649272396
p3,B,290,210,0,h15,7156781972649272396
p3,C,26,111,363,h15,7156781972649272396
p3,Non-ROH,500,0,0,h15,7156781972649272396
p1,A,472,28,0,h15,71600715178410263
p1,B,102,382,16,h15,71600715178410263
p1,C,23,102,375,h15,71600715178410263
p1,Non-ROH,500,0,0,h15,71600715178410263
p2,A,498,2,0,h15,71600715178410263
p2,B,239,261,0,h15,71600715178410263
p2,C,45,144,311,h15,71600715178410263
p2,Non-ROH,500,0,0,h15,71600715178410263
p3,A,498,2,0,h15,71600715178410263
p3,B,282,218,0,h15,71600715178410263
p3,C,15,169,316,h15,71600715178410263
p3,Non-ROH,500,0,0,h15,71600715178410263
p1,A,448,52,0,h15,7171008552869802306
p1,B,104,382,14,h15,7171008552869802306
p1,C,38,105,357,h15,7171008552869802306
p1,Non-ROH,500,0,0,h15,7171008552869802306
p2,A,495,5,0,h15,7171008552869802306
p2,B,240,260,0,h15,7171008552869802306
p2,C,25,111,364,h15,7171008552869802306
p2,Non-ROH,500,0,0,h15,7171008552869802306
p3,A,498,2,0,h15,7171008552869802306
p3,B,306,194,0,h15,7171008552869802306
p3,C,10,141,349,h15,7171008552869802306
p3,Non-ROH,500,0,0,h15,7171008552869802306
p1,A,452,48,0,h15,7232301890056186225
p1,B,90,405,5,h15,7232301890056186225
p1,C,37,98,365,h15,7232301890056186225
p1,Non-ROH,500,0,0,h15,7232301890056186225
p2,A,498,2,0,h15,7232301890056186225
p2,B,205,295,0,h15,7232301890056186225
p2,C,18,135,347,h15,7232301890056186225
p2,Non-ROH,500,0,0,h15,7232301890056186225
p3,A,498,2,0,h15,7232301890056186225
p3,B,277,223,0,h15,7232301890056186225
p3,C,24,181,295,h15,7232301890056186225
p3,Non-ROH,500,0,0,h15,7232301890056186225
p1,A,475,25,0,h15,7239765862964070588
p1,B,126,360,14,h15,7239765862964070588
p1,C,46,78,376,h15,7239765862964070588
p1,Non-ROH,500,0,0,h15,7239765862964070588
p2,A,496,4,0,h15,7239765862964070588
p2,B,229,271,0,h15,7239765862964070588
p2,C,21,95,384,h15,7239765862964070588
p2,Non-ROH,500,0,0,h15,7239765862964070588
p3,A,497,3,0,h15,7239765862964070588
p3,B,292,208,0,h15,7239765862964070588
p3,C,24,90,386,h15,7239765862964070588
p3,Non-ROH,500,0,0,h15,7239765862964070588
p1,A,440,60,0,h15,724826879145827905
p1,B,74,410,16,h15,724826879145827905
p1,C,20,131,349,h15,724826879145827905
p1,Non-ROH,500,0,0,h15,724826879145827905
p2,A,497,3,0,h15,724826879145827905
p2,B,211,289,0,h15,724826879145827905
p2,C,20,136,344,h15,724826879145827905
p2,Non-ROH,500,0,0,h15,724826879145827905
p3,A,498,2,0,h15,724826879145827905
p3,B,287,213,0,h15,724826879145827905
p3,C,21,121,358,h15,724826879145827905
p3,Non-ROH,500,0,0,h15,724826879145827905
p1,A,423,77,0,h15,7261623795557953603
p1,B,124,359,17,h15,7261623795557953603
p1,C,23,114,363,h15,7261623795557953603
p1,Non-ROH,500,0,0,h15,7261623795557953603
p2,A,481,19,0,h15,7261623795557953603
p2,B,257,243,0,h15,7261623795557953603
p2,C,15,125,360,h15,7261623795557953603
p2,Non-ROH,500,0,0,h15,7261623795557953603
p3,A,490,10,0,h15,7261623795557953603
p3,B,325,175,0,h15,7261623795557953603
p3,C,14,166,320,h15,7261623795557953603
p3,Non-ROH,500,0,0,h15,7261623795557953603
p1,A,412,88,0,h15,7323235365209283916
p1,B,69,414,17,h15,7323235365209283916
p1,C,20,102,378,h15,7323235365209283916
p1,Non-ROH,500,0,0,h15,7323235365209283916
p2,A,478,22,0,h15,7323235365209283916
p2,B,172,328,0,h15,7323235365209283916
p2,C,12,139,349,h15,7323235365209283916
p2,Non-ROH,500,0,0,h15,7323235365209283916
p3,A,493,7,0,h15,7323235365209283916
p3,B,248,252,0,h15,7323235365209283916
p3,C,14,109,377,h15,7323235365209283916
p3,Non-ROH,500,0,0,h15,7323235365209283916
p1,A,460,40,0,h15,7335256086282162009
p1,B,74,411,15,h15,7335256086282162009
p1,C,25,103,372,h15,7335256086282162009
p1,Non-ROH,500,0,0,h15,7335256086282162009
p2,A,491,9,0,h15,7335256086282162009
p2,B,235,265,0,h15,7335256086282162009
p2,C,18,109,373,h15,7335256086282162009
p2,Non-ROH,500,0,0,h15,7335256086282162009
p3,A,500,0,0,h15,7335256086282162009
p3,B,295,205,0,h15,7335256086282162009
p3,C,16,141,343,h15,7335256086282162009
p3,Non-ROH,500,0,0,h15,7335256086282162009
p1,A,436,64,0,h15,733534555230418810
p1,B,100,384,16,h15,733534555230418810
p1,C,31,107,362,h15,733534555230418810
p1,Non-ROH,500,0,0,h15,733534555230418810
p2,A,493,7,0,h15,733534555230418810
p2,B,237,263,0,h15,733534555230418810
p2,C,17,209,274,h15,733534555230418810
p2,Non-ROH,500,0,0,h15,733534555230418810
p3,A,496,4,0,h15,733534555230418810
p3,B,274,226,0,h15,733534555230418810
p3,C,12,180,308,h15,733534555230418810
p3,Non-ROH,500,0,0,h15,733534555230418810
p1,A,457,43,0,h15,7367185457010588292
p1,B,97,386,17,h15,7367185457010588292
p1,C,31,78,391,h15,7367185457010588292
p1,Non-ROH,500,0,0,h15,7367185457010588292
p2,A,499,1,0,h15,7367185457010588292
p2,B,262,238,0,h15,7367185457010588292
p2,C,14,82,404,h15,7367185457010588292
p2,Non-ROH,500,0,0,h15,7367185457010588292
p3,A,499,1,0,h15,7367185457010588292
p3,B,331,169,0,h15,7367185457010588292
p3,C,18,113,369,h15,7367185457010588292
p3,Non-ROH,500,0,0,h15,7367185457010588292
p1,A,475,25,0,h15,7394461256362752858
p1,B,105,382,13,h15,7394461256362752858
p1,C,27,108,365,h15,7394461256362752858
p1,Non-ROH,500,0,0,h15,7394461256362752858
p2,A,499,1,0,h15,7394461256362752858
p2,B,240,260,0,h15,7394461256362752858
p2,C,16,100,384,h15,7394461256362752858
p2,Non-ROH,500,0,0,h15,7394461256362752858
p3,A,499,1,0,h15,7394461256362752858
p3,B,315,185,0,h15,7394461256362752858
p3,C,18,105,377,h15,7394461256362752858
p3,Non-ROH,500,0,0,h15,7394461256362752858
p1,A,426,74,0,h15,7454762978727924394
p1,B,72,410,18,h15,7454762978727924394
p1,C,28,125,347,h15,7454762978727924394
p1,Non-ROH,500,0,0,h15,7454762978727924394
p2,A,479,21,0,h15,7454762978727924394
p2,B,174,326,0,h15,7454762978727924394
p2,C,21,137,342,h15,7454762978727924394
p2,Non-ROH,500,0,0,h15,7454762978727924394
p3,A,492,8,0,h15,7454762978727924394
p3,B,255,245,0,h15,7454762978727924394
p3,C,12,122,366,h15,7454762978727924394
p3,Non-ROH,500,0,0,h15,7454762978727924394
p1,A,428,72,0,h15,7456117250353113879
p1,B,67,412,21,h15,7456117250353113879
p1,C,18,126,356,h15,7456117250353113879
p1,Non-ROH,500,0,0,h15,7456117250353113879
p2,A,491,9,0,h15,7456117250353113879
p2,B,193,307,0,h15,7456117250353113879
p2,C,15,137,348,h15,7456117250353113879
p2,Non-ROH,500,0,0,h15,7456117250353113879
p3,A,488,12,0,h15,7456117250353113879
p3,B,244,256,0,h15,7456117250353113879
p3,C,12,191,297,h15,7456117250353113879
p3,Non-ROH,500,0,0,h15,7456117250353113879
p1,A,447,53,0,h15,7491631922877737273
p1,B,89,393,18,h15,7491631922877737273
p1,C,16,108,376,h15,7491631922877737273
p1,Non-ROH,500,0,0,h15,7491631922877737273
p2,A,494,6,0,h15,7491631922877737273
p2,B,240,260,0,h15,7491631922877737273
p2,C,21,131,348,h15,7491631922877737273
p2,Non-ROH,500,0,0,h15,7491631922877737273
p3,A,499,1,0,h15,7491631922877737273
p3,B,307,193,0,h15,7491631922877737273
p3,C,15,149,336,h15,7491631922877737273
p3,Non-ROH,500,0,0,h15,7491631922877737273
p1,A,392,108,0,h15,7496248756176015348
p1,B,69,420,11,h15,7496248756176015348
p1,C,21,108,371,h15,7496248756176015348
p1,Non-ROH,500,0,0,h15,7496248756176015348
p2,A,484,16,0,h15,7496248756176015348
p2,B,173,327,0,h15,7496248756176015348
p2,C,12,114,374,h15,7496248756176015348
p2,Non-ROH,500,0,0,h15,7496248756176015348
p3,A,494,6,0,h15,7496248756176015348
p3,B,221,279,0,h15,7496248756176015348
p3,C,10,131,359,h15,7496248756176015348
p3,Non-ROH,500,0,0,h15,7496248756176015348
p1,A,461,39,0,h15,7514993014906615602
p1,B,83,405,12,h15,7514993014906615602
p1,C,31,92,377,h15,7514993014906615602
p1,Non-ROH,500,0,0,h15,7514993014906615602
p2,A,496,4,0,h15,7514993014906615602
p2,B,197,303,0,h15,7514993014906615602
p2,C,15,118,367,h15,7514993014906615602
p2,Non-ROH,500,0,0,h15,7514993014906615602
p3,A,499,1,0,h15,7514993014906615602
p3,B,244,256,0,h15,7514993014906615602
p3,C,15,125,360,h15,7514993014906615602
p3,Non-ROH,500,0,0,h15,7514993014906615602
p1,A,472,28,0,h15,7533237063109245045
p1,B,133,352,15,h15,7533237063109245045
p1,C,26,110,364,h15,7533237063109245045
p1,Non-ROH,500,0,0,h15,7533237063109245045
p2,A,497,3,0,h15,7533237063109245045
p2,B,294,206,0,h15,7533237063109245045
p2,C,19,113,368,h15,7533237063109245045
p2,Non-ROH,500,0,0,h15,7533237063109245045
p3,A,499,1,0,h15,7533237063109245045
p3,B,325,175,0,h15,7533237063109245045
p3,C,28,101,371,h15,7533237063109245045
p3,Non-ROH,500,0,0,h15,7533237063109245045
p1,A,284,216,0,h15,7558690278731304880
p1,B,67,423,10,h15,7558690278731304880
p1,C,14,114,372,h15,7558690278731304880
p1,Non-ROH,500,0,0,h15,7558690278731304880
p2,A,460,40,0,h15,7558690278731304880
p2,B,232,268,0,h15,7558690278731304880
p2,C,10,110,380,h15,7558690278731304880
p2,Non-ROH,500,0,0,h15,7558690278731304880
p3,A,442,58,0,h15,7558690278731304880
p3,B,241,259,0,h15,7558690278731304880
p3,C,16,121,363,h15,7558690278731304880
p3,Non-ROH,500,0,0,h15,7558690278731304880
p1,A,423,77,0,h15,7562182122542935408
p1,B,73,416,11,h15,7562182122542935408
p1,C,25,99,376,h15,7562182122542935408
p1,Non-ROH,500,0,0,h15,7562182122542935408
p2,A,480,20,0,h15,7562182122542935408
p2,B,239,261,0,h15,7562182122542935408
p2,C,16,120,364,h15,7562182122542935408
p2,Non-ROH,500,0,0,h15,7562182122542935408
p3,A,484,16,0,h15,7562182122542935408
p3,B,243,257,0,h15,7562182122542935408
p3,C,17,151,332,h15,7562182122542935408
p3,Non-ROH,500,0,0,h15,7562182122542935408
p1,A,453,47,0,h15,7625322377469777652
p1,B,74,399,27,h15,7625322377469777652
p1,C,18,95,387,h15,7625322377469777652
p1,Non-ROH,500,0,0,h15,7625322377469777652
p2,A,495,5,0,h15,7625322377469777652
p2,B,166,334,0,h15,7625322377469777652
p2,C,15,115,370,h15,7625322377469777652
p2,Non-ROH,500,0,0,h15,7625322377469777652
p3,A,495,5,0,h15,7625322377469777652
p3,B,245,255,0,h15,7625322377469777652
p3,C,15,109,376,h15,7625322377469777652
p3,Non-ROH,500,0,0,h15,7625322377469777652
p1,A,445,55,0,h15,7625750130674229972
p1,B,65,422,13,h15,7625750130674229972
p1,C,20,103,377,h15,7625750130674229972
p1,Non-ROH,500,0,0,h15,7625750130674229972
p2,A,492,8,0,h15,7625750130674229972
p2,B,192,308,0,h15,7625750130674229972
p2,C,12,110,378,h15,7625750130674229972
p2,Non-ROH,500,0,0,h15,7625750130674229972
p3,A,498,2,0,h15,7625750130674229972
p3,B,279,221,0,h15,7625750130674229972
p3,C,19,130,351,h15,7625750130674229972
p3,Non-ROH,500,0,0,h15,7625750130674229972
p1,A,430,70,0,h15,7657396369405654976
p1,B,98,390,12,h15,7657396369405654976
p1,C,31,103,366,h15,7657396369405654976
p1,Non-ROH,500,0,0,h15,7657396369405654976
p2,A,493,7,0,h15,7657396369405654976
p2,B,228,272,0,h15,7657396369405654976
p2,C,29,97,374,h15,7657396369405654976
p2,Non-ROH,500,0,0,h15,7657396369405654976
p3,A,495,5,0,h15,7657396369405654976
p3,B,270,230,0,h15,7657396369405654976
p3,C,19,165,316,h15,7657396369405654976
p3,Non-ROH,500,0,0,h15,7657396369405654976
p1,A,411,89,0,h15,7705123963930659502
p1,B,87,401,12,h15,7705123963930659502
p1,C,31,99,370,h15,7705123963930659502
p1,Non-ROH,500,0,0,h15,7705123963930659502
p2,A,484,16,0,h15,7705123963930659502
p2,B,213,287,0,h15,7705123963930659502
p2,C,27,174,299,h15,7705123963930659502
p2,Non-ROH,500,0,0,h15,7705123963930659502
p3,A,487,13,0,h15,7705123963930659502
p3,B,241,259,0,h15,7705123963930659502
p3,C,20,144,336,h15,7705123963930659502
p3,Non-ROH,500,0,0,h15,7705123963930659502
p1,A,443,57,0,h15,7705771265987565758
p1,B,103,382,15,h15,7705771265987565758
p1,C,30,100,370,h15,7705771265987565758
p1,Non-ROH,500,0,0,h15,7705771265987565758
p2,A,494,6,0,h15,7705771265987565758
p2,B,278,222,0,h15,7705771265987565758
p2,C,17,140,343,h15,7705771265987565758
p2,Non-ROH,500,0,0,h15,7705771265987565758
p3,A,497,3,0,h15,7705771265987565758
p3,B,369,131,0,h15,7705771265987565758
p3,C,13,220,267,h15,7705771265987565758
p3,Non-ROH,500,0,0,h15,7705771265987565758
p1,A,448,52,0,h15,7730303626291410694
p1,B,108,374,18,h15,7730303626291410694
p1,C,23,108,369,h15,7730303626291410694
p1,Non-ROH,500,0,0,h15,7730303626291410694
p2,A,487,13,0,h15,7730303626291410694
p2,B,256,244,0,h15,7730303626291410694
p2,C,22,103,375,h15,7730303626291410694
p2,Non-ROH,500,0,0,h15,7730303626291410694
p3,A,490,10,0,h15,7730303626291410694
p3,B,284,216,0,h15,7730303626291410694
p3,C,17,107,376,h15,7730303626291410694
p3,Non-ROH,500,0,0,h15,7730303626291410694
p1,A,485,15,0,h15,7733088734465762078
p1,B,128,352,20,h15,7733088734465762078
p1,C,32,108,360,h15,7733088734465762078
p1,Non-ROH,500,0,0,h15,7733088734465762078
p2,A,500,0,0,h15,7733088734465762078
p2,B,290,210,0,h15,7733088734465762078
p2,C,24,153,323,h15,7733088734465762078
p2,Non-ROH,500,0,0,h15,7733088734465762078
p3,A,500,0,0,h15,7733088734465762078
p3,B,335,165,0,h15,7733088734465762078
p3,C,15,122,363,h15,7733088734465762078
p3,Non-ROH,500,0,0,h15,7733088734465762078
p1,A,475,25,0,h15,7748929081511897355
p1,B,84,404,12,h15,7748929081511897355
p1,C,29,103,368,h15,7748929081511897355
p1,Non-ROH,500,0,0,h15,7748929081511897355
p2,A,499,1,0,h15,7748929081511897355
p2,B,215,285,0,h15,7748929081511897355
p2,C,13,130,357,h15,7748929081511897355
p2,Non-ROH,500,0,0,h15,7748929081511897355
p3,A,500,0,0,h15,7748929081511897355
p3,B,253,247,0,h15,7748929081511897355
p3,C,14,152,334,h15,7748929081511897355
p3,Non-ROH,500,0,0,h15,7748929081511897355
p1,A,434,66,0,h15,7749998067191925667
p1,B,140,344,16,h15,7749998067191925667
p1,C,45,77,378,h15,7749998067191925667
p1,Non-ROH,500,0,0,h15,7749998067191925667
p2,A,489,11,0,h15,7749998067191925667
p2,B,272,228,0,h15,7749998067191925667
p2,C,34,81,385,h15,7749998067191925667
p2,Non-ROH,500,0,0,h15,7749998067191925667
p3,A,494,6,0,h15,7749998067191925667
p3,B,305,195,0,h15,7749998067191925667
p3,C,37,151,312,h15,7749998067191925667
p3,Non-ROH,500,0,0,h15,7749998067191925667
p1,A,435,65,0,h15,7750724715337055516
p1,B,82,406,12,h15,7750724715337055516
p1,C,28,116,356,h15,7750724715337055516
p1,Non-ROH,500,0,0,h15,7750724715337055516
p2,A,489,11,0,h15,7750724715337055516
p2,B,198,302,0,h15,7750724715337055516
p2,C,15,144,341,h15,7750724715337055516
p2,Non-ROH,500,0,0,h15,7750724715337055516
p3,A,483,17,0,h15,7750724715337055516
p3,B,216,284,0,h15,7750724715337055516
p3,C,12,161,327,h15,7750724715337055516
p3,Non-ROH,500,0,0,h15,7750724715337055516
p1,A,454,46,0,h15,7790819948073245409
p1,B,104,382,14,h15,7790819948073245409
p1,C,28,92,380,h15,7790819948073245409
p1,Non-ROH,500,0,0,h15,7790819948073245409
p2,A,496,4,0,h15,7790819948073245409
p2,B,261,239,0,h15,7790819948073245409
p2,C,24,138,338,h15,7790819948073245409
p2,Non-ROH,500,0,0,h15,7790819948073245409
p3,A,500,0,0,h15,7790819948073245409
p3,B,310,190,0,h15,7790819948073245409
p3,C,28,82,390,h15,7790819948073245409
p3,Non-ROH,500,0,0,h15,7790819948073245409
p1,A,421,79,0,h15,7820551957798138134
p1,B,82,402,16,h15,7820551957798138134
p1,C,29,91,380,h15,7820551957798138134
p1,Non-ROH,500,0,0,h15,7820551957798138134
p2,A,491,9,0,h15,7820551957798138134
p2,B,209,291,0,h15,7820551957798138134
p2,C,12,132,356,h15,7820551957798138134
p2,Non-ROH,500,0,0,h15,7820551957798138134
p3,A,492,8,0,h15,7820551957798138134
p3,B,220,280,0,h15,7820551957798138134
p3,C,20,123,357,h15,7820551957798138134
p3,Non-ROH,500,0,0,h15,7820551957798138134
p1,A,428,72,0,h15,7830395354094105764
p1,B,102,378,20,h15,7830395354094105764
p1,C,21,97,382,h15,7830395354094105764
p1,Non-ROH,500,0,0,h15,7830395354094105764
p2,A,484,16,0,h15,7830395354094105764
p2,B,229,271,0,h15,7830395354094105764
p2,C,11,121,368,h15,7830395354094105764
p2,Non-ROH,500,0,0,h15,7830395354094105764
p3,A,492,8,0,h15,7830395354094105764
p3,B,315,185,0,h15,7830395354094105764
p3,C,12,124,364,h15,7830395354094105764
p3,Non-ROH,500,0,0,h15,7830395354094105764
p1,A,433,67,0,h15,7837415936552562709
p1,B,90,400,10,h15,7837415936552562709
p1,C,22,90,388,h15,7837415936552562709
p1,Non-ROH,500,0,0,h15,7837415936552562709
p2,A,486,14,0,h15,7837415936552562709
p2,B,193,307,0,h15,7837415936552562709
p2,C,13,141,346,h15,7837415936552562709
p2,Non-ROH,500,0,0,h15,7837415936552562709
p3,A,492,8,0,h15,7837415936552562709
p3,B,260,240,0,h15,7837415936552562709
p3,C,7,161,332,h15,7837415936552562709
p3,Non-ROH,500,0,0,h15,7837415936552562709
p1,A,445,55,0,h15,7840276560376944293
p1,B,73,410,17,h15,7840276560376944293
p1,C,25,100,375,h15,7840276560376944293
p1,Non-ROH,500,0,0,h15,7840276560376944293
p2,A,493,7,0,h15,7840276560376944293
p2,B,189,311,0,h15,7840276560376944293
p2,C,13,101,386,h15,7840276560376944293
p2,Non-ROH,500,0,0,h15,7840276560376944293
p3,A,500,0,0,h15,7840276560376944293
p3,B,268,232,0,h15,7840276560376944293
p3,C,17,148,335,h15,7840276560376944293
p3,Non-ROH,500,0,0,h15,7840276560376944293
p1,A,413,87,0,h15,7879131363805742518
p1,B,85,401,14,h15,7879131363805742518
p1,C,25,87,388,h15,7879131363805742518
p1,Non-ROH,500,0,0,h15,7879131363805742518
p2,A,495,5,0,h15,7879131363805742518
p2,B,203,297,0,h15,7879131363805742518
p2,C,12,97,391,h15,7879131363805742518
p2,Non-ROH,500,0,0,h15,7879131363805742518
p3,A,495,5,0,h15,7879131363805742518
p3,B,259,241,0,h15,7879131363805742518
p3,C,21,119,360,h15,7879131363805742518
p3,Non-ROH,500,0,0,h15,7879131363805742518
p1,A,422,78,0,h15,788008010257152915
p1,B,137,346,17,h15,788008010257152915
p1,C,27,93,380,h15,788008010257152915
p1,Non-ROH,500,0,0,h15,788008010257152915
p2,A,492,8,0,h15,788008010257152915
p2,B,240,260,0,h15,788008010257152915
p2,C,17,118,365,h15,788008010257152915
p2,Non-ROH,500,0,0,h15,788008010257152915
p3,A,486,14,0,h15,788008010257152915
p3,B,319,181,0,h15,788008010257152915
p3,C,12,124,364,h15,788008010257152915
p3,Non-ROH,500,0,0,h15,788008010257152915
p1,A,456,44,0,h15,7887244493400589409
p1,B,94,388,18,h15,7887244493400589409
p1,C,15,104,381,h15,7887244493400589409
p1,Non-ROH,500,0,0,h15,7887244493400589409
p2,A,493,7,0,h15,7887244493400589409
p2,B,251,249,0,h15,7887244493400589409
p2,C,19,131,350,h15,7887244493400589409
p2,Non-ROH,500,0,0,h15,7887244493400589409
p3,A,490,10,0,h15,7887244493400589409
p3,B,259,241,0,h15,7887244493400589409
p3,C,11,102,387,h15,7887244493400589409
p3,Non-ROH,500,0,0,h15,7887244493400589409
p1,A,457,43,0,h15,7888605875842445248
p1,B,92,389,19,h15,7888605875842445248
p1,C,29,138,333,h15,7888605875842445248
p1,Non-ROH,500,0,0,h15,7888605875842445248
p2,A,495,5,0,h15,7888605875842445248
p2,B,206,294,0,h15,7888605875842445248
p2,C,19,163,318,h15,7888605875842445248
p2,Non-ROH,500,0,0,h15,7888605875842445248
p3,A,499,1,0,h15,7888605875842445248
p3,B,302,198,0,h15,7888605875842445248
p3,C,18,133,349,h15,7888605875842445248
p3,Non-ROH,500,0,0,h15,7888605875842445248
p1,A,434,66,0,h15,7903974492214164653
p1,B,72,415,13,h15,7903974492214164653
p1,C,21,105,374,h15,7903974492214164653
p1,Non-ROH,500,0,0,h15,7903974492214164653
p2,A,495,5,0,h15,7903974492214164653
p2,B,174,326,0,h15,7903974492214164653
p2,C,15,109,376,h15,7903974492214164653
p2,Non-ROH,500,0,0,h15,7903974492214164653
p3,A,489,11,0,h15,7903974492214164653
p3,B,209,291,0,h15,7903974492214164653
p3,C,17,126,357,h15,7903974492214164653
p3,Non-ROH,500,0,0,h15,7903974492214164653
p1,A,381,119,0,h15,7904954063587814482
p1,B,85,405,10,h15,7904954063587814482
p1,C,16,110,374,h15,7904954063587814482
p1,Non-ROH,500,0,0,h15,7904954063587814482
p2,A,463,37,0,h15,7904954063587814482
p2,B,201,299,0,h15,7904954063587814482
p2,C,13,150,337,h15,7904954063587814482
p2,Non-ROH,500,0,0,h15,7904954063587814482
p3,A,465,35,0,h15,7904954063587814482
p3,B,222,278,0,h15,7904954063587814482
p3,C,11,191,298,h15,7904954063587814482
p3,Non-ROH,500,0,0,h15,7904954063587814482
p1,A,461,39,0,h15,7930169664126857732
p1,B,85,404,11,h15,7930169664126857732
p1,C,28,95,377,h15,7930169664126857732
p1,Non-ROH,500,0,0,h15,7930169664126857732
p2,A,496,4,0,h15,7930169664126857732
p2,B,231,269,0,h15,7930169664126857732
p2,C,14,134,352,h15,7930169664126857732
p2,Non-ROH,500,0,0,h15,7930169664126857732
p3,A,499,1,0,h15,7930169664126857732
p3,B,271,229,0,h15,7930169664126857732
p3,C,13,151,336,h15,7930169664126857732
p3,Non-ROH,500,0,0,h15,7930169664126857732
p1,A,465,35,0,h15,796495771803747403
p1,B,92,388,20,h15,796495771803747403
p1,C,31,86,383,h15,796495771803747403
p1,Non-ROH,500,0,0,h15,796495771803747403
p2,A,496,4,0,h15,796495771803747403
p2,B,263,237,0,h15,796495771803747403
p2,C,25,124,351,h15,796495771803747403
p2,Non-ROH,500,0,0,h15,796495771803747403
p3,A,499,1,0,h15,796495771803747403
p3,B,297,203,0,h15,796495771803747403
p3,C,20,158,322,h15,796495771803747403
p3,Non-ROH,500,0,0,h15,796495771803747403
p1,A,413,87,0,h15,7979329453763278767
p1,B,95,395,10,h15,7979329453763278767
p1,C,14,105,381,h15,7979329453763278767
p1,Non-ROH,500,0,0,h15,7979329453763278767
p2,A,491,9,0,h15,7979329453763278767
p2,B,175,325,0,h15,7979329453763278767
p2,C,12,117,371,h15,7979329453763278767
p2,Non-ROH,500,0,0,h15,7979329453763278767
p3,A,466,34,0,h15,7979329453763278767
p3,B,233,267,0,h15,7979329453763278767
p3,C,7,123,370,h15,7979329453763278767
p3,Non-ROH,500,0,0,h15,7979329453763278767
p1,A,442,58,0,h15,8004382113967605042
p1,B,132,350,18,h15,8004382113967605042
p1,C,30,78,392,h15,8004382113967605042
p1,Non-ROH,500,0,0,h15,8004382113967605042
p2,A,489,11,0,h15,8004382113967605042
p2,B,263,237,0,h15,8004382113967605042
p2,C,25,116,359,h15,8004382113967605042
p2,Non-ROH,500,0,0,h15,8004382113967605042
p3,A,493,7,0,h15,8004382113967605042
p3,B,315,185,0,h15,8004382113967605042
p3,C,16,134,350,h15,8004382113967605042
p3,Non-ROH,500,0,0,h15,8004382113967605042
p1,A,455,45,0,h15,8009586604051798517
p1,B,89,403,8,h15,8009586604051798517
p1,C,25,112,363,h15,8009586604051798517
p1,Non-ROH,500,0,0,h15,8009586604051798517
p2,A,496,4,0,h15,8009586604051798517
p2,B,207,293,0,h15,8009586604051798517
p2,C,18,79,403,h15,8009586604051798517
p2,Non-ROH,500,0,0,h15,8009586604051798517
p3,A,498,2,0,h15,8009586604051798517
p3,B,262,238,0,h15,8009586604051798517
p3,C,13,179,308,h15,8009586604051798517
p3,Non-ROH,500,0,0,h15,8009586604051798517
p1,A,418,82,0,h15,8012675551318804964
p1,B,76,409,15,h15,8012675551318804964
p1,C,17,122,361,h15,8012675551318804964
p1,Non-ROH,500,0,0,h15,8012675551318804964
p2,A,487,13,0,h15,8012675551318804964
p2,B,158,342,0,h15,8012675551318804964
p2,C,7,131,362,h15,8012675551318804964
p2,Non-ROH,500,0,0,h15,8012675551318804964
p3,A,488,12,0,h15,8012675551318804964
p3,B,207,293,0,h15,8012675551318804964
p3,C,6,161,333,h15,8012675551318804964
p3,Non-ROH,500,0,0,h15,8012675551318804964
p1,A,444,56,0,h15,8017767940299067526
p1,B,118,368,14,h15,8017767940299067526
p1,C,33,93,374,h15,8017767940299067526
p1,Non-ROH,500,0,0,h15,8017767940299067526
p2,A,499,1,0,h15,8017767940299067526
p2,B,254,246,0,h15,8017767940299067526
p2,C,27,119,354,h15,8017767940299067526
p2,Non-ROH,500,0,0,h15,8017767940299067526
p3,A,499,1,0,h15,8017767940299067526
p3,B,301,199,0,h15,8017767940299067526
p3,C,46,89,365,h15,8017767940299067526
p3,Non-ROH,500,0,0,h15,8017767940299067526
p1,A,428,72,0,h15,8026682048651550057
p1,B,78,405,17,h15,8026682048651550057
p1,C,17,117,366,h15,8026682048651550057
p1,Non-ROH,500,0,0,h15,8026682048651550057
p2,A,479,21,0,h15,8026682048651550057
p2,B,189,311,0,h15,8026682048651550057
p2,C,12,115,373,h15,8026682048651550057
p2,Non-ROH,500,0,0,h15,8026682048651550057
p3,A,488,12,0,h15,8026682048651550057
p3,B,235,265,0,h15,8026682048651550057
p3,C,22,187,291,h15,8026682048651550057
p3,Non-ROH,500,0,0,h15,8026682048651550057
p1,A,448,52,0,h15,8031685534366691641
p1,B,83,408,9,h15,8031685534366691641
p1,C,19,103,378,h15,8031685534366691641
p1,Non-ROH,500,0,0,h15,8031685534366691641
p2,A,493,7,0,h15,8031685534366691641
p2,B,181,319,0,h15,8031685534366691641
p2,C,14,125,361,h15,8031685534366691641
p2,Non-ROH,500,0,0,h15,8031685534366691641
p3,A,496,4,0,h15,8031685534366691641
p3,B,258,242,0,h15,8031685534366691641
p3,C,19,105,376,h15,8031685534366691641
p3,Non-ROH,500,0,0,h15,8031685534366691641
p1,A,433,67,0,h15,803283022035239471
p1,B,86,399,15,h15,803283022035239471
p1,C,20,114,366,h15,803283022035239471
p1,Non-ROH,500,0,0,h15,803283022035239471
p2,A,497,3,0,h15,803283022035239471
p2,B,182,318,0,h15,803283022035239471
p2,C,12,123,365,h15,803283022035239471
p2,Non-ROH,500,0,0,h15,803283022035239471
p3,A,497,3,0,h15,803283022035239471
p3,B,248,252,0,h15,803283022035239471
p3,C,8,132,360,h15,803283022035239471
p3,Non-ROH,500,0,0,h15,803283022035239471
p1,A,398,102,0,h15,8064944818037099888
p1,B,99,389,12,h15,8064944818037099888
p1,C,26,88,386,h15,8064944818037099888
p1,Non-ROH,500,0,0,h15,8064944818037099888
p2,A,490,10,0,h15,8064944818037099888
p2,B,224,276,0,h15,8064944818037099888
p2,C,12,120,368,h15,8064944818037099888
p2,Non-ROH,500,0,0,h15,8064944818037099888
p3,A,497,3,0,h15,8064944818037099888
p3,B,245,255,0,h15,8064944818037099888
p3,C,16,121,363,h15,8064944818037099888
p3,Non-ROH,500,0,0,h15,8064944818037099888
p1,A,442,58,0,h15,8075705313661272489
p1,B,88,392,20,h15,8075705313661272489
p1,C,30,103,367,h15,8075705313661272489
p1,Non-ROH,500,0,0,h15,8075705313661272489
p2,A,497,3,0,h15,8075705313661272489
p2,B,211,289,0,h15,8075705313661272489
p2,C,19,86,395,h15,8075705313661272489
p2,Non-ROH,500,0,0,h15,8075705313661272489
p3,A,499,1,0,h15,8075705313661272489
p3,B,302,198,0,h15,8075705313661272489
p3,C,17,176,307,h15,8075705313661272489
p3,Non-ROH,500,0,0,h15,8075705313661272489
p1,A,384,116,0,h15,808295909411415964
p1,B,68,411,21,h15,808295909411415964
p1,C,26,105,369,h15,808295909411415964
p1,Non-ROH,500,0,0,h15,808295909411415964
p2,A,476,24,0,h15,808295909411415964
p2,B,132,368,0,h15,808295909411415964
p2,C,18,105,377,h15,808295909411415964
p2,Non-ROH,500,0,0,h15,808295909411415964
p3,A,469,31,0,h15,808295909411415964
p3,B,189,311,0,h15,808295909411415964
p3,C,10,132,358,h15,808295909411415964
p3,Non-ROH,500,0,0,h15,808295909411415964
p1,A,423,77,0,h15,8101078877232912548
p1,B,76,412,12,h15,8101078877232912548
p1,C,20,105,375,h15,8101078877232912548
p1,Non-ROH,500,0,0,h15,8101078877232912548
p2,A,493,7,0,h15,8101078877232912548
p2,B,205,295,0,h15,8101078877232912548
p2,C,13,108,379,h15,8101078877232912548
p2,Non-ROH,500,0,0,h15,8101078877232912548
p3,A,497,3,0,h15,8101078877232912548
p3,B,325,175,0,h15,8101078877232912548
p3,C,17,202,281,h15,8101078877232912548
p3,Non-ROH,500,0,0,h15,8101078877232912548
p1,A,448,52,0,h15,8109110630480279893
p1,B,81,404,15,h15,8109110630480279893
p1,C,31,108,361,h15,8109110630480279893
p1,Non-ROH,500,0,0,h15,8109110630480279893
p2,A,493,7,0,h15,8109110630480279893
p2,B,207,293,0,h15,8109110630480279893
p2,C,15,144,341,h15,8109110630480279893
p2,Non-ROH,500,0,0,h15,8109110630480279893
p3,A,499,1,0,h15,8109110630480279893
p3,B,212,288,0,h15,8109110630480279893
p3,C,13,121,366,h15,8109110630480279893
p3,Non-ROH,500,0,0,h15,8109110630480279893
p1,A,441,59,0,h15,8115386724548472045
p1,B,94,395,11,h15,8115386724548472045
p1,C,38,102,360,h15,8115386724548472045
p1,Non-ROH,500,0,0,h15,8115386724548472045
p2,A,496,4,0,h15,8115386724548472045
p2,B,226,274,0,h15,8115386724548472045
p2,C,27,152,321,h15,8115386724548472045
p2,Non-ROH,500,0,0,h15,8115386724548472045
p3,A,495,5,0,h15,8115386724548472045
p3,B,316,184,0,h15,8115386724548472045
p3,C,29,146,325,h15,8115386724548472045
p3,Non-ROH,500,0,0,h15,8115386724548472045
p1,A,397,103,0,h15,8119316803519934591
p1,B,68,420,12,h15,8119316803519934591
p1,C,15,102,383,h15,8119316803519934591
p1,Non-ROH,500,0,0,h15,8119316803519934591
p2,A,474,26,0,h15,8119316803519934591
p2,B,239,261,0,h15,8119316803519934591
p2,C,13,207,280,h15,8119316803519934591
p2,Non-ROH,500,0,0,h15,8119316803519934591
p3,A,484,16,0,h15,8119316803519934591
p3,B,193,307,0,h15,8119316803519934591
p3,C,14,116,370,h15,8119316803519934591
p3,Non-ROH,500,0,0,h15,8119316803519934591
p1,A,406,94,0,h15,8134769258075224915
p1,B,69,417,14,h15,8134769258075224915
p1,C,21,105,374,h15,8134769258075224915
p1,Non-ROH,500,0,0,h15,8134769258075224915
p2,A,479,21,0,h15,8134769258075224915
p2,B,204,296,0,h15,8134769258075224915
p2,C,16,141,343,h15,8134769258075224915
p2,Non-ROH,500,0,0,h15,8134769258075224915
p3,A,492,8,0,h15,8134769258075224915
p3,B,279,221,0,h15,8134769258075224915
p3,C,14,200,286,h15,8134769258075224915
p3,Non-ROH,500,0,0,h15,8134769258075224915
p1,A,446,54,0,h15,8145882662040878431
p1,B,113,373,14,h15,8145882662040878431
p1,C,29,94,377,h15,8145882662040878431
p1,Non-ROH,500,0,0,h15,8145882662040878431
p2,A,496,4,0,h15,8145882662040878431
p2,B,250,250,0,h15,8145882662040878431
p2,C,24,124,352,h15,8145882662040878431
p2,Non-ROH,500,0,0,h15,8145882662040878431
p3,A,496,4,0,h15,8145882662040878431
p3,B,323,177,0,h15,8145882662040878431
p3,C,26,82,392,h15,8145882662040878431
p3,Non-ROH,500,0,0,h15,8145882662040878431
p1,A,433,67,0,h15,8166532520852507932
p1,B,150,346,4,h15,8166532520852507932
p1,C,21,123,356,h15,8166532520852507932
p1,Non-ROH,500,0,0,h15,8166532520852507932
p2,A,487,13,0,h15,8166532520852507932
p2,B,287,213,0,h15,8166532520852507932
p2,C,25,184,291,h15,8166532520852507932
p2,Non-ROH,500,0,0,h15,8166532520852507932
p3,A,499,1,0,h15,8166532520852507932
p3,B,315,185,0,h15,8166532520852507932
p3,C,11,169,320,h15,8166532520852507932
p3,Non-ROH,500,0,0,h15,8166532520852507932
p1,A,480,20,0,h15,8212215390455096617
p1,B,145,344,11,h15,8212215390455096617
p1,C,33,101,366,h15,8212215390455096617
p1,Non-ROH,500,0,0,h15,8212215390455096617
p2,A,499,1,0,h15,8212215390455096617
p2,B,299,201,0,h15,8212215390455096617
p2,C,29,107,364,h15,8212215390455096617
p2,Non-ROH,500,0,0,h15,8212215390455096617
p3,A,500,0,0,h15,8212215390455096617
p3,B,331,169,0,h15,8212215390455096617
p3,C,45,85,370,h15,8212215390455096617
p3,Non-ROH,500,0,0,h15,8212215390455096617
p1,A,428,72,0,h15,8271603422899347443
p1,B,95,396,9,h15,8271603422899347443
p1,C,18,127,355,h15,8271603422899347443
p1,Non-ROH,500,0,0,h15,8271603422899347443
p2,A,493,7,0,h15,8271603422899347443
p2,B,234,266,0,h15,8271603422899347443
p2,C,14,104,382,h15,8271603422899347443
p2,Non-ROH,500,0,0,h15,8271603422899347443
p3,A,481,19,0,h15,8271603422899347443
p3,B,229,271,0,h15,8271603422899347443
p3,C,15,139,346,h15,8271603422899347443
p3,Non-ROH,500,0,0,h15,8271603422899347443
p1,A,461,39,0,h15,8297524636044202237
p1,B,118,370,12,h15,8297524636044202237
p1,C,27,113,360,h15,8297524636044202237
p1,Non-ROH,500,0,0,h15,8297524636044202237
p2,A,493,7,0,h15,8297524636044202237
p2,B,207,293,0,h15,8297524636044202237
p2,C,14,132,354,h15,8297524636044202237
p2,Non-ROH,500,0,0,h15,8297524636044202237
p3,A,499,1,0,h15,8297524636044202237
p3,B,278,222,0,h15,8297524636044202237
p3,C,24,116,360,h15,8297524636044202237
p3,Non-ROH,500,0,0,h15,8297524636044202237
p1,A,465,35,0,h15,831230214803605993
p1,B,114,373,13,h15,831230214803605993
p1,C,39,111,350,h15,831230214803605993
p1,Non-ROH,500,0,0,h15,831230214803605993
p2,A,499,1,0,h15,831230214803605993
p2,B,242,258,0,h15,831230214803605993
p2,C,24,119,357,h15,831230214803605993
p2,Non-ROH,500,0,0,h15,831230214803605993
p3,A,498,2,0,h15,831230214803605993
p3,B,322,178,0,h15,831230214803605993
p3,C,26,106,368,h15,831230214803605993
p3,Non-ROH,500,0,0,h15,831230214803605993
p1,A,464,36,0,h15,8313525680504882676
p1,B,128,357,15,h15,8313525680504882676
p1,C,23,95,382,h15,8313525680504882676
p1,Non-ROH,500,0,0,h15,8313525680504882676
p2,A,494,6,0,h15,8313525680504882676
p2,B,258,242,0,h15,8313525680504882676
p2,C,17,129,354,h15,8313525680504882676
p2,Non-ROH,500,0,0,h15,8313525680504882676
p3,A,496,4,0,h15,8313525680504882676
p3,B,330,170,0,h15,8313525680504882676
p3,C,25,117,358,h15,8313525680504882676
p3,Non-ROH,500,0,0,h15,8313525680504882676
p1,A,455,45,0,h15,8343263225952017527
p1,B,102,384,14,h15,8343263225952017527
p1,C,35,121,344,h15,8343263225952017527
p1,Non-ROH,500,0,0,h15,8343263225952017527
p2,A,494,6,0,h15,8343263225952017527
p2,B,247,253,0,h15,8343263225952017527
p2,C,39,112,349,h15,8343263225952017527
p2,Non-ROH,500,0,0,h15,8343263225952017527
p3,A,496,4,0,h15,8343263225952017527
p3,B,321,179,0,h15,8343263225952017527
p3,C,32,109,359,h15,8343263225952017527
p3,Non-ROH,500,0,0,h15,8343263225952017527
p1,A,479,21,0,h15,8365923798537750206
p1,B,116,370,14,h15,8365923798537750206
p1,C,39,92,369,h15,8365923798537750206
p1,Non-ROH,500,0,0,h15,8365923798537750206
p2,A,500,0,0,h15,8365923798537750206
p2,B,254,246,0,h15,8365923798537750206
p2,C,15,94,391,h15,8365923798537750206
p2,Non-ROH,500,0,0,h15,8365923798537750206
p3,A,500,0,0,h15,8365923798537750206
p3,B,301,199,0,h15,8365923798537750206
p3,C,19,100,381,h15,8365923798537750206
p3,Non-ROH,500,0,0,h15,8365923798537750206
p1,A,470,30,0,h15,8375660787904811689
p1,B,74,411,15,h15,8375660787904811689
p1,C,26,97,377,h15,8375660787904811689
p1,Non-ROH,500,0,0,h15,8375660787904811689
p2,A,482,18,0,h15,8375660787904811689
p2,B,221,279,0,h15,8375660787904811689
p2,C,10,128,362,h15,8375660787904811689
p2,Non-ROH,500,0,0,h15,8375660787904811689
p3,A,498,2,0,h15,8375660787904811689
p3,B,214,286,0,h15,8375660787904811689
p3,C,9,122,369,h15,8375660787904811689
p3,Non-ROH,500,0,0,h15,8375660787904811689
p1,A,485,15,0,h15,8386671184672689804
p1,B,125,364,11,h15,8386671184672689804
p1,C,32,102,366,h15,8386671184672689804
p1,Non-ROH,500,0,0,h15,8386671184672689804
p2,A,499,1,0,h15,8386671184672689804
p2,B,287,213,0,h15,8386671184672689804
p2,C,21,112,367,h15,8386671184672689804
p2,Non-ROH,500,0,0,h15,8386671184672689804
p3,A,500,0,0,h15,8386671184672689804
p3,B,336,164,0,h15,8386671184672689804
p3,C,25,103,372,h15,8386671184672689804
p3,Non-ROH,500,0,0,h15,8386671184672689804
p1,A,388,112,0,h15,8391657464737038475
p1,B,80,400,20,h15,8391657464737038475
p1,C,16,96,388,h15,8391657464737038475
p1,Non-ROH,500,0,0,h15,8391657464737038475
p2,A,483,17,0,h15,8391657464737038475
p2,B,202,298,0,h15,8391657464737038475
p2,C,17,114,369,h15,8391657464737038475
p2,Non-ROH,500,0,0,h15,8391657464737038475
p3,A,494,6,0,h15,8391657464737038475
p3,B,270,230,0,h15,8391657464737038475
p3,C,23,141,336,h15,8391657464737038475
p3,Non-ROH,500,0,0,h15,8391657464737038475
p1,A,437,63,0,h15,8395667210693412259
p1,B,78,400,22,h15,8395667210693412259
p1,C,26,108,366,h15,8395667210693412259
p1,Non-ROH,500,0,0,h15,8395667210693412259
p2,A,475,25,0,h15,8395667210693412259
p2,B,174,326,0,h15,8395667210693412259
p2,C,18,169,313,h15,8395667210693412259
p2,Non-ROH,500,0,0,h15,8395667210693412259
p3,A,481,19,0,h15,8395667210693412259
p3,B,209,291,0,h15,8395667210693412259
p3,C,13,176,311,h15,8395667210693412259
p3,Non-ROH,500,0,0,h15,8395667210693412259
p1,A,422,78,0,h15,8397605515131439116
p1,B,91,396,13,h15,8397605515131439116
p1,C,29,117,354,h15,8397605515131439116
p1,Non-ROH,500,0,0,h15,8397605515131439116
p2,A,485,15,0,h15,8397605515131439116
p2,B,220,280,0,h15,8397605515131439116
p2,C,22,96,382,h15,8397605515131439116
p2,Non-ROH,500,0,0,h15,8397605515131439116
p3,A,492,8,0,h15,8397605515131439116
p3,B,270,230,0,h15,8397605515131439116
p3,C,12,103,385,h15,8397605515131439116
p3,Non-ROH,500,0,0,h15,8397605515131439116
p1,A,440,60,0,h15,8427399742702928290
p1,B,63,418,19,h15,8427399742702928290
p1,C,16,91,393,h15,8427399742702928290
p1,Non-ROH,500,0,0,h15,8427399742702928290
p2,A,493,7,0,h15,8427399742702928290
p2,B,200,300,0,h15,8427399742702928290
p2,C,18,104,378,h15,8427399742702928290
p2,Non-ROH,500,0,0,h15,8427399742702928290
p3,A,499,1,0,h15,8427399742702928290
p3,B,205,295,0,h15,8427399742702928290
p3,C,10,159,331,h15,8427399742702928290
p3,Non-ROH,500,0,0,h15,8427399742702928290
p1,A,420,80,0,h15,844934706838530327
p1,B,82,407,11,h15,844934706838530327
p1,C,29,93,378,h15,844934706838530327
p1,Non-ROH,500,0,0,h15,844934706838530327
p2,A,491,9,0,h15,844934706838530327
p2,B,228,272,0,h15,844934706838530327
p2,C,16,101,383,h15,844934706838530327
p2,Non-ROH,500,0,0,h15,844934706838530327
p3,A,500,0,0,h15,844934706838530327
p3,B,309,191,0,h15,844934706838530327
p3,C,17,150,333,h15,844934706838530327
p3,Non-ROH,500,0,0,h15,844934706838530327
p1,A,417,83,0,h15,8481257488854629033
p1,B,61,425,14,h15,8481257488854629033
p1,C,19,102,379,h15,8481257488854629033
p1,Non-ROH,500,0,0,h15,8481257488854629033
p2,A,493,7,0,h15,8481257488854629033
p2,B,172,328,0,h15,8481257488854629033
p2,C,17,112,371,h15,8481257488854629033
p2,Non-ROH,500,0,0,h15,8481257488854629033
p3,A,495,5,0,h15,8481257488854629033
p3,B,190,310,0,h15,8481257488854629033
p3,C,11,154,335,h15,8481257488854629033
p3,Non-ROH,500,0,0,h15,8481257488854629033
p1,A,424,76,0,h15,8498073161130673074
p1,B,106,382,12,h15,8498073161130673074
p1,C,23,113,364,h15,8498073161130673074
p1,Non-ROH,500,0,0,h15,8498073161130673074
p2,A,487,13,0,h15,8498073161130673074
p2,B,219,281,0,h15,8498073161130673074
p2,C,16,136,348,h15,8498073161130673074
p2,Non-ROH,500,0,0,h15,8498073161130673074
p3,A,493,7,0,h15,8498073161130673074
p3,B,290,210,0,h15,8498073161130673074
p3,C,21,99,380,h15,8498073161130673074
p3,Non-ROH,500,0,0,h15,8498073161130673074
p1,A,422,78,0,h15,8523803560846504212
p1,B,133,363,4,h15,8523803560846504212
p1,C,23,96,381,h15,8523803560846504212
p1,Non-ROH,500,0,0,h15,8523803560846504212
p2,A,490,10,0,h15,8523803560846504212
p2,B,269,231,0,h15,8523803560846504212
p2,C,27,108,365,h15,8523803560846504212
p2,Non-ROH,500,0,0,h15,8523803560846504212
p3,A,497,3,0,h15,8523803560846504212
p3,B,259,241,0,h15,8523803560846504212
p3,C,24,133,343,h15,8523803560846504212
p3,Non-ROH,500,0,0,h15,8523803560846504212
p1,A,468,32,0,h15,8532067469618811387
p1,B,144,335,21,h15,8532067469618811387
p1,C,45,74,381,h15,8532067469618811387
p1,Non-ROH,500,0,0,h15,8532067469618811387
p2,A,498,2,0,h15,8532067469618811387
p2,B,276,224,0,h15,8532067469618811387
p2,C,52,97,351,h15,8532067469618811387
p2,Non-ROH,500,0,0,h15,8532067469618811387
p3,A,500,0,0,h15,8532067469618811387
p3,B,388,112,0,h15,8532067469618811387
p3,C,34,114,352,h15,8532067469618811387
p3,Non-ROH,500,0,0,h15,8532067469618811387
p1,A,454,46,0,h15,8535344569854260344
p1,B,74,409,17,h15,8535344569854260344
p1,C,15,99,386,h15,8535344569854260344
p1,Non-ROH,500,0,0,h15,8535344569854260344
p2,A,494,6,0,h15,8535344569854260344
p2,B,154,346,0,h15,8535344569854260344
p2,C,12,101,387,h15,8535344569854260344
p2,Non-ROH,500,0,0,h15,8535344569854260344
p3,A,497,3,0,h15,8535344569854260344
p3,B,209,291,0,h15,8535344569854260344
p3,C,7,120,373,h15,8535344569854260344
p3,Non-ROH,500,0,0,h15,8535344569854260344
p1,A,370,130,0,h15,8628655051465643030
p1,B,63,422,15,h15,8628655051465643030
p1,C,22,111,367,h15,8628655051465643030
p1,Non-ROH,500,0,0,h15,8628655051465643030
p2,A,473,27,0,h15,8628655051465643030
p2,B,210,290,0,h15,8628655051465643030
p2,C,7,119,374,h15,8628655051465643030
p2,Non-ROH,500,0,0,h15,8628655051465643030
p3,A,466,34,0,h15,8628655051465643030
p3,B,205,295,0,h15,8628655051465643030
p3,C,17,92,391,h15,8628655051465643030
p3,Non-ROH,500,0,0,h15,8628655051465643030
p1,A,453,47,0,h15,8648150344556959917
p1,B,75,415,10,h15,8648150344556959917
p1,C,14,124,362,h15,8648150344556959917
p1,Non-ROH,500,0,0,h15,8648150344556959917
p2,A,491,9,0,h15,8648150344556959917
p2,B,207,293,0,h15,8648150344556959917
p2,C,10,175,315,h15,8648150344556959917
p2,Non-ROH,500,0,0,h15,8648150344556959917
p3,A,494,6,0,h15,8648150344556959917
p3,B,224,276,0,h15,8648150344556959917
p3,C,11,178,311,h15,8648150344556959917
p3,Non-ROH,500,0,0,h15,8648150344556959917
p1,A,483,17,0,h15,8653160283555924004
p1,B,115,373,12,h15,8653160283555924004
p1,C,32,90,378,h15,8653160283555924004
p1,Non-ROH,500,0,0,h15,8653160283555924004
p2,A,500,0,0,h15,8653160283555924004
p2,B,245,255,0,h15,8653160283555924004
p2,C,23,129,348,h15,8653160283555924004
p2,Non-ROH,500,0,0,h15,8653160283555924004
p3,A,500,0,0,h15,8653160283555924004
p3,B,336,164,0,h15,8653160283555924004
p3,C,25,111,364,h15,8653160283555924004
p3,Non-ROH,500,0,0,h15,8653160283555924004
p1,A,436,64,0,h15,8668041783377195260
p1,B,96,396,8,h15,8668041783377195260
p1,C,21,104,375,h15,8668041783377195260
p1,Non-ROH,500,0,0,h15,8668041783377195260
p2,A,498,2,0,h15,8668041783377195260
p2,B,214,286,0,h15,8668041783377195260
p2,C,21,96,383,h15,8668041783377195260
p2,Non-ROH,500,0,0,h15,8668041783377195260
p3,A,498,2,0,h15,8668041783377195260
p3,B,277,223,0,h15,8668041783377195260
p3,C,16,135,349,h15,8668041783377195260
p3,Non-ROH,500,0,0,h15,8668041783377195260
p1,A,455,45,0,h15,8681924271243675068
p1,B,80,405,15,h15,8681924271243675068
p1,C,41,104,355,h15,8681924271243675068
p1,Non-ROH,500,0,0,h15,8681924271243675068
p2,A,490,10,0,h15,8681924271243675068
p2,B,198,302,0,h15,8681924271243675068
p2,C,18,111,371,h15,8681924271243675068
p2,Non-ROH,500,0,0,h15,8681924271243675068
p3,A,496,4,0,h15,8681924271243675068
p3,B,272,228,0,h15,8681924271243675068
p3,C,15,117,368,h15,8681924271243675068
p3,Non-ROH,500,0,0,h15,8681924271243675068
p1,A,451,49,0,h15,8701536844832495166
p1,B,90,391,19,h15,8701536844832495166
p1,C,24,101,375,h15,8701536844832495166
p1,Non-ROH,500,0,0,h15,8701536844832495166
p2,A,492,8,0,h15,8701536844832495166
p2,B,229,271,0,h15,8701536844832495166
p2,C,18,126,356,h15,8701536844832495166
p2,Non-ROH,500,0,0,h15,8701536844832495166
p3,A,495,5,0,h15,8701536844832495166
p3,B,284,216,0,h15,8701536844832495166
p3,C,20,89,391,h15,8701536844832495166
p3,Non-ROH,500,0,0,h15,8701536844832495166
p1,A,444,56,0,h15,8715552381247793163
p1,B,83,409,8,h15,8715552381247793163
p1,C,22,104,374,h15,8715552381247793163
p1,Non-ROH,500,0,0,h15,8715552381247793163
p2,A,486,14,0,h15,8715552381247793163
p2,B,179,321,0,h15,8715552381247793163
p2,C,20,99,381,h15,8715552381247793163
p2,Non-ROH,500,0,0,h15,8715552381247793163
p3,A,482,18,0,h15,8715552381247793163
p3,B,240,260,0,h15,8715552381247793163
p3,C,16,131,353,h15,8715552381247793163
p3,Non-ROH,500,0,0,h15,8715552381247793163
p1,A,447,53,0,h15,8726753055160396304
p1,B,103,384,13,h15,8726753055160396304
p1,C,52,68,380,h15,8726753055160396304
p1,Non-ROH,500,0,0,h15,8726753055160396304
p2,A,498,2,0,h15,8726753055160396304
p2,B,264,235,1,h15,8726753055160396304
p2,C,62,55,383,h15,8726753055160396304
p2,Non-ROH,500,0,0,h15,8726753055160396304
p3,A,487,13,0,h15,8726753055160396304
p3,B,297,203,0,h15,8726753055160396304
p3,C,77,79,344,h15,8726753055160396304
p3,Non-ROH,500,0,0,h15,8726753055160396304
p1,A,448,52,0,h15,8729662628178318702
p1,B,102,384,14,h15,8729662628178318702
p1,C,62,70,368,h15,8729662628178318702
p1,Non-ROH,500,0,0,h15,8729662628178318702
p2,A,495,5,0,h15,8729662628178318702
p2,B,200,300,0,h15,8729662628178318702
p2,C,64,67,369,h15,8729662628178318702
p2,Non-ROH,500,0,0,h15,8729662628178318702
p3,A,498,2,0,h15,8729662628178318702
p3,B,279,221,0,h15,8729662628178318702
p3,C,87,48,365,h15,8729662628178318702
p3,Non-ROH,500,0,0,h15,8729662628178318702
p1,A,454,46,0,h15,8746106760729550084
p1,B,86,404,10,h15,8746106760729550084
p1,C,29,102,369,h15,8746106760729550084
p1,Non-ROH,500,0,0,h15,8746106760729550084
p2,A,489,11,0,h15,8746106760729550084
p2,B,197,303,0,h15,8746106760729550084
p2,C,7,112,381,h15,8746106760729550084
p2,Non-ROH,500,0,0,h15,8746106760729550084
p3,A,491,9,0,h15,8746106760729550084
p3,B,236,264,0,h15,8746106760729550084
p3,C,10,137,353,h15,8746106760729550084
p3,Non-ROH,500,0,0,h15,8746106760729550084
p1,A,475,25,0,h15,876319241009079445
p1,B,116,374,10,h15,876319241009079445
p1,C,24,115,361,h15,876319241009079445
p1,Non-ROH,500,0,0,h15,876319241009079445
p2,A,493,7,0,h15,876319241009079445
p2,B,243,257,0,h15,876319241009079445
p2,C,22,156,322,h15,876319241009079445
p2,Non-ROH,500,0,0,h15,876319241009079445
p3,A,497,3,0,h15,876319241009079445
p3,B,306,194,0,h15,876319241009079445
p3,C,27,141,332,h15,876319241009079445
p3,Non-ROH,500,0,0,h15,876319241009079445
p1,A,476,24,0,h15,8771087861051400048
p1,B,142,345,13,h15,8771087861051400048
p1,C,41,96,363,h15,8771087861051400048
p1,Non-ROH,500,0,0,h15,8771087861051400048
p2,A,499,1,0,h15,8771087861051400048
p2,B,308,192,0,h15,8771087861051400048
p2,C,21,90,389,h15,8771087861051400048
p2,Non-ROH,500,0,0,h15,8771087861051400048
p3,A,500,0,0,h15,8771087861051400048
p3,B,336,164,0,h15,8771087861051400048
p3,C,21,128,351,h15,8771087861051400048
p3,Non-ROH,500,0,0,h15,8771087861051400048
p1,A,448,52,0,h15,8781424533657854609
p1,B,98,383,19,h15,8781424533657854609
p1,C,28,113,359,h15,8781424533657854609
p1,Non-ROH,500,0,0,h15,8781424533657854609
p2,A,494,6,0,h15,8781424533657854609
p2,B,232,268,0,h15,8781424533657854609
p2,C,18,97,385,h15,8781424533657854609
p2,Non-ROH,500,0,0,h15,8781424533657854609
p3,A,495,5,0,h15,8781424533657854609
p3,B,265,235,0,h15,8781424533657854609
p3,C,10,133,357,h15,8781424533657854609
p3,Non-ROH,500,0,0,h15,8781424533657854609
p1,A,432,68,0,h15,8836110865322387599
p1,B,130,348,22,h15,8836110865322387599
p1,C,33,100,367,h15,8836110865322387599
p1,Non-ROH,500,0,0,h15,8836110865322387599
p2,A,489,11,0,h15,8836110865322387599
p2,B,280,220,0,h15,8836110865322387599
p2,C,27,87,386,h15,8836110865322387599
p2,Non-ROH,500,0,0,h15,8836110865322387599
p3,A,498,2,0,h15,8836110865322387599
p3,B,280,220,0,h15,8836110865322387599
p3,C,22,119,359,h15,8836110865322387599
p3,Non-ROH,500,0,0,h15,8836110865322387599
p1,A,410,90,0,h15,8849876311417254795
p1,B,50,436,14,h15,8849876311417254795
p1,C,23,103,374,h15,8849876311417254795
p1,Non-ROH,500,0,0,h15,8849876311417254795
p2,A,480,20,0,h15,8849876311417254795
p2,B,149,351,0,h15,8849876311417254795
p2,C,18,114,368,h15,8849876311417254795
p2,Non-ROH,500,0,0,h15,8849876311417254795
p3,A,472,28,0,h15,8849876311417254795
p3,B,153,347,0,h15,8849876311417254795
p3,C,7,120,373,h15,8849876311417254795
p3,Non-ROH,500,0,0,h15,8849876311417254795
p1,A,446,54,0,h15,8858722317298810294
p1,B,75,413,12,h15,8858722317298810294
p1,C,20,107,373,h15,8858722317298810294
p1,Non-ROH,500,0,0,h15,8858722317298810294
p2,A,485,15,0,h15,8858722317298810294
p2,B,210,290,0,h15,8858722317298810294
p2,C,14,110,376,h15,8858722317298810294
p2,Non-ROH,500,0,0,h15,8858722317298810294
p3,A,489,11,0,h15,8858722317298810294
p3,B,233,267,0,h15,8858722317298810294
p3,C,15,136,349,h15,8858722317298810294
p3,Non-ROH,500,0,0,h15,8858722317298810294
p1,A,467,33,0,h15,8872528350989838234
p1,B,107,377,16,h15,8872528350989838234
p1,C,21,82,397,h15,8872528350989838234
p1,Non-ROH,500,0,0,h15,8872528350989838234
p2,A,500,0,0,h15,8872528350989838234
p2,B,202,298,0,h15,8872528350989838234
p2,C,22,121,357,h15,8872528350989838234
p2,Non-ROH,500,0,0,h15,8872528350989838234
p3,A,500,0,0,h15,8872528350989838234
p3,B,289,211,0,h15,8872528350989838234
p3,C,17,120,363,h15,8872528350989838234
p3,Non-ROH,500,0,0,h15,8872528350989838234
p1,A,443,57,0,h15,8918658424473431287
p1,B,124,366,10,h15,8918658424473431287
p1,C,31,111,358,h15,8918658424473431287
p1,Non-ROH,500,0,0,h15,8918658424473431287
p2,A,488,12,0,h15,8918658424473431287
p2,B,272,228,0,h15,8918658424473431287
p2,C,17,145,338,h15,8918658424473431287
p2,Non-ROH,500,0,0,h15,8918658424473431287
p3,A,499,1,0,h15,8918658424473431287
p3,B,378,122,0,h15,8918658424473431287
p3,C,22,133,345,h15,8918658424473431287
p3,Non-ROH,500,0,0,h15,8918658424473431287
p1,A,353,147,0,h15,8952406429962899705
p1,B,58,424,18,h15,8952406429962899705
p1,C,13,96,391,h15,8952406429962899705
p1,Non-ROH,500,0,0,h15,8952406429962899705
p2,A,461,39,0,h15,8952406429962899705
p2,B,122,378,0,h15,8952406429962899705
p2,C,15,128,357,h15,8952406429962899705
p2,Non-ROH,500,0,0,h15,8952406429962899705
p3,A,440,60,0,h15,8952406429962899705
p3,B,176,324,0,h15,8952406429962899705
p3,C,6,133,361,h15,8952406429962899705
p3,Non-ROH,500,0,0,h15,8952406429962899705
p1,A,442,58,0,h15,8954063117434481013
p1,B,70,415,15,h15,8954063117434481013
p1,C,17,100,383,h15,8954063117434481013
p1,Non-ROH,500,0,0,h15,8954063117434481013
p2,A,485,15,0,h15,8954063117434481013
p2,B,203,297,0,h15,8954063117434481013
p2,C,9,128,363,h15,8954063117434481013
p2,Non-ROH,500,0,0,h15,8954063117434481013
p3,A,488,12,0,h15,8954063117434481013
p3,B,263,237,0,h15,8954063117434481013
p3,C,19,213,268,h15,8954063117434481013
p3,Non-ROH,500,0,0,h15,8954063117434481013
p1,A,473,27,0,h15,8964153301374140810
p1,B,89,391,20,h15,8964153301374140810
p1,C,29,105,366,h15,8964153301374140810
p1,Non-ROH,500,0,0,h15,8964153301374140810
p2,A,491,9,0,h15,8964153301374140810
p2,B,204,296,0,h15,8964153301374140810
p2,C,14,149,337,h15,8964153301374140810
p2,Non-ROH,500,0,0,h15,8964153301374140810
p3,A,497,3,0,h15,8964153301374140810
p3,B,245,255,0,h15,8964153301374140810
p3,C,17,116,367,h15,8964153301374140810
p3,Non-ROH,500,0,0,h15,8964153301374140810
p1,A,451,49,0,h15,9017411245857851696
p1,B,85,396,19,h15,9017411245857851696
p1,C,31,120,349,h15,9017411245857851696
p1,Non-ROH,500,0,0,h15,9017411245857851696
p2,A,495,5,0,h15,9017411245857851696
p2,B,244,256,0,h15,9017411245857851696
p2,C,17,115,368,h15,9017411245857851696
p2,Non-ROH,500,0,0,h15,9017411245857851696
p3,A,495,5,0,h15,9017411245857851696
p3,B,239,261,0,h15,9017411245857851696
p3,C,12,136,352,h15,9017411245857851696
p3,Non-ROH,500,0,0,h15,9017411245857851696
p1,A,457,43,0,h15,9022920270553145774
p1,B,123,361,16,h15,9022920270553145774
p1,C,24,108,368,h15,9022920270553145774
p1,Non-ROH,500,0,0,h15,9022920270553145774
p2,A,497,3,0,h15,9022920270553145774
p2,B,229,271,0,h15,9022920270553145774
p2,C,14,92,394,h15,9022920270553145774
p2,Non-ROH,500,0,0,h15,9022920270553145774
p3,A,498,2,0,h15,9022920270553145774
p3,B,337,163,0,h15,9022920270553145774
p3,C,11,115,374,h15,9022920270553145774
p3,Non-ROH,500,0,0,h15,9022920270553145774
p1,A,463,37,0,h15,9026590985928569878
p1,B,111,378,11,h15,9026590985928569878
p1,C,28,101,371,h15,9026590985928569878
p1,Non-ROH,500,0,0,h15,9026590985928569878
p2,A,500,0,0,h15,9026590985928569878
p2,B,237,263,0,h15,9026590985928569878
p2,C,24,113,363,h15,9026590985928569878
p2,Non-ROH,500,0,0,h15,9026590985928569878
p3,A,492,8,0,h15,9026590985928569878
p3,B,268,232,0,h15,9026590985928569878
p3,C,18,136,346,h15,9026590985928569878
p3,Non-ROH,500,0,0,h15,9026590985928569878
p1,A,448,52,0,h15,9028192568979155597
p1,B,92,391,17,h15,9028192568979155597
p1,C,25,110,365,h15,9028192568979155597
p1,Non-ROH,500,0,0,h15,9028192568979155597
p2,A,496,4,0,h15,9028192568979155597
p2,B,213,287,0,h15,9028192568979155597
p2,C,23,67,410,h15,9028192568979155597
p2,Non-ROH,500,0,0,h15,9028192568979155597
p3,A,499,1,0,h15,9028192568979155597
p3,B,305,195,0,h15,9028192568979155597
p3,C,37,104,359,h15,9028192568979155597
p3,Non-ROH,500,0,0,h15,9028192568979155597
p1,A,437,63,0,h15,9032379706717504223
p1,B,99,387,14,h15,9032379706717504223
p1,C,19,100,381,h15,9032379706717504223
p1,Non-ROH,500,0,0,h15,9032379706717504223
p2,A,497,3,0,h15,9032379706717504223
p2,B,269,231,0,h15,9032379706717504223
p2,C,16,164,320,h15,9032379706717504223
p2,Non-ROH,500,0,0,h15,9032379706717504223
p3,A,497,3,0,h15,9032379706717504223
p3,B,310,190,0,h15,9032379706717504223
p3,C,14,206,280,h15,9032379706717504223
p3,Non-ROH,500,0,0,h15,9032379706717504223
p1,A,456,44,0,h15,9039059137534777596
p1,B,80,406,14,h15,9039059137534777596
p1,C,33,97,370,h15,9039059137534777596
p1,Non-ROH,500,0,0,h15,9039059137534777596
p2,A,496,4,0,h15,9039059137534777596
p2,B,228,272,0,h15,9039059137534777596
p2,C,16,145,339,h15,9039059137534777596
p2,Non-ROH,500,0,0,h15,9039059137534777596
p3,A,498,2,0,h15,9039059137534777596
p3,B,322,178,0,h15,9039059137534777596
p3,C,15,137,348,h15,9039059137534777596
p3,Non-ROH,500,0,0,h15,9039059137534777596
p1,A,464,36,0,h15,9039366692459068810
p1,B,119,371,10,h15,9039366692459068810
p1,C,46,94,360,h15,9039366692459068810
p1,Non-ROH,500,0,0,h15,9039366692459068810
p2,A,493,7,0,h15,9039366692459068810
p2,B,270,229,1,h15,9039366692459068810
p2,C,21,142,337,h15,9039366692459068810
p2,Non-ROH,500,0,0,h15,9039366692459068810
p3,A,499,1,0,h15,9039366692459068810
p3,B,329,171,0,h15,9039366692459068810
p3,C,22,186,292,h15,9039366692459068810
p3,Non-ROH,500,0,0,h15,9039366692459068810
p1,A,368,132,0,h15,9048963239315882400
p1,B,85,398,17,h15,9048963239315882400
p1,C,19,118,363,h15,9048963239315882400
p1,Non-ROH,500,0,0,h15,9048963239315882400
p2,A,474,26,0,h15,9048963239315882400
p2,B,180,320,0,h15,9048963239315882400
p2,C,8,146,346,h15,9048963239315882400
p2,Non-ROH,500,0,0,h15,9048963239315882400
p3,A,461,39,0,h15,9048963239315882400
p3,B,283,217,0,h15,9048963239315882400
p3,C,17,136,347,h15,9048963239315882400
p3,Non-ROH,500,0,0,h15,9048963239315882400
p1,A,429,71,0,h15,9062812321199021163
p1,B,69,418,13,h15,9062812321199021163
p1,C,27,89,384,h15,9062812321199021163
p1,Non-ROH,500,0,0,h15,9062812321199021163
p2,A,472,28,0,h15,9062812321199021163
p2,B,197,303,0,h15,9062812321199021163
p2,C,27,95,378,h15,9062812321199021163
p2,Non-ROH,500,0,0,h15,9062812321199021163
p3,A,489,11,0,h15,9062812321199021163
p3,B,243,257,0,h15,9062812321199021163
p3,C,19,99,382,h15,9062812321199021163
p3,Non-ROH,500,0,0,h15,9062812321199021163
p1,A,460,40,0,h15,9075759459766164084
p1,B,117,367,16,h15,9075759459766164084
p1,C,30,104,366,h15,9075759459766164084
p1,Non-ROH,500,0,0,h15,9075759459766164084
p2,A,498,2,0,h15,9075759459766164084
p2,B,255,245,0,h15,9075759459766164084
p2,C,14,100,386,h15,9075759459766164084
p2,Non-ROH,500,0,0,h15,9075759459766164084
p3,A,491,9,0,h15,9075759459766164084
p3,B,316,184,0,h15,9075759459766164084
p3,C,19,138,343,h15,9075759459766164084
p3,Non-ROH,500,0,0,h15,9075759459766164084
p1,A,445,55,0,h15,9100695613133880151
p1,B,126,360,14,h15,9100695613133880151
p1,C,24,99,377,h15,9100695613133880151
p1,Non-ROH,500,0,0,h15,9100695613133880151
p2,A,499,1,0,h15,9100695613133880151
p2,B,280,220,0,h15,9100695613133880151
p2,C,16,165,319,h15,9100695613133880151
p2,Non-ROH,500,0,0,h15,9100695613133880151
p3,A,499,1,0,h15,9100695613133880151
p3,B,367,133,0,h15,9100695613133880151
p3,C,17,135,348,h15,9100695613133880151
p3,Non-ROH,500,0,0,h15,9100695613133880151
p1,A,420,80,0,h15,9113558638025263587
p1,B,76,410,14,h15,9113558638025263587
p1,C,21,92,387,h15,9113558638025263587
p1,Non-ROH,500,0,0,h15,9113558638025263587
p2,A,495,5,0,h15,9113558638025263587
p2,B,208,292,0,h15,9113558638025263587
p2,C,14,138,348,h15,9113558638025263587
p2,Non-ROH,500,0,0,h15,9113558638025263587
p3,A,494,6,0,h15,9113558638025263587
p3,B,239,261,0,h15,9113558638025263587
p3,C,11,138,351,h15,9113558638025263587
p3,Non-ROH,500,0,0,h15,9113558638025263587
p1,A,449,51,0,h15,9135017756001648559
p1,B,132,358,10,h15,9135017756001648559
p1,C,27,108,365,h15,9135017756001648559
p1,Non-ROH,500,0,0,h15,9135017756001648559
p2,A,497,3,0,h15,9135017756001648559
p2,B,245,255,0,h15,9135017756001648559
p2,C,25,130,345,h15,9135017756001648559
p2,Non-ROH,500,0,0,h15,9135017756001648559
p3,A,496,4,0,h15,9135017756001648559
p3,B,280,220,0,h15,9135017756001648559
p3,C,15,98,387,h15,9135017756001648559
p3,Non-ROH,500,0,0,h15,9135017756001648559
p1,A,451,49,0,h15,9145573149207959969
p1,B,87,396,17,h15,9145573149207959969
p1,C,24,88,388,h15,9145573149207959969
p1,Non-ROH,500,0,0,h15,9145573149207959969
p2,A,488,12,0,h15,9145573149207959969
p2,B,208,292,0,h15,9145573149207959969
p2,C,12,109,379,h15,9145573149207959969
p2,Non-ROH,500,0,0,h15,9145573149207959969
p3,A,495,5,0,h15,9145573149207959969
p3,B,290,210,0,h15,9145573149207959969
p3,C,14,192,294,h15,9145573149207959969
p3,Non-ROH,500,0,0,h15,9145573149207959969
p1,A,406,94,0,h15,9167727401875939325
p1,B,68,419,13,h15,9167727401875939325
p1,C,29,113,358,h15,9167727401875939325
p1,Non-ROH,500,0,0,h15,9167727401875939325
p2,A,459,41,0,h15,9167727401875939325
p2,B,178,322,0,h15,9167727401875939325
p2,C,16,148,336,h15,9167727401875939325
p2,Non-ROH,500,0,0,h15,9167727401875939325
p3,A,482,18,0,h15,9167727401875939325
p3,B,193,307,0,h15,9167727401875939325
p3,C,17,160,323,h15,9167727401875939325
p3,Non-ROH,500,0,0,h15,9167727401875939325
p1,A,460,40,0,h15,9177326994813858297
p1,B,107,381,12,h15,9177326994813858297
p1,C,28,113,359,h15,9177326994813858297
p1,Non-ROH,500,0,0,h15,9177326994813858297
p2,A,497,3,0,h15,9177326994813858297
p2,B,241,259,0,h15,9177326994813858297
p2,C,22,102,376,h15,9177326994813858297
p2,Non-ROH,500,0,0,h15,9177326994813858297
p3,A,495,5,0,h15,9177326994813858297
p3,B,307,193,0,h15,9177326994813858297
p3,C,21,169,310,h15,9177326994813858297
p3,Non-ROH,500,0,0,h15,9177326994813858297
p1,A,457,43,0,h15,9181857247859708899
p1,B,108,386,6,h15,9181857247859708899
p1,C,30,96,374,h15,9181857247859708899
p1,Non-ROH,500,0,0,h15,9181857247859708899
p2,A,496,4,0,h15,9181857247859708899
p2,B,211,289,0,h15,9181857247859708899
p2,C,18,100,382,h15,9181857247859708899
p2,Non-ROH,500,0,0,h15,9181857247859708899
p3,A,496,4,0,h15,9181857247859708899
p3,B,256,244,0,h15,9181857247859708899
p3,C,17,120,363,h15,9181857247859708899
p3,Non-ROH,500,0,0,h15,9181857247859708899
p1,A,459,41,0,h15,9192752742268389621
p1,B,74,412,14,h15,9192752742268389621
p1,C,14,121,365,h15,9192752742268389621
p1,Non-ROH,500,0,0,h15,9192752742268389621
p2,A,496,4,0,h15,9192752742268389621
p2,B,220,280,0,h15,9192752742268389621
p2,C,15,96,389,h15,9192752742268389621
p2,Non-ROH,500,0,0,h15,9192752742268389621
p3,A,497,3,0,h15,9192752742268389621
p3,B,259,241,0,h15,9192752742268389621
p3,C,16,224,260,h15,9192752742268389621
p3,Non-ROH,500,0,0,h15,9192752742268389621
p1,A,443,57,0,h15,9216844840511075425
p1,B,105,380,15,h15,9216844840511075425
p1,C,26,84,390,h15,9216844840511075425
p1,Non-ROH,500,0,0,h15,9216844840511075425
p2,A,494,6,0,h15,9216844840511075425
p2,B,237,263,0,h15,9216844840511075425
p2,C,22,104,374,h15,9216844840511075425
p2,Non-ROH,500,0,0,h15,9216844840511075425
p3,A,489,11,0,h15,9216844840511075425
p3,B,333,167,0,h15,9216844840511075425
p3,C,40,167,293,h15,9216844840511075425
p3,Non-ROH,500,0,0,h15,9216844840511075425
p1,A,435,65,0,h15,923866702323067256
p1,B,67,422,11,h15,923866702323067256
p1,C,17,106,377,h15,923866702323067256
p1,Non-ROH,500,0,0,h15,923866702323067256
p2,A,491,9,0,h15,923866702323067256
p2,B,183,317,0,h15,923866702323067256
p2,C,17,103,380,h15,923866702323067256
p2,Non-ROH,500,0,0,h15,923866702323067256
p3,A,475,25,0,h15,923866702323067256
p3,B,199,301,0,h15,923866702323067256
p3,C,13,146,341,h15,923866702323067256
p3,Non-ROH,500,0,0,h15,923866702323067256
p1,A,466,34,0,h15,93027800664978374
p1,B,130,362,8,h15,93027800664978374
p1,C,26,93,381,h15,93027800664978374
p1,Non-ROH,500,0,0,h15,93027800664978374
p2,A,498,2,0,h15,93027800664978374
p2,B,267,233,0,h15,93027800664978374
p2,C,23,97,380,h15,93027800664978374
p2,Non-ROH,500,0,0,h15,93027800664978374
p3,A,500,0,0,h15,93027800664978374
p3,B,322,178,0,h15,93027800664978374
p3,C,13,110,377,h15,93027800664978374
p3,Non-ROH,500,0,0,h15,93027800664978374
p1,A,446,54,0,h15,950840395551528531
p1,B,78,412,10,h15,950840395551528531
p1,C,20,104,376,h15,950840395551528531
p1,Non-ROH,500,0,0,h15,950840395551528531
p2,A,492,8,0,h15,950840395551528531
p2,B,249,251,0,h15,950840395551528531
p2,C,9,124,367,h15,950840395551528531
p2,Non-ROH,500,0,0,h15,950840395551528531
p3,A,491,9,0,h15,950840395551528531
p3,B,238,262,0,h15,950840395551528531
p3,C,22,138,340,h15,950840395551528531
p3,Non-ROH,500,0,0,h15,950840395551528531
p1,A,453,47,0,h15,951238275531703275
p1,B,124,367,9,h15,951238275531703275
p1,C,27,117,356,h15,951238275531703275
p1,Non-ROH,500,0,0,h15,951238275531703275
p2,A,486,14,0,h15,951238275531703275
p2,B,191,309,0,h15,951238275531703275
p2,C,17,102,381,h15,951238275531703275
p2,Non-ROH,500,0,0,h15,951238275531703275
p3,A,498,2,0,h15,951238275531703275
p3,B,280,220,0,h15,951238275531703275
p3,C,40,77,383,h15,951238275531703275
p3,Non-ROH,500,0,0,h15,951238275531703275
p1,A,444,56,0,h15,979716074687572018
p1,B,76,409,15,h15,979716074687572018
p1,C,23,97,380,h15,979716074687572018
p1,Non-ROH,500,0,0,h15,979716074687572018
p2,A,484,16,0,h15,979716074687572018
p2,B,198,302,0,h15,979716074687572018
p2,C,18,98,384,h15,979716074687572018
p2,Non-ROH,500,0,0,h15,979716074687572018
p3,A,490,10,0,h15,979716074687572018
p3,B,279,221,0,h15,979716074687572018
p3,C,15,111,374,h15,979716074687572018
p3,Non-ROH,500,0,0,h15,979716074687572018
