pop,category,len>0_score!=0,len>0_score==0,len==0_score==0,hXX,simID
p1,A,500,0,0,h00,1021574717937228960
p1,B,262,222,16,h00,1021574717937228960
p1,C,71,63,366,h00,1021574717937228960
p1,Non-ROH,500,0,0,h00,1021574717937228960
p2,A,500,0,0,h00,1021574717937228960
p2,B,416,84,0,h00,1021574717937228960
p2,C,34,81,385,h00,1021574717937228960
p2,Non-ROH,500,0,0,h00,1021574717937228960
p3,A,500,0,0,h00,1021574717937228960
p3,B,466,34,0,h00,1021574717937228960
p3,C,45,174,281,h00,1021574717937228960
p3,Non-ROH,500,0,0,h00,1021574717937228960
p1,A,499,1,0,h00,1026591750036320836
p1,B,218,268,14,h00,1026591750036320836
p1,C,64,77,359,h00,1026591750036320836
p1,Non-ROH,500,0,0,h00,1026591750036320836
p2,A,500,0,0,h00,1026591750036320836
p2,B,412,88,0,h00,1026591750036320836
p2,C,39,136,325,h00,1026591750036320836
p2,Non-ROH,500,0,0,h00,1026591750036320836
p3,A,500,0,0,h00,1026591750036320836
p3,B,448,52,0,h00,1026591750036320836
p3,C,35,71,394,h00,1026591750036320836
p3,Non-ROH,500,0,0,h00,1026591750036320836
p1,A,500,0,0,h00,103568543989312214
p1,B,216,265,19,h00,103568543989312214
p1,C,55,71,374,h00,103568543989312214
p1,Non-ROH,500,0,0,h00,103568543989312214
p2,A,500,0,0,h00,103568543989312214
p2,B,388,112,0,h00,103568543989312214
p2,C,46,84,370,h00,103568543989312214
p2,Non-ROH,500,0,0,h00,103568543989312214
p3,A,500,0,0,h00,103568543989312214
p3,B,466,34,0,h00,103568543989312214
p3,C,42,81,377,h00,103568543989312214
p3,Non-ROH,500,0,0,h00,103568543989312214
p1,A,500,0,0,h00,1059344429161942577
p1,B,235,251,14,h00,1059344429161942577
p1,C,53,85,362,h00,1059344429161942577
p1,Non-ROH,500,0,0,h00,1059344429161942577
p2,A,500,0,0,h00,1059344429161942577
p2,B,391,109,0,h00,1059344429161942577
p2,C,30,111,359,h00,1059344429161942577
p2,Non-ROH,500,0,0,h00,1059344429161942577
p3,A,500,0,0,h00,1059344429161942577
p3,B,451,49,0,h00,1059344429161942577
p3,C,41,93,366,h00,1059344429161942577
p3,Non-ROH,500,0,0,h00,1059344429161942577
p1,A,499,1,0,h00,1061286463616756465
p1,B,245,240,15,h00,1061286463616756465
p1,C,76,68,356,h00,1061286463616756465
p1,Non-ROH,500,0,0,h00,1061286463616756465
p2,A,500,0,0,h00,1061286463616756465
p2,B,419,81,0,h00,1061286463616756465
p2,C,42,124,334,h00,1061286463616756465
p2,Non-ROH,500,0,0,h00,1061286463616756465
p3,A,500,0,0,h00,1061286463616756465
p3,B,451,49,0,h00,1061286463616756465
p3,C,37,127,336,h00,1061286463616756465
p3,Non-ROH,500,0,0,h00,1061286463616756465
p1,A,500,0,0,h00,1077681494354284445
p1,B,268,220,12,h00,1077681494354284445
p1,C,50,57,393,h00,1077681494354284445
p1,Non-ROH,500,0,0,h00,1077681494354284445
p2,A,500,0,0,h00,1077681494354284445
p2,B,418,82,0,h00,1077681494354284445
p2,C,45,106,349,h00,1077681494354284445
p2,Non-ROH,500,0,0,h00,1077681494354284445
p3,A,500,0,0,h00,1077681494354284445
p3,B,446,54,0,h00,1077681494354284445
p3,C,45,153,302,h00,1077681494354284445
p3,Non-ROH,500,0,0,h00,1077681494354284445
p1,A,500,0,0,h00,1125400568553395400
p1,B,244,245,11,h00,1125400568553395400
p1,C,53,80,367,h00,1125400568553395400
p1,Non-ROH,500,0,0,h00,1125400568553395400
p2,A,500,0,0,h00,1125400568553395400
p2,B,412,88,0,h00,1125400568553395400
p2,C,45,80,375,h00,1125400568553395400
p2,Non-ROH,500,0,0,h00,1125400568553395400
p3,A,500,0,0,h00,1125400568553395400
p3,B,472,28,0,h00,1125400568553395400
p3,C,48,134,318,h00,1125400568553395400
p3,Non-ROH,500,0,0,h00,1125400568553395400
p1,A,500,0,0,h00,1125644244035275340
p1,B,238,249,13,h00,1125644244035275340
p1,C,69,62,369,h00,1125644244035275340
p1,Non-ROH,500,0,0,h00,1125644244035275340
p2,A,500,0,0,h00,1125644244035275340
p2,B,405,95,0,h00,1125644244035275340
p2,C,37,92,371,h00,1125644244035275340
p2,Non-ROH,500,0,0,h00,1125644244035275340
p3,A,500,0,0,h00,1125644244035275340
p3,B,450,50,0,h00,1125644244035275340
p3,C,33,120,347,h00,1125644244035275340
p3,Non-ROH,500,0,0,h00,1125644244035275340
p1,A,500,0,0,h00,1133874929495765677
p1,B,220,269,11,h00,1133874929495765677
p1,C,52,58,390,h00,1133874929495765677
p1,Non-ROH,500,0,0,h00,1133874929495765677
p2,A,500,0,0,h00,1133874929495765677
p2,B,387,113,0,h00,1133874929495765677
p2,C,39,127,334,h00,1133874929495765677
p2,Non-ROH,500,0,0,h00,1133874929495765677
p3,A,500,0,0,h00,1133874929495765677
p3,B,432,68,0,h00,1133874929495765677
p3,C,36,104,360,h00,1133874929495765677
p3,Non-ROH,500,0,0,h00,1133874929495765677
p1,A,499,1,0,h00,1152801672532746091
p1,B,222,271,7,h00,1152801672532746091
p1,C,95,48,357,h00,1152801672532746091
p1,Non-ROH,500,0,0,h00,1152801672532746091
p2,A,499,1,0,h00,1152801672532746091
p2,B,400,99,1,h00,1152801672532746091
p2,C,87,32,381,h00,1152801672532746091
p2,Non-ROH,500,0,0,h00,1152801672532746091
p3,A,500,0,0,h00,1152801672532746091
p3,B,442,58,0,h00,1152801672532746091
p3,C,99,40,361,h00,1152801672532746091
p3,Non-ROH,500,0,0,h00,1152801672532746091
p1,A,496,4,0,h00,1159453151904288212
p1,B,196,292,12,h00,1159453151904288212
p1,C,44,80,376,h00,1159453151904288212
p1,Non-ROH,500,0,0,h00,1159453151904288212
p2,A,500,0,0,h00,1159453151904288212
p2,B,388,112,0,h00,1159453151904288212
p2,C,38,157,305,h00,1159453151904288212
p2,Non-ROH,500,0,0,h00,1159453151904288212
p3,A,500,0,0,h00,1159453151904288212
p3,B,443,57,0,h00,1159453151904288212
p3,C,34,106,360,h00,1159453151904288212
p3,Non-ROH,500,0,0,h00,1159453151904288212
p1,A,500,0,0,h00,1159482635262466889
p1,B,226,263,11,h00,1159482635262466889
p1,C,52,72,376,h00,1159482635262466889
p1,Non-ROH,500,0,0,h00,1159482635262466889
p2,A,500,0,0,h00,1159482635262466889
p2,B,402,98,0,h00,1159482635262466889
p2,C,52,79,369,h00,1159482635262466889
p2,Non-ROH,500,0,0,h00,1159482635262466889
p3,A,500,0,0,h00,1159482635262466889
p3,B,463,37,0,h00,1159482635262466889
p3,C,29,100,371,h00,1159482635262466889
p3,Non-ROH,500,0,0,h00,1159482635262466889
p1,A,499,1,0,h00,1187492628487565367
p1,B,249,242,9,h00,1187492628487565367
p1,C,52,80,368,h00,1187492628487565367
p1,Non-ROH,500,0,0,h00,1187492628487565367
p2,A,500,0,0,h00,1187492628487565367
p2,B,399,101,0,h00,1187492628487565367
p2,C,45,162,293,h00,1187492628487565367
p2,Non-ROH,500,0,0,h00,1187492628487565367
p3,A,500,0,0,h00,1187492628487565367
p3,B,452,48,0,h00,1187492628487565367
p3,C,38,125,337,h00,1187492628487565367
p3,Non-ROH,500,0,0,h00,1187492628487565367
p1,A,500,0,0,h00,1188344642156280027
p1,B,232,256,12,h00,1188344642156280027
p1,C,57,59,384,h00,1188344642156280027
p1,Non-ROH,500,0,0,h00,1188344642156280027
p2,A,500,0,0,h00,1188344642156280027
p2,B,400,100,0,h00,1188344642156280027
p2,C,38,106,356,h00,1188344642156280027
p2,Non-ROH,500,0,0,h00,1188344642156280027
p3,A,500,0,0,h00,1188344642156280027
p3,B,462,38,0,h00,1188344642156280027
p3,C,35,148,317,h00,1188344642156280027
p3,Non-ROH,500,0,0,h00,1188344642156280027
p1,A,500,0,0,h00,1194843192800477130
p1,B,236,251,13,h00,1194843192800477130
p1,C,59,75,366,h00,1194843192800477130
p1,Non-ROH,500,0,0,h00,1194843192800477130
p2,A,500,0,0,h00,1194843192800477130
p2,B,421,79,0,h00,1194843192800477130
p2,C,35,106,359,h00,1194843192800477130
p2,Non-ROH,500,0,0,h00,1194843192800477130
p3,A,500,0,0,h00,1194843192800477130
p3,B,443,57,0,h00,1194843192800477130
p3,C,47,135,318,h00,1194843192800477130
p3,Non-ROH,500,0,0,h00,1194843192800477130
p1,A,498,2,0,h00,1230211016193901463
p1,B,200,284,16,h00,1230211016193901463
p1,C,47,72,381,h00,1230211016193901463
p1,Non-ROH,500,0,0,h00,1230211016193901463
p2,A,500,0,0,h00,1230211016193901463
p2,B,402,98,0,h00,1230211016193901463
p2,C,24,149,327,h00,1230211016193901463
p2,Non-ROH,500,0,0,h00,1230211016193901463
p3,A,500,0,0,h00,1230211016193901463
p3,B,447,53,0,h00,1230211016193901463
p3,C,34,115,351,h00,1230211016193901463
p3,Non-ROH,500,0,0,h00,1230211016193901463
p1,A,499,1,0,h00,1288692866185240971
p1,B,252,226,22,h00,1288692866185240971
p1,C,59,80,361,h00,1288692866185240971
p1,Non-ROH,500,0,0,h00,1288692866185240971
p2,A,500,0,0,h00,1288692866185240971
p2,B,404,96,0,h00,1288692866185240971
p2,C,52,84,364,h00,1288692866185240971
p2,Non-ROH,500,0,0,h00,1288692866185240971
p3,A,500,0,0,h00,1288692866185240971
p3,B,465,35,0,h00,1288692866185240971
p3,C,40,69,391,h00,1288692866185240971
p3,Non-ROH,500,0,0,h00,1288692866185240971
p1,A,500,0,0,h00,131151734433286475
p1,B,209,265,26,h00,131151734433286475
p1,C,51,76,373,h00,131151734433286475
p1,Non-ROH,500,0,0,h00,131151734433286475
p2,A,500,0,0,h00,131151734433286475
p2,B,368,132,0,h00,131151734433286475
p2,C,32,119,349,h00,131151734433286475
p2,Non-ROH,500,0,0,h00,131151734433286475
p3,A,500,0,0,h00,131151734433286475
p3,B,415,85,0,h00,131151734433286475
p3,C,26,103,371,h00,131151734433286475
p3,Non-ROH,500,0,0,h00,131151734433286475
p1,A,500,0,0,h00,1339284857137933822
p1,B,235,256,9,h00,1339284857137933822
p1,C,60,61,379,h00,1339284857137933822
p1,Non-ROH,500,0,0,h00,1339284857137933822
p2,A,500,0,0,h00,1339284857137933822
p2,B,377,123,0,h00,1339284857137933822
p2,C,77,76,347,h00,1339284857137933822
p2,Non-ROH,500,0,0,h00,1339284857137933822
p3,A,500,0,0,h00,1339284857137933822
p3,B,442,58,0,h00,1339284857137933822
p3,C,51,81,368,h00,1339284857137933822
p3,Non-ROH,500,0,0,h00,1339284857137933822
p1,A,500,0,0,h00,1342378077608740105
p1,B,221,262,17,h00,1342378077608740105
p1,C,53,55,392,h00,1342378077608740105
p1,Non-ROH,500,0,0,h00,1342378077608740105
p2,A,500,0,0,h00,1342378077608740105
p2,B,405,95,0,h00,1342378077608740105
p2,C,52,94,354,h00,1342378077608740105
p2,Non-ROH,500,0,0,h00,1342378077608740105
p3,A,500,0,0,h00,1342378077608740105
p3,B,448,52,0,h00,1342378077608740105
p3,C,34,97,369,h00,1342378077608740105
p3,Non-ROH,500,0,0,h00,1342378077608740105
p1,A,499,1,0,h00,1359395911007969527
p1,B,215,269,16,h00,1359395911007969527
p1,C,53,69,378,h00,1359395911007969527
p1,Non-ROH,500,0,0,h00,1359395911007969527
p2,A,500,0,0,h00,1359395911007969527
p2,B,412,88,0,h00,1359395911007969527
p2,C,34,89,377,h00,1359395911007969527
p2,Non-ROH,500,0,0,h00,1359395911007969527
p3,A,500,0,0,h00,1359395911007969527
p3,B,460,40,0,h00,1359395911007969527
p3,C,40,123,337,h00,1359395911007969527
p3,Non-ROH,500,0,0,h00,1359395911007969527
p1,A,500,0,0,h00,1364957052074976682
p1,B,245,240,15,h00,1364957052074976682
p1,C,83,72,345,h00,1364957052074976682
p1,Non-ROH,500,0,0,h00,1364957052074976682
p2,A,500,0,0,h00,1364957052074976682
p2,B,419,81,0,h00,1364957052074976682
p2,C,39,92,369,h00,1364957052074976682
p2,Non-ROH,500,0,0,h00,1364957052074976682
p3,A,500,0,0,h00,1364957052074976682
p3,B,445,55,0,h00,1364957052074976682
p3,C,42,93,365,h00,1364957052074976682
p3,Non-ROH,500,0,0,h00,1364957052074976682
p1,A,500,0,0,h00,1408911269877720474
p1,B,241,242,17,h00,1408911269877720474
p1,C,54,56,390,h00,1408911269877720474
p1,Non-ROH,500,0,0,h00,1408911269877720474
p2,A,500,0,0,h00,1408911269877720474
p2,B,388,112,0,h00,1408911269877720474
p2,C,50,94,356,h00,1408911269877720474
p2,Non-ROH,500,0,0,h00,1408911269877720474
p3,A,500,0,0,h00,1408911269877720474
p3,B,441,59,0,h00,1408911269877720474
p3,C,42,122,336,h00,1408911269877720474
p3,Non-ROH,500,0,0,h00,1408911269877720474
p1,A,498,2,0,h00,1445831990664690369
p1,B,230,255,15,h00,1445831990664690369
p1,C,47,65,388,h00,1445831990664690369
p1,Non-ROH,500,0,0,h00,1445831990664690369
p2,A,500,0,0,h00,1445831990664690369
p2,B,423,77,0,h00,1445831990664690369
p2,C,49,133,318,h00,1445831990664690369
p2,Non-ROH,500,0,0,h00,1445831990664690369
p3,A,500,0,0,h00,1445831990664690369
p3,B,459,41,0,h00,1445831990664690369
p3,C,49,83,368,h00,1445831990664690369
p3,Non-ROH,500,0,0,h00,1445831990664690369
p1,A,500,0,0,h00,1457999149615807420
p1,B,230,252,18,h00,1457999149615807420
p1,C,50,71,379,h00,1457999149615807420
p1,Non-ROH,500,0,0,h00,1457999149615807420
p2,A,500,0,0,h00,1457999149615807420
p2,B,426,74,0,h00,1457999149615807420
p2,C,38,83,379,h00,1457999149615807420
p2,Non-ROH,500,0,0,h00,1457999149615807420
p3,A,500,0,0,h00,1457999149615807420
p3,B,467,33,0,h00,1457999149615807420
p3,C,39,131,330,h00,1457999149615807420
p3,Non-ROH,500,0,0,h00,1457999149615807420
p1,A,499,1,0,h00,1463814346912061226
p1,B,244,239,17,h00,1463814346912061226
p1,C,49,74,377,h00,1463814346912061226
p1,Non-ROH,500,0,0,h00,1463814346912061226
p2,A,500,0,0,h00,1463814346912061226
p2,B,421,79,0,h00,1463814346912061226
p2,C,44,115,341,h00,1463814346912061226
p2,Non-ROH,500,0,0,h00,1463814346912061226
p3,A,500,0,0,h00,1463814346912061226
p3,B,480,20,0,h00,1463814346912061226
p3,C,72,94,334,h00,1463814346912061226
p3,Non-ROH,500,0,0,h00,1463814346912061226
p1,A,500,0,0,h00,1471689743914301753
p1,B,220,255,25,h00,1471689743914301753
p1,C,68,66,366,h00,1471689743914301753
p1,Non-ROH,500,0,0,h00,1471689743914301753
p2,A,500,0,0,h00,1471689743914301753
p2,B,432,68,0,h00,1471689743914301753
p2,C,44,79,377,h00,1471689743914301753
p2,Non-ROH,500,0,0,h00,1471689743914301753
p3,A,500,0,0,h00,1471689743914301753
p3,B,453,47,0,h00,1471689743914301753
p3,C,35,112,353,h00,1471689743914301753
p3,Non-ROH,500,0,0,h00,1471689743914301753
p1,A,500,0,0,h00,1496704753167729159
p1,B,261,223,16,h00,1496704753167729159
p1,C,83,44,373,h00,1496704753167729159
p1,Non-ROH,500,0,0,h00,1496704753167729159
p2,A,500,0,0,h00,1496704753167729159
p2,B,442,58,0,h00,1496704753167729159
p2,C,66,39,395,h00,1496704753167729159
p2,Non-ROH,500,0,0,h00,1496704753167729159
p3,A,500,0,0,h00,1496704753167729159
p3,B,465,35,0,h00,1496704753167729159
p3,C,116,58,326,h00,1496704753167729159
p3,Non-ROH,500,0,0,h00,1496704753167729159
p1,A,500,0,0,h00,1509754406400523100
p1,B,200,288,12,h00,1509754406400523100
p1,C,55,73,372,h00,1509754406400523100
p1,Non-ROH,500,0,0,h00,1509754406400523100
p2,A,500,0,0,h00,1509754406400523100
p2,B,418,82,0,h00,1509754406400523100
p2,C,44,96,360,h00,1509754406400523100
p2,Non-ROH,500,0,0,h00,1509754406400523100
p3,A,500,0,0,h00,1509754406400523100
p3,B,447,53,0,h00,1509754406400523100
p3,C,43,140,317,h00,1509754406400523100
p3,Non-ROH,500,0,0,h00,1509754406400523100
p1,A,500,0,0,h00,1513359600866312384
p1,B,255,228,17,h00,1513359600866312384
p1,C,56,62,382,h00,1513359600866312384
p1,Non-ROH,500,0,0,h00,1513359600866312384
p2,A,500,0,0,h00,1513359600866312384
p2,B,427,73,0,h00,1513359600866312384
p2,C,48,89,363,h00,1513359600866312384
p2,Non-ROH,500,0,0,h00,1513359600866312384
p3,A,500,0,0,h00,1513359600866312384
p3,B,462,38,0,h00,1513359600866312384
p3,C,36,132,332,h00,1513359600866312384
p3,Non-ROH,500,0,0,h00,1513359600866312384
p1,A,500,0,0,h00,1517243854596332318
p1,B,235,256,9,h00,1517243854596332318
p1,C,67,72,361,h00,1517243854596332318
p1,Non-ROH,500,0,0,h00,1517243854596332318
p2,A,500,0,0,h00,1517243854596332318
p2,B,423,77,0,h00,1517243854596332318
p2,C,42,129,329,h00,1517243854596332318
p2,Non-ROH,500,0,0,h00,1517243854596332318
p3,A,500,0,0,h00,1517243854596332318
p3,B,458,42,0,h00,1517243854596332318
p3,C,37,89,374,h00,1517243854596332318
p3,Non-ROH,500,0,0,h00,1517243854596332318
p1,A,499,1,0,h00,155683629558891336
p1,B,251,243,6,h00,155683629558891336
p1,C,47,62,391,h00,155683629558891336
p1,Non-ROH,500,0,0,h00,155683629558891336
p2,A,500,0,0,h00,155683629558891336
p2,B,429,71,0,h00,155683629558891336
p2,C,38,78,384,h00,155683629558891336
p2,Non-ROH,500,0,0,h00,155683629558891336
p3,A,500,0,0,h00,155683629558891336
p3,B,473,27,0,h00,155683629558891336
p3,C,27,126,347,h00,155683629558891336
p3,Non-ROH,500,0,0,h00,155683629558891336
p1,A,498,2,0,h00,1570311740684473341
p1,B,214,269,17,h00,1570311740684473341
p1,C,56,90,354,h00,1570311740684473341
p1,Non-ROH,500,0,0,h00,1570311740684473341
p2,A,500,0,0,h00,1570311740684473341
p2,B,369,131,0,h00,1570311740684473341
p2,C,38,92,370,h00,1570311740684473341
p2,Non-ROH,500,0,0,h00,1570311740684473341
p3,A,500,0,0,h00,1570311740684473341
p3,B,457,43,0,h00,1570311740684473341
p3,C,32,101,367,h00,1570311740684473341
p3,Non-ROH,500,0,0,h00,1570311740684473341
p1,A,500,0,0,h00,1579713873460986888
p1,B,254,232,14,h00,1579713873460986888
p1,C,53,68,379,h00,1579713873460986888
p1,Non-ROH,500,0,0,h00,1579713873460986888
p2,A,500,0,0,h00,1579713873460986888
p2,B,410,90,0,h00,1579713873460986888
p2,C,43,75,382,h00,1579713873460986888
p2,Non-ROH,500,0,0,h00,1579713873460986888
p3,A,500,0,0,h00,1579713873460986888
p3,B,457,43,0,h00,1579713873460986888
p3,C,30,201,269,h00,1579713873460986888
p3,Non-ROH,500,0,0,h00,1579713873460986888
p1,A,500,0,0,h00,1640035823564240350
p1,B,272,210,18,h00,1640035823564240350
p1,C,63,86,351,h00,1640035823564240350
p1,Non-ROH,500,0,0,h00,1640035823564240350
p2,A,500,0,0,h00,1640035823564240350
p2,B,433,67,0,h00,1640035823564240350
p2,C,36,87,377,h00,1640035823564240350
p2,Non-ROH,500,0,0,h00,1640035823564240350
p3,A,500,0,0,h00,1640035823564240350
p3,B,466,34,0,h00,1640035823564240350
p3,C,22,123,355,h00,1640035823564240350
p3,Non-ROH,500,0,0,h00,1640035823564240350
p1,A,498,2,0,h00,1667204476426382146
p1,B,205,283,12,h00,1667204476426382146
p1,C,50,64,386,h00,1667204476426382146
p1,Non-ROH,500,0,0,h00,1667204476426382146
p2,A,500,0,0,h00,1667204476426382146
p2,B,421,79,0,h00,1667204476426382146
p2,C,33,92,375,h00,1667204476426382146
p2,Non-ROH,500,0,0,h00,1667204476426382146
p3,A,500,0,0,h00,1667204476426382146
p3,B,454,46,0,h00,1667204476426382146
p3,C,30,104,366,h00,1667204476426382146
p3,Non-ROH,500,0,0,h00,1667204476426382146
p1,A,500,0,0,h00,1675567405057576839
p1,B,232,250,18,h00,1675567405057576839
p1,C,40,66,394,h00,1675567405057576839
p1,Non-ROH,500,0,0,h00,1675567405057576839
p2,A,500,0,0,h00,1675567405057576839
p2,B,434,66,0,h00,1675567405057576839
p2,C,47,97,356,h00,1675567405057576839
p2,Non-ROH,500,0,0,h00,1675567405057576839
p3,A,500,0,0,h00,1675567405057576839
p3,B,454,46,0,h00,1675567405057576839
p3,C,25,142,333,h00,1675567405057576839
p3,Non-ROH,500,0,0,h00,1675567405057576839
p1,A,499,1,0,h00,1683235848236138391
p1,B,232,253,15,h00,1683235848236138391
p1,C,34,67,399,h00,1683235848236138391
p1,Non-ROH,500,0,0,h00,1683235848236138391
p2,A,500,0,0,h00,1683235848236138391
p2,B,434,66,0,h00,1683235848236138391
p2,C,44,84,372,h00,1683235848236138391
p2,Non-ROH,500,0,0,h00,1683235848236138391
p3,A,500,0,0,h00,1683235848236138391
p3,B,465,35,0,h00,1683235848236138391
p3,C,27,90,383,h00,1683235848236138391
p3,Non-ROH,500,0,0,h00,1683235848236138391
p1,A,497,3,0,h00,1686481830113721127
p1,B,220,263,17,h00,1686481830113721127
p1,C,72,74,354,h00,1686481830113721127
p1,Non-ROH,500,0,0,h00,1686481830113721127
p2,A,500,0,0,h00,1686481830113721127
p2,B,408,92,0,h00,1686481830113721127
p2,C,46,76,378,h00,1686481830113721127
p2,Non-ROH,500,0,0,h00,1686481830113721127
p3,A,500,0,0,h00,1686481830113721127
p3,B,448,52,0,h00,1686481830113721127
p3,C,30,139,331,h00,1686481830113721127
p3,Non-ROH,500,0,0,h00,1686481830113721127
p1,A,499,1,0,h00,1697761245837672091
p1,B,235,251,14,h00,1697761245837672091
p1,C,57,85,358,h00,1697761245837672091
p1,Non-ROH,500,0,0,h00,1697761245837672091
p2,A,500,0,0,h00,1697761245837672091
p2,B,415,85,0,h00,1697761245837672091
p2,C,34,84,382,h00,1697761245837672091
p2,Non-ROH,500,0,0,h00,1697761245837672091
p3,A,500,0,0,h00,1697761245837672091
p3,B,472,28,0,h00,1697761245837672091
p3,C,60,68,372,h00,1697761245837672091
p3,Non-ROH,500,0,0,h00,1697761245837672091
p1,A,499,1,0,h00,1741910082241347924
p1,B,240,249,11,h00,1741910082241347924
p1,C,65,74,361,h00,1741910082241347924
p1,Non-ROH,500,0,0,h00,1741910082241347924
p2,A,500,0,0,h00,1741910082241347924
p2,B,405,95,0,h00,1741910082241347924
p2,C,32,83,385,h00,1741910082241347924
p2,Non-ROH,500,0,0,h00,1741910082241347924
p3,A,500,0,0,h00,1741910082241347924
p3,B,434,66,0,h00,1741910082241347924
p3,C,30,95,375,h00,1741910082241347924
p3,Non-ROH,500,0,0,h00,1741910082241347924
p1,A,497,3,0,h00,1758916382348960481
p1,B,230,255,15,h00,1758916382348960481
p1,C,62,78,360,h00,1758916382348960481
p1,Non-ROH,500,0,0,h00,1758916382348960481
p2,A,500,0,0,h00,1758916382348960481
p2,B,375,125,0,h00,1758916382348960481
p2,C,23,98,379,h00,1758916382348960481
p2,Non-ROH,500,0,0,h00,1758916382348960481
p3,A,499,1,0,h00,1758916382348960481
p3,B,430,70,0,h00,1758916382348960481
p3,C,43,108,349,h00,1758916382348960481
p3,Non-ROH,500,0,0,h00,1758916382348960481
p1,A,495,5,0,h00,1760919415129066732
p1,B,256,228,16,h00,1760919415129066732
p1,C,58,55,387,h00,1760919415129066732
p1,Non-ROH,500,0,0,h00,1760919415129066732
p2,A,500,0,0,h00,1760919415129066732
p2,B,396,104,0,h00,1760919415129066732
p2,C,45,149,306,h00,1760919415129066732
p2,Non-ROH,500,0,0,h00,1760919415129066732
p3,A,500,0,0,h00,1760919415129066732
p3,B,467,33,0,h00,1760919415129066732
p3,C,52,94,354,h00,1760919415129066732
p3,Non-ROH,500,0,0,h00,1760919415129066732
p1,A,498,2,0,h00,1776755804422427172
p1,B,226,262,12,h00,1776755804422427172
p1,C,63,56,381,h00,1776755804422427172
p1,Non-ROH,500,0,0,h00,1776755804422427172
p2,A,500,0,0,h00,1776755804422427172
p2,B,402,98,0,h00,1776755804422427172
p2,C,41,112,347,h00,1776755804422427172
p2,Non-ROH,500,0,0,h00,1776755804422427172
p3,A,500,0,0,h00,1776755804422427172
p3,B,452,48,0,h00,1776755804422427172
p3,C,35,162,303,h00,1776755804422427172
p3,Non-ROH,500,0,0,h00,1776755804422427172
p1,A,498,2,0,h00,1788482744701747849
p1,B,216,268,16,h00,1788482744701747849
p1,C,53,67,380,h00,1788482744701747849
p1,Non-ROH,500,0,0,h00,1788482744701747849
p2,A,500,0,0,h00,1788482744701747849
p2,B,399,101,0,h00,1788482744701747849
p2,C,29,132,339,h00,1788482744701747849
p2,Non-ROH,500,0,0,h00,1788482744701747849
p3,A,500,0,0,h00,1788482744701747849
p3,B,434,66,0,h00,1788482744701747849
p3,C,30,127,343,h00,1788482744701747849
p3,Non-ROH,500,0,0,h00,1788482744701747849
p1,A,500,0,0,h00,1789806920600214380
p1,B,226,257,17,h00,1789806920600214380
p1,C,55,59,386,h00,1789806920600214380
p1,Non-ROH,500,0,0,h00,1789806920600214380
p2,A,500,0,0,h00,1789806920600214380
p2,B,408,92,0,h00,1789806920600214380
p2,C,41,95,364,h00,1789806920600214380
p2,Non-ROH,500,0,0,h00,1789806920600214380
p3,A,500,0,0,h00,1789806920600214380
p3,B,443,57,0,h00,1789806920600214380
p3,C,39,112,349,h00,1789806920600214380
p3,Non-ROH,500,0,0,h00,1789806920600214380
p1,A,500,0,0,h00,1816372852695257818
p1,B,237,246,17,h00,1816372852695257818
p1,C,53,66,381,h00,1816372852695257818
p1,Non-ROH,500,0,0,h00,1816372852695257818
p2,A,500,0,0,h00,1816372852695257818
p2,B,403,96,1,h00,1816372852695257818
p2,C,41,86,373,h00,1816372852695257818
p2,Non-ROH,500,0,0,h00,1816372852695257818
p3,A,500,0,0,h00,1816372852695257818
p3,B,465,35,0,h00,1816372852695257818
p3,C,59,109,332,h00,1816372852695257818
p3,Non-ROH,500,0,0,h00,1816372852695257818
p1,A,500,0,0,h00,1818297040266038161
p1,B,241,242,17,h00,1818297040266038161
p1,C,64,73,363,h00,1818297040266038161
p1,Non-ROH,500,0,0,h00,1818297040266038161
p2,A,500,0,0,h00,1818297040266038161
p2,B,425,75,0,h00,1818297040266038161
p2,C,43,90,367,h00,1818297040266038161
p2,Non-ROH,500,0,0,h00,1818297040266038161
p3,A,500,0,0,h00,1818297040266038161
p3,B,448,52,0,h00,1818297040266038161
p3,C,37,57,406,h00,1818297040266038161
p3,Non-ROH,500,0,0,h00,1818297040266038161
p1,A,499,1,0,h00,1933927514968069182
p1,B,219,261,20,h00,1933927514968069182
p1,C,52,61,387,h00,1933927514968069182
p1,Non-ROH,500,0,0,h00,1933927514968069182
p2,A,500,0,0,h00,1933927514968069182
p2,B,397,103,0,h00,1933927514968069182
p2,C,42,95,363,h00,1933927514968069182
p2,Non-ROH,500,0,0,h00,1933927514968069182
p3,A,500,0,0,h00,1933927514968069182
p3,B,439,61,0,h00,1933927514968069182
p3,C,25,111,364,h00,1933927514968069182
p3,Non-ROH,500,0,0,h00,1933927514968069182
p1,A,499,1,0,h00,197130628104802835
p1,B,245,244,11,h00,197130628104802835
p1,C,53,71,376,h00,197130628104802835
p1,Non-ROH,500,0,0,h00,197130628104802835
p2,A,500,0,0,h00,197130628104802835
p2,B,425,75,0,h00,197130628104802835
p2,C,36,82,382,h00,197130628104802835
p2,Non-ROH,500,0,0,h00,197130628104802835
p3,A,500,0,0,h00,197130628104802835
p3,B,467,33,0,h00,197130628104802835
p3,C,29,154,317,h00,197130628104802835
p3,Non-ROH,500,0,0,h00,197130628104802835
p1,A,500,0,0,h00,2008966820864978262
p1,B,239,250,11,h00,2008966820864978262
p1,C,54,79,367,h00,2008966820864978262
p1,Non-ROH,500,0,0,h00,2008966820864978262
p2,A,500,0,0,h00,2008966820864978262
p2,B,425,75,0,h00,2008966820864978262
p2,C,42,106,352,h00,2008966820864978262
p2,Non-ROH,500,0,0,h00,2008966820864978262
p3,A,500,0,0,h00,2008966820864978262
p3,B,469,31,0,h00,2008966820864978262
p3,C,36,168,296,h00,2008966820864978262
p3,Non-ROH,500,0,0,h00,2008966820864978262
p1,A,499,1,0,h00,2015646299244388232
p1,B,264,219,17,h00,2015646299244388232
p1,C,94,40,366,h00,2015646299244388232
p1,Non-ROH,500,0,0,h00,2015646299244388232
p2,A,500,0,0,h00,2015646299244388232
p2,B,440,60,0,h00,2015646299244388232
p2,C,78,35,387,h00,2015646299244388232
p2,Non-ROH,500,0,0,h00,2015646299244388232
p3,A,500,0,0,h00,2015646299244388232
p3,B,462,38,0,h00,2015646299244388232
p3,C,136,66,298,h00,2015646299244388232
p3,Non-ROH,500,0,0,h00,2015646299244388232
p1,A,499,1,0,h00,2023478822450523661
p1,B,206,273,21,h00,2023478822450523661
p1,C,62,67,371,h00,2023478822450523661
p1,Non-ROH,500,0,0,h00,2023478822450523661
p2,A,500,0,0,h00,2023478822450523661
p2,B,412,88,0,h00,2023478822450523661
p2,C,35,96,369,h00,2023478822450523661
p2,Non-ROH,500,0,0,h00,2023478822450523661
p3,A,500,0,0,h00,2023478822450523661
p3,B,437,62,1,h00,2023478822450523661
p3,C,61,135,304,h00,2023478822450523661
p3,Non-ROH,500,0,0,h00,2023478822450523661
p1,A,500,0,0,h00,2023804910540112922
p1,B,229,256,15,h00,2023804910540112922
p1,C,82,57,361,h00,2023804910540112922
p1,Non-ROH,500,0,0,h00,2023804910540112922
p2,A,500,0,0,h00,2023804910540112922
p2,B,437,63,0,h00,2023804910540112922
p2,C,44,70,386,h00,2023804910540112922
p2,Non-ROH,500,0,0,h00,2023804910540112922
p3,A,500,0,0,h00,2023804910540112922
p3,B,448,52,0,h00,2023804910540112922
p3,C,42,80,378,h00,2023804910540112922
p3,Non-ROH,500,0,0,h00,2023804910540112922
p1,A,499,1,0,h00,2029404602455467623
p1,B,235,249,16,h00,2029404602455467623
p1,C,57,69,374,h00,2029404602455467623
p1,Non-ROH,500,0,0,h00,2029404602455467623
p2,A,500,0,0,h00,2029404602455467623
p2,B,410,90,0,h00,2029404602455467623
p2,C,40,121,339,h00,2029404602455467623
p2,Non-ROH,500,0,0,h00,2029404602455467623
p3,A,500,0,0,h00,2029404602455467623
p3,B,448,52,0,h00,2029404602455467623
p3,C,43,72,385,h00,2029404602455467623
p3,Non-ROH,500,0,0,h00,2029404602455467623
p1,A,498,2,0,h00,2030134370402383281
p1,B,211,270,19,h00,2030134370402383281
p1,C,65,70,365,h00,2030134370402383281
p1,Non-ROH,500,0,0,h00,2030134370402383281
p2,A,500,0,0,h00,2030134370402383281
p2,B,387,113,0,h00,2030134370402383281
p2,C,36,97,367,h00,2030134370402383281
p2,Non-ROH,500,0,0,h00,2030134370402383281
p3,A,500,0,0,h00,2030134370402383281
p3,B,446,54,0,h00,2030134370402383281
p3,C,30,200,270,h00,2030134370402383281
p3,Non-ROH,500,0,0,h00,2030134370402383281
p1,A,499,1,0,h00,2031456289375906414
p1,B,240,241,19,h00,2031456289375906414
p1,C,73,68,359,h00,2031456289375906414
p1,Non-ROH,500,0,0,h00,2031456289375906414
p2,A,500,0,0,h00,2031456289375906414
p2,B,413,87,0,h00,2031456289375906414
p2,C,34,91,375,h00,2031456289375906414
p2,Non-ROH,500,0,0,h00,2031456289375906414
p3,A,500,0,0,h00,2031456289375906414
p3,B,470,30,0,h00,2031456289375906414
p3,C,48,112,340,h00,2031456289375906414
p3,Non-ROH,500,0,0,h00,2031456289375906414
p1,A,500,0,0,h00,2074319997304613406
p1,B,222,262,16,h00,2074319997304613406
p1,C,88,68,344,h00,2074319997304613406
p1,Non-ROH,500,0,0,h00,2074319997304613406
p2,A,500,0,0,h00,2074319997304613406
p2,B,417,83,0,h00,2074319997304613406
p2,C,54,72,374,h00,2074319997304613406
p2,Non-ROH,500,0,0,h00,2074319997304613406
p3,A,500,0,0,h00,2074319997304613406
p3,B,457,43,0,h00,2074319997304613406
p3,C,48,82,370,h00,2074319997304613406
p3,Non-ROH,500,0,0,h00,2074319997304613406
p1,A,500,0,0,h00,20923183537115587
p1,B,242,245,13,h00,20923183537115587
p1,C,58,87,355,h00,20923183537115587
p1,Non-ROH,500,0,0,h00,20923183537115587
p2,A,500,0,0,h00,20923183537115587
p2,B,424,76,0,h00,20923183537115587
p2,C,34,100,366,h00,20923183537115587
p2,Non-ROH,500,0,0,h00,20923183537115587
p3,A,500,0,0,h00,20923183537115587
p3,B,452,48,0,h00,20923183537115587
p3,C,34,120,346,h00,20923183537115587
p3,Non-ROH,500,0,0,h00,20923183537115587
p1,A,499,1,0,h00,2104317743172604597
p1,B,248,239,13,h00,2104317743172604597
p1,C,60,89,351,h00,2104317743172604597
p1,Non-ROH,500,0,0,h00,2104317743172604597
p2,A,500,0,0,h00,2104317743172604597
p2,B,426,74,0,h00,2104317743172604597
p2,C,50,65,385,h00,2104317743172604597
p2,Non-ROH,500,0,0,h00,2104317743172604597
p3,A,500,0,0,h00,2104317743172604597
p3,B,461,39,0,h00,2104317743172604597
p3,C,48,75,377,h00,2104317743172604597
p3,Non-ROH,500,0,0,h00,2104317743172604597
p1,A,499,1,0,h00,2110323454478545514
p1,B,244,240,16,h00,2110323454478545514
p1,C,63,60,377,h00,2110323454478545514
p1,Non-ROH,500,0,0,h00,2110323454478545514
p2,A,500,0,0,h00,2110323454478545514
p2,B,430,70,0,h00,2110323454478545514
p2,C,57,119,324,h00,2110323454478545514
p2,Non-ROH,500,0,0,h00,2110323454478545514
p3,A,500,0,0,h00,2110323454478545514
p3,B,463,37,0,h00,2110323454478545514
p3,C,46,124,330,h00,2110323454478545514
p3,Non-ROH,500,0,0,h00,2110323454478545514
p1,A,500,0,0,h00,2115986567917414732
p1,B,251,232,17,h00,2115986567917414732
p1,C,58,70,372,h00,2115986567917414732
p1,Non-ROH,500,0,0,h00,2115986567917414732
p2,A,500,0,0,h00,2115986567917414732
p2,B,394,106,0,h00,2115986567917414732
p2,C,35,118,347,h00,2115986567917414732
p2,Non-ROH,500,0,0,h00,2115986567917414732
p3,A,500,0,0,h00,2115986567917414732
p3,B,467,33,0,h00,2115986567917414732
p3,C,38,131,331,h00,2115986567917414732
p3,Non-ROH,500,0,0,h00,2115986567917414732
p1,A,500,0,0,h00,215278918430462039
p1,B,244,240,16,h00,215278918430462039
p1,C,46,79,375,h00,215278918430462039
p1,Non-ROH,500,0,0,h00,215278918430462039
p2,A,500,0,0,h00,215278918430462039
p2,B,408,92,0,h00,215278918430462039
p2,C,38,89,373,h00,215278918430462039
p2,Non-ROH,500,0,0,h00,215278918430462039
p3,A,500,0,0,h00,215278918430462039
p3,B,462,38,0,h00,215278918430462039
p3,C,28,105,367,h00,215278918430462039
p3,Non-ROH,500,0,0,h00,215278918430462039
p1,A,500,0,0,h00,2156816541948973614
p1,B,198,288,14,h00,2156816541948973614
p1,C,47,81,372,h00,2156816541948973614
p1,Non-ROH,500,0,0,h00,2156816541948973614
p2,A,500,0,0,h00,2156816541948973614
p2,B,380,120,0,h00,2156816541948973614
p2,C,39,69,392,h00,2156816541948973614
p2,Non-ROH,500,0,0,h00,2156816541948973614
p3,A,500,0,0,h00,2156816541948973614
p3,B,427,73,0,h00,2156816541948973614
p3,C,30,88,382,h00,2156816541948973614
p3,Non-ROH,500,0,0,h00,2156816541948973614
p1,A,500,0,0,h00,2174043611906189471
p1,B,266,216,18,h00,2174043611906189471
p1,C,63,70,367,h00,2174043611906189471
p1,Non-ROH,500,0,0,h00,2174043611906189471
p2,A,500,0,0,h00,2174043611906189471
p2,B,443,57,0,h00,2174043611906189471
p2,C,42,73,385,h00,2174043611906189471
p2,Non-ROH,500,0,0,h00,2174043611906189471
p3,A,500,0,0,h00,2174043611906189471
p3,B,471,29,0,h00,2174043611906189471
p3,C,38,85,377,h00,2174043611906189471
p3,Non-ROH,500,0,0,h00,2174043611906189471
p1,A,500,0,0,h00,217638068633519425
p1,B,235,247,18,h00,217638068633519425
p1,C,51,101,348,h00,217638068633519425
p1,Non-ROH,500,0,0,h00,217638068633519425
p2,A,500,0,0,h00,217638068633519425
p2,B,403,97,0,h00,217638068633519425
p2,C,33,142,325,h00,217638068633519425
p2,Non-ROH,500,0,0,h00,217638068633519425
p3,A,500,0,0,h00,217638068633519425
p3,B,471,29,0,h00,217638068633519425
p3,C,42,113,345,h00,217638068633519425
p3,Non-ROH,500,0,0,h00,217638068633519425
p1,A,500,0,0,h00,2213029515177919753
p1,B,227,261,12,h00,2213029515177919753
p1,C,64,93,343,h00,2213029515177919753
p1,Non-ROH,500,0,0,h00,2213029515177919753
p2,A,500,0,0,h00,2213029515177919753
p2,B,410,90,0,h00,2213029515177919753
p2,C,57,76,367,h00,2213029515177919753
p2,Non-ROH,500,0,0,h00,2213029515177919753
p3,A,500,0,0,h00,2213029515177919753
p3,B,453,47,0,h00,2213029515177919753
p3,C,35,170,295,h00,2213029515177919753
p3,Non-ROH,500,0,0,h00,2213029515177919753
p1,A,500,0,0,h00,2226314848128698481
p1,B,255,226,19,h00,2226314848128698481
p1,C,69,55,376,h00,2226314848128698481
p1,Non-ROH,500,0,0,h00,2226314848128698481
p2,A,500,0,0,h00,2226314848128698481
p2,B,430,70,0,h00,2226314848128698481
p2,C,30,85,385,h00,2226314848128698481
p2,Non-ROH,500,0,0,h00,2226314848128698481
p3,A,500,0,0,h00,2226314848128698481
p3,B,466,34,0,h00,2226314848128698481
p3,C,52,65,383,h00,2226314848128698481
p3,Non-ROH,500,0,0,h00,2226314848128698481
p1,A,500,0,0,h00,2231209458305127871
p1,B,227,245,28,h00,2231209458305127871
p1,C,53,68,379,h00,2231209458305127871
p1,Non-ROH,500,0,0,h00,2231209458305127871
p2,A,500,0,0,h00,2231209458305127871
p2,B,429,70,1,h00,2231209458305127871
p2,C,33,90,377,h00,2231209458305127871
p2,Non-ROH,500,0,0,h00,2231209458305127871
p3,A,500,0,0,h00,2231209458305127871
p3,B,476,24,0,h00,2231209458305127871
p3,C,47,143,310,h00,2231209458305127871
p3,Non-ROH,500,0,0,h00,2231209458305127871
p1,A,498,2,0,h00,2248913045146814560
p1,B,243,244,13,h00,2248913045146814560
p1,C,64,64,372,h00,2248913045146814560
p1,Non-ROH,500,0,0,h00,2248913045146814560
p2,A,500,0,0,h00,2248913045146814560
p2,B,397,103,0,h00,2248913045146814560
p2,C,47,62,391,h00,2248913045146814560
p2,Non-ROH,500,0,0,h00,2248913045146814560
p3,A,500,0,0,h00,2248913045146814560
p3,B,446,54,0,h00,2248913045146814560
p3,C,44,161,295,h00,2248913045146814560
p3,Non-ROH,500,0,0,h00,2248913045146814560
p1,A,500,0,0,h00,2261080031299322371
p1,B,256,225,19,h00,2261080031299322371
p1,C,60,75,365,h00,2261080031299322371
p1,Non-ROH,500,0,0,h00,2261080031299322371
p2,A,500,0,0,h00,2261080031299322371
p2,B,450,50,0,h00,2261080031299322371
p2,C,34,82,384,h00,2261080031299322371
p2,Non-ROH,500,0,0,h00,2261080031299322371
p3,A,500,0,0,h00,2261080031299322371
p3,B,453,47,0,h00,2261080031299322371
p3,C,28,99,373,h00,2261080031299322371
p3,Non-ROH,500,0,0,h00,2261080031299322371
p1,A,500,0,0,h00,2270685292642668965
p1,B,231,254,15,h00,2270685292642668965
p1,C,55,62,383,h00,2270685292642668965
p1,Non-ROH,500,0,0,h00,2270685292642668965
p2,A,500,0,0,h00,2270685292642668965
p2,B,401,99,0,h00,2270685292642668965
p2,C,36,84,380,h00,2270685292642668965
p2,Non-ROH,500,0,0,h00,2270685292642668965
p3,A,500,0,0,h00,2270685292642668965
p3,B,462,38,0,h00,2270685292642668965
p3,C,38,100,362,h00,2270685292642668965
p3,Non-ROH,500,0,0,h00,2270685292642668965
p1,A,499,1,0,h00,2276589658571010949
p1,B,254,236,10,h00,2276589658571010949
p1,C,57,68,375,h00,2276589658571010949
p1,Non-ROH,500,0,0,h00,2276589658571010949
p2,A,500,0,0,h00,2276589658571010949
p2,B,382,118,0,h00,2276589658571010949
p2,C,33,152,315,h00,2276589658571010949
p2,Non-ROH,500,0,0,h00,2276589658571010949
p3,A,500,0,0,h00,2276589658571010949
p3,B,439,61,0,h00,2276589658571010949
p3,C,48,154,298,h00,2276589658571010949
p3,Non-ROH,500,0,0,h00,2276589658571010949
p1,A,498,2,0,h00,2325391773764637243
p1,B,249,236,15,h00,2325391773764637243
p1,C,68,69,363,h00,2325391773764637243
p1,Non-ROH,500,0,0,h00,2325391773764637243
p2,A,500,0,0,h00,2325391773764637243
p2,B,411,89,0,h00,2325391773764637243
p2,C,50,87,363,h00,2325391773764637243
p2,Non-ROH,500,0,0,h00,2325391773764637243
p3,A,500,0,0,h00,2325391773764637243
p3,B,466,34,0,h00,2325391773764637243
p3,C,43,91,366,h00,2325391773764637243
p3,Non-ROH,500,0,0,h00,2325391773764637243
p1,A,500,0,0,h00,2333974635431175188
p1,B,253,232,15,h00,2333974635431175188
p1,C,54,63,383,h00,2333974635431175188
p1,Non-ROH,500,0,0,h00,2333974635431175188
p2,A,500,0,0,h00,2333974635431175188
p2,B,441,59,0,h00,2333974635431175188
p2,C,42,105,353,h00,2333974635431175188
p2,Non-ROH,500,0,0,h00,2333974635431175188
p3,A,500,0,0,h00,2333974635431175188
p3,B,456,44,0,h00,2333974635431175188
p3,C,34,189,277,h00,2333974635431175188
p3,Non-ROH,500,0,0,h00,2333974635431175188
p1,A,500,0,0,h00,2341198055877650802
p1,B,221,269,10,h00,2341198055877650802
p1,C,47,70,383,h00,2341198055877650802
p1,Non-ROH,500,0,0,h00,2341198055877650802
p2,A,500,0,0,h00,2341198055877650802
p2,B,397,103,0,h00,2341198055877650802
p2,C,39,74,387,h00,2341198055877650802
p2,Non-ROH,500,0,0,h00,2341198055877650802
p3,A,500,0,0,h00,2341198055877650802
p3,B,454,46,0,h00,2341198055877650802
p3,C,25,107,368,h00,2341198055877650802
p3,Non-ROH,500,0,0,h00,2341198055877650802
p1,A,500,0,0,h00,2348161418297934513
p1,B,246,236,18,h00,2348161418297934513
p1,C,60,87,353,h00,2348161418297934513
p1,Non-ROH,500,0,0,h00,2348161418297934513
p2,A,500,0,0,h00,2348161418297934513
p2,B,425,75,0,h00,2348161418297934513
p2,C,33,101,366,h00,2348161418297934513
p2,Non-ROH,500,0,0,h00,2348161418297934513
p3,A,500,0,0,h00,2348161418297934513
p3,B,442,58,0,h00,2348161418297934513
p3,C,52,84,364,h00,2348161418297934513
p3,Non-ROH,500,0,0,h00,2348161418297934513
p1,A,500,0,0,h00,2377990193666223348
p1,B,267,219,14,h00,2377990193666223348
p1,C,61,67,372,h00,2377990193666223348
p1,Non-ROH,500,0,0,h00,2377990193666223348
p2,A,500,0,0,h00,2377990193666223348
p2,B,447,53,0,h00,2377990193666223348
p2,C,45,68,387,h00,2377990193666223348
p2,Non-ROH,500,0,0,h00,2377990193666223348
p3,A,500,0,0,h00,2377990193666223348
p3,B,473,27,0,h00,2377990193666223348
p3,C,29,85,386,h00,2377990193666223348
p3,Non-ROH,500,0,0,h00,2377990193666223348
p1,A,500,0,0,h00,2398732858742842846
p1,B,289,200,11,h00,2398732858742842846
p1,C,69,64,367,h00,2398732858742842846
p1,Non-ROH,500,0,0,h00,2398732858742842846
p2,A,500,0,0,h00,2398732858742842846
p2,B,440,60,0,h00,2398732858742842846
p2,C,49,74,377,h00,2398732858742842846
p2,Non-ROH,500,0,0,h00,2398732858742842846
p3,A,500,0,0,h00,2398732858742842846
p3,B,476,24,0,h00,2398732858742842846
p3,C,34,74,392,h00,2398732858742842846
p3,Non-ROH,500,0,0,h00,2398732858742842846
p1,A,499,1,0,h00,2402059822941775694
p1,B,238,252,10,h00,2402059822941775694
p1,C,44,82,374,h00,2402059822941775694
p1,Non-ROH,500,0,0,h00,2402059822941775694
p2,A,500,0,0,h00,2402059822941775694
p2,B,401,99,0,h00,2402059822941775694
p2,C,28,135,337,h00,2402059822941775694
p2,Non-ROH,500,0,0,h00,2402059822941775694
p3,A,500,0,0,h00,2402059822941775694
p3,B,427,73,0,h00,2402059822941775694
p3,C,32,133,335,h00,2402059822941775694
p3,Non-ROH,500,0,0,h00,2402059822941775694
p1,A,500,0,0,h00,2414559306889225485
p1,B,234,247,19,h00,2414559306889225485
p1,C,59,68,373,h00,2414559306889225485
p1,Non-ROH,500,0,0,h00,2414559306889225485
p2,A,500,0,0,h00,2414559306889225485
p2,B,410,89,1,h00,2414559306889225485
p2,C,37,90,373,h00,2414559306889225485
p2,Non-ROH,500,0,0,h00,2414559306889225485
p3,A,500,0,0,h00,2414559306889225485
p3,B,455,45,0,h00,2414559306889225485
p3,C,45,153,302,h00,2414559306889225485
p3,Non-ROH,500,0,0,h00,2414559306889225485
p1,A,499,1,0,h00,2419367695980860718
p1,B,225,262,13,h00,2419367695980860718
p1,C,67,55,378,h00,2419367695980860718
p1,Non-ROH,500,0,0,h00,2419367695980860718
p2,A,500,0,0,h00,2419367695980860718
p2,B,397,103,0,h00,2419367695980860718
p2,C,38,68,394,h00,2419367695980860718
p2,Non-ROH,500,0,0,h00,2419367695980860718
p3,A,500,0,0,h00,2419367695980860718
p3,B,456,44,0,h00,2419367695980860718
p3,C,31,86,383,h00,2419367695980860718
p3,Non-ROH,500,0,0,h00,2419367695980860718
p1,A,499,1,0,h00,2421630746348809573
p1,B,238,241,21,h00,2421630746348809573
p1,C,58,76,366,h00,2421630746348809573
p1,Non-ROH,500,0,0,h00,2421630746348809573
p2,A,500,0,0,h00,2421630746348809573
p2,B,407,93,0,h00,2421630746348809573
p2,C,43,80,377,h00,2421630746348809573
p2,Non-ROH,500,0,0,h00,2421630746348809573
p3,A,500,0,0,h00,2421630746348809573
p3,B,443,57,0,h00,2421630746348809573
p3,C,44,73,383,h00,2421630746348809573
p3,Non-ROH,500,0,0,h00,2421630746348809573
p1,A,500,0,0,h00,2423373918653785487
p1,B,237,249,14,h00,2423373918653785487
p1,C,64,57,379,h00,2423373918653785487
p1,Non-ROH,500,0,0,h00,2423373918653785487
p2,A,500,0,0,h00,2423373918653785487
p2,B,427,73,0,h00,2423373918653785487
p2,C,46,77,377,h00,2423373918653785487
p2,Non-ROH,500,0,0,h00,2423373918653785487
p3,A,500,0,0,h00,2423373918653785487
p3,B,473,27,0,h00,2423373918653785487
p3,C,38,119,343,h00,2423373918653785487
p3,Non-ROH,500,0,0,h00,2423373918653785487
p1,A,499,1,0,h00,24454192000205924
p1,B,235,248,17,h00,24454192000205924
p1,C,55,71,374,h00,24454192000205924
p1,Non-ROH,500,0,0,h00,24454192000205924
p2,A,500,0,0,h00,24454192000205924
p2,B,440,60,0,h00,24454192000205924
p2,C,40,140,320,h00,24454192000205924
p2,Non-ROH,500,0,0,h00,24454192000205924
p3,A,500,0,0,h00,24454192000205924
p3,B,450,50,0,h00,24454192000205924
p3,C,41,73,386,h00,24454192000205924
p3,Non-ROH,500,0,0,h00,24454192000205924
p1,A,500,0,0,h00,2447731323343121822
p1,B,224,265,11,h00,2447731323343121822
p1,C,60,59,381,h00,2447731323343121822
p1,Non-ROH,500,0,0,h00,2447731323343121822
p2,A,500,0,0,h00,2447731323343121822
p2,B,432,68,0,h00,2447731323343121822
p2,C,43,141,316,h00,2447731323343121822
p2,Non-ROH,500,0,0,h00,2447731323343121822
p3,A,500,0,0,h00,2447731323343121822
p3,B,451,49,0,h00,2447731323343121822
p3,C,37,75,388,h00,2447731323343121822
p3,Non-ROH,500,0,0,h00,2447731323343121822
p1,A,500,0,0,h00,2467830197506776770
p1,B,207,275,18,h00,2467830197506776770
p1,C,40,76,384,h00,2467830197506776770
p1,Non-ROH,500,0,0,h00,2467830197506776770
p2,A,500,0,0,h00,2467830197506776770
p2,B,399,101,0,h00,2467830197506776770
p2,C,41,88,371,h00,2467830197506776770
p2,Non-ROH,500,0,0,h00,2467830197506776770
p3,A,500,0,0,h00,2467830197506776770
p3,B,429,71,0,h00,2467830197506776770
p3,C,41,93,366,h00,2467830197506776770
p3,Non-ROH,500,0,0,h00,2467830197506776770
p1,A,499,1,0,h00,2474864708645148456
p1,B,234,252,14,h00,2474864708645148456
p1,C,68,56,376,h00,2474864708645148456
p1,Non-ROH,500,0,0,h00,2474864708645148456
p2,A,500,0,0,h00,2474864708645148456
p2,B,427,73,0,h00,2474864708645148456
p2,C,37,72,391,h00,2474864708645148456
p2,Non-ROH,500,0,0,h00,2474864708645148456
p3,A,500,0,0,h00,2474864708645148456
p3,B,448,52,0,h00,2474864708645148456
p3,C,47,113,340,h00,2474864708645148456
p3,Non-ROH,500,0,0,h00,2474864708645148456
p1,A,500,0,0,h00,2491469814547847332
p1,B,242,239,19,h00,2491469814547847332
p1,C,58,83,359,h00,2491469814547847332
p1,Non-ROH,500,0,0,h00,2491469814547847332
p2,A,500,0,0,h00,2491469814547847332
p2,B,430,70,0,h00,2491469814547847332
p2,C,43,69,388,h00,2491469814547847332
p2,Non-ROH,500,0,0,h00,2491469814547847332
p3,A,500,0,0,h00,2491469814547847332
p3,B,466,34,0,h00,2491469814547847332
p3,C,36,106,358,h00,2491469814547847332
p3,Non-ROH,500,0,0,h00,2491469814547847332
p1,A,500,0,0,h00,2500502901733353259
p1,B,244,236,20,h00,2500502901733353259
p1,C,58,68,374,h00,2500502901733353259
p1,Non-ROH,500,0,0,h00,2500502901733353259
p2,A,500,0,0,h00,2500502901733353259
p2,B,418,82,0,h00,2500502901733353259
p2,C,46,59,395,h00,2500502901733353259
p2,Non-ROH,500,0,0,h00,2500502901733353259
p3,A,500,0,0,h00,2500502901733353259
p3,B,445,55,0,h00,2500502901733353259
p3,C,36,85,379,h00,2500502901733353259
p3,Non-ROH,500,0,0,h00,2500502901733353259
p1,A,500,0,0,h00,2505890466052842857
p1,B,246,244,10,h00,2505890466052842857
p1,C,58,69,373,h00,2505890466052842857
p1,Non-ROH,500,0,0,h00,2505890466052842857
p2,A,500,0,0,h00,2505890466052842857
p2,B,429,71,0,h00,2505890466052842857
p2,C,54,132,314,h00,2505890466052842857
p2,Non-ROH,500,0,0,h00,2505890466052842857
p3,A,500,0,0,h00,2505890466052842857
p3,B,456,44,0,h00,2505890466052842857
p3,C,33,117,350,h00,2505890466052842857
p3,Non-ROH,500,0,0,h00,2505890466052842857
p1,A,498,2,0,h00,2531555882547941800
p1,B,242,239,19,h00,2531555882547941800
p1,C,74,41,385,h00,2531555882547941800
p1,Non-ROH,500,0,0,h00,2531555882547941800
p2,A,500,0,0,h00,2531555882547941800
p2,B,423,77,0,h00,2531555882547941800
p2,C,47,94,359,h00,2531555882547941800
p2,Non-ROH,500,0,0,h00,2531555882547941800
p3,A,500,0,0,h00,2531555882547941800
p3,B,476,24,0,h00,2531555882547941800
p3,C,91,38,371,h00,2531555882547941800
p3,Non-ROH,500,0,0,h00,2531555882547941800
p1,A,500,0,0,h00,2538182891345640416
p1,B,239,246,15,h00,2538182891345640416
p1,C,51,66,383,h00,2538182891345640416
p1,Non-ROH,500,0,0,h00,2538182891345640416
p2,A,500,0,0,h00,2538182891345640416
p2,B,422,78,0,h00,2538182891345640416
p2,C,33,135,332,h00,2538182891345640416
p2,Non-ROH,500,0,0,h00,2538182891345640416
p3,A,500,0,0,h00,2538182891345640416
p3,B,449,51,0,h00,2538182891345640416
p3,C,48,90,362,h00,2538182891345640416
p3,Non-ROH,500,0,0,h00,2538182891345640416
p1,A,500,0,0,h00,2553817847603666864
p1,B,220,263,17,h00,2553817847603666864
p1,C,59,52,389,h00,2553817847603666864
p1,Non-ROH,500,0,0,h00,2553817847603666864
p2,A,500,0,0,h00,2553817847603666864
p2,B,414,86,0,h00,2553817847603666864
p2,C,47,81,372,h00,2553817847603666864
p2,Non-ROH,500,0,0,h00,2553817847603666864
p3,A,500,0,0,h00,2553817847603666864
p3,B,459,41,0,h00,2553817847603666864
p3,C,44,75,381,h00,2553817847603666864
p3,Non-ROH,500,0,0,h00,2553817847603666864
p1,A,498,2,0,h00,2582636653590832573
p1,B,206,273,21,h00,2582636653590832573
p1,C,45,62,393,h00,2582636653590832573
p1,Non-ROH,500,0,0,h00,2582636653590832573
p2,A,500,0,0,h00,2582636653590832573
p2,B,413,87,0,h00,2582636653590832573
p2,C,34,129,337,h00,2582636653590832573
p2,Non-ROH,500,0,0,h00,2582636653590832573
p3,A,500,0,0,h00,2582636653590832573
p3,B,440,60,0,h00,2582636653590832573
p3,C,29,126,345,h00,2582636653590832573
p3,Non-ROH,500,0,0,h00,2582636653590832573
p1,A,499,1,0,h00,2592630812011419061
p1,B,245,240,15,h00,2592630812011419061
p1,C,64,69,367,h00,2592630812011419061
p1,Non-ROH,500,0,0,h00,2592630812011419061
p2,A,500,0,0,h00,2592630812011419061
p2,B,410,90,0,h00,2592630812011419061
p2,C,41,99,360,h00,2592630812011419061
p2,Non-ROH,500,0,0,h00,2592630812011419061
p3,A,500,0,0,h00,2592630812011419061
p3,B,440,60,0,h00,2592630812011419061
p3,C,52,102,346,h00,2592630812011419061
p3,Non-ROH,500,0,0,h00,2592630812011419061
p1,A,500,0,0,h00,2599256936468401537
p1,B,239,247,14,h00,2599256936468401537
p1,C,54,67,379,h00,2599256936468401537
p1,Non-ROH,500,0,0,h00,2599256936468401537
p2,A,500,0,0,h00,2599256936468401537
p2,B,421,79,0,h00,2599256936468401537
p2,C,30,92,378,h00,2599256936468401537
p2,Non-ROH,500,0,0,h00,2599256936468401537
p3,A,500,0,0,h00,2599256936468401537
p3,B,456,44,0,h00,2599256936468401537
p3,C,35,173,292,h00,2599256936468401537
p3,Non-ROH,500,0,0,h00,2599256936468401537
p1,A,499,1,0,h00,2603773830718323133
p1,B,252,232,16,h00,2603773830718323133
p1,C,59,89,352,h00,2603773830718323133
p1,Non-ROH,500,0,0,h00,2603773830718323133
p2,A,500,0,0,h00,2603773830718323133
p2,B,426,74,0,h00,2603773830718323133
p2,C,44,132,324,h00,2603773830718323133
p2,Non-ROH,500,0,0,h00,2603773830718323133
p3,A,500,0,0,h00,2603773830718323133
p3,B,468,32,0,h00,2603773830718323133
p3,C,43,117,340,h00,2603773830718323133
p3,Non-ROH,500,0,0,h00,2603773830718323133
p1,A,499,1,0,h00,2642088376575620987
p1,B,248,242,10,h00,2642088376575620987
p1,C,43,107,350,h00,2642088376575620987
p1,Non-ROH,500,0,0,h00,2642088376575620987
p2,A,500,0,0,h00,2642088376575620987
p2,B,384,116,0,h00,2642088376575620987
p2,C,45,88,367,h00,2642088376575620987
p2,Non-ROH,500,0,0,h00,2642088376575620987
p3,A,500,0,0,h00,2642088376575620987
p3,B,446,54,0,h00,2642088376575620987
p3,C,49,104,347,h00,2642088376575620987
p3,Non-ROH,500,0,0,h00,2642088376575620987
p1,A,500,0,0,h00,2653841568400124273
p1,B,245,243,12,h00,2653841568400124273
p1,C,78,41,381,h00,2653841568400124273
p1,Non-ROH,500,0,0,h00,2653841568400124273
p2,A,500,0,0,h00,2653841568400124273
p2,B,413,87,0,h00,2653841568400124273
p2,C,91,26,383,h00,2653841568400124273
p2,Non-ROH,500,0,0,h00,2653841568400124273
p3,A,500,0,0,h00,2653841568400124273
p3,B,477,23,0,h00,2653841568400124273
p3,C,103,43,354,h00,2653841568400124273
p3,Non-ROH,500,0,0,h00,2653841568400124273
p1,A,500,0,0,h00,2655859107521200994
p1,B,270,215,15,h00,2655859107521200994
p1,C,113,38,349,h00,2655859107521200994
p1,Non-ROH,500,0,0,h00,2655859107521200994
p2,A,500,0,0,h00,2655859107521200994
p2,B,443,57,0,h00,2655859107521200994
p2,C,75,62,363,h00,2655859107521200994
p2,Non-ROH,500,0,0,h00,2655859107521200994
p3,A,500,0,0,h00,2655859107521200994
p3,B,468,32,0,h00,2655859107521200994
p3,C,66,41,393,h00,2655859107521200994
p3,Non-ROH,500,0,0,h00,2655859107521200994
p1,A,500,0,0,h00,2664880680665600388
p1,B,223,260,17,h00,2664880680665600388
p1,C,51,71,378,h00,2664880680665600388
p1,Non-ROH,500,0,0,h00,2664880680665600388
p2,A,500,0,0,h00,2664880680665600388
p2,B,407,93,0,h00,2664880680665600388
p2,C,31,134,335,h00,2664880680665600388
p2,Non-ROH,500,0,0,h00,2664880680665600388
p3,A,500,0,0,h00,2664880680665600388
p3,B,469,31,0,h00,2664880680665600388
p3,C,36,140,324,h00,2664880680665600388
p3,Non-ROH,500,0,0,h00,2664880680665600388
p1,A,499,1,0,h00,2671706936193863748
p1,B,240,247,13,h00,2671706936193863748
p1,C,67,56,377,h00,2671706936193863748
p1,Non-ROH,500,0,0,h00,2671706936193863748
p2,A,500,0,0,h00,2671706936193863748
p2,B,413,87,0,h00,2671706936193863748
p2,C,79,104,317,h00,2671706936193863748
p2,Non-ROH,500,0,0,h00,2671706936193863748
p3,A,500,0,0,h00,2671706936193863748
p3,B,450,50,0,h00,2671706936193863748
p3,C,77,110,313,h00,2671706936193863748
p3,Non-ROH,500,0,0,h00,2671706936193863748
p1,A,500,0,0,h00,2691141080745763637
p1,B,223,264,13,h00,2691141080745763637
p1,C,58,89,353,h00,2691141080745763637
p1,Non-ROH,500,0,0,h00,2691141080745763637
p2,A,500,0,0,h00,2691141080745763637
p2,B,422,78,0,h00,2691141080745763637
p2,C,41,90,369,h00,2691141080745763637
p2,Non-ROH,500,0,0,h00,2691141080745763637
p3,A,500,0,0,h00,2691141080745763637
p3,B,460,40,0,h00,2691141080745763637
p3,C,38,76,386,h00,2691141080745763637
p3,Non-ROH,500,0,0,h00,2691141080745763637
p1,A,500,0,0,h00,270483754946125459
p1,B,241,228,31,h00,270483754946125459
p1,C,56,74,370,h00,270483754946125459
p1,Non-ROH,500,0,0,h00,270483754946125459
p2,A,500,0,0,h00,270483754946125459
p2,B,435,65,0,h00,270483754946125459
p2,C,40,100,360,h00,270483754946125459
p2,Non-ROH,500,0,0,h00,270483754946125459
p3,A,500,0,0,h00,270483754946125459
p3,B,459,41,0,h00,270483754946125459
p3,C,46,68,386,h00,270483754946125459
p3,Non-ROH,500,0,0,h00,270483754946125459
p1,A,500,0,0,h00,271591246254653605
p1,B,250,237,13,h00,271591246254653605
p1,C,102,39,359,h00,271591246254653605
p1,Non-ROH,500,0,0,h00,271591246254653605
p2,A,500,0,0,h00,271591246254653605
p2,B,436,63,1,h00,271591246254653605
p2,C,91,20,389,h00,271591246254653605
p2,Non-ROH,500,0,0,h00,271591246254653605
p3,A,500,0,0,h00,271591246254653605
p3,B,453,47,0,h00,271591246254653605
p3,C,129,39,332,h00,271591246254653605
p3,Non-ROH,500,0,0,h00,271591246254653605
p1,A,500,0,0,h00,2758864400102165616
p1,B,227,257,16,h00,2758864400102165616
p1,C,62,62,376,h00,2758864400102165616
p1,Non-ROH,500,0,0,h00,2758864400102165616
p2,A,500,0,0,h00,2758864400102165616
p2,B,394,106,0,h00,2758864400102165616
p2,C,33,90,377,h00,2758864400102165616
p2,Non-ROH,500,0,0,h00,2758864400102165616
p3,A,500,0,0,h00,2758864400102165616
p3,B,463,37,0,h00,2758864400102165616
p3,C,45,87,368,h00,2758864400102165616
p3,Non-ROH,500,0,0,h00,2758864400102165616
p1,A,498,2,0,h00,2779358138066508310
p1,B,248,243,9,h00,2779358138066508310
p1,C,61,76,363,h00,2779358138066508310
p1,Non-ROH,500,0,0,h00,2779358138066508310
p2,A,500,0,0,h00,2779358138066508310
p2,B,427,73,0,h00,2779358138066508310
p2,C,49,104,347,h00,2779358138066508310
p2,Non-ROH,500,0,0,h00,2779358138066508310
p3,A,500,0,0,h00,2779358138066508310
p3,B,460,40,0,h00,2779358138066508310
p3,C,40,123,337,h00,2779358138066508310
p3,Non-ROH,500,0,0,h00,2779358138066508310
p1,A,500,0,0,h00,2783379615822094480
p1,B,244,243,13,h00,2783379615822094480
p1,C,58,83,359,h00,2783379615822094480
p1,Non-ROH,500,0,0,h00,2783379615822094480
p2,A,500,0,0,h00,2783379615822094480
p2,B,442,58,0,h00,2783379615822094480
p2,C,32,125,343,h00,2783379615822094480
p2,Non-ROH,500,0,0,h00,2783379615822094480
p3,A,500,0,0,h00,2783379615822094480
p3,B,441,59,0,h00,2783379615822094480
p3,C,33,95,372,h00,2783379615822094480
p3,Non-ROH,500,0,0,h00,2783379615822094480
p1,A,500,0,0,h00,2787227107786957027
p1,B,242,244,14,h00,2787227107786957027
p1,C,66,66,368,h00,2787227107786957027
p1,Non-ROH,500,0,0,h00,2787227107786957027
p2,A,500,0,0,h00,2787227107786957027
p2,B,402,98,0,h00,2787227107786957027
p2,C,46,90,364,h00,2787227107786957027
p2,Non-ROH,500,0,0,h00,2787227107786957027
p3,A,500,0,0,h00,2787227107786957027
p3,B,453,47,0,h00,2787227107786957027
p3,C,35,90,375,h00,2787227107786957027
p3,Non-ROH,500,0,0,h00,2787227107786957027
p1,A,499,1,0,h00,2795609852195796678
p1,B,261,229,10,h00,2795609852195796678
p1,C,68,58,374,h00,2795609852195796678
p1,Non-ROH,500,0,0,h00,2795609852195796678
p2,A,500,0,0,h00,2795609852195796678
p2,B,406,94,0,h00,2795609852195796678
p2,C,71,64,365,h00,2795609852195796678
p2,Non-ROH,500,0,0,h00,2795609852195796678
p3,A,500,0,0,h00,2795609852195796678
p3,B,443,57,0,h00,2795609852195796678
p3,C,56,69,375,h00,2795609852195796678
p3,Non-ROH,500,0,0,h00,2795609852195796678
p1,A,500,0,0,h00,2808630523817454920
p1,B,220,258,22,h00,2808630523817454920
p1,C,54,58,388,h00,2808630523817454920
p1,Non-ROH,500,0,0,h00,2808630523817454920
p2,A,500,0,0,h00,2808630523817454920
p2,B,411,89,0,h00,2808630523817454920
p2,C,57,83,360,h00,2808630523817454920
p2,Non-ROH,500,0,0,h00,2808630523817454920
p3,A,500,0,0,h00,2808630523817454920
p3,B,472,28,0,h00,2808630523817454920
p3,C,77,86,337,h00,2808630523817454920
p3,Non-ROH,500,0,0,h00,2808630523817454920
p1,A,499,1,0,h00,281200035054616547
p1,B,249,236,15,h00,281200035054616547
p1,C,73,56,371,h00,281200035054616547
p1,Non-ROH,500,0,0,h00,281200035054616547
p2,A,500,0,0,h00,281200035054616547
p2,B,431,69,0,h00,281200035054616547
p2,C,34,57,409,h00,281200035054616547
p2,Non-ROH,500,0,0,h00,281200035054616547
p3,A,500,0,0,h00,281200035054616547
p3,B,459,41,0,h00,281200035054616547
p3,C,38,68,394,h00,281200035054616547
p3,Non-ROH,500,0,0,h00,281200035054616547
p1,A,500,0,0,h00,2822220745379781803
p1,B,226,262,12,h00,2822220745379781803
p1,C,46,68,386,h00,2822220745379781803
p1,Non-ROH,500,0,0,h00,2822220745379781803
p2,A,500,0,0,h00,2822220745379781803
p2,B,364,136,0,h00,2822220745379781803
p2,C,29,88,383,h00,2822220745379781803
p2,Non-ROH,500,0,0,h00,2822220745379781803
p3,A,500,0,0,h00,2822220745379781803
p3,B,445,55,0,h00,2822220745379781803
p3,C,44,155,301,h00,2822220745379781803
p3,Non-ROH,500,0,0,h00,2822220745379781803
p1,A,500,0,0,h00,2848035134851388027
p1,B,213,273,14,h00,2848035134851388027
p1,C,57,61,382,h00,2848035134851388027
p1,Non-ROH,500,0,0,h00,2848035134851388027
p2,A,500,0,0,h00,2848035134851388027
p2,B,407,93,0,h00,2848035134851388027
p2,C,36,121,343,h00,2848035134851388027
p2,Non-ROH,500,0,0,h00,2848035134851388027
p3,A,500,0,0,h00,2848035134851388027
p3,B,459,41,0,h00,2848035134851388027
p3,C,51,98,351,h00,2848035134851388027
p3,Non-ROH,500,0,0,h00,2848035134851388027
p1,A,500,0,0,h00,2852581805686108790
p1,B,199,284,17,h00,2852581805686108790
p1,C,51,83,366,h00,2852581805686108790
p1,Non-ROH,500,0,0,h00,2852581805686108790
p2,A,500,0,0,h00,2852581805686108790
p2,B,429,71,0,h00,2852581805686108790
p2,C,34,78,388,h00,2852581805686108790
p2,Non-ROH,500,0,0,h00,2852581805686108790
p3,A,500,0,0,h00,2852581805686108790
p3,B,456,44,0,h00,2852581805686108790
p3,C,41,103,356,h00,2852581805686108790
p3,Non-ROH,500,0,0,h00,2852581805686108790
p1,A,500,0,0,h00,2858835733309443672
p1,B,296,187,17,h00,2858835733309443672
p1,C,66,66,368,h00,2858835733309443672
p1,Non-ROH,500,0,0,h00,2858835733309443672
p2,A,500,0,0,h00,2858835733309443672
p2,B,447,53,0,h00,2858835733309443672
p2,C,41,78,381,h00,2858835733309443672
p2,Non-ROH,500,0,0,h00,2858835733309443672
p3,A,500,0,0,h00,2858835733309443672
p3,B,476,24,0,h00,2858835733309443672
p3,C,34,108,358,h00,2858835733309443672
p3,Non-ROH,500,0,0,h00,2858835733309443672
p1,A,499,1,0,h00,2865146821799033060
p1,B,243,238,19,h00,2865146821799033060
p1,C,43,54,403,h00,2865146821799033060
p1,Non-ROH,500,0,0,h00,2865146821799033060
p2,A,500,0,0,h00,2865146821799033060
p2,B,417,83,0,h00,2865146821799033060
p2,C,41,94,365,h00,2865146821799033060
p2,Non-ROH,500,0,0,h00,2865146821799033060
p3,A,500,0,0,h00,2865146821799033060
p3,B,451,49,0,h00,2865146821799033060
p3,C,31,151,318,h00,2865146821799033060
p3,Non-ROH,500,0,0,h00,2865146821799033060
p1,A,499,1,0,h00,2878077817887578999
p1,B,221,266,13,h00,2878077817887578999
p1,C,57,56,387,h00,2878077817887578999
p1,Non-ROH,500,0,0,h00,2878077817887578999
p2,A,500,0,0,h00,2878077817887578999
p2,B,408,92,0,h00,2878077817887578999
p2,C,32,154,314,h00,2878077817887578999
p2,Non-ROH,500,0,0,h00,2878077817887578999
p3,A,500,0,0,h00,2878077817887578999
p3,B,445,55,0,h00,2878077817887578999
p3,C,36,88,376,h00,2878077817887578999
p3,Non-ROH,500,0,0,h00,2878077817887578999
p1,A,500,0,0,h00,2886220092989791333
p1,B,233,253,14,h00,2886220092989791333
p1,C,60,62,378,h00,2886220092989791333
p1,Non-ROH,500,0,0,h00,2886220092989791333
p2,A,500,0,0,h00,2886220092989791333
p2,B,392,108,0,h00,2886220092989791333
p2,C,34,73,393,h00,2886220092989791333
p2,Non-ROH,500,0,0,h00,2886220092989791333
p3,A,500,0,0,h00,2886220092989791333
p3,B,456,44,0,h00,2886220092989791333
p3,C,47,75,378,h00,2886220092989791333
p3,Non-ROH,500,0,0,h00,2886220092989791333
p1,A,497,3,0,h00,2888126316012786146
p1,B,233,242,25,h00,2888126316012786146
p1,C,55,62,383,h00,2888126316012786146
p1,Non-ROH,500,0,0,h00,2888126316012786146
p2,A,500,0,0,h00,2888126316012786146
p2,B,438,62,0,h00,2888126316012786146
p2,C,37,124,339,h00,2888126316012786146
p2,Non-ROH,500,0,0,h00,2888126316012786146
p3,A,500,0,0,h00,2888126316012786146
p3,B,465,35,0,h00,2888126316012786146
p3,C,46,101,353,h00,2888126316012786146
p3,Non-ROH,500,0,0,h00,2888126316012786146
p1,A,500,0,0,h00,2921426540513185172
p1,B,244,234,22,h00,2921426540513185172
p1,C,63,58,379,h00,2921426540513185172
p1,Non-ROH,500,0,0,h00,2921426540513185172
p2,A,500,0,0,h00,2921426540513185172
p2,B,434,66,0,h00,2921426540513185172
p2,C,49,73,378,h00,2921426540513185172
p2,Non-ROH,500,0,0,h00,2921426540513185172
p3,A,500,0,0,h00,2921426540513185172
p3,B,451,49,0,h00,2921426540513185172
p3,C,37,69,394,h00,2921426540513185172
p3,Non-ROH,500,0,0,h00,2921426540513185172
p1,A,496,4,0,h00,2921933502032537214
p1,B,248,237,15,h00,2921933502032537214
p1,C,64,73,363,h00,2921933502032537214
p1,Non-ROH,500,0,0,h00,2921933502032537214
p2,A,500,0,0,h00,2921933502032537214
p2,B,432,68,0,h00,2921933502032537214
p2,C,53,69,378,h00,2921933502032537214
p2,Non-ROH,500,0,0,h00,2921933502032537214
p3,A,500,0,0,h00,2921933502032537214
p3,B,454,46,0,h00,2921933502032537214
p3,C,36,113,351,h00,2921933502032537214
p3,Non-ROH,500,0,0,h00,2921933502032537214
p1,A,500,0,0,h00,2923606406820336693
p1,B,220,269,11,h00,2923606406820336693
p1,C,49,100,351,h00,2923606406820336693
p1,Non-ROH,500,0,0,h00,2923606406820336693
p2,A,500,0,0,h00,2923606406820336693
p2,B,376,124,0,h00,2923606406820336693
p2,C,40,93,367,h00,2923606406820336693
p2,Non-ROH,500,0,0,h00,2923606406820336693
p3,A,500,0,0,h00,2923606406820336693
p3,B,432,68,0,h00,2923606406820336693
p3,C,39,124,337,h00,2923606406820336693
p3,Non-ROH,500,0,0,h00,2923606406820336693
p1,A,500,0,0,h00,2966237868303496626
p1,B,233,253,14,h00,2966237868303496626
p1,C,57,67,376,h00,2966237868303496626
p1,Non-ROH,500,0,0,h00,2966237868303496626
p2,A,500,0,0,h00,2966237868303496626
p2,B,392,108,0,h00,2966237868303496626
p2,C,36,99,365,h00,2966237868303496626
p2,Non-ROH,500,0,0,h00,2966237868303496626
p3,A,500,0,0,h00,2966237868303496626
p3,B,455,45,0,h00,2966237868303496626
p3,C,45,163,292,h00,2966237868303496626
p3,Non-ROH,500,0,0,h00,2966237868303496626
p1,A,499,1,0,h00,2976638450342219709
p1,B,212,276,12,h00,2976638450342219709
p1,C,56,59,385,h00,2976638450342219709
p1,Non-ROH,500,0,0,h00,2976638450342219709
p2,A,500,0,0,h00,2976638450342219709
p2,B,373,127,0,h00,2976638450342219709
p2,C,37,157,306,h00,2976638450342219709
p2,Non-ROH,500,0,0,h00,2976638450342219709
p3,A,500,0,0,h00,2976638450342219709
p3,B,432,68,0,h00,2976638450342219709
p3,C,30,83,387,h00,2976638450342219709
p3,Non-ROH,500,0,0,h00,2976638450342219709
p1,A,500,0,0,h00,3005586598917918993
p1,B,293,189,18,h00,3005586598917918993
p1,C,57,75,368,h00,3005586598917918993
p1,Non-ROH,500,0,0,h00,3005586598917918993
p2,A,500,0,0,h00,3005586598917918993
p2,B,442,58,0,h00,3005586598917918993
p2,C,54,89,357,h00,3005586598917918993
p2,Non-ROH,500,0,0,h00,3005586598917918993
p3,A,500,0,0,h00,3005586598917918993
p3,B,461,39,0,h00,3005586598917918993
p3,C,36,179,285,h00,3005586598917918993
p3,Non-ROH,500,0,0,h00,3005586598917918993
p1,A,497,3,0,h00,3010344131163025760
p1,B,258,222,20,h00,3010344131163025760
p1,C,52,55,393,h00,3010344131163025760
p1,Non-ROH,500,0,0,h00,3010344131163025760
p2,A,500,0,0,h00,3010344131163025760
p2,B,404,96,0,h00,3010344131163025760
p2,C,42,120,338,h00,3010344131163025760
p2,Non-ROH,500,0,0,h00,3010344131163025760
p3,A,500,0,0,h00,3010344131163025760
p3,B,467,33,0,h00,3010344131163025760
p3,C,41,183,276,h00,3010344131163025760
p3,Non-ROH,500,0,0,h00,3010344131163025760
p1,A,500,0,0,h00,3010793565915229609
p1,B,251,235,14,h00,3010793565915229609
p1,C,64,77,359,h00,3010793565915229609
p1,Non-ROH,500,0,0,h00,3010793565915229609
p2,A,500,0,0,h00,3010793565915229609
p2,B,429,71,0,h00,3010793565915229609
p2,C,43,67,390,h00,3010793565915229609
p2,Non-ROH,500,0,0,h00,3010793565915229609
p3,A,500,0,0,h00,3010793565915229609
p3,B,478,22,0,h00,3010793565915229609
p3,C,43,104,353,h00,3010793565915229609
p3,Non-ROH,500,0,0,h00,3010793565915229609
p1,A,500,0,0,h00,3014509334178662496
p1,B,273,218,9,h00,3014509334178662496
p1,C,46,64,390,h00,3014509334178662496
p1,Non-ROH,500,0,0,h00,3014509334178662496
p2,A,500,0,0,h00,3014509334178662496
p2,B,421,79,0,h00,3014509334178662496
p2,C,37,124,339,h00,3014509334178662496
p2,Non-ROH,500,0,0,h00,3014509334178662496
p3,A,500,0,0,h00,3014509334178662496
p3,B,464,36,0,h00,3014509334178662496
p3,C,60,74,366,h00,3014509334178662496
p3,Non-ROH,500,0,0,h00,3014509334178662496
p1,A,500,0,0,h00,3033343945241183067
p1,B,241,245,14,h00,3033343945241183067
p1,C,65,55,380,h00,3033343945241183067
p1,Non-ROH,500,0,0,h00,3033343945241183067
p2,A,500,0,0,h00,3033343945241183067
p2,B,420,80,0,h00,3033343945241183067
p2,C,94,61,345,h00,3033343945241183067
p2,Non-ROH,500,0,0,h00,3033343945241183067
p3,A,500,0,0,h00,3033343945241183067
p3,B,464,35,1,h00,3033343945241183067
p3,C,102,99,299,h00,3033343945241183067
p3,Non-ROH,500,0,0,h00,3033343945241183067
p1,A,500,0,0,h00,3038989552798495505
p1,B,268,219,13,h00,3038989552798495505
p1,C,79,43,378,h00,3038989552798495505
p1,Non-ROH,500,0,0,h00,3038989552798495505
p2,A,500,0,0,h00,3038989552798495505
p2,B,443,57,0,h00,3038989552798495505
p2,C,127,95,278,h00,3038989552798495505
p2,Non-ROH,500,0,0,h00,3038989552798495505
p3,A,500,0,0,h00,3038989552798495505
p3,B,456,44,0,h00,3038989552798495505
p3,C,71,58,371,h00,3038989552798495505
p3,Non-ROH,500,0,0,h00,3038989552798495505
p1,A,499,0,1,h00,3061773785222534487
p1,B,230,247,23,h00,3061773785222534487
p1,C,53,84,363,h00,3061773785222534487
p1,Non-ROH,499,0,0,h00,3061773785222534487
p2,A,500,0,0,h00,3061773785222534487
p2,B,418,82,0,h00,3061773785222534487
p2,C,41,113,346,h00,3061773785222534487
p2,Non-ROH,500,0,0,h00,3061773785222534487
p3,A,500,0,0,h00,3061773785222534487
p3,B,448,52,0,h00,3061773785222534487
p3,C,39,150,311,h00,3061773785222534487
p3,Non-ROH,500,0,0,h00,3061773785222534487
p1,A,499,1,0,h00,3080181151794706567
p1,B,273,214,13,h00,3080181151794706567
p1,C,52,71,377,h00,3080181151794706567
p1,Non-ROH,500,0,0,h00,3080181151794706567
p2,A,500,0,0,h00,3080181151794706567
p2,B,442,58,0,h00,3080181151794706567
p2,C,47,160,293,h00,3080181151794706567
p2,Non-ROH,500,0,0,h00,3080181151794706567
p3,A,500,0,0,h00,3080181151794706567
p3,B,463,37,0,h00,3080181151794706567
p3,C,41,90,369,h00,3080181151794706567
p3,Non-ROH,500,0,0,h00,3080181151794706567
p1,A,500,0,0,h00,312131574232549325
p1,B,254,234,12,h00,312131574232549325
p1,C,67,70,363,h00,312131574232549325
p1,Non-ROH,500,0,0,h00,312131574232549325
p2,A,500,0,0,h00,312131574232549325
p2,B,417,83,0,h00,312131574232549325
p2,C,33,94,373,h00,312131574232549325
p2,Non-ROH,500,0,0,h00,312131574232549325
p3,A,500,0,0,h00,312131574232549325
p3,B,459,41,0,h00,312131574232549325
p3,C,36,74,390,h00,312131574232549325
p3,Non-ROH,500,0,0,h00,312131574232549325
p1,A,500,0,0,h00,3129014550563080706
p1,B,189,288,23,h00,3129014550563080706
p1,C,55,78,367,h00,3129014550563080706
p1,Non-ROH,500,0,0,h00,3129014550563080706
p2,A,500,0,0,h00,3129014550563080706
p2,B,399,101,0,h00,3129014550563080706
p2,C,47,114,339,h00,3129014550563080706
p2,Non-ROH,500,0,0,h00,3129014550563080706
p3,A,500,0,0,h00,3129014550563080706
p3,B,437,63,0,h00,3129014550563080706
p3,C,49,118,333,h00,3129014550563080706
p3,Non-ROH,500,0,0,h00,3129014550563080706
p1,A,500,0,0,h00,3136481499597392437
p1,B,270,216,14,h00,3136481499597392437
p1,C,91,42,367,h00,3136481499597392437
p1,Non-ROH,500,0,0,h00,3136481499597392437
p2,A,500,0,0,h00,3136481499597392437
p2,B,413,87,0,h00,3136481499597392437
p2,C,96,37,367,h00,3136481499597392437
p2,Non-ROH,500,0,0,h00,3136481499597392437
p3,A,500,0,0,h00,3136481499597392437
p3,B,472,28,0,h00,3136481499597392437
p3,C,133,31,336,h00,3136481499597392437
p3,Non-ROH,500,0,0,h00,3136481499597392437
p1,A,500,0,0,h00,3142169725982065825
p1,B,241,246,13,h00,3142169725982065825
p1,C,84,49,367,h00,3142169725982065825
p1,Non-ROH,500,0,0,h00,3142169725982065825
p2,A,500,0,0,h00,3142169725982065825
p2,B,440,60,0,h00,3142169725982065825
p2,C,86,48,366,h00,3142169725982065825
p2,Non-ROH,500,0,0,h00,3142169725982065825
p3,A,500,0,0,h00,3142169725982065825
p3,B,460,40,0,h00,3142169725982065825
p3,C,79,42,379,h00,3142169725982065825
p3,Non-ROH,500,0,0,h00,3142169725982065825
p1,A,500,0,0,h00,3144181731382867048
p1,B,242,243,15,h00,3144181731382867048
p1,C,54,70,376,h00,3144181731382867048
p1,Non-ROH,500,0,0,h00,3144181731382867048
p2,A,500,0,0,h00,3144181731382867048
p2,B,403,97,0,h00,3144181731382867048
p2,C,43,119,338,h00,3144181731382867048
p2,Non-ROH,500,0,0,h00,3144181731382867048
p3,A,500,0,0,h00,3144181731382867048
p3,B,455,45,0,h00,3144181731382867048
p3,C,36,270,194,h00,3144181731382867048
p3,Non-ROH,500,0,0,h00,3144181731382867048
p1,A,498,2,0,h00,3149234040662007951
p1,B,271,219,10,h00,3149234040662007951
p1,C,62,60,378,h00,3149234040662007951
p1,Non-ROH,500,0,0,h00,3149234040662007951
p2,A,500,0,0,h00,3149234040662007951
p2,B,456,44,0,h00,3149234040662007951
p2,C,36,98,366,h00,3149234040662007951
p2,Non-ROH,500,0,0,h00,3149234040662007951
p3,A,500,0,0,h00,3149234040662007951
p3,B,457,43,0,h00,3149234040662007951
p3,C,36,117,347,h00,3149234040662007951
p3,Non-ROH,500,0,0,h00,3149234040662007951
p1,A,500,0,0,h00,316097434901446919
p1,B,242,241,17,h00,316097434901446919
p1,C,63,91,346,h00,316097434901446919
p1,Non-ROH,500,0,0,h00,316097434901446919
p2,A,500,0,0,h00,316097434901446919
p2,B,433,67,0,h00,316097434901446919
p2,C,44,102,354,h00,316097434901446919
p2,Non-ROH,500,0,0,h00,316097434901446919
p3,A,500,0,0,h00,316097434901446919
p3,B,450,50,0,h00,316097434901446919
p3,C,42,86,372,h00,316097434901446919
p3,Non-ROH,500,0,0,h00,316097434901446919
p1,A,499,1,0,h00,3179534011170499778
p1,B,237,248,15,h00,3179534011170499778
p1,C,58,78,364,h00,3179534011170499778
p1,Non-ROH,500,0,0,h00,3179534011170499778
p2,A,500,0,0,h00,3179534011170499778
p2,B,404,96,0,h00,3179534011170499778
p2,C,44,77,379,h00,3179534011170499778
p2,Non-ROH,500,0,0,h00,3179534011170499778
p3,A,500,0,0,h00,3179534011170499778
p3,B,451,49,0,h00,3179534011170499778
p3,C,55,67,378,h00,3179534011170499778
p3,Non-ROH,500,0,0,h00,3179534011170499778
p1,A,500,0,0,h00,3201694301304624298
p1,B,253,230,17,h00,3201694301304624298
p1,C,66,67,367,h00,3201694301304624298
p1,Non-ROH,500,0,0,h00,3201694301304624298
p2,A,500,0,0,h00,3201694301304624298
p2,B,422,78,0,h00,3201694301304624298
p2,C,46,92,362,h00,3201694301304624298
p2,Non-ROH,500,0,0,h00,3201694301304624298
p3,A,500,0,0,h00,3201694301304624298
p3,B,467,33,0,h00,3201694301304624298
p3,C,47,56,397,h00,3201694301304624298
p3,Non-ROH,500,0,0,h00,3201694301304624298
p1,A,500,0,0,h00,3261894297314430348
p1,B,192,295,13,h00,3261894297314430348
p1,C,48,79,373,h00,3261894297314430348
p1,Non-ROH,500,0,0,h00,3261894297314430348
p2,A,500,0,0,h00,3261894297314430348
p2,B,404,96,0,h00,3261894297314430348
p2,C,38,85,377,h00,3261894297314430348
p2,Non-ROH,500,0,0,h00,3261894297314430348
p3,A,500,0,0,h00,3261894297314430348
p3,B,444,56,0,h00,3261894297314430348
p3,C,30,98,372,h00,3261894297314430348
p3,Non-ROH,500,0,0,h00,3261894297314430348
p1,A,499,1,0,h00,3283206090760178577
p1,B,251,241,8,h00,3283206090760178577
p1,C,64,78,358,h00,3283206090760178577
p1,Non-ROH,500,0,0,h00,3283206090760178577
p2,A,500,0,0,h00,3283206090760178577
p2,B,416,84,0,h00,3283206090760178577
p2,C,35,76,389,h00,3283206090760178577
p2,Non-ROH,500,0,0,h00,3283206090760178577
p3,A,500,0,0,h00,3283206090760178577
p3,B,472,28,0,h00,3283206090760178577
p3,C,34,88,378,h00,3283206090760178577
p3,Non-ROH,500,0,0,h00,3283206090760178577
p1,A,500,0,0,h00,3289373367234797345
p1,B,253,232,15,h00,3289373367234797345
p1,C,60,64,376,h00,3289373367234797345
p1,Non-ROH,500,0,0,h00,3289373367234797345
p2,A,500,0,0,h00,3289373367234797345
p2,B,433,67,0,h00,3289373367234797345
p2,C,52,56,392,h00,3289373367234797345
p2,Non-ROH,500,0,0,h00,3289373367234797345
p3,A,500,0,0,h00,3289373367234797345
p3,B,449,51,0,h00,3289373367234797345
p3,C,47,52,401,h00,3289373367234797345
p3,Non-ROH,500,0,0,h00,3289373367234797345
p1,A,500,0,0,h00,3289727879080075424
p1,B,272,206,22,h00,3289727879080075424
p1,C,62,49,389,h00,3289727879080075424
p1,Non-ROH,500,0,0,h00,3289727879080075424
p2,A,500,0,0,h00,3289727879080075424
p2,B,435,65,0,h00,3289727879080075424
p2,C,48,61,391,h00,3289727879080075424
p2,Non-ROH,500,0,0,h00,3289727879080075424
p3,A,500,0,0,h00,3289727879080075424
p3,B,465,35,0,h00,3289727879080075424
p3,C,53,157,290,h00,3289727879080075424
p3,Non-ROH,500,0,0,h00,3289727879080075424
p1,A,500,0,0,h00,3307827960955054846
p1,B,215,272,13,h00,3307827960955054846
p1,C,60,95,345,h00,3307827960955054846
p1,Non-ROH,500,0,0,h00,3307827960955054846
p2,A,500,0,0,h00,3307827960955054846
p2,B,423,77,0,h00,3307827960955054846
p2,C,80,47,373,h00,3307827960955054846
p2,Non-ROH,500,0,0,h00,3307827960955054846
p3,A,500,0,0,h00,3307827960955054846
p3,B,453,47,0,h00,3307827960955054846
p3,C,89,88,323,h00,3307827960955054846
p3,Non-ROH,500,0,0,h00,3307827960955054846
p1,A,499,1,0,h00,3316206051838487293
p1,B,229,258,13,h00,3316206051838487293
p1,C,51,98,351,h00,3316206051838487293
p1,Non-ROH,500,0,0,h00,3316206051838487293
p2,A,500,0,0,h00,3316206051838487293
p2,B,394,106,0,h00,3316206051838487293
p2,C,34,147,319,h00,3316206051838487293
p2,Non-ROH,500,0,0,h00,3316206051838487293
p3,A,500,0,0,h00,3316206051838487293
p3,B,456,44,0,h00,3316206051838487293
p3,C,34,156,310,h00,3316206051838487293
p3,Non-ROH,500,0,0,h00,3316206051838487293
p1,A,498,2,0,h00,3388953417953374402
p1,B,216,261,23,h00,3388953417953374402
p1,C,49,59,392,h00,3388953417953374402
p1,Non-ROH,500,0,0,h00,3388953417953374402
p2,A,500,0,0,h00,3388953417953374402
p2,B,416,84,0,h00,3388953417953374402
p2,C,53,107,340,h00,3388953417953374402
p2,Non-ROH,500,0,0,h00,3388953417953374402
p3,A,500,0,0,h00,3388953417953374402
p3,B,464,36,0,h00,3388953417953374402
p3,C,55,75,370,h00,3388953417953374402
p3,Non-ROH,500,0,0,h00,3388953417953374402
p1,A,498,2,0,h00,3420833918723844240
p1,B,243,244,13,h00,3420833918723844240
p1,C,50,85,365,h00,3420833918723844240
p1,Non-ROH,500,0,0,h00,3420833918723844240
p2,A,500,0,0,h00,3420833918723844240
p2,B,427,73,0,h00,3420833918723844240
p2,C,46,94,360,h00,3420833918723844240
p2,Non-ROH,500,0,0,h00,3420833918723844240
p3,A,500,0,0,h00,3420833918723844240
p3,B,448,52,0,h00,3420833918723844240
p3,C,50,92,358,h00,3420833918723844240
p3,Non-ROH,500,0,0,h00,3420833918723844240
p1,A,497,3,0,h00,3423478990075565859
p1,B,206,281,13,h00,3423478990075565859
p1,C,43,78,379,h00,3423478990075565859
p1,Non-ROH,500,0,0,h00,3423478990075565859
p2,A,500,0,0,h00,3423478990075565859
p2,B,373,127,0,h00,3423478990075565859
p2,C,44,100,356,h00,3423478990075565859
p2,Non-ROH,500,0,0,h00,3423478990075565859
p3,A,500,0,0,h00,3423478990075565859
p3,B,451,49,0,h00,3423478990075565859
p3,C,34,141,325,h00,3423478990075565859
p3,Non-ROH,500,0,0,h00,3423478990075565859
p1,A,496,4,0,h00,3432467835900654966
p1,B,218,268,14,h00,3432467835900654966
p1,C,52,77,371,h00,3432467835900654966
p1,Non-ROH,500,0,0,h00,3432467835900654966
p2,A,500,0,0,h00,3432467835900654966
p2,B,359,140,1,h00,3432467835900654966
p2,C,34,174,292,h00,3432467835900654966
p2,Non-ROH,500,0,0,h00,3432467835900654966
p3,A,500,0,0,h00,3432467835900654966
p3,B,442,58,0,h00,3432467835900654966
p3,C,31,90,379,h00,3432467835900654966
p3,Non-ROH,500,0,0,h00,3432467835900654966
p1,A,500,0,0,h00,3439266075144882593
p1,B,247,236,17,h00,3439266075144882593
p1,C,55,60,385,h00,3439266075144882593
p1,Non-ROH,500,0,0,h00,3439266075144882593
p2,A,500,0,0,h00,3439266075144882593
p2,B,427,73,0,h00,3439266075144882593
p2,C,40,121,339,h00,3439266075144882593
p2,Non-ROH,500,0,0,h00,3439266075144882593
p3,A,500,0,0,h00,3439266075144882593
p3,B,459,41,0,h00,3439266075144882593
p3,C,41,93,366,h00,3439266075144882593
p3,Non-ROH,500,0,0,h00,3439266075144882593
p1,A,500,0,0,h00,3453325846810690203
p1,B,258,235,7,h00,3453325846810690203
p1,C,100,41,359,h00,3453325846810690203
p1,Non-ROH,500,0,0,h00,3453325846810690203
p2,A,500,0,0,h00,3453325846810690203
p2,B,397,103,0,h00,3453325846810690203
p2,C,83,37,380,h00,3453325846810690203
p2,Non-ROH,500,0,0,h00,3453325846810690203
p3,A,500,0,0,h00,3453325846810690203
p3,B,462,38,0,h00,3453325846810690203
p3,C,96,36,368,h00,3453325846810690203
p3,Non-ROH,500,0,0,h00,3453325846810690203
p1,A,500,0,0,h00,3471541157276798424
p1,B,257,227,16,h00,3471541157276798424
p1,C,62,53,385,h00,3471541157276798424
p1,Non-ROH,500,0,0,h00,3471541157276798424
p2,A,500,0,0,h00,3471541157276798424
p2,B,413,87,0,h00,3471541157276798424
p2,C,46,80,374,h00,3471541157276798424
p2,Non-ROH,500,0,0,h00,3471541157276798424
p3,A,500,0,0,h00,3471541157276798424
p3,B,456,44,0,h00,3471541157276798424
p3,C,42,85,373,h00,3471541157276798424
p3,Non-ROH,500,0,0,h00,3471541157276798424
p1,A,498,2,0,h00,3483597259819132404
p1,B,251,228,21,h00,3483597259819132404
p1,C,84,66,350,h00,3483597259819132404
p1,Non-ROH,500,0,0,h00,3483597259819132404
p2,A,500,0,0,h00,3483597259819132404
p2,B,392,108,0,h00,3483597259819132404
p2,C,101,75,324,h00,3483597259819132404
p2,Non-ROH,500,0,0,h00,3483597259819132404
p3,A,500,0,0,h00,3483597259819132404
p3,B,454,46,0,h00,3483597259819132404
p3,C,58,95,347,h00,3483597259819132404
p3,Non-ROH,500,0,0,h00,3483597259819132404
p1,A,499,1,0,h00,3602606635223752655
p1,B,229,260,11,h00,3602606635223752655
p1,C,47,85,368,h00,3602606635223752655
p1,Non-ROH,500,0,0,h00,3602606635223752655
p2,A,500,0,0,h00,3602606635223752655
p2,B,394,106,0,h00,3602606635223752655
p2,C,42,75,383,h00,3602606635223752655
p2,Non-ROH,500,0,0,h00,3602606635223752655
p3,A,500,0,0,h00,3602606635223752655
p3,B,433,67,0,h00,3602606635223752655
p3,C,33,94,373,h00,3602606635223752655
p3,Non-ROH,500,0,0,h00,3602606635223752655
p1,A,500,0,0,h00,3620378368543051960
p1,B,271,206,23,h00,3620378368543051960
p1,C,60,73,367,h00,3620378368543051960
p1,Non-ROH,500,0,0,h00,3620378368543051960
p2,A,500,0,0,h00,3620378368543051960
p2,B,416,84,0,h00,3620378368543051960
p2,C,50,120,330,h00,3620378368543051960
p2,Non-ROH,500,0,0,h00,3620378368543051960
p3,A,500,0,0,h00,3620378368543051960
p3,B,468,32,0,h00,3620378368543051960
p3,C,55,97,348,h00,3620378368543051960
p3,Non-ROH,500,0,0,h00,3620378368543051960
p1,A,499,1,0,h00,3646809819555529717
p1,B,264,219,17,h00,3646809819555529717
p1,C,60,69,371,h00,3646809819555529717
p1,Non-ROH,500,0,0,h00,3646809819555529717
p2,A,500,0,0,h00,3646809819555529717
p2,B,455,45,0,h00,3646809819555529717
p2,C,40,125,335,h00,3646809819555529717
p2,Non-ROH,500,0,0,h00,3646809819555529717
p3,A,500,0,0,h00,3646809819555529717
p3,B,466,34,0,h00,3646809819555529717
p3,C,63,110,327,h00,3646809819555529717
p3,Non-ROH,500,0,0,h00,3646809819555529717
p1,A,499,1,0,h00,370897708012610843
p1,B,231,259,10,h00,370897708012610843
p1,C,53,70,377,h00,370897708012610843
p1,Non-ROH,500,0,0,h00,370897708012610843
p2,A,500,0,0,h00,370897708012610843
p2,B,408,92,0,h00,370897708012610843
p2,C,37,81,382,h00,370897708012610843
p2,Non-ROH,500,0,0,h00,370897708012610843
p3,A,500,0,0,h00,370897708012610843
p3,B,462,38,0,h00,370897708012610843
p3,C,30,103,367,h00,370897708012610843
p3,Non-ROH,500,0,0,h00,370897708012610843
p1,A,500,0,0,h00,3746813413018173642
p1,B,216,275,9,h00,3746813413018173642
p1,C,49,68,383,h00,3746813413018173642
p1,Non-ROH,500,0,0,h00,3746813413018173642
p2,A,500,0,0,h00,3746813413018173642
p2,B,411,89,0,h00,3746813413018173642
p2,C,39,108,353,h00,3746813413018173642
p2,Non-ROH,500,0,0,h00,3746813413018173642
p3,A,500,0,0,h00,3746813413018173642
p3,B,461,39,0,h00,3746813413018173642
p3,C,37,115,348,h00,3746813413018173642
p3,Non-ROH,500,0,0,h00,3746813413018173642
p1,A,500,0,0,h00,374873582700968554
p1,B,216,275,9,h00,374873582700968554
p1,C,65,68,367,h00,374873582700968554
p1,Non-ROH,500,0,0,h00,374873582700968554
p2,A,500,0,0,h00,374873582700968554
p2,B,394,106,0,h00,374873582700968554
p2,C,43,83,374,h00,374873582700968554
p2,Non-ROH,500,0,0,h00,374873582700968554
p3,A,500,0,0,h00,374873582700968554
p3,B,468,32,0,h00,374873582700968554
p3,C,48,80,372,h00,374873582700968554
p3,Non-ROH,500,0,0,h00,374873582700968554
p1,A,500,0,0,h00,3782747150085181047
p1,B,233,255,12,h00,3782747150085181047
p1,C,66,66,368,h00,3782747150085181047
p1,Non-ROH,500,0,0,h00,3782747150085181047
p2,A,500,0,0,h00,3782747150085181047
p2,B,412,88,0,h00,3782747150085181047
p2,C,43,85,372,h00,3782747150085181047
p2,Non-ROH,500,0,0,h00,3782747150085181047
p3,A,500,0,0,h00,3782747150085181047
p3,B,452,48,0,h00,3782747150085181047
p3,C,41,82,377,h00,3782747150085181047
p3,Non-ROH,500,0,0,h00,3782747150085181047
p1,A,499,1,0,h00,3783312406048574783
p1,B,211,273,16,h00,3783312406048574783
p1,C,46,84,370,h00,3783312406048574783
p1,Non-ROH,500,0,0,h00,3783312406048574783
p2,A,500,0,0,h00,3783312406048574783
p2,B,386,114,0,h00,3783312406048574783
p2,C,53,111,336,h00,3783312406048574783
p2,Non-ROH,500,0,0,h00,3783312406048574783
p3,A,500,0,0,h00,3783312406048574783
p3,B,453,47,0,h00,3783312406048574783
p3,C,31,147,322,h00,3783312406048574783
p3,Non-ROH,500,0,0,h00,3783312406048574783
p1,A,498,2,0,h00,3857728332733070791
p1,B,221,259,20,h00,3857728332733070791
p1,C,52,88,360,h00,3857728332733070791
p1,Non-ROH,500,0,0,h00,3857728332733070791
p2,A,500,0,0,h00,3857728332733070791
p2,B,398,102,0,h00,3857728332733070791
p2,C,36,84,380,h00,3857728332733070791
p2,Non-ROH,500,0,0,h00,3857728332733070791
p3,A,500,0,0,h00,3857728332733070791
p3,B,434,66,0,h00,3857728332733070791
p3,C,24,90,386,h00,3857728332733070791
p3,Non-ROH,500,0,0,h00,3857728332733070791
p1,A,500,0,0,h00,3870569051277263198
p1,B,227,259,14,h00,3870569051277263198
p1,C,60,71,369,h00,3870569051277263198
p1,Non-ROH,500,0,0,h00,3870569051277263198
p2,A,500,0,0,h00,3870569051277263198
p2,B,415,85,0,h00,3870569051277263198
p2,C,45,95,360,h00,3870569051277263198
p2,Non-ROH,500,0,0,h00,3870569051277263198
p3,A,500,0,0,h00,3870569051277263198
p3,B,463,37,0,h00,3870569051277263198
p3,C,39,81,380,h00,3870569051277263198
p3,Non-ROH,500,0,0,h00,3870569051277263198
p1,A,499,1,0,h00,3872502974202693052
p1,B,268,215,17,h00,3872502974202693052
p1,C,38,71,391,h00,3872502974202693052
p1,Non-ROH,500,0,0,h00,3872502974202693052
p2,A,500,0,0,h00,3872502974202693052
p2,B,435,65,0,h00,3872502974202693052
p2,C,37,104,359,h00,3872502974202693052
p2,Non-ROH,500,0,0,h00,3872502974202693052
p3,A,500,0,0,h00,3872502974202693052
p3,B,483,17,0,h00,3872502974202693052
p3,C,34,124,342,h00,3872502974202693052
p3,Non-ROH,500,0,0,h00,3872502974202693052
p1,A,500,0,0,h00,3892276675451754626
p1,B,257,224,19,h00,3892276675451754626
p1,C,61,60,379,h00,3892276675451754626
p1,Non-ROH,500,0,0,h00,3892276675451754626
p2,A,500,0,0,h00,3892276675451754626
p2,B,414,86,0,h00,3892276675451754626
p2,C,35,76,389,h00,3892276675451754626
p2,Non-ROH,500,0,0,h00,3892276675451754626
p3,A,500,0,0,h00,3892276675451754626
p3,B,457,43,0,h00,3892276675451754626
p3,C,43,87,370,h00,3892276675451754626
p3,Non-ROH,500,0,0,h00,3892276675451754626
p1,A,500,0,0,h00,3906578313109414030
p1,B,254,226,20,h00,3906578313109414030
p1,C,57,88,355,h00,3906578313109414030
p1,Non-ROH,500,0,0,h00,3906578313109414030
p2,A,500,0,0,h00,3906578313109414030
p2,B,426,74,0,h00,3906578313109414030
p2,C,48,127,325,h00,3906578313109414030
p2,Non-ROH,500,0,0,h00,3906578313109414030
p3,A,500,0,0,h00,3906578313109414030
p3,B,467,33,0,h00,3906578313109414030
p3,C,44,221,235,h00,3906578313109414030
p3,Non-ROH,500,0,0,h00,3906578313109414030
p1,A,500,0,0,h00,3914451166109892882
p1,B,250,236,14,h00,3914451166109892882
p1,C,67,60,373,h00,3914451166109892882
p1,Non-ROH,500,0,0,h00,3914451166109892882
p2,A,500,0,0,h00,3914451166109892882
p2,B,426,74,0,h00,3914451166109892882
p2,C,55,82,363,h00,3914451166109892882
p2,Non-ROH,500,0,0,h00,3914451166109892882
p3,A,500,0,0,h00,3914451166109892882
p3,B,453,47,0,h00,3914451166109892882
p3,C,41,75,384,h00,3914451166109892882
p3,Non-ROH,500,0,0,h00,3914451166109892882
p1,A,500,0,0,h00,3930435202843891156
p1,B,250,234,16,h00,3930435202843891156
p1,C,57,70,373,h00,3930435202843891156
p1,Non-ROH,500,0,0,h00,3930435202843891156
p2,A,500,0,0,h00,3930435202843891156
p2,B,433,67,0,h00,3930435202843891156
p2,C,34,139,327,h00,3930435202843891156
p2,Non-ROH,500,0,0,h00,3930435202843891156
p3,A,500,0,0,h00,3930435202843891156
p3,B,460,40,0,h00,3930435202843891156
p3,C,35,101,364,h00,3930435202843891156
p3,Non-ROH,500,0,0,h00,3930435202843891156
p1,A,500,0,0,h00,3931579058868833233
p1,B,272,210,18,h00,3931579058868833233
p1,C,82,31,387,h00,3931579058868833233
p1,Non-ROH,500,0,0,h00,3931579058868833233
p2,A,500,0,0,h00,3931579058868833233
p2,B,443,57,0,h00,3931579058868833233
p2,C,71,44,385,h00,3931579058868833233
p2,Non-ROH,500,0,0,h00,3931579058868833233
p3,A,500,0,0,h00,3931579058868833233
p3,B,458,42,0,h00,3931579058868833233
p3,C,84,37,379,h00,3931579058868833233
p3,Non-ROH,500,0,0,h00,3931579058868833233
p1,A,499,1,0,h00,3936448565818775640
p1,B,238,255,7,h00,3936448565818775640
p1,C,54,85,361,h00,3936448565818775640
p1,Non-ROH,500,0,0,h00,3936448565818775640
p2,A,500,0,0,h00,3936448565818775640
p2,B,422,78,0,h00,3936448565818775640
p2,C,48,104,348,h00,3936448565818775640
p2,Non-ROH,500,0,0,h00,3936448565818775640
p3,A,500,0,0,h00,3936448565818775640
p3,B,460,40,0,h00,3936448565818775640
p3,C,58,121,321,h00,3936448565818775640
p3,Non-ROH,500,0,0,h00,3936448565818775640
p1,A,500,0,0,h00,395142773015513016
p1,B,263,217,20,h00,395142773015513016
p1,C,42,76,382,h00,395142773015513016
p1,Non-ROH,500,0,0,h00,395142773015513016
p2,A,500,0,0,h00,395142773015513016
p2,B,440,60,0,h00,395142773015513016
p2,C,28,77,395,h00,395142773015513016
p2,Non-ROH,500,0,0,h00,395142773015513016
p3,A,500,0,0,h00,395142773015513016
p3,B,471,29,0,h00,395142773015513016
p3,C,29,84,387,h00,395142773015513016
p3,Non-ROH,500,0,0,h00,395142773015513016
p1,A,500,0,0,h00,3967630831491443326
p1,B,260,228,12,h00,3967630831491443326
p1,C,48,96,356,h00,3967630831491443326
p1,Non-ROH,500,0,0,h00,3967630831491443326
p2,A,500,0,0,h00,3967630831491443326
p2,B,412,88,0,h00,3967630831491443326
p2,C,52,127,321,h00,3967630831491443326
p2,Non-ROH,500,0,0,h00,3967630831491443326
p3,A,500,0,0,h00,3967630831491443326
p3,B,457,43,0,h00,3967630831491443326
p3,C,46,161,293,h00,3967630831491443326
p3,Non-ROH,500,0,0,h00,3967630831491443326
p1,A,500,0,0,h00,4029132440299934778
p1,B,256,222,22,h00,4029132440299934778
p1,C,53,72,375,h00,4029132440299934778
p1,Non-ROH,500,0,0,h00,4029132440299934778
p2,A,500,0,0,h00,4029132440299934778
p2,B,424,76,0,h00,4029132440299934778
p2,C,63,80,357,h00,4029132440299934778
p2,Non-ROH,500,0,0,h00,4029132440299934778
p3,A,500,0,0,h00,4029132440299934778
p3,B,459,41,0,h00,4029132440299934778
p3,C,43,86,371,h00,4029132440299934778
p3,Non-ROH,500,0,0,h00,4029132440299934778
p1,A,500,0,0,h00,4050088701953919497
p1,B,241,248,11,h00,4050088701953919497
p1,C,49,64,387,h00,4050088701953919497
p1,Non-ROH,500,0,0,h00,4050088701953919497
p2,A,500,0,0,h00,4050088701953919497
p2,B,426,74,0,h00,4050088701953919497
p2,C,40,83,377,h00,4050088701953919497
p2,Non-ROH,500,0,0,h00,4050088701953919497
p3,A,500,0,0,h00,4050088701953919497
p3,B,446,54,0,h00,4050088701953919497
p3,C,41,95,364,h00,4050088701953919497
p3,Non-ROH,500,0,0,h00,4050088701953919497
p1,A,500,0,0,h00,4068627093876524908
p1,B,245,242,13,h00,4068627093876524908
p1,C,48,87,365,h00,4068627093876524908
p1,Non-ROH,500,0,0,h00,4068627093876524908
p2,A,500,0,0,h00,4068627093876524908
p2,B,422,78,0,h00,4068627093876524908
p2,C,42,83,375,h00,4068627093876524908
p2,Non-ROH,500,0,0,h00,4068627093876524908
p3,A,500,0,0,h00,4068627093876524908
p3,B,447,53,0,h00,4068627093876524908
p3,C,36,64,400,h00,4068627093876524908
p3,Non-ROH,500,0,0,h00,4068627093876524908
p1,A,500,0,0,h00,408521173642501465
p1,B,245,240,15,h00,408521173642501465
p1,C,64,75,361,h00,408521173642501465
p1,Non-ROH,500,0,0,h00,408521173642501465
p2,A,500,0,0,h00,408521173642501465
p2,B,418,82,0,h00,408521173642501465
p2,C,32,96,372,h00,408521173642501465
p2,Non-ROH,500,0,0,h00,408521173642501465
p3,A,500,0,0,h00,408521173642501465
p3,B,456,44,0,h00,408521173642501465
p3,C,33,108,359,h00,408521173642501465
p3,Non-ROH,500,0,0,h00,408521173642501465
p1,A,500,0,0,h00,4098198446687774258
p1,B,274,214,12,h00,4098198446687774258
p1,C,54,88,358,h00,4098198446687774258
p1,Non-ROH,500,0,0,h00,4098198446687774258
p2,A,500,0,0,h00,4098198446687774258
p2,B,426,74,0,h00,4098198446687774258
p2,C,49,78,373,h00,4098198446687774258
p2,Non-ROH,500,0,0,h00,4098198446687774258
p3,A,500,0,0,h00,4098198446687774258
p3,B,475,25,0,h00,4098198446687774258
p3,C,47,142,311,h00,4098198446687774258
p3,Non-ROH,500,0,0,h00,4098198446687774258
p1,A,500,0,0,h00,4123684450009118347
p1,B,251,235,14,h00,4123684450009118347
p1,C,61,57,382,h00,4123684450009118347
p1,Non-ROH,500,0,0,h00,4123684450009118347
p2,A,500,0,0,h00,4123684450009118347
p2,B,426,74,0,h00,4123684450009118347
p2,C,57,63,380,h00,4123684450009118347
p2,Non-ROH,500,0,0,h00,4123684450009118347
p3,A,500,0,0,h00,4123684450009118347
p3,B,473,27,0,h00,4123684450009118347
p3,C,37,81,382,h00,4123684450009118347
p3,Non-ROH,500,0,0,h00,4123684450009118347
p1,A,500,0,0,h00,4149607403261469369
p1,B,209,280,11,h00,4149607403261469369
p1,C,57,76,367,h00,4149607403261469369
p1,Non-ROH,500,0,0,h00,4149607403261469369
p2,A,500,0,0,h00,4149607403261469369
p2,B,404,96,0,h00,4149607403261469369
p2,C,43,113,344,h00,4149607403261469369
p2,Non-ROH,500,0,0,h00,4149607403261469369
p3,A,500,0,0,h00,4149607403261469369
p3,B,454,46,0,h00,4149607403261469369
p3,C,32,114,354,h00,4149607403261469369
p3,Non-ROH,500,0,0,h00,4149607403261469369
p1,A,500,0,0,h00,4168685826619015799
p1,B,247,241,12,h00,4168685826619015799
p1,C,52,72,376,h00,4168685826619015799
p1,Non-ROH,500,0,0,h00,4168685826619015799
p2,A,500,0,0,h00,4168685826619015799
p2,B,438,62,0,h00,4168685826619015799
p2,C,40,106,354,h00,4168685826619015799
p2,Non-ROH,500,0,0,h00,4168685826619015799
p3,A,500,0,0,h00,4168685826619015799
p3,B,477,23,0,h00,4168685826619015799
p3,C,44,105,351,h00,4168685826619015799
p3,Non-ROH,500,0,0,h00,4168685826619015799
p1,A,500,0,0,h00,4186213260065274180
p1,B,189,289,22,h00,4186213260065274180
p1,C,59,59,382,h00,4186213260065274180
p1,Non-ROH,500,0,0,h00,4186213260065274180
p2,A,500,0,0,h00,4186213260065274180
p2,B,366,134,0,h00,4186213260065274180
p2,C,38,105,357,h00,4186213260065274180
p2,Non-ROH,500,0,0,h00,4186213260065274180
p3,A,500,0,0,h00,4186213260065274180
p3,B,434,66,0,h00,4186213260065274180
p3,C,46,110,344,h00,4186213260065274180
p3,Non-ROH,500,0,0,h00,4186213260065274180
p1,A,500,0,0,h00,4188275144287043396
p1,B,244,244,12,h00,4188275144287043396
p1,C,72,64,364,h00,4188275144287043396
p1,Non-ROH,500,0,0,h00,4188275144287043396
p2,A,500,0,0,h00,4188275144287043396
p2,B,414,86,0,h00,4188275144287043396
p2,C,43,83,374,h00,4188275144287043396
p2,Non-ROH,500,0,0,h00,4188275144287043396
p3,A,500,0,0,h00,4188275144287043396
p3,B,446,54,0,h00,4188275144287043396
p3,C,42,121,337,h00,4188275144287043396
p3,Non-ROH,500,0,0,h00,4188275144287043396
p1,A,498,2,0,h00,4212293438182827943
p1,B,233,248,19,h00,4212293438182827943
p1,C,61,61,378,h00,4212293438182827943
p1,Non-ROH,500,0,0,h00,4212293438182827943
p2,A,500,0,0,h00,4212293438182827943
p2,B,408,92,0,h00,4212293438182827943
p2,C,38,86,376,h00,4212293438182827943
p2,Non-ROH,500,0,0,h00,4212293438182827943
p3,A,500,0,0,h00,4212293438182827943
p3,B,461,39,0,h00,4212293438182827943
p3,C,38,89,373,h00,4212293438182827943
p3,Non-ROH,500,0,0,h00,4212293438182827943
p1,A,500,0,0,h00,4220763607165006847
p1,B,223,266,11,h00,4220763607165006847
p1,C,57,61,382,h00,4220763607165006847
p1,Non-ROH,500,0,0,h00,4220763607165006847
p2,A,500,0,0,h00,4220763607165006847
p2,B,423,77,0,h00,4220763607165006847
p2,C,48,81,371,h00,4220763607165006847
p2,Non-ROH,500,0,0,h00,4220763607165006847
p3,A,500,0,0,h00,4220763607165006847
p3,B,469,31,0,h00,4220763607165006847
p3,C,34,84,382,h00,4220763607165006847
p3,Non-ROH,500,0,0,h00,4220763607165006847
p1,A,499,1,0,h00,4235972165186563777
p1,B,210,273,17,h00,4235972165186563777
p1,C,53,68,379,h00,4235972165186563777
p1,Non-ROH,500,0,0,h00,4235972165186563777
p2,A,500,0,0,h00,4235972165186563777
p2,B,406,94,0,h00,4235972165186563777
p2,C,35,101,364,h00,4235972165186563777
p2,Non-ROH,500,0,0,h00,4235972165186563777
p3,A,500,0,0,h00,4235972165186563777
p3,B,440,60,0,h00,4235972165186563777
p3,C,42,143,315,h00,4235972165186563777
p3,Non-ROH,500,0,0,h00,4235972165186563777
p1,A,500,0,0,h00,4287375503024049342
p1,B,260,229,11,h00,4287375503024049342
p1,C,67,83,350,h00,4287375503024049342
p1,Non-ROH,500,0,0,h00,4287375503024049342
p2,A,500,0,0,h00,4287375503024049342
p2,B,420,80,0,h00,4287375503024049342
p2,C,36,147,317,h00,4287375503024049342
p2,Non-ROH,500,0,0,h00,4287375503024049342
p3,A,500,0,0,h00,4287375503024049342
p3,B,461,39,0,h00,4287375503024049342
p3,C,32,196,272,h00,4287375503024049342
p3,Non-ROH,500,0,0,h00,4287375503024049342
p1,A,499,1,0,h00,4307591776055466140
p1,B,260,220,20,h00,4307591776055466140
p1,C,54,70,376,h00,4307591776055466140
p1,Non-ROH,500,0,0,h00,4307591776055466140
p2,A,500,0,0,h00,4307591776055466140
p2,B,440,60,0,h00,4307591776055466140
p2,C,44,60,396,h00,4307591776055466140
p2,Non-ROH,500,0,0,h00,4307591776055466140
p3,A,500,0,0,h00,4307591776055466140
p3,B,469,31,0,h00,4307591776055466140
p3,C,56,134,310,h00,4307591776055466140
p3,Non-ROH,500,0,0,h00,4307591776055466140
p1,A,498,2,0,h00,4310394147464451238
p1,B,231,254,15,h00,4310394147464451238
p1,C,54,82,364,h00,4310394147464451238
p1,Non-ROH,500,0,0,h00,4310394147464451238
p2,A,500,0,0,h00,4310394147464451238
p2,B,408,92,0,h00,4310394147464451238
p2,C,46,129,325,h00,4310394147464451238
p2,Non-ROH,500,0,0,h00,4310394147464451238
p3,A,500,0,0,h00,4310394147464451238
p3,B,464,36,0,h00,4310394147464451238
p3,C,48,97,355,h00,4310394147464451238
p3,Non-ROH,500,0,0,h00,4310394147464451238
p1,A,500,0,0,h00,4336353367558390195
p1,B,237,255,8,h00,4336353367558390195
p1,C,65,64,371,h00,4336353367558390195
p1,Non-ROH,500,0,0,h00,4336353367558390195
p2,A,500,0,0,h00,4336353367558390195
p2,B,391,109,0,h00,4336353367558390195
p2,C,43,109,348,h00,4336353367558390195
p2,Non-ROH,500,0,0,h00,4336353367558390195
p3,A,500,0,0,h00,4336353367558390195
p3,B,476,24,0,h00,4336353367558390195
p3,C,46,133,321,h00,4336353367558390195
p3,Non-ROH,500,0,0,h00,4336353367558390195
p1,A,499,1,0,h00,4352922551193965507
p1,B,258,230,12,h00,4352922551193965507
p1,C,77,64,359,h00,4352922551193965507
p1,Non-ROH,500,0,0,h00,4352922551193965507
p2,A,500,0,0,h00,4352922551193965507
p2,B,440,60,0,h00,4352922551193965507
p2,C,68,59,373,h00,4352922551193965507
p2,Non-ROH,500,0,0,h00,4352922551193965507
p3,A,500,0,0,h00,4352922551193965507
p3,B,471,29,0,h00,4352922551193965507
p3,C,63,81,356,h00,4352922551193965507
p3,Non-ROH,500,0,0,h00,4352922551193965507
p1,A,499,1,0,h00,4389468938384033211
p1,B,271,213,16,h00,4389468938384033211
p1,C,54,67,379,h00,4389468938384033211
p1,Non-ROH,500,0,0,h00,4389468938384033211
p2,A,500,0,0,h00,4389468938384033211
p2,B,409,91,0,h00,4389468938384033211
p2,C,55,68,377,h00,4389468938384033211
p2,Non-ROH,500,0,0,h00,4389468938384033211
p3,A,500,0,0,h00,4389468938384033211
p3,B,490,10,0,h00,4389468938384033211
p3,C,60,79,361,h00,4389468938384033211
p3,Non-ROH,500,0,0,h00,4389468938384033211
p1,A,500,0,0,h00,4439124663978564770
p1,B,257,228,15,h00,4439124663978564770
p1,C,48,80,372,h00,4439124663978564770
p1,Non-ROH,500,0,0,h00,4439124663978564770
p2,A,500,0,0,h00,4439124663978564770
p2,B,404,96,0,h00,4439124663978564770
p2,C,41,107,352,h00,4439124663978564770
p2,Non-ROH,500,0,0,h00,4439124663978564770
p3,A,500,0,0,h00,4439124663978564770
p3,B,440,60,0,h00,4439124663978564770
p3,C,29,185,286,h00,4439124663978564770
p3,Non-ROH,500,0,0,h00,4439124663978564770
p1,A,498,2,0,h00,4461752748252833792
p1,B,248,235,17,h00,4461752748252833792
p1,C,53,62,385,h00,4461752748252833792
p1,Non-ROH,500,0,0,h00,4461752748252833792
p2,A,500,0,0,h00,4461752748252833792
p2,B,418,81,1,h00,4461752748252833792
p2,C,35,87,378,h00,4461752748252833792
p2,Non-ROH,500,0,0,h00,4461752748252833792
p3,A,500,0,0,h00,4461752748252833792
p3,B,453,47,0,h00,4461752748252833792
p3,C,36,116,348,h00,4461752748252833792
p3,Non-ROH,500,0,0,h00,4461752748252833792
p1,A,500,0,0,h00,4466035291765894741
p1,B,192,293,15,h00,4466035291765894741
p1,C,62,71,367,h00,4466035291765894741
p1,Non-ROH,500,0,0,h00,4466035291765894741
p2,A,500,0,0,h00,4466035291765894741
p2,B,391,109,0,h00,4466035291765894741
p2,C,33,153,314,h00,4466035291765894741
p2,Non-ROH,500,0,0,h00,4466035291765894741
p3,A,500,0,0,h00,4466035291765894741
p3,B,435,65,0,h00,4466035291765894741
p3,C,25,86,389,h00,4466035291765894741
p3,Non-ROH,500,0,0,h00,4466035291765894741
p1,A,500,0,0,h00,4502992571183810932
p1,B,240,244,16,h00,4502992571183810932
p1,C,73,70,357,h00,4502992571183810932
p1,Non-ROH,500,0,0,h00,4502992571183810932
p2,A,500,0,0,h00,4502992571183810932
p2,B,418,82,0,h00,4502992571183810932
p2,C,57,67,376,h00,4502992571183810932
p2,Non-ROH,500,0,0,h00,4502992571183810932
p3,A,500,0,0,h00,4502992571183810932
p3,B,462,38,0,h00,4502992571183810932
p3,C,44,112,344,h00,4502992571183810932
p3,Non-ROH,500,0,0,h00,4502992571183810932
p1,A,500,0,0,h00,454157223138593409
p1,B,232,257,11,h00,454157223138593409
p1,C,46,77,377,h00,454157223138593409
p1,Non-ROH,500,0,0,h00,454157223138593409
p2,A,500,0,0,h00,454157223138593409
p2,B,412,88,0,h00,454157223138593409
p2,C,51,161,288,h00,454157223138593409
p2,Non-ROH,500,0,0,h00,454157223138593409
p3,A,500,0,0,h00,454157223138593409
p3,B,445,55,0,h00,454157223138593409
p3,C,35,94,371,h00,454157223138593409
p3,Non-ROH,500,0,0,h00,454157223138593409
p1,A,500,0,0,h00,4549682241273411110
p1,B,261,228,11,h00,4549682241273411110
p1,C,53,80,367,h00,4549682241273411110
p1,Non-ROH,500,0,0,h00,4549682241273411110
p2,A,500,0,0,h00,4549682241273411110
p2,B,424,76,0,h00,4549682241273411110
p2,C,46,84,370,h00,4549682241273411110
p2,Non-ROH,500,0,0,h00,4549682241273411110
p3,A,500,0,0,h00,4549682241273411110
p3,B,467,33,0,h00,4549682241273411110
p3,C,20,128,352,h00,4549682241273411110
p3,Non-ROH,500,0,0,h00,4549682241273411110
p1,A,500,0,0,h00,4570577085801251891
p1,B,223,266,11,h00,4570577085801251891
p1,C,66,69,365,h00,4570577085801251891
p1,Non-ROH,500,0,0,h00,4570577085801251891
p2,A,500,0,0,h00,4570577085801251891
p2,B,410,90,0,h00,4570577085801251891
p2,C,27,85,388,h00,4570577085801251891
p2,Non-ROH,500,0,0,h00,4570577085801251891
p3,A,500,0,0,h00,4570577085801251891
p3,B,449,51,0,h00,4570577085801251891
p3,C,45,112,343,h00,4570577085801251891
p3,Non-ROH,500,0,0,h00,4570577085801251891
p1,A,500,0,0,h00,464330423440975915
p1,B,257,234,9,h00,464330423440975915
p1,C,55,62,383,h00,464330423440975915
p1,Non-ROH,500,0,0,h00,464330423440975915
p2,A,500,0,0,h00,464330423440975915
p2,B,405,95,0,h00,464330423440975915
p2,C,32,123,345,h00,464330423440975915
p2,Non-ROH,500,0,0,h00,464330423440975915
p3,A,500,0,0,h00,464330423440975915
p3,B,486,14,0,h00,464330423440975915
p3,C,46,106,348,h00,464330423440975915
p3,Non-ROH,500,0,0,h00,464330423440975915
p1,A,498,2,0,h00,4648256247739606371
p1,B,204,286,10,h00,4648256247739606371
p1,C,64,70,366,h00,4648256247739606371
p1,Non-ROH,500,0,0,h00,4648256247739606371
p2,A,500,0,0,h00,4648256247739606371
p2,B,400,100,0,h00,4648256247739606371
p2,C,34,99,367,h00,4648256247739606371
p2,Non-ROH,500,0,0,h00,4648256247739606371
p3,A,500,0,0,h00,4648256247739606371
p3,B,421,79,0,h00,4648256247739606371
p3,C,29,126,345,h00,4648256247739606371
p3,Non-ROH,500,0,0,h00,4648256247739606371
p1,A,498,2,0,h00,4652625469908853471
p1,B,224,262,14,h00,4652625469908853471
p1,C,68,67,365,h00,4652625469908853471
p1,Non-ROH,500,0,0,h00,4652625469908853471
p2,A,500,0,0,h00,4652625469908853471
p2,B,429,71,0,h00,4652625469908853471
p2,C,87,58,355,h00,4652625469908853471
p2,Non-ROH,500,0,0,h00,4652625469908853471
p3,A,500,0,0,h00,4652625469908853471
p3,B,470,30,0,h00,4652625469908853471
p3,C,131,70,299,h00,4652625469908853471
p3,Non-ROH,500,0,0,h00,4652625469908853471
p1,A,500,0,0,h00,4671950388705285656
p1,B,224,259,17,h00,4671950388705285656
p1,C,50,81,369,h00,4671950388705285656
p1,Non-ROH,500,0,0,h00,4671950388705285656
p2,A,500,0,0,h00,4671950388705285656
p2,B,403,97,0,h00,4671950388705285656
p2,C,38,113,349,h00,4671950388705285656
p2,Non-ROH,500,0,0,h00,4671950388705285656
p3,A,500,0,0,h00,4671950388705285656
p3,B,454,46,0,h00,4671950388705285656
p3,C,33,168,299,h00,4671950388705285656
p3,Non-ROH,500,0,0,h00,4671950388705285656
p1,A,499,1,0,h00,4682820477415630882
p1,B,244,244,12,h00,4682820477415630882
p1,C,58,56,386,h00,4682820477415630882
p1,Non-ROH,500,0,0,h00,4682820477415630882
p2,A,500,0,0,h00,4682820477415630882
p2,B,401,99,0,h00,4682820477415630882
p2,C,42,77,381,h00,4682820477415630882
p2,Non-ROH,500,0,0,h00,4682820477415630882
p3,A,500,0,0,h00,4682820477415630882
p3,B,456,44,0,h00,4682820477415630882
p3,C,50,112,338,h00,4682820477415630882
p3,Non-ROH,500,0,0,h00,4682820477415630882
p1,A,499,1,0,h00,4701974196630073149
p1,B,232,248,20,h00,4701974196630073149
p1,C,53,69,378,h00,4701974196630073149
p1,Non-ROH,500,0,0,h00,4701974196630073149
p2,A,500,0,0,h00,4701974196630073149
p2,B,427,73,0,h00,4701974196630073149
p2,C,32,91,377,h00,4701974196630073149
p2,Non-ROH,500,0,0,h00,4701974196630073149
p3,A,500,0,0,h00,4701974196630073149
p3,B,463,37,0,h00,4701974196630073149
p3,C,37,114,349,h00,4701974196630073149
p3,Non-ROH,500,0,0,h00,4701974196630073149
p1,A,499,1,0,h00,4706097106558524043
p1,B,201,283,16,h00,4706097106558524043
p1,C,54,83,363,h00,4706097106558524043
p1,Non-ROH,500,0,0,h00,4706097106558524043
p2,A,500,0,0,h00,4706097106558524043
p2,B,397,103,0,h00,4706097106558524043
p2,C,31,66,403,h00,4706097106558524043
p2,Non-ROH,500,0,0,h00,4706097106558524043
p3,A,500,0,0,h00,4706097106558524043
p3,B,416,84,0,h00,4706097106558524043
p3,C,40,134,326,h00,4706097106558524043
p3,Non-ROH,500,0,0,h00,4706097106558524043
p1,A,498,2,0,h00,4710395148153062601
p1,B,224,252,24,h00,4710395148153062601
p1,C,45,69,386,h00,4710395148153062601
p1,Non-ROH,500,0,0,h00,4710395148153062601
p2,A,500,0,0,h00,4710395148153062601
p2,B,395,105,0,h00,4710395148153062601
p2,C,32,104,364,h00,4710395148153062601
p2,Non-ROH,500,0,0,h00,4710395148153062601
p3,A,500,0,0,h00,4710395148153062601
p3,B,462,38,0,h00,4710395148153062601
p3,C,33,73,394,h00,4710395148153062601
p3,Non-ROH,500,0,0,h00,4710395148153062601
p1,A,500,0,0,h00,4719599277082129813
p1,B,226,256,18,h00,4719599277082129813
p1,C,66,83,351,h00,4719599277082129813
p1,Non-ROH,500,0,0,h00,4719599277082129813
p2,A,500,0,0,h00,4719599277082129813
p2,B,415,85,0,h00,4719599277082129813
p2,C,37,107,356,h00,4719599277082129813
p2,Non-ROH,500,0,0,h00,4719599277082129813
p3,A,500,0,0,h00,4719599277082129813
p3,B,448,52,0,h00,4719599277082129813
p3,C,40,76,384,h00,4719599277082129813
p3,Non-ROH,500,0,0,h00,4719599277082129813
p1,A,499,1,0,h00,4761604905378794750
p1,B,202,287,11,h00,4761604905378794750
p1,C,45,83,372,h00,4761604905378794750
p1,Non-ROH,500,0,0,h00,4761604905378794750
p2,A,500,0,0,h00,4761604905378794750
p2,B,409,91,0,h00,4761604905378794750
p2,C,38,108,354,h00,4761604905378794750
p2,Non-ROH,500,0,0,h00,4761604905378794750
p3,A,500,0,0,h00,4761604905378794750
p3,B,431,69,0,h00,4761604905378794750
p3,C,35,96,369,h00,4761604905378794750
p3,Non-ROH,500,0,0,h00,4761604905378794750
p1,A,500,0,0,h00,4768051977963836571
p1,B,218,266,16,h00,4768051977963836571
p1,C,41,74,385,h00,4768051977963836571
p1,Non-ROH,500,0,0,h00,4768051977963836571
p2,A,500,0,0,h00,4768051977963836571
p2,B,400,100,0,h00,4768051977963836571
p2,C,40,125,335,h00,4768051977963836571
p2,Non-ROH,500,0,0,h00,4768051977963836571
p3,A,500,0,0,h00,4768051977963836571
p3,B,460,40,0,h00,4768051977963836571
p3,C,42,100,358,h00,4768051977963836571
p3,Non-ROH,500,0,0,h00,4768051977963836571
p1,A,500,0,0,h00,4770106728149677002
p1,B,231,251,18,h00,4770106728149677002
p1,C,64,73,363,h00,4770106728149677002
p1,Non-ROH,500,0,0,h00,4770106728149677002
p2,A,500,0,0,h00,4770106728149677002
p2,B,420,80,0,h00,4770106728149677002
p2,C,31,107,362,h00,4770106728149677002
p2,Non-ROH,500,0,0,h00,4770106728149677002
p3,A,500,0,0,h00,4770106728149677002
p3,B,465,35,0,h00,4770106728149677002
p3,C,28,118,354,h00,4770106728149677002
p3,Non-ROH,500,0,0,h00,4770106728149677002
p1,A,498,2,0,h00,4776569912368307749
p1,B,269,216,15,h00,4776569912368307749
p1,C,50,128,322,h00,4776569912368307749
p1,Non-ROH,500,0,0,h00,4776569912368307749
p2,A,500,0,0,h00,4776569912368307749
p2,B,433,67,0,h00,4776569912368307749
p2,C,36,100,364,h00,4776569912368307749
p2,Non-ROH,500,0,0,h00,4776569912368307749
p3,A,500,0,0,h00,4776569912368307749
p3,B,456,44,0,h00,4776569912368307749
p3,C,36,121,343,h00,4776569912368307749
p3,Non-ROH,500,0,0,h00,4776569912368307749
p1,A,500,0,0,h00,4820676969040131206
p1,B,251,236,13,h00,4820676969040131206
p1,C,52,72,376,h00,4820676969040131206
p1,Non-ROH,500,0,0,h00,4820676969040131206
p2,A,500,0,0,h00,4820676969040131206
p2,B,445,55,0,h00,4820676969040131206
p2,C,32,129,339,h00,4820676969040131206
p2,Non-ROH,500,0,0,h00,4820676969040131206
p3,A,500,0,0,h00,4820676969040131206
p3,B,467,33,0,h00,4820676969040131206
p3,C,54,166,280,h00,4820676969040131206
p3,Non-ROH,500,0,0,h00,4820676969040131206
p1,A,500,0,0,h00,4862318640375206950
p1,B,254,226,20,h00,4862318640375206950
p1,C,49,69,382,h00,4862318640375206950
p1,Non-ROH,500,0,0,h00,4862318640375206950
p2,A,500,0,0,h00,4862318640375206950
p2,B,413,87,0,h00,4862318640375206950
p2,C,34,72,394,h00,4862318640375206950
p2,Non-ROH,500,0,0,h00,4862318640375206950
p3,A,500,0,0,h00,4862318640375206950
p3,B,451,49,0,h00,4862318640375206950
p3,C,43,81,376,h00,4862318640375206950
p3,Non-ROH,500,0,0,h00,4862318640375206950
p1,A,500,0,0,h00,4900454266220233383
p1,B,247,233,20,h00,4900454266220233383
p1,C,47,73,380,h00,4900454266220233383
p1,Non-ROH,500,0,0,h00,4900454266220233383
p2,A,500,0,0,h00,4900454266220233383
p2,B,392,108,0,h00,4900454266220233383
p2,C,47,87,366,h00,4900454266220233383
p2,Non-ROH,500,0,0,h00,4900454266220233383
p3,A,500,0,0,h00,4900454266220233383
p3,B,448,52,0,h00,4900454266220233383
p3,C,48,77,375,h00,4900454266220233383
p3,Non-ROH,500,0,0,h00,4900454266220233383
p1,A,498,2,0,h00,4905721806287464486
p1,B,211,275,14,h00,4905721806287464486
p1,C,51,84,365,h00,4905721806287464486
p1,Non-ROH,499,1,0,h00,4905721806287464486
p2,A,500,0,0,h00,4905721806287464486
p2,B,400,100,0,h00,4905721806287464486
p2,C,45,90,365,h00,4905721806287464486
p2,Non-ROH,500,0,0,h00,4905721806287464486
p3,A,500,0,0,h00,4905721806287464486
p3,B,461,39,0,h00,4905721806287464486
p3,C,54,97,349,h00,4905721806287464486
p3,Non-ROH,500,0,0,h00,4905721806287464486
p1,A,500,0,0,h00,4909920547801250209
p1,B,245,247,8,h00,4909920547801250209
p1,C,54,95,351,h00,4909920547801250209
p1,Non-ROH,500,0,0,h00,4909920547801250209
p2,A,500,0,0,h00,4909920547801250209
p2,B,409,91,0,h00,4909920547801250209
p2,C,30,157,313,h00,4909920547801250209
p2,Non-ROH,500,0,0,h00,4909920547801250209
p3,A,500,0,0,h00,4909920547801250209
p3,B,441,59,0,h00,4909920547801250209
p3,C,29,96,375,h00,4909920547801250209
p3,Non-ROH,500,0,0,h00,4909920547801250209
p1,A,500,0,0,h00,4914366003619832907
p1,B,180,301,19,h00,4914366003619832907
p1,C,56,83,361,h00,4914366003619832907
p1,Non-ROH,500,0,0,h00,4914366003619832907
p2,A,500,0,0,h00,4914366003619832907
p2,B,359,141,0,h00,4914366003619832907
p2,C,39,89,372,h00,4914366003619832907
p2,Non-ROH,500,0,0,h00,4914366003619832907
p3,A,499,1,0,h00,4914366003619832907
p3,B,444,56,0,h00,4914366003619832907
p3,C,49,91,360,h00,4914366003619832907
p3,Non-ROH,500,0,0,h00,4914366003619832907
p1,A,500,0,0,h00,4915224663294039873
p1,B,252,233,15,h00,4915224663294039873
p1,C,56,51,393,h00,4915224663294039873
p1,Non-ROH,500,0,0,h00,4915224663294039873
p2,A,500,0,0,h00,4915224663294039873
p2,B,439,61,0,h00,4915224663294039873
p2,C,41,81,378,h00,4915224663294039873
p2,Non-ROH,500,0,0,h00,4915224663294039873
p3,A,500,0,0,h00,4915224663294039873
p3,B,463,37,0,h00,4915224663294039873
p3,C,55,117,328,h00,4915224663294039873
p3,Non-ROH,500,0,0,h00,4915224663294039873
p1,A,500,0,0,h00,4922505198070280850
p1,B,245,248,7,h00,4922505198070280850
p1,C,67,58,375,h00,4922505198070280850
p1,Non-ROH,500,0,0,h00,4922505198070280850
p2,A,500,0,0,h00,4922505198070280850
p2,B,408,92,0,h00,4922505198070280850
p2,C,35,134,331,h00,4922505198070280850
p2,Non-ROH,500,0,0,h00,4922505198070280850
p3,A,500,0,0,h00,4922505198070280850
p3,B,470,30,0,h00,4922505198070280850
p3,C,56,98,346,h00,4922505198070280850
p3,Non-ROH,500,0,0,h00,4922505198070280850
p1,A,500,0,0,h00,4933412016100677327
p1,B,241,253,6,h00,4933412016100677327
p1,C,53,85,362,h00,4933412016100677327
p1,Non-ROH,500,0,0,h00,4933412016100677327
p2,A,500,0,0,h00,4933412016100677327
p2,B,424,76,0,h00,4933412016100677327
p2,C,47,154,299,h00,4933412016100677327
p2,Non-ROH,500,0,0,h00,4933412016100677327
p3,A,500,0,0,h00,4933412016100677327
p3,B,456,44,0,h00,4933412016100677327
p3,C,34,127,339,h00,4933412016100677327
p3,Non-ROH,500,0,0,h00,4933412016100677327
p1,A,500,0,0,h00,4942833993149056767
p1,B,226,263,11,h00,4942833993149056767
p1,C,65,75,360,h00,4942833993149056767
p1,Non-ROH,500,0,0,h00,4942833993149056767
p2,A,500,0,0,h00,4942833993149056767
p2,B,420,80,0,h00,4942833993149056767
p2,C,67,71,362,h00,4942833993149056767
p2,Non-ROH,500,0,0,h00,4942833993149056767
p3,A,500,0,0,h00,4942833993149056767
p3,B,466,34,0,h00,4942833993149056767
p3,C,66,60,374,h00,4942833993149056767
p3,Non-ROH,500,0,0,h00,4942833993149056767
p1,A,500,0,0,h00,4945630087682338825
p1,B,252,232,16,h00,4945630087682338825
p1,C,64,74,362,h00,4945630087682338825
p1,Non-ROH,500,0,0,h00,4945630087682338825
p2,A,500,0,0,h00,4945630087682338825
p2,B,450,50,0,h00,4945630087682338825
p2,C,60,109,331,h00,4945630087682338825
p2,Non-ROH,500,0,0,h00,4945630087682338825
p3,A,500,0,0,h00,4945630087682338825
p3,B,472,28,0,h00,4945630087682338825
p3,C,37,88,375,h00,4945630087682338825
p3,Non-ROH,500,0,0,h00,4945630087682338825
p1,A,500,0,0,h00,495239681966857437
p1,B,246,231,23,h00,495239681966857437
p1,C,59,72,369,h00,495239681966857437
p1,Non-ROH,500,0,0,h00,495239681966857437
p2,A,500,0,0,h00,495239681966857437
p2,B,431,69,0,h00,495239681966857437
p2,C,36,89,375,h00,495239681966857437
p2,Non-ROH,500,0,0,h00,495239681966857437
p3,A,500,0,0,h00,495239681966857437
p3,B,469,31,0,h00,495239681966857437
p3,C,45,144,311,h00,495239681966857437
p3,Non-ROH,500,0,0,h00,495239681966857437
p1,A,500,0,0,h00,4957936069046283899
p1,B,241,246,13,h00,4957936069046283899
p1,C,58,69,373,h00,4957936069046283899
p1,Non-ROH,500,0,0,h00,4957936069046283899
p2,A,500,0,0,h00,4957936069046283899
p2,B,408,92,0,h00,4957936069046283899
p2,C,47,95,358,h00,4957936069046283899
p2,Non-ROH,500,0,0,h00,4957936069046283899
p3,A,500,0,0,h00,4957936069046283899
p3,B,437,63,0,h00,4957936069046283899
p3,C,45,83,372,h00,4957936069046283899
p3,Non-ROH,500,0,0,h00,4957936069046283899
p1,A,500,0,0,h00,4960850976546984861
p1,B,235,258,7,h00,4960850976546984861
p1,C,47,63,390,h00,4960850976546984861
p1,Non-ROH,500,0,0,h00,4960850976546984861
p2,A,500,0,0,h00,4960850976546984861
p2,B,420,80,0,h00,4960850976546984861
p2,C,42,79,379,h00,4960850976546984861
p2,Non-ROH,500,0,0,h00,4960850976546984861
p3,A,500,0,0,h00,4960850976546984861
p3,B,466,34,0,h00,4960850976546984861
p3,C,98,65,337,h00,4960850976546984861
p3,Non-ROH,500,0,0,h00,4960850976546984861
p1,A,500,0,0,h00,4999843418850662325
p1,B,238,238,24,h00,4999843418850662325
p1,C,60,56,384,h00,4999843418850662325
p1,Non-ROH,500,0,0,h00,4999843418850662325
p2,A,500,0,0,h00,4999843418850662325
p2,B,413,87,0,h00,4999843418850662325
p2,C,36,126,338,h00,4999843418850662325
p2,Non-ROH,500,0,0,h00,4999843418850662325
p3,A,500,0,0,h00,4999843418850662325
p3,B,451,49,0,h00,4999843418850662325
p3,C,44,78,378,h00,4999843418850662325
p3,Non-ROH,500,0,0,h00,4999843418850662325
p1,A,498,2,0,h00,500865030532099991
p1,B,215,270,15,h00,500865030532099991
p1,C,57,87,356,h00,500865030532099991
p1,Non-ROH,500,0,0,h00,500865030532099991
p2,A,500,0,0,h00,500865030532099991
p2,B,399,101,0,h00,500865030532099991
p2,C,36,141,323,h00,500865030532099991
p2,Non-ROH,500,0,0,h00,500865030532099991
p3,A,500,0,0,h00,500865030532099991
p3,B,443,57,0,h00,500865030532099991
p3,C,28,172,300,h00,500865030532099991
p3,Non-ROH,500,0,0,h00,500865030532099991
p1,A,500,0,0,h00,5008997459668920199
p1,B,227,256,17,h00,5008997459668920199
p1,C,63,66,371,h00,5008997459668920199
p1,Non-ROH,500,0,0,h00,5008997459668920199
p2,A,500,0,0,h00,5008997459668920199
p2,B,422,78,0,h00,5008997459668920199
p2,C,50,80,370,h00,5008997459668920199
p2,Non-ROH,500,0,0,h00,5008997459668920199
p3,A,500,0,0,h00,5008997459668920199
p3,B,460,40,0,h00,5008997459668920199
p3,C,39,104,357,h00,5008997459668920199
p3,Non-ROH,500,0,0,h00,5008997459668920199
p1,A,500,0,0,h00,5013579648388910214
p1,B,224,260,16,h00,5013579648388910214
p1,C,53,75,372,h00,5013579648388910214
p1,Non-ROH,500,0,0,h00,5013579648388910214
p2,A,500,0,0,h00,5013579648388910214
p2,B,421,79,0,h00,5013579648388910214
p2,C,42,91,367,h00,5013579648388910214
p2,Non-ROH,500,0,0,h00,5013579648388910214
p3,A,500,0,0,h00,5013579648388910214
p3,B,468,32,0,h00,5013579648388910214
p3,C,40,112,348,h00,5013579648388910214
p3,Non-ROH,500,0,0,h00,5013579648388910214
p1,A,500,0,0,h00,5023086294497998696
p1,B,254,235,11,h00,5023086294497998696
p1,C,70,68,362,h00,5023086294497998696
p1,Non-ROH,500,0,0,h00,5023086294497998696
p2,A,500,0,0,h00,5023086294497998696
p2,B,435,65,0,h00,5023086294497998696
p2,C,45,73,382,h00,5023086294497998696
p2,Non-ROH,500,0,0,h00,5023086294497998696
p3,A,500,0,0,h00,5023086294497998696
p3,B,458,42,0,h00,5023086294497998696
p3,C,36,157,307,h00,5023086294497998696
p3,Non-ROH,500,0,0,h00,5023086294497998696
p1,A,500,0,0,h00,5099936664436716099
p1,B,270,213,17,h00,5099936664436716099
p1,C,63,74,363,h00,5099936664436716099
p1,Non-ROH,500,0,0,h00,5099936664436716099
p2,A,500,0,0,h00,5099936664436716099
p2,B,418,81,1,h00,5099936664436716099
p2,C,47,81,372,h00,5099936664436716099
p2,Non-ROH,500,0,0,h00,5099936664436716099
p3,A,500,0,0,h00,5099936664436716099
p3,B,459,41,0,h00,5099936664436716099
p3,C,97,118,285,h00,5099936664436716099
p3,Non-ROH,500,0,0,h00,5099936664436716099
p1,A,498,2,0,h00,510538756595451643
p1,B,223,265,12,h00,510538756595451643
p1,C,63,73,364,h00,510538756595451643
p1,Non-ROH,500,0,0,h00,510538756595451643
p2,A,500,0,0,h00,510538756595451643
p2,B,408,92,0,h00,510538756595451643
p2,C,51,101,348,h00,510538756595451643
p2,Non-ROH,500,0,0,h00,510538756595451643
p3,A,500,0,0,h00,510538756595451643
p3,B,451,49,0,h00,510538756595451643
p3,C,33,117,350,h00,510538756595451643
p3,Non-ROH,500,0,0,h00,510538756595451643
p1,A,500,0,0,h00,5113713841006917347
p1,B,219,264,17,h00,5113713841006917347
p1,C,62,71,367,h00,5113713841006917347
p1,Non-ROH,500,0,0,h00,5113713841006917347
p2,A,500,0,0,h00,5113713841006917347
p2,B,399,101,0,h00,5113713841006917347
p2,C,68,71,361,h00,5113713841006917347
p2,Non-ROH,500,0,0,h00,5113713841006917347
p3,A,500,0,0,h00,5113713841006917347
p3,B,431,69,0,h00,5113713841006917347
p3,C,85,68,347,h00,5113713841006917347
p3,Non-ROH,500,0,0,h00,5113713841006917347
p1,A,500,0,0,h00,5121017319441665793
p1,B,245,240,15,h00,5121017319441665793
p1,C,50,73,377,h00,5121017319441665793
p1,Non-ROH,500,0,0,h00,5121017319441665793
p2,A,500,0,0,h00,5121017319441665793
p2,B,446,54,0,h00,5121017319441665793
p2,C,52,161,287,h00,5121017319441665793
p2,Non-ROH,500,0,0,h00,5121017319441665793
p3,A,500,0,0,h00,5121017319441665793
p3,B,465,35,0,h00,5121017319441665793
p3,C,56,71,373,h00,5121017319441665793
p3,Non-ROH,500,0,0,h00,5121017319441665793
p1,A,500,0,0,h00,5125311003961098146
p1,B,236,247,17,h00,5125311003961098146
p1,C,71,72,357,h00,5125311003961098146
p1,Non-ROH,500,0,0,h00,5125311003961098146
p2,A,500,0,0,h00,5125311003961098146
p2,B,442,58,0,h00,5125311003961098146
p2,C,67,100,333,h00,5125311003961098146
p2,Non-ROH,500,0,0,h00,5125311003961098146
p3,A,500,0,0,h00,5125311003961098146
p3,B,463,37,0,h00,5125311003961098146
p3,C,54,102,344,h00,5125311003961098146
p3,Non-ROH,500,0,0,h00,5125311003961098146
p1,A,500,0,0,h00,5130782248403526820
p1,B,264,224,12,h00,5130782248403526820
p1,C,64,59,377,h00,5130782248403526820
p1,Non-ROH,500,0,0,h00,5130782248403526820
p2,A,500,0,0,h00,5130782248403526820
p2,B,403,97,0,h00,5130782248403526820
p2,C,39,95,366,h00,5130782248403526820
p2,Non-ROH,500,0,0,h00,5130782248403526820
p3,A,500,0,0,h00,5130782248403526820
p3,B,450,50,0,h00,5130782248403526820
p3,C,28,105,367,h00,5130782248403526820
p3,Non-ROH,500,0,0,h00,5130782248403526820
p1,A,500,0,0,h00,5131756339351306096
p1,B,234,251,15,h00,5131756339351306096
p1,C,52,58,390,h00,5131756339351306096
p1,Non-ROH,500,0,0,h00,5131756339351306096
p2,A,500,0,0,h00,5131756339351306096
p2,B,412,88,0,h00,5131756339351306096
p2,C,49,88,363,h00,5131756339351306096
p2,Non-ROH,500,0,0,h00,5131756339351306096
p3,A,500,0,0,h00,5131756339351306096
p3,B,456,44,0,h00,5131756339351306096
p3,C,36,66,398,h00,5131756339351306096
p3,Non-ROH,500,0,0,h00,5131756339351306096
p1,A,500,0,0,h00,5142132378030356315
p1,B,266,218,16,h00,5142132378030356315
p1,C,61,65,374,h00,5142132378030356315
p1,Non-ROH,500,0,0,h00,5142132378030356315
p2,A,500,0,0,h00,5142132378030356315
p2,B,443,57,0,h00,5142132378030356315
p2,C,47,86,367,h00,5142132378030356315
p2,Non-ROH,500,0,0,h00,5142132378030356315
p3,A,500,0,0,h00,5142132378030356315
p3,B,466,34,0,h00,5142132378030356315
p3,C,43,97,360,h00,5142132378030356315
p3,Non-ROH,500,0,0,h00,5142132378030356315
p1,A,499,1,0,h00,5175702763526995636
p1,B,234,247,19,h00,5175702763526995636
p1,C,62,67,371,h00,5175702763526995636
p1,Non-ROH,500,0,0,h00,5175702763526995636
p2,A,500,0,0,h00,5175702763526995636
p2,B,377,123,0,h00,5175702763526995636
p2,C,55,133,312,h00,5175702763526995636
p2,Non-ROH,500,0,0,h00,5175702763526995636
p3,A,500,0,0,h00,5175702763526995636
p3,B,446,54,0,h00,5175702763526995636
p3,C,40,196,264,h00,5175702763526995636
p3,Non-ROH,500,0,0,h00,5175702763526995636
p1,A,500,0,0,h00,5191752431184455540
p1,B,239,247,14,h00,5191752431184455540
p1,C,42,69,389,h00,5191752431184455540
p1,Non-ROH,500,0,0,h00,5191752431184455540
p2,A,500,0,0,h00,5191752431184455540
p2,B,392,108,0,h00,5191752431184455540
p2,C,42,80,378,h00,5191752431184455540
p2,Non-ROH,500,0,0,h00,5191752431184455540
p3,A,500,0,0,h00,5191752431184455540
p3,B,436,64,0,h00,5191752431184455540
p3,C,24,137,339,h00,5191752431184455540
p3,Non-ROH,500,0,0,h00,5191752431184455540
p1,A,499,1,0,h00,525394873325788045
p1,B,279,210,11,h00,525394873325788045
p1,C,53,65,382,h00,525394873325788045
p1,Non-ROH,500,0,0,h00,525394873325788045
p2,A,500,0,0,h00,525394873325788045
p2,B,420,80,0,h00,525394873325788045
p2,C,35,114,351,h00,525394873325788045
p2,Non-ROH,500,0,0,h00,525394873325788045
p3,A,500,0,0,h00,525394873325788045
p3,B,462,38,0,h00,525394873325788045
p3,C,43,129,328,h00,525394873325788045
p3,Non-ROH,500,0,0,h00,525394873325788045
p1,A,500,0,0,h00,5269918019840730076
p1,B,210,275,15,h00,5269918019840730076
p1,C,51,100,349,h00,5269918019840730076
p1,Non-ROH,500,0,0,h00,5269918019840730076
p2,A,500,0,0,h00,5269918019840730076
p2,B,380,120,0,h00,5269918019840730076
p2,C,45,106,349,h00,5269918019840730076
p2,Non-ROH,500,0,0,h00,5269918019840730076
p3,A,500,0,0,h00,5269918019840730076
p3,B,437,63,0,h00,5269918019840730076
p3,C,45,168,287,h00,5269918019840730076
p3,Non-ROH,500,0,0,h00,5269918019840730076
p1,A,500,0,0,h00,5272992846921558164
p1,B,260,229,11,h00,5272992846921558164
p1,C,76,29,395,h00,5272992846921558164
p1,Non-ROH,500,0,0,h00,5272992846921558164
p2,A,500,0,0,h00,5272992846921558164
p2,B,433,67,0,h00,5272992846921558164
p2,C,163,33,304,h00,5272992846921558164
p2,Non-ROH,500,0,0,h00,5272992846921558164
p3,A,500,0,0,h00,5272992846921558164
p3,B,465,35,0,h00,5272992846921558164
p3,C,160,26,314,h00,5272992846921558164
p3,Non-ROH,500,0,0,h00,5272992846921558164
p1,A,499,1,0,h00,5282344227444082682
p1,B,253,229,18,h00,5282344227444082682
p1,C,61,65,374,h00,5282344227444082682
p1,Non-ROH,500,0,0,h00,5282344227444082682
p2,A,500,0,0,h00,5282344227444082682
p2,B,413,87,0,h00,5282344227444082682
p2,C,48,102,350,h00,5282344227444082682
p2,Non-ROH,500,0,0,h00,5282344227444082682
p3,A,500,0,0,h00,5282344227444082682
p3,B,457,43,0,h00,5282344227444082682
p3,C,29,114,357,h00,5282344227444082682
p3,Non-ROH,500,0,0,h00,5282344227444082682
p1,A,499,1,0,h00,5288204790441862211
p1,B,239,248,13,h00,5288204790441862211
p1,C,44,73,383,h00,5288204790441862211
p1,Non-ROH,500,0,0,h00,5288204790441862211
p2,A,500,0,0,h00,5288204790441862211
p2,B,410,90,0,h00,5288204790441862211
p2,C,41,101,358,h00,5288204790441862211
p2,Non-ROH,500,0,0,h00,5288204790441862211
p3,A,500,0,0,h00,5288204790441862211
p3,B,444,56,0,h00,5288204790441862211
p3,C,40,131,329,h00,5288204790441862211
p3,Non-ROH,500,0,0,h00,5288204790441862211
p1,A,499,1,0,h00,5294029148979271320
p1,B,233,245,22,h00,5294029148979271320
p1,C,58,61,381,h00,5294029148979271320
p1,Non-ROH,500,0,0,h00,5294029148979271320
p2,A,500,0,0,h00,5294029148979271320
p2,B,433,65,2,h00,5294029148979271320
p2,C,41,104,355,h00,5294029148979271320
p2,Non-ROH,500,0,0,h00,5294029148979271320
p3,A,500,0,0,h00,5294029148979271320
p3,B,454,46,0,h00,5294029148979271320
p3,C,26,149,325,h00,5294029148979271320
p3,Non-ROH,500,0,0,h00,5294029148979271320
p1,A,500,0,0,h00,5309441674361370314
p1,B,271,215,14,h00,5309441674361370314
p1,C,55,64,381,h00,5309441674361370314
p1,Non-ROH,500,0,0,h00,5309441674361370314
p2,A,500,0,0,h00,5309441674361370314
p2,B,445,55,0,h00,5309441674361370314
p2,C,48,90,362,h00,5309441674361370314
p2,Non-ROH,500,0,0,h00,5309441674361370314
p3,A,500,0,0,h00,5309441674361370314
p3,B,452,48,0,h00,5309441674361370314
p3,C,40,91,369,h00,5309441674361370314
p3,Non-ROH,500,0,0,h00,5309441674361370314
p1,A,498,2,0,h00,5323552524682102454
p1,B,210,273,17,h00,5323552524682102454
p1,C,53,73,374,h00,5323552524682102454
p1,Non-ROH,500,0,0,h00,5323552524682102454
p2,A,500,0,0,h00,5323552524682102454
p2,B,421,79,0,h00,5323552524682102454
p2,C,39,84,377,h00,5323552524682102454
p2,Non-ROH,500,0,0,h00,5323552524682102454
p3,A,500,0,0,h00,5323552524682102454
p3,B,456,44,0,h00,5323552524682102454
p3,C,38,82,380,h00,5323552524682102454
p3,Non-ROH,500,0,0,h00,5323552524682102454
p1,A,500,0,0,h00,534682968402810412
p1,B,246,243,11,h00,534682968402810412
p1,C,55,72,373,h00,534682968402810412
p1,Non-ROH,500,0,0,h00,534682968402810412
p2,A,500,0,0,h00,534682968402810412
p2,B,410,90,0,h00,534682968402810412
p2,C,30,167,303,h00,534682968402810412
p2,Non-ROH,500,0,0,h00,534682968402810412
p3,A,500,0,0,h00,534682968402810412
p3,B,444,56,0,h00,534682968402810412
p3,C,49,106,345,h00,534682968402810412
p3,Non-ROH,500,0,0,h00,534682968402810412
p1,A,500,0,0,h00,5363488049418491823
p1,B,232,259,9,h00,5363488049418491823
p1,C,57,73,370,h00,5363488049418491823
p1,Non-ROH,500,0,0,h00,5363488049418491823
p2,A,500,0,0,h00,5363488049418491823
p2,B,439,61,0,h00,5363488049418491823
p2,C,55,56,389,h00,5363488049418491823
p2,Non-ROH,500,0,0,h00,5363488049418491823
p3,A,500,0,0,h00,5363488049418491823
p3,B,461,39,0,h00,5363488049418491823
p3,C,40,82,378,h00,5363488049418491823
p3,Non-ROH,500,0,0,h00,5363488049418491823
p1,A,499,1,0,h00,5364969804020168958
p1,B,212,270,18,h00,5364969804020168958
p1,C,60,78,362,h00,5364969804020168958
p1,Non-ROH,500,0,0,h00,5364969804020168958
p2,A,500,0,0,h00,5364969804020168958
p2,B,367,133,0,h00,5364969804020168958
p2,C,33,78,389,h00,5364969804020168958
p2,Non-ROH,500,0,0,h00,5364969804020168958
p3,A,500,0,0,h00,5364969804020168958
p3,B,424,76,0,h00,5364969804020168958
p3,C,28,136,336,h00,5364969804020168958
p3,Non-ROH,500,0,0,h00,5364969804020168958
p1,A,500,0,0,h00,5380802345488473922
p1,B,257,232,11,h00,5380802345488473922
p1,C,67,79,354,h00,5380802345488473922
p1,Non-ROH,500,0,0,h00,5380802345488473922
p2,A,500,0,0,h00,5380802345488473922
p2,B,435,65,0,h00,5380802345488473922
p2,C,47,88,365,h00,5380802345488473922
p2,Non-ROH,500,0,0,h00,5380802345488473922
p3,A,500,0,0,h00,5380802345488473922
p3,B,466,34,0,h00,5380802345488473922
p3,C,49,68,383,h00,5380802345488473922
p3,Non-ROH,500,0,0,h00,5380802345488473922
p1,A,499,1,0,h00,5387207891766409458
p1,B,268,212,20,h00,5387207891766409458
p1,C,55,86,359,h00,5387207891766409458
p1,Non-ROH,500,0,0,h00,5387207891766409458
p2,A,500,0,0,h00,5387207891766409458
p2,B,421,79,0,h00,5387207891766409458
p2,C,35,130,335,h00,5387207891766409458
p2,Non-ROH,500,0,0,h00,5387207891766409458
p3,A,500,0,0,h00,5387207891766409458
p3,B,454,46,0,h00,5387207891766409458
p3,C,31,154,315,h00,5387207891766409458
p3,Non-ROH,500,0,0,h00,5387207891766409458
p1,A,500,0,0,h00,540664547929555737
p1,B,225,259,16,h00,540664547929555737
p1,C,67,81,352,h00,540664547929555737
p1,Non-ROH,500,0,0,h00,540664547929555737
p2,A,500,0,0,h00,540664547929555737
p2,B,407,93,0,h00,540664547929555737
p2,C,38,92,370,h00,540664547929555737
p2,Non-ROH,500,0,0,h00,540664547929555737
p3,A,500,0,0,h00,540664547929555737
p3,B,456,44,0,h00,540664547929555737
p3,C,44,97,359,h00,540664547929555737
p3,Non-ROH,500,0,0,h00,540664547929555737
p1,A,500,0,0,h00,5412404492194880799
p1,B,269,219,12,h00,5412404492194880799
p1,C,58,73,369,h00,5412404492194880799
p1,Non-ROH,500,0,0,h00,5412404492194880799
p2,A,500,0,0,h00,5412404492194880799
p2,B,441,59,0,h00,5412404492194880799
p2,C,39,85,376,h00,5412404492194880799
p2,Non-ROH,500,0,0,h00,5412404492194880799
p3,A,500,0,0,h00,5412404492194880799
p3,B,467,33,0,h00,5412404492194880799
p3,C,41,88,371,h00,5412404492194880799
p3,Non-ROH,500,0,0,h00,5412404492194880799
p1,A,499,1,0,h00,5494243895140297771
p1,B,209,265,26,h00,5494243895140297771
p1,C,66,71,363,h00,5494243895140297771
p1,Non-ROH,500,0,0,h00,5494243895140297771
p2,A,500,0,0,h00,5494243895140297771
p2,B,397,103,0,h00,5494243895140297771
p2,C,36,76,388,h00,5494243895140297771
p2,Non-ROH,500,0,0,h00,5494243895140297771
p3,A,500,0,0,h00,5494243895140297771
p3,B,420,80,0,h00,5494243895140297771
p3,C,38,96,366,h00,5494243895140297771
p3,Non-ROH,500,0,0,h00,5494243895140297771
p1,A,500,0,0,h00,5504366416798345637
p1,B,233,251,16,h00,5504366416798345637
p1,C,77,51,372,h00,5504366416798345637
p1,Non-ROH,500,0,0,h00,5504366416798345637
p2,A,500,0,0,h00,5504366416798345637
p2,B,402,98,0,h00,5504366416798345637
p2,C,69,119,312,h00,5504366416798345637
p2,Non-ROH,500,0,0,h00,5504366416798345637
p3,A,500,0,0,h00,5504366416798345637
p3,B,447,53,0,h00,5504366416798345637
p3,C,113,156,231,h00,5504366416798345637
p3,Non-ROH,500,0,0,h00,5504366416798345637
p1,A,500,0,0,h00,5530463527378831952
p1,B,228,255,17,h00,5530463527378831952
p1,C,52,78,370,h00,5530463527378831952
p1,Non-ROH,500,0,0,h00,5530463527378831952
p2,A,500,0,0,h00,5530463527378831952
p2,B,410,90,0,h00,5530463527378831952
p2,C,38,68,394,h00,5530463527378831952
p2,Non-ROH,500,0,0,h00,5530463527378831952
p3,A,500,0,0,h00,5530463527378831952
p3,B,451,49,0,h00,5530463527378831952
p3,C,26,79,395,h00,5530463527378831952
p3,Non-ROH,500,0,0,h00,5530463527378831952
p1,A,499,1,0,h00,5555576242711617050
p1,B,249,229,22,h00,5555576242711617050
p1,C,57,68,375,h00,5555576242711617050
p1,Non-ROH,500,0,0,h00,5555576242711617050
p2,A,500,0,0,h00,5555576242711617050
p2,B,391,109,0,h00,5555576242711617050
p2,C,59,50,391,h00,5555576242711617050
p2,Non-ROH,500,0,0,h00,5555576242711617050
p3,A,500,0,0,h00,5555576242711617050
p3,B,470,30,0,h00,5555576242711617050
p3,C,60,96,344,h00,5555576242711617050
p3,Non-ROH,500,0,0,h00,5555576242711617050
p1,A,500,0,0,h00,5575988644636347335
p1,B,250,240,10,h00,5575988644636347335
p1,C,53,61,386,h00,5575988644636347335
p1,Non-ROH,500,0,0,h00,5575988644636347335
p2,A,500,0,0,h00,5575988644636347335
p2,B,449,51,0,h00,5575988644636347335
p2,C,45,115,340,h00,5575988644636347335
p2,Non-ROH,500,0,0,h00,5575988644636347335
p3,A,500,0,0,h00,5575988644636347335
p3,B,448,52,0,h00,5575988644636347335
p3,C,42,101,357,h00,5575988644636347335
p3,Non-ROH,500,0,0,h00,5575988644636347335
p1,A,500,0,0,h00,5577896734766994341
p1,B,245,245,10,h00,5577896734766994341
p1,C,62,64,374,h00,5577896734766994341
p1,Non-ROH,500,0,0,h00,5577896734766994341
p2,A,500,0,0,h00,5577896734766994341
p2,B,437,63,0,h00,5577896734766994341
p2,C,30,119,351,h00,5577896734766994341
p2,Non-ROH,500,0,0,h00,5577896734766994341
p3,A,500,0,0,h00,5577896734766994341
p3,B,462,38,0,h00,5577896734766994341
p3,C,33,104,363,h00,5577896734766994341
p3,Non-ROH,500,0,0,h00,5577896734766994341
p1,A,500,0,0,h00,5589931410833221459
p1,B,243,238,19,h00,5589931410833221459
p1,C,60,80,360,h00,5589931410833221459
p1,Non-ROH,500,0,0,h00,5589931410833221459
p2,A,500,0,0,h00,5589931410833221459
p2,B,392,108,0,h00,5589931410833221459
p2,C,38,97,365,h00,5589931410833221459
p2,Non-ROH,500,0,0,h00,5589931410833221459
p3,A,500,0,0,h00,5589931410833221459
p3,B,471,29,0,h00,5589931410833221459
p3,C,39,148,313,h00,5589931410833221459
p3,Non-ROH,500,0,0,h00,5589931410833221459
p1,A,499,1,0,h00,5598360236744566589
p1,B,192,290,18,h00,5598360236744566589
p1,C,50,72,378,h00,5598360236744566589
p1,Non-ROH,500,0,0,h00,5598360236744566589
p2,A,500,0,0,h00,5598360236744566589
p2,B,391,109,0,h00,5598360236744566589
p2,C,27,90,383,h00,5598360236744566589
p2,Non-ROH,500,0,0,h00,5598360236744566589
p3,A,500,0,0,h00,5598360236744566589
p3,B,431,69,0,h00,5598360236744566589
p3,C,22,102,376,h00,5598360236744566589
p3,Non-ROH,500,0,0,h00,5598360236744566589
p1,A,500,0,0,h00,564114765938807808
p1,B,264,224,12,h00,564114765938807808
p1,C,62,64,374,h00,564114765938807808
p1,Non-ROH,500,0,0,h00,564114765938807808
p2,A,500,0,0,h00,564114765938807808
p2,B,416,84,0,h00,564114765938807808
p2,C,36,103,361,h00,564114765938807808
p2,Non-ROH,500,0,0,h00,564114765938807808
p3,A,500,0,0,h00,564114765938807808
p3,B,462,38,0,h00,564114765938807808
p3,C,49,82,369,h00,564114765938807808
p3,Non-ROH,500,0,0,h00,564114765938807808
p1,A,499,1,0,h00,566651619964385672
p1,B,185,306,9,h00,566651619964385672
p1,C,54,71,375,h00,566651619964385672
p1,Non-ROH,500,0,0,h00,566651619964385672
p2,A,500,0,0,h00,566651619964385672
p2,B,379,121,0,h00,566651619964385672
p2,C,32,107,361,h00,566651619964385672
p2,Non-ROH,500,0,0,h00,566651619964385672
p3,A,500,0,0,h00,566651619964385672
p3,B,428,72,0,h00,566651619964385672
p3,C,38,101,361,h00,566651619964385672
p3,Non-ROH,500,0,0,h00,566651619964385672
p1,A,499,1,0,h00,5677124165915266368
p1,B,217,268,15,h00,5677124165915266368
p1,C,54,70,376,h00,5677124165915266368
p1,Non-ROH,500,0,0,h00,5677124165915266368
p2,A,500,0,0,h00,5677124165915266368
p2,B,414,86,0,h00,5677124165915266368
p2,C,49,120,331,h00,5677124165915266368
p2,Non-ROH,500,0,0,h00,5677124165915266368
p3,A,500,0,0,h00,5677124165915266368
p3,B,466,34,0,h00,5677124165915266368
p3,C,44,93,363,h00,5677124165915266368
p3,Non-ROH,500,0,0,h00,5677124165915266368
p1,A,500,0,0,h00,5684708423175688045
p1,B,247,241,12,h00,5684708423175688045
p1,C,47,62,391,h00,5684708423175688045
p1,Non-ROH,500,0,0,h00,5684708423175688045
p2,A,500,0,0,h00,5684708423175688045
p2,B,423,77,0,h00,5684708423175688045
p2,C,40,74,386,h00,5684708423175688045
p2,Non-ROH,500,0,0,h00,5684708423175688045
p3,A,500,0,0,h00,5684708423175688045
p3,B,463,37,0,h00,5684708423175688045
p3,C,40,94,366,h00,5684708423175688045
p3,Non-ROH,500,0,0,h00,5684708423175688045
p1,A,499,1,0,h00,5695937518333762421
p1,B,221,258,21,h00,5695937518333762421
p1,C,66,44,390,h00,5695937518333762421
p1,Non-ROH,500,0,0,h00,5695937518333762421
p2,A,500,0,0,h00,5695937518333762421
p2,B,391,109,0,h00,5695937518333762421
p2,C,74,44,382,h00,5695937518333762421
p2,Non-ROH,500,0,0,h00,5695937518333762421
p3,A,500,0,0,h00,5695937518333762421
p3,B,441,59,0,h00,5695937518333762421
p3,C,68,118,314,h00,5695937518333762421
p3,Non-ROH,500,0,0,h00,5695937518333762421
p1,A,500,0,0,h00,5735050356341273087
p1,B,238,252,10,h00,5735050356341273087
p1,C,69,76,355,h00,5735050356341273087
p1,Non-ROH,500,0,0,h00,5735050356341273087
p2,A,500,0,0,h00,5735050356341273087
p2,B,430,70,0,h00,5735050356341273087
p2,C,44,108,348,h00,5735050356341273087
p2,Non-ROH,500,0,0,h00,5735050356341273087
p3,A,500,0,0,h00,5735050356341273087
p3,B,463,37,0,h00,5735050356341273087
p3,C,42,78,380,h00,5735050356341273087
p3,Non-ROH,500,0,0,h00,5735050356341273087
p1,A,500,0,0,h00,5743287625190340845
p1,B,226,254,20,h00,5743287625190340845
p1,C,54,66,380,h00,5743287625190340845
p1,Non-ROH,500,0,0,h00,5743287625190340845
p2,A,500,0,0,h00,5743287625190340845
p2,B,415,85,0,h00,5743287625190340845
p2,C,33,79,388,h00,5743287625190340845
p2,Non-ROH,500,0,0,h00,5743287625190340845
p3,A,500,0,0,h00,5743287625190340845
p3,B,454,46,0,h00,5743287625190340845
p3,C,34,90,376,h00,5743287625190340845
p3,Non-ROH,500,0,0,h00,5743287625190340845
p1,A,500,0,0,h00,5751491243944354970
p1,B,243,238,19,h00,5751491243944354970
p1,C,52,89,359,h00,5751491243944354970
p1,Non-ROH,500,0,0,h00,5751491243944354970
p2,A,500,0,0,h00,5751491243944354970
p2,B,410,90,0,h00,5751491243944354970
p2,C,36,96,368,h00,5751491243944354970
p2,Non-ROH,500,0,0,h00,5751491243944354970
p3,A,500,0,0,h00,5751491243944354970
p3,B,456,44,0,h00,5751491243944354970
p3,C,25,77,398,h00,5751491243944354970
p3,Non-ROH,500,0,0,h00,5751491243944354970
p1,A,500,0,0,h00,582610902720345849
p1,B,224,264,12,h00,582610902720345849
p1,C,68,76,356,h00,582610902720345849
p1,Non-ROH,500,0,0,h00,582610902720345849
p2,A,500,0,0,h00,582610902720345849
p2,B,372,128,0,h00,582610902720345849
p2,C,46,65,389,h00,582610902720345849
p2,Non-ROH,500,0,0,h00,582610902720345849
p3,A,500,0,0,h00,582610902720345849
p3,B,452,48,0,h00,582610902720345849
p3,C,46,94,360,h00,582610902720345849
p3,Non-ROH,500,0,0,h00,582610902720345849
p1,A,500,0,0,h00,5877867198804483213
p1,B,216,263,21,h00,5877867198804483213
p1,C,46,83,371,h00,5877867198804483213
p1,Non-ROH,500,0,0,h00,5877867198804483213
p2,A,500,0,0,h00,5877867198804483213
p2,B,400,100,0,h00,5877867198804483213
p2,C,38,163,299,h00,5877867198804483213
p2,Non-ROH,500,0,0,h00,5877867198804483213
p3,A,500,0,0,h00,5877867198804483213
p3,B,449,51,0,h00,5877867198804483213
p3,C,38,104,358,h00,5877867198804483213
p3,Non-ROH,500,0,0,h00,5877867198804483213
p1,A,498,2,0,h00,5896384398177591093
p1,B,196,290,14,h00,5896384398177591093
p1,C,55,91,354,h00,5896384398177591093
p1,Non-ROH,500,0,0,h00,5896384398177591093
p2,A,500,0,0,h00,5896384398177591093
p2,B,374,126,0,h00,5896384398177591093
p2,C,31,107,362,h00,5896384398177591093
p2,Non-ROH,500,0,0,h00,5896384398177591093
p3,A,500,0,0,h00,5896384398177591093
p3,B,425,75,0,h00,5896384398177591093
p3,C,27,94,379,h00,5896384398177591093
p3,Non-ROH,500,0,0,h00,5896384398177591093
p1,A,500,0,0,h00,5923778632858078141
p1,B,250,231,19,h00,5923778632858078141
p1,C,55,61,384,h00,5923778632858078141
p1,Non-ROH,500,0,0,h00,5923778632858078141
p2,A,500,0,0,h00,5923778632858078141
p2,B,447,53,0,h00,5923778632858078141
p2,C,41,86,373,h00,5923778632858078141
p2,Non-ROH,500,0,0,h00,5923778632858078141
p3,A,500,0,0,h00,5923778632858078141
p3,B,465,35,0,h00,5923778632858078141
p3,C,18,102,380,h00,5923778632858078141
p3,Non-ROH,500,0,0,h00,5923778632858078141
p1,A,499,1,0,h00,592565897307866256
p1,B,278,211,11,h00,592565897307866256
p1,C,57,84,359,h00,592565897307866256
p1,Non-ROH,500,0,0,h00,592565897307866256
p2,A,500,0,0,h00,592565897307866256
p2,B,420,80,0,h00,592565897307866256
p2,C,51,106,343,h00,592565897307866256
p2,Non-ROH,500,0,0,h00,592565897307866256
p3,A,500,0,0,h00,592565897307866256
p3,B,473,27,0,h00,592565897307866256
p3,C,35,116,349,h00,592565897307866256
p3,Non-ROH,500,0,0,h00,592565897307866256
p1,A,500,0,0,h00,5966097897883737573
p1,B,248,235,17,h00,5966097897883737573
p1,C,57,66,377,h00,5966097897883737573
p1,Non-ROH,500,0,0,h00,5966097897883737573
p2,A,500,0,0,h00,5966097897883737573
p2,B,426,74,0,h00,5966097897883737573
p2,C,43,85,372,h00,5966097897883737573
p2,Non-ROH,500,0,0,h00,5966097897883737573
p3,A,500,0,0,h00,5966097897883737573
p3,B,442,58,0,h00,5966097897883737573
p3,C,32,146,322,h00,5966097897883737573
p3,Non-ROH,500,0,0,h00,5966097897883737573
p1,A,499,1,0,h00,5967626245496002603
p1,B,223,264,13,h00,5967626245496002603
p1,C,54,91,355,h00,5967626245496002603
p1,Non-ROH,500,0,0,h00,5967626245496002603
p2,A,500,0,0,h00,5967626245496002603
p2,B,413,87,0,h00,5967626245496002603
p2,C,73,66,361,h00,5967626245496002603
p2,Non-ROH,500,0,0,h00,5967626245496002603
p3,A,500,0,0,h00,5967626245496002603
p3,B,440,60,0,h00,5967626245496002603
p3,C,36,131,333,h00,5967626245496002603
p3,Non-ROH,500,0,0,h00,5967626245496002603
p1,A,499,1,0,h00,5986974206251402170
p1,B,253,236,11,h00,5986974206251402170
p1,C,56,74,370,h00,5986974206251402170
p1,Non-ROH,500,0,0,h00,5986974206251402170
p2,A,500,0,0,h00,5986974206251402170
p2,B,415,85,0,h00,5986974206251402170
p2,C,30,106,364,h00,5986974206251402170
p2,Non-ROH,500,0,0,h00,5986974206251402170
p3,A,500,0,0,h00,5986974206251402170
p3,B,461,39,0,h00,5986974206251402170
p3,C,43,116,341,h00,5986974206251402170
p3,Non-ROH,500,0,0,h00,5986974206251402170
p1,A,500,0,0,h00,5987750805416027596
p1,B,267,222,11,h00,5987750805416027596
p1,C,52,64,384,h00,5987750805416027596
p1,Non-ROH,500,0,0,h00,5987750805416027596
p2,A,500,0,0,h00,5987750805416027596
p2,B,444,56,0,h00,5987750805416027596
p2,C,53,63,384,h00,5987750805416027596
p2,Non-ROH,500,0,0,h00,5987750805416027596
p3,A,500,0,0,h00,5987750805416027596
p3,B,466,34,0,h00,5987750805416027596
p3,C,35,143,322,h00,5987750805416027596
p3,Non-ROH,500,0,0,h00,5987750805416027596
p1,A,499,1,0,h00,5999603022608345824
p1,B,264,224,12,h00,5999603022608345824
p1,C,49,74,377,h00,5999603022608345824
p1,Non-ROH,500,0,0,h00,5999603022608345824
p2,A,500,0,0,h00,5999603022608345824
p2,B,399,101,0,h00,5999603022608345824
p2,C,40,94,366,h00,5999603022608345824
p2,Non-ROH,500,0,0,h00,5999603022608345824
p3,A,500,0,0,h00,5999603022608345824
p3,B,441,59,0,h00,5999603022608345824
p3,C,40,82,378,h00,5999603022608345824
p3,Non-ROH,500,0,0,h00,5999603022608345824
p1,A,500,0,0,h00,6021051998319135647
p1,B,271,214,15,h00,6021051998319135647
p1,C,61,59,380,h00,6021051998319135647
p1,Non-ROH,500,0,0,h00,6021051998319135647
p2,A,500,0,0,h00,6021051998319135647
p2,B,443,57,0,h00,6021051998319135647
p2,C,75,56,369,h00,6021051998319135647
p2,Non-ROH,500,0,0,h00,6021051998319135647
p3,A,500,0,0,h00,6021051998319135647
p3,B,461,39,0,h00,6021051998319135647
p3,C,55,99,346,h00,6021051998319135647
p3,Non-ROH,500,0,0,h00,6021051998319135647
p1,A,500,0,0,h00,6057075743393249859
p1,B,223,263,14,h00,6057075743393249859
p1,C,64,73,363,h00,6057075743393249859
p1,Non-ROH,500,0,0,h00,6057075743393249859
p2,A,500,0,0,h00,6057075743393249859
p2,B,436,64,0,h00,6057075743393249859
p2,C,52,102,346,h00,6057075743393249859
p2,Non-ROH,500,0,0,h00,6057075743393249859
p3,A,500,0,0,h00,6057075743393249859
p3,B,454,46,0,h00,6057075743393249859
p3,C,43,95,362,h00,6057075743393249859
p3,Non-ROH,500,0,0,h00,6057075743393249859
p1,A,500,0,0,h00,6058931797855114365
p1,B,235,252,13,h00,6058931797855114365
p1,C,70,58,372,h00,6058931797855114365
p1,Non-ROH,500,0,0,h00,6058931797855114365
p2,A,500,0,0,h00,6058931797855114365
p2,B,419,81,0,h00,6058931797855114365
p2,C,55,88,357,h00,6058931797855114365
p2,Non-ROH,500,0,0,h00,6058931797855114365
p3,A,500,0,0,h00,6058931797855114365
p3,B,452,48,0,h00,6058931797855114365
p3,C,56,71,373,h00,6058931797855114365
p3,Non-ROH,500,0,0,h00,6058931797855114365
p1,A,500,0,0,h00,6076716814428451044
p1,B,264,224,12,h00,6076716814428451044
p1,C,62,69,369,h00,6076716814428451044
p1,Non-ROH,500,0,0,h00,6076716814428451044
p2,A,500,0,0,h00,6076716814428451044
p2,B,449,50,1,h00,6076716814428451044
p2,C,49,119,332,h00,6076716814428451044
p2,Non-ROH,500,0,0,h00,6076716814428451044
p3,A,500,0,0,h00,6076716814428451044
p3,B,481,19,0,h00,6076716814428451044
p3,C,45,80,375,h00,6076716814428451044
p3,Non-ROH,500,0,0,h00,6076716814428451044
p1,A,500,0,0,h00,6091988916623446105
p1,B,244,235,21,h00,6091988916623446105
p1,C,47,79,374,h00,6091988916623446105
p1,Non-ROH,500,0,0,h00,6091988916623446105
p2,A,500,0,0,h00,6091988916623446105
p2,B,400,100,0,h00,6091988916623446105
p2,C,39,123,338,h00,6091988916623446105
p2,Non-ROH,500,0,0,h00,6091988916623446105
p3,A,500,0,0,h00,6091988916623446105
p3,B,430,70,0,h00,6091988916623446105
p3,C,43,89,368,h00,6091988916623446105
p3,Non-ROH,500,0,0,h00,6091988916623446105
p1,A,499,1,0,h00,6096569785520920641
p1,B,189,298,13,h00,6096569785520920641
p1,C,44,78,378,h00,6096569785520920641
p1,Non-ROH,500,0,0,h00,6096569785520920641
p2,A,499,1,0,h00,6096569785520920641
p2,B,369,131,0,h00,6096569785520920641
p2,C,25,95,380,h00,6096569785520920641
p2,Non-ROH,500,0,0,h00,6096569785520920641
p3,A,500,0,0,h00,6096569785520920641
p3,B,410,90,0,h00,6096569785520920641
p3,C,26,94,380,h00,6096569785520920641
p3,Non-ROH,500,0,0,h00,6096569785520920641
p1,A,500,0,0,h00,6102556247954396050
p1,B,251,236,13,h00,6102556247954396050
p1,C,57,53,390,h00,6102556247954396050
p1,Non-ROH,500,0,0,h00,6102556247954396050
p2,A,500,0,0,h00,6102556247954396050
p2,B,402,98,0,h00,6102556247954396050
p2,C,40,106,354,h00,6102556247954396050
p2,Non-ROH,500,0,0,h00,6102556247954396050
p3,A,500,0,0,h00,6102556247954396050
p3,B,458,42,0,h00,6102556247954396050
p3,C,44,100,356,h00,6102556247954396050
p3,Non-ROH,500,0,0,h00,6102556247954396050
p1,A,498,2,0,h00,6142107552244125784
p1,B,227,262,11,h00,6142107552244125784
p1,C,55,71,374,h00,6142107552244125784
p1,Non-ROH,500,0,0,h00,6142107552244125784
p2,A,500,0,0,h00,6142107552244125784
p2,B,416,84,0,h00,6142107552244125784
p2,C,53,114,333,h00,6142107552244125784
p2,Non-ROH,500,0,0,h00,6142107552244125784
p3,A,500,0,0,h00,6142107552244125784
p3,B,428,72,0,h00,6142107552244125784
p3,C,39,98,363,h00,6142107552244125784
p3,Non-ROH,500,0,0,h00,6142107552244125784
p1,A,500,0,0,h00,6142901293428679179
p1,B,236,254,10,h00,6142901293428679179
p1,C,52,67,381,h00,6142901293428679179
p1,Non-ROH,500,0,0,h00,6142901293428679179
p2,A,500,0,0,h00,6142901293428679179
p2,B,421,79,0,h00,6142901293428679179
p2,C,41,89,370,h00,6142901293428679179
p2,Non-ROH,500,0,0,h00,6142901293428679179
p3,A,500,0,0,h00,6142901293428679179
p3,B,452,48,0,h00,6142901293428679179
p3,C,40,105,355,h00,6142901293428679179
p3,Non-ROH,500,0,0,h00,6142901293428679179
p1,A,500,0,0,h00,6149702160903447389
p1,B,233,253,14,h00,6149702160903447389
p1,C,63,75,362,h00,6149702160903447389
p1,Non-ROH,500,0,0,h00,6149702160903447389
p2,A,500,0,0,h00,6149702160903447389
p2,B,379,121,0,h00,6149702160903447389
p2,C,45,103,352,h00,6149702160903447389
p2,Non-ROH,500,0,0,h00,6149702160903447389
p3,A,500,0,0,h00,6149702160903447389
p3,B,437,63,0,h00,6149702160903447389
p3,C,61,110,329,h00,6149702160903447389
p3,Non-ROH,500,0,0,h00,6149702160903447389
p1,A,500,0,0,h00,6153988684505601336
p1,B,252,231,17,h00,6153988684505601336
p1,C,68,61,371,h00,6153988684505601336
p1,Non-ROH,500,0,0,h00,6153988684505601336
p2,A,500,0,0,h00,6153988684505601336
p2,B,401,99,0,h00,6153988684505601336
p2,C,40,86,374,h00,6153988684505601336
p2,Non-ROH,500,0,0,h00,6153988684505601336
p3,A,500,0,0,h00,6153988684505601336
p3,B,457,43,0,h00,6153988684505601336
p3,C,33,78,389,h00,6153988684505601336
p3,Non-ROH,500,0,0,h00,6153988684505601336
p1,A,500,0,0,h00,6182275259578982702
p1,B,238,242,20,h00,6182275259578982702
p1,C,49,68,383,h00,6182275259578982702
p1,Non-ROH,500,0,0,h00,6182275259578982702
p2,A,500,0,0,h00,6182275259578982702
p2,B,434,66,0,h00,6182275259578982702
p2,C,37,95,368,h00,6182275259578982702
p2,Non-ROH,500,0,0,h00,6182275259578982702
p3,A,500,0,0,h00,6182275259578982702
p3,B,452,48,0,h00,6182275259578982702
p3,C,34,80,386,h00,6182275259578982702
p3,Non-ROH,500,0,0,h00,6182275259578982702
p1,A,500,0,0,h00,6187119608957122884
p1,B,251,235,14,h00,6187119608957122884
p1,C,54,85,361,h00,6187119608957122884
p1,Non-ROH,500,0,0,h00,6187119608957122884
p2,A,500,0,0,h00,6187119608957122884
p2,B,441,59,0,h00,6187119608957122884
p2,C,42,89,369,h00,6187119608957122884
p2,Non-ROH,500,0,0,h00,6187119608957122884
p3,A,500,0,0,h00,6187119608957122884
p3,B,462,38,0,h00,6187119608957122884
p3,C,37,175,288,h00,6187119608957122884
p3,Non-ROH,500,0,0,h00,6187119608957122884
p1,A,500,0,0,h00,6216102812433735615
p1,B,256,234,10,h00,6216102812433735615
p1,C,49,69,382,h00,6216102812433735615
p1,Non-ROH,500,0,0,h00,6216102812433735615
p2,A,500,0,0,h00,6216102812433735615
p2,B,426,74,0,h00,6216102812433735615
p2,C,43,105,352,h00,6216102812433735615
p2,Non-ROH,500,0,0,h00,6216102812433735615
p3,A,500,0,0,h00,6216102812433735615
p3,B,449,51,0,h00,6216102812433735615
p3,C,39,108,353,h00,6216102812433735615
p3,Non-ROH,500,0,0,h00,6216102812433735615
p1,A,500,0,0,h00,6245060847863644573
p1,B,228,252,20,h00,6245060847863644573
p1,C,71,48,381,h00,6245060847863644573
p1,Non-ROH,500,0,0,h00,6245060847863644573
p2,A,500,0,0,h00,6245060847863644573
p2,B,398,102,0,h00,6245060847863644573
p2,C,138,39,323,h00,6245060847863644573
p2,Non-ROH,500,0,0,h00,6245060847863644573
p3,A,500,0,0,h00,6245060847863644573
p3,B,429,71,0,h00,6245060847863644573
p3,C,76,53,371,h00,6245060847863644573
p3,Non-ROH,500,0,0,h00,6245060847863644573
p1,A,499,1,0,h00,6248453267288648286
p1,B,211,273,16,h00,6248453267288648286
p1,C,62,70,368,h00,6248453267288648286
p1,Non-ROH,500,0,0,h00,6248453267288648286
p2,A,500,0,0,h00,6248453267288648286
p2,B,428,72,0,h00,6248453267288648286
p2,C,49,87,364,h00,6248453267288648286
p2,Non-ROH,500,0,0,h00,6248453267288648286
p3,A,500,0,0,h00,6248453267288648286
p3,B,448,52,0,h00,6248453267288648286
p3,C,26,120,354,h00,6248453267288648286
p3,Non-ROH,500,0,0,h00,6248453267288648286
p1,A,500,0,0,h00,6268286312611743201
p1,B,231,254,15,h00,6268286312611743201
p1,C,62,58,380,h00,6268286312611743201
p1,Non-ROH,500,0,0,h00,6268286312611743201
p2,A,500,0,0,h00,6268286312611743201
p2,B,404,96,0,h00,6268286312611743201
p2,C,47,81,372,h00,6268286312611743201
p2,Non-ROH,500,0,0,h00,6268286312611743201
p3,A,500,0,0,h00,6268286312611743201
p3,B,422,78,0,h00,6268286312611743201
p3,C,31,116,353,h00,6268286312611743201
p3,Non-ROH,500,0,0,h00,6268286312611743201
p1,A,500,0,0,h00,6279418848049494834
p1,B,193,288,19,h00,6279418848049494834
p1,C,61,86,353,h00,6279418848049494834
p1,Non-ROH,500,0,0,h00,6279418848049494834
p2,A,500,0,0,h00,6279418848049494834
p2,B,403,97,0,h00,6279418848049494834
p2,C,28,123,349,h00,6279418848049494834
p2,Non-ROH,500,0,0,h00,6279418848049494834
p3,A,500,0,0,h00,6279418848049494834
p3,B,444,56,0,h00,6279418848049494834
p3,C,38,152,310,h00,6279418848049494834
p3,Non-ROH,500,0,0,h00,6279418848049494834
p1,A,500,0,0,h00,6279972912461099210
p1,B,227,256,17,h00,6279972912461099210
p1,C,73,59,368,h00,6279972912461099210
p1,Non-ROH,500,0,0,h00,6279972912461099210
p2,A,500,0,0,h00,6279972912461099210
p2,B,430,70,0,h00,6279972912461099210
p2,C,49,101,350,h00,6279972912461099210
p2,Non-ROH,500,0,0,h00,6279972912461099210
p3,A,500,0,0,h00,6279972912461099210
p3,B,455,45,0,h00,6279972912461099210
p3,C,28,78,394,h00,6279972912461099210
p3,Non-ROH,500,0,0,h00,6279972912461099210
p1,A,499,1,0,h00,6294659728424314545
p1,B,199,281,20,h00,6294659728424314545
p1,C,58,90,352,h00,6294659728424314545
p1,Non-ROH,500,0,0,h00,6294659728424314545
p2,A,500,0,0,h00,6294659728424314545
p2,B,373,127,0,h00,6294659728424314545
p2,C,47,87,366,h00,6294659728424314545
p2,Non-ROH,500,0,0,h00,6294659728424314545
p3,A,500,0,0,h00,6294659728424314545
p3,B,438,62,0,h00,6294659728424314545
p3,C,77,102,321,h00,6294659728424314545
p3,Non-ROH,500,0,0,h00,6294659728424314545
p1,A,496,4,0,h00,6298264654517554389
p1,B,213,273,14,h00,6298264654517554389
p1,C,64,57,379,h00,6298264654517554389
p1,Non-ROH,500,0,0,h00,6298264654517554389
p2,A,500,0,0,h00,6298264654517554389
p2,B,405,95,0,h00,6298264654517554389
p2,C,72,74,354,h00,6298264654517554389
p2,Non-ROH,500,0,0,h00,6298264654517554389
p3,A,500,0,0,h00,6298264654517554389
p3,B,446,54,0,h00,6298264654517554389
p3,C,60,78,362,h00,6298264654517554389
p3,Non-ROH,500,0,0,h00,6298264654517554389
p1,A,498,2,0,h00,6316607662922444508
p1,B,214,262,24,h00,6316607662922444508
p1,C,57,68,375,h00,6316607662922444508
p1,Non-ROH,500,0,0,h00,6316607662922444508
p2,A,500,0,0,h00,6316607662922444508
p2,B,400,100,0,h00,6316607662922444508
p2,C,41,97,362,h00,6316607662922444508
p2,Non-ROH,500,0,0,h00,6316607662922444508
p3,A,500,0,0,h00,6316607662922444508
p3,B,425,75,0,h00,6316607662922444508
p3,C,36,143,321,h00,6316607662922444508
p3,Non-ROH,500,0,0,h00,6316607662922444508
p1,A,500,0,0,h00,631848876776257220
p1,B,258,226,16,h00,631848876776257220
p1,C,69,78,353,h00,631848876776257220
p1,Non-ROH,500,0,0,h00,631848876776257220
p2,A,500,0,0,h00,631848876776257220
p2,B,421,79,0,h00,631848876776257220
p2,C,49,72,379,h00,631848876776257220
p2,Non-ROH,500,0,0,h00,631848876776257220
p3,A,500,0,0,h00,631848876776257220
p3,B,454,46,0,h00,631848876776257220
p3,C,44,73,383,h00,631848876776257220
p3,Non-ROH,500,0,0,h00,631848876776257220
p1,A,496,4,0,h00,6321062789491697069
p1,B,223,255,22,h00,6321062789491697069
p1,C,59,74,367,h00,6321062789491697069
p1,Non-ROH,500,0,0,h00,6321062789491697069
p2,A,500,0,0,h00,6321062789491697069
p2,B,358,142,0,h00,6321062789491697069
p2,C,44,96,360,h00,6321062789491697069
p2,Non-ROH,500,0,0,h00,6321062789491697069
p3,A,500,0,0,h00,6321062789491697069
p3,B,407,93,0,h00,6321062789491697069
p3,C,30,117,353,h00,6321062789491697069
p3,Non-ROH,500,0,0,h00,6321062789491697069
p1,A,500,0,0,h00,6330842358142281215
p1,B,194,291,15,h00,6330842358142281215
p1,C,40,74,386,h00,6330842358142281215
p1,Non-ROH,500,0,0,h00,6330842358142281215
p2,A,500,0,0,h00,6330842358142281215
p2,B,379,121,0,h00,6330842358142281215
p2,C,45,129,326,h00,6330842358142281215
p2,Non-ROH,500,0,0,h00,6330842358142281215
p3,A,500,0,0,h00,6330842358142281215
p3,B,416,84,0,h00,6330842358142281215
p3,C,32,100,368,h00,6330842358142281215
p3,Non-ROH,500,0,0,h00,6330842358142281215
p1,A,499,1,0,h00,6365740906042809987
p1,B,240,250,10,h00,6365740906042809987
p1,C,55,83,362,h00,6365740906042809987
p1,Non-ROH,500,0,0,h00,6365740906042809987
p2,A,500,0,0,h00,6365740906042809987
p2,B,430,70,0,h00,6365740906042809987
p2,C,36,79,385,h00,6365740906042809987
p2,Non-ROH,500,0,0,h00,6365740906042809987
p3,A,500,0,0,h00,6365740906042809987
p3,B,434,66,0,h00,6365740906042809987
p3,C,36,145,319,h00,6365740906042809987
p3,Non-ROH,500,0,0,h00,6365740906042809987
p1,A,500,0,0,h00,6369446958740231179
p1,B,231,256,13,h00,6369446958740231179
p1,C,58,82,360,h00,6369446958740231179
p1,Non-ROH,500,0,0,h00,6369446958740231179
p2,A,500,0,0,h00,6369446958740231179
p2,B,432,68,0,h00,6369446958740231179
p2,C,40,143,317,h00,6369446958740231179
p2,Non-ROH,500,0,0,h00,6369446958740231179
p3,A,500,0,0,h00,6369446958740231179
p3,B,453,47,0,h00,6369446958740231179
p3,C,37,158,305,h00,6369446958740231179
p3,Non-ROH,500,0,0,h00,6369446958740231179
p1,A,499,1,0,h00,6388046067934644878
p1,B,251,232,17,h00,6388046067934644878
p1,C,47,50,403,h00,6388046067934644878
p1,Non-ROH,500,0,0,h00,6388046067934644878
p2,A,500,0,0,h00,6388046067934644878
p2,B,430,70,0,h00,6388046067934644878
p2,C,44,84,372,h00,6388046067934644878
p2,Non-ROH,500,0,0,h00,6388046067934644878
p3,A,500,0,0,h00,6388046067934644878
p3,B,463,37,0,h00,6388046067934644878
p3,C,53,162,285,h00,6388046067934644878
p3,Non-ROH,500,0,0,h00,6388046067934644878
p1,A,500,0,0,h00,6390219985221663186
p1,B,242,238,20,h00,6390219985221663186
p1,C,56,97,347,h00,6390219985221663186
p1,Non-ROH,500,0,0,h00,6390219985221663186
p2,A,500,0,0,h00,6390219985221663186
p2,B,425,75,0,h00,6390219985221663186
p2,C,52,115,333,h00,6390219985221663186
p2,Non-ROH,500,0,0,h00,6390219985221663186
p3,A,500,0,0,h00,6390219985221663186
p3,B,453,47,0,h00,6390219985221663186
p3,C,36,115,349,h00,6390219985221663186
p3,Non-ROH,500,0,0,h00,6390219985221663186
p1,A,500,0,0,h00,6401605579492917020
p1,B,208,276,16,h00,6401605579492917020
p1,C,65,64,371,h00,6401605579492917020
p1,Non-ROH,500,0,0,h00,6401605579492917020
p2,A,500,0,0,h00,6401605579492917020
p2,B,398,102,0,h00,6401605579492917020
p2,C,54,71,375,h00,6401605579492917020
p2,Non-ROH,500,0,0,h00,6401605579492917020
p3,A,500,0,0,h00,6401605579492917020
p3,B,451,49,0,h00,6401605579492917020
p3,C,55,96,349,h00,6401605579492917020
p3,Non-ROH,500,0,0,h00,6401605579492917020
p1,A,500,0,0,h00,641636437544024340
p1,B,207,282,11,h00,641636437544024340
p1,C,49,68,383,h00,641636437544024340
p1,Non-ROH,500,0,0,h00,641636437544024340
p2,A,500,0,0,h00,641636437544024340
p2,B,372,128,0,h00,641636437544024340
p2,C,32,95,373,h00,641636437544024340
p2,Non-ROH,500,0,0,h00,641636437544024340
p3,A,500,0,0,h00,641636437544024340
p3,B,430,70,0,h00,641636437544024340
p3,C,31,90,379,h00,641636437544024340
p3,Non-ROH,500,0,0,h00,641636437544024340
p1,A,500,0,0,h00,643982821711063766
p1,B,243,244,13,h00,643982821711063766
p1,C,52,75,373,h00,643982821711063766
p1,Non-ROH,500,0,0,h00,643982821711063766
p2,A,500,0,0,h00,643982821711063766
p2,B,402,98,0,h00,643982821711063766
p2,C,45,86,369,h00,643982821711063766
p2,Non-ROH,500,0,0,h00,643982821711063766
p3,A,500,0,0,h00,643982821711063766
p3,B,469,31,0,h00,643982821711063766
p3,C,54,104,342,h00,643982821711063766
p3,Non-ROH,500,0,0,h00,643982821711063766
p1,A,500,0,0,h00,647443937031552221
p1,B,258,234,8,h00,647443937031552221
p1,C,48,87,365,h00,647443937031552221
p1,Non-ROH,500,0,0,h00,647443937031552221
p2,A,500,0,0,h00,647443937031552221
p2,B,442,58,0,h00,647443937031552221
p2,C,42,66,392,h00,647443937031552221
p2,Non-ROH,500,0,0,h00,647443937031552221
p3,A,500,0,0,h00,647443937031552221
p3,B,478,22,0,h00,647443937031552221
p3,C,60,118,322,h00,647443937031552221
p3,Non-ROH,500,0,0,h00,647443937031552221
p1,A,499,1,0,h00,6503596935745530043
p1,B,236,249,15,h00,6503596935745530043
p1,C,56,60,384,h00,6503596935745530043
p1,Non-ROH,500,0,0,h00,6503596935745530043
p2,A,500,0,0,h00,6503596935745530043
p2,B,411,89,0,h00,6503596935745530043
p2,C,46,145,309,h00,6503596935745530043
p2,Non-ROH,500,0,0,h00,6503596935745530043
p3,A,500,0,0,h00,6503596935745530043
p3,B,462,38,0,h00,6503596935745530043
p3,C,43,131,326,h00,6503596935745530043
p3,Non-ROH,500,0,0,h00,6503596935745530043
p1,A,500,0,0,h00,6506553296870930074
p1,B,249,228,23,h00,6506553296870930074
p1,C,85,45,370,h00,6506553296870930074
p1,Non-ROH,500,0,0,h00,6506553296870930074
p2,A,500,0,0,h00,6506553296870930074
p2,B,446,54,0,h00,6506553296870930074
p2,C,81,59,360,h00,6506553296870930074
p2,Non-ROH,500,0,0,h00,6506553296870930074
p3,A,500,0,0,h00,6506553296870930074
p3,B,450,50,0,h00,6506553296870930074
p3,C,76,46,378,h00,6506553296870930074
p3,Non-ROH,500,0,0,h00,6506553296870930074
p1,A,500,0,0,h00,6507577593214617596
p1,B,233,252,15,h00,6507577593214617596
p1,C,57,64,379,h00,6507577593214617596
p1,Non-ROH,500,0,0,h00,6507577593214617596
p2,A,500,0,0,h00,6507577593214617596
p2,B,421,79,0,h00,6507577593214617596
p2,C,38,92,370,h00,6507577593214617596
p2,Non-ROH,500,0,0,h00,6507577593214617596
p3,A,500,0,0,h00,6507577593214617596
p3,B,457,43,0,h00,6507577593214617596
p3,C,43,134,323,h00,6507577593214617596
p3,Non-ROH,500,0,0,h00,6507577593214617596
p1,A,500,0,0,h00,6507597390382727529
p1,B,237,250,13,h00,6507597390382727529
p1,C,47,60,393,h00,6507597390382727529
p1,Non-ROH,500,0,0,h00,6507597390382727529
p2,A,500,0,0,h00,6507597390382727529
p2,B,415,85,0,h00,6507597390382727529
p2,C,40,150,310,h00,6507597390382727529
p2,Non-ROH,500,0,0,h00,6507597390382727529
p3,A,500,0,0,h00,6507597390382727529
p3,B,456,44,0,h00,6507597390382727529
p3,C,42,90,368,h00,6507597390382727529
p3,Non-ROH,500,0,0,h00,6507597390382727529
p1,A,500,0,0,h00,6519849540173404995
p1,B,268,218,14,h00,6519849540173404995
p1,C,63,99,338,h00,6519849540173404995
p1,Non-ROH,500,0,0,h00,6519849540173404995
p2,A,500,0,0,h00,6519849540173404995
p2,B,398,102,0,h00,6519849540173404995
p2,C,46,91,363,h00,6519849540173404995
p2,Non-ROH,500,0,0,h00,6519849540173404995
p3,A,500,0,0,h00,6519849540173404995
p3,B,472,28,0,h00,6519849540173404995
p3,C,49,109,342,h00,6519849540173404995
p3,Non-ROH,500,0,0,h00,6519849540173404995
p1,A,500,0,0,h00,6533009675320697226
p1,B,279,205,16,h00,6533009675320697226
p1,C,61,68,371,h00,6533009675320697226
p1,Non-ROH,500,0,0,h00,6533009675320697226
p2,A,500,0,0,h00,6533009675320697226
p2,B,443,57,0,h00,6533009675320697226
p2,C,46,70,384,h00,6533009675320697226
p2,Non-ROH,500,0,0,h00,6533009675320697226
p3,A,500,0,0,h00,6533009675320697226
p3,B,472,28,0,h00,6533009675320697226
p3,C,46,118,336,h00,6533009675320697226
p3,Non-ROH,500,0,0,h00,6533009675320697226
p1,A,500,0,0,h00,6545518064646104054
p1,B,269,213,18,h00,6545518064646104054
p1,C,61,77,362,h00,6545518064646104054
p1,Non-ROH,500,0,0,h00,6545518064646104054
p2,A,500,0,0,h00,6545518064646104054
p2,B,443,57,0,h00,6545518064646104054
p2,C,46,68,386,h00,6545518064646104054
p2,Non-ROH,500,0,0,h00,6545518064646104054
p3,A,500,0,0,h00,6545518064646104054
p3,B,472,28,0,h00,6545518064646104054
p3,C,51,121,328,h00,6545518064646104054
p3,Non-ROH,500,0,0,h00,6545518064646104054
p1,A,500,0,0,h00,6549234978829928161
p1,B,212,270,18,h00,6549234978829928161
p1,C,49,86,365,h00,6549234978829928161
p1,Non-ROH,500,0,0,h00,6549234978829928161
p2,A,500,0,0,h00,6549234978829928161
p2,B,408,92,0,h00,6549234978829928161
p2,C,27,116,357,h00,6549234978829928161
p2,Non-ROH,500,0,0,h00,6549234978829928161
p3,A,500,0,0,h00,6549234978829928161
p3,B,451,49,0,h00,6549234978829928161
p3,C,34,84,382,h00,6549234978829928161
p3,Non-ROH,500,0,0,h00,6549234978829928161
p1,A,500,0,0,h00,65804915343391885
p1,B,240,245,15,h00,65804915343391885
p1,C,53,73,374,h00,65804915343391885
p1,Non-ROH,500,0,0,h00,65804915343391885
p2,A,500,0,0,h00,65804915343391885
p2,B,410,90,0,h00,65804915343391885
p2,C,19,137,344,h00,65804915343391885
p2,Non-ROH,500,0,0,h00,65804915343391885
p3,A,500,0,0,h00,65804915343391885
p3,B,457,43,0,h00,65804915343391885
p3,C,30,97,373,h00,65804915343391885
p3,Non-ROH,500,0,0,h00,65804915343391885
p1,A,500,0,0,h00,6602777850808966930
p1,B,234,251,15,h00,6602777850808966930
p1,C,52,72,376,h00,6602777850808966930
p1,Non-ROH,500,0,0,h00,6602777850808966930
p2,A,500,0,0,h00,6602777850808966930
p2,B,409,91,0,h00,6602777850808966930
p2,C,41,129,330,h00,6602777850808966930
p2,Non-ROH,500,0,0,h00,6602777850808966930
p3,A,500,0,0,h00,6602777850808966930
p3,B,465,35,0,h00,6602777850808966930
p3,C,40,94,366,h00,6602777850808966930
p3,Non-ROH,500,0,0,h00,6602777850808966930
p1,A,500,0,0,h00,6614165815480497416
p1,B,261,220,19,h00,6614165815480497416
p1,C,88,37,375,h00,6614165815480497416
p1,Non-ROH,500,0,0,h00,6614165815480497416
p2,A,500,0,0,h00,6614165815480497416
p2,B,442,58,0,h00,6614165815480497416
p2,C,79,36,385,h00,6614165815480497416
p2,Non-ROH,500,0,0,h00,6614165815480497416
p3,A,500,0,0,h00,6614165815480497416
p3,B,477,23,0,h00,6614165815480497416
p3,C,135,65,300,h00,6614165815480497416
p3,Non-ROH,500,0,0,h00,6614165815480497416
p1,A,500,0,0,h00,6641123762054388865
p1,B,232,260,8,h00,6641123762054388865
p1,C,61,74,365,h00,6641123762054388865
p1,Non-ROH,500,0,0,h00,6641123762054388865
p2,A,500,0,0,h00,6641123762054388865
p2,B,402,98,0,h00,6641123762054388865
p2,C,44,101,355,h00,6641123762054388865
p2,Non-ROH,500,0,0,h00,6641123762054388865
p3,A,500,0,0,h00,6641123762054388865
p3,B,447,53,0,h00,6641123762054388865
p3,C,49,124,327,h00,6641123762054388865
p3,Non-ROH,500,0,0,h00,6641123762054388865
p1,A,500,0,0,h00,6644732085938357553
p1,B,284,208,8,h00,6644732085938357553
p1,C,56,82,362,h00,6644732085938357553
p1,Non-ROH,500,0,0,h00,6644732085938357553
p2,A,500,0,0,h00,6644732085938357553
p2,B,458,42,0,h00,6644732085938357553
p2,C,40,111,349,h00,6644732085938357553
p2,Non-ROH,500,0,0,h00,6644732085938357553
p3,A,500,0,0,h00,6644732085938357553
p3,B,474,26,0,h00,6644732085938357553
p3,C,57,118,325,h00,6644732085938357553
p3,Non-ROH,500,0,0,h00,6644732085938357553
p1,A,499,1,0,h00,6709291199667742986
p1,B,241,248,11,h00,6709291199667742986
p1,C,52,70,378,h00,6709291199667742986
p1,Non-ROH,500,0,0,h00,6709291199667742986
p2,A,500,0,0,h00,6709291199667742986
p2,B,390,110,0,h00,6709291199667742986
p2,C,32,141,327,h00,6709291199667742986
p2,Non-ROH,500,0,0,h00,6709291199667742986
p3,A,500,0,0,h00,6709291199667742986
p3,B,434,66,0,h00,6709291199667742986
p3,C,46,98,356,h00,6709291199667742986
p3,Non-ROH,500,0,0,h00,6709291199667742986
p1,A,499,1,0,h00,6709723214742769548
p1,B,266,224,10,h00,6709723214742769548
p1,C,92,71,337,h00,6709723214742769548
p1,Non-ROH,500,0,0,h00,6709723214742769548
p2,A,500,0,0,h00,6709723214742769548
p2,B,410,90,0,h00,6709723214742769548
p2,C,69,73,358,h00,6709723214742769548
p2,Non-ROH,500,0,0,h00,6709723214742769548
p3,A,500,0,0,h00,6709723214742769548
p3,B,477,23,0,h00,6709723214742769548
p3,C,53,104,343,h00,6709723214742769548
p3,Non-ROH,500,0,0,h00,6709723214742769548
p1,A,500,0,0,h00,6724469538051210294
p1,B,247,238,15,h00,6724469538051210294
p1,C,59,66,375,h00,6724469538051210294
p1,Non-ROH,500,0,0,h00,6724469538051210294
p2,A,500,0,0,h00,6724469538051210294
p2,B,412,88,0,h00,6724469538051210294
p2,C,30,93,377,h00,6724469538051210294
p2,Non-ROH,500,0,0,h00,6724469538051210294
p3,A,500,0,0,h00,6724469538051210294
p3,B,457,43,0,h00,6724469538051210294
p3,C,63,77,360,h00,6724469538051210294
p3,Non-ROH,500,0,0,h00,6724469538051210294
p1,A,500,0,0,h00,6733800802724055226
p1,B,206,276,18,h00,6733800802724055226
p1,C,51,83,366,h00,6733800802724055226
p1,Non-ROH,500,0,0,h00,6733800802724055226
p2,A,500,0,0,h00,6733800802724055226
p2,B,391,109,0,h00,6733800802724055226
p2,C,30,140,330,h00,6733800802724055226
p2,Non-ROH,500,0,0,h00,6733800802724055226
p3,A,500,0,0,h00,6733800802724055226
p3,B,428,72,0,h00,6733800802724055226
p3,C,38,78,384,h00,6733800802724055226
p3,Non-ROH,500,0,0,h00,6733800802724055226
p1,A,496,4,0,h00,6750357892348545913
p1,B,221,262,17,h00,6750357892348545913
p1,C,46,69,385,h00,6750357892348545913
p1,Non-ROH,500,0,0,h00,6750357892348545913
p2,A,499,1,0,h00,6750357892348545913
p2,B,383,117,0,h00,6750357892348545913
p2,C,44,100,356,h00,6750357892348545913
p2,Non-ROH,500,0,0,h00,6750357892348545913
p3,A,500,0,0,h00,6750357892348545913
p3,B,427,73,0,h00,6750357892348545913
p3,C,33,113,354,h00,6750357892348545913
p3,Non-ROH,500,0,0,h00,6750357892348545913
p1,A,499,1,0,h00,6754384401860353323
p1,B,236,251,13,h00,6754384401860353323
p1,C,59,58,383,h00,6754384401860353323
p1,Non-ROH,500,0,0,h00,6754384401860353323
p2,A,500,0,0,h00,6754384401860353323
p2,B,409,91,0,h00,6754384401860353323
p2,C,46,94,360,h00,6754384401860353323
p2,Non-ROH,500,0,0,h00,6754384401860353323
p3,A,500,0,0,h00,6754384401860353323
p3,B,453,47,0,h00,6754384401860353323
p3,C,27,129,344,h00,6754384401860353323
p3,Non-ROH,500,0,0,h00,6754384401860353323
p1,A,500,0,0,h00,6766964616649572140
p1,B,241,248,11,h00,6766964616649572140
p1,C,60,59,381,h00,6766964616649572140
p1,Non-ROH,500,0,0,h00,6766964616649572140
p2,A,500,0,0,h00,6766964616649572140
p2,B,406,94,0,h00,6766964616649572140
p2,C,47,119,334,h00,6766964616649572140
p2,Non-ROH,500,0,0,h00,6766964616649572140
p3,A,500,0,0,h00,6766964616649572140
p3,B,460,40,0,h00,6766964616649572140
p3,C,41,89,370,h00,6766964616649572140
p3,Non-ROH,500,0,0,h00,6766964616649572140
p1,A,496,4,0,h00,6834843990915817588
p1,B,240,242,18,h00,6834843990915817588
p1,C,69,52,379,h00,6834843990915817588
p1,Non-ROH,500,0,0,h00,6834843990915817588
p2,A,500,0,0,h00,6834843990915817588
p2,B,391,109,0,h00,6834843990915817588
p2,C,69,65,366,h00,6834843990915817588
p2,Non-ROH,500,0,0,h00,6834843990915817588
p3,A,500,0,0,h00,6834843990915817588
p3,B,463,37,0,h00,6834843990915817588
p3,C,79,69,352,h00,6834843990915817588
p3,Non-ROH,500,0,0,h00,6834843990915817588
p1,A,500,0,0,h00,6862383775158143891
p1,B,249,236,15,h00,6862383775158143891
p1,C,50,73,377,h00,6862383775158143891
p1,Non-ROH,500,0,0,h00,6862383775158143891
p2,A,500,0,0,h00,6862383775158143891
p2,B,418,82,0,h00,6862383775158143891
p2,C,38,80,382,h00,6862383775158143891
p2,Non-ROH,500,0,0,h00,6862383775158143891
p3,A,500,0,0,h00,6862383775158143891
p3,B,434,66,0,h00,6862383775158143891
p3,C,34,116,350,h00,6862383775158143891
p3,Non-ROH,500,0,0,h00,6862383775158143891
p1,A,499,1,0,h00,6891911174446481591
p1,B,256,229,15,h00,6891911174446481591
p1,C,60,58,382,h00,6891911174446481591
p1,Non-ROH,500,0,0,h00,6891911174446481591
p2,A,500,0,0,h00,6891911174446481591
p2,B,408,92,0,h00,6891911174446481591
p2,C,37,66,397,h00,6891911174446481591
p2,Non-ROH,500,0,0,h00,6891911174446481591
p3,A,500,0,0,h00,6891911174446481591
p3,B,454,46,0,h00,6891911174446481591
p3,C,45,79,376,h00,6891911174446481591
p3,Non-ROH,500,0,0,h00,6891911174446481591
p1,A,499,1,0,h00,6893047363033742713
p1,B,210,276,14,h00,6893047363033742713
p1,C,53,58,389,h00,6893047363033742713
p1,Non-ROH,500,0,0,h00,6893047363033742713
p2,A,500,0,0,h00,6893047363033742713
p2,B,397,103,0,h00,6893047363033742713
p2,C,45,84,371,h00,6893047363033742713
p2,Non-ROH,500,0,0,h00,6893047363033742713
p3,A,500,0,0,h00,6893047363033742713
p3,B,441,59,0,h00,6893047363033742713
p3,C,32,115,353,h00,6893047363033742713
p3,Non-ROH,500,0,0,h00,6893047363033742713
p1,A,500,0,0,h00,6921980969079321895
p1,B,280,207,13,h00,6921980969079321895
p1,C,56,73,371,h00,6921980969079321895
p1,Non-ROH,500,0,0,h00,6921980969079321895
p2,A,500,0,0,h00,6921980969079321895
p2,B,408,92,0,h00,6921980969079321895
p2,C,34,73,393,h00,6921980969079321895
p2,Non-ROH,500,0,0,h00,6921980969079321895
p3,A,500,0,0,h00,6921980969079321895
p3,B,467,33,0,h00,6921980969079321895
p3,C,42,98,360,h00,6921980969079321895
p3,Non-ROH,500,0,0,h00,6921980969079321895
p1,A,500,0,0,h00,692328224564536655
p1,B,204,286,10,h00,692328224564536655
p1,C,55,76,369,h00,692328224564536655
p1,Non-ROH,500,0,0,h00,692328224564536655
p2,A,500,0,0,h00,692328224564536655
p2,B,414,86,0,h00,692328224564536655
p2,C,30,77,393,h00,692328224564536655
p2,Non-ROH,500,0,0,h00,692328224564536655
p3,A,500,0,0,h00,692328224564536655
p3,B,456,44,0,h00,692328224564536655
p3,C,34,135,331,h00,692328224564536655
p3,Non-ROH,500,0,0,h00,692328224564536655
p1,A,500,0,0,h00,6971492208501631548
p1,B,243,243,14,h00,6971492208501631548
p1,C,58,66,376,h00,6971492208501631548
p1,Non-ROH,500,0,0,h00,6971492208501631548
p2,A,500,0,0,h00,6971492208501631548
p2,B,423,77,0,h00,6971492208501631548
p2,C,30,115,355,h00,6971492208501631548
p2,Non-ROH,500,0,0,h00,6971492208501631548
p3,A,500,0,0,h00,6971492208501631548
p3,B,462,38,0,h00,6971492208501631548
p3,C,34,84,382,h00,6971492208501631548
p3,Non-ROH,500,0,0,h00,6971492208501631548
p1,A,500,0,0,h00,6972189440130738959
p1,B,269,217,14,h00,6972189440130738959
p1,C,50,57,393,h00,6972189440130738959
p1,Non-ROH,500,0,0,h00,6972189440130738959
p2,A,500,0,0,h00,6972189440130738959
p2,B,411,89,0,h00,6972189440130738959
p2,C,42,121,337,h00,6972189440130738959
p2,Non-ROH,500,0,0,h00,6972189440130738959
p3,A,500,0,0,h00,6972189440130738959
p3,B,456,44,0,h00,6972189440130738959
p3,C,31,143,326,h00,6972189440130738959
p3,Non-ROH,500,0,0,h00,6972189440130738959
p1,A,500,0,0,h00,7012783120457334628
p1,B,235,249,16,h00,7012783120457334628
p1,C,61,67,372,h00,7012783120457334628
p1,Non-ROH,500,0,0,h00,7012783120457334628
p2,A,500,0,0,h00,7012783120457334628
p2,B,403,97,0,h00,7012783120457334628
p2,C,31,98,371,h00,7012783120457334628
p2,Non-ROH,500,0,0,h00,7012783120457334628
p3,A,500,0,0,h00,7012783120457334628
p3,B,462,38,0,h00,7012783120457334628
p3,C,38,112,350,h00,7012783120457334628
p3,Non-ROH,500,0,0,h00,7012783120457334628
p1,A,500,0,0,h00,7012939089339419601
p1,B,202,282,16,h00,7012939089339419601
p1,C,62,78,360,h00,7012939089339419601
p1,Non-ROH,500,0,0,h00,7012939089339419601
p2,A,500,0,0,h00,7012939089339419601
p2,B,426,74,0,h00,7012939089339419601
p2,C,44,127,329,h00,7012939089339419601
p2,Non-ROH,500,0,0,h00,7012939089339419601
p3,A,500,0,0,h00,7012939089339419601
p3,B,468,32,0,h00,7012939089339419601
p3,C,44,125,331,h00,7012939089339419601
p3,Non-ROH,500,0,0,h00,7012939089339419601
p1,A,500,0,0,h00,7028234984784962488
p1,B,201,285,14,h00,7028234984784962488
p1,C,60,83,357,h00,7028234984784962488
p1,Non-ROH,500,0,0,h00,7028234984784962488
p2,A,500,0,0,h00,7028234984784962488
p2,B,394,106,0,h00,7028234984784962488
p2,C,44,123,333,h00,7028234984784962488
p2,Non-ROH,500,0,0,h00,7028234984784962488
p3,A,500,0,0,h00,7028234984784962488
p3,B,449,51,0,h00,7028234984784962488
p3,C,19,85,396,h00,7028234984784962488
p3,Non-ROH,500,0,0,h00,7028234984784962488
p1,A,499,1,0,h00,7056730645515222111
p1,B,232,258,10,h00,7056730645515222111
p1,C,54,76,370,h00,7056730645515222111
p1,Non-ROH,500,0,0,h00,7056730645515222111
p2,A,500,0,0,h00,7056730645515222111
p2,B,418,82,0,h00,7056730645515222111
p2,C,38,84,378,h00,7056730645515222111
p2,Non-ROH,500,0,0,h00,7056730645515222111
p3,A,500,0,0,h00,7056730645515222111
p3,B,439,61,0,h00,7056730645515222111
p3,C,35,79,386,h00,7056730645515222111
p3,Non-ROH,500,0,0,h00,7056730645515222111
p1,A,500,0,0,h00,7070626102030733824
p1,B,263,225,12,h00,7070626102030733824
p1,C,72,62,366,h00,7070626102030733824
p1,Non-ROH,500,0,0,h00,7070626102030733824
p2,A,500,0,0,h00,7070626102030733824
p2,B,410,90,0,h00,7070626102030733824
p2,C,51,81,368,h00,7070626102030733824
p2,Non-ROH,500,0,0,h00,7070626102030733824
p3,A,500,0,0,h00,7070626102030733824
p3,B,462,38,0,h00,7070626102030733824
p3,C,41,83,376,h00,7070626102030733824
p3,Non-ROH,500,0,0,h00,7070626102030733824
p1,A,500,0,0,h00,7084127401146040401
p1,B,219,260,21,h00,7084127401146040401
p1,C,59,65,376,h00,7084127401146040401
p1,Non-ROH,500,0,0,h00,7084127401146040401
p2,A,500,0,0,h00,7084127401146040401
p2,B,405,95,0,h00,7084127401146040401
p2,C,80,85,335,h00,7084127401146040401
p2,Non-ROH,500,0,0,h00,7084127401146040401
p3,A,500,0,0,h00,7084127401146040401
p3,B,443,57,0,h00,7084127401146040401
p3,C,115,44,341,h00,7084127401146040401
p3,Non-ROH,500,0,0,h00,7084127401146040401
p1,A,500,0,0,h00,7086230366887684684
p1,B,240,247,13,h00,7086230366887684684
p1,C,49,81,370,h00,7086230366887684684
p1,Non-ROH,500,0,0,h00,7086230366887684684
p2,A,500,0,0,h00,7086230366887684684
p2,B,411,89,0,h00,7086230366887684684
p2,C,41,110,349,h00,7086230366887684684
p2,Non-ROH,500,0,0,h00,7086230366887684684
p3,A,500,0,0,h00,7086230366887684684
p3,B,473,27,0,h00,7086230366887684684
p3,C,48,94,358,h00,7086230366887684684
p3,Non-ROH,500,0,0,h00,7086230366887684684
p1,A,499,1,0,h00,7088973757696078623
p1,B,228,250,22,h00,7088973757696078623
p1,C,57,68,375,h00,7088973757696078623
p1,Non-ROH,500,0,0,h00,7088973757696078623
p2,A,500,0,0,h00,7088973757696078623
p2,B,412,88,0,h00,7088973757696078623
p2,C,38,119,343,h00,7088973757696078623
p2,Non-ROH,500,0,0,h00,7088973757696078623
p3,A,500,0,0,h00,7088973757696078623
p3,B,440,60,0,h00,7088973757696078623
p3,C,26,110,364,h00,7088973757696078623
p3,Non-ROH,500,0,0,h00,7088973757696078623
p1,A,497,3,0,h00,7091619324623027029
p1,B,181,308,11,h00,7091619324623027029
p1,C,62,73,365,h00,7091619324623027029
p1,Non-ROH,500,0,0,h00,7091619324623027029
p2,A,500,0,0,h00,7091619324623027029
p2,B,383,117,0,h00,7091619324623027029
p2,C,36,125,339,h00,7091619324623027029
p2,Non-ROH,500,0,0,h00,7091619324623027029
p3,A,500,0,0,h00,7091619324623027029
p3,B,436,64,0,h00,7091619324623027029
p3,C,34,95,371,h00,7091619324623027029
p3,Non-ROH,500,0,0,h00,7091619324623027029
p1,A,500,0,0,h00,7137250607531919798
p1,B,232,245,23,h00,7137250607531919798
p1,C,56,70,374,h00,7137250607531919798
p1,Non-ROH,500,0,0,h00,7137250607531919798
p2,A,499,1,0,h00,7137250607531919798
p2,B,402,97,1,h00,7137250607531919798
p2,C,45,95,360,h00,7137250607531919798
p2,Non-ROH,500,0,0,h00,7137250607531919798
p3,A,500,0,0,h00,7137250607531919798
p3,B,439,61,0,h00,7137250607531919798
p3,C,35,121,344,h00,7137250607531919798
p3,Non-ROH,500,0,0,h00,7137250607531919798
p1,A,499,1,0,h00,7157296070022791018
p1,B,217,264,19,h00,7157296070022791018
p1,C,64,78,358,h00,7157296070022791018
p1,Non-ROH,500,0,0,h00,7157296070022791018
p2,A,500,0,0,h00,7157296070022791018
p2,B,411,88,1,h00,7157296070022791018
p2,C,35,112,353,h00,7157296070022791018
p2,Non-ROH,500,0,0,h00,7157296070022791018
p3,A,500,0,0,h00,7157296070022791018
p3,B,454,46,0,h00,7157296070022791018
p3,C,34,115,351,h00,7157296070022791018
p3,Non-ROH,500,0,0,h00,7157296070022791018
p1,A,499,1,0,h00,7163536301884147900
p1,B,244,246,10,h00,7163536301884147900
p1,C,47,67,386,h00,7163536301884147900
p1,Non-ROH,500,0,0,h00,7163536301884147900
p2,A,500,0,0,h00,7163536301884147900
p2,B,419,81,0,h00,7163536301884147900
p2,C,49,78,373,h00,7163536301884147900
p2,Non-ROH,500,0,0,h00,7163536301884147900
p3,A,500,0,0,h00,7163536301884147900
p3,B,464,36,0,h00,7163536301884147900
p3,C,50,168,282,h00,7163536301884147900
p3,Non-ROH,500,0,0,h00,7163536301884147900
p1,A,499,1,0,h00,7187639259049034522
p1,B,254,236,10,h00,7187639259049034522
p1,C,57,72,371,h00,7187639259049034522
p1,Non-ROH,500,0,0,h00,7187639259049034522
p2,A,500,0,0,h00,7187639259049034522
p2,B,433,67,0,h00,7187639259049034522
p2,C,40,74,386,h00,7187639259049034522
p2,Non-ROH,500,0,0,h00,7187639259049034522
p3,A,500,0,0,h00,7187639259049034522
p3,B,458,42,0,h00,7187639259049034522
p3,C,46,57,397,h00,7187639259049034522
p3,Non-ROH,500,0,0,h00,7187639259049034522
p1,A,500,0,0,h00,7207347963926256778
p1,B,223,264,13,h00,7207347963926256778
p1,C,57,63,380,h00,7207347963926256778
p1,Non-ROH,500,0,0,h00,7207347963926256778
p2,A,500,0,0,h00,7207347963926256778
p2,B,411,89,0,h00,7207347963926256778
p2,C,32,139,329,h00,7207347963926256778
p2,Non-ROH,500,0,0,h00,7207347963926256778
p3,A,500,0,0,h00,7207347963926256778
p3,B,446,54,0,h00,7207347963926256778
p3,C,39,128,333,h00,7207347963926256778
p3,Non-ROH,500,0,0,h00,7207347963926256778
p1,A,499,1,0,h00,7253817427040050467
p1,B,195,295,10,h00,7253817427040050467
p1,C,58,61,381,h00,7253817427040050467
p1,Non-ROH,500,0,0,h00,7253817427040050467
p2,A,499,0,1,h00,7253817427040050467
p2,B,422,77,1,h00,7253817427040050467
p2,C,45,95,360,h00,7253817427040050467
p2,Non-ROH,499,0,0,h00,7253817427040050467
p3,A,500,0,0,h00,7253817427040050467
p3,B,444,56,0,h00,7253817427040050467
p3,C,48,112,340,h00,7253817427040050467
p3,Non-ROH,500,0,0,h00,7253817427040050467
p1,A,500,0,0,h00,7276188519562630070
p1,B,212,276,12,h00,7276188519562630070
p1,C,59,85,356,h00,7276188519562630070
p1,Non-ROH,500,0,0,h00,7276188519562630070
p2,A,500,0,0,h00,7276188519562630070
p2,B,369,131,0,h00,7276188519562630070
p2,C,45,105,350,h00,7276188519562630070
p2,Non-ROH,500,0,0,h00,7276188519562630070
p3,A,500,0,0,h00,7276188519562630070
p3,B,433,67,0,h00,7276188519562630070
p3,C,43,96,361,h00,7276188519562630070
p3,Non-ROH,500,0,0,h00,7276188519562630070
p1,A,499,1,0,h00,7282223881640676299
p1,B,194,292,14,h00,7282223881640676299
p1,C,62,79,359,h00,7282223881640676299
p1,Non-ROH,500,0,0,h00,7282223881640676299
p2,A,500,0,0,h00,7282223881640676299
p2,B,396,104,0,h00,7282223881640676299
p2,C,34,128,338,h00,7282223881640676299
p2,Non-ROH,500,0,0,h00,7282223881640676299
p3,A,500,0,0,h00,7282223881640676299
p3,B,437,63,0,h00,7282223881640676299
p3,C,54,92,354,h00,7282223881640676299
p3,Non-ROH,500,0,0,h00,7282223881640676299
p1,A,499,1,0,h00,7304884061984682152
p1,B,249,238,13,h00,7304884061984682152
p1,C,56,85,359,h00,7304884061984682152
p1,Non-ROH,500,0,0,h00,7304884061984682152
p2,A,500,0,0,h00,7304884061984682152
p2,B,416,84,0,h00,7304884061984682152
p2,C,46,124,330,h00,7304884061984682152
p2,Non-ROH,500,0,0,h00,7304884061984682152
p3,A,500,0,0,h00,7304884061984682152
p3,B,449,51,0,h00,7304884061984682152
p3,C,40,87,373,h00,7304884061984682152
p3,Non-ROH,500,0,0,h00,7304884061984682152
p1,A,500,0,0,h00,731778787169459261
p1,B,228,260,12,h00,731778787169459261
p1,C,51,89,360,h00,731778787169459261
p1,Non-ROH,500,0,0,h00,731778787169459261
p2,A,500,0,0,h00,731778787169459261
p2,B,448,52,0,h00,731778787169459261
p2,C,44,143,313,h00,731778787169459261
p2,Non-ROH,500,0,0,h00,731778787169459261
p3,A,500,0,0,h00,731778787169459261
p3,B,468,32,0,h00,731778787169459261
p3,C,42,101,357,h00,731778787169459261
p3,Non-ROH,500,0,0,h00,731778787169459261
p1,A,500,0,0,h00,7330341303108867477
p1,B,210,276,14,h00,7330341303108867477
p1,C,45,59,396,h00,7330341303108867477
p1,Non-ROH,500,0,0,h00,7330341303108867477
p2,A,500,0,0,h00,7330341303108867477
p2,B,369,131,0,h00,7330341303108867477
p2,C,55,109,336,h00,7330341303108867477
p2,Non-ROH,500,0,0,h00,7330341303108867477
p3,A,500,0,0,h00,7330341303108867477
p3,B,447,53,0,h00,7330341303108867477
p3,C,31,88,381,h00,7330341303108867477
p3,Non-ROH,500,0,0,h00,7330341303108867477
p1,A,498,2,0,h00,7331702996590870865
p1,B,232,257,11,h00,7331702996590870865
p1,C,56,71,373,h00,7331702996590870865
p1,Non-ROH,500,0,0,h00,7331702996590870865
p2,A,500,0,0,h00,7331702996590870865
p2,B,405,95,0,h00,7331702996590870865
p2,C,51,117,332,h00,7331702996590870865
p2,Non-ROH,500,0,0,h00,7331702996590870865
p3,A,500,0,0,h00,7331702996590870865
p3,B,424,76,0,h00,7331702996590870865
p3,C,46,146,308,h00,7331702996590870865
p3,Non-ROH,500,0,0,h00,7331702996590870865
p1,A,500,0,0,h00,7336963978818366824
p1,B,225,260,15,h00,7336963978818366824
p1,C,63,72,365,h00,7336963978818366824
p1,Non-ROH,500,0,0,h00,7336963978818366824
p2,A,500,0,0,h00,7336963978818366824
p2,B,404,96,0,h00,7336963978818366824
p2,C,38,75,387,h00,7336963978818366824
p2,Non-ROH,500,0,0,h00,7336963978818366824
p3,A,500,0,0,h00,7336963978818366824
p3,B,444,56,0,h00,7336963978818366824
p3,C,28,125,347,h00,7336963978818366824
p3,Non-ROH,500,0,0,h00,7336963978818366824
p1,A,500,0,0,h00,7337409826029250569
p1,B,225,260,15,h00,7337409826029250569
p1,C,69,64,367,h00,7337409826029250569
p1,Non-ROH,500,0,0,h00,7337409826029250569
p2,A,500,0,0,h00,7337409826029250569
p2,B,424,76,0,h00,7337409826029250569
p2,C,40,84,376,h00,7337409826029250569
p2,Non-ROH,500,0,0,h00,7337409826029250569
p3,A,500,0,0,h00,7337409826029250569
p3,B,448,52,0,h00,7337409826029250569
p3,C,42,62,396,h00,7337409826029250569
p3,Non-ROH,500,0,0,h00,7337409826029250569
p1,A,499,1,0,h00,7344156821422071061
p1,B,224,260,16,h00,7344156821422071061
p1,C,42,74,384,h00,7344156821422071061
p1,Non-ROH,500,0,0,h00,7344156821422071061
p2,A,500,0,0,h00,7344156821422071061
p2,B,423,77,0,h00,7344156821422071061
p2,C,30,82,388,h00,7344156821422071061
p2,Non-ROH,500,0,0,h00,7344156821422071061
p3,A,500,0,0,h00,7344156821422071061
p3,B,462,38,0,h00,7344156821422071061
p3,C,48,102,350,h00,7344156821422071061
p3,Non-ROH,500,0,0,h00,7344156821422071061
p1,A,500,0,0,h00,7351765613849292698
p1,B,237,248,15,h00,7351765613849292698
p1,C,53,81,366,h00,7351765613849292698
p1,Non-ROH,500,0,0,h00,7351765613849292698
p2,A,500,0,0,h00,7351765613849292698
p2,B,456,44,0,h00,7351765613849292698
p2,C,47,170,283,h00,7351765613849292698
p2,Non-ROH,500,0,0,h00,7351765613849292698
p3,A,500,0,0,h00,7351765613849292698
p3,B,472,28,0,h00,7351765613849292698
p3,C,62,111,327,h00,7351765613849292698
p3,Non-ROH,500,0,0,h00,7351765613849292698
p1,A,500,0,0,h00,7380331902355262973
p1,B,244,249,7,h00,7380331902355262973
p1,C,56,74,370,h00,7380331902355262973
p1,Non-ROH,500,0,0,h00,7380331902355262973
p2,A,500,0,0,h00,7380331902355262973
p2,B,415,85,0,h00,7380331902355262973
p2,C,45,103,352,h00,7380331902355262973
p2,Non-ROH,500,0,0,h00,7380331902355262973
p3,A,500,0,0,h00,7380331902355262973
p3,B,448,52,0,h00,7380331902355262973
p3,C,43,116,341,h00,7380331902355262973
p3,Non-ROH,500,0,0,h00,7380331902355262973
p1,A,499,1,0,h00,7381613772574883665
p1,B,231,256,13,h00,7381613772574883665
p1,C,92,31,377,h00,7381613772574883665
p1,Non-ROH,500,0,0,h00,7381613772574883665
p2,A,500,0,0,h00,7381613772574883665
p2,B,409,91,0,h00,7381613772574883665
p2,C,72,37,391,h00,7381613772574883665
p2,Non-ROH,500,0,0,h00,7381613772574883665
p3,A,500,0,0,h00,7381613772574883665
p3,B,435,65,0,h00,7381613772574883665
p3,C,113,31,356,h00,7381613772574883665
p3,Non-ROH,500,0,0,h00,7381613772574883665
p1,A,500,0,0,h00,7385212419273013375
p1,B,252,234,14,h00,7385212419273013375
p1,C,50,59,391,h00,7385212419273013375
p1,Non-ROH,500,0,0,h00,7385212419273013375
p2,A,500,0,0,h00,7385212419273013375
p2,B,415,85,0,h00,7385212419273013375
p2,C,42,118,340,h00,7385212419273013375
p2,Non-ROH,500,0,0,h00,7385212419273013375
p3,A,500,0,0,h00,7385212419273013375
p3,B,457,43,0,h00,7385212419273013375
p3,C,44,120,336,h00,7385212419273013375
p3,Non-ROH,500,0,0,h00,7385212419273013375
p1,A,499,1,0,h00,7399684465983197950
p1,B,253,225,22,h00,7399684465983197950
p1,C,56,66,378,h00,7399684465983197950
p1,Non-ROH,500,0,0,h00,7399684465983197950
p2,A,500,0,0,h00,7399684465983197950
p2,B,433,67,0,h00,7399684465983197950
p2,C,40,56,404,h00,7399684465983197950
p2,Non-ROH,500,0,0,h00,7399684465983197950
p3,A,500,0,0,h00,7399684465983197950
p3,B,471,29,0,h00,7399684465983197950
p3,C,45,98,357,h00,7399684465983197950
p3,Non-ROH,500,0,0,h00,7399684465983197950
p1,A,500,0,0,h00,7413841783320754802
p1,B,214,274,12,h00,7413841783320754802
p1,C,64,84,352,h00,7413841783320754802
p1,Non-ROH,500,0,0,h00,7413841783320754802
p2,A,500,0,0,h00,7413841783320754802
p2,B,401,99,0,h00,7413841783320754802
p2,C,35,156,309,h00,7413841783320754802
p2,Non-ROH,500,0,0,h00,7413841783320754802
p3,A,500,0,0,h00,7413841783320754802
p3,B,448,52,0,h00,7413841783320754802
p3,C,28,104,368,h00,7413841783320754802
p3,Non-ROH,500,0,0,h00,7413841783320754802
p1,A,500,0,0,h00,7414523646869633419
p1,B,232,255,13,h00,7414523646869633419
p1,C,59,58,383,h00,7414523646869633419
p1,Non-ROH,500,0,0,h00,7414523646869633419
p2,A,500,0,0,h00,7414523646869633419
p2,B,404,96,0,h00,7414523646869633419
p2,C,51,95,354,h00,7414523646869633419
p2,Non-ROH,500,0,0,h00,7414523646869633419
p3,A,500,0,0,h00,7414523646869633419
p3,B,443,57,0,h00,7414523646869633419
p3,C,36,98,366,h00,7414523646869633419
p3,Non-ROH,500,0,0,h00,7414523646869633419
p1,A,500,0,0,h00,7439394794247071750
p1,B,256,230,14,h00,7439394794247071750
p1,C,47,76,377,h00,7439394794247071750
p1,Non-ROH,500,0,0,h00,7439394794247071750
p2,A,500,0,0,h00,7439394794247071750
p2,B,428,72,0,h00,7439394794247071750
p2,C,53,141,306,h00,7439394794247071750
p2,Non-ROH,500,0,0,h00,7439394794247071750
p3,A,500,0,0,h00,7439394794247071750
p3,B,464,36,0,h00,7439394794247071750
p3,C,37,110,353,h00,7439394794247071750
p3,Non-ROH,500,0,0,h00,7439394794247071750
p1,A,500,0,0,h00,7473469869254133156
p1,B,280,208,12,h00,7473469869254133156
p1,C,62,66,372,h00,7473469869254133156
p1,Non-ROH,500,0,0,h00,7473469869254133156
p2,A,500,0,0,h00,7473469869254133156
p2,B,438,62,0,h00,7473469869254133156
p2,C,41,87,372,h00,7473469869254133156
p2,Non-ROH,500,0,0,h00,7473469869254133156
p3,A,500,0,0,h00,7473469869254133156
p3,B,476,24,0,h00,7473469869254133156
p3,C,40,136,324,h00,7473469869254133156
p3,Non-ROH,500,0,0,h00,7473469869254133156
p1,A,500,0,0,h00,7489332420735831496
p1,B,237,246,17,h00,7489332420735831496
p1,C,61,76,363,h00,7489332420735831496
p1,Non-ROH,500,0,0,h00,7489332420735831496
p2,A,500,0,0,h00,7489332420735831496
p2,B,417,83,0,h00,7489332420735831496
p2,C,44,89,367,h00,7489332420735831496
p2,Non-ROH,500,0,0,h00,7489332420735831496
p3,A,500,0,0,h00,7489332420735831496
p3,B,438,62,0,h00,7489332420735831496
p3,C,27,134,339,h00,7489332420735831496
p3,Non-ROH,500,0,0,h00,7489332420735831496
p1,A,500,0,0,h00,7492281159528610269
p1,B,262,218,20,h00,7492281159528610269
p1,C,57,81,362,h00,7492281159528610269
p1,Non-ROH,500,0,0,h00,7492281159528610269
p2,A,500,0,0,h00,7492281159528610269
p2,B,400,100,0,h00,7492281159528610269
p2,C,34,86,380,h00,7492281159528610269
p2,Non-ROH,500,0,0,h00,7492281159528610269
p3,A,500,0,0,h00,7492281159528610269
p3,B,455,45,0,h00,7492281159528610269
p3,C,35,175,290,h00,7492281159528610269
p3,Non-ROH,500,0,0,h00,7492281159528610269
p1,A,500,0,0,h00,7510017443374212299
p1,B,253,230,17,h00,7510017443374212299
p1,C,65,76,359,h00,7510017443374212299
p1,Non-ROH,500,0,0,h00,7510017443374212299
p2,A,500,0,0,h00,7510017443374212299
p2,B,429,71,0,h00,7510017443374212299
p2,C,40,103,357,h00,7510017443374212299
p2,Non-ROH,500,0,0,h00,7510017443374212299
p3,A,500,0,0,h00,7510017443374212299
p3,B,481,19,0,h00,7510017443374212299
p3,C,41,136,323,h00,7510017443374212299
p3,Non-ROH,500,0,0,h00,7510017443374212299
p1,A,500,0,0,h00,7575364469277083538
p1,B,260,221,19,h00,7575364469277083538
p1,C,50,74,376,h00,7575364469277083538
p1,Non-ROH,500,0,0,h00,7575364469277083538
p2,A,500,0,0,h00,7575364469277083538
p2,B,419,81,0,h00,7575364469277083538
p2,C,42,111,347,h00,7575364469277083538
p2,Non-ROH,500,0,0,h00,7575364469277083538
p3,A,500,0,0,h00,7575364469277083538
p3,B,467,33,0,h00,7575364469277083538
p3,C,46,114,340,h00,7575364469277083538
p3,Non-ROH,500,0,0,h00,7575364469277083538
p1,A,500,0,0,h00,7596600659096589567
p1,B,224,261,15,h00,7596600659096589567
p1,C,76,74,350,h00,7596600659096589567
p1,Non-ROH,500,0,0,h00,7596600659096589567
p2,A,500,0,0,h00,7596600659096589567
p2,B,426,74,0,h00,7596600659096589567
p2,C,63,31,406,h00,7596600659096589567
p2,Non-ROH,500,0,0,h00,7596600659096589567
p3,A,500,0,0,h00,7596600659096589567
p3,B,466,34,0,h00,7596600659096589567
p3,C,96,37,367,h00,7596600659096589567
p3,Non-ROH,500,0,0,h00,7596600659096589567
p1,A,499,1,0,h00,7640468002792745424
p1,B,197,279,24,h00,7640468002792745424
p1,C,49,65,386,h00,7640468002792745424
p1,Non-ROH,500,0,0,h00,7640468002792745424
p2,A,500,0,0,h00,7640468002792745424
p2,B,405,95,0,h00,7640468002792745424
p2,C,33,104,363,h00,7640468002792745424
p2,Non-ROH,500,0,0,h00,7640468002792745424
p3,A,500,0,0,h00,7640468002792745424
p3,B,432,68,0,h00,7640468002792745424
p3,C,35,112,353,h00,7640468002792745424
p3,Non-ROH,500,0,0,h00,7640468002792745424
p1,A,500,0,0,h00,7640924825233081351
p1,B,258,224,18,h00,7640924825233081351
p1,C,87,48,365,h00,7640924825233081351
p1,Non-ROH,500,0,0,h00,7640924825233081351
p2,A,500,0,0,h00,7640924825233081351
p2,B,435,65,0,h00,7640924825233081351
p2,C,124,40,336,h00,7640924825233081351
p2,Non-ROH,500,0,0,h00,7640924825233081351
p3,A,500,0,0,h00,7640924825233081351
p3,B,466,34,0,h00,7640924825233081351
p3,C,137,47,316,h00,7640924825233081351
p3,Non-ROH,500,0,0,h00,7640924825233081351
p1,A,500,0,0,h00,7669602547746765903
p1,B,263,229,8,h00,7669602547746765903
p1,C,58,89,353,h00,7669602547746765903
p1,Non-ROH,500,0,0,h00,7669602547746765903
p2,A,500,0,0,h00,7669602547746765903
p2,B,424,76,0,h00,7669602547746765903
p2,C,52,112,336,h00,7669602547746765903
p2,Non-ROH,500,0,0,h00,7669602547746765903
p3,A,500,0,0,h00,7669602547746765903
p3,B,459,41,0,h00,7669602547746765903
p3,C,52,60,388,h00,7669602547746765903
p3,Non-ROH,500,0,0,h00,7669602547746765903
p1,A,500,0,0,h00,7670967728798457551
p1,B,266,225,9,h00,7670967728798457551
p1,C,66,65,369,h00,7670967728798457551
p1,Non-ROH,500,0,0,h00,7670967728798457551
p2,A,500,0,0,h00,7670967728798457551
p2,B,459,41,0,h00,7670967728798457551
p2,C,54,82,364,h00,7670967728798457551
p2,Non-ROH,500,0,0,h00,7670967728798457551
p3,A,500,0,0,h00,7670967728798457551
p3,B,485,15,0,h00,7670967728798457551
p3,C,55,156,289,h00,7670967728798457551
p3,Non-ROH,500,0,0,h00,7670967728798457551
p1,A,500,0,0,h00,7681282347561624791
p1,B,227,261,12,h00,7681282347561624791
p1,C,49,62,389,h00,7681282347561624791
p1,Non-ROH,500,0,0,h00,7681282347561624791
p2,A,500,0,0,h00,7681282347561624791
p2,B,395,105,0,h00,7681282347561624791
p2,C,30,107,363,h00,7681282347561624791
p2,Non-ROH,500,0,0,h00,7681282347561624791
p3,A,500,0,0,h00,7681282347561624791
p3,B,448,52,0,h00,7681282347561624791
p3,C,28,134,338,h00,7681282347561624791
p3,Non-ROH,500,0,0,h00,7681282347561624791
p1,A,500,0,0,h00,7689060740259911737
p1,B,231,256,13,h00,7689060740259911737
p1,C,68,45,387,h00,7689060740259911737
p1,Non-ROH,500,0,0,h00,7689060740259911737
p2,A,500,0,0,h00,7689060740259911737
p2,B,391,109,0,h00,7689060740259911737
p2,C,99,41,360,h00,7689060740259911737
p2,Non-ROH,500,0,0,h00,7689060740259911737
p3,A,500,0,0,h00,7689060740259911737
p3,B,451,49,0,h00,7689060740259911737
p3,C,180,32,288,h00,7689060740259911737
p3,Non-ROH,500,0,0,h00,7689060740259911737
p1,A,500,0,0,h00,7694801790239217915
p1,B,289,198,13,h00,7694801790239217915
p1,C,84,34,382,h00,7694801790239217915
p1,Non-ROH,500,0,0,h00,7694801790239217915
p2,A,500,0,0,h00,7694801790239217915
p2,B,444,56,0,h00,7694801790239217915
p2,C,44,100,356,h00,7694801790239217915
p2,Non-ROH,500,0,0,h00,7694801790239217915
p3,A,500,0,0,h00,7694801790239217915
p3,B,460,40,0,h00,7694801790239217915
p3,C,49,58,393,h00,7694801790239217915
p3,Non-ROH,500,0,0,h00,7694801790239217915
p1,A,499,1,0,h00,7702412575777826027
p1,B,233,252,15,h00,7702412575777826027
p1,C,64,65,371,h00,7702412575777826027
p1,Non-ROH,500,0,0,h00,7702412575777826027
p2,A,500,0,0,h00,7702412575777826027
p2,B,401,99,0,h00,7702412575777826027
p2,C,45,97,358,h00,7702412575777826027
p2,Non-ROH,500,0,0,h00,7702412575777826027
p3,A,500,0,0,h00,7702412575777826027
p3,B,423,77,0,h00,7702412575777826027
p3,C,40,71,389,h00,7702412575777826027
p3,Non-ROH,500,0,0,h00,7702412575777826027
p1,A,500,0,0,h00,7705097774128820863
p1,B,245,238,17,h00,7705097774128820863
p1,C,62,77,361,h00,7705097774128820863
p1,Non-ROH,500,0,0,h00,7705097774128820863
p2,A,500,0,0,h00,7705097774128820863
p2,B,424,76,0,h00,7705097774128820863
p2,C,43,91,366,h00,7705097774128820863
p2,Non-ROH,500,0,0,h00,7705097774128820863
p3,A,500,0,0,h00,7705097774128820863
p3,B,471,29,0,h00,7705097774128820863
p3,C,60,84,356,h00,7705097774128820863
p3,Non-ROH,500,0,0,h00,7705097774128820863
p1,A,500,0,0,h00,7754204663126548307
p1,B,232,249,19,h00,7754204663126548307
p1,C,53,69,378,h00,7754204663126548307
p1,Non-ROH,500,0,0,h00,7754204663126548307
p2,A,500,0,0,h00,7754204663126548307
p2,B,425,75,0,h00,7754204663126548307
p2,C,31,110,359,h00,7754204663126548307
p2,Non-ROH,500,0,0,h00,7754204663126548307
p3,A,500,0,0,h00,7754204663126548307
p3,B,455,45,0,h00,7754204663126548307
p3,C,36,86,378,h00,7754204663126548307
p3,Non-ROH,500,0,0,h00,7754204663126548307
p1,A,500,0,0,h00,7755256581793677928
p1,B,244,239,17,h00,7755256581793677928
p1,C,51,76,373,h00,7755256581793677928
p1,Non-ROH,500,0,0,h00,7755256581793677928
p2,A,500,0,0,h00,7755256581793677928
p2,B,424,76,0,h00,7755256581793677928
p2,C,26,113,361,h00,7755256581793677928
p2,Non-ROH,500,0,0,h00,7755256581793677928
p3,A,500,0,0,h00,7755256581793677928
p3,B,452,48,0,h00,7755256581793677928
p3,C,33,77,390,h00,7755256581793677928
p3,Non-ROH,500,0,0,h00,7755256581793677928
p1,A,500,0,0,h00,7761268545753577354
p1,B,241,240,19,h00,7761268545753577354
p1,C,51,65,384,h00,7761268545753577354
p1,Non-ROH,500,0,0,h00,7761268545753577354
p2,A,500,0,0,h00,7761268545753577354
p2,B,423,77,0,h00,7761268545753577354
p2,C,35,64,401,h00,7761268545753577354
p2,Non-ROH,500,0,0,h00,7761268545753577354
p3,A,500,0,0,h00,7761268545753577354
p3,B,461,39,0,h00,7761268545753577354
p3,C,37,102,361,h00,7761268545753577354
p3,Non-ROH,500,0,0,h00,7761268545753577354
p1,A,500,0,0,h00,7774033729568193838
p1,B,304,184,12,h00,7774033729568193838
p1,C,55,61,384,h00,7774033729568193838
p1,Non-ROH,500,0,0,h00,7774033729568193838
p2,A,500,0,0,h00,7774033729568193838
p2,B,444,56,0,h00,7774033729568193838
p2,C,46,91,363,h00,7774033729568193838
p2,Non-ROH,500,0,0,h00,7774033729568193838
p3,A,500,0,0,h00,7774033729568193838
p3,B,481,19,0,h00,7774033729568193838
p3,C,44,80,376,h00,7774033729568193838
p3,Non-ROH,500,0,0,h00,7774033729568193838
p1,A,500,0,0,h00,7788896702398618105
p1,B,246,242,12,h00,7788896702398618105
p1,C,50,64,386,h00,7788896702398618105
p1,Non-ROH,500,0,0,h00,7788896702398618105
p2,A,500,0,0,h00,7788896702398618105
p2,B,406,94,0,h00,7788896702398618105
p2,C,25,167,308,h00,7788896702398618105
p2,Non-ROH,500,0,0,h00,7788896702398618105
p3,A,500,0,0,h00,7788896702398618105
p3,B,459,41,0,h00,7788896702398618105
p3,C,25,133,342,h00,7788896702398618105
p3,Non-ROH,500,0,0,h00,7788896702398618105
p1,A,500,0,0,h00,7800683719019325863
p1,B,275,218,7,h00,7800683719019325863
p1,C,55,80,365,h00,7800683719019325863
p1,Non-ROH,500,0,0,h00,7800683719019325863
p2,A,500,0,0,h00,7800683719019325863
p2,B,412,88,0,h00,7800683719019325863
p2,C,40,123,337,h00,7800683719019325863
p2,Non-ROH,500,0,0,h00,7800683719019325863
p3,A,500,0,0,h00,7800683719019325863
p3,B,454,45,1,h00,7800683719019325863
p3,C,43,128,329,h00,7800683719019325863
p3,Non-ROH,500,0,0,h00,7800683719019325863
p1,A,499,1,0,h00,7825142619493849787
p1,B,236,245,19,h00,7825142619493849787
p1,C,51,79,370,h00,7825142619493849787
p1,Non-ROH,500,0,0,h00,7825142619493849787
p2,A,500,0,0,h00,7825142619493849787
p2,B,417,83,0,h00,7825142619493849787
p2,C,56,152,292,h00,7825142619493849787
p2,Non-ROH,500,0,0,h00,7825142619493849787
p3,A,500,0,0,h00,7825142619493849787
p3,B,459,41,0,h00,7825142619493849787
p3,C,39,145,316,h00,7825142619493849787
p3,Non-ROH,500,0,0,h00,7825142619493849787
p1,A,500,0,0,h00,7844115379435679961
p1,B,242,248,10,h00,7844115379435679961
p1,C,57,74,369,h00,7844115379435679961
p1,Non-ROH,500,0,0,h00,7844115379435679961
p2,A,500,0,0,h00,7844115379435679961
p2,B,410,90,0,h00,7844115379435679961
p2,C,41,80,379,h00,7844115379435679961
p2,Non-ROH,500,0,0,h00,7844115379435679961
p3,A,500,0,0,h00,7844115379435679961
p3,B,463,37,0,h00,7844115379435679961
p3,C,38,99,363,h00,7844115379435679961
p3,Non-ROH,500,0,0,h00,7844115379435679961
p1,A,500,0,0,h00,7845649049148242428
p1,B,245,244,11,h00,7845649049148242428
p1,C,60,66,374,h00,7845649049148242428
p1,Non-ROH,500,0,0,h00,7845649049148242428
p2,A,500,0,0,h00,7845649049148242428
p2,B,434,66,0,h00,7845649049148242428
p2,C,32,89,379,h00,7845649049148242428
p2,Non-ROH,500,0,0,h00,7845649049148242428
p3,A,500,0,0,h00,7845649049148242428
p3,B,456,44,0,h00,7845649049148242428
p3,C,41,99,360,h00,7845649049148242428
p3,Non-ROH,500,0,0,h00,7845649049148242428
p1,A,499,1,0,h00,7872656261944607829
p1,B,259,231,10,h00,7872656261944607829
p1,C,65,58,377,h00,7872656261944607829
p1,Non-ROH,500,0,0,h00,7872656261944607829
p2,A,500,0,0,h00,7872656261944607829
p2,B,431,69,0,h00,7872656261944607829
p2,C,35,111,354,h00,7872656261944607829
p2,Non-ROH,500,0,0,h00,7872656261944607829
p3,A,500,0,0,h00,7872656261944607829
p3,B,443,57,0,h00,7872656261944607829
p3,C,38,93,369,h00,7872656261944607829
p3,Non-ROH,500,0,0,h00,7872656261944607829
p1,A,498,2,0,h00,7899557489426013408
p1,B,286,194,20,h00,7899557489426013408
p1,C,53,60,387,h00,7899557489426013408
p1,Non-ROH,500,0,0,h00,7899557489426013408
p2,A,500,0,0,h00,7899557489426013408
p2,B,445,55,0,h00,7899557489426013408
p2,C,46,87,367,h00,7899557489426013408
p2,Non-ROH,500,0,0,h00,7899557489426013408
p3,A,500,0,0,h00,7899557489426013408
p3,B,473,27,0,h00,7899557489426013408
p3,C,39,105,356,h00,7899557489426013408
p3,Non-ROH,500,0,0,h00,7899557489426013408
p1,A,500,0,0,h00,7912128486606305112
p1,B,239,245,16,h00,7912128486606305112
p1,C,65,72,363,h00,7912128486606305112
p1,Non-ROH,500,0,0,h00,7912128486606305112
p2,A,500,0,0,h00,7912128486606305112
p2,B,431,69,0,h00,7912128486606305112
p2,C,46,124,330,h00,7912128486606305112
p2,Non-ROH,500,0,0,h00,7912128486606305112
p3,A,500,0,0,h00,7912128486606305112
p3,B,478,22,0,h00,7912128486606305112
p3,C,35,80,385,h00,7912128486606305112
p3,Non-ROH,500,0,0,h00,7912128486606305112
p1,A,500,0,0,h00,7918121088649361103
p1,B,244,247,9,h00,7918121088649361103
p1,C,55,89,356,h00,7918121088649361103
p1,Non-ROH,500,0,0,h00,7918121088649361103
p2,A,500,0,0,h00,7918121088649361103
p2,B,419,81,0,h00,7918121088649361103
p2,C,47,96,357,h00,7918121088649361103
p2,Non-ROH,500,0,0,h00,7918121088649361103
p3,A,500,0,0,h00,7918121088649361103
p3,B,452,48,0,h00,7918121088649361103
p3,C,47,74,379,h00,7918121088649361103
p3,Non-ROH,500,0,0,h00,7918121088649361103
p1,A,499,1,0,h00,7919405651962967992
p1,B,226,256,18,h00,7919405651962967992
p1,C,75,35,390,h00,7919405651962967992
p1,Non-ROH,500,0,0,h00,7919405651962967992
p2,A,500,0,0,h00,7919405651962967992
p2,B,417,83,0,h00,7919405651962967992
p2,C,93,34,373,h00,7919405651962967992
p2,Non-ROH,500,0,0,h00,7919405651962967992
p3,A,500,0,0,h00,7919405651962967992
p3,B,477,23,0,h00,7919405651962967992
p3,C,120,51,329,h00,7919405651962967992
p3,Non-ROH,500,0,0,h00,7919405651962967992
p1,A,499,1,0,h00,7935763740681700891
p1,B,236,251,13,h00,7935763740681700891
p1,C,50,54,396,h00,7935763740681700891
p1,Non-ROH,500,0,0,h00,7935763740681700891
p2,A,500,0,0,h00,7935763740681700891
p2,B,418,82,0,h00,7935763740681700891
p2,C,42,83,375,h00,7935763740681700891
p2,Non-ROH,500,0,0,h00,7935763740681700891
p3,A,500,0,0,h00,7935763740681700891
p3,B,441,59,0,h00,7935763740681700891
p3,C,38,97,365,h00,7935763740681700891
p3,Non-ROH,500,0,0,h00,7935763740681700891
p1,A,497,3,0,h00,7944209325752561383
p1,B,173,306,21,h00,7944209325752561383
p1,C,44,73,383,h00,7944209325752561383
p1,Non-ROH,500,0,0,h00,7944209325752561383
p2,A,500,0,0,h00,7944209325752561383
p2,B,367,133,0,h00,7944209325752561383
p2,C,42,106,352,h00,7944209325752561383
p2,Non-ROH,500,0,0,h00,7944209325752561383
p3,A,500,0,0,h00,7944209325752561383
p3,B,389,111,0,h00,7944209325752561383
p3,C,25,109,366,h00,7944209325752561383
p3,Non-ROH,500,0,0,h00,7944209325752561383
p1,A,500,0,0,h00,7987663683338581749
p1,B,239,249,12,h00,7987663683338581749
p1,C,93,54,353,h00,7987663683338581749
p1,Non-ROH,500,0,0,h00,7987663683338581749
p2,A,500,0,0,h00,7987663683338581749
p2,B,425,75,0,h00,7987663683338581749
p2,C,105,35,360,h00,7987663683338581749
p2,Non-ROH,500,0,0,h00,7987663683338581749
p3,A,500,0,0,h00,7987663683338581749
p3,B,458,42,0,h00,7987663683338581749
p3,C,97,35,368,h00,7987663683338581749
p3,Non-ROH,500,0,0,h00,7987663683338581749
p1,A,500,0,0,h00,8014274278194106210
p1,B,219,264,17,h00,8014274278194106210
p1,C,57,73,370,h00,8014274278194106210
p1,Non-ROH,500,0,0,h00,8014274278194106210
p2,A,500,0,0,h00,8014274278194106210
p2,B,411,88,1,h00,8014274278194106210
p2,C,37,83,380,h00,8014274278194106210
p2,Non-ROH,500,0,0,h00,8014274278194106210
p3,A,500,0,0,h00,8014274278194106210
p3,B,448,52,0,h00,8014274278194106210
p3,C,31,117,352,h00,8014274278194106210
p3,Non-ROH,500,0,0,h00,8014274278194106210
p1,A,498,2,0,h00,8021517949117524351
p1,B,209,278,13,h00,8021517949117524351
p1,C,62,53,385,h00,8021517949117524351
p1,Non-ROH,500,0,0,h00,8021517949117524351
p2,A,500,0,0,h00,8021517949117524351
p2,B,393,107,0,h00,8021517949117524351
p2,C,47,89,364,h00,8021517949117524351
p2,Non-ROH,500,0,0,h00,8021517949117524351
p3,A,500,0,0,h00,8021517949117524351
p3,B,428,72,0,h00,8021517949117524351
p3,C,36,125,339,h00,8021517949117524351
p3,Non-ROH,500,0,0,h00,8021517949117524351
p1,A,500,0,0,h00,8061281235594563954
p1,B,233,253,14,h00,8061281235594563954
p1,C,77,52,371,h00,8061281235594563954
p1,Non-ROH,500,0,0,h00,8061281235594563954
p2,A,500,0,0,h00,8061281235594563954
p2,B,387,113,0,h00,8061281235594563954
p2,C,57,71,372,h00,8061281235594563954
p2,Non-ROH,500,0,0,h00,8061281235594563954
p3,A,500,0,0,h00,8061281235594563954
p3,B,453,47,0,h00,8061281235594563954
p3,C,75,112,313,h00,8061281235594563954
p3,Non-ROH,500,0,0,h00,8061281235594563954
p1,A,498,2,0,h00,807106994577424742
p1,B,234,250,16,h00,807106994577424742
p1,C,62,62,376,h00,807106994577424742
p1,Non-ROH,500,0,0,h00,807106994577424742
p2,A,500,0,0,h00,807106994577424742
p2,B,399,101,0,h00,807106994577424742
p2,C,46,90,364,h00,807106994577424742
p2,Non-ROH,500,0,0,h00,807106994577424742
p3,A,500,0,0,h00,807106994577424742
p3,B,415,85,0,h00,807106994577424742
p3,C,33,103,364,h00,807106994577424742
p3,Non-ROH,500,0,0,h00,807106994577424742
p1,A,500,0,0,h00,8073559371014580251
p1,B,282,204,14,h00,8073559371014580251
p1,C,57,66,377,h00,8073559371014580251
p1,Non-ROH,500,0,0,h00,8073559371014580251
p2,A,500,0,0,h00,8073559371014580251
p2,B,420,80,0,h00,8073559371014580251
p2,C,42,165,293,h00,8073559371014580251
p2,Non-ROH,500,0,0,h00,8073559371014580251
p3,A,500,0,0,h00,8073559371014580251
p3,B,481,19,0,h00,8073559371014580251
p3,C,52,104,344,h00,8073559371014580251
p3,Non-ROH,500,0,0,h00,8073559371014580251
p1,A,500,0,0,h00,8085227859060869184
p1,B,232,250,18,h00,8085227859060869184
p1,C,74,75,351,h00,8085227859060869184
p1,Non-ROH,500,0,0,h00,8085227859060869184
p2,A,500,0,0,h00,8085227859060869184
p2,B,421,79,0,h00,8085227859060869184
p2,C,32,81,387,h00,8085227859060869184
p2,Non-ROH,500,0,0,h00,8085227859060869184
p3,A,500,0,0,h00,8085227859060869184
p3,B,468,32,0,h00,8085227859060869184
p3,C,42,107,351,h00,8085227859060869184
p3,Non-ROH,500,0,0,h00,8085227859060869184
p1,A,500,0,0,h00,8102853888876117400
p1,B,270,215,15,h00,8102853888876117400
p1,C,49,72,379,h00,8102853888876117400
p1,Non-ROH,500,0,0,h00,8102853888876117400
p2,A,500,0,0,h00,8102853888876117400
p2,B,420,80,0,h00,8102853888876117400
p2,C,42,122,336,h00,8102853888876117400
p2,Non-ROH,500,0,0,h00,8102853888876117400
p3,A,500,0,0,h00,8102853888876117400
p3,B,477,23,0,h00,8102853888876117400
p3,C,48,102,350,h00,8102853888876117400
p3,Non-ROH,500,0,0,h00,8102853888876117400
p1,A,500,0,0,h00,810515107963077594
p1,B,240,250,10,h00,810515107963077594
p1,C,56,67,377,h00,810515107963077594
p1,Non-ROH,500,0,0,h00,810515107963077594
p2,A,500,0,0,h00,810515107963077594
p2,B,397,103,0,h00,810515107963077594
p2,C,43,126,331,h00,810515107963077594
p2,Non-ROH,500,0,0,h00,810515107963077594
p3,A,500,0,0,h00,810515107963077594
p3,B,441,59,0,h00,810515107963077594
p3,C,32,81,387,h00,810515107963077594
p3,Non-ROH,500,0,0,h00,810515107963077594
p1,A,497,3,0,h00,810614871690771956
p1,B,264,218,18,h00,810614871690771956
p1,C,50,77,373,h00,810614871690771956
p1,Non-ROH,500,0,0,h00,810614871690771956
p2,A,500,0,0,h00,810614871690771956
p2,B,411,89,0,h00,810614871690771956
p2,C,48,118,334,h00,810614871690771956
p2,Non-ROH,500,0,0,h00,810614871690771956
p3,A,500,0,0,h00,810614871690771956
p3,B,449,51,0,h00,810614871690771956
p3,C,48,131,321,h00,810614871690771956
p3,Non-ROH,500,0,0,h00,810614871690771956
p1,A,500,0,0,h00,8141761060821422002
p1,B,199,287,14,h00,8141761060821422002
p1,C,52,82,366,h00,8141761060821422002
p1,Non-ROH,500,0,0,h00,8141761060821422002
p2,A,500,0,0,h00,8141761060821422002
p2,B,388,112,0,h00,8141761060821422002
p2,C,45,92,363,h00,8141761060821422002
p2,Non-ROH,500,0,0,h00,8141761060821422002
p3,A,500,0,0,h00,8141761060821422002
p3,B,436,64,0,h00,8141761060821422002
p3,C,28,216,256,h00,8141761060821422002
p3,Non-ROH,500,0,0,h00,8141761060821422002
p1,A,500,0,0,h00,818472327660073236
p1,B,263,225,12,h00,818472327660073236
p1,C,54,66,380,h00,818472327660073236
p1,Non-ROH,500,0,0,h00,818472327660073236
p2,A,500,0,0,h00,818472327660073236
p2,B,412,88,0,h00,818472327660073236
p2,C,32,119,349,h00,818472327660073236
p2,Non-ROH,500,0,0,h00,818472327660073236
p3,A,500,0,0,h00,818472327660073236
p3,B,456,44,0,h00,818472327660073236
p3,C,42,105,353,h00,818472327660073236
p3,Non-ROH,500,0,0,h00,818472327660073236
p1,A,499,1,0,h00,8189701162810878588
p1,B,228,264,8,h00,8189701162810878588
p1,C,55,78,367,h00,8189701162810878588
p1,Non-ROH,500,0,0,h00,8189701162810878588
p2,A,500,0,0,h00,8189701162810878588
p2,B,429,71,0,h00,8189701162810878588
p2,C,46,93,361,h00,8189701162810878588
p2,Non-ROH,500,0,0,h00,8189701162810878588
p3,A,500,0,0,h00,8189701162810878588
p3,B,455,45,0,h00,8189701162810878588
p3,C,28,83,389,h00,8189701162810878588
p3,Non-ROH,500,0,0,h00,8189701162810878588
p1,A,498,2,0,h00,819516485579700465
p1,B,218,267,15,h00,819516485579700465
p1,C,61,71,368,h00,819516485579700465
p1,Non-ROH,500,0,0,h00,819516485579700465
p2,A,500,0,0,h00,819516485579700465
p2,B,384,116,0,h00,819516485579700465
p2,C,35,113,352,h00,819516485579700465
p2,Non-ROH,500,0,0,h00,819516485579700465
p3,A,500,0,0,h00,819516485579700465
p3,B,430,70,0,h00,819516485579700465
p3,C,45,99,356,h00,819516485579700465
p3,Non-ROH,500,0,0,h00,819516485579700465
p1,A,498,2,0,h00,8222179486658101296
p1,B,242,245,13,h00,8222179486658101296
p1,C,51,76,373,h00,8222179486658101296
p1,Non-ROH,500,0,0,h00,8222179486658101296
p2,A,500,0,0,h00,8222179486658101296
p2,B,379,121,0,h00,8222179486658101296
p2,C,39,90,371,h00,8222179486658101296
p2,Non-ROH,500,0,0,h00,8222179486658101296
p3,A,500,0,0,h00,8222179486658101296
p3,B,459,41,0,h00,8222179486658101296
p3,C,32,151,317,h00,8222179486658101296
p3,Non-ROH,500,0,0,h00,8222179486658101296
p1,A,500,0,0,h00,8232276829008192175
p1,B,285,200,15,h00,8232276829008192175
p1,C,64,82,354,h00,8232276829008192175
p1,Non-ROH,500,0,0,h00,8232276829008192175
p2,A,500,0,0,h00,8232276829008192175
p2,B,430,69,1,h00,8232276829008192175
p2,C,49,85,366,h00,8232276829008192175
p2,Non-ROH,500,0,0,h00,8232276829008192175
p3,A,500,0,0,h00,8232276829008192175
p3,B,466,34,0,h00,8232276829008192175
p3,C,39,98,363,h00,8232276829008192175
p3,Non-ROH,500,0,0,h00,8232276829008192175
p1,A,500,0,0,h00,8245785795119165813
p1,B,257,228,15,h00,8245785795119165813
p1,C,65,70,365,h00,8245785795119165813
p1,Non-ROH,500,0,0,h00,8245785795119165813
p2,A,500,0,0,h00,8245785795119165813
p2,B,418,82,0,h00,8245785795119165813
p2,C,42,72,386,h00,8245785795119165813
p2,Non-ROH,500,0,0,h00,8245785795119165813
p3,A,500,0,0,h00,8245785795119165813
p3,B,451,49,0,h00,8245785795119165813
p3,C,39,81,380,h00,8245785795119165813
p3,Non-ROH,500,0,0,h00,8245785795119165813
p1,A,499,1,0,h00,8247888529918945527
p1,B,234,256,10,h00,8247888529918945527
p1,C,88,39,373,h00,8247888529918945527
p1,Non-ROH,500,0,0,h00,8247888529918945527
p2,A,500,0,0,h00,8247888529918945527
p2,B,402,98,0,h00,8247888529918945527
p2,C,143,36,321,h00,8247888529918945527
p2,Non-ROH,500,0,0,h00,8247888529918945527
p3,A,500,0,0,h00,8247888529918945527
p3,B,463,37,0,h00,8247888529918945527
p3,C,197,30,273,h00,8247888529918945527
p3,Non-ROH,500,0,0,h00,8247888529918945527
p1,A,500,0,0,h00,826663596041234252
p1,B,221,263,16,h00,826663596041234252
p1,C,55,74,371,h00,826663596041234252
p1,Non-ROH,500,0,0,h00,826663596041234252
p2,A,500,0,0,h00,826663596041234252
p2,B,421,79,0,h00,826663596041234252
p2,C,58,136,306,h00,826663596041234252
p2,Non-ROH,500,0,0,h00,826663596041234252
p3,A,500,0,0,h00,826663596041234252
p3,B,443,57,0,h00,826663596041234252
p3,C,38,89,373,h00,826663596041234252
p3,Non-ROH,500,0,0,h00,826663596041234252
p1,A,500,0,0,h00,8295570130475967972
p1,B,251,233,16,h00,8295570130475967972
p1,C,58,93,349,h00,8295570130475967972
p1,Non-ROH,500,0,0,h00,8295570130475967972
p2,A,500,0,0,h00,8295570130475967972
p2,B,391,109,0,h00,8295570130475967972
p2,C,28,262,210,h00,8295570130475967972
p2,Non-ROH,500,0,0,h00,8295570130475967972
p3,A,500,0,0,h00,8295570130475967972
p3,B,459,41,0,h00,8295570130475967972
p3,C,30,78,392,h00,8295570130475967972
p3,Non-ROH,500,0,0,h00,8295570130475967972
p1,A,499,1,0,h00,8302840173262926033
p1,B,236,253,11,h00,8302840173262926033
p1,C,53,76,371,h00,8302840173262926033
p1,Non-ROH,500,0,0,h00,8302840173262926033
p2,A,500,0,0,h00,8302840173262926033
p2,B,408,92,0,h00,8302840173262926033
p2,C,40,64,396,h00,8302840173262926033
p2,Non-ROH,500,0,0,h00,8302840173262926033
p3,A,500,0,0,h00,8302840173262926033
p3,B,464,36,0,h00,8302840173262926033
p3,C,34,126,340,h00,8302840173262926033
p3,Non-ROH,500,0,0,h00,8302840173262926033
p1,A,500,0,0,h00,8324314100380763628
p1,B,215,276,9,h00,8324314100380763628
p1,C,57,84,359,h00,8324314100380763628
p1,Non-ROH,500,0,0,h00,8324314100380763628
p2,A,500,0,0,h00,8324314100380763628
p2,B,403,97,0,h00,8324314100380763628
p2,C,32,91,377,h00,8324314100380763628
p2,Non-ROH,500,0,0,h00,8324314100380763628
p3,A,500,0,0,h00,8324314100380763628
p3,B,416,84,0,h00,8324314100380763628
p3,C,30,95,375,h00,8324314100380763628
p3,Non-ROH,500,0,0,h00,8324314100380763628
p1,A,500,0,0,h00,8333265495632237597
p1,B,222,265,13,h00,8333265495632237597
p1,C,63,54,383,h00,8333265495632237597
p1,Non-ROH,500,0,0,h00,8333265495632237597
p2,A,500,0,0,h00,8333265495632237597
p2,B,394,106,0,h00,8333265495632237597
p2,C,50,69,381,h00,8333265495632237597
p2,Non-ROH,500,0,0,h00,8333265495632237597
p3,A,500,0,0,h00,8333265495632237597
p3,B,461,39,0,h00,8333265495632237597
p3,C,42,84,374,h00,8333265495632237597
p3,Non-ROH,500,0,0,h00,8333265495632237597
p1,A,500,0,0,h00,8337948553890895361
p1,B,187,300,13,h00,8337948553890895361
p1,C,65,65,370,h00,8337948553890895361
p1,Non-ROH,500,0,0,h00,8337948553890895361
p2,A,500,0,0,h00,8337948553890895361
p2,B,427,73,0,h00,8337948553890895361
p2,C,52,75,373,h00,8337948553890895361
p2,Non-ROH,500,0,0,h00,8337948553890895361
p3,A,500,0,0,h00,8337948553890895361
p3,B,436,64,0,h00,8337948553890895361
p3,C,43,135,322,h00,8337948553890895361
p3,Non-ROH,500,0,0,h00,8337948553890895361
p1,A,498,2,0,h00,8348040649235703653
p1,B,224,252,24,h00,8348040649235703653
p1,C,60,53,387,h00,8348040649235703653
p1,Non-ROH,500,0,0,h00,8348040649235703653
p2,A,500,0,0,h00,8348040649235703653
p2,B,424,76,0,h00,8348040649235703653
p2,C,44,76,380,h00,8348040649235703653
p2,Non-ROH,500,0,0,h00,8348040649235703653
p3,A,500,0,0,h00,8348040649235703653
p3,B,463,37,0,h00,8348040649235703653
p3,C,46,73,381,h00,8348040649235703653
p3,Non-ROH,500,0,0,h00,8348040649235703653
p1,A,498,2,0,h00,8352329479800466435
p1,B,244,247,9,h00,8352329479800466435
p1,C,65,73,362,h00,8352329479800466435
p1,Non-ROH,500,0,0,h00,8352329479800466435
p2,A,500,0,0,h00,8352329479800466435
p2,B,401,99,0,h00,8352329479800466435
p2,C,44,97,359,h00,8352329479800466435
p2,Non-ROH,500,0,0,h00,8352329479800466435
p3,A,500,0,0,h00,8352329479800466435
p3,B,432,68,0,h00,8352329479800466435
p3,C,42,106,352,h00,8352329479800466435
p3,Non-ROH,500,0,0,h00,8352329479800466435
p1,A,500,0,0,h00,8359675198807336655
p1,B,257,227,16,h00,8359675198807336655
p1,C,60,53,387,h00,8359675198807336655
p1,Non-ROH,500,0,0,h00,8359675198807336655
p2,A,500,0,0,h00,8359675198807336655
p2,B,419,81,0,h00,8359675198807336655
p2,C,43,72,385,h00,8359675198807336655
p2,Non-ROH,500,0,0,h00,8359675198807336655
p3,A,500,0,0,h00,8359675198807336655
p3,B,437,63,0,h00,8359675198807336655
p3,C,40,91,369,h00,8359675198807336655
p3,Non-ROH,500,0,0,h00,8359675198807336655
p1,A,499,1,0,h00,8360854972556069990
p1,B,233,252,15,h00,8360854972556069990
p1,C,46,74,380,h00,8360854972556069990
p1,Non-ROH,500,0,0,h00,8360854972556069990
p2,A,500,0,0,h00,8360854972556069990
p2,B,392,108,0,h00,8360854972556069990
p2,C,36,126,338,h00,8360854972556069990
p2,Non-ROH,500,0,0,h00,8360854972556069990
p3,A,500,0,0,h00,8360854972556069990
p3,B,444,56,0,h00,8360854972556069990
p3,C,38,150,312,h00,8360854972556069990
p3,Non-ROH,500,0,0,h00,8360854972556069990
p1,A,500,0,0,h00,8442228576838349543
p1,B,229,260,11,h00,8442228576838349543
p1,C,72,40,388,h00,8442228576838349543
p1,Non-ROH,500,0,0,h00,8442228576838349543
p2,A,500,0,0,h00,8442228576838349543
p2,B,425,75,0,h00,8442228576838349543
p2,C,77,31,392,h00,8442228576838349543
p2,Non-ROH,500,0,0,h00,8442228576838349543
p3,A,500,0,0,h00,8442228576838349543
p3,B,455,45,0,h00,8442228576838349543
p3,C,69,47,384,h00,8442228576838349543
p3,Non-ROH,500,0,0,h00,8442228576838349543
p1,A,500,0,0,h00,8461703215665630037
p1,B,233,253,14,h00,8461703215665630037
p1,C,50,63,387,h00,8461703215665630037
p1,Non-ROH,500,0,0,h00,8461703215665630037
p2,A,500,0,0,h00,8461703215665630037
p2,B,427,73,0,h00,8461703215665630037
p2,C,43,111,346,h00,8461703215665630037
p2,Non-ROH,500,0,0,h00,8461703215665630037
p3,A,500,0,0,h00,8461703215665630037
p3,B,461,39,0,h00,8461703215665630037
p3,C,36,128,336,h00,8461703215665630037
p3,Non-ROH,500,0,0,h00,8461703215665630037
p1,A,500,0,0,h00,8478393171942172038
p1,B,223,264,13,h00,8478393171942172038
p1,C,67,71,362,h00,8478393171942172038
p1,Non-ROH,500,0,0,h00,8478393171942172038
p2,A,500,0,0,h00,8478393171942172038
p2,B,434,65,1,h00,8478393171942172038
p2,C,53,143,304,h00,8478393171942172038
p2,Non-ROH,500,0,0,h00,8478393171942172038
p3,A,500,0,0,h00,8478393171942172038
p3,B,445,55,0,h00,8478393171942172038
p3,C,42,156,302,h00,8478393171942172038
p3,Non-ROH,500,0,0,h00,8478393171942172038
p1,A,499,1,0,h00,8483146405762354839
p1,B,202,286,12,h00,8483146405762354839
p1,C,62,73,365,h00,8483146405762354839
p1,Non-ROH,500,0,0,h00,8483146405762354839
p2,A,500,0,0,h00,8483146405762354839
p2,B,372,128,0,h00,8483146405762354839
p2,C,45,122,333,h00,8483146405762354839
p2,Non-ROH,500,0,0,h00,8483146405762354839
p3,A,500,0,0,h00,8483146405762354839
p3,B,415,85,0,h00,8483146405762354839
p3,C,36,98,366,h00,8483146405762354839
p3,Non-ROH,500,0,0,h00,8483146405762354839
p1,A,500,0,0,h00,8493033608607173646
p1,B,243,247,10,h00,8493033608607173646
p1,C,53,70,377,h00,8493033608607173646
p1,Non-ROH,500,0,0,h00,8493033608607173646
p2,A,500,0,0,h00,8493033608607173646
p2,B,448,52,0,h00,8493033608607173646
p2,C,55,129,316,h00,8493033608607173646
p2,Non-ROH,500,0,0,h00,8493033608607173646
p3,A,500,0,0,h00,8493033608607173646
p3,B,457,43,0,h00,8493033608607173646
p3,C,40,213,247,h00,8493033608607173646
p3,Non-ROH,500,0,0,h00,8493033608607173646
p1,A,500,0,0,h00,8500782308606723157
p1,B,264,222,14,h00,8500782308606723157
p1,C,71,61,368,h00,8500782308606723157
p1,Non-ROH,500,0,0,h00,8500782308606723157
p2,A,500,0,0,h00,8500782308606723157
p2,B,459,41,0,h00,8500782308606723157
p2,C,38,80,382,h00,8500782308606723157
p2,Non-ROH,500,0,0,h00,8500782308606723157
p3,A,500,0,0,h00,8500782308606723157
p3,B,444,56,0,h00,8500782308606723157
p3,C,38,141,321,h00,8500782308606723157
p3,Non-ROH,500,0,0,h00,8500782308606723157
p1,A,498,2,0,h00,8508939634912935656
p1,B,249,237,14,h00,8508939634912935656
p1,C,51,76,373,h00,8508939634912935656
p1,Non-ROH,500,0,0,h00,8508939634912935656
p2,A,500,0,0,h00,8508939634912935656
p2,B,414,86,0,h00,8508939634912935656
p2,C,38,78,384,h00,8508939634912935656
p2,Non-ROH,500,0,0,h00,8508939634912935656
p3,A,500,0,0,h00,8508939634912935656
p3,B,449,51,0,h00,8508939634912935656
p3,C,39,91,370,h00,8508939634912935656
p3,Non-ROH,500,0,0,h00,8508939634912935656
p1,A,500,0,0,h00,8523785738886911657
p1,B,255,225,20,h00,8523785738886911657
p1,C,67,62,371,h00,8523785738886911657
p1,Non-ROH,500,0,0,h00,8523785738886911657
p2,A,500,0,0,h00,8523785738886911657
p2,B,401,99,0,h00,8523785738886911657
p2,C,47,72,381,h00,8523785738886911657
p2,Non-ROH,500,0,0,h00,8523785738886911657
p3,A,500,0,0,h00,8523785738886911657
p3,B,454,46,0,h00,8523785738886911657
p3,C,39,86,375,h00,8523785738886911657
p3,Non-ROH,500,0,0,h00,8523785738886911657
p1,A,500,0,0,h00,8552931170002909542
p1,B,216,263,21,h00,8552931170002909542
p1,C,66,67,367,h00,8552931170002909542
p1,Non-ROH,500,0,0,h00,8552931170002909542
p2,A,500,0,0,h00,8552931170002909542
p2,B,413,87,0,h00,8552931170002909542
p2,C,43,132,325,h00,8552931170002909542
p2,Non-ROH,500,0,0,h00,8552931170002909542
p3,A,500,0,0,h00,8552931170002909542
p3,B,444,56,0,h00,8552931170002909542
p3,C,34,72,394,h00,8552931170002909542
p3,Non-ROH,500,0,0,h00,8552931170002909542
p1,A,500,0,0,h00,8554301335803309257
p1,B,261,220,19,h00,8554301335803309257
p1,C,69,46,385,h00,8554301335803309257
p1,Non-ROH,500,0,0,h00,8554301335803309257
p2,A,500,0,0,h00,8554301335803309257
p2,B,411,89,0,h00,8554301335803309257
p2,C,82,56,362,h00,8554301335803309257
p2,Non-ROH,500,0,0,h00,8554301335803309257
p3,A,500,0,0,h00,8554301335803309257
p3,B,467,33,0,h00,8554301335803309257
p3,C,62,75,363,h00,8554301335803309257
p3,Non-ROH,500,0,0,h00,8554301335803309257
p1,A,500,0,0,h00,8560776890993356324
p1,B,204,281,15,h00,8560776890993356324
p1,C,60,68,372,h00,8560776890993356324
p1,Non-ROH,500,0,0,h00,8560776890993356324
p2,A,500,0,0,h00,8560776890993356324
p2,B,404,96,0,h00,8560776890993356324
p2,C,49,94,357,h00,8560776890993356324
p2,Non-ROH,500,0,0,h00,8560776890993356324
p3,A,500,0,0,h00,8560776890993356324
p3,B,445,55,0,h00,8560776890993356324
p3,C,28,93,379,h00,8560776890993356324
p3,Non-ROH,500,0,0,h00,8560776890993356324
p1,A,500,0,0,h00,8564784666695813541
p1,B,257,229,14,h00,8564784666695813541
p1,C,66,64,370,h00,8564784666695813541
p1,Non-ROH,500,0,0,h00,8564784666695813541
p2,A,500,0,0,h00,8564784666695813541
p2,B,443,57,0,h00,8564784666695813541
p2,C,42,98,360,h00,8564784666695813541
p2,Non-ROH,500,0,0,h00,8564784666695813541
p3,A,500,0,0,h00,8564784666695813541
p3,B,464,36,0,h00,8564784666695813541
p3,C,53,82,365,h00,8564784666695813541
p3,Non-ROH,500,0,0,h00,8564784666695813541
p1,A,500,0,0,h00,8567655874984429224
p1,B,200,287,13,h00,8567655874984429224
p1,C,51,64,385,h00,8567655874984429224
p1,Non-ROH,500,0,0,h00,8567655874984429224
p2,A,500,0,0,h00,8567655874984429224
p2,B,414,86,0,h00,8567655874984429224
p2,C,64,61,375,h00,8567655874984429224
p2,Non-ROH,500,0,0,h00,8567655874984429224
p3,A,500,0,0,h00,8567655874984429224
p3,B,434,66,0,h00,8567655874984429224
p3,C,43,125,332,h00,8567655874984429224
p3,Non-ROH,500,0,0,h00,8567655874984429224
p1,A,500,0,0,h00,8570553499106319936
p1,B,239,246,15,h00,8570553499106319936
p1,C,62,82,356,h00,8570553499106319936
p1,Non-ROH,500,0,0,h00,8570553499106319936
p2,A,500,0,0,h00,8570553499106319936
p2,B,433,67,0,h00,8570553499106319936
p2,C,41,93,366,h00,8570553499106319936
p2,Non-ROH,500,0,0,h00,8570553499106319936
p3,A,500,0,0,h00,8570553499106319936
p3,B,457,43,0,h00,8570553499106319936
p3,C,32,141,327,h00,8570553499106319936
p3,Non-ROH,500,0,0,h00,8570553499106319936
p1,A,500,0,0,h00,8586589245206037151
p1,B,227,263,10,h00,8586589245206037151
p1,C,66,70,364,h00,8586589245206037151
p1,Non-ROH,500,0,0,h00,8586589245206037151
p2,A,500,0,0,h00,8586589245206037151
p2,B,395,105,0,h00,8586589245206037151
p2,C,38,91,371,h00,8586589245206037151
p2,Non-ROH,500,0,0,h00,8586589245206037151
p3,A,500,0,0,h00,8586589245206037151
p3,B,438,62,0,h00,8586589245206037151
p3,C,29,126,345,h00,8586589245206037151
p3,Non-ROH,500,0,0,h00,8586589245206037151
p1,A,500,0,0,h00,8588449633077665015
p1,B,210,285,5,h00,8588449633077665015
p1,C,57,75,368,h00,8588449633077665015
p1,Non-ROH,500,0,0,h00,8588449633077665015
p2,A,500,0,0,h00,8588449633077665015
p2,B,370,130,0,h00,8588449633077665015
p2,C,31,93,376,h00,8588449633077665015
p2,Non-ROH,500,0,0,h00,8588449633077665015
p3,A,500,0,0,h00,8588449633077665015
p3,B,419,81,0,h00,8588449633077665015
p3,C,40,156,304,h00,8588449633077665015
p3,Non-ROH,500,0,0,h00,8588449633077665015
p1,A,500,0,0,h00,8609678236052231559
p1,B,269,216,15,h00,8609678236052231559
p1,C,56,66,378,h00,8609678236052231559
p1,Non-ROH,500,0,0,h00,8609678236052231559
p2,A,500,0,0,h00,8609678236052231559
p2,B,437,63,0,h00,8609678236052231559
p2,C,52,93,355,h00,8609678236052231559
p2,Non-ROH,500,0,0,h00,8609678236052231559
p3,A,500,0,0,h00,8609678236052231559
p3,B,474,26,0,h00,8609678236052231559
p3,C,37,144,319,h00,8609678236052231559
p3,Non-ROH,500,0,0,h00,8609678236052231559
p1,A,500,0,0,h00,8618909334375501049
p1,B,236,250,14,h00,8618909334375501049
p1,C,75,57,368,h00,8618909334375501049
p1,Non-ROH,500,0,0,h00,8618909334375501049
p2,A,500,0,0,h00,8618909334375501049
p2,B,399,101,0,h00,8618909334375501049
p2,C,75,112,313,h00,8618909334375501049
p2,Non-ROH,500,0,0,h00,8618909334375501049
p3,A,500,0,0,h00,8618909334375501049
p3,B,452,48,0,h00,8618909334375501049
p3,C,76,107,317,h00,8618909334375501049
p3,Non-ROH,500,0,0,h00,8618909334375501049
p1,A,498,2,0,h00,863818492425618087
p1,B,234,253,13,h00,863818492425618087
p1,C,57,75,368,h00,863818492425618087
p1,Non-ROH,500,0,0,h00,863818492425618087
p2,A,500,0,0,h00,863818492425618087
p2,B,376,124,0,h00,863818492425618087
p2,C,49,94,357,h00,863818492425618087
p2,Non-ROH,500,0,0,h00,863818492425618087
p3,A,500,0,0,h00,863818492425618087
p3,B,420,80,0,h00,863818492425618087
p3,C,23,174,303,h00,863818492425618087
p3,Non-ROH,500,0,0,h00,863818492425618087
p1,A,499,1,0,h00,8701012430488510716
p1,B,239,247,14,h00,8701012430488510716
p1,C,59,90,351,h00,8701012430488510716
p1,Non-ROH,500,0,0,h00,8701012430488510716
p2,A,500,0,0,h00,8701012430488510716
p2,B,417,83,0,h00,8701012430488510716
p2,C,34,79,387,h00,8701012430488510716
p2,Non-ROH,500,0,0,h00,8701012430488510716
p3,A,500,0,0,h00,8701012430488510716
p3,B,472,28,0,h00,8701012430488510716
p3,C,38,96,366,h00,8701012430488510716
p3,Non-ROH,500,0,0,h00,8701012430488510716
p1,A,500,0,0,h00,8704777689146286217
p1,B,236,238,26,h00,8704777689146286217
p1,C,55,69,376,h00,8704777689146286217
p1,Non-ROH,500,0,0,h00,8704777689146286217
p2,A,500,0,0,h00,8704777689146286217
p2,B,430,70,0,h00,8704777689146286217
p2,C,25,90,385,h00,8704777689146286217
p2,Non-ROH,500,0,0,h00,8704777689146286217
p3,A,500,0,0,h00,8704777689146286217
p3,B,482,18,0,h00,8704777689146286217
p3,C,43,104,353,h00,8704777689146286217
p3,Non-ROH,500,0,0,h00,8704777689146286217
p1,A,499,1,0,h00,8735585828959391809
p1,B,201,286,13,h00,8735585828959391809
p1,C,52,89,359,h00,8735585828959391809
p1,Non-ROH,500,0,0,h00,8735585828959391809
p2,A,500,0,0,h00,8735585828959391809
p2,B,383,117,0,h00,8735585828959391809
p2,C,36,180,284,h00,8735585828959391809
p2,Non-ROH,500,0,0,h00,8735585828959391809
p3,A,500,0,0,h00,8735585828959391809
p3,B,437,63,0,h00,8735585828959391809
p3,C,29,96,375,h00,8735585828959391809
p3,Non-ROH,500,0,0,h00,8735585828959391809
p1,A,500,0,0,h00,8762662111126417730
p1,B,213,271,16,h00,8762662111126417730
p1,C,53,70,377,h00,8762662111126417730
p1,Non-ROH,500,0,0,h00,8762662111126417730
p2,A,500,0,0,h00,8762662111126417730
p2,B,412,88,0,h00,8762662111126417730
p2,C,45,69,386,h00,8762662111126417730
p2,Non-ROH,500,0,0,h00,8762662111126417730
p3,A,500,0,0,h00,8762662111126417730
p3,B,448,52,0,h00,8762662111126417730
p3,C,36,103,361,h00,8762662111126417730
p3,Non-ROH,500,0,0,h00,8762662111126417730
p1,A,499,1,0,h00,876485116545318603
p1,B,227,262,11,h00,876485116545318603
p1,C,53,88,359,h00,876485116545318603
p1,Non-ROH,500,0,0,h00,876485116545318603
p2,A,500,0,0,h00,876485116545318603
p2,B,408,92,0,h00,876485116545318603
p2,C,38,84,378,h00,876485116545318603
p2,Non-ROH,500,0,0,h00,876485116545318603
p3,A,500,0,0,h00,876485116545318603
p3,B,440,60,0,h00,876485116545318603
p3,C,32,122,346,h00,876485116545318603
p3,Non-ROH,500,0,0,h00,876485116545318603
p1,A,500,0,0,h00,8805579582604427677
p1,B,235,248,17,h00,8805579582604427677
p1,C,47,94,359,h00,8805579582604427677
p1,Non-ROH,500,0,0,h00,8805579582604427677
p2,A,500,0,0,h00,8805579582604427677
p2,B,412,88,0,h00,8805579582604427677
p2,C,40,97,363,h00,8805579582604427677
p2,Non-ROH,500,0,0,h00,8805579582604427677
p3,A,500,0,0,h00,8805579582604427677
p3,B,457,43,0,h00,8805579582604427677
p3,C,33,146,321,h00,8805579582604427677
p3,Non-ROH,500,0,0,h00,8805579582604427677
p1,A,500,0,0,h00,8808334681185287544
p1,B,217,268,15,h00,8808334681185287544
p1,C,65,71,364,h00,8808334681185287544
p1,Non-ROH,500,0,0,h00,8808334681185287544
p2,A,500,0,0,h00,8808334681185287544
p2,B,422,78,0,h00,8808334681185287544
p2,C,58,72,370,h00,8808334681185287544
p2,Non-ROH,500,0,0,h00,8808334681185287544
p3,A,500,0,0,h00,8808334681185287544
p3,B,464,36,0,h00,8808334681185287544
p3,C,102,106,292,h00,8808334681185287544
p3,Non-ROH,500,0,0,h00,8808334681185287544
p1,A,500,0,0,h00,8825972710391913049
p1,B,261,219,20,h00,8825972710391913049
p1,C,68,78,354,h00,8825972710391913049
p1,Non-ROH,500,0,0,h00,8825972710391913049
p2,A,500,0,0,h00,8825972710391913049
p2,B,445,55,0,h00,8825972710391913049
p2,C,92,66,342,h00,8825972710391913049
p2,Non-ROH,500,0,0,h00,8825972710391913049
p3,A,500,0,0,h00,8825972710391913049
p3,B,458,42,0,h00,8825972710391913049
p3,C,70,89,341,h00,8825972710391913049
p3,Non-ROH,500,0,0,h00,8825972710391913049
p1,A,500,0,0,h00,8828759419088930041
p1,B,231,252,17,h00,8828759419088930041
p1,C,51,81,368,h00,8828759419088930041
p1,Non-ROH,500,0,0,h00,8828759419088930041
p2,A,500,0,0,h00,8828759419088930041
p2,B,441,59,0,h00,8828759419088930041
p2,C,37,115,348,h00,8828759419088930041
p2,Non-ROH,500,0,0,h00,8828759419088930041
p3,A,500,0,0,h00,8828759419088930041
p3,B,467,33,0,h00,8828759419088930041
p3,C,43,96,361,h00,8828759419088930041
p3,Non-ROH,500,0,0,h00,8828759419088930041
p1,A,500,0,0,h00,885482525036881327
p1,B,231,253,16,h00,885482525036881327
p1,C,56,79,365,h00,885482525036881327
p1,Non-ROH,500,0,0,h00,885482525036881327
p2,A,500,0,0,h00,885482525036881327
p2,B,407,93,0,h00,885482525036881327
p2,C,46,64,390,h00,885482525036881327
p2,Non-ROH,500,0,0,h00,885482525036881327
p3,A,500,0,0,h00,885482525036881327
p3,B,454,46,0,h00,885482525036881327
p3,C,30,137,333,h00,885482525036881327
p3,Non-ROH,500,0,0,h00,885482525036881327
p1,A,500,0,0,h00,8881322863864966793
p1,B,244,241,15,h00,8881322863864966793
p1,C,88,64,348,h00,8881322863864966793
p1,Non-ROH,500,0,0,h00,8881322863864966793
p2,A,500,0,0,h00,8881322863864966793
p2,B,440,60,0,h00,8881322863864966793
p2,C,35,78,387,h00,8881322863864966793
p2,Non-ROH,500,0,0,h00,8881322863864966793
p3,A,500,0,0,h00,8881322863864966793
p3,B,460,40,0,h00,8881322863864966793
p3,C,54,111,335,h00,8881322863864966793
p3,Non-ROH,500,0,0,h00,8881322863864966793
p1,A,499,1,0,h00,8898323182163987376
p1,B,224,266,10,h00,8898323182163987376
p1,C,48,67,385,h00,8898323182163987376
p1,Non-ROH,500,0,0,h00,8898323182163987376
p2,A,500,0,0,h00,8898323182163987376
p2,B,412,88,0,h00,8898323182163987376
p2,C,38,95,367,h00,8898323182163987376
p2,Non-ROH,500,0,0,h00,8898323182163987376
p3,A,500,0,0,h00,8898323182163987376
p3,B,443,57,0,h00,8898323182163987376
p3,C,20,109,371,h00,8898323182163987376
p3,Non-ROH,500,0,0,h00,8898323182163987376
p1,A,500,0,0,h00,892201126536219185
p1,B,216,273,11,h00,892201126536219185
p1,C,67,65,368,h00,892201126536219185
p1,Non-ROH,500,0,0,h00,892201126536219185
p2,A,500,0,0,h00,892201126536219185
p2,B,421,79,0,h00,892201126536219185
p2,C,44,112,344,h00,892201126536219185
p2,Non-ROH,500,0,0,h00,892201126536219185
p3,A,500,0,0,h00,892201126536219185
p3,B,452,48,0,h00,892201126536219185
p3,C,29,102,369,h00,892201126536219185
p3,Non-ROH,500,0,0,h00,892201126536219185
p1,A,498,2,0,h00,892849211236969083
p1,B,239,247,14,h00,892849211236969083
p1,C,64,73,363,h00,892849211236969083
p1,Non-ROH,500,0,0,h00,892849211236969083
p2,A,500,0,0,h00,892849211236969083
p2,B,383,117,0,h00,892849211236969083
p2,C,58,64,378,h00,892849211236969083
p2,Non-ROH,500,0,0,h00,892849211236969083
p3,A,500,0,0,h00,892849211236969083
p3,B,423,77,0,h00,892849211236969083
p3,C,31,80,389,h00,892849211236969083
p3,Non-ROH,500,0,0,h00,892849211236969083
p1,A,500,0,0,h00,8937232098722504595
p1,B,237,251,12,h00,8937232098722504595
p1,C,63,69,368,h00,8937232098722504595
p1,Non-ROH,500,0,0,h00,8937232098722504595
p2,A,500,0,0,h00,8937232098722504595
p2,B,420,80,0,h00,8937232098722504595
p2,C,37,128,335,h00,8937232098722504595
p2,Non-ROH,500,0,0,h00,8937232098722504595
p3,A,500,0,0,h00,8937232098722504595
p3,B,459,41,0,h00,8937232098722504595
p3,C,37,140,323,h00,8937232098722504595
p3,Non-ROH,500,0,0,h00,8937232098722504595
p1,A,500,0,0,h00,8961844850661227179
p1,B,224,255,21,h00,8961844850661227179
p1,C,59,79,362,h00,8961844850661227179
p1,Non-ROH,500,0,0,h00,8961844850661227179
p2,A,500,0,0,h00,8961844850661227179
p2,B,407,93,0,h00,8961844850661227179
p2,C,41,80,379,h00,8961844850661227179
p2,Non-ROH,500,0,0,h00,8961844850661227179
p3,A,500,0,0,h00,8961844850661227179
p3,B,456,44,0,h00,8961844850661227179
p3,C,39,83,378,h00,8961844850661227179
p3,Non-ROH,500,0,0,h00,8961844850661227179
p1,A,500,0,0,h00,8969014853050447058
p1,B,250,237,13,h00,8969014853050447058
p1,C,62,55,383,h00,8969014853050447058
p1,Non-ROH,500,0,0,h00,8969014853050447058
p2,A,500,0,0,h00,8969014853050447058
p2,B,430,70,0,h00,8969014853050447058
p2,C,46,77,377,h00,8969014853050447058
p2,Non-ROH,500,0,0,h00,8969014853050447058
p3,A,500,0,0,h00,8969014853050447058
p3,B,465,35,0,h00,8969014853050447058
p3,C,33,124,343,h00,8969014853050447058
p3,Non-ROH,500,0,0,h00,8969014853050447058
p1,A,498,2,0,h00,8970040591604040971
p1,B,252,231,17,h00,8970040591604040971
p1,C,60,77,363,h00,8970040591604040971
p1,Non-ROH,500,0,0,h00,8970040591604040971
p2,A,500,0,0,h00,8970040591604040971
p2,B,417,83,0,h00,8970040591604040971
p2,C,40,94,366,h00,8970040591604040971
p2,Non-ROH,500,0,0,h00,8970040591604040971
p3,A,500,0,0,h00,8970040591604040971
p3,B,457,43,0,h00,8970040591604040971
p3,C,42,108,350,h00,8970040591604040971
p3,Non-ROH,500,0,0,h00,8970040591604040971
p1,A,500,0,0,h00,8977154241724772450
p1,B,244,235,21,h00,8977154241724772450
p1,C,51,54,395,h00,8977154241724772450
p1,Non-ROH,500,0,0,h00,8977154241724772450
p2,A,500,0,0,h00,8977154241724772450
p2,B,431,69,0,h00,8977154241724772450
p2,C,46,91,363,h00,8977154241724772450
p2,Non-ROH,500,0,0,h00,8977154241724772450
p3,A,500,0,0,h00,8977154241724772450
p3,B,482,18,0,h00,8977154241724772450
p3,C,60,99,341,h00,8977154241724772450
p3,Non-ROH,500,0,0,h00,8977154241724772450
p1,A,500,0,0,h00,8981014070999155818
p1,B,218,264,18,h00,8981014070999155818
p1,C,53,71,376,h00,8981014070999155818
p1,Non-ROH,500,0,0,h00,8981014070999155818
p2,A,500,0,0,h00,8981014070999155818
p2,B,396,104,0,h00,8981014070999155818
p2,C,29,117,354,h00,8981014070999155818
p2,Non-ROH,500,0,0,h00,8981014070999155818
p3,A,500,0,0,h00,8981014070999155818
p3,B,473,27,0,h00,8981014070999155818
p3,C,32,91,377,h00,8981014070999155818
p3,Non-ROH,500,0,0,h00,8981014070999155818
p1,A,496,4,0,h00,8987739109041825911
p1,B,234,247,19,h00,8987739109041825911
p1,C,48,80,372,h00,8987739109041825911
p1,Non-ROH,500,0,0,h00,8987739109041825911
p2,A,500,0,0,h00,8987739109041825911
p2,B,385,115,0,h00,8987739109041825911
p2,C,45,84,371,h00,8987739109041825911
p2,Non-ROH,500,0,0,h00,8987739109041825911
p3,A,500,0,0,h00,8987739109041825911
p3,B,429,71,0,h00,8987739109041825911
p3,C,33,101,366,h00,8987739109041825911
p3,Non-ROH,500,0,0,h00,8987739109041825911
p1,A,500,0,0,h00,8988768191470560045
p1,B,253,230,17,h00,8988768191470560045
p1,C,58,62,380,h00,8988768191470560045
p1,Non-ROH,500,0,0,h00,8988768191470560045
p2,A,500,0,0,h00,8988768191470560045
p2,B,426,74,0,h00,8988768191470560045
p2,C,48,133,319,h00,8988768191470560045
p2,Non-ROH,500,0,0,h00,8988768191470560045
p3,A,500,0,0,h00,8988768191470560045
p3,B,472,28,0,h00,8988768191470560045
p3,C,37,99,364,h00,8988768191470560045
p3,Non-ROH,500,0,0,h00,8988768191470560045
p1,A,500,0,0,h00,9045931849552291715
p1,B,238,250,12,h00,9045931849552291715
p1,C,55,68,377,h00,9045931849552291715
p1,Non-ROH,500,0,0,h00,9045931849552291715
p2,A,500,0,0,h00,9045931849552291715
p2,B,393,107,0,h00,9045931849552291715
p2,C,41,77,382,h00,9045931849552291715
p2,Non-ROH,500,0,0,h00,9045931849552291715
p3,A,500,0,0,h00,9045931849552291715
p3,B,459,41,0,h00,9045931849552291715
p3,C,46,121,333,h00,9045931849552291715
p3,Non-ROH,500,0,0,h00,9045931849552291715
p1,A,500,0,0,h00,9046417628191875030
p1,B,254,234,12,h00,9046417628191875030
p1,C,64,89,347,h00,9046417628191875030
p1,Non-ROH,500,0,0,h00,9046417628191875030
p2,A,500,0,0,h00,9046417628191875030
p2,B,416,84,0,h00,9046417628191875030
p2,C,50,73,377,h00,9046417628191875030
p2,Non-ROH,500,0,0,h00,9046417628191875030
p3,A,500,0,0,h00,9046417628191875030
p3,B,468,32,0,h00,9046417628191875030
p3,C,54,82,364,h00,9046417628191875030
p3,Non-ROH,500,0,0,h00,9046417628191875030
p1,A,500,0,0,h00,9063079763754185006
p1,B,217,273,10,h00,9063079763754185006
p1,C,49,76,375,h00,9063079763754185006
p1,Non-ROH,500,0,0,h00,9063079763754185006
p2,A,500,0,0,h00,9063079763754185006
p2,B,384,116,0,h00,9063079763754185006
p2,C,27,134,339,h00,9063079763754185006
p2,Non-ROH,500,0,0,h00,9063079763754185006
p3,A,500,0,0,h00,9063079763754185006
p3,B,438,62,0,h00,9063079763754185006
p3,C,23,86,391,h00,9063079763754185006
p3,Non-ROH,500,0,0,h00,9063079763754185006
p1,A,500,0,0,h00,9084112811632084047
p1,B,281,208,11,h00,9084112811632084047
p1,C,65,71,364,h00,9084112811632084047
p1,Non-ROH,500,0,0,h00,9084112811632084047
p2,A,500,0,0,h00,9084112811632084047
p2,B,416,84,0,h00,9084112811632084047
p2,C,45,73,382,h00,9084112811632084047
p2,Non-ROH,500,0,0,h00,9084112811632084047
p3,A,500,0,0,h00,9084112811632084047
p3,B,460,40,0,h00,9084112811632084047
p3,C,75,65,360,h00,9084112811632084047
p3,Non-ROH,500,0,0,h00,9084112811632084047
p1,A,500,0,0,h00,9113704351732084032
p1,B,250,229,21,h00,9113704351732084032
p1,C,43,71,386,h00,9113704351732084032
p1,Non-ROH,500,0,0,h00,9113704351732084032
p2,A,500,0,0,h00,9113704351732084032
p2,B,404,96,0,h00,9113704351732084032
p2,C,23,85,392,h00,9113704351732084032
p2,Non-ROH,500,0,0,h00,9113704351732084032
p3,A,500,0,0,h00,9113704351732084032
p3,B,445,55,0,h00,9113704351732084032
p3,C,31,97,372,h00,9113704351732084032
p3,Non-ROH,500,0,0,h00,9113704351732084032
p1,A,500,0,0,h00,9120897301394250832
p1,B,270,219,11,h00,9120897301394250832
p1,C,59,68,373,h00,9120897301394250832
p1,Non-ROH,500,0,0,h00,9120897301394250832
p2,A,500,0,0,h00,9120897301394250832
p2,B,446,54,0,h00,9120897301394250832
p2,C,47,87,366,h00,9120897301394250832
p2,Non-ROH,500,0,0,h00,9120897301394250832
p3,A,500,0,0,h00,9120897301394250832
p3,B,462,38,0,h00,9120897301394250832
p3,C,49,93,358,h00,9120897301394250832
p3,Non-ROH,500,0,0,h00,9120897301394250832
p1,A,500,0,0,h00,9131753557599879226
p1,B,235,251,14,h00,9131753557599879226
p1,C,62,72,366,h00,9131753557599879226
p1,Non-ROH,500,0,0,h00,9131753557599879226
p2,A,500,0,0,h00,9131753557599879226
p2,B,433,67,0,h00,9131753557599879226
p2,C,37,113,350,h00,9131753557599879226
p2,Non-ROH,500,0,0,h00,9131753557599879226
p3,A,500,0,0,h00,9131753557599879226
p3,B,466,34,0,h00,9131753557599879226
p3,C,39,78,383,h00,9131753557599879226
p3,Non-ROH,500,0,0,h00,9131753557599879226
p1,A,500,0,0,h00,913400200492355452
p1,B,250,232,18,h00,913400200492355452
p1,C,57,86,357,h00,913400200492355452
p1,Non-ROH,500,0,0,h00,913400200492355452
p2,A,500,0,0,h00,913400200492355452
p2,B,395,105,0,h00,913400200492355452
p2,C,35,88,377,h00,913400200492355452
p2,Non-ROH,500,0,0,h00,913400200492355452
p3,A,500,0,0,h00,913400200492355452
p3,B,459,41,0,h00,913400200492355452
p3,C,45,73,382,h00,913400200492355452
p3,Non-ROH,500,0,0,h00,913400200492355452
p1,A,499,1,0,h00,9147380939632197605
p1,B,261,228,11,h00,9147380939632197605
p1,C,83,48,369,h00,9147380939632197605
p1,Non-ROH,500,0,0,h00,9147380939632197605
p2,A,500,0,0,h00,9147380939632197605
p2,B,422,77,1,h00,9147380939632197605
p2,C,78,40,382,h00,9147380939632197605
p2,Non-ROH,500,0,0,h00,9147380939632197605
p3,A,500,0,0,h00,9147380939632197605
p3,B,460,40,0,h00,9147380939632197605
p3,C,101,42,357,h00,9147380939632197605
p3,Non-ROH,500,0,0,h00,9147380939632197605
p1,A,500,0,0,h00,9160051777519494854
p1,B,247,240,13,h00,9160051777519494854
p1,C,53,85,362,h00,9160051777519494854
p1,Non-ROH,500,0,0,h00,9160051777519494854
p2,A,500,0,0,h00,9160051777519494854
p2,B,394,106,0,h00,9160051777519494854
p2,C,43,85,372,h00,9160051777519494854
p2,Non-ROH,500,0,0,h00,9160051777519494854
p3,A,500,0,0,h00,9160051777519494854
p3,B,462,38,0,h00,9160051777519494854
p3,C,38,136,326,h00,9160051777519494854
p3,Non-ROH,500,0,0,h00,9160051777519494854
p1,A,497,3,0,h00,916465942571193031
p1,B,210,272,18,h00,916465942571193031
p1,C,41,77,382,h00,916465942571193031
p1,Non-ROH,500,0,0,h00,916465942571193031
p2,A,500,0,0,h00,916465942571193031
p2,B,407,93,0,h00,916465942571193031
p2,C,42,88,370,h00,916465942571193031
p2,Non-ROH,500,0,0,h00,916465942571193031
p3,A,500,0,0,h00,916465942571193031
p3,B,461,39,0,h00,916465942571193031
p3,C,41,81,378,h00,916465942571193031
p3,Non-ROH,500,0,0,h00,916465942571193031
p1,A,498,2,0,h00,9169805848763918647
p1,B,221,266,13,h00,9169805848763918647
p1,C,49,66,385,h00,9169805848763918647
p1,Non-ROH,500,0,0,h00,9169805848763918647
p2,A,500,0,0,h00,9169805848763918647
p2,B,405,95,0,h00,9169805848763918647
p2,C,32,120,348,h00,9169805848763918647
p2,Non-ROH,500,0,0,h00,9169805848763918647
p3,A,500,0,0,h00,9169805848763918647
p3,B,464,36,0,h00,9169805848763918647
p3,C,30,110,360,h00,9169805848763918647
p3,Non-ROH,500,0,0,h00,9169805848763918647
p1,A,500,0,0,h00,918088812864975177
p1,B,236,247,17,h00,918088812864975177
p1,C,64,67,369,h00,918088812864975177
p1,Non-ROH,500,0,0,h00,918088812864975177
p2,A,500,0,0,h00,918088812864975177
p2,B,411,89,0,h00,918088812864975177
p2,C,45,89,366,h00,918088812864975177
p2,Non-ROH,500,0,0,h00,918088812864975177
p3,A,500,0,0,h00,918088812864975177
p3,B,448,52,0,h00,918088812864975177
p3,C,41,119,340,h00,918088812864975177
p3,Non-ROH,500,0,0,h00,918088812864975177
p1,A,499,1,0,h00,9199449143051999835
p1,B,226,251,23,h00,9199449143051999835
p1,C,79,35,386,h00,9199449143051999835
p1,Non-ROH,500,0,0,h00,9199449143051999835
p2,A,500,0,0,h00,9199449143051999835
p2,B,400,100,0,h00,9199449143051999835
p2,C,128,34,338,h00,9199449143051999835
p2,Non-ROH,500,0,0,h00,9199449143051999835
p3,A,500,0,0,h00,9199449143051999835
p3,B,447,53,0,h00,9199449143051999835
p3,C,112,44,344,h00,9199449143051999835
p3,Non-ROH,500,0,0,h00,9199449143051999835
p1,A,499,1,0,h00,9222986121209035511
p1,B,246,236,18,h00,9222986121209035511
p1,C,55,78,367,h00,9222986121209035511
p1,Non-ROH,500,0,0,h00,9222986121209035511
p2,A,500,0,0,h00,9222986121209035511
p2,B,445,55,0,h00,9222986121209035511
p2,C,42,109,349,h00,9222986121209035511
p2,Non-ROH,500,0,0,h00,9222986121209035511
p3,A,500,0,0,h00,9222986121209035511
p3,B,462,38,0,h00,9222986121209035511
p3,C,33,81,386,h00,9222986121209035511
p3,Non-ROH,500,0,0,h00,9222986121209035511
p1,A,500,0,0,h00,940373528300762006
p1,B,265,217,18,h00,940373528300762006
p1,C,67,73,360,h00,940373528300762006
p1,Non-ROH,500,0,0,h00,940373528300762006
p2,A,500,0,0,h00,940373528300762006
p2,B,435,65,0,h00,940373528300762006
p2,C,36,59,405,h00,940373528300762006
p2,Non-ROH,500,0,0,h00,940373528300762006
p3,A,500,0,0,h00,940373528300762006
p3,B,471,29,0,h00,940373528300762006
p3,C,40,90,370,h00,940373528300762006
p3,Non-ROH,500,0,0,h00,940373528300762006
p1,A,500,0,0,h00,947506197669724471
p1,B,253,233,14,h00,947506197669724471
p1,C,52,76,372,h00,947506197669724471
p1,Non-ROH,500,0,0,h00,947506197669724471
p2,A,500,0,0,h00,947506197669724471
p2,B,440,60,0,h00,947506197669724471
p2,C,54,60,386,h00,947506197669724471
p2,Non-ROH,500,0,0,h00,947506197669724471
p3,A,500,0,0,h00,947506197669724471
p3,B,472,28,0,h00,947506197669724471
p3,C,55,74,371,h00,947506197669724471
p3,Non-ROH,500,0,0,h00,947506197669724471
p1,A,499,1,0,h00,970080044080034050
p1,B,229,249,22,h00,970080044080034050
p1,C,64,63,373,h00,970080044080034050
p1,Non-ROH,500,0,0,h00,970080044080034050
p2,A,500,0,0,h00,970080044080034050
p2,B,448,52,0,h00,970080044080034050
p2,C,40,84,376,h00,970080044080034050
p2,Non-ROH,500,0,0,h00,970080044080034050
p3,A,500,0,0,h00,970080044080034050
p3,B,458,42,0,h00,970080044080034050
p3,C,33,131,336,h00,970080044080034050
p3,Non-ROH,500,0,0,h00,970080044080034050
p1,A,500,0,0,h00,973586120252853667
p1,B,290,198,12,h00,973586120252853667
p1,C,58,67,375,h00,973586120252853667
p1,Non-ROH,500,0,0,h00,973586120252853667
p2,A,500,0,0,h00,973586120252853667
p2,B,436,64,0,h00,973586120252853667
p2,C,59,79,362,h00,973586120252853667
p2,Non-ROH,500,0,0,h00,973586120252853667
p3,A,500,0,0,h00,973586120252853667
p3,B,472,28,0,h00,973586120252853667
p3,C,44,80,376,h00,973586120252853667
p3,Non-ROH,500,0,0,h00,973586120252853667
p1,A,500,0,0,h00,983308728926166689
p1,B,257,229,14,h00,983308728926166689
p1,C,64,60,376,h00,983308728926166689
p1,Non-ROH,500,0,0,h00,983308728926166689
p2,A,500,0,0,h00,983308728926166689
p2,B,448,52,0,h00,983308728926166689
p2,C,56,85,359,h00,983308728926166689
p2,Non-ROH,500,0,0,h00,983308728926166689
p3,A,500,0,0,h00,983308728926166689
p3,B,456,43,1,h00,983308728926166689
p3,C,46,104,350,h00,983308728926166689
p3,Non-ROH,500,0,0,h00,983308728926166689
p1,A,500,0,0,h00,991512821208445178
p1,B,250,241,9,h00,991512821208445178
p1,C,65,63,372,h00,991512821208445178
p1,Non-ROH,500,0,0,h00,991512821208445178
p2,A,500,0,0,h00,991512821208445178
p2,B,425,75,0,h00,991512821208445178
p2,C,40,81,379,h00,991512821208445178
p2,Non-ROH,500,0,0,h00,991512821208445178
p3,A,500,0,0,h00,991512821208445178
p3,B,458,42,0,h00,991512821208445178
p3,C,28,77,395,h00,991512821208445178
p3,Non-ROH,500,0,0,h00,991512821208445178
p1,A,499,1,0,h00,998901623164914020
p1,B,217,272,11,h00,998901623164914020
p1,C,68,65,367,h00,998901623164914020
p1,Non-ROH,500,0,0,h00,998901623164914020
p2,A,500,0,0,h00,998901623164914020
p2,B,408,92,0,h00,998901623164914020
p2,C,40,66,394,h00,998901623164914020
p2,Non-ROH,500,0,0,h00,998901623164914020
p3,A,500,0,0,h00,998901623164914020
p3,B,471,29,0,h00,998901623164914020
p3,C,45,84,371,h00,998901623164914020
p3,Non-ROH,500,0,0,h00,998901623164914020
p1,A,500,0,0,h05,1016222860425175782
p1,B,225,259,16,h05,1016222860425175782
p1,C,44,90,366,h05,1016222860425175782
p1,Non-ROH,500,0,0,h05,1016222860425175782
p2,A,500,0,0,h05,1016222860425175782
p2,B,402,98,0,h05,1016222860425175782
p2,C,35,100,365,h05,1016222860425175782
p2,Non-ROH,500,0,0,h05,1016222860425175782
p3,A,500,0,0,h05,1016222860425175782
p3,B,438,62,0,h05,1016222860425175782
p3,C,35,103,362,h05,1016222860425175782
p3,Non-ROH,500,0,0,h05,1016222860425175782
p1,A,500,0,0,h05,1044925868286936893
p1,B,221,258,21,h05,1044925868286936893
p1,C,57,78,365,h05,1044925868286936893
p1,Non-ROH,500,0,0,h05,1044925868286936893
p2,A,500,0,0,h05,1044925868286936893
p2,B,403,97,0,h05,1044925868286936893
p2,C,36,81,383,h05,1044925868286936893
p2,Non-ROH,500,0,0,h05,1044925868286936893
p3,A,500,0,0,h05,1044925868286936893
p3,B,455,45,0,h05,1044925868286936893
p3,C,45,76,379,h05,1044925868286936893
p3,Non-ROH,500,0,0,h05,1044925868286936893
p1,A,500,0,0,h05,1068320408325871245
p1,B,213,269,18,h05,1068320408325871245
p1,C,49,72,379,h05,1068320408325871245
p1,Non-ROH,500,0,0,h05,1068320408325871245
p2,A,500,0,0,h05,1068320408325871245
p2,B,410,90,0,h05,1068320408325871245
p2,C,44,100,356,h05,1068320408325871245
p2,Non-ROH,500,0,0,h05,1068320408325871245
p3,A,500,0,0,h05,1068320408325871245
p3,B,449,51,0,h05,1068320408325871245
p3,C,39,71,390,h05,1068320408325871245
p3,Non-ROH,500,0,0,h05,1068320408325871245
p1,A,500,0,0,h05,1075596764364027174
p1,B,188,299,13,h05,1075596764364027174
p1,C,49,90,361,h05,1075596764364027174
p1,Non-ROH,500,0,0,h05,1075596764364027174
p2,A,500,0,0,h05,1075596764364027174
p2,B,409,91,0,h05,1075596764364027174
p2,C,37,79,384,h05,1075596764364027174
p2,Non-ROH,500,0,0,h05,1075596764364027174
p3,A,500,0,0,h05,1075596764364027174
p3,B,455,45,0,h05,1075596764364027174
p3,C,31,102,367,h05,1075596764364027174
p3,Non-ROH,500,0,0,h05,1075596764364027174
p1,A,500,0,0,h05,1102172386766988392
p1,B,266,227,7,h05,1102172386766988392
p1,C,47,65,388,h05,1102172386766988392
p1,Non-ROH,500,0,0,h05,1102172386766988392
p2,A,500,0,0,h05,1102172386766988392
p2,B,392,108,0,h05,1102172386766988392
p2,C,87,115,298,h05,1102172386766988392
p2,Non-ROH,500,0,0,h05,1102172386766988392
p3,A,500,0,0,h05,1102172386766988392
p3,B,474,26,0,h05,1102172386766988392
p3,C,72,63,365,h05,1102172386766988392
p3,Non-ROH,500,0,0,h05,1102172386766988392
p1,A,499,1,0,h05,1119248656264676339
p1,B,175,311,14,h05,1119248656264676339
p1,C,46,92,362,h05,1119248656264676339
p1,Non-ROH,500,0,0,h05,1119248656264676339
p2,A,500,0,0,h05,1119248656264676339
p2,B,392,108,0,h05,1119248656264676339
p2,C,29,90,381,h05,1119248656264676339
p2,Non-ROH,500,0,0,h05,1119248656264676339
p3,A,500,0,0,h05,1119248656264676339
p3,B,417,83,0,h05,1119248656264676339
p3,C,27,135,338,h05,1119248656264676339
p3,Non-ROH,500,0,0,h05,1119248656264676339
p1,A,500,0,0,h05,1141794509654982754
p1,B,202,278,20,h05,1141794509654982754
p1,C,39,74,387,h05,1141794509654982754
p1,Non-ROH,500,0,0,h05,1141794509654982754
p2,A,500,0,0,h05,1141794509654982754
p2,B,361,139,0,h05,1141794509654982754
p2,C,36,66,398,h05,1141794509654982754
p2,Non-ROH,500,0,0,h05,1141794509654982754
p3,A,500,0,0,h05,1141794509654982754
p3,B,421,79,0,h05,1141794509654982754
p3,C,50,91,359,h05,1141794509654982754
p3,Non-ROH,500,0,0,h05,1141794509654982754
p1,A,499,1,0,h05,1167661324597895153
p1,B,221,260,19,h05,1167661324597895153
p1,C,58,69,373,h05,1167661324597895153
p1,Non-ROH,500,0,0,h05,1167661324597895153
p2,A,500,0,0,h05,1167661324597895153
p2,B,389,111,0,h05,1167661324597895153
p2,C,37,153,310,h05,1167661324597895153
p2,Non-ROH,500,0,0,h05,1167661324597895153
p3,A,500,0,0,h05,1167661324597895153
p3,B,464,36,0,h05,1167661324597895153
p3,C,43,168,289,h05,1167661324597895153
p3,Non-ROH,500,0,0,h05,1167661324597895153
p1,A,500,0,0,h05,1185190056737090375
p1,B,231,251,18,h05,1185190056737090375
p1,C,59,82,359,h05,1185190056737090375
p1,Non-ROH,500,0,0,h05,1185190056737090375
p2,A,500,0,0,h05,1185190056737090375
p2,B,439,61,0,h05,1185190056737090375
p2,C,36,89,375,h05,1185190056737090375
p2,Non-ROH,500,0,0,h05,1185190056737090375
p3,A,500,0,0,h05,1185190056737090375
p3,B,464,36,0,h05,1185190056737090375
p3,C,33,127,340,h05,1185190056737090375
p3,Non-ROH,500,0,0,h05,1185190056737090375
p1,A,500,0,0,h05,1230162842297416335
p1,B,246,246,8,h05,1230162842297416335
p1,C,53,68,379,h05,1230162842297416335
p1,Non-ROH,500,0,0,h05,1230162842297416335
p2,A,500,0,0,h05,1230162842297416335
p2,B,428,72,0,h05,1230162842297416335
p2,C,56,115,329,h05,1230162842297416335
p2,Non-ROH,500,0,0,h05,1230162842297416335
p3,A,500,0,0,h05,1230162842297416335
p3,B,455,45,0,h05,1230162842297416335
p3,C,44,131,325,h05,1230162842297416335
p3,Non-ROH,500,0,0,h05,1230162842297416335
p1,A,499,1,0,h05,1237229632974671180
p1,B,225,257,18,h05,1237229632974671180
p1,C,55,75,370,h05,1237229632974671180
p1,Non-ROH,500,0,0,h05,1237229632974671180
p2,A,500,0,0,h05,1237229632974671180
p2,B,392,108,0,h05,1237229632974671180
p2,C,44,71,385,h05,1237229632974671180
p2,Non-ROH,500,0,0,h05,1237229632974671180
p3,A,500,0,0,h05,1237229632974671180
p3,B,450,50,0,h05,1237229632974671180
p3,C,33,108,359,h05,1237229632974671180
p3,Non-ROH,500,0,0,h05,1237229632974671180
p1,A,500,0,0,h05,1273077629472787725
p1,B,242,250,8,h05,1273077629472787725
p1,C,41,68,391,h05,1273077629472787725
p1,Non-ROH,500,0,0,h05,1273077629472787725
p2,A,500,0,0,h05,1273077629472787725
p2,B,411,89,0,h05,1273077629472787725
p2,C,37,94,369,h05,1273077629472787725
p2,Non-ROH,500,0,0,h05,1273077629472787725
p3,A,500,0,0,h05,1273077629472787725
p3,B,430,70,0,h05,1273077629472787725
p3,C,32,131,337,h05,1273077629472787725
p3,Non-ROH,500,0,0,h05,1273077629472787725
p1,A,500,0,0,h05,1288620110985989366
p1,B,248,242,10,h05,1288620110985989366
p1,C,61,79,360,h05,1288620110985989366
p1,Non-ROH,500,0,0,h05,1288620110985989366
p2,A,500,0,0,h05,1288620110985989366
p2,B,436,64,0,h05,1288620110985989366
p2,C,34,99,367,h05,1288620110985989366
p2,Non-ROH,500,0,0,h05,1288620110985989366
p3,A,500,0,0,h05,1288620110985989366
p3,B,451,49,0,h05,1288620110985989366
p3,C,47,92,361,h05,1288620110985989366
p3,Non-ROH,500,0,0,h05,1288620110985989366
p1,A,500,0,0,h05,1293082097569055036
p1,B,196,287,17,h05,1293082097569055036
p1,C,64,89,347,h05,1293082097569055036
p1,Non-ROH,500,0,0,h05,1293082097569055036
p2,A,500,0,0,h05,1293082097569055036
p2,B,403,97,0,h05,1293082097569055036
p2,C,44,89,367,h05,1293082097569055036
p2,Non-ROH,500,0,0,h05,1293082097569055036
p3,A,500,0,0,h05,1293082097569055036
p3,B,452,48,0,h05,1293082097569055036
p3,C,42,146,312,h05,1293082097569055036
p3,Non-ROH,500,0,0,h05,1293082097569055036
p1,A,500,0,0,h05,130100008647773760
p1,B,215,272,13,h05,130100008647773760
p1,C,82,39,379,h05,130100008647773760
p1,Non-ROH,500,0,0,h05,130100008647773760
p2,A,500,0,0,h05,130100008647773760
p2,B,409,90,1,h05,130100008647773760
p2,C,102,57,341,h05,130100008647773760
p2,Non-ROH,500,0,0,h05,130100008647773760
p3,A,500,0,0,h05,130100008647773760
p3,B,453,47,0,h05,130100008647773760
p3,C,99,55,346,h05,130100008647773760
p3,Non-ROH,500,0,0,h05,130100008647773760
p1,A,499,1,0,h05,1310092479884381886
p1,B,203,278,19,h05,1310092479884381886
p1,C,53,65,382,h05,1310092479884381886
p1,Non-ROH,500,0,0,h05,1310092479884381886
p2,A,500,0,0,h05,1310092479884381886
p2,B,392,108,0,h05,1310092479884381886
p2,C,57,73,370,h05,1310092479884381886
p2,Non-ROH,500,0,0,h05,1310092479884381886
p3,A,500,0,0,h05,1310092479884381886
p3,B,438,62,0,h05,1310092479884381886
p3,C,43,101,356,h05,1310092479884381886
p3,Non-ROH,500,0,0,h05,1310092479884381886
p1,A,500,0,0,h05,13140534111571587
p1,B,255,233,12,h05,13140534111571587
p1,C,45,75,380,h05,13140534111571587
p1,Non-ROH,500,0,0,h05,13140534111571587
p2,A,500,0,0,h05,13140534111571587
p2,B,415,85,0,h05,13140534111571587
p2,C,38,84,378,h05,13140534111571587
p2,Non-ROH,500,0,0,h05,13140534111571587
p3,A,500,0,0,h05,13140534111571587
p3,B,468,32,0,h05,13140534111571587
p3,C,40,103,357,h05,13140534111571587
p3,Non-ROH,500,0,0,h05,13140534111571587
p1,A,500,0,0,h05,1326687900884774118
p1,B,219,269,12,h05,1326687900884774118
p1,C,37,78,385,h05,1326687900884774118
p1,Non-ROH,500,0,0,h05,1326687900884774118
p2,A,500,0,0,h05,1326687900884774118
p2,B,410,90,0,h05,1326687900884774118
p2,C,36,88,376,h05,1326687900884774118
p2,Non-ROH,500,0,0,h05,1326687900884774118
p3,A,500,0,0,h05,1326687900884774118
p3,B,439,61,0,h05,1326687900884774118
p3,C,39,114,347,h05,1326687900884774118
p3,Non-ROH,500,0,0,h05,1326687900884774118
p1,A,500,0,0,h05,1364472538958108470
p1,B,214,273,13,h05,1364472538958108470
p1,C,73,61,366,h05,1364472538958108470
p1,Non-ROH,500,0,0,h05,1364472538958108470
p2,A,500,0,0,h05,1364472538958108470
p2,B,372,128,0,h05,1364472538958108470
p2,C,67,42,391,h05,1364472538958108470
p2,Non-ROH,500,0,0,h05,1364472538958108470
p3,A,500,0,0,h05,1364472538958108470
p3,B,399,101,0,h05,1364472538958108470
p3,C,62,76,362,h05,1364472538958108470
p3,Non-ROH,500,0,0,h05,1364472538958108470
p1,A,500,0,0,h05,1405442266060743962
p1,B,228,260,12,h05,1405442266060743962
p1,C,57,74,369,h05,1405442266060743962
p1,Non-ROH,500,0,0,h05,1405442266060743962
p2,A,500,0,0,h05,1405442266060743962
p2,B,404,96,0,h05,1405442266060743962
p2,C,49,95,356,h05,1405442266060743962
p2,Non-ROH,500,0,0,h05,1405442266060743962
p3,A,500,0,0,h05,1405442266060743962
p3,B,453,47,0,h05,1405442266060743962
p3,C,53,72,375,h05,1405442266060743962
p3,Non-ROH,500,0,0,h05,1405442266060743962
p1,A,500,0,0,h05,1406115186973936958
p1,B,218,271,11,h05,1406115186973936958
p1,C,51,61,388,h05,1406115186973936958
p1,Non-ROH,500,0,0,h05,1406115186973936958
p2,A,500,0,0,h05,1406115186973936958
p2,B,409,91,0,h05,1406115186973936958
p2,C,47,66,387,h05,1406115186973936958
p2,Non-ROH,500,0,0,h05,1406115186973936958
p3,A,500,0,0,h05,1406115186973936958
p3,B,470,30,0,h05,1406115186973936958
p3,C,43,111,346,h05,1406115186973936958
p3,Non-ROH,500,0,0,h05,1406115186973936958
p1,A,500,0,0,h05,1410871317181049370
p1,B,234,253,13,h05,1410871317181049370
p1,C,53,62,385,h05,1410871317181049370
p1,Non-ROH,500,0,0,h05,1410871317181049370
p2,A,500,0,0,h05,1410871317181049370
p2,B,399,101,0,h05,1410871317181049370
p2,C,38,92,370,h05,1410871317181049370
p2,Non-ROH,500,0,0,h05,1410871317181049370
p3,A,500,0,0,h05,1410871317181049370
p3,B,440,60,0,h05,1410871317181049370
p3,C,24,138,338,h05,1410871317181049370
p3,Non-ROH,500,0,0,h05,1410871317181049370
p1,A,500,0,0,h05,1445287144514026263
p1,B,247,236,17,h05,1445287144514026263
p1,C,50,70,380,h05,1445287144514026263
p1,Non-ROH,500,0,0,h05,1445287144514026263
p2,A,500,0,0,h05,1445287144514026263
p2,B,455,45,0,h05,1445287144514026263
p2,C,47,78,375,h05,1445287144514026263
p2,Non-ROH,500,0,0,h05,1445287144514026263
p3,A,500,0,0,h05,1445287144514026263
p3,B,451,49,0,h05,1445287144514026263
p3,C,35,84,381,h05,1445287144514026263
p3,Non-ROH,500,0,0,h05,1445287144514026263
p1,A,499,1,0,h05,1453620472743434751
p1,B,223,267,10,h05,1453620472743434751
p1,C,55,70,375,h05,1453620472743434751
p1,Non-ROH,500,0,0,h05,1453620472743434751
p2,A,500,0,0,h05,1453620472743434751
p2,B,390,110,0,h05,1453620472743434751
p2,C,38,85,377,h05,1453620472743434751
p2,Non-ROH,500,0,0,h05,1453620472743434751
p3,A,500,0,0,h05,1453620472743434751
p3,B,442,58,0,h05,1453620472743434751
p3,C,36,98,366,h05,1453620472743434751
p3,Non-ROH,500,0,0,h05,1453620472743434751
p1,A,500,0,0,h05,1455876525285143988
p1,B,252,234,14,h05,1455876525285143988
p1,C,54,67,379,h05,1455876525285143988
p1,Non-ROH,500,0,0,h05,1455876525285143988
p2,A,500,0,0,h05,1455876525285143988
p2,B,419,81,0,h05,1455876525285143988
p2,C,46,115,339,h05,1455876525285143988
p2,Non-ROH,500,0,0,h05,1455876525285143988
p3,A,500,0,0,h05,1455876525285143988
p3,B,478,22,0,h05,1455876525285143988
p3,C,43,91,366,h05,1455876525285143988
p3,Non-ROH,500,0,0,h05,1455876525285143988
p1,A,500,0,0,h05,1471122461657744917
p1,B,238,241,21,h05,1471122461657744917
p1,C,66,62,372,h05,1471122461657744917
p1,Non-ROH,500,0,0,h05,1471122461657744917
p2,A,500,0,0,h05,1471122461657744917
p2,B,447,53,0,h05,1471122461657744917
p2,C,56,68,376,h05,1471122461657744917
p2,Non-ROH,500,0,0,h05,1471122461657744917
p3,A,500,0,0,h05,1471122461657744917
p3,B,467,33,0,h05,1471122461657744917
p3,C,61,87,352,h05,1471122461657744917
p3,Non-ROH,500,0,0,h05,1471122461657744917
p1,A,500,0,0,h05,1479147959489444654
p1,B,237,241,22,h05,1479147959489444654
p1,C,56,78,366,h05,1479147959489444654
p1,Non-ROH,500,0,0,h05,1479147959489444654
p2,A,500,0,0,h05,1479147959489444654
p2,B,426,74,0,h05,1479147959489444654
p2,C,84,107,309,h05,1479147959489444654
p2,Non-ROH,500,0,0,h05,1479147959489444654
p3,A,500,0,0,h05,1479147959489444654
p3,B,472,28,0,h05,1479147959489444654
p3,C,49,107,344,h05,1479147959489444654
p3,Non-ROH,500,0,0,h05,1479147959489444654
p1,A,500,0,0,h05,1484155497122323042
p1,B,249,234,17,h05,1484155497122323042
p1,C,59,74,367,h05,1484155497122323042
p1,Non-ROH,500,0,0,h05,1484155497122323042
p2,A,500,0,0,h05,1484155497122323042
p2,B,419,81,0,h05,1484155497122323042
p2,C,47,94,359,h05,1484155497122323042
p2,Non-ROH,500,0,0,h05,1484155497122323042
p3,A,500,0,0,h05,1484155497122323042
p3,B,449,51,0,h05,1484155497122323042
p3,C,36,83,381,h05,1484155497122323042
p3,Non-ROH,500,0,0,h05,1484155497122323042
p1,A,500,0,0,h05,1487709032117485537
p1,B,251,238,11,h05,1487709032117485537
p1,C,59,90,351,h05,1487709032117485537
p1,Non-ROH,500,0,0,h05,1487709032117485537
p2,A,500,0,0,h05,1487709032117485537
p2,B,406,94,0,h05,1487709032117485537
p2,C,43,114,343,h05,1487709032117485537
p2,Non-ROH,500,0,0,h05,1487709032117485537
p3,A,500,0,0,h05,1487709032117485537
p3,B,427,73,0,h05,1487709032117485537
p3,C,50,160,290,h05,1487709032117485537
p3,Non-ROH,500,0,0,h05,1487709032117485537
p1,A,500,0,0,h05,1519488294889118655
p1,B,229,249,22,h05,1519488294889118655
p1,C,86,45,369,h05,1519488294889118655
p1,Non-ROH,500,0,0,h05,1519488294889118655
p2,A,500,0,0,h05,1519488294889118655
p2,B,411,88,1,h05,1519488294889118655
p2,C,99,45,356,h05,1519488294889118655
p2,Non-ROH,500,0,0,h05,1519488294889118655
p3,A,500,0,0,h05,1519488294889118655
p3,B,457,43,0,h05,1519488294889118655
p3,C,115,42,343,h05,1519488294889118655
p3,Non-ROH,500,0,0,h05,1519488294889118655
p1,A,499,1,0,h05,1533005286116646433
p1,B,185,305,10,h05,1533005286116646433
p1,C,43,79,378,h05,1533005286116646433
p1,Non-ROH,500,0,0,h05,1533005286116646433
p2,A,500,0,0,h05,1533005286116646433
p2,B,403,97,0,h05,1533005286116646433
p2,C,33,103,364,h05,1533005286116646433
p2,Non-ROH,500,0,0,h05,1533005286116646433
p3,A,500,0,0,h05,1533005286116646433
p3,B,439,61,0,h05,1533005286116646433
p3,C,36,97,367,h05,1533005286116646433
p3,Non-ROH,500,0,0,h05,1533005286116646433
p1,A,499,1,0,h05,154290695271280531
p1,B,261,230,9,h05,154290695271280531
p1,C,59,65,376,h05,154290695271280531
p1,Non-ROH,500,0,0,h05,154290695271280531
p2,A,500,0,0,h05,154290695271280531
p2,B,418,82,0,h05,154290695271280531
p2,C,49,131,320,h05,154290695271280531
p2,Non-ROH,500,0,0,h05,154290695271280531
p3,A,500,0,0,h05,154290695271280531
p3,B,449,51,0,h05,154290695271280531
p3,C,32,89,379,h05,154290695271280531
p3,Non-ROH,500,0,0,h05,154290695271280531
p1,A,500,0,0,h05,1565019962701827065
p1,B,287,203,10,h05,1565019962701827065
p1,C,71,60,369,h05,1565019962701827065
p1,Non-ROH,500,0,0,h05,1565019962701827065
p2,A,500,0,0,h05,1565019962701827065
p2,B,448,52,0,h05,1565019962701827065
p2,C,37,89,374,h05,1565019962701827065
p2,Non-ROH,500,0,0,h05,1565019962701827065
p3,A,500,0,0,h05,1565019962701827065
p3,B,471,29,0,h05,1565019962701827065
p3,C,29,127,344,h05,1565019962701827065
p3,Non-ROH,500,0,0,h05,1565019962701827065
p1,A,499,1,0,h05,1574986924920696886
p1,B,219,267,14,h05,1574986924920696886
p1,C,50,90,360,h05,1574986924920696886
p1,Non-ROH,500,0,0,h05,1574986924920696886
p2,A,500,0,0,h05,1574986924920696886
p2,B,402,98,0,h05,1574986924920696886
p2,C,34,83,383,h05,1574986924920696886
p2,Non-ROH,500,0,0,h05,1574986924920696886
p3,A,500,0,0,h05,1574986924920696886
p3,B,443,57,0,h05,1574986924920696886
p3,C,26,90,384,h05,1574986924920696886
p3,Non-ROH,500,0,0,h05,1574986924920696886
p1,A,500,0,0,h05,1580349572671575590
p1,B,215,265,20,h05,1580349572671575590
p1,C,67,72,361,h05,1580349572671575590
p1,Non-ROH,500,0,0,h05,1580349572671575590
p2,A,500,0,0,h05,1580349572671575590
p2,B,428,72,0,h05,1580349572671575590
p2,C,46,86,368,h05,1580349572671575590
p2,Non-ROH,500,0,0,h05,1580349572671575590
p3,A,500,0,0,h05,1580349572671575590
p3,B,465,35,0,h05,1580349572671575590
p3,C,44,80,376,h05,1580349572671575590
p3,Non-ROH,500,0,0,h05,1580349572671575590
p1,A,500,0,0,h05,1598982521497360455
p1,B,255,228,17,h05,1598982521497360455
p1,C,69,77,354,h05,1598982521497360455
p1,Non-ROH,500,0,0,h05,1598982521497360455
p2,A,500,0,0,h05,1598982521497360455
p2,B,435,65,0,h05,1598982521497360455
p2,C,49,136,315,h05,1598982521497360455
p2,Non-ROH,500,0,0,h05,1598982521497360455
p3,A,500,0,0,h05,1598982521497360455
p3,B,468,32,0,h05,1598982521497360455
p3,C,32,196,272,h05,1598982521497360455
p3,Non-ROH,500,0,0,h05,1598982521497360455
p1,A,499,1,0,h05,1603482522434575725
p1,B,236,246,18,h05,1603482522434575725
p1,C,51,77,372,h05,1603482522434575725
p1,Non-ROH,500,0,0,h05,1603482522434575725
p2,A,500,0,0,h05,1603482522434575725
p2,B,437,63,0,h05,1603482522434575725
p2,C,39,108,353,h05,1603482522434575725
p2,Non-ROH,500,0,0,h05,1603482522434575725
p3,A,500,0,0,h05,1603482522434575725
p3,B,459,41,0,h05,1603482522434575725
p3,C,43,93,364,h05,1603482522434575725
p3,Non-ROH,500,0,0,h05,1603482522434575725
p1,A,500,0,0,h05,1604681021256874423
p1,B,191,297,12,h05,1604681021256874423
p1,C,43,91,366,h05,1604681021256874423
p1,Non-ROH,500,0,0,h05,1604681021256874423
p2,A,500,0,0,h05,1604681021256874423
p2,B,357,143,0,h05,1604681021256874423
p2,C,28,101,371,h05,1604681021256874423
p2,Non-ROH,500,0,0,h05,1604681021256874423
p3,A,500,0,0,h05,1604681021256874423
p3,B,422,78,0,h05,1604681021256874423
p3,C,25,143,332,h05,1604681021256874423
p3,Non-ROH,500,0,0,h05,1604681021256874423
p1,A,500,0,0,h05,1615819314104942434
p1,B,187,289,24,h05,1615819314104942434
p1,C,50,77,373,h05,1615819314104942434
p1,Non-ROH,500,0,0,h05,1615819314104942434
p2,A,500,0,0,h05,1615819314104942434
p2,B,390,109,1,h05,1615819314104942434
p2,C,31,80,389,h05,1615819314104942434
p2,Non-ROH,500,0,0,h05,1615819314104942434
p3,A,500,0,0,h05,1615819314104942434
p3,B,437,63,0,h05,1615819314104942434
p3,C,28,157,315,h05,1615819314104942434
p3,Non-ROH,500,0,0,h05,1615819314104942434
p1,A,500,0,0,h05,1619664180015500196
p1,B,209,280,11,h05,1619664180015500196
p1,C,47,58,395,h05,1619664180015500196
p1,Non-ROH,500,0,0,h05,1619664180015500196
p2,A,500,0,0,h05,1619664180015500196
p2,B,425,75,0,h05,1619664180015500196
p2,C,35,98,367,h05,1619664180015500196
p2,Non-ROH,500,0,0,h05,1619664180015500196
p3,A,500,0,0,h05,1619664180015500196
p3,B,456,44,0,h05,1619664180015500196
p3,C,55,142,303,h05,1619664180015500196
p3,Non-ROH,500,0,0,h05,1619664180015500196
p1,A,500,0,0,h05,1623295449045941515
p1,B,223,261,16,h05,1623295449045941515
p1,C,61,86,353,h05,1623295449045941515
p1,Non-ROH,500,0,0,h05,1623295449045941515
p2,A,500,0,0,h05,1623295449045941515
p2,B,401,99,0,h05,1623295449045941515
p2,C,30,74,396,h05,1623295449045941515
p2,Non-ROH,500,0,0,h05,1623295449045941515
p3,A,500,0,0,h05,1623295449045941515
p3,B,427,73,0,h05,1623295449045941515
p3,C,24,90,386,h05,1623295449045941515
p3,Non-ROH,500,0,0,h05,1623295449045941515
p1,A,499,1,0,h05,1634236169178787339
p1,B,204,279,17,h05,1634236169178787339
p1,C,40,81,379,h05,1634236169178787339
p1,Non-ROH,500,0,0,h05,1634236169178787339
p2,A,500,0,0,h05,1634236169178787339
p2,B,385,115,0,h05,1634236169178787339
p2,C,36,93,371,h05,1634236169178787339
p2,Non-ROH,500,0,0,h05,1634236169178787339
p3,A,500,0,0,h05,1634236169178787339
p3,B,426,74,0,h05,1634236169178787339
p3,C,38,127,335,h05,1634236169178787339
p3,Non-ROH,500,0,0,h05,1634236169178787339
p1,A,499,1,0,h05,1655396935501401630
p1,B,226,255,19,h05,1655396935501401630
p1,C,47,82,371,h05,1655396935501401630
p1,Non-ROH,500,0,0,h05,1655396935501401630
p2,A,500,0,0,h05,1655396935501401630
p2,B,354,146,0,h05,1655396935501401630
p2,C,42,134,324,h05,1655396935501401630
p2,Non-ROH,500,0,0,h05,1655396935501401630
p3,A,500,0,0,h05,1655396935501401630
p3,B,435,65,0,h05,1655396935501401630
p3,C,31,87,382,h05,1655396935501401630
p3,Non-ROH,500,0,0,h05,1655396935501401630
p1,A,500,0,0,h05,1658739413120076468
p1,B,217,266,17,h05,1658739413120076468
p1,C,48,63,389,h05,1658739413120076468
p1,Non-ROH,500,0,0,h05,1658739413120076468
p2,A,500,0,0,h05,1658739413120076468
p2,B,407,93,0,h05,1658739413120076468
p2,C,42,76,382,h05,1658739413120076468
p2,Non-ROH,500,0,0,h05,1658739413120076468
p3,A,500,0,0,h05,1658739413120076468
p3,B,469,31,0,h05,1658739413120076468
p3,C,36,104,360,h05,1658739413120076468
p3,Non-ROH,500,0,0,h05,1658739413120076468
p1,A,500,0,0,h05,1672594961519705124
p1,B,240,246,14,h05,1672594961519705124
p1,C,63,72,365,h05,1672594961519705124
p1,Non-ROH,500,0,0,h05,1672594961519705124
p2,A,500,0,0,h05,1672594961519705124
p2,B,432,68,0,h05,1672594961519705124
p2,C,40,106,354,h05,1672594961519705124
p2,Non-ROH,500,0,0,h05,1672594961519705124
p3,A,500,0,0,h05,1672594961519705124
p3,B,461,39,0,h05,1672594961519705124
p3,C,33,95,372,h05,1672594961519705124
p3,Non-ROH,500,0,0,h05,1672594961519705124
p1,A,500,0,0,h05,1763285806016433646
p1,B,245,238,17,h05,1763285806016433646
p1,C,51,79,370,h05,1763285806016433646
p1,Non-ROH,500,0,0,h05,1763285806016433646
p2,A,500,0,0,h05,1763285806016433646
p2,B,413,87,0,h05,1763285806016433646
p2,C,33,123,344,h05,1763285806016433646
p2,Non-ROH,500,0,0,h05,1763285806016433646
p3,A,500,0,0,h05,1763285806016433646
p3,B,454,46,0,h05,1763285806016433646
p3,C,29,98,373,h05,1763285806016433646
p3,Non-ROH,500,0,0,h05,1763285806016433646
p1,A,500,0,0,h05,1786475875956838267
p1,B,245,244,11,h05,1786475875956838267
p1,C,65,90,345,h05,1786475875956838267
p1,Non-ROH,500,0,0,h05,1786475875956838267
p2,A,500,0,0,h05,1786475875956838267
p2,B,419,81,0,h05,1786475875956838267
p2,C,37,131,332,h05,1786475875956838267
p2,Non-ROH,500,0,0,h05,1786475875956838267
p3,A,500,0,0,h05,1786475875956838267
p3,B,458,42,0,h05,1786475875956838267
p3,C,35,98,367,h05,1786475875956838267
p3,Non-ROH,500,0,0,h05,1786475875956838267
p1,A,499,1,0,h05,1792714074386981780
p1,B,242,243,15,h05,1792714074386981780
p1,C,56,71,373,h05,1792714074386981780
p1,Non-ROH,500,0,0,h05,1792714074386981780
p2,A,500,0,0,h05,1792714074386981780
p2,B,421,79,0,h05,1792714074386981780
p2,C,47,83,370,h05,1792714074386981780
p2,Non-ROH,500,0,0,h05,1792714074386981780
p3,A,500,0,0,h05,1792714074386981780
p3,B,453,47,0,h05,1792714074386981780
p3,C,38,78,384,h05,1792714074386981780
p3,Non-ROH,500,0,0,h05,1792714074386981780
p1,A,500,0,0,h05,1817791909450168358
p1,B,204,279,17,h05,1817791909450168358
p1,C,46,86,368,h05,1817791909450168358
p1,Non-ROH,500,0,0,h05,1817791909450168358
p2,A,500,0,0,h05,1817791909450168358
p2,B,386,114,0,h05,1817791909450168358
p2,C,37,121,342,h05,1817791909450168358
p2,Non-ROH,500,0,0,h05,1817791909450168358
p3,A,500,0,0,h05,1817791909450168358
p3,B,443,57,0,h05,1817791909450168358
p3,C,37,86,377,h05,1817791909450168358
p3,Non-ROH,500,0,0,h05,1817791909450168358
p1,A,500,0,0,h05,1827693092105995524
p1,B,192,286,22,h05,1827693092105995524
p1,C,47,74,379,h05,1827693092105995524
p1,Non-ROH,500,0,0,h05,1827693092105995524
p2,A,500,0,0,h05,1827693092105995524
p2,B,378,122,0,h05,1827693092105995524
p2,C,34,100,366,h05,1827693092105995524
p2,Non-ROH,500,0,0,h05,1827693092105995524
p3,A,500,0,0,h05,1827693092105995524
p3,B,404,96,0,h05,1827693092105995524
p3,C,28,135,337,h05,1827693092105995524
p3,Non-ROH,500,0,0,h05,1827693092105995524
p1,A,499,1,0,h05,1831696679398629868
p1,B,234,251,15,h05,1831696679398629868
p1,C,49,70,381,h05,1831696679398629868
p1,Non-ROH,500,0,0,h05,1831696679398629868
p2,A,500,0,0,h05,1831696679398629868
p2,B,414,86,0,h05,1831696679398629868
p2,C,52,148,300,h05,1831696679398629868
p2,Non-ROH,500,0,0,h05,1831696679398629868
p3,A,500,0,0,h05,1831696679398629868
p3,B,462,38,0,h05,1831696679398629868
p3,C,43,114,343,h05,1831696679398629868
p3,Non-ROH,500,0,0,h05,1831696679398629868
p1,A,499,1,0,h05,1831757781164456331
p1,B,242,245,13,h05,1831757781164456331
p1,C,57,61,382,h05,1831757781164456331
p1,Non-ROH,500,0,0,h05,1831757781164456331
p2,A,500,0,0,h05,1831757781164456331
p2,B,408,91,1,h05,1831757781164456331
p2,C,37,84,379,h05,1831757781164456331
p2,Non-ROH,500,0,0,h05,1831757781164456331
p3,A,500,0,0,h05,1831757781164456331
p3,B,443,57,0,h05,1831757781164456331
p3,C,28,87,385,h05,1831757781164456331
p3,Non-ROH,500,0,0,h05,1831757781164456331
p1,A,496,4,0,h05,1835493084086831041
p1,B,223,265,12,h05,1835493084086831041
p1,C,95,50,355,h05,1835493084086831041
p1,Non-ROH,500,0,0,h05,1835493084086831041
p2,A,500,0,0,h05,1835493084086831041
p2,B,405,95,0,h05,1835493084086831041
p2,C,90,47,363,h05,1835493084086831041
p2,Non-ROH,500,0,0,h05,1835493084086831041
p3,A,500,0,0,h05,1835493084086831041
p3,B,451,49,0,h05,1835493084086831041
p3,C,136,91,273,h05,1835493084086831041
p3,Non-ROH,500,0,0,h05,1835493084086831041
p1,A,500,0,0,h05,1835603583948599021
p1,B,187,298,15,h05,1835603583948599021
p1,C,53,85,362,h05,1835603583948599021
p1,Non-ROH,500,0,0,h05,1835603583948599021
p2,A,500,0,0,h05,1835603583948599021
p2,B,398,102,0,h05,1835603583948599021
p2,C,41,110,349,h05,1835603583948599021
p2,Non-ROH,500,0,0,h05,1835603583948599021
p3,A,500,0,0,h05,1835603583948599021
p3,B,429,71,0,h05,1835603583948599021
p3,C,35,158,307,h05,1835603583948599021
p3,Non-ROH,500,0,0,h05,1835603583948599021
p1,A,500,0,0,h05,1850311416494250713
p1,B,227,257,16,h05,1850311416494250713
p1,C,63,80,357,h05,1850311416494250713
p1,Non-ROH,500,0,0,h05,1850311416494250713
p2,A,500,0,0,h05,1850311416494250713
p2,B,416,84,0,h05,1850311416494250713
p2,C,48,93,359,h05,1850311416494250713
p2,Non-ROH,500,0,0,h05,1850311416494250713
p3,A,500,0,0,h05,1850311416494250713
p3,B,466,34,0,h05,1850311416494250713
p3,C,38,135,327,h05,1850311416494250713
p3,Non-ROH,500,0,0,h05,1850311416494250713
p1,A,498,2,0,h05,1872782207674529856
p1,B,207,277,16,h05,1872782207674529856
p1,C,56,75,369,h05,1872782207674529856
p1,Non-ROH,500,0,0,h05,1872782207674529856
p2,A,500,0,0,h05,1872782207674529856
p2,B,378,122,0,h05,1872782207674529856
p2,C,34,126,340,h05,1872782207674529856
p2,Non-ROH,500,0,0,h05,1872782207674529856
p3,A,500,0,0,h05,1872782207674529856
p3,B,435,65,0,h05,1872782207674529856
p3,C,37,136,327,h05,1872782207674529856
p3,Non-ROH,500,0,0,h05,1872782207674529856
p1,A,500,0,0,h05,1890430071228034980
p1,B,281,204,15,h05,1890430071228034980
p1,C,54,78,368,h05,1890430071228034980
p1,Non-ROH,500,0,0,h05,1890430071228034980
p2,A,500,0,0,h05,1890430071228034980
p2,B,463,37,0,h05,1890430071228034980
p2,C,39,67,394,h05,1890430071228034980
p2,Non-ROH,500,0,0,h05,1890430071228034980
p3,A,500,0,0,h05,1890430071228034980
p3,B,484,16,0,h05,1890430071228034980
p3,C,53,116,331,h05,1890430071228034980
p3,Non-ROH,500,0,0,h05,1890430071228034980
p1,A,500,0,0,h05,1894195556906630430
p1,B,180,310,10,h05,1894195556906630430
p1,C,45,65,390,h05,1894195556906630430
p1,Non-ROH,500,0,0,h05,1894195556906630430
p2,A,500,0,0,h05,1894195556906630430
p2,B,363,137,0,h05,1894195556906630430
p2,C,37,98,365,h05,1894195556906630430
p2,Non-ROH,500,0,0,h05,1894195556906630430
p3,A,500,0,0,h05,1894195556906630430
p3,B,417,83,0,h05,1894195556906630430
p3,C,27,135,338,h05,1894195556906630430
p3,Non-ROH,500,0,0,h05,1894195556906630430
p1,A,500,0,0,h05,1912308451502797870
p1,B,222,255,23,h05,1912308451502797870
p1,C,31,86,383,h05,1912308451502797870
p1,Non-ROH,500,0,0,h05,1912308451502797870
p2,A,500,0,0,h05,1912308451502797870
p2,B,389,111,0,h05,1912308451502797870
p2,C,31,171,298,h05,1912308451502797870
p2,Non-ROH,500,0,0,h05,1912308451502797870
p3,A,500,0,0,h05,1912308451502797870
p3,B,451,49,0,h05,1912308451502797870
p3,C,36,131,333,h05,1912308451502797870
p3,Non-ROH,500,0,0,h05,1912308451502797870
p1,A,500,0,0,h05,1955415757962736301
p1,B,218,259,23,h05,1955415757962736301
p1,C,61,74,365,h05,1955415757962736301
p1,Non-ROH,500,0,0,h05,1955415757962736301
p2,A,500,0,0,h05,1955415757962736301
p2,B,404,96,0,h05,1955415757962736301
p2,C,36,134,330,h05,1955415757962736301
p2,Non-ROH,500,0,0,h05,1955415757962736301
p3,A,500,0,0,h05,1955415757962736301
p3,B,429,71,0,h05,1955415757962736301
p3,C,35,78,387,h05,1955415757962736301
p3,Non-ROH,500,0,0,h05,1955415757962736301
p1,A,499,1,0,h05,1982907247669806159
p1,B,202,290,8,h05,1982907247669806159
p1,C,40,74,386,h05,1982907247669806159
p1,Non-ROH,500,0,0,h05,1982907247669806159
p2,A,500,0,0,h05,1982907247669806159
p2,B,376,124,0,h05,1982907247669806159
p2,C,54,82,364,h05,1982907247669806159
p2,Non-ROH,500,0,0,h05,1982907247669806159
p3,A,500,0,0,h05,1982907247669806159
p3,B,455,45,0,h05,1982907247669806159
p3,C,40,132,328,h05,1982907247669806159
p3,Non-ROH,500,0,0,h05,1982907247669806159
p1,A,499,1,0,h05,2015925084329406584
p1,B,225,266,9,h05,2015925084329406584
p1,C,44,93,363,h05,2015925084329406584
p1,Non-ROH,500,0,0,h05,2015925084329406584
p2,A,500,0,0,h05,2015925084329406584
p2,B,411,89,0,h05,2015925084329406584
p2,C,31,117,352,h05,2015925084329406584
p2,Non-ROH,500,0,0,h05,2015925084329406584
p3,A,500,0,0,h05,2015925084329406584
p3,B,445,55,0,h05,2015925084329406584
p3,C,25,92,383,h05,2015925084329406584
p3,Non-ROH,500,0,0,h05,2015925084329406584
p1,A,499,1,0,h05,2022156699881960729
p1,B,234,246,20,h05,2022156699881960729
p1,C,54,79,367,h05,2022156699881960729
p1,Non-ROH,500,0,0,h05,2022156699881960729
p2,A,500,0,0,h05,2022156699881960729
p2,B,417,83,0,h05,2022156699881960729
p2,C,35,124,341,h05,2022156699881960729
p2,Non-ROH,500,0,0,h05,2022156699881960729
p3,A,500,0,0,h05,2022156699881960729
p3,B,459,41,0,h05,2022156699881960729
p3,C,23,104,373,h05,2022156699881960729
p3,Non-ROH,500,0,0,h05,2022156699881960729
p1,A,499,1,0,h05,2033317270591491129
p1,B,215,272,13,h05,2033317270591491129
p1,C,45,63,392,h05,2033317270591491129
p1,Non-ROH,500,0,0,h05,2033317270591491129
p2,A,500,0,0,h05,2033317270591491129
p2,B,348,152,0,h05,2033317270591491129
p2,C,39,78,383,h05,2033317270591491129
p2,Non-ROH,500,0,0,h05,2033317270591491129
p3,A,500,0,0,h05,2033317270591491129
p3,B,437,63,0,h05,2033317270591491129
p3,C,38,158,304,h05,2033317270591491129
p3,Non-ROH,500,0,0,h05,2033317270591491129
p1,A,500,0,0,h05,2049443784227955374
p1,B,232,258,10,h05,2049443784227955374
p1,C,70,75,355,h05,2049443784227955374
p1,Non-ROH,500,0,0,h05,2049443784227955374
p2,A,500,0,0,h05,2049443784227955374
p2,B,435,65,0,h05,2049443784227955374
p2,C,42,76,382,h05,2049443784227955374
p2,Non-ROH,500,0,0,h05,2049443784227955374
p3,A,500,0,0,h05,2049443784227955374
p3,B,454,46,0,h05,2049443784227955374
p3,C,54,70,376,h05,2049443784227955374
p3,Non-ROH,500,0,0,h05,2049443784227955374
p1,A,499,1,0,h05,2051787133214203401
p1,B,247,240,13,h05,2051787133214203401
p1,C,51,82,367,h05,2051787133214203401
p1,Non-ROH,500,0,0,h05,2051787133214203401
p2,A,500,0,0,h05,2051787133214203401
p2,B,414,86,0,h05,2051787133214203401
p2,C,69,52,379,h05,2051787133214203401
p2,Non-ROH,500,0,0,h05,2051787133214203401
p3,A,500,0,0,h05,2051787133214203401
p3,B,452,48,0,h05,2051787133214203401
p3,C,35,147,318,h05,2051787133214203401
p3,Non-ROH,500,0,0,h05,2051787133214203401
p1,A,498,2,0,h05,2071198562187270285
p1,B,233,251,16,h05,2071198562187270285
p1,C,56,70,374,h05,2071198562187270285
p1,Non-ROH,500,0,0,h05,2071198562187270285
p2,A,500,0,0,h05,2071198562187270285
p2,B,416,83,1,h05,2071198562187270285
p2,C,42,112,346,h05,2071198562187270285
p2,Non-ROH,500,0,0,h05,2071198562187270285
p3,A,500,0,0,h05,2071198562187270285
p3,B,462,38,0,h05,2071198562187270285
p3,C,34,106,360,h05,2071198562187270285
p3,Non-ROH,500,0,0,h05,2071198562187270285
p1,A,499,1,0,h05,2084407245631035981
p1,B,188,299,13,h05,2084407245631035981
p1,C,46,88,366,h05,2084407245631035981
p1,Non-ROH,500,0,0,h05,2084407245631035981
p2,A,500,0,0,h05,2084407245631035981
p2,B,365,135,0,h05,2084407245631035981
p2,C,36,81,383,h05,2084407245631035981
p2,Non-ROH,500,0,0,h05,2084407245631035981
p3,A,500,0,0,h05,2084407245631035981
p3,B,409,91,0,h05,2084407245631035981
p3,C,28,104,368,h05,2084407245631035981
p3,Non-ROH,500,0,0,h05,2084407245631035981
p1,A,500,0,0,h05,2109796282722423065
p1,B,247,237,16,h05,2109796282722423065
p1,C,59,70,371,h05,2109796282722423065
p1,Non-ROH,500,0,0,h05,2109796282722423065
p2,A,500,0,0,h05,2109796282722423065
p2,B,413,87,0,h05,2109796282722423065
p2,C,40,86,374,h05,2109796282722423065
p2,Non-ROH,500,0,0,h05,2109796282722423065
p3,A,500,0,0,h05,2109796282722423065
p3,B,431,69,0,h05,2109796282722423065
p3,C,54,146,300,h05,2109796282722423065
p3,Non-ROH,500,0,0,h05,2109796282722423065
p1,A,499,1,0,h05,2111044634361609688
p1,B,219,270,11,h05,2111044634361609688
p1,C,46,59,395,h05,2111044634361609688
p1,Non-ROH,500,0,0,h05,2111044634361609688
p2,A,500,0,0,h05,2111044634361609688
p2,B,399,101,0,h05,2111044634361609688
p2,C,33,74,393,h05,2111044634361609688
p2,Non-ROH,500,0,0,h05,2111044634361609688
p3,A,500,0,0,h05,2111044634361609688
p3,B,414,86,0,h05,2111044634361609688
p3,C,34,126,340,h05,2111044634361609688
p3,Non-ROH,500,0,0,h05,2111044634361609688
p1,A,499,1,0,h05,2134373124147706442
p1,B,245,241,14,h05,2134373124147706442
p1,C,57,58,385,h05,2134373124147706442
p1,Non-ROH,500,0,0,h05,2134373124147706442
p2,A,500,0,0,h05,2134373124147706442
p2,B,428,72,0,h05,2134373124147706442
p2,C,35,142,323,h05,2134373124147706442
p2,Non-ROH,500,0,0,h05,2134373124147706442
p3,A,500,0,0,h05,2134373124147706442
p3,B,450,50,0,h05,2134373124147706442
p3,C,30,95,375,h05,2134373124147706442
p3,Non-ROH,500,0,0,h05,2134373124147706442
p1,A,499,1,0,h05,2150159936165665157
p1,B,202,276,22,h05,2150159936165665157
p1,C,50,65,385,h05,2150159936165665157
p1,Non-ROH,500,0,0,h05,2150159936165665157
p2,A,500,0,0,h05,2150159936165665157
p2,B,363,137,0,h05,2150159936165665157
p2,C,30,119,351,h05,2150159936165665157
p2,Non-ROH,500,0,0,h05,2150159936165665157
p3,A,500,0,0,h05,2150159936165665157
p3,B,422,78,0,h05,2150159936165665157
p3,C,44,88,368,h05,2150159936165665157
p3,Non-ROH,500,0,0,h05,2150159936165665157
p1,A,500,0,0,h05,2157857166034569084
p1,B,193,294,13,h05,2157857166034569084
p1,C,77,52,371,h05,2157857166034569084
p1,Non-ROH,500,0,0,h05,2157857166034569084
p2,A,500,0,0,h05,2157857166034569084
p2,B,385,115,0,h05,2157857166034569084
p2,C,103,45,352,h05,2157857166034569084
p2,Non-ROH,500,0,0,h05,2157857166034569084
p3,A,500,0,0,h05,2157857166034569084
p3,B,435,65,0,h05,2157857166034569084
p3,C,61,58,381,h05,2157857166034569084
p3,Non-ROH,500,0,0,h05,2157857166034569084
p1,A,497,3,0,h05,2172333262748770943
p1,B,200,287,13,h05,2172333262748770943
p1,C,51,69,380,h05,2172333262748770943
p1,Non-ROH,500,0,0,h05,2172333262748770943
p2,A,500,0,0,h05,2172333262748770943
p2,B,367,133,0,h05,2172333262748770943
p2,C,39,91,370,h05,2172333262748770943
p2,Non-ROH,500,0,0,h05,2172333262748770943
p3,A,500,0,0,h05,2172333262748770943
p3,B,433,67,0,h05,2172333262748770943
p3,C,34,145,321,h05,2172333262748770943
p3,Non-ROH,500,0,0,h05,2172333262748770943
p1,A,500,0,0,h05,218992786585519762
p1,B,245,244,11,h05,218992786585519762
p1,C,45,102,353,h05,218992786585519762
p1,Non-ROH,500,0,0,h05,218992786585519762
p2,A,500,0,0,h05,218992786585519762
p2,B,412,88,0,h05,218992786585519762
p2,C,37,96,367,h05,218992786585519762
p2,Non-ROH,500,0,0,h05,218992786585519762
p3,A,500,0,0,h05,218992786585519762
p3,B,466,34,0,h05,218992786585519762
p3,C,37,111,352,h05,218992786585519762
p3,Non-ROH,500,0,0,h05,218992786585519762
p1,A,499,1,0,h05,2194664491335904575
p1,B,223,265,12,h05,2194664491335904575
p1,C,51,64,385,h05,2194664491335904575
p1,Non-ROH,500,0,0,h05,2194664491335904575
p2,A,500,0,0,h05,2194664491335904575
p2,B,397,103,0,h05,2194664491335904575
p2,C,44,96,360,h05,2194664491335904575
p2,Non-ROH,500,0,0,h05,2194664491335904575
p3,A,500,0,0,h05,2194664491335904575
p3,B,448,52,0,h05,2194664491335904575
p3,C,58,96,346,h05,2194664491335904575
p3,Non-ROH,500,0,0,h05,2194664491335904575
p1,A,500,0,0,h05,2211615964893912798
p1,B,243,246,11,h05,2211615964893912798
p1,C,53,76,371,h05,2211615964893912798
p1,Non-ROH,500,0,0,h05,2211615964893912798
p2,A,500,0,0,h05,2211615964893912798
p2,B,392,108,0,h05,2211615964893912798
p2,C,35,76,389,h05,2211615964893912798
p2,Non-ROH,500,0,0,h05,2211615964893912798
p3,A,500,0,0,h05,2211615964893912798
p3,B,471,29,0,h05,2211615964893912798
p3,C,28,89,383,h05,2211615964893912798
p3,Non-ROH,500,0,0,h05,2211615964893912798
p1,A,500,0,0,h05,2215070330670534269
p1,B,227,261,12,h05,2215070330670534269
p1,C,70,69,361,h05,2215070330670534269
p1,Non-ROH,500,0,0,h05,2215070330670534269
p2,A,500,0,0,h05,2215070330670534269
p2,B,396,104,0,h05,2215070330670534269
p2,C,44,62,394,h05,2215070330670534269
p2,Non-ROH,500,0,0,h05,2215070330670534269
p3,A,500,0,0,h05,2215070330670534269
p3,B,435,65,0,h05,2215070330670534269
p3,C,35,179,286,h05,2215070330670534269
p3,Non-ROH,500,0,0,h05,2215070330670534269
p1,A,500,0,0,h05,2228771183941944748
p1,B,255,231,14,h05,2228771183941944748
p1,C,52,69,379,h05,2228771183941944748
p1,Non-ROH,500,0,0,h05,2228771183941944748
p2,A,500,0,0,h05,2228771183941944748
p2,B,438,62,0,h05,2228771183941944748
p2,C,65,83,352,h05,2228771183941944748
p2,Non-ROH,500,0,0,h05,2228771183941944748
p3,A,500,0,0,h05,2228771183941944748
p3,B,469,31,0,h05,2228771183941944748
p3,C,44,69,387,h05,2228771183941944748
p3,Non-ROH,500,0,0,h05,2228771183941944748
p1,A,500,0,0,h05,2234244814687274129
p1,B,263,219,18,h05,2234244814687274129
p1,C,51,72,377,h05,2234244814687274129
p1,Non-ROH,500,0,0,h05,2234244814687274129
p2,A,500,0,0,h05,2234244814687274129
p2,B,439,61,0,h05,2234244814687274129
p2,C,58,78,364,h05,2234244814687274129
p2,Non-ROH,500,0,0,h05,2234244814687274129
p3,A,500,0,0,h05,2234244814687274129
p3,B,460,40,0,h05,2234244814687274129
p3,C,37,82,381,h05,2234244814687274129
p3,Non-ROH,500,0,0,h05,2234244814687274129
p1,A,499,1,0,h05,2245883088762896338
p1,B,237,250,13,h05,2245883088762896338
p1,C,69,64,367,h05,2245883088762896338
p1,Non-ROH,500,0,0,h05,2245883088762896338
p2,A,500,0,0,h05,2245883088762896338
p2,B,380,120,0,h05,2245883088762896338
p2,C,52,59,389,h05,2245883088762896338
p2,Non-ROH,500,0,0,h05,2245883088762896338
p3,A,500,0,0,h05,2245883088762896338
p3,B,438,62,0,h05,2245883088762896338
p3,C,69,76,355,h05,2245883088762896338
p3,Non-ROH,500,0,0,h05,2245883088762896338
p1,A,498,2,0,h05,2288303028313800114
p1,B,262,226,12,h05,2288303028313800114
p1,C,49,94,357,h05,2288303028313800114
p1,Non-ROH,500,0,0,h05,2288303028313800114
p2,A,500,0,0,h05,2288303028313800114
p2,B,432,68,0,h05,2288303028313800114
p2,C,49,154,297,h05,2288303028313800114
p2,Non-ROH,500,0,0,h05,2288303028313800114
p3,A,500,0,0,h05,2288303028313800114
p3,B,462,38,0,h05,2288303028313800114
p3,C,55,133,312,h05,2288303028313800114
p3,Non-ROH,500,0,0,h05,2288303028313800114
p1,A,500,0,0,h05,23146925379839194
p1,B,223,261,16,h05,23146925379839194
p1,C,55,60,385,h05,23146925379839194
p1,Non-ROH,500,0,0,h05,23146925379839194
p2,A,500,0,0,h05,23146925379839194
p2,B,404,96,0,h05,23146925379839194
p2,C,40,140,320,h05,23146925379839194
p2,Non-ROH,500,0,0,h05,23146925379839194
p3,A,500,0,0,h05,23146925379839194
p3,B,444,56,0,h05,23146925379839194
p3,C,54,176,270,h05,23146925379839194
p3,Non-ROH,500,0,0,h05,23146925379839194
p1,A,500,0,0,h05,2315684253322038264
p1,B,205,277,18,h05,2315684253322038264
p1,C,61,62,377,h05,2315684253322038264
p1,Non-ROH,500,0,0,h05,2315684253322038264
p2,A,500,0,0,h05,2315684253322038264
p2,B,415,85,0,h05,2315684253322038264
p2,C,49,66,385,h05,2315684253322038264
p2,Non-ROH,500,0,0,h05,2315684253322038264
p3,A,500,0,0,h05,2315684253322038264
p3,B,447,53,0,h05,2315684253322038264
p3,C,65,108,327,h05,2315684253322038264
p3,Non-ROH,500,0,0,h05,2315684253322038264
p1,A,499,1,0,h05,2316003991078191534
p1,B,217,267,16,h05,2316003991078191534
p1,C,45,72,383,h05,2316003991078191534
p1,Non-ROH,500,0,0,h05,2316003991078191534
p2,A,500,0,0,h05,2316003991078191534
p2,B,384,116,0,h05,2316003991078191534
p2,C,29,114,357,h05,2316003991078191534
p2,Non-ROH,500,0,0,h05,2316003991078191534
p3,A,500,0,0,h05,2316003991078191534
p3,B,427,73,0,h05,2316003991078191534
p3,C,27,101,372,h05,2316003991078191534
p3,Non-ROH,500,0,0,h05,2316003991078191534
p1,A,499,1,0,h05,2324854691930503959
p1,B,222,269,9,h05,2324854691930503959
p1,C,43,80,377,h05,2324854691930503959
p1,Non-ROH,500,0,0,h05,2324854691930503959
p2,A,500,0,0,h05,2324854691930503959
p2,B,375,125,0,h05,2324854691930503959
p2,C,38,132,330,h05,2324854691930503959
p2,Non-ROH,500,0,0,h05,2324854691930503959
p3,A,500,0,0,h05,2324854691930503959
p3,B,439,61,0,h05,2324854691930503959
p3,C,62,95,343,h05,2324854691930503959
p3,Non-ROH,500,0,0,h05,2324854691930503959
p1,A,499,1,0,h05,2329092494424995999
p1,B,197,291,12,h05,2329092494424995999
p1,C,54,77,369,h05,2329092494424995999
p1,Non-ROH,500,0,0,h05,2329092494424995999
p2,A,500,0,0,h05,2329092494424995999
p2,B,376,124,0,h05,2329092494424995999
p2,C,40,95,365,h05,2329092494424995999
p2,Non-ROH,500,0,0,h05,2329092494424995999
p3,A,500,0,0,h05,2329092494424995999
p3,B,436,64,0,h05,2329092494424995999
p3,C,35,131,334,h05,2329092494424995999
p3,Non-ROH,500,0,0,h05,2329092494424995999
p1,A,500,0,0,h05,2353390558278663037
p1,B,248,232,20,h05,2353390558278663037
p1,C,48,80,372,h05,2353390558278663037
p1,Non-ROH,500,0,0,h05,2353390558278663037
p2,A,500,0,0,h05,2353390558278663037
p2,B,454,46,0,h05,2353390558278663037
p2,C,34,93,373,h05,2353390558278663037
p2,Non-ROH,500,0,0,h05,2353390558278663037
p3,A,500,0,0,h05,2353390558278663037
p3,B,475,25,0,h05,2353390558278663037
p3,C,44,196,260,h05,2353390558278663037
p3,Non-ROH,500,0,0,h05,2353390558278663037
p1,A,498,2,0,h05,2363439723728621014
p1,B,216,279,5,h05,2363439723728621014
p1,C,46,71,383,h05,2363439723728621014
p1,Non-ROH,500,0,0,h05,2363439723728621014
p2,A,500,0,0,h05,2363439723728621014
p2,B,407,93,0,h05,2363439723728621014
p2,C,43,85,372,h05,2363439723728621014
p2,Non-ROH,500,0,0,h05,2363439723728621014
p3,A,500,0,0,h05,2363439723728621014
p3,B,439,61,0,h05,2363439723728621014
p3,C,38,102,360,h05,2363439723728621014
p3,Non-ROH,500,0,0,h05,2363439723728621014
p1,A,499,1,0,h05,236522125182876818
p1,B,209,273,18,h05,236522125182876818
p1,C,66,75,359,h05,236522125182876818
p1,Non-ROH,500,0,0,h05,236522125182876818
p2,A,500,0,0,h05,236522125182876818
p2,B,410,90,0,h05,236522125182876818
p2,C,25,119,356,h05,236522125182876818
p2,Non-ROH,500,0,0,h05,236522125182876818
p3,A,500,0,0,h05,236522125182876818
p3,B,453,47,0,h05,236522125182876818
p3,C,47,130,323,h05,236522125182876818
p3,Non-ROH,500,0,0,h05,236522125182876818
p1,A,499,1,0,h05,2385682336494085482
p1,B,182,300,18,h05,2385682336494085482
p1,C,63,58,379,h05,2385682336494085482
p1,Non-ROH,500,0,0,h05,2385682336494085482
p2,A,500,0,0,h05,2385682336494085482
p2,B,348,152,0,h05,2385682336494085482
p2,C,113,56,331,h05,2385682336494085482
p2,Non-ROH,500,0,0,h05,2385682336494085482
p3,A,500,0,0,h05,2385682336494085482
p3,B,404,96,0,h05,2385682336494085482
p3,C,23,132,345,h05,2385682336494085482
p3,Non-ROH,500,0,0,h05,2385682336494085482
p1,A,498,2,0,h05,240590294240973223
p1,B,198,289,13,h05,240590294240973223
p1,C,46,81,373,h05,240590294240973223
p1,Non-ROH,500,0,0,h05,240590294240973223
p2,A,500,0,0,h05,240590294240973223
p2,B,377,123,0,h05,240590294240973223
p2,C,35,112,353,h05,240590294240973223
p2,Non-ROH,500,0,0,h05,240590294240973223
p3,A,500,0,0,h05,240590294240973223
p3,B,426,74,0,h05,240590294240973223
p3,C,43,113,344,h05,240590294240973223
p3,Non-ROH,500,0,0,h05,240590294240973223
p1,A,500,0,0,h05,2415650474673207329
p1,B,216,274,10,h05,2415650474673207329
p1,C,41,75,384,h05,2415650474673207329
p1,Non-ROH,500,0,0,h05,2415650474673207329
p2,A,500,0,0,h05,2415650474673207329
p2,B,400,100,0,h05,2415650474673207329
p2,C,40,66,394,h05,2415650474673207329
p2,Non-ROH,500,0,0,h05,2415650474673207329
p3,A,500,0,0,h05,2415650474673207329
p3,B,442,58,0,h05,2415650474673207329
p3,C,34,140,326,h05,2415650474673207329
p3,Non-ROH,500,0,0,h05,2415650474673207329
p1,A,500,0,0,h05,2441310548404372499
p1,B,192,295,13,h05,2441310548404372499
p1,C,52,71,377,h05,2441310548404372499
p1,Non-ROH,500,0,0,h05,2441310548404372499
p2,A,500,0,0,h05,2441310548404372499
p2,B,374,126,0,h05,2441310548404372499
p2,C,36,121,343,h05,2441310548404372499
p2,Non-ROH,500,0,0,h05,2441310548404372499
p3,A,500,0,0,h05,2441310548404372499
p3,B,459,41,0,h05,2441310548404372499
p3,C,29,124,347,h05,2441310548404372499
p3,Non-ROH,500,0,0,h05,2441310548404372499
p1,A,500,0,0,h05,2502214477749922901
p1,B,215,269,16,h05,2502214477749922901
p1,C,51,73,376,h05,2502214477749922901
p1,Non-ROH,500,0,0,h05,2502214477749922901
p2,A,500,0,0,h05,2502214477749922901
p2,B,426,74,0,h05,2502214477749922901
p2,C,47,77,376,h05,2502214477749922901
p2,Non-ROH,500,0,0,h05,2502214477749922901
p3,A,500,0,0,h05,2502214477749922901
p3,B,457,43,0,h05,2502214477749922901
p3,C,46,148,306,h05,2502214477749922901
p3,Non-ROH,500,0,0,h05,2502214477749922901
p1,A,500,0,0,h05,2513348774362333501
p1,B,212,266,22,h05,2513348774362333501
p1,C,61,63,376,h05,2513348774362333501
p1,Non-ROH,500,0,0,h05,2513348774362333501
p2,A,500,0,0,h05,2513348774362333501
p2,B,446,54,0,h05,2513348774362333501
p2,C,43,94,363,h05,2513348774362333501
p2,Non-ROH,500,0,0,h05,2513348774362333501
p3,A,500,0,0,h05,2513348774362333501
p3,B,439,61,0,h05,2513348774362333501
p3,C,54,108,338,h05,2513348774362333501
p3,Non-ROH,500,0,0,h05,2513348774362333501
p1,A,499,1,0,h05,2514026999351602161
p1,B,212,274,14,h05,2514026999351602161
p1,C,46,75,379,h05,2514026999351602161
p1,Non-ROH,500,0,0,h05,2514026999351602161
p2,A,500,0,0,h05,2514026999351602161
p2,B,384,116,0,h05,2514026999351602161
p2,C,32,83,385,h05,2514026999351602161
p2,Non-ROH,500,0,0,h05,2514026999351602161
p3,A,500,0,0,h05,2514026999351602161
p3,B,443,57,0,h05,2514026999351602161
p3,C,29,98,373,h05,2514026999351602161
p3,Non-ROH,500,0,0,h05,2514026999351602161
p1,A,500,0,0,h05,2556206719640530903
p1,B,266,221,13,h05,2556206719640530903
p1,C,54,71,375,h05,2556206719640530903
p1,Non-ROH,500,0,0,h05,2556206719640530903
p2,A,500,0,0,h05,2556206719640530903
p2,B,431,69,0,h05,2556206719640530903
p2,C,43,80,377,h05,2556206719640530903
p2,Non-ROH,500,0,0,h05,2556206719640530903
p3,A,500,0,0,h05,2556206719640530903
p3,B,468,32,0,h05,2556206719640530903
p3,C,37,98,365,h05,2556206719640530903
p3,Non-ROH,500,0,0,h05,2556206719640530903
p1,A,500,0,0,h05,2561284945642648354
p1,B,240,246,14,h05,2561284945642648354
p1,C,69,58,373,h05,2561284945642648354
p1,Non-ROH,500,0,0,h05,2561284945642648354
p2,A,500,0,0,h05,2561284945642648354
p2,B,431,69,0,h05,2561284945642648354
p2,C,56,71,373,h05,2561284945642648354
p2,Non-ROH,500,0,0,h05,2561284945642648354
p3,A,500,0,0,h05,2561284945642648354
p3,B,484,16,0,h05,2561284945642648354
p3,C,61,83,356,h05,2561284945642648354
p3,Non-ROH,500,0,0,h05,2561284945642648354
p1,A,500,0,0,h05,2594160632475613918
p1,B,233,249,18,h05,2594160632475613918
p1,C,74,36,390,h05,2594160632475613918
p1,Non-ROH,500,0,0,h05,2594160632475613918
p2,A,500,0,0,h05,2594160632475613918
p2,B,421,79,0,h05,2594160632475613918
p2,C,103,23,374,h05,2594160632475613918
p2,Non-ROH,500,0,0,h05,2594160632475613918
p3,A,500,0,0,h05,2594160632475613918
p3,B,478,22,0,h05,2594160632475613918
p3,C,124,41,335,h05,2594160632475613918
p3,Non-ROH,500,0,0,h05,2594160632475613918
p1,A,500,0,0,h05,2594930482647574356
p1,B,207,282,11,h05,2594930482647574356
p1,C,53,73,374,h05,2594930482647574356
p1,Non-ROH,500,0,0,h05,2594930482647574356
p2,A,500,0,0,h05,2594930482647574356
p2,B,426,74,0,h05,2594930482647574356
p2,C,35,92,373,h05,2594930482647574356
p2,Non-ROH,500,0,0,h05,2594930482647574356
p3,A,500,0,0,h05,2594930482647574356
p3,B,437,63,0,h05,2594930482647574356
p3,C,43,155,302,h05,2594930482647574356
p3,Non-ROH,500,0,0,h05,2594930482647574356
p1,A,499,1,0,h05,263368955851692831
p1,B,250,239,11,h05,263368955851692831
p1,C,51,68,381,h05,263368955851692831
p1,Non-ROH,500,0,0,h05,263368955851692831
p2,A,500,0,0,h05,263368955851692831
p2,B,422,78,0,h05,263368955851692831
p2,C,44,56,400,h05,263368955851692831
p2,Non-ROH,500,0,0,h05,263368955851692831
p3,A,500,0,0,h05,263368955851692831
p3,B,443,57,0,h05,263368955851692831
p3,C,40,74,386,h05,263368955851692831
p3,Non-ROH,500,0,0,h05,263368955851692831
p1,A,500,0,0,h05,2643665608221132916
p1,B,274,212,14,h05,2643665608221132916
p1,C,43,72,385,h05,2643665608221132916
p1,Non-ROH,500,0,0,h05,2643665608221132916
p2,A,500,0,0,h05,2643665608221132916
p2,B,466,34,0,h05,2643665608221132916
p2,C,54,74,372,h05,2643665608221132916
p2,Non-ROH,500,0,0,h05,2643665608221132916
p3,A,500,0,0,h05,2643665608221132916
p3,B,474,26,0,h05,2643665608221132916
p3,C,35,81,384,h05,2643665608221132916
p3,Non-ROH,500,0,0,h05,2643665608221132916
p1,A,500,0,0,h05,2648611874961412935
p1,B,205,282,13,h05,2648611874961412935
p1,C,58,79,363,h05,2648611874961412935
p1,Non-ROH,500,0,0,h05,2648611874961412935
p2,A,500,0,0,h05,2648611874961412935
p2,B,399,101,0,h05,2648611874961412935
p2,C,40,121,339,h05,2648611874961412935
p2,Non-ROH,500,0,0,h05,2648611874961412935
p3,A,500,0,0,h05,2648611874961412935
p3,B,449,51,0,h05,2648611874961412935
p3,C,25,136,339,h05,2648611874961412935
p3,Non-ROH,500,0,0,h05,2648611874961412935
p1,A,500,0,0,h05,2657134930824662940
p1,B,229,259,12,h05,2657134930824662940
p1,C,60,123,317,h05,2657134930824662940
p1,Non-ROH,500,0,0,h05,2657134930824662940
p2,A,500,0,0,h05,2657134930824662940
p2,B,404,96,0,h05,2657134930824662940
p2,C,40,74,386,h05,2657134930824662940
p2,Non-ROH,500,0,0,h05,2657134930824662940
p3,A,500,0,0,h05,2657134930824662940
p3,B,438,62,0,h05,2657134930824662940
p3,C,29,90,381,h05,2657134930824662940
p3,Non-ROH,500,0,0,h05,2657134930824662940
p1,A,500,0,0,h05,266536880896168669
p1,B,208,273,19,h05,266536880896168669
p1,C,42,67,391,h05,266536880896168669
p1,Non-ROH,500,0,0,h05,266536880896168669
p2,A,500,0,0,h05,266536880896168669
p2,B,398,102,0,h05,266536880896168669
p2,C,26,72,402,h05,266536880896168669
p2,Non-ROH,500,0,0,h05,266536880896168669
p3,A,500,0,0,h05,266536880896168669
p3,B,463,37,0,h05,266536880896168669
p3,C,42,103,355,h05,266536880896168669
p3,Non-ROH,500,0,0,h05,266536880896168669
p1,A,500,0,0,h05,272858877937442746
p1,B,213,268,19,h05,272858877937442746
p1,C,43,79,378,h05,272858877937442746
p1,Non-ROH,500,0,0,h05,272858877937442746
p2,A,500,0,0,h05,272858877937442746
p2,B,409,91,0,h05,272858877937442746
p2,C,31,116,353,h05,272858877937442746
p2,Non-ROH,500,0,0,h05,272858877937442746
p3,A,500,0,0,h05,272858877937442746
p3,B,465,35,0,h05,272858877937442746
p3,C,32,127,341,h05,272858877937442746
p3,Non-ROH,500,0,0,h05,272858877937442746
p1,A,500,0,0,h05,2748535386780944677
p1,B,208,272,20,h05,2748535386780944677
p1,C,66,82,352,h05,2748535386780944677
p1,Non-ROH,500,0,0,h05,2748535386780944677
p2,A,500,0,0,h05,2748535386780944677
p2,B,405,95,0,h05,2748535386780944677
p2,C,32,89,379,h05,2748535386780944677
p2,Non-ROH,500,0,0,h05,2748535386780944677
p3,A,500,0,0,h05,2748535386780944677
p3,B,426,74,0,h05,2748535386780944677
p3,C,34,116,350,h05,2748535386780944677
p3,Non-ROH,500,0,0,h05,2748535386780944677
p1,A,498,2,0,h05,2768013358589572946
p1,B,191,290,19,h05,2768013358589572946
p1,C,72,70,358,h05,2768013358589572946
p1,Non-ROH,500,0,0,h05,2768013358589572946
p2,A,500,0,0,h05,2768013358589572946
p2,B,397,103,0,h05,2768013358589572946
p2,C,57,93,350,h05,2768013358589572946
p2,Non-ROH,500,0,0,h05,2768013358589572946
p3,A,500,0,0,h05,2768013358589572946
p3,B,457,43,0,h05,2768013358589572946
p3,C,46,112,342,h05,2768013358589572946
p3,Non-ROH,500,0,0,h05,2768013358589572946
p1,A,500,0,0,h05,2769887300915530433
p1,B,225,264,11,h05,2769887300915530433
p1,C,87,35,378,h05,2769887300915530433
p1,Non-ROH,500,0,0,h05,2769887300915530433
p2,A,500,0,0,h05,2769887300915530433
p2,B,395,105,0,h05,2769887300915530433
p2,C,121,47,332,h05,2769887300915530433
p2,Non-ROH,500,0,0,h05,2769887300915530433
p3,A,500,0,0,h05,2769887300915530433
p3,B,449,51,0,h05,2769887300915530433
p3,C,114,34,352,h05,2769887300915530433
p3,Non-ROH,500,0,0,h05,2769887300915530433
p1,A,500,0,0,h05,2793711213639074442
p1,B,249,238,13,h05,2793711213639074442
p1,C,60,53,387,h05,2793711213639074442
p1,Non-ROH,500,0,0,h05,2793711213639074442
p2,A,500,0,0,h05,2793711213639074442
p2,B,415,85,0,h05,2793711213639074442
p2,C,57,87,356,h05,2793711213639074442
p2,Non-ROH,500,0,0,h05,2793711213639074442
p3,A,500,0,0,h05,2793711213639074442
p3,B,478,22,0,h05,2793711213639074442
p3,C,53,88,359,h05,2793711213639074442
p3,Non-ROH,500,0,0,h05,2793711213639074442
p1,A,499,1,0,h05,2819096609779749247
p1,B,236,246,18,h05,2819096609779749247
p1,C,52,65,383,h05,2819096609779749247
p1,Non-ROH,500,0,0,h05,2819096609779749247
p2,A,500,0,0,h05,2819096609779749247
p2,B,425,75,0,h05,2819096609779749247
p2,C,40,102,358,h05,2819096609779749247
p2,Non-ROH,500,0,0,h05,2819096609779749247
p3,A,500,0,0,h05,2819096609779749247
p3,B,458,42,0,h05,2819096609779749247
p3,C,48,105,347,h05,2819096609779749247
p3,Non-ROH,500,0,0,h05,2819096609779749247
p1,A,499,1,0,h05,2852478797854467960
p1,B,203,276,21,h05,2852478797854467960
p1,C,40,74,386,h05,2852478797854467960
p1,Non-ROH,500,0,0,h05,2852478797854467960
p2,A,500,0,0,h05,2852478797854467960
p2,B,394,106,0,h05,2852478797854467960
p2,C,63,66,371,h05,2852478797854467960
p2,Non-ROH,500,0,0,h05,2852478797854467960
p3,A,500,0,0,h05,2852478797854467960
p3,B,418,82,0,h05,2852478797854467960
p3,C,55,133,312,h05,2852478797854467960
p3,Non-ROH,500,0,0,h05,2852478797854467960
p1,A,500,0,0,h05,2868243242050593548
p1,B,260,229,11,h05,2868243242050593548
p1,C,62,74,364,h05,2868243242050593548
p1,Non-ROH,500,0,0,h05,2868243242050593548
p2,A,500,0,0,h05,2868243242050593548
p2,B,419,81,0,h05,2868243242050593548
p2,C,39,97,364,h05,2868243242050593548
p2,Non-ROH,500,0,0,h05,2868243242050593548
p3,A,500,0,0,h05,2868243242050593548
p3,B,474,26,0,h05,2868243242050593548
p3,C,59,89,352,h05,2868243242050593548
p3,Non-ROH,500,0,0,h05,2868243242050593548
p1,A,498,2,0,h05,2873793647919478335
p1,B,235,252,13,h05,2873793647919478335
p1,C,51,76,373,h05,2873793647919478335
p1,Non-ROH,500,0,0,h05,2873793647919478335
p2,A,500,0,0,h05,2873793647919478335
p2,B,388,112,0,h05,2873793647919478335
p2,C,39,87,374,h05,2873793647919478335
p2,Non-ROH,500,0,0,h05,2873793647919478335
p3,A,500,0,0,h05,2873793647919478335
p3,B,445,55,0,h05,2873793647919478335
p3,C,28,149,323,h05,2873793647919478335
p3,Non-ROH,500,0,0,h05,2873793647919478335
p1,A,500,0,0,h05,2875096199980571401
p1,B,213,278,9,h05,2875096199980571401
p1,C,42,94,364,h05,2875096199980571401
p1,Non-ROH,500,0,0,h05,2875096199980571401
p2,A,500,0,0,h05,2875096199980571401
p2,B,392,108,0,h05,2875096199980571401
p2,C,36,77,387,h05,2875096199980571401
p2,Non-ROH,500,0,0,h05,2875096199980571401
p3,A,500,0,0,h05,2875096199980571401
p3,B,459,41,0,h05,2875096199980571401
p3,C,39,85,376,h05,2875096199980571401
p3,Non-ROH,500,0,0,h05,2875096199980571401
p1,A,498,2,0,h05,2877962110587491459
p1,B,256,228,16,h05,2877962110587491459
p1,C,53,78,369,h05,2877962110587491459
p1,Non-ROH,500,0,0,h05,2877962110587491459
p2,A,500,0,0,h05,2877962110587491459
p2,B,423,77,0,h05,2877962110587491459
p2,C,37,91,372,h05,2877962110587491459
p2,Non-ROH,500,0,0,h05,2877962110587491459
p3,A,500,0,0,h05,2877962110587491459
p3,B,453,47,0,h05,2877962110587491459
p3,C,38,86,376,h05,2877962110587491459
p3,Non-ROH,500,0,0,h05,2877962110587491459
p1,A,500,0,0,h05,2878018892401122246
p1,B,235,255,10,h05,2878018892401122246
p1,C,57,96,347,h05,2878018892401122246
p1,Non-ROH,500,0,0,h05,2878018892401122246
p2,A,500,0,0,h05,2878018892401122246
p2,B,421,79,0,h05,2878018892401122246
p2,C,38,124,338,h05,2878018892401122246
p2,Non-ROH,500,0,0,h05,2878018892401122246
p3,A,500,0,0,h05,2878018892401122246
p3,B,433,67,0,h05,2878018892401122246
p3,C,43,96,361,h05,2878018892401122246
p3,Non-ROH,500,0,0,h05,2878018892401122246
p1,A,499,1,0,h05,2881712073384680095
p1,B,235,251,14,h05,2881712073384680095
p1,C,63,50,387,h05,2881712073384680095
p1,Non-ROH,500,0,0,h05,2881712073384680095
p2,A,500,0,0,h05,2881712073384680095
p2,B,408,92,0,h05,2881712073384680095
p2,C,75,36,389,h05,2881712073384680095
p2,Non-ROH,500,0,0,h05,2881712073384680095
p3,A,500,0,0,h05,2881712073384680095
p3,B,421,79,0,h05,2881712073384680095
p3,C,104,29,367,h05,2881712073384680095
p3,Non-ROH,500,0,0,h05,2881712073384680095
p1,A,500,0,0,h05,2886475517365525834
p1,B,220,252,28,h05,2886475517365525834
p1,C,61,69,370,h05,2886475517365525834
p1,Non-ROH,500,0,0,h05,2886475517365525834
p2,A,500,0,0,h05,2886475517365525834
p2,B,420,80,0,h05,2886475517365525834
p2,C,36,81,383,h05,2886475517365525834
p2,Non-ROH,500,0,0,h05,2886475517365525834
p3,A,500,0,0,h05,2886475517365525834
p3,B,452,48,0,h05,2886475517365525834
p3,C,32,107,361,h05,2886475517365525834
p3,Non-ROH,500,0,0,h05,2886475517365525834
p1,A,500,0,0,h05,2890181523104987576
p1,B,229,260,11,h05,2890181523104987576
p1,C,58,82,360,h05,2890181523104987576
p1,Non-ROH,500,0,0,h05,2890181523104987576
p2,A,500,0,0,h05,2890181523104987576
p2,B,407,93,0,h05,2890181523104987576
p2,C,54,106,340,h05,2890181523104987576
p2,Non-ROH,500,0,0,h05,2890181523104987576
p3,A,500,0,0,h05,2890181523104987576
p3,B,458,42,0,h05,2890181523104987576
p3,C,49,213,238,h05,2890181523104987576
p3,Non-ROH,500,0,0,h05,2890181523104987576
p1,A,500,0,0,h05,2941719576958868389
p1,B,225,257,18,h05,2941719576958868389
p1,C,52,80,368,h05,2941719576958868389
p1,Non-ROH,500,0,0,h05,2941719576958868389
p2,A,500,0,0,h05,2941719576958868389
p2,B,403,97,0,h05,2941719576958868389
p2,C,32,108,360,h05,2941719576958868389
p2,Non-ROH,500,0,0,h05,2941719576958868389
p3,A,500,0,0,h05,2941719576958868389
p3,B,466,34,0,h05,2941719576958868389
p3,C,34,155,311,h05,2941719576958868389
p3,Non-ROH,500,0,0,h05,2941719576958868389
p1,A,500,0,0,h05,294206744387707502
p1,B,193,290,17,h05,294206744387707502
p1,C,56,68,376,h05,294206744387707502
p1,Non-ROH,500,0,0,h05,294206744387707502
p2,A,500,0,0,h05,294206744387707502
p2,B,385,115,0,h05,294206744387707502
p2,C,30,114,356,h05,294206744387707502
p2,Non-ROH,500,0,0,h05,294206744387707502
p3,A,500,0,0,h05,294206744387707502
p3,B,422,78,0,h05,294206744387707502
p3,C,31,130,339,h05,294206744387707502
p3,Non-ROH,500,0,0,h05,294206744387707502
p1,A,500,0,0,h05,2949824631752874456
p1,B,228,261,11,h05,2949824631752874456
p1,C,45,88,367,h05,2949824631752874456
p1,Non-ROH,500,0,0,h05,2949824631752874456
p2,A,500,0,0,h05,2949824631752874456
p2,B,408,92,0,h05,2949824631752874456
p2,C,38,98,364,h05,2949824631752874456
p2,Non-ROH,500,0,0,h05,2949824631752874456
p3,A,500,0,0,h05,2949824631752874456
p3,B,450,50,0,h05,2949824631752874456
p3,C,31,106,363,h05,2949824631752874456
p3,Non-ROH,500,0,0,h05,2949824631752874456
p1,A,500,0,0,h05,2983972839640826529
p1,B,210,265,25,h05,2983972839640826529
p1,C,69,83,348,h05,2983972839640826529
p1,Non-ROH,500,0,0,h05,2983972839640826529
p2,A,500,0,0,h05,2983972839640826529
p2,B,443,57,0,h05,2983972839640826529
p2,C,39,115,346,h05,2983972839640826529
p2,Non-ROH,500,0,0,h05,2983972839640826529
p3,A,500,0,0,h05,2983972839640826529
p3,B,460,40,0,h05,2983972839640826529
p3,C,29,113,358,h05,2983972839640826529
p3,Non-ROH,500,0,0,h05,2983972839640826529
p1,A,500,0,0,h05,3005050390121271868
p1,B,240,245,15,h05,3005050390121271868
p1,C,63,73,364,h05,3005050390121271868
p1,Non-ROH,500,0,0,h05,3005050390121271868
p2,A,500,0,0,h05,3005050390121271868
p2,B,431,69,0,h05,3005050390121271868
p2,C,48,110,342,h05,3005050390121271868
p2,Non-ROH,500,0,0,h05,3005050390121271868
p3,A,500,0,0,h05,3005050390121271868
p3,B,471,29,0,h05,3005050390121271868
p3,C,38,78,384,h05,3005050390121271868
p3,Non-ROH,500,0,0,h05,3005050390121271868
p1,A,500,0,0,h05,3048685216672930222
p1,B,260,228,12,h05,3048685216672930222
p1,C,59,85,356,h05,3048685216672930222
p1,Non-ROH,500,0,0,h05,3048685216672930222
p2,A,500,0,0,h05,3048685216672930222
p2,B,427,73,0,h05,3048685216672930222
p2,C,36,187,277,h05,3048685216672930222
p2,Non-ROH,500,0,0,h05,3048685216672930222
p3,A,500,0,0,h05,3048685216672930222
p3,B,478,22,0,h05,3048685216672930222
p3,C,33,127,340,h05,3048685216672930222
p3,Non-ROH,500,0,0,h05,3048685216672930222
p1,A,499,1,0,h05,3094750602436115619
p1,B,233,251,16,h05,3094750602436115619
p1,C,55,83,362,h05,3094750602436115619
p1,Non-ROH,500,0,0,h05,3094750602436115619
p2,A,500,0,0,h05,3094750602436115619
p2,B,431,69,0,h05,3094750602436115619
p2,C,36,157,307,h05,3094750602436115619
p2,Non-ROH,500,0,0,h05,3094750602436115619
p3,A,500,0,0,h05,3094750602436115619
p3,B,457,43,0,h05,3094750602436115619
p3,C,41,157,302,h05,3094750602436115619
p3,Non-ROH,500,0,0,h05,3094750602436115619
p1,A,500,0,0,h05,3102087033776832206
p1,B,220,262,18,h05,3102087033776832206
p1,C,60,64,376,h05,3102087033776832206
p1,Non-ROH,500,0,0,h05,3102087033776832206
p2,A,500,0,0,h05,3102087033776832206
p2,B,411,88,1,h05,3102087033776832206
p2,C,45,97,358,h05,3102087033776832206
p2,Non-ROH,500,0,0,h05,3102087033776832206
p3,A,500,0,0,h05,3102087033776832206
p3,B,435,65,0,h05,3102087033776832206
p3,C,30,175,295,h05,3102087033776832206
p3,Non-ROH,500,0,0,h05,3102087033776832206
p1,A,500,0,0,h05,3154478712643722168
p1,B,191,292,17,h05,3154478712643722168
p1,C,46,77,377,h05,3154478712643722168
p1,Non-ROH,500,0,0,h05,3154478712643722168
p2,A,500,0,0,h05,3154478712643722168
p2,B,383,117,0,h05,3154478712643722168
p2,C,28,108,364,h05,3154478712643722168
p2,Non-ROH,500,0,0,h05,3154478712643722168
p3,A,500,0,0,h05,3154478712643722168
p3,B,441,59,0,h05,3154478712643722168
p3,C,29,85,386,h05,3154478712643722168
p3,Non-ROH,500,0,0,h05,3154478712643722168
p1,A,499,1,0,h05,3156338250560751663
p1,B,217,273,10,h05,3156338250560751663
p1,C,64,68,368,h05,3156338250560751663
p1,Non-ROH,500,0,0,h05,3156338250560751663
p2,A,500,0,0,h05,3156338250560751663
p2,B,380,120,0,h05,3156338250560751663
p2,C,42,96,362,h05,3156338250560751663
p2,Non-ROH,500,0,0,h05,3156338250560751663
p3,A,500,0,0,h05,3156338250560751663
p3,B,413,87,0,h05,3156338250560751663
p3,C,34,132,334,h05,3156338250560751663
p3,Non-ROH,500,0,0,h05,3156338250560751663
p1,A,500,0,0,h05,3168617480241716285
p1,B,229,263,8,h05,3168617480241716285
p1,C,48,70,382,h05,3168617480241716285
p1,Non-ROH,500,0,0,h05,3168617480241716285
p2,A,500,0,0,h05,3168617480241716285
p2,B,358,142,0,h05,3168617480241716285
p2,C,34,86,380,h05,3168617480241716285
p2,Non-ROH,500,0,0,h05,3168617480241716285
p3,A,500,0,0,h05,3168617480241716285
p3,B,447,53,0,h05,3168617480241716285
p3,C,34,109,357,h05,3168617480241716285
p3,Non-ROH,500,0,0,h05,3168617480241716285
p1,A,498,2,0,h05,3183773561331794744
p1,B,174,309,17,h05,3183773561331794744
p1,C,50,78,372,h05,3183773561331794744
p1,Non-ROH,500,0,0,h05,3183773561331794744
p2,A,500,0,0,h05,3183773561331794744
p2,B,402,98,0,h05,3183773561331794744
p2,C,33,76,391,h05,3183773561331794744
p2,Non-ROH,500,0,0,h05,3183773561331794744
p3,A,500,0,0,h05,3183773561331794744
p3,B,439,61,0,h05,3183773561331794744
p3,C,38,107,355,h05,3183773561331794744
p3,Non-ROH,500,0,0,h05,3183773561331794744
p1,A,500,0,0,h05,3190795366140374516
p1,B,216,268,16,h05,3190795366140374516
p1,C,50,96,354,h05,3190795366140374516
p1,Non-ROH,500,0,0,h05,3190795366140374516
p2,A,500,0,0,h05,3190795366140374516
p2,B,416,84,0,h05,3190795366140374516
p2,C,45,126,329,h05,3190795366140374516
p2,Non-ROH,500,0,0,h05,3190795366140374516
p3,A,500,0,0,h05,3190795366140374516
p3,B,445,55,0,h05,3190795366140374516
p3,C,28,152,320,h05,3190795366140374516
p3,Non-ROH,500,0,0,h05,3190795366140374516
p1,A,500,0,0,h05,3194215750625306473
p1,B,204,282,14,h05,3194215750625306473
p1,C,48,77,375,h05,3194215750625306473
p1,Non-ROH,500,0,0,h05,3194215750625306473
p2,A,500,0,0,h05,3194215750625306473
p2,B,413,87,0,h05,3194215750625306473
p2,C,39,107,354,h05,3194215750625306473
p2,Non-ROH,500,0,0,h05,3194215750625306473
p3,A,500,0,0,h05,3194215750625306473
p3,B,472,28,0,h05,3194215750625306473
p3,C,32,64,404,h05,3194215750625306473
p3,Non-ROH,500,0,0,h05,3194215750625306473
p1,A,499,1,0,h05,3227664716567157262
p1,B,230,257,13,h05,3227664716567157262
p1,C,63,78,359,h05,3227664716567157262
p1,Non-ROH,500,0,0,h05,3227664716567157262
p2,A,500,0,0,h05,3227664716567157262
p2,B,398,102,0,h05,3227664716567157262
p2,C,41,144,315,h05,3227664716567157262
p2,Non-ROH,500,0,0,h05,3227664716567157262
p3,A,500,0,0,h05,3227664716567157262
p3,B,468,32,0,h05,3227664716567157262
p3,C,50,90,360,h05,3227664716567157262
p3,Non-ROH,500,0,0,h05,3227664716567157262
p1,A,498,2,0,h05,3236963627778638242
p1,B,197,286,17,h05,3236963627778638242
p1,C,39,100,361,h05,3236963627778638242
p1,Non-ROH,500,0,0,h05,3236963627778638242
p2,A,500,0,0,h05,3236963627778638242
p2,B,369,131,0,h05,3236963627778638242
p2,C,28,81,391,h05,3236963627778638242
p2,Non-ROH,500,0,0,h05,3236963627778638242
p3,A,500,0,0,h05,3236963627778638242
p3,B,405,95,0,h05,3236963627778638242
p3,C,36,73,391,h05,3236963627778638242
p3,Non-ROH,500,0,0,h05,3236963627778638242
p1,A,500,0,0,h05,3241383371450880742
p1,B,219,269,12,h05,3241383371450880742
p1,C,52,84,364,h05,3241383371450880742
p1,Non-ROH,500,0,0,h05,3241383371450880742
p2,A,500,0,0,h05,3241383371450880742
p2,B,394,106,0,h05,3241383371450880742
p2,C,71,63,366,h05,3241383371450880742
p2,Non-ROH,500,0,0,h05,3241383371450880742
p3,A,500,0,0,h05,3241383371450880742
p3,B,460,40,0,h05,3241383371450880742
p3,C,116,46,338,h05,3241383371450880742
p3,Non-ROH,500,0,0,h05,3241383371450880742
p1,A,499,1,0,h05,3242636241902565926
p1,B,214,270,16,h05,3242636241902565926
p1,C,55,58,387,h05,3242636241902565926
p1,Non-ROH,500,0,0,h05,3242636241902565926
p2,A,500,0,0,h05,3242636241902565926
p2,B,424,76,0,h05,3242636241902565926
p2,C,39,132,329,h05,3242636241902565926
p2,Non-ROH,500,0,0,h05,3242636241902565926
p3,A,500,0,0,h05,3242636241902565926
p3,B,457,43,0,h05,3242636241902565926
p3,C,38,160,302,h05,3242636241902565926
p3,Non-ROH,500,0,0,h05,3242636241902565926
p1,A,499,1,0,h05,3245000264646322590
p1,B,205,285,10,h05,3245000264646322590
p1,C,47,72,381,h05,3245000264646322590
p1,Non-ROH,500,0,0,h05,3245000264646322590
p2,A,500,0,0,h05,3245000264646322590
p2,B,380,120,0,h05,3245000264646322590
p2,C,37,109,354,h05,3245000264646322590
p2,Non-ROH,500,0,0,h05,3245000264646322590
p3,A,500,0,0,h05,3245000264646322590
p3,B,444,56,0,h05,3245000264646322590
p3,C,38,95,367,h05,3245000264646322590
p3,Non-ROH,500,0,0,h05,3245000264646322590
p1,A,499,1,0,h05,3250084756891238329
p1,B,207,277,16,h05,3250084756891238329
p1,C,46,80,374,h05,3250084756891238329
p1,Non-ROH,500,0,0,h05,3250084756891238329
p2,A,500,0,0,h05,3250084756891238329
p2,B,414,86,0,h05,3250084756891238329
p2,C,80,96,324,h05,3250084756891238329
p2,Non-ROH,500,0,0,h05,3250084756891238329
p3,A,500,0,0,h05,3250084756891238329
p3,B,465,35,0,h05,3250084756891238329
p3,C,61,83,356,h05,3250084756891238329
p3,Non-ROH,500,0,0,h05,3250084756891238329
p1,A,500,0,0,h05,3266500550218017543
p1,B,248,242,10,h05,3266500550218017543
p1,C,83,33,384,h05,3266500550218017543
p1,Non-ROH,500,0,0,h05,3266500550218017543
p2,A,500,0,0,h05,3266500550218017543
p2,B,426,74,0,h05,3266500550218017543
p2,C,119,52,329,h05,3266500550218017543
p2,Non-ROH,500,0,0,h05,3266500550218017543
p3,A,500,0,0,h05,3266500550218017543
p3,B,461,39,0,h05,3266500550218017543
p3,C,125,42,333,h05,3266500550218017543
p3,Non-ROH,500,0,0,h05,3266500550218017543
p1,A,500,0,0,h05,3267388951636920434
p1,B,239,243,18,h05,3267388951636920434
p1,C,74,41,385,h05,3267388951636920434
p1,Non-ROH,500,0,0,h05,3267388951636920434
p2,A,500,0,0,h05,3267388951636920434
p2,B,444,56,0,h05,3267388951636920434
p2,C,89,32,379,h05,3267388951636920434
p2,Non-ROH,500,0,0,h05,3267388951636920434
p3,A,500,0,0,h05,3267388951636920434
p3,B,461,39,0,h05,3267388951636920434
p3,C,95,77,328,h05,3267388951636920434
p3,Non-ROH,500,0,0,h05,3267388951636920434
p1,A,500,0,0,h05,327693866498517178
p1,B,265,223,12,h05,327693866498517178
p1,C,74,69,357,h05,327693866498517178
p1,Non-ROH,500,0,0,h05,327693866498517178
p2,A,500,0,0,h05,327693866498517178
p2,B,468,32,0,h05,327693866498517178
p2,C,83,64,353,h05,327693866498517178
p2,Non-ROH,500,0,0,h05,327693866498517178
p3,A,500,0,0,h05,327693866498517178
p3,B,476,24,0,h05,327693866498517178
p3,C,101,64,335,h05,327693866498517178
p3,Non-ROH,500,0,0,h05,327693866498517178
p1,A,498,2,0,h05,3288853020649340908
p1,B,227,262,11,h05,3288853020649340908
p1,C,53,72,375,h05,3288853020649340908
p1,Non-ROH,500,0,0,h05,3288853020649340908
p2,A,500,0,0,h05,3288853020649340908
p2,B,414,86,0,h05,3288853020649340908
p2,C,39,104,357,h05,3288853020649340908
p2,Non-ROH,500,0,0,h05,3288853020649340908
p3,A,500,0,0,h05,3288853020649340908
p3,B,460,40,0,h05,3288853020649340908
p3,C,34,150,316,h05,3288853020649340908
p3,Non-ROH,500,0,0,h05,3288853020649340908
p1,A,500,0,0,h05,3324021796230440556
p1,B,218,261,21,h05,3324021796230440556
p1,C,52,78,370,h05,3324021796230440556
p1,Non-ROH,500,0,0,h05,3324021796230440556
p2,A,500,0,0,h05,3324021796230440556
p2,B,410,90,0,h05,3324021796230440556
p2,C,33,84,383,h05,3324021796230440556
p2,Non-ROH,500,0,0,h05,3324021796230440556
p3,A,500,0,0,h05,3324021796230440556
p3,B,419,81,0,h05,3324021796230440556
p3,C,43,136,321,h05,3324021796230440556
p3,Non-ROH,500,0,0,h05,3324021796230440556
p1,A,500,0,0,h05,3324665535878053762
p1,B,242,255,3,h05,3324665535878053762
p1,C,51,74,375,h05,3324665535878053762
p1,Non-ROH,500,0,0,h05,3324665535878053762
p2,A,500,0,0,h05,3324665535878053762
p2,B,423,77,0,h05,3324665535878053762
p2,C,33,112,355,h05,3324665535878053762
p2,Non-ROH,500,0,0,h05,3324665535878053762
p3,A,500,0,0,h05,3324665535878053762
p3,B,435,65,0,h05,3324665535878053762
p3,C,38,113,349,h05,3324665535878053762
p3,Non-ROH,500,0,0,h05,3324665535878053762
p1,A,500,0,0,h05,3326514799269308837
p1,B,228,255,17,h05,3326514799269308837
p1,C,61,57,382,h05,3326514799269308837
p1,Non-ROH,500,0,0,h05,3326514799269308837
p2,A,500,0,0,h05,3326514799269308837
p2,B,407,93,0,h05,3326514799269308837
p2,C,82,74,344,h05,3326514799269308837
p2,Non-ROH,500,0,0,h05,3326514799269308837
p3,A,500,0,0,h05,3326514799269308837
p3,B,467,33,0,h05,3326514799269308837
p3,C,35,95,370,h05,3326514799269308837
p3,Non-ROH,500,0,0,h05,3326514799269308837
p1,A,499,1,0,h05,3330728579753376144
p1,B,198,287,15,h05,3330728579753376144
p1,C,48,67,385,h05,3330728579753376144
p1,Non-ROH,500,0,0,h05,3330728579753376144
p2,A,500,0,0,h05,3330728579753376144
p2,B,397,103,0,h05,3330728579753376144
p2,C,36,151,313,h05,3330728579753376144
p2,Non-ROH,500,0,0,h05,3330728579753376144
p3,A,500,0,0,h05,3330728579753376144
p3,B,435,65,0,h05,3330728579753376144
p3,C,27,88,385,h05,3330728579753376144
p3,Non-ROH,500,0,0,h05,3330728579753376144
p1,A,500,0,0,h05,3362260376092385178
p1,B,205,275,20,h05,3362260376092385178
p1,C,65,57,378,h05,3362260376092385178
p1,Non-ROH,500,0,0,h05,3362260376092385178
p2,A,500,0,0,h05,3362260376092385178
p2,B,398,102,0,h05,3362260376092385178
p2,C,38,140,322,h05,3362260376092385178
p2,Non-ROH,500,0,0,h05,3362260376092385178
p3,A,500,0,0,h05,3362260376092385178
p3,B,442,58,0,h05,3362260376092385178
p3,C,44,133,323,h05,3362260376092385178
p3,Non-ROH,500,0,0,h05,3362260376092385178
p1,A,500,0,0,h05,3373045206563189524
p1,B,243,246,11,h05,3373045206563189524
p1,C,61,83,356,h05,3373045206563189524
p1,Non-ROH,500,0,0,h05,3373045206563189524
p2,A,500,0,0,h05,3373045206563189524
p2,B,422,78,0,h05,3373045206563189524
p2,C,46,87,367,h05,3373045206563189524
p2,Non-ROH,500,0,0,h05,3373045206563189524
p3,A,500,0,0,h05,3373045206563189524
p3,B,449,51,0,h05,3373045206563189524
p3,C,38,131,331,h05,3373045206563189524
p3,Non-ROH,500,0,0,h05,3373045206563189524
p1,A,499,1,0,h05,3407223520862521737
p1,B,213,268,19,h05,3407223520862521737
p1,C,56,74,370,h05,3407223520862521737
p1,Non-ROH,500,0,0,h05,3407223520862521737
p2,A,500,0,0,h05,3407223520862521737
p2,B,417,83,0,h05,3407223520862521737
p2,C,26,92,382,h05,3407223520862521737
p2,Non-ROH,500,0,0,h05,3407223520862521737
p3,A,500,0,0,h05,3407223520862521737
p3,B,414,86,0,h05,3407223520862521737
p3,C,26,129,345,h05,3407223520862521737
p3,Non-ROH,500,0,0,h05,3407223520862521737
p1,A,500,0,0,h05,3461153620878424070
p1,B,217,268,15,h05,3461153620878424070
p1,C,57,98,345,h05,3461153620878424070
p1,Non-ROH,500,0,0,h05,3461153620878424070
p2,A,500,0,0,h05,3461153620878424070
p2,B,414,86,0,h05,3461153620878424070
p2,C,37,79,384,h05,3461153620878424070
p2,Non-ROH,500,0,0,h05,3461153620878424070
p3,A,500,0,0,h05,3461153620878424070
p3,B,448,52,0,h05,3461153620878424070
p3,C,56,123,321,h05,3461153620878424070
p3,Non-ROH,500,0,0,h05,3461153620878424070
p1,A,500,0,0,h05,3461961311160285679
p1,B,206,279,15,h05,3461961311160285679
p1,C,59,62,379,h05,3461961311160285679
p1,Non-ROH,500,0,0,h05,3461961311160285679
p2,A,500,0,0,h05,3461961311160285679
p2,B,328,172,0,h05,3461961311160285679
p2,C,81,116,303,h05,3461961311160285679
p2,Non-ROH,500,0,0,h05,3461961311160285679
p3,A,500,0,0,h05,3461961311160285679
p3,B,406,94,0,h05,3461961311160285679
p3,C,55,70,375,h05,3461961311160285679
p3,Non-ROH,500,0,0,h05,3461961311160285679
p1,A,500,0,0,h05,3464658352616882037
p1,B,249,237,14,h05,3464658352616882037
p1,C,55,70,375,h05,3464658352616882037
p1,Non-ROH,500,0,0,h05,3464658352616882037
p2,A,500,0,0,h05,3464658352616882037
p2,B,448,52,0,h05,3464658352616882037
p2,C,36,168,296,h05,3464658352616882037
p2,Non-ROH,500,0,0,h05,3464658352616882037
p3,A,500,0,0,h05,3464658352616882037
p3,B,468,32,0,h05,3464658352616882037
p3,C,46,118,336,h05,3464658352616882037
p3,Non-ROH,500,0,0,h05,3464658352616882037
p1,A,500,0,0,h05,3464772875341652782
p1,B,233,249,18,h05,3464772875341652782
p1,C,43,58,399,h05,3464772875341652782
p1,Non-ROH,500,0,0,h05,3464772875341652782
p2,A,500,0,0,h05,3464772875341652782
p2,B,423,77,0,h05,3464772875341652782
p2,C,56,90,354,h05,3464772875341652782
p2,Non-ROH,500,0,0,h05,3464772875341652782
p3,A,500,0,0,h05,3464772875341652782
p3,B,421,79,0,h05,3464772875341652782
p3,C,19,101,380,h05,3464772875341652782
p3,Non-ROH,500,0,0,h05,3464772875341652782
p1,A,500,0,0,h05,3468527084758718009
p1,B,211,274,15,h05,3468527084758718009
p1,C,56,76,368,h05,3468527084758718009
p1,Non-ROH,500,0,0,h05,3468527084758718009
p2,A,500,0,0,h05,3468527084758718009
p2,B,399,101,0,h05,3468527084758718009
p2,C,43,138,319,h05,3468527084758718009
p2,Non-ROH,500,0,0,h05,3468527084758718009
p3,A,500,0,0,h05,3468527084758718009
p3,B,428,72,0,h05,3468527084758718009
p3,C,33,117,350,h05,3468527084758718009
p3,Non-ROH,500,0,0,h05,3468527084758718009
p1,A,500,0,0,h05,3472101264269831400
p1,B,231,256,13,h05,3472101264269831400
p1,C,61,73,366,h05,3472101264269831400
p1,Non-ROH,500,0,0,h05,3472101264269831400
p2,A,500,0,0,h05,3472101264269831400
p2,B,405,95,0,h05,3472101264269831400
p2,C,41,95,364,h05,3472101264269831400
p2,Non-ROH,500,0,0,h05,3472101264269831400
p3,A,500,0,0,h05,3472101264269831400
p3,B,449,51,0,h05,3472101264269831400
p3,C,36,110,354,h05,3472101264269831400
p3,Non-ROH,500,0,0,h05,3472101264269831400
p1,A,498,2,0,h05,3483914507240149866
p1,B,210,276,14,h05,3483914507240149866
p1,C,53,58,389,h05,3483914507240149866
p1,Non-ROH,500,0,0,h05,3483914507240149866
p2,A,500,0,0,h05,3483914507240149866
p2,B,415,85,0,h05,3483914507240149866
p2,C,48,117,335,h05,3483914507240149866
p2,Non-ROH,500,0,0,h05,3483914507240149866
p3,A,500,0,0,h05,3483914507240149866
p3,B,441,59,0,h05,3483914507240149866
p3,C,38,74,388,h05,3483914507240149866
p3,Non-ROH,500,0,0,h05,3483914507240149866
p1,A,500,0,0,h05,3508644083957044848
p1,B,207,281,12,h05,3508644083957044848
p1,C,57,74,369,h05,3508644083957044848
p1,Non-ROH,500,0,0,h05,3508644083957044848
p2,A,500,0,0,h05,3508644083957044848
p2,B,377,123,0,h05,3508644083957044848
p2,C,39,78,383,h05,3508644083957044848
p2,Non-ROH,500,0,0,h05,3508644083957044848
p3,A,500,0,0,h05,3508644083957044848
p3,B,440,60,0,h05,3508644083957044848
p3,C,35,100,365,h05,3508644083957044848
p3,Non-ROH,500,0,0,h05,3508644083957044848
p1,A,499,1,0,h05,3516512626352426233
p1,B,232,253,15,h05,3516512626352426233
p1,C,57,78,365,h05,3516512626352426233
p1,Non-ROH,500,0,0,h05,3516512626352426233
p2,A,500,0,0,h05,3516512626352426233
p2,B,409,91,0,h05,3516512626352426233
p2,C,37,82,381,h05,3516512626352426233
p2,Non-ROH,500,0,0,h05,3516512626352426233
p3,A,500,0,0,h05,3516512626352426233
p3,B,449,51,0,h05,3516512626352426233
p3,C,43,132,325,h05,3516512626352426233
p3,Non-ROH,500,0,0,h05,3516512626352426233
p1,A,499,1,0,h05,3528402505503618290
p1,B,235,253,12,h05,3528402505503618290
p1,C,64,63,373,h05,3528402505503618290
p1,Non-ROH,500,0,0,h05,3528402505503618290
p2,A,500,0,0,h05,3528402505503618290
p2,B,416,84,0,h05,3528402505503618290
p2,C,43,81,376,h05,3528402505503618290
p2,Non-ROH,500,0,0,h05,3528402505503618290
p3,A,500,0,0,h05,3528402505503618290
p3,B,460,40,0,h05,3528402505503618290
p3,C,59,93,348,h05,3528402505503618290
p3,Non-ROH,500,0,0,h05,3528402505503618290
p1,A,499,1,0,h05,3540262657286518291
p1,B,179,294,27,h05,3540262657286518291
p1,C,46,84,370,h05,3540262657286518291
p1,Non-ROH,500,0,0,h05,3540262657286518291
p2,A,500,0,0,h05,3540262657286518291
p2,B,362,138,0,h05,3540262657286518291
p2,C,37,159,304,h05,3540262657286518291
p2,Non-ROH,500,0,0,h05,3540262657286518291
p3,A,500,0,0,h05,3540262657286518291
p3,B,441,59,0,h05,3540262657286518291
p3,C,33,110,357,h05,3540262657286518291
p3,Non-ROH,500,0,0,h05,3540262657286518291
p1,A,500,0,0,h05,3540456257748157535
p1,B,277,216,7,h05,3540456257748157535
p1,C,73,71,356,h05,3540456257748157535
p1,Non-ROH,500,0,0,h05,3540456257748157535
p2,A,500,0,0,h05,3540456257748157535
p2,B,438,62,0,h05,3540456257748157535
p2,C,76,130,294,h05,3540456257748157535
p2,Non-ROH,500,0,0,h05,3540456257748157535
p3,A,500,0,0,h05,3540456257748157535
p3,B,474,26,0,h05,3540456257748157535
p3,C,46,87,367,h05,3540456257748157535
p3,Non-ROH,500,0,0,h05,3540456257748157535
p1,A,500,0,0,h05,3544710007468744904
p1,B,262,226,12,h05,3544710007468744904
p1,C,68,71,361,h05,3544710007468744904
p1,Non-ROH,500,0,0,h05,3544710007468744904
p2,A,500,0,0,h05,3544710007468744904
p2,B,425,75,0,h05,3544710007468744904
p2,C,53,82,365,h05,3544710007468744904
p2,Non-ROH,500,0,0,h05,3544710007468744904
p3,A,500,0,0,h05,3544710007468744904
p3,B,441,59,0,h05,3544710007468744904
p3,C,52,94,354,h05,3544710007468744904
p3,Non-ROH,500,0,0,h05,3544710007468744904
p1,A,500,0,0,h05,3551272699908572124
p1,B,249,240,11,h05,3551272699908572124
p1,C,66,68,366,h05,3551272699908572124
p1,Non-ROH,500,0,0,h05,3551272699908572124
p2,A,500,0,0,h05,3551272699908572124
p2,B,446,54,0,h05,3551272699908572124
p2,C,46,84,370,h05,3551272699908572124
p2,Non-ROH,500,0,0,h05,3551272699908572124
p3,A,500,0,0,h05,3551272699908572124
p3,B,473,27,0,h05,3551272699908572124
p3,C,49,84,367,h05,3551272699908572124
p3,Non-ROH,500,0,0,h05,3551272699908572124
p1,A,500,0,0,h05,3591561836621665688
p1,B,188,297,15,h05,3591561836621665688
p1,C,47,85,368,h05,3591561836621665688
p1,Non-ROH,500,0,0,h05,3591561836621665688
p2,A,500,0,0,h05,3591561836621665688
p2,B,351,149,0,h05,3591561836621665688
p2,C,23,132,345,h05,3591561836621665688
p2,Non-ROH,500,0,0,h05,3591561836621665688
p3,A,500,0,0,h05,3591561836621665688
p3,B,428,72,0,h05,3591561836621665688
p3,C,27,132,341,h05,3591561836621665688
p3,Non-ROH,500,0,0,h05,3591561836621665688
p1,A,500,0,0,h05,3600462931228260834
p1,B,233,252,15,h05,3600462931228260834
p1,C,58,71,371,h05,3600462931228260834
p1,Non-ROH,500,0,0,h05,3600462931228260834
p2,A,500,0,0,h05,3600462931228260834
p2,B,421,79,0,h05,3600462931228260834
p2,C,34,127,339,h05,3600462931228260834
p2,Non-ROH,500,0,0,h05,3600462931228260834
p3,A,500,0,0,h05,3600462931228260834
p3,B,454,46,0,h05,3600462931228260834
p3,C,28,134,338,h05,3600462931228260834
p3,Non-ROH,500,0,0,h05,3600462931228260834
p1,A,500,0,0,h05,3628011086725781549
p1,B,273,211,16,h05,3628011086725781549
p1,C,47,95,358,h05,3628011086725781549
p1,Non-ROH,500,0,0,h05,3628011086725781549
p2,A,500,0,0,h05,3628011086725781549
p2,B,435,65,0,h05,3628011086725781549
p2,C,40,87,373,h05,3628011086725781549
p2,Non-ROH,500,0,0,h05,3628011086725781549
p3,A,500,0,0,h05,3628011086725781549
p3,B,465,35,0,h05,3628011086725781549
p3,C,38,106,356,h05,3628011086725781549
p3,Non-ROH,500,0,0,h05,3628011086725781549
p1,A,499,1,0,h05,366504081612037806
p1,B,214,277,9,h05,366504081612037806
p1,C,54,57,389,h05,366504081612037806
p1,Non-ROH,500,0,0,h05,366504081612037806
p2,A,500,0,0,h05,366504081612037806
p2,B,407,93,0,h05,366504081612037806
p2,C,51,125,324,h05,366504081612037806
p2,Non-ROH,500,0,0,h05,366504081612037806
p3,A,500,0,0,h05,366504081612037806
p3,B,448,52,0,h05,366504081612037806
p3,C,38,96,366,h05,366504081612037806
p3,Non-ROH,500,0,0,h05,366504081612037806
p1,A,497,3,0,h05,3683354837660023714
p1,B,224,263,13,h05,3683354837660023714
p1,C,49,81,370,h05,3683354837660023714
p1,Non-ROH,500,0,0,h05,3683354837660023714
p2,A,500,0,0,h05,3683354837660023714
p2,B,379,121,0,h05,3683354837660023714
p2,C,37,87,376,h05,3683354837660023714
p2,Non-ROH,500,0,0,h05,3683354837660023714
p3,A,500,0,0,h05,3683354837660023714
p3,B,441,59,0,h05,3683354837660023714
p3,C,47,78,375,h05,3683354837660023714
p3,Non-ROH,500,0,0,h05,3683354837660023714
p1,A,499,1,0,h05,3697800141377835930
p1,B,263,227,10,h05,3697800141377835930
p1,C,66,50,384,h05,3697800141377835930
p1,Non-ROH,500,0,0,h05,3697800141377835930
p2,A,500,0,0,h05,3697800141377835930
p2,B,432,68,0,h05,3697800141377835930
p2,C,41,106,353,h05,3697800141377835930
p2,Non-ROH,500,0,0,h05,3697800141377835930
p3,A,500,0,0,h05,3697800141377835930
p3,B,465,35,0,h05,3697800141377835930
p3,C,46,85,369,h05,3697800141377835930
p3,Non-ROH,500,0,0,h05,3697800141377835930
p1,A,499,1,0,h05,3728243172029813616
p1,B,247,240,13,h05,3728243172029813616
p1,C,51,71,378,h05,3728243172029813616
p1,Non-ROH,500,0,0,h05,3728243172029813616
p2,A,500,0,0,h05,3728243172029813616
p2,B,413,87,0,h05,3728243172029813616
p2,C,39,132,329,h05,3728243172029813616
p2,Non-ROH,500,0,0,h05,3728243172029813616
p3,A,500,0,0,h05,3728243172029813616
p3,B,472,28,0,h05,3728243172029813616
p3,C,34,105,361,h05,3728243172029813616
p3,Non-ROH,500,0,0,h05,3728243172029813616
p1,A,497,3,0,h05,374255776926745252
p1,B,200,290,10,h05,374255776926745252
p1,C,58,77,365,h05,374255776926745252
p1,Non-ROH,500,0,0,h05,374255776926745252
p2,A,500,0,0,h05,374255776926745252
p2,B,357,143,0,h05,374255776926745252
p2,C,35,56,409,h05,374255776926745252
p2,Non-ROH,500,0,0,h05,374255776926745252
p3,A,500,0,0,h05,374255776926745252
p3,B,427,73,0,h05,374255776926745252
p3,C,37,166,297,h05,374255776926745252
p3,Non-ROH,500,0,0,h05,374255776926745252
p1,A,500,0,0,h05,3742697547847462045
p1,B,202,277,21,h05,3742697547847462045
p1,C,57,78,365,h05,3742697547847462045
p1,Non-ROH,500,0,0,h05,3742697547847462045
p2,A,500,0,0,h05,3742697547847462045
p2,B,364,136,0,h05,3742697547847462045
p2,C,35,109,356,h05,3742697547847462045
p2,Non-ROH,500,0,0,h05,3742697547847462045
p3,A,500,0,0,h05,3742697547847462045
p3,B,435,65,0,h05,3742697547847462045
p3,C,44,83,373,h05,3742697547847462045
p3,Non-ROH,500,0,0,h05,3742697547847462045
p1,A,498,2,0,h05,3815688738649623074
p1,B,233,259,8,h05,3815688738649623074
p1,C,55,64,381,h05,3815688738649623074
p1,Non-ROH,500,0,0,h05,3815688738649623074
p2,A,500,0,0,h05,3815688738649623074
p2,B,412,88,0,h05,3815688738649623074
p2,C,57,72,371,h05,3815688738649623074
p2,Non-ROH,500,0,0,h05,3815688738649623074
p3,A,500,0,0,h05,3815688738649623074
p3,B,455,45,0,h05,3815688738649623074
p3,C,56,81,363,h05,3815688738649623074
p3,Non-ROH,500,0,0,h05,3815688738649623074
p1,A,498,2,0,h05,382052450610395805
p1,B,229,249,22,h05,382052450610395805
p1,C,54,74,372,h05,382052450610395805
p1,Non-ROH,500,0,0,h05,382052450610395805
p2,A,500,0,0,h05,382052450610395805
p2,B,427,73,0,h05,382052450610395805
p2,C,39,88,373,h05,382052450610395805
p2,Non-ROH,500,0,0,h05,382052450610395805
p3,A,500,0,0,h05,382052450610395805
p3,B,456,44,0,h05,382052450610395805
p3,C,43,81,376,h05,382052450610395805
p3,Non-ROH,500,0,0,h05,382052450610395805
p1,A,498,2,0,h05,383812516780300523
p1,B,209,280,11,h05,383812516780300523
p1,C,53,87,360,h05,383812516780300523
p1,Non-ROH,500,0,0,h05,383812516780300523
p2,A,500,0,0,h05,383812516780300523
p2,B,370,129,1,h05,383812516780300523
p2,C,34,65,401,h05,383812516780300523
p2,Non-ROH,500,0,0,h05,383812516780300523
p3,A,500,0,0,h05,383812516780300523
p3,B,405,95,0,h05,383812516780300523
p3,C,45,114,341,h05,383812516780300523
p3,Non-ROH,500,0,0,h05,383812516780300523
p1,A,500,0,0,h05,3855555172309214120
p1,B,240,244,16,h05,3855555172309214120
p1,C,48,73,379,h05,3855555172309214120
p1,Non-ROH,500,0,0,h05,3855555172309214120
p2,A,500,0,0,h05,3855555172309214120
p2,B,428,72,0,h05,3855555172309214120
p2,C,39,122,339,h05,3855555172309214120
p2,Non-ROH,500,0,0,h05,3855555172309214120
p3,A,500,0,0,h05,3855555172309214120
p3,B,478,22,0,h05,3855555172309214120
p3,C,36,77,387,h05,3855555172309214120
p3,Non-ROH,500,0,0,h05,3855555172309214120
p1,A,498,2,0,h05,3862019942008193973
p1,B,208,278,14,h05,3862019942008193973
p1,C,59,66,375,h05,3862019942008193973
p1,Non-ROH,500,0,0,h05,3862019942008193973
p2,A,500,0,0,h05,3862019942008193973
p2,B,384,116,0,h05,3862019942008193973
p2,C,39,78,383,h05,3862019942008193973
p2,Non-ROH,500,0,0,h05,3862019942008193973
p3,A,500,0,0,h05,3862019942008193973
p3,B,451,49,0,h05,3862019942008193973
p3,C,41,136,323,h05,3862019942008193973
p3,Non-ROH,500,0,0,h05,3862019942008193973
p1,A,499,1,0,h05,3907362529183351269
p1,B,189,303,8,h05,3907362529183351269
p1,C,48,61,391,h05,3907362529183351269
p1,Non-ROH,500,0,0,h05,3907362529183351269
p2,A,500,0,0,h05,3907362529183351269
p2,B,359,141,0,h05,3907362529183351269
p2,C,35,84,381,h05,3907362529183351269
p2,Non-ROH,500,0,0,h05,3907362529183351269
p3,A,500,0,0,h05,3907362529183351269
p3,B,413,87,0,h05,3907362529183351269
p3,C,35,104,361,h05,3907362529183351269
p3,Non-ROH,500,0,0,h05,3907362529183351269
p1,A,500,0,0,h05,3921468097767567940
p1,B,244,243,13,h05,3921468097767567940
p1,C,48,53,399,h05,3921468097767567940
p1,Non-ROH,500,0,0,h05,3921468097767567940
p2,A,500,0,0,h05,3921468097767567940
p2,B,423,77,0,h05,3921468097767567940
p2,C,37,105,358,h05,3921468097767567940
p2,Non-ROH,500,0,0,h05,3921468097767567940
p3,A,500,0,0,h05,3921468097767567940
p3,B,448,52,0,h05,3921468097767567940
p3,C,51,124,325,h05,3921468097767567940
p3,Non-ROH,500,0,0,h05,3921468097767567940
p1,A,500,0,0,h05,3922945914693752804
p1,B,246,242,12,h05,3922945914693752804
p1,C,63,64,373,h05,3922945914693752804
p1,Non-ROH,500,0,0,h05,3922945914693752804
p2,A,500,0,0,h05,3922945914693752804
p2,B,404,96,0,h05,3922945914693752804
p2,C,45,100,355,h05,3922945914693752804
p2,Non-ROH,500,0,0,h05,3922945914693752804
p3,A,500,0,0,h05,3922945914693752804
p3,B,463,37,0,h05,3922945914693752804
p3,C,53,91,356,h05,3922945914693752804
p3,Non-ROH,500,0,0,h05,3922945914693752804
p1,A,500,0,0,h05,4021405358324808277
p1,B,228,261,11,h05,4021405358324808277
p1,C,61,89,350,h05,4021405358324808277
p1,Non-ROH,500,0,0,h05,4021405358324808277
p2,A,500,0,0,h05,4021405358324808277
p2,B,428,72,0,h05,4021405358324808277
p2,C,29,137,334,h05,4021405358324808277
p2,Non-ROH,500,0,0,h05,4021405358324808277
p3,A,500,0,0,h05,4021405358324808277
p3,B,462,38,0,h05,4021405358324808277
p3,C,40,114,346,h05,4021405358324808277
p3,Non-ROH,500,0,0,h05,4021405358324808277
p1,A,500,0,0,h05,4023023869728563480
p1,B,213,273,14,h05,4023023869728563480
p1,C,41,87,372,h05,4023023869728563480
p1,Non-ROH,500,0,0,h05,4023023869728563480
p2,A,500,0,0,h05,4023023869728563480
p2,B,418,82,0,h05,4023023869728563480
p2,C,34,92,374,h05,4023023869728563480
p2,Non-ROH,500,0,0,h05,4023023869728563480
p3,A,500,0,0,h05,4023023869728563480
p3,B,426,74,0,h05,4023023869728563480
p3,C,29,134,337,h05,4023023869728563480
p3,Non-ROH,500,0,0,h05,4023023869728563480
p1,A,500,0,0,h05,4024473645260195300
p1,B,191,292,17,h05,4024473645260195300
p1,C,39,93,368,h05,4024473645260195300
p1,Non-ROH,500,0,0,h05,4024473645260195300
p2,A,500,0,0,h05,4024473645260195300
p2,B,406,94,0,h05,4024473645260195300
p2,C,37,126,337,h05,4024473645260195300
p2,Non-ROH,500,0,0,h05,4024473645260195300
p3,A,500,0,0,h05,4024473645260195300
p3,B,445,55,0,h05,4024473645260195300
p3,C,39,107,354,h05,4024473645260195300
p3,Non-ROH,500,0,0,h05,4024473645260195300
p1,A,498,2,0,h05,403757262444406996
p1,B,208,280,12,h05,403757262444406996
p1,C,61,69,370,h05,403757262444406996
p1,Non-ROH,500,0,0,h05,403757262444406996
p2,A,500,0,0,h05,403757262444406996
p2,B,389,111,0,h05,403757262444406996
p2,C,45,145,310,h05,403757262444406996
p2,Non-ROH,500,0,0,h05,403757262444406996
p3,A,500,0,0,h05,403757262444406996
p3,B,433,67,0,h05,403757262444406996
p3,C,47,60,393,h05,403757262444406996
p3,Non-ROH,500,0,0,h05,403757262444406996
p1,A,500,0,0,h05,4071624422373318317
p1,B,191,288,21,h05,4071624422373318317
p1,C,41,70,389,h05,4071624422373318317
p1,Non-ROH,500,0,0,h05,4071624422373318317
p2,A,500,0,0,h05,4071624422373318317
p2,B,352,148,0,h05,4071624422373318317
p2,C,27,85,388,h05,4071624422373318317
p2,Non-ROH,500,0,0,h05,4071624422373318317
p3,A,500,0,0,h05,4071624422373318317
p3,B,443,57,0,h05,4071624422373318317
p3,C,38,94,368,h05,4071624422373318317
p3,Non-ROH,500,0,0,h05,4071624422373318317
p1,A,500,0,0,h05,4107426017595271929
p1,B,203,273,24,h05,4107426017595271929
p1,C,53,73,374,h05,4107426017595271929
p1,Non-ROH,500,0,0,h05,4107426017595271929
p2,A,500,0,0,h05,4107426017595271929
p2,B,395,105,0,h05,4107426017595271929
p2,C,42,135,323,h05,4107426017595271929
p2,Non-ROH,500,0,0,h05,4107426017595271929
p3,A,500,0,0,h05,4107426017595271929
p3,B,449,51,0,h05,4107426017595271929
p3,C,42,106,352,h05,4107426017595271929
p3,Non-ROH,500,0,0,h05,4107426017595271929
p1,A,500,0,0,h05,4151196931492531905
p1,B,187,300,13,h05,4151196931492531905
p1,C,54,79,367,h05,4151196931492531905
p1,Non-ROH,500,0,0,h05,4151196931492531905
p2,A,500,0,0,h05,4151196931492531905
p2,B,394,106,0,h05,4151196931492531905
p2,C,44,71,385,h05,4151196931492531905
p2,Non-ROH,500,0,0,h05,4151196931492531905
p3,A,500,0,0,h05,4151196931492531905
p3,B,448,52,0,h05,4151196931492531905
p3,C,44,78,378,h05,4151196931492531905
p3,Non-ROH,500,0,0,h05,4151196931492531905
p1,A,500,0,0,h05,415509680525057690
p1,B,234,253,13,h05,415509680525057690
p1,C,68,72,360,h05,415509680525057690
p1,Non-ROH,500,0,0,h05,415509680525057690
p2,A,500,0,0,h05,415509680525057690
p2,B,427,73,0,h05,415509680525057690
p2,C,49,92,359,h05,415509680525057690
p2,Non-ROH,500,0,0,h05,415509680525057690
p3,A,500,0,0,h05,415509680525057690
p3,B,463,37,0,h05,415509680525057690
p3,C,47,67,386,h05,415509680525057690
p3,Non-ROH,500,0,0,h05,415509680525057690
p1,A,498,2,0,h05,4199866318404237823
p1,B,185,300,15,h05,4199866318404237823
p1,C,58,69,373,h05,4199866318404237823
p1,Non-ROH,500,0,0,h05,4199866318404237823
p2,A,500,0,0,h05,4199866318404237823
p2,B,373,127,0,h05,4199866318404237823
p2,C,26,110,364,h05,4199866318404237823
p2,Non-ROH,500,0,0,h05,4199866318404237823
p3,A,500,0,0,h05,4199866318404237823
p3,B,448,52,0,h05,4199866318404237823
p3,C,47,137,316,h05,4199866318404237823
p3,Non-ROH,500,0,0,h05,4199866318404237823
p1,A,500,0,0,h05,4217258082257466843
p1,B,214,270,16,h05,4217258082257466843
p1,C,61,60,379,h05,4217258082257466843
p1,Non-ROH,500,0,0,h05,4217258082257466843
p2,A,500,0,0,h05,4217258082257466843
p2,B,367,133,0,h05,4217258082257466843
p2,C,45,110,345,h05,4217258082257466843
p2,Non-ROH,500,0,0,h05,4217258082257466843
p3,A,500,0,0,h05,4217258082257466843
p3,B,430,70,0,h05,4217258082257466843
p3,C,31,82,387,h05,4217258082257466843
p3,Non-ROH,500,0,0,h05,4217258082257466843
p1,A,499,1,0,h05,4243639856503260845
p1,B,225,262,13,h05,4243639856503260845
p1,C,60,69,371,h05,4243639856503260845
p1,Non-ROH,500,0,0,h05,4243639856503260845
p2,A,500,0,0,h05,4243639856503260845
p2,B,394,106,0,h05,4243639856503260845
p2,C,27,79,394,h05,4243639856503260845
p2,Non-ROH,500,0,0,h05,4243639856503260845
p3,A,500,0,0,h05,4243639856503260845
p3,B,460,40,0,h05,4243639856503260845
p3,C,30,103,367,h05,4243639856503260845
p3,Non-ROH,500,0,0,h05,4243639856503260845
p1,A,499,1,0,h05,4269184530108768655
p1,B,229,259,12,h05,4269184530108768655
p1,C,52,67,381,h05,4269184530108768655
p1,Non-ROH,500,0,0,h05,4269184530108768655
p2,A,500,0,0,h05,4269184530108768655
p2,B,407,93,0,h05,4269184530108768655
p2,C,40,96,364,h05,4269184530108768655
p2,Non-ROH,500,0,0,h05,4269184530108768655
p3,A,500,0,0,h05,4269184530108768655
p3,B,455,45,0,h05,4269184530108768655
p3,C,53,89,358,h05,4269184530108768655
p3,Non-ROH,500,0,0,h05,4269184530108768655
p1,A,500,0,0,h05,4274219321748408892
p1,B,246,232,22,h05,4274219321748408892
p1,C,51,93,356,h05,4274219321748408892
p1,Non-ROH,500,0,0,h05,4274219321748408892
p2,A,500,0,0,h05,4274219321748408892
p2,B,416,84,0,h05,4274219321748408892
p2,C,49,117,334,h05,4274219321748408892
p2,Non-ROH,500,0,0,h05,4274219321748408892
p3,A,500,0,0,h05,4274219321748408892
p3,B,453,47,0,h05,4274219321748408892
p3,C,46,107,347,h05,4274219321748408892
p3,Non-ROH,500,0,0,h05,4274219321748408892
p1,A,500,0,0,h05,4276586841675123098
p1,B,237,247,16,h05,4276586841675123098
p1,C,83,66,351,h05,4276586841675123098
p1,Non-ROH,500,0,0,h05,4276586841675123098
p2,A,500,0,0,h05,4276586841675123098
p2,B,417,83,0,h05,4276586841675123098
p2,C,59,55,386,h05,4276586841675123098
p2,Non-ROH,500,0,0,h05,4276586841675123098
p3,A,500,0,0,h05,4276586841675123098
p3,B,446,54,0,h05,4276586841675123098
p3,C,81,72,347,h05,4276586841675123098
p3,Non-ROH,500,0,0,h05,4276586841675123098
p1,A,500,0,0,h05,4315457210739725962
p1,B,271,213,16,h05,4315457210739725962
p1,C,50,60,390,h05,4315457210739725962
p1,Non-ROH,500,0,0,h05,4315457210739725962
p2,A,500,0,0,h05,4315457210739725962
p2,B,436,64,0,h05,4315457210739725962
p2,C,50,82,368,h05,4315457210739725962
p2,Non-ROH,500,0,0,h05,4315457210739725962
p3,A,500,0,0,h05,4315457210739725962
p3,B,460,40,0,h05,4315457210739725962
p3,C,54,180,266,h05,4315457210739725962
p3,Non-ROH,500,0,0,h05,4315457210739725962
p1,A,500,0,0,h05,4316845743002647991
p1,B,277,209,14,h05,4316845743002647991
p1,C,62,86,352,h05,4316845743002647991
p1,Non-ROH,500,0,0,h05,4316845743002647991
p2,A,500,0,0,h05,4316845743002647991
p2,B,454,46,0,h05,4316845743002647991
p2,C,39,73,388,h05,4316845743002647991
p2,Non-ROH,500,0,0,h05,4316845743002647991
p3,A,500,0,0,h05,4316845743002647991
p3,B,464,36,0,h05,4316845743002647991
p3,C,42,98,360,h05,4316845743002647991
p3,Non-ROH,500,0,0,h05,4316845743002647991
p1,A,499,1,0,h05,4343855387814708950
p1,B,216,268,16,h05,4343855387814708950
p1,C,59,63,378,h05,4343855387814708950
p1,Non-ROH,500,0,0,h05,4343855387814708950
p2,A,500,0,0,h05,4343855387814708950
p2,B,402,98,0,h05,4343855387814708950
p2,C,29,105,366,h05,4343855387814708950
p2,Non-ROH,500,0,0,h05,4343855387814708950
p3,A,500,0,0,h05,4343855387814708950
p3,B,463,37,0,h05,4343855387814708950
p3,C,28,118,354,h05,4343855387814708950
p3,Non-ROH,500,0,0,h05,4343855387814708950
p1,A,499,1,0,h05,4403479374755923533
p1,B,257,224,19,h05,4403479374755923533
p1,C,50,75,375,h05,4403479374755923533
p1,Non-ROH,500,0,0,h05,4403479374755923533
p2,A,500,0,0,h05,4403479374755923533
p2,B,438,62,0,h05,4403479374755923533
p2,C,49,94,357,h05,4403479374755923533
p2,Non-ROH,500,0,0,h05,4403479374755923533
p3,A,500,0,0,h05,4403479374755923533
p3,B,461,39,0,h05,4403479374755923533
p3,C,43,90,367,h05,4403479374755923533
p3,Non-ROH,500,0,0,h05,4403479374755923533
p1,A,498,2,0,h05,4406719065744804837
p1,B,221,255,24,h05,4406719065744804837
p1,C,68,61,371,h05,4406719065744804837
p1,Non-ROH,500,0,0,h05,4406719065744804837
p2,A,500,0,0,h05,4406719065744804837
p2,B,428,72,0,h05,4406719065744804837
p2,C,40,154,306,h05,4406719065744804837
p2,Non-ROH,500,0,0,h05,4406719065744804837
p3,A,500,0,0,h05,4406719065744804837
p3,B,453,47,0,h05,4406719065744804837
p3,C,28,74,398,h05,4406719065744804837
p3,Non-ROH,500,0,0,h05,4406719065744804837
p1,A,500,0,0,h05,4477183177417822048
p1,B,222,264,14,h05,4477183177417822048
p1,C,55,83,362,h05,4477183177417822048
p1,Non-ROH,500,0,0,h05,4477183177417822048
p2,A,500,0,0,h05,4477183177417822048
p2,B,421,79,0,h05,4477183177417822048
p2,C,34,172,294,h05,4477183177417822048
p2,Non-ROH,500,0,0,h05,4477183177417822048
p3,A,500,0,0,h05,4477183177417822048
p3,B,448,52,0,h05,4477183177417822048
p3,C,34,101,365,h05,4477183177417822048
p3,Non-ROH,500,0,0,h05,4477183177417822048
p1,A,500,0,0,h05,4479200413237549825
p1,B,244,240,16,h05,4479200413237549825
p1,C,56,93,351,h05,4479200413237549825
p1,Non-ROH,500,0,0,h05,4479200413237549825
p2,A,500,0,0,h05,4479200413237549825
p2,B,402,98,0,h05,4479200413237549825
p2,C,34,70,396,h05,4479200413237549825
p2,Non-ROH,500,0,0,h05,4479200413237549825
p3,A,500,0,0,h05,4479200413237549825
p3,B,462,38,0,h05,4479200413237549825
p3,C,32,222,246,h05,4479200413237549825
p3,Non-ROH,500,0,0,h05,4479200413237549825
p1,A,500,0,0,h05,4490163956328203052
p1,B,251,236,13,h05,4490163956328203052
p1,C,47,92,361,h05,4490163956328203052
p1,Non-ROH,500,0,0,h05,4490163956328203052
p2,A,500,0,0,h05,4490163956328203052
p2,B,422,78,0,h05,4490163956328203052
p2,C,42,71,387,h05,4490163956328203052
p2,Non-ROH,500,0,0,h05,4490163956328203052
p3,A,500,0,0,h05,4490163956328203052
p3,B,474,26,0,h05,4490163956328203052
p3,C,38,151,311,h05,4490163956328203052
p3,Non-ROH,500,0,0,h05,4490163956328203052
p1,A,500,0,0,h05,4514138950989720371
p1,B,191,292,17,h05,4514138950989720371
p1,C,43,80,377,h05,4514138950989720371
p1,Non-ROH,500,0,0,h05,4514138950989720371
p2,A,500,0,0,h05,4514138950989720371
p2,B,412,88,0,h05,4514138950989720371
p2,C,40,77,383,h05,4514138950989720371
p2,Non-ROH,500,0,0,h05,4514138950989720371
p3,A,500,0,0,h05,4514138950989720371
p3,B,443,57,0,h05,4514138950989720371
p3,C,47,132,321,h05,4514138950989720371
p3,Non-ROH,500,0,0,h05,4514138950989720371
p1,A,500,0,0,h05,4518586242242537823
p1,B,211,271,18,h05,4518586242242537823
p1,C,59,75,366,h05,4518586242242537823
p1,Non-ROH,500,0,0,h05,4518586242242537823
p2,A,500,0,0,h05,4518586242242537823
p2,B,379,121,0,h05,4518586242242537823
p2,C,46,94,360,h05,4518586242242537823
p2,Non-ROH,500,0,0,h05,4518586242242537823
p3,A,500,0,0,h05,4518586242242537823
p3,B,449,51,0,h05,4518586242242537823
p3,C,44,184,272,h05,4518586242242537823
p3,Non-ROH,500,0,0,h05,4518586242242537823
p1,A,499,1,0,h05,4543630476713318513
p1,B,218,263,19,h05,4543630476713318513
p1,C,44,85,371,h05,4543630476713318513
p1,Non-ROH,500,0,0,h05,4543630476713318513
p2,A,500,0,0,h05,4543630476713318513
p2,B,398,102,0,h05,4543630476713318513
p2,C,45,86,369,h05,4543630476713318513
p2,Non-ROH,500,0,0,h05,4543630476713318513
p3,A,500,0,0,h05,4543630476713318513
p3,B,462,38,0,h05,4543630476713318513
p3,C,38,104,358,h05,4543630476713318513
p3,Non-ROH,500,0,0,h05,4543630476713318513
p1,A,499,1,0,h05,4640263965897753022
p1,B,217,269,14,h05,4640263965897753022
p1,C,51,72,377,h05,4640263965897753022
p1,Non-ROH,500,0,0,h05,4640263965897753022
p2,A,500,0,0,h05,4640263965897753022
p2,B,396,104,0,h05,4640263965897753022
p2,C,44,72,384,h05,4640263965897753022
p2,Non-ROH,500,0,0,h05,4640263965897753022
p3,A,500,0,0,h05,4640263965897753022
p3,B,457,43,0,h05,4640263965897753022
p3,C,49,71,380,h05,4640263965897753022
p3,Non-ROH,500,0,0,h05,4640263965897753022
p1,A,498,2,0,h05,4641652776492766432
p1,B,216,272,12,h05,4641652776492766432
p1,C,47,76,377,h05,4641652776492766432
p1,Non-ROH,500,0,0,h05,4641652776492766432
p2,A,500,0,0,h05,4641652776492766432
p2,B,392,108,0,h05,4641652776492766432
p2,C,31,85,384,h05,4641652776492766432
p2,Non-ROH,500,0,0,h05,4641652776492766432
p3,A,500,0,0,h05,4641652776492766432
p3,B,448,52,0,h05,4641652776492766432
p3,C,41,112,347,h05,4641652776492766432
p3,Non-ROH,500,0,0,h05,4641652776492766432
p1,A,500,0,0,h05,4642251915054137583
p1,B,242,248,10,h05,4642251915054137583
p1,C,59,83,358,h05,4642251915054137583
p1,Non-ROH,500,0,0,h05,4642251915054137583
p2,A,500,0,0,h05,4642251915054137583
p2,B,439,61,0,h05,4642251915054137583
p2,C,50,92,358,h05,4642251915054137583
p2,Non-ROH,500,0,0,h05,4642251915054137583
p3,A,500,0,0,h05,4642251915054137583
p3,B,446,54,0,h05,4642251915054137583
p3,C,39,101,360,h05,4642251915054137583
p3,Non-ROH,500,0,0,h05,4642251915054137583
p1,A,500,0,0,h05,4649062185974838267
p1,B,251,239,10,h05,4649062185974838267
p1,C,50,81,369,h05,4649062185974838267
p1,Non-ROH,500,0,0,h05,4649062185974838267
p2,A,500,0,0,h05,4649062185974838267
p2,B,418,82,0,h05,4649062185974838267
p2,C,40,137,323,h05,4649062185974838267
p2,Non-ROH,500,0,0,h05,4649062185974838267
p3,A,500,0,0,h05,4649062185974838267
p3,B,452,48,0,h05,4649062185974838267
p3,C,30,140,330,h05,4649062185974838267
p3,Non-ROH,500,0,0,h05,4649062185974838267
p1,A,500,0,0,h05,4659632312080209380
p1,B,205,276,19,h05,4659632312080209380
p1,C,56,69,375,h05,4659632312080209380
p1,Non-ROH,500,0,0,h05,4659632312080209380
p2,A,500,0,0,h05,4659632312080209380
p2,B,401,99,0,h05,4659632312080209380
p2,C,36,97,367,h05,4659632312080209380
p2,Non-ROH,500,0,0,h05,4659632312080209380
p3,A,500,0,0,h05,4659632312080209380
p3,B,445,55,0,h05,4659632312080209380
p3,C,29,127,344,h05,4659632312080209380
p3,Non-ROH,500,0,0,h05,4659632312080209380
p1,A,499,1,0,h05,4659844892738446005
p1,B,257,226,17,h05,4659844892738446005
p1,C,45,69,386,h05,4659844892738446005
p1,Non-ROH,500,0,0,h05,4659844892738446005
p2,A,500,0,0,h05,4659844892738446005
p2,B,416,84,0,h05,4659844892738446005
p2,C,41,82,377,h05,4659844892738446005
p2,Non-ROH,500,0,0,h05,4659844892738446005
p3,A,500,0,0,h05,4659844892738446005
p3,B,448,52,0,h05,4659844892738446005
p3,C,31,119,350,h05,4659844892738446005
p3,Non-ROH,500,0,0,h05,4659844892738446005
p1,A,500,0,0,h05,4672388265675621449
p1,B,196,288,16,h05,4672388265675621449
p1,C,45,79,376,h05,4672388265675621449
p1,Non-ROH,500,0,0,h05,4672388265675621449
p2,A,500,0,0,h05,4672388265675621449
p2,B,372,127,1,h05,4672388265675621449
p2,C,33,102,365,h05,4672388265675621449
p2,Non-ROH,500,0,0,h05,4672388265675621449
p3,A,500,0,0,h05,4672388265675621449
p3,B,426,74,0,h05,4672388265675621449
p3,C,38,139,323,h05,4672388265675621449
p3,Non-ROH,500,0,0,h05,4672388265675621449
p1,A,499,1,0,h05,46776481903394413
p1,B,233,254,13,h05,46776481903394413
p1,C,62,71,367,h05,46776481903394413
p1,Non-ROH,500,0,0,h05,46776481903394413
p2,A,500,0,0,h05,46776481903394413
p2,B,420,80,0,h05,46776481903394413
p2,C,38,74,388,h05,46776481903394413
p2,Non-ROH,500,0,0,h05,46776481903394413
p3,A,500,0,0,h05,46776481903394413
p3,B,450,50,0,h05,46776481903394413
p3,C,49,86,365,h05,46776481903394413
p3,Non-ROH,500,0,0,h05,46776481903394413
p1,A,497,3,0,h05,4701581933444510068
p1,B,213,274,13,h05,4701581933444510068
p1,C,61,64,375,h05,4701581933444510068
p1,Non-ROH,500,0,0,h05,4701581933444510068
p2,A,500,0,0,h05,4701581933444510068
p2,B,337,163,0,h05,4701581933444510068
p2,C,32,84,384,h05,4701581933444510068
p2,Non-ROH,500,0,0,h05,4701581933444510068
p3,A,500,0,0,h05,4701581933444510068
p3,B,405,95,0,h05,4701581933444510068
p3,C,44,86,370,h05,4701581933444510068
p3,Non-ROH,500,0,0,h05,4701581933444510068
p1,A,499,1,0,h05,4744928120450129002
p1,B,215,272,13,h05,4744928120450129002
p1,C,67,64,369,h05,4744928120450129002
p1,Non-ROH,500,0,0,h05,4744928120450129002
p2,A,500,0,0,h05,4744928120450129002
p2,B,393,107,0,h05,4744928120450129002
p2,C,48,94,358,h05,4744928120450129002
p2,Non-ROH,500,0,0,h05,4744928120450129002
p3,A,500,0,0,h05,4744928120450129002
p3,B,435,65,0,h05,4744928120450129002
p3,C,40,125,335,h05,4744928120450129002
p3,Non-ROH,500,0,0,h05,4744928120450129002
p1,A,499,1,0,h05,4760341090812991199
p1,B,219,265,16,h05,4760341090812991199
p1,C,56,60,384,h05,4760341090812991199
p1,Non-ROH,500,0,0,h05,4760341090812991199
p2,A,500,0,0,h05,4760341090812991199
p2,B,416,84,0,h05,4760341090812991199
p2,C,51,100,349,h05,4760341090812991199
p2,Non-ROH,500,0,0,h05,4760341090812991199
p3,A,500,0,0,h05,4760341090812991199
p3,B,448,52,0,h05,4760341090812991199
p3,C,72,48,380,h05,4760341090812991199
p3,Non-ROH,500,0,0,h05,4760341090812991199
p1,A,500,0,0,h05,4768151197073274901
p1,B,235,257,8,h05,4768151197073274901
p1,C,52,63,385,h05,4768151197073274901
p1,Non-ROH,500,0,0,h05,4768151197073274901
p2,A,500,0,0,h05,4768151197073274901
p2,B,422,78,0,h05,4768151197073274901
p2,C,49,67,384,h05,4768151197073274901
p2,Non-ROH,500,0,0,h05,4768151197073274901
p3,A,500,0,0,h05,4768151197073274901
p3,B,434,66,0,h05,4768151197073274901
p3,C,42,126,332,h05,4768151197073274901
p3,Non-ROH,500,0,0,h05,4768151197073274901
p1,A,500,0,0,h05,4855135173166218285
p1,B,221,261,18,h05,4855135173166218285
p1,C,54,64,382,h05,4855135173166218285
p1,Non-ROH,500,0,0,h05,4855135173166218285
p2,A,500,0,0,h05,4855135173166218285
p2,B,397,103,0,h05,4855135173166218285
p2,C,27,147,326,h05,4855135173166218285
p2,Non-ROH,500,0,0,h05,4855135173166218285
p3,A,500,0,0,h05,4855135173166218285
p3,B,441,59,0,h05,4855135173166218285
p3,C,27,113,360,h05,4855135173166218285
p3,Non-ROH,500,0,0,h05,4855135173166218285
p1,A,500,0,0,h05,4865973548592476853
p1,B,226,258,16,h05,4865973548592476853
p1,C,58,74,368,h05,4865973548592476853
p1,Non-ROH,500,0,0,h05,4865973548592476853
p2,A,500,0,0,h05,4865973548592476853
p2,B,422,78,0,h05,4865973548592476853
p2,C,48,79,373,h05,4865973548592476853
p2,Non-ROH,500,0,0,h05,4865973548592476853
p3,A,500,0,0,h05,4865973548592476853
p3,B,461,39,0,h05,4865973548592476853
p3,C,28,123,349,h05,4865973548592476853
p3,Non-ROH,500,0,0,h05,4865973548592476853
p1,A,500,0,0,h05,4882316451110667710
p1,B,209,276,15,h05,4882316451110667710
p1,C,70,52,378,h05,4882316451110667710
p1,Non-ROH,500,0,0,h05,4882316451110667710
p2,A,500,0,0,h05,4882316451110667710
p2,B,381,119,0,h05,4882316451110667710
p2,C,116,61,323,h05,4882316451110667710
p2,Non-ROH,500,0,0,h05,4882316451110667710
p3,A,500,0,0,h05,4882316451110667710
p3,B,433,67,0,h05,4882316451110667710
p3,C,129,44,327,h05,4882316451110667710
p3,Non-ROH,500,0,0,h05,4882316451110667710
p1,A,500,0,0,h05,4885587909071073087
p1,B,216,270,14,h05,4885587909071073087
p1,C,56,77,367,h05,4885587909071073087
p1,Non-ROH,500,0,0,h05,4885587909071073087
p2,A,500,0,0,h05,4885587909071073087
p2,B,400,100,0,h05,4885587909071073087
p2,C,54,77,369,h05,4885587909071073087
p2,Non-ROH,500,0,0,h05,4885587909071073087
p3,A,500,0,0,h05,4885587909071073087
p3,B,436,64,0,h05,4885587909071073087
p3,C,42,102,356,h05,4885587909071073087
p3,Non-ROH,500,0,0,h05,4885587909071073087
p1,A,500,0,0,h05,4892011688749506227
p1,B,222,266,12,h05,4892011688749506227
p1,C,45,67,388,h05,4892011688749506227
p1,Non-ROH,500,0,0,h05,4892011688749506227
p2,A,500,0,0,h05,4892011688749506227
p2,B,413,87,0,h05,4892011688749506227
p2,C,38,75,387,h05,4892011688749506227
p2,Non-ROH,500,0,0,h05,4892011688749506227
p3,A,500,0,0,h05,4892011688749506227
p3,B,445,55,0,h05,4892011688749506227
p3,C,53,68,379,h05,4892011688749506227
p3,Non-ROH,500,0,0,h05,4892011688749506227
p1,A,499,1,0,h05,4907768078644548372
p1,B,216,267,17,h05,4907768078644548372
p1,C,59,73,368,h05,4907768078644548372
p1,Non-ROH,500,0,0,h05,4907768078644548372
p2,A,500,0,0,h05,4907768078644548372
p2,B,422,78,0,h05,4907768078644548372
p2,C,38,100,362,h05,4907768078644548372
p2,Non-ROH,500,0,0,h05,4907768078644548372
p3,A,500,0,0,h05,4907768078644548372
p3,B,454,46,0,h05,4907768078644548372
p3,C,25,133,342,h05,4907768078644548372
p3,Non-ROH,500,0,0,h05,4907768078644548372
p1,A,500,0,0,h05,4935413743855788662
p1,B,229,253,18,h05,4935413743855788662
p1,C,59,75,366,h05,4935413743855788662
p1,Non-ROH,500,0,0,h05,4935413743855788662
p2,A,500,0,0,h05,4935413743855788662
p2,B,379,121,0,h05,4935413743855788662
p2,C,38,91,371,h05,4935413743855788662
p2,Non-ROH,500,0,0,h05,4935413743855788662
p3,A,500,0,0,h05,4935413743855788662
p3,B,443,57,0,h05,4935413743855788662
p3,C,39,80,381,h05,4935413743855788662
p3,Non-ROH,500,0,0,h05,4935413743855788662
p1,A,500,0,0,h05,49498118787098719
p1,B,208,279,13,h05,49498118787098719
p1,C,46,77,377,h05,49498118787098719
p1,Non-ROH,500,0,0,h05,49498118787098719
p2,A,500,0,0,h05,49498118787098719
p2,B,386,114,0,h05,49498118787098719
p2,C,37,125,338,h05,49498118787098719
p2,Non-ROH,500,0,0,h05,49498118787098719
p3,A,500,0,0,h05,49498118787098719
p3,B,438,62,0,h05,49498118787098719
p3,C,54,97,349,h05,49498118787098719
p3,Non-ROH,500,0,0,h05,49498118787098719
p1,A,500,0,0,h05,4962566445985271905
p1,B,256,232,12,h05,4962566445985271905
p1,C,50,90,360,h05,4962566445985271905
p1,Non-ROH,500,0,0,h05,4962566445985271905
p2,A,500,0,0,h05,4962566445985271905
p2,B,416,84,0,h05,4962566445985271905
p2,C,44,89,367,h05,4962566445985271905
p2,Non-ROH,500,0,0,h05,4962566445985271905
p3,A,500,0,0,h05,4962566445985271905
p3,B,445,55,0,h05,4962566445985271905
p3,C,31,209,260,h05,4962566445985271905
p3,Non-ROH,500,0,0,h05,4962566445985271905
p1,A,499,1,0,h05,4979514301502894308
p1,B,225,259,16,h05,4979514301502894308
p1,C,54,83,363,h05,4979514301502894308
p1,Non-ROH,500,0,0,h05,4979514301502894308
p2,A,500,0,0,h05,4979514301502894308
p2,B,401,99,0,h05,4979514301502894308
p2,C,39,127,334,h05,4979514301502894308
p2,Non-ROH,500,0,0,h05,4979514301502894308
p3,A,500,0,0,h05,4979514301502894308
p3,B,441,59,0,h05,4979514301502894308
p3,C,37,127,336,h05,4979514301502894308
p3,Non-ROH,500,0,0,h05,4979514301502894308
p1,A,500,0,0,h05,4981997705506057588
p1,B,247,243,10,h05,4981997705506057588
p1,C,55,65,380,h05,4981997705506057588
p1,Non-ROH,500,0,0,h05,4981997705506057588
p2,A,500,0,0,h05,4981997705506057588
p2,B,417,83,0,h05,4981997705506057588
p2,C,45,145,310,h05,4981997705506057588
p2,Non-ROH,500,0,0,h05,4981997705506057588
p3,A,500,0,0,h05,4981997705506057588
p3,B,472,28,0,h05,4981997705506057588
p3,C,39,178,283,h05,4981997705506057588
p3,Non-ROH,500,0,0,h05,4981997705506057588
p1,A,500,0,0,h05,5005685740854779223
p1,B,246,241,13,h05,5005685740854779223
p1,C,52,86,362,h05,5005685740854779223
p1,Non-ROH,500,0,0,h05,5005685740854779223
p2,A,500,0,0,h05,5005685740854779223
p2,B,421,79,0,h05,5005685740854779223
p2,C,44,81,375,h05,5005685740854779223
p2,Non-ROH,500,0,0,h05,5005685740854779223
p3,A,500,0,0,h05,5005685740854779223
p3,B,452,48,0,h05,5005685740854779223
p3,C,45,57,398,h05,5005685740854779223
p3,Non-ROH,500,0,0,h05,5005685740854779223
p1,A,500,0,0,h05,5016381076377166430
p1,B,236,250,14,h05,5016381076377166430
p1,C,68,67,365,h05,5016381076377166430
p1,Non-ROH,500,0,0,h05,5016381076377166430
p2,A,500,0,0,h05,5016381076377166430
p2,B,426,74,0,h05,5016381076377166430
p2,C,104,62,334,h05,5016381076377166430
p2,Non-ROH,500,0,0,h05,5016381076377166430
p3,A,500,0,0,h05,5016381076377166430
p3,B,452,48,0,h05,5016381076377166430
p3,C,83,78,339,h05,5016381076377166430
p3,Non-ROH,500,0,0,h05,5016381076377166430
p1,A,500,0,0,h05,5027935979187462285
p1,B,234,249,17,h05,5027935979187462285
p1,C,58,60,382,h05,5027935979187462285
p1,Non-ROH,500,0,0,h05,5027935979187462285
p2,A,500,0,0,h05,5027935979187462285
p2,B,421,79,0,h05,5027935979187462285
p2,C,44,100,356,h05,5027935979187462285
p2,Non-ROH,500,0,0,h05,5027935979187462285
p3,A,500,0,0,h05,5027935979187462285
p3,B,456,44,0,h05,5027935979187462285
p3,C,53,96,351,h05,5027935979187462285
p3,Non-ROH,500,0,0,h05,5027935979187462285
p1,A,497,3,0,h05,5034700294504926618
p1,B,200,280,20,h05,5034700294504926618
p1,C,50,79,371,h05,5034700294504926618
p1,Non-ROH,500,0,0,h05,5034700294504926618
p2,A,500,0,0,h05,5034700294504926618
p2,B,380,120,0,h05,5034700294504926618
p2,C,31,126,343,h05,5034700294504926618
p2,Non-ROH,500,0,0,h05,5034700294504926618
p3,A,500,0,0,h05,5034700294504926618
p3,B,434,66,0,h05,5034700294504926618
p3,C,40,96,364,h05,5034700294504926618
p3,Non-ROH,500,0,0,h05,5034700294504926618
p1,A,499,1,0,h05,5059387016013432696
p1,B,227,252,21,h05,5059387016013432696
p1,C,43,78,379,h05,5059387016013432696
p1,Non-ROH,500,0,0,h05,5059387016013432696
p2,A,500,0,0,h05,5059387016013432696
p2,B,426,74,0,h05,5059387016013432696
p2,C,39,120,341,h05,5059387016013432696
p2,Non-ROH,500,0,0,h05,5059387016013432696
p3,A,500,0,0,h05,5059387016013432696
p3,B,434,66,0,h05,5059387016013432696
p3,C,33,101,366,h05,5059387016013432696
p3,Non-ROH,500,0,0,h05,5059387016013432696
p1,A,500,0,0,h05,5074771005273330755
p1,B,230,247,23,h05,5074771005273330755
p1,C,56,88,356,h05,5074771005273330755
p1,Non-ROH,500,0,0,h05,5074771005273330755
p2,A,500,0,0,h05,5074771005273330755
p2,B,406,94,0,h05,5074771005273330755
p2,C,41,105,354,h05,5074771005273330755
p2,Non-ROH,500,0,0,h05,5074771005273330755
p3,A,500,0,0,h05,5074771005273330755
p3,B,466,34,0,h05,5074771005273330755
p3,C,61,94,345,h05,5074771005273330755
p3,Non-ROH,500,0,0,h05,5074771005273330755
p1,A,500,0,0,h05,5110911512471953580
p1,B,282,210,8,h05,5110911512471953580
p1,C,49,83,368,h05,5110911512471953580
p1,Non-ROH,500,0,0,h05,5110911512471953580
p2,A,500,0,0,h05,5110911512471953580
p2,B,425,75,0,h05,5110911512471953580
p2,C,44,55,401,h05,5110911512471953580
p2,Non-ROH,500,0,0,h05,5110911512471953580
p3,A,500,0,0,h05,5110911512471953580
p3,B,466,34,0,h05,5110911512471953580
p3,C,39,85,376,h05,5110911512471953580
p3,Non-ROH,500,0,0,h05,5110911512471953580
p1,A,497,3,0,h05,5128933891181202049
p1,B,195,283,22,h05,5128933891181202049
p1,C,51,91,358,h05,5128933891181202049
p1,Non-ROH,500,0,0,h05,5128933891181202049
p2,A,500,0,0,h05,5128933891181202049
p2,B,364,136,0,h05,5128933891181202049
p2,C,36,145,319,h05,5128933891181202049
p2,Non-ROH,500,0,0,h05,5128933891181202049
p3,A,500,0,0,h05,5128933891181202049
p3,B,428,72,0,h05,5128933891181202049
p3,C,32,131,337,h05,5128933891181202049
p3,Non-ROH,500,0,0,h05,5128933891181202049
p1,A,500,0,0,h05,5138890421275279549
p1,B,227,255,18,h05,5138890421275279549
p1,C,47,62,391,h05,5138890421275279549
p1,Non-ROH,500,0,0,h05,5138890421275279549
p2,A,500,0,0,h05,5138890421275279549
p2,B,402,98,0,h05,5138890421275279549
p2,C,45,95,360,h05,5138890421275279549
p2,Non-ROH,500,0,0,h05,5138890421275279549
p3,A,500,0,0,h05,5138890421275279549
p3,B,439,61,0,h05,5138890421275279549
p3,C,36,144,320,h05,5138890421275279549
p3,Non-ROH,500,0,0,h05,5138890421275279549
p1,A,499,1,0,h05,5145570196022951240
p1,B,198,293,9,h05,5145570196022951240
p1,C,58,84,358,h05,5145570196022951240
p1,Non-ROH,500,0,0,h05,5145570196022951240
p2,A,500,0,0,h05,5145570196022951240
p2,B,379,121,0,h05,5145570196022951240
p2,C,28,132,340,h05,5145570196022951240
p2,Non-ROH,500,0,0,h05,5145570196022951240
p3,A,500,0,0,h05,5145570196022951240
p3,B,432,68,0,h05,5145570196022951240
p3,C,27,107,366,h05,5145570196022951240
p3,Non-ROH,500,0,0,h05,5145570196022951240
p1,A,500,0,0,h05,5149670368733949067
p1,B,230,253,17,h05,5149670368733949067
p1,C,49,93,358,h05,5149670368733949067
p1,Non-ROH,500,0,0,h05,5149670368733949067
p2,A,500,0,0,h05,5149670368733949067
p2,B,407,93,0,h05,5149670368733949067
p2,C,39,123,338,h05,5149670368733949067
p2,Non-ROH,500,0,0,h05,5149670368733949067
p3,A,500,0,0,h05,5149670368733949067
p3,B,446,54,0,h05,5149670368733949067
p3,C,43,140,317,h05,5149670368733949067
p3,Non-ROH,500,0,0,h05,5149670368733949067
p1,A,499,1,0,h05,515008602958262028
p1,B,250,237,13,h05,515008602958262028
p1,C,54,70,376,h05,515008602958262028
p1,Non-ROH,500,0,0,h05,515008602958262028
p2,A,500,0,0,h05,515008602958262028
p2,B,405,95,0,h05,515008602958262028
p2,C,33,134,333,h05,515008602958262028
p2,Non-ROH,500,0,0,h05,515008602958262028
p3,A,500,0,0,h05,515008602958262028
p3,B,454,46,0,h05,515008602958262028
p3,C,31,69,400,h05,515008602958262028
p3,Non-ROH,500,0,0,h05,515008602958262028
p1,A,499,1,0,h05,516003122491781593
p1,B,237,252,11,h05,516003122491781593
p1,C,57,85,358,h05,516003122491781593
p1,Non-ROH,500,0,0,h05,516003122491781593
p2,A,500,0,0,h05,516003122491781593
p2,B,390,109,1,h05,516003122491781593
p2,C,45,73,382,h05,516003122491781593
p2,Non-ROH,500,0,0,h05,516003122491781593
p3,A,500,0,0,h05,516003122491781593
p3,B,479,21,0,h05,516003122491781593
p3,C,37,90,373,h05,516003122491781593
p3,Non-ROH,500,0,0,h05,516003122491781593
p1,A,499,1,0,h05,5168632705598258018
p1,B,213,266,21,h05,5168632705598258018
p1,C,67,75,358,h05,5168632705598258018
p1,Non-ROH,500,0,0,h05,5168632705598258018
p2,A,500,0,0,h05,5168632705598258018
p2,B,417,83,0,h05,5168632705598258018
p2,C,44,78,378,h05,5168632705598258018
p2,Non-ROH,500,0,0,h05,5168632705598258018
p3,A,500,0,0,h05,5168632705598258018
p3,B,437,63,0,h05,5168632705598258018
p3,C,35,105,360,h05,5168632705598258018
p3,Non-ROH,500,0,0,h05,5168632705598258018
p1,A,499,1,0,h05,5178642993811784901
p1,B,227,256,17,h05,5178642993811784901
p1,C,63,79,358,h05,5178642993811784901
p1,Non-ROH,500,0,0,h05,5178642993811784901
p2,A,500,0,0,h05,5178642993811784901
p2,B,395,105,0,h05,5178642993811784901
p2,C,40,104,356,h05,5178642993811784901
p2,Non-ROH,500,0,0,h05,5178642993811784901
p3,A,500,0,0,h05,5178642993811784901
p3,B,437,63,0,h05,5178642993811784901
p3,C,35,111,354,h05,5178642993811784901
p3,Non-ROH,500,0,0,h05,5178642993811784901
p1,A,499,1,0,h05,5179764543417121339
p1,B,182,302,16,h05,5179764543417121339
p1,C,40,68,392,h05,5179764543417121339
p1,Non-ROH,500,0,0,h05,5179764543417121339
p2,A,500,0,0,h05,5179764543417121339
p2,B,359,141,0,h05,5179764543417121339
p2,C,42,105,353,h05,5179764543417121339
p2,Non-ROH,500,0,0,h05,5179764543417121339
p3,A,500,0,0,h05,5179764543417121339
p3,B,409,91,0,h05,5179764543417121339
p3,C,45,87,368,h05,5179764543417121339
p3,Non-ROH,500,0,0,h05,5179764543417121339
p1,A,500,0,0,h05,521415146012075792
p1,B,208,275,17,h05,521415146012075792
p1,C,47,71,382,h05,521415146012075792
p1,Non-ROH,500,0,0,h05,521415146012075792
p2,A,500,0,0,h05,521415146012075792
p2,B,388,112,0,h05,521415146012075792
p2,C,34,102,364,h05,521415146012075792
p2,Non-ROH,500,0,0,h05,521415146012075792
p3,A,500,0,0,h05,521415146012075792
p3,B,446,54,0,h05,521415146012075792
p3,C,39,80,381,h05,521415146012075792
p3,Non-ROH,500,0,0,h05,521415146012075792
p1,A,500,0,0,h05,5218895024614505396
p1,B,207,286,7,h05,5218895024614505396
p1,C,54,101,345,h05,5218895024614505396
p1,Non-ROH,500,0,0,h05,5218895024614505396
p2,A,500,0,0,h05,5218895024614505396
p2,B,425,75,0,h05,5218895024614505396
p2,C,45,112,343,h05,5218895024614505396
p2,Non-ROH,500,0,0,h05,5218895024614505396
p3,A,500,0,0,h05,5218895024614505396
p3,B,469,31,0,h05,5218895024614505396
p3,C,31,96,373,h05,5218895024614505396
p3,Non-ROH,500,0,0,h05,5218895024614505396
p1,A,500,0,0,h05,521961045307979818
p1,B,228,262,10,h05,521961045307979818
p1,C,64,89,347,h05,521961045307979818
p1,Non-ROH,500,0,0,h05,521961045307979818
p2,A,500,0,0,h05,521961045307979818
p2,B,402,98,0,h05,521961045307979818
p2,C,44,97,359,h05,521961045307979818
p2,Non-ROH,500,0,0,h05,521961045307979818
p3,A,500,0,0,h05,521961045307979818
p3,B,467,33,0,h05,521961045307979818
p3,C,51,149,300,h05,521961045307979818
p3,Non-ROH,500,0,0,h05,521961045307979818
p1,A,498,2,0,h05,5220876126616775968
p1,B,198,287,15,h05,5220876126616775968
p1,C,45,72,383,h05,5220876126616775968
p1,Non-ROH,500,0,0,h05,5220876126616775968
p2,A,500,0,0,h05,5220876126616775968
p2,B,408,92,0,h05,5220876126616775968
p2,C,32,106,362,h05,5220876126616775968
p2,Non-ROH,500,0,0,h05,5220876126616775968
p3,A,500,0,0,h05,5220876126616775968
p3,B,409,91,0,h05,5220876126616775968
p3,C,28,82,390,h05,5220876126616775968
p3,Non-ROH,500,0,0,h05,5220876126616775968
p1,A,500,0,0,h05,5222475215889473490
p1,B,237,258,5,h05,5222475215889473490
p1,C,53,69,378,h05,5222475215889473490
p1,Non-ROH,500,0,0,h05,5222475215889473490
p2,A,500,0,0,h05,5222475215889473490
p2,B,390,110,0,h05,5222475215889473490
p2,C,46,78,376,h05,5222475215889473490
p2,Non-ROH,500,0,0,h05,5222475215889473490
p3,A,500,0,0,h05,5222475215889473490
p3,B,456,44,0,h05,5222475215889473490
p3,C,45,97,358,h05,5222475215889473490
p3,Non-ROH,500,0,0,h05,5222475215889473490
p1,A,500,0,0,h05,52466460427952811
p1,B,226,258,16,h05,52466460427952811
p1,C,55,74,371,h05,52466460427952811
p1,Non-ROH,500,0,0,h05,52466460427952811
p2,A,500,0,0,h05,52466460427952811
p2,B,374,126,0,h05,52466460427952811
p2,C,38,135,327,h05,52466460427952811
p2,Non-ROH,500,0,0,h05,52466460427952811
p3,A,500,0,0,h05,52466460427952811
p3,B,435,65,0,h05,52466460427952811
p3,C,25,134,341,h05,52466460427952811
p3,Non-ROH,500,0,0,h05,52466460427952811
p1,A,500,0,0,h05,525628231267382934
p1,B,205,286,9,h05,525628231267382934
p1,C,53,84,363,h05,525628231267382934
p1,Non-ROH,500,0,0,h05,525628231267382934
p2,A,500,0,0,h05,525628231267382934
p2,B,379,121,0,h05,525628231267382934
p2,C,43,104,353,h05,525628231267382934
p2,Non-ROH,500,0,0,h05,525628231267382934
p3,A,500,0,0,h05,525628231267382934
p3,B,442,58,0,h05,525628231267382934
p3,C,22,132,346,h05,525628231267382934
p3,Non-ROH,500,0,0,h05,525628231267382934
p1,A,499,1,0,h05,5259897309470172358
p1,B,247,240,13,h05,5259897309470172358
p1,C,52,55,393,h05,5259897309470172358
p1,Non-ROH,500,0,0,h05,5259897309470172358
p2,A,500,0,0,h05,5259897309470172358
p2,B,393,107,0,h05,5259897309470172358
p2,C,38,132,330,h05,5259897309470172358
p2,Non-ROH,500,0,0,h05,5259897309470172358
p3,A,500,0,0,h05,5259897309470172358
p3,B,463,37,0,h05,5259897309470172358
p3,C,34,114,352,h05,5259897309470172358
p3,Non-ROH,500,0,0,h05,5259897309470172358
p1,A,500,0,0,h05,5279248286688346340
p1,B,226,255,19,h05,5279248286688346340
p1,C,58,66,376,h05,5279248286688346340
p1,Non-ROH,500,0,0,h05,5279248286688346340
p2,A,500,0,0,h05,5279248286688346340
p2,B,396,104,0,h05,5279248286688346340
p2,C,43,92,365,h05,5279248286688346340
p2,Non-ROH,500,0,0,h05,5279248286688346340
p3,A,500,0,0,h05,5279248286688346340
p3,B,446,54,0,h05,5279248286688346340
p3,C,39,95,366,h05,5279248286688346340
p3,Non-ROH,500,0,0,h05,5279248286688346340
p1,A,499,1,0,h05,5287885514566529737
p1,B,240,246,14,h05,5287885514566529737
p1,C,46,79,375,h05,5287885514566529737
p1,Non-ROH,500,0,0,h05,5287885514566529737
p2,A,500,0,0,h05,5287885514566529737
p2,B,386,114,0,h05,5287885514566529737
p2,C,42,148,310,h05,5287885514566529737
p2,Non-ROH,500,0,0,h05,5287885514566529737
p3,A,500,0,0,h05,5287885514566529737
p3,B,447,53,0,h05,5287885514566529737
p3,C,45,150,305,h05,5287885514566529737
p3,Non-ROH,500,0,0,h05,5287885514566529737
p1,A,500,0,0,h05,5321111605651693543
p1,B,188,295,17,h05,5321111605651693543
p1,C,45,72,383,h05,5321111605651693543
p1,Non-ROH,500,0,0,h05,5321111605651693543
p2,A,500,0,0,h05,5321111605651693543
p2,B,387,113,0,h05,5321111605651693543
p2,C,38,81,381,h05,5321111605651693543
p2,Non-ROH,500,0,0,h05,5321111605651693543
p3,A,500,0,0,h05,5321111605651693543
p3,B,437,63,0,h05,5321111605651693543
p3,C,30,140,330,h05,5321111605651693543
p3,Non-ROH,500,0,0,h05,5321111605651693543
p1,A,499,1,0,h05,5325867723659974948
p1,B,216,266,18,h05,5325867723659974948
p1,C,51,64,385,h05,5325867723659974948
p1,Non-ROH,500,0,0,h05,5325867723659974948
p2,A,500,0,0,h05,5325867723659974948
p2,B,376,124,0,h05,5325867723659974948
p2,C,38,97,365,h05,5325867723659974948
p2,Non-ROH,500,0,0,h05,5325867723659974948
p3,A,500,0,0,h05,5325867723659974948
p3,B,446,54,0,h05,5325867723659974948
p3,C,41,127,332,h05,5325867723659974948
p3,Non-ROH,500,0,0,h05,5325867723659974948
p1,A,500,0,0,h05,5328993542336413893
p1,B,278,209,13,h05,5328993542336413893
p1,C,49,58,393,h05,5328993542336413893
p1,Non-ROH,500,0,0,h05,5328993542336413893
p2,A,500,0,0,h05,5328993542336413893
p2,B,401,99,0,h05,5328993542336413893
p2,C,37,92,371,h05,5328993542336413893
p2,Non-ROH,500,0,0,h05,5328993542336413893
p3,A,500,0,0,h05,5328993542336413893
p3,B,471,29,0,h05,5328993542336413893
p3,C,42,90,368,h05,5328993542336413893
p3,Non-ROH,500,0,0,h05,5328993542336413893
p1,A,500,0,0,h05,5351055543107799445
p1,B,247,236,17,h05,5351055543107799445
p1,C,44,91,365,h05,5351055543107799445
p1,Non-ROH,500,0,0,h05,5351055543107799445
p2,A,500,0,0,h05,5351055543107799445
p2,B,419,81,0,h05,5351055543107799445
p2,C,42,85,373,h05,5351055543107799445
p2,Non-ROH,500,0,0,h05,5351055543107799445
p3,A,500,0,0,h05,5351055543107799445
p3,B,454,46,0,h05,5351055543107799445
p3,C,39,94,367,h05,5351055543107799445
p3,Non-ROH,500,0,0,h05,5351055543107799445
p1,A,498,2,0,h05,5404324942141664933
p1,B,216,263,21,h05,5404324942141664933
p1,C,47,75,378,h05,5404324942141664933
p1,Non-ROH,500,0,0,h05,5404324942141664933
p2,A,500,0,0,h05,5404324942141664933
p2,B,409,91,0,h05,5404324942141664933
p2,C,41,78,381,h05,5404324942141664933
p2,Non-ROH,500,0,0,h05,5404324942141664933
p3,A,500,0,0,h05,5404324942141664933
p3,B,460,40,0,h05,5404324942141664933
p3,C,38,110,352,h05,5404324942141664933
p3,Non-ROH,500,0,0,h05,5404324942141664933
p1,A,499,1,0,h05,5416466279299963351
p1,B,254,231,15,h05,5416466279299963351
p1,C,64,80,356,h05,5416466279299963351
p1,Non-ROH,500,0,0,h05,5416466279299963351
p2,A,500,0,0,h05,5416466279299963351
p2,B,422,78,0,h05,5416466279299963351
p2,C,40,83,377,h05,5416466279299963351
p2,Non-ROH,500,0,0,h05,5416466279299963351
p3,A,500,0,0,h05,5416466279299963351
p3,B,466,34,0,h05,5416466279299963351
p3,C,44,106,350,h05,5416466279299963351
p3,Non-ROH,500,0,0,h05,5416466279299963351
p1,A,499,1,0,h05,5477896550466317077
p1,B,205,286,9,h05,5477896550466317077
p1,C,61,71,368,h05,5477896550466317077
p1,Non-ROH,500,0,0,h05,5477896550466317077
p2,A,500,0,0,h05,5477896550466317077
p2,B,368,132,0,h05,5477896550466317077
p2,C,40,120,340,h05,5477896550466317077
p2,Non-ROH,500,0,0,h05,5477896550466317077
p3,A,500,0,0,h05,5477896550466317077
p3,B,449,51,0,h05,5477896550466317077
p3,C,43,99,358,h05,5477896550466317077
p3,Non-ROH,500,0,0,h05,5477896550466317077
p1,A,499,1,0,h05,550593148562692389
p1,B,226,256,18,h05,550593148562692389
p1,C,32,83,385,h05,550593148562692389
p1,Non-ROH,500,0,0,h05,550593148562692389
p2,A,500,0,0,h05,550593148562692389
p2,B,411,89,0,h05,550593148562692389
p2,C,24,122,354,h05,550593148562692389
p2,Non-ROH,500,0,0,h05,550593148562692389
p3,A,500,0,0,h05,550593148562692389
p3,B,417,83,0,h05,550593148562692389
p3,C,38,125,337,h05,550593148562692389
p3,Non-ROH,500,0,0,h05,550593148562692389
p1,A,500,0,0,h05,5549279712805692226
p1,B,230,260,10,h05,5549279712805692226
p1,C,40,78,382,h05,5549279712805692226
p1,Non-ROH,500,0,0,h05,5549279712805692226
p2,A,500,0,0,h05,5549279712805692226
p2,B,386,114,0,h05,5549279712805692226
p2,C,50,98,352,h05,5549279712805692226
p2,Non-ROH,500,0,0,h05,5549279712805692226
p3,A,500,0,0,h05,5549279712805692226
p3,B,421,79,0,h05,5549279712805692226
p3,C,27,106,367,h05,5549279712805692226
p3,Non-ROH,500,0,0,h05,5549279712805692226
p1,A,500,0,0,h05,5590050282961127893
p1,B,214,270,16,h05,5590050282961127893
p1,C,62,79,359,h05,5590050282961127893
p1,Non-ROH,500,0,0,h05,5590050282961127893
p2,A,500,0,0,h05,5590050282961127893
p2,B,397,103,0,h05,5590050282961127893
p2,C,46,169,285,h05,5590050282961127893
p2,Non-ROH,500,0,0,h05,5590050282961127893
p3,A,500,0,0,h05,5590050282961127893
p3,B,439,61,0,h05,5590050282961127893
p3,C,25,137,338,h05,5590050282961127893
p3,Non-ROH,500,0,0,h05,5590050282961127893
p1,A,498,2,0,h05,5618324778672298600
p1,B,202,286,12,h05,5618324778672298600
p1,C,59,75,366,h05,5618324778672298600
p1,Non-ROH,500,0,0,h05,5618324778672298600
p2,A,500,0,0,h05,5618324778672298600
p2,B,372,128,0,h05,5618324778672298600
p2,C,35,118,347,h05,5618324778672298600
p2,Non-ROH,500,0,0,h05,5618324778672298600
p3,A,500,0,0,h05,5618324778672298600
p3,B,416,84,0,h05,5618324778672298600
p3,C,37,112,351,h05,5618324778672298600
p3,Non-ROH,500,0,0,h05,5618324778672298600
p1,A,499,1,0,h05,5629355748189371673
p1,B,218,265,17,h05,5629355748189371673
p1,C,61,79,360,h05,5629355748189371673
p1,Non-ROH,500,0,0,h05,5629355748189371673
p2,A,500,0,0,h05,5629355748189371673
p2,B,407,93,0,h05,5629355748189371673
p2,C,47,99,354,h05,5629355748189371673
p2,Non-ROH,500,0,0,h05,5629355748189371673
p3,A,500,0,0,h05,5629355748189371673
p3,B,454,46,0,h05,5629355748189371673
p3,C,39,96,365,h05,5629355748189371673
p3,Non-ROH,500,0,0,h05,5629355748189371673
p1,A,500,0,0,h05,5657222748237468029
p1,B,240,246,14,h05,5657222748237468029
p1,C,52,76,372,h05,5657222748237468029
p1,Non-ROH,500,0,0,h05,5657222748237468029
p2,A,500,0,0,h05,5657222748237468029
p2,B,402,98,0,h05,5657222748237468029
p2,C,28,104,368,h05,5657222748237468029
p2,Non-ROH,500,0,0,h05,5657222748237468029
p3,A,500,0,0,h05,5657222748237468029
p3,B,450,50,0,h05,5657222748237468029
p3,C,37,87,376,h05,5657222748237468029
p3,Non-ROH,500,0,0,h05,5657222748237468029
p1,A,500,0,0,h05,5665536150066744679
p1,B,201,282,17,h05,5665536150066744679
p1,C,52,79,369,h05,5665536150066744679
p1,Non-ROH,500,0,0,h05,5665536150066744679
p2,A,500,0,0,h05,5665536150066744679
p2,B,366,134,0,h05,5665536150066744679
p2,C,43,75,382,h05,5665536150066744679
p2,Non-ROH,500,0,0,h05,5665536150066744679
p3,A,500,0,0,h05,5665536150066744679
p3,B,420,80,0,h05,5665536150066744679
p3,C,33,118,349,h05,5665536150066744679
p3,Non-ROH,500,0,0,h05,5665536150066744679
p1,A,500,0,0,h05,5666112355758542491
p1,B,231,255,14,h05,5666112355758542491
p1,C,50,60,390,h05,5666112355758542491
p1,Non-ROH,500,0,0,h05,5666112355758542491
p2,A,500,0,0,h05,5666112355758542491
p2,B,434,66,0,h05,5666112355758542491
p2,C,32,90,378,h05,5666112355758542491
p2,Non-ROH,500,0,0,h05,5666112355758542491
p3,A,500,0,0,h05,5666112355758542491
p3,B,454,46,0,h05,5666112355758542491
p3,C,56,102,342,h05,5666112355758542491
p3,Non-ROH,500,0,0,h05,5666112355758542491
p1,A,500,0,0,h05,5677179467086418543
p1,B,219,266,15,h05,5677179467086418543
p1,C,65,76,359,h05,5677179467086418543
p1,Non-ROH,500,0,0,h05,5677179467086418543
p2,A,500,0,0,h05,5677179467086418543
p2,B,425,75,0,h05,5677179467086418543
p2,C,40,125,335,h05,5677179467086418543
p2,Non-ROH,500,0,0,h05,5677179467086418543
p3,A,500,0,0,h05,5677179467086418543
p3,B,453,47,0,h05,5677179467086418543
p3,C,35,82,383,h05,5677179467086418543
p3,Non-ROH,500,0,0,h05,5677179467086418543
p1,A,500,0,0,h05,5677721759601185255
p1,B,236,250,14,h05,5677721759601185255
p1,C,51,77,372,h05,5677721759601185255
p1,Non-ROH,500,0,0,h05,5677721759601185255
p2,A,500,0,0,h05,5677721759601185255
p2,B,390,110,0,h05,5677721759601185255
p2,C,32,132,336,h05,5677721759601185255
p2,Non-ROH,500,0,0,h05,5677721759601185255
p3,A,500,0,0,h05,5677721759601185255
p3,B,459,41,0,h05,5677721759601185255
p3,C,43,121,336,h05,5677721759601185255
p3,Non-ROH,500,0,0,h05,5677721759601185255
p1,A,499,1,0,h05,5747486467172661902
p1,B,237,247,16,h05,5747486467172661902
p1,C,47,80,373,h05,5747486467172661902
p1,Non-ROH,500,0,0,h05,5747486467172661902
p2,A,500,0,0,h05,5747486467172661902
p2,B,424,76,0,h05,5747486467172661902
p2,C,39,66,395,h05,5747486467172661902
p2,Non-ROH,500,0,0,h05,5747486467172661902
p3,A,500,0,0,h05,5747486467172661902
p3,B,452,48,0,h05,5747486467172661902
p3,C,35,80,385,h05,5747486467172661902
p3,Non-ROH,500,0,0,h05,5747486467172661902
p1,A,500,0,0,h05,5785224554950662289
p1,B,229,261,10,h05,5785224554950662289
p1,C,56,52,392,h05,5785224554950662289
p1,Non-ROH,500,0,0,h05,5785224554950662289
p2,A,500,0,0,h05,5785224554950662289
p2,B,394,106,0,h05,5785224554950662289
p2,C,37,90,373,h05,5785224554950662289
p2,Non-ROH,500,0,0,h05,5785224554950662289
p3,A,500,0,0,h05,5785224554950662289
p3,B,445,54,1,h05,5785224554950662289
p3,C,52,89,359,h05,5785224554950662289
p3,Non-ROH,500,0,0,h05,5785224554950662289
p1,A,499,1,0,h05,5794561277294199634
p1,B,189,295,16,h05,5794561277294199634
p1,C,43,75,382,h05,5794561277294199634
p1,Non-ROH,500,0,0,h05,5794561277294199634
p2,A,500,0,0,h05,5794561277294199634
p2,B,356,144,0,h05,5794561277294199634
p2,C,34,103,363,h05,5794561277294199634
p2,Non-ROH,500,0,0,h05,5794561277294199634
p3,A,500,0,0,h05,5794561277294199634
p3,B,423,77,0,h05,5794561277294199634
p3,C,25,98,377,h05,5794561277294199634
p3,Non-ROH,500,0,0,h05,5794561277294199634
p1,A,500,0,0,h05,5814122908386359525
p1,B,220,262,18,h05,5814122908386359525
p1,C,73,69,358,h05,5814122908386359525
p1,Non-ROH,500,0,0,h05,5814122908386359525
p2,A,500,0,0,h05,5814122908386359525
p2,B,387,113,0,h05,5814122908386359525
p2,C,46,102,352,h05,5814122908386359525
p2,Non-ROH,500,0,0,h05,5814122908386359525
p3,A,500,0,0,h05,5814122908386359525
p3,B,467,33,0,h05,5814122908386359525
p3,C,45,78,377,h05,5814122908386359525
p3,Non-ROH,500,0,0,h05,5814122908386359525
p1,A,500,0,0,h05,5828700400654754478
p1,B,194,293,13,h05,5828700400654754478
p1,C,41,73,386,h05,5828700400654754478
p1,Non-ROH,500,0,0,h05,5828700400654754478
p2,A,500,0,0,h05,5828700400654754478
p2,B,383,117,0,h05,5828700400654754478
p2,C,32,97,371,h05,5828700400654754478
p2,Non-ROH,500,0,0,h05,5828700400654754478
p3,A,500,0,0,h05,5828700400654754478
p3,B,421,79,0,h05,5828700400654754478
p3,C,18,193,289,h05,5828700400654754478
p3,Non-ROH,500,0,0,h05,5828700400654754478
p1,A,500,0,0,h05,583812592013726529
p1,B,242,241,17,h05,583812592013726529
p1,C,85,34,381,h05,583812592013726529
p1,Non-ROH,500,0,0,h05,583812592013726529
p2,A,500,0,0,h05,583812592013726529
p2,B,436,64,0,h05,583812592013726529
p2,C,76,42,382,h05,583812592013726529
p2,Non-ROH,500,0,0,h05,583812592013726529
p3,A,500,0,0,h05,583812592013726529
p3,B,468,32,0,h05,583812592013726529
p3,C,119,71,310,h05,583812592013726529
p3,Non-ROH,500,0,0,h05,583812592013726529
p1,A,500,0,0,h05,5841188069441203633
p1,B,225,261,14,h05,5841188069441203633
p1,C,68,56,376,h05,5841188069441203633
p1,Non-ROH,500,0,0,h05,5841188069441203633
p2,A,500,0,0,h05,5841188069441203633
p2,B,423,77,0,h05,5841188069441203633
p2,C,39,92,369,h05,5841188069441203633
p2,Non-ROH,500,0,0,h05,5841188069441203633
p3,A,500,0,0,h05,5841188069441203633
p3,B,439,61,0,h05,5841188069441203633
p3,C,22,166,312,h05,5841188069441203633
p3,Non-ROH,500,0,0,h05,5841188069441203633
p1,A,500,0,0,h05,5848173141518302012
p1,B,237,250,13,h05,5848173141518302012
p1,C,57,70,373,h05,5848173141518302012
p1,Non-ROH,500,0,0,h05,5848173141518302012
p2,A,500,0,0,h05,5848173141518302012
p2,B,443,57,0,h05,5848173141518302012
p2,C,75,92,333,h05,5848173141518302012
p2,Non-ROH,500,0,0,h05,5848173141518302012
p3,A,500,0,0,h05,5848173141518302012
p3,B,458,42,0,h05,5848173141518302012
p3,C,47,63,390,h05,5848173141518302012
p3,Non-ROH,500,0,0,h05,5848173141518302012
p1,A,498,2,0,h05,5848644430535034521
p1,B,210,270,20,h05,5848644430535034521
p1,C,51,74,375,h05,5848644430535034521
p1,Non-ROH,500,0,0,h05,5848644430535034521
p2,A,500,0,0,h05,5848644430535034521
p2,B,419,81,0,h05,5848644430535034521
p2,C,46,74,380,h05,5848644430535034521
p2,Non-ROH,500,0,0,h05,5848644430535034521
p3,A,500,0,0,h05,5848644430535034521
p3,B,467,33,0,h05,5848644430535034521
p3,C,46,116,338,h05,5848644430535034521
p3,Non-ROH,500,0,0,h05,5848644430535034521
p1,A,500,0,0,h05,5855555527093840024
p1,B,246,249,5,h05,5855555527093840024
p1,C,51,68,381,h05,5855555527093840024
p1,Non-ROH,500,0,0,h05,5855555527093840024
p2,A,500,0,0,h05,5855555527093840024
p2,B,403,97,0,h05,5855555527093840024
p2,C,34,78,388,h05,5855555527093840024
p2,Non-ROH,500,0,0,h05,5855555527093840024
p3,A,500,0,0,h05,5855555527093840024
p3,B,461,39,0,h05,5855555527093840024
p3,C,29,102,369,h05,5855555527093840024
p3,Non-ROH,500,0,0,h05,5855555527093840024
p1,A,500,0,0,h05,5920128977949083823
p1,B,211,274,15,h05,5920128977949083823
p1,C,48,72,380,h05,5920128977949083823
p1,Non-ROH,500,0,0,h05,5920128977949083823
p2,A,500,0,0,h05,5920128977949083823
p2,B,397,103,0,h05,5920128977949083823
p2,C,49,74,377,h05,5920128977949083823
p2,Non-ROH,500,0,0,h05,5920128977949083823
p3,A,500,0,0,h05,5920128977949083823
p3,B,454,46,0,h05,5920128977949083823
p3,C,29,96,375,h05,5920128977949083823
p3,Non-ROH,500,0,0,h05,5920128977949083823
p1,A,500,0,0,h05,5958012612206039567
p1,B,232,253,15,h05,5958012612206039567
p1,C,52,72,376,h05,5958012612206039567
p1,Non-ROH,500,0,0,h05,5958012612206039567
p2,A,500,0,0,h05,5958012612206039567
p2,B,439,61,0,h05,5958012612206039567
p2,C,32,102,366,h05,5958012612206039567
p2,Non-ROH,500,0,0,h05,5958012612206039567
p3,A,500,0,0,h05,5958012612206039567
p3,B,447,53,0,h05,5958012612206039567
p3,C,27,93,380,h05,5958012612206039567
p3,Non-ROH,500,0,0,h05,5958012612206039567
p1,A,499,1,0,h05,6062055455431550870
p1,B,210,276,14,h05,6062055455431550870
p1,C,47,73,380,h05,6062055455431550870
p1,Non-ROH,500,0,0,h05,6062055455431550870
p2,A,500,0,0,h05,6062055455431550870
p2,B,406,94,0,h05,6062055455431550870
p2,C,32,129,339,h05,6062055455431550870
p2,Non-ROH,500,0,0,h05,6062055455431550870
p3,A,500,0,0,h05,6062055455431550870
p3,B,432,68,0,h05,6062055455431550870
p3,C,45,70,385,h05,6062055455431550870
p3,Non-ROH,500,0,0,h05,6062055455431550870
p1,A,497,3,0,h05,6063031193005542634
p1,B,228,259,13,h05,6063031193005542634
p1,C,76,43,381,h05,6063031193005542634
p1,Non-ROH,500,0,0,h05,6063031193005542634
p2,A,500,0,0,h05,6063031193005542634
p2,B,400,100,0,h05,6063031193005542634
p2,C,92,57,351,h05,6063031193005542634
p2,Non-ROH,500,0,0,h05,6063031193005542634
p3,A,500,0,0,h05,6063031193005542634
p3,B,460,40,0,h05,6063031193005542634
p3,C,124,41,335,h05,6063031193005542634
p3,Non-ROH,500,0,0,h05,6063031193005542634
p1,A,499,1,0,h05,6063555342635056454
p1,B,207,284,9,h05,6063555342635056454
p1,C,54,87,359,h05,6063555342635056454
p1,Non-ROH,500,0,0,h05,6063555342635056454
p2,A,500,0,0,h05,6063555342635056454
p2,B,399,101,0,h05,6063555342635056454
p2,C,40,62,398,h05,6063555342635056454
p2,Non-ROH,500,0,0,h05,6063555342635056454
p3,A,500,0,0,h05,6063555342635056454
p3,B,453,47,0,h05,6063555342635056454
p3,C,38,119,343,h05,6063555342635056454
p3,Non-ROH,500,0,0,h05,6063555342635056454
p1,A,499,1,0,h05,6076618018894063058
p1,B,225,262,13,h05,6076618018894063058
p1,C,67,80,353,h05,6076618018894063058
p1,Non-ROH,500,0,0,h05,6076618018894063058
p2,A,500,0,0,h05,6076618018894063058
p2,B,402,98,0,h05,6076618018894063058
p2,C,42,56,402,h05,6076618018894063058
p2,Non-ROH,500,0,0,h05,6076618018894063058
p3,A,500,0,0,h05,6076618018894063058
p3,B,438,62,0,h05,6076618018894063058
p3,C,42,97,361,h05,6076618018894063058
p3,Non-ROH,500,0,0,h05,6076618018894063058
p1,A,499,1,0,h05,6102137021035793007
p1,B,260,216,24,h05,6102137021035793007
p1,C,68,65,367,h05,6102137021035793007
p1,Non-ROH,500,0,0,h05,6102137021035793007
p2,A,500,0,0,h05,6102137021035793007
p2,B,425,75,0,h05,6102137021035793007
p2,C,66,75,359,h05,6102137021035793007
p2,Non-ROH,500,0,0,h05,6102137021035793007
p3,A,500,0,0,h05,6102137021035793007
p3,B,465,35,0,h05,6102137021035793007
p3,C,54,106,340,h05,6102137021035793007
p3,Non-ROH,500,0,0,h05,6102137021035793007
p1,A,500,0,0,h05,610580235128279076
p1,B,220,264,16,h05,610580235128279076
p1,C,52,89,359,h05,610580235128279076
p1,Non-ROH,500,0,0,h05,610580235128279076
p2,A,500,0,0,h05,610580235128279076
p2,B,390,110,0,h05,610580235128279076
p2,C,38,94,368,h05,610580235128279076
p2,Non-ROH,500,0,0,h05,610580235128279076
p3,A,500,0,0,h05,610580235128279076
p3,B,469,31,0,h05,610580235128279076
p3,C,32,137,331,h05,610580235128279076
p3,Non-ROH,500,0,0,h05,610580235128279076
p1,A,499,1,0,h05,6113248539369500837
p1,B,209,281,10,h05,6113248539369500837
p1,C,48,78,374,h05,6113248539369500837
p1,Non-ROH,500,0,0,h05,6113248539369500837
p2,A,500,0,0,h05,6113248539369500837
p2,B,382,118,0,h05,6113248539369500837
p2,C,21,112,367,h05,6113248539369500837
p2,Non-ROH,500,0,0,h05,6113248539369500837
p3,A,500,0,0,h05,6113248539369500837
p3,B,421,79,0,h05,6113248539369500837
p3,C,23,108,369,h05,6113248539369500837
p3,Non-ROH,500,0,0,h05,6113248539369500837
p1,A,500,0,0,h05,6149743942695773794
p1,B,206,280,14,h05,6149743942695773794
p1,C,52,57,391,h05,6149743942695773794
p1,Non-ROH,500,0,0,h05,6149743942695773794
p2,A,500,0,0,h05,6149743942695773794
p2,B,367,133,0,h05,6149743942695773794
p2,C,34,71,395,h05,6149743942695773794
p2,Non-ROH,500,0,0,h05,6149743942695773794
p3,A,500,0,0,h05,6149743942695773794
p3,B,428,72,0,h05,6149743942695773794
p3,C,30,92,378,h05,6149743942695773794
p3,Non-ROH,500,0,0,h05,6149743942695773794
p1,A,498,2,0,h05,6157817861879498832
p1,B,212,271,17,h05,6157817861879498832
p1,C,50,69,381,h05,6157817861879498832
p1,Non-ROH,500,0,0,h05,6157817861879498832
p2,A,500,0,0,h05,6157817861879498832
p2,B,400,100,0,h05,6157817861879498832
p2,C,34,72,394,h05,6157817861879498832
p2,Non-ROH,500,0,0,h05,6157817861879498832
p3,A,500,0,0,h05,6157817861879498832
p3,B,426,74,0,h05,6157817861879498832
p3,C,33,84,383,h05,6157817861879498832
p3,Non-ROH,500,0,0,h05,6157817861879498832
p1,A,500,0,0,h05,6180439601154596448
p1,B,242,246,12,h05,6180439601154596448
p1,C,57,77,366,h05,6180439601154596448
p1,Non-ROH,500,0,0,h05,6180439601154596448
p2,A,500,0,0,h05,6180439601154596448
p2,B,422,78,0,h05,6180439601154596448
p2,C,42,82,376,h05,6180439601154596448
p2,Non-ROH,500,0,0,h05,6180439601154596448
p3,A,500,0,0,h05,6180439601154596448
p3,B,450,50,0,h05,6180439601154596448
p3,C,36,139,325,h05,6180439601154596448
p3,Non-ROH,500,0,0,h05,6180439601154596448
p1,A,498,2,0,h05,6185281076390416818
p1,B,189,295,16,h05,6185281076390416818
p1,C,56,62,382,h05,6185281076390416818
p1,Non-ROH,500,0,0,h05,6185281076390416818
p2,A,500,0,0,h05,6185281076390416818
p2,B,410,90,0,h05,6185281076390416818
p2,C,29,90,381,h05,6185281076390416818
p2,Non-ROH,500,0,0,h05,6185281076390416818
p3,A,500,0,0,h05,6185281076390416818
p3,B,452,48,0,h05,6185281076390416818
p3,C,35,88,377,h05,6185281076390416818
p3,Non-ROH,500,0,0,h05,6185281076390416818
p1,A,500,0,0,h05,619662499847961628
p1,B,218,274,8,h05,619662499847961628
p1,C,52,76,372,h05,619662499847961628
p1,Non-ROH,500,0,0,h05,619662499847961628
p2,A,500,0,0,h05,619662499847961628
p2,B,388,112,0,h05,619662499847961628
p2,C,37,103,360,h05,619662499847961628
p2,Non-ROH,500,0,0,h05,619662499847961628
p3,A,500,0,0,h05,619662499847961628
p3,B,462,38,0,h05,619662499847961628
p3,C,34,85,381,h05,619662499847961628
p3,Non-ROH,500,0,0,h05,619662499847961628
p1,A,500,0,0,h05,621819158775010275
p1,B,259,228,13,h05,621819158775010275
p1,C,45,55,400,h05,621819158775010275
p1,Non-ROH,500,0,0,h05,621819158775010275
p2,A,500,0,0,h05,621819158775010275
p2,B,446,54,0,h05,621819158775010275
p2,C,43,79,378,h05,621819158775010275
p2,Non-ROH,500,0,0,h05,621819158775010275
p3,A,500,0,0,h05,621819158775010275
p3,B,443,57,0,h05,621819158775010275
p3,C,38,84,378,h05,621819158775010275
p3,Non-ROH,500,0,0,h05,621819158775010275
p1,A,499,1,0,h05,6221122836189980790
p1,B,192,287,21,h05,6221122836189980790
p1,C,63,70,367,h05,6221122836189980790
p1,Non-ROH,500,0,0,h05,6221122836189980790
p2,A,500,0,0,h05,6221122836189980790
p2,B,388,112,0,h05,6221122836189980790
p2,C,52,68,380,h05,6221122836189980790
p2,Non-ROH,500,0,0,h05,6221122836189980790
p3,A,500,0,0,h05,6221122836189980790
p3,B,445,55,0,h05,6221122836189980790
p3,C,41,99,360,h05,6221122836189980790
p3,Non-ROH,500,0,0,h05,6221122836189980790
p1,A,499,1,0,h05,6227334254311367435
p1,B,228,249,23,h05,6227334254311367435
p1,C,54,104,342,h05,6227334254311367435
p1,Non-ROH,500,0,0,h05,6227334254311367435
p2,A,500,0,0,h05,6227334254311367435
p2,B,432,68,0,h05,6227334254311367435
p2,C,45,115,340,h05,6227334254311367435
p2,Non-ROH,500,0,0,h05,6227334254311367435
p3,A,500,0,0,h05,6227334254311367435
p3,B,451,49,0,h05,6227334254311367435
p3,C,37,108,355,h05,6227334254311367435
p3,Non-ROH,500,0,0,h05,6227334254311367435
p1,A,500,0,0,h05,6231007166210585585
p1,B,170,311,19,h05,6231007166210585585
p1,C,44,90,366,h05,6231007166210585585
p1,Non-ROH,500,0,0,h05,6231007166210585585
p2,A,500,0,0,h05,6231007166210585585
p2,B,370,130,0,h05,6231007166210585585
p2,C,29,110,361,h05,6231007166210585585
p2,Non-ROH,500,0,0,h05,6231007166210585585
p3,A,500,0,0,h05,6231007166210585585
p3,B,412,88,0,h05,6231007166210585585
p3,C,30,117,353,h05,6231007166210585585
p3,Non-ROH,500,0,0,h05,6231007166210585585
p1,A,500,0,0,h05,6232542818093009819
p1,B,238,254,8,h05,6232542818093009819
p1,C,49,101,350,h05,6232542818093009819
p1,Non-ROH,500,0,0,h05,6232542818093009819
p2,A,500,0,0,h05,6232542818093009819
p2,B,378,122,0,h05,6232542818093009819
p2,C,29,156,315,h05,6232542818093009819
p2,Non-ROH,500,0,0,h05,6232542818093009819
p3,A,500,0,0,h05,6232542818093009819
p3,B,442,58,0,h05,6232542818093009819
p3,C,26,173,301,h05,6232542818093009819
p3,Non-ROH,500,0,0,h05,6232542818093009819
p1,A,500,0,0,h05,6246712317612346056
p1,B,217,275,8,h05,6246712317612346056
p1,C,58,64,378,h05,6246712317612346056
p1,Non-ROH,500,0,0,h05,6246712317612346056
p2,A,500,0,0,h05,6246712317612346056
p2,B,394,106,0,h05,6246712317612346056
p2,C,35,139,326,h05,6246712317612346056
p2,Non-ROH,500,0,0,h05,6246712317612346056
p3,A,500,0,0,h05,6246712317612346056
p3,B,445,55,0,h05,6246712317612346056
p3,C,38,132,330,h05,6246712317612346056
p3,Non-ROH,500,0,0,h05,6246712317612346056
p1,A,500,0,0,h05,6259645267454809915
p1,B,220,264,16,h05,6259645267454809915
p1,C,53,76,371,h05,6259645267454809915
p1,Non-ROH,500,0,0,h05,6259645267454809915
p2,A,500,0,0,h05,6259645267454809915
p2,B,406,94,0,h05,6259645267454809915
p2,C,34,120,346,h05,6259645267454809915
p2,Non-ROH,500,0,0,h05,6259645267454809915
p3,A,500,0,0,h05,6259645267454809915
p3,B,464,36,0,h05,6259645267454809915
p3,C,40,85,375,h05,6259645267454809915
p3,Non-ROH,500,0,0,h05,6259645267454809915
p1,A,500,0,0,h05,6265919475365982559
p1,B,242,244,14,h05,6265919475365982559
p1,C,70,70,360,h05,6265919475365982559
p1,Non-ROH,500,0,0,h05,6265919475365982559
p2,A,500,0,0,h05,6265919475365982559
p2,B,446,54,0,h05,6265919475365982559
p2,C,46,157,297,h05,6265919475365982559
p2,Non-ROH,500,0,0,h05,6265919475365982559
p3,A,500,0,0,h05,6265919475365982559
p3,B,463,37,0,h05,6265919475365982559
p3,C,29,90,381,h05,6265919475365982559
p3,Non-ROH,500,0,0,h05,6265919475365982559
p1,A,499,1,0,h05,6269168236526572803
p1,B,225,261,14,h05,6269168236526572803
p1,C,46,84,370,h05,6269168236526572803
p1,Non-ROH,500,0,0,h05,6269168236526572803
p2,A,500,0,0,h05,6269168236526572803
p2,B,377,123,0,h05,6269168236526572803
p2,C,29,106,365,h05,6269168236526572803
p2,Non-ROH,500,0,0,h05,6269168236526572803
p3,A,500,0,0,h05,6269168236526572803
p3,B,438,62,0,h05,6269168236526572803
p3,C,25,143,332,h05,6269168236526572803
p3,Non-ROH,500,0,0,h05,6269168236526572803
p1,A,500,0,0,h05,6269182381565030363
p1,B,256,233,11,h05,6269182381565030363
p1,C,53,85,362,h05,6269182381565030363
p1,Non-ROH,500,0,0,h05,6269182381565030363
p2,A,500,0,0,h05,6269182381565030363
p2,B,413,87,0,h05,6269182381565030363
p2,C,31,107,362,h05,6269182381565030363
p2,Non-ROH,500,0,0,h05,6269182381565030363
p3,A,500,0,0,h05,6269182381565030363
p3,B,448,52,0,h05,6269182381565030363
p3,C,36,115,349,h05,6269182381565030363
p3,Non-ROH,500,0,0,h05,6269182381565030363
p1,A,497,3,0,h05,6284185519829674114
p1,B,209,275,16,h05,6284185519829674114
p1,C,50,75,375,h05,6284185519829674114
p1,Non-ROH,500,0,0,h05,6284185519829674114
p2,A,500,0,0,h05,6284185519829674114
p2,B,371,129,0,h05,6284185519829674114
p2,C,35,142,323,h05,6284185519829674114
p2,Non-ROH,500,0,0,h05,6284185519829674114
p3,A,500,0,0,h05,6284185519829674114
p3,B,443,57,0,h05,6284185519829674114
p3,C,28,134,338,h05,6284185519829674114
p3,Non-ROH,500,0,0,h05,6284185519829674114
p1,A,499,1,0,h05,6290296284238542354
p1,B,192,288,20,h05,6290296284238542354
p1,C,50,69,381,h05,6290296284238542354
p1,Non-ROH,500,0,0,h05,6290296284238542354
p2,A,500,0,0,h05,6290296284238542354
p2,B,370,130,0,h05,6290296284238542354
p2,C,27,78,395,h05,6290296284238542354
p2,Non-ROH,500,0,0,h05,6290296284238542354
p3,A,500,0,0,h05,6290296284238542354
p3,B,446,54,0,h05,6290296284238542354
p3,C,33,101,366,h05,6290296284238542354
p3,Non-ROH,500,0,0,h05,6290296284238542354
p1,A,500,0,0,h05,6357666026212735585
p1,B,235,245,20,h05,6357666026212735585
p1,C,50,80,370,h05,6357666026212735585
p1,Non-ROH,500,0,0,h05,6357666026212735585
p2,A,500,0,0,h05,6357666026212735585
p2,B,413,87,0,h05,6357666026212735585
p2,C,39,74,387,h05,6357666026212735585
p2,Non-ROH,500,0,0,h05,6357666026212735585
p3,A,500,0,0,h05,6357666026212735585
p3,B,461,39,0,h05,6357666026212735585
p3,C,30,91,379,h05,6357666026212735585
p3,Non-ROH,500,0,0,h05,6357666026212735585
p1,A,500,0,0,h05,6362344980448189509
p1,B,239,242,19,h05,6362344980448189509
p1,C,54,79,367,h05,6362344980448189509
p1,Non-ROH,500,0,0,h05,6362344980448189509
p2,A,500,0,0,h05,6362344980448189509
p2,B,428,72,0,h05,6362344980448189509
p2,C,34,115,351,h05,6362344980448189509
p2,Non-ROH,500,0,0,h05,6362344980448189509
p3,A,500,0,0,h05,6362344980448189509
p3,B,475,25,0,h05,6362344980448189509
p3,C,34,90,376,h05,6362344980448189509
p3,Non-ROH,500,0,0,h05,6362344980448189509
p1,A,500,0,0,h05,6368216155042099914
p1,B,233,247,20,h05,6368216155042099914
p1,C,67,63,370,h05,6368216155042099914
p1,Non-ROH,500,0,0,h05,6368216155042099914
p2,A,500,0,0,h05,6368216155042099914
p2,B,432,68,0,h05,6368216155042099914
p2,C,42,96,362,h05,6368216155042099914
p2,Non-ROH,500,0,0,h05,6368216155042099914
p3,A,500,0,0,h05,6368216155042099914
p3,B,441,59,0,h05,6368216155042099914
p3,C,31,92,377,h05,6368216155042099914
p3,Non-ROH,500,0,0,h05,6368216155042099914
p1,A,500,0,0,h05,6385278253246509117
p1,B,194,291,15,h05,6385278253246509117
p1,C,46,56,398,h05,6385278253246509117
p1,Non-ROH,500,0,0,h05,6385278253246509117
p2,A,500,0,0,h05,6385278253246509117
p2,B,354,146,0,h05,6385278253246509117
p2,C,34,131,335,h05,6385278253246509117
p2,Non-ROH,500,0,0,h05,6385278253246509117
p3,A,500,0,0,h05,6385278253246509117
p3,B,434,66,0,h05,6385278253246509117
p3,C,36,142,322,h05,6385278253246509117
p3,Non-ROH,500,0,0,h05,6385278253246509117
p1,A,499,1,0,h05,6390009141172198261
p1,B,212,275,13,h05,6390009141172198261
p1,C,61,76,363,h05,6390009141172198261
p1,Non-ROH,500,0,0,h05,6390009141172198261
p2,A,500,0,0,h05,6390009141172198261
p2,B,377,123,0,h05,6390009141172198261
p2,C,83,58,359,h05,6390009141172198261
p2,Non-ROH,500,0,0,h05,6390009141172198261
p3,A,500,0,0,h05,6390009141172198261
p3,B,438,62,0,h05,6390009141172198261
p3,C,95,100,305,h05,6390009141172198261
p3,Non-ROH,500,0,0,h05,6390009141172198261
p1,A,500,0,0,h05,6421028996539312449
p1,B,210,275,15,h05,6421028996539312449
p1,C,54,73,373,h05,6421028996539312449
p1,Non-ROH,500,0,0,h05,6421028996539312449
p2,A,500,0,0,h05,6421028996539312449
p2,B,355,145,0,h05,6421028996539312449
p2,C,35,118,347,h05,6421028996539312449
p2,Non-ROH,500,0,0,h05,6421028996539312449
p3,A,500,0,0,h05,6421028996539312449
p3,B,396,104,0,h05,6421028996539312449
p3,C,28,124,348,h05,6421028996539312449
p3,Non-ROH,500,0,0,h05,6421028996539312449
p1,A,499,1,0,h05,6439465633329069027
p1,B,224,267,9,h05,6439465633329069027
p1,C,52,82,366,h05,6439465633329069027
p1,Non-ROH,500,0,0,h05,6439465633329069027
p2,A,500,0,0,h05,6439465633329069027
p2,B,431,69,0,h05,6439465633329069027
p2,C,53,96,351,h05,6439465633329069027
p2,Non-ROH,500,0,0,h05,6439465633329069027
p3,A,500,0,0,h05,6439465633329069027
p3,B,449,51,0,h05,6439465633329069027
p3,C,40,124,336,h05,6439465633329069027
p3,Non-ROH,500,0,0,h05,6439465633329069027
p1,A,500,0,0,h05,6448491319381278082
p1,B,230,259,11,h05,6448491319381278082
p1,C,62,64,374,h05,6448491319381278082
p1,Non-ROH,500,0,0,h05,6448491319381278082
p2,A,500,0,0,h05,6448491319381278082
p2,B,390,110,0,h05,6448491319381278082
p2,C,47,114,339,h05,6448491319381278082
p2,Non-ROH,500,0,0,h05,6448491319381278082
p3,A,500,0,0,h05,6448491319381278082
p3,B,455,45,0,h05,6448491319381278082
p3,C,35,129,336,h05,6448491319381278082
p3,Non-ROH,500,0,0,h05,6448491319381278082
p1,A,500,0,0,h05,6451332265907184009
p1,B,195,289,16,h05,6451332265907184009
p1,C,43,106,351,h05,6451332265907184009
p1,Non-ROH,500,0,0,h05,6451332265907184009
p2,A,500,0,0,h05,6451332265907184009
p2,B,390,109,1,h05,6451332265907184009
p2,C,35,110,355,h05,6451332265907184009
p2,Non-ROH,500,0,0,h05,6451332265907184009
p3,A,500,0,0,h05,6451332265907184009
p3,B,441,59,0,h05,6451332265907184009
p3,C,32,133,335,h05,6451332265907184009
p3,Non-ROH,500,0,0,h05,6451332265907184009
p1,A,499,1,0,h05,6452150494491919559
p1,B,256,233,11,h05,6452150494491919559
p1,C,49,73,378,h05,6452150494491919559
p1,Non-ROH,500,0,0,h05,6452150494491919559
p2,A,500,0,0,h05,6452150494491919559
p2,B,409,91,0,h05,6452150494491919559
p2,C,26,87,387,h05,6452150494491919559
p2,Non-ROH,500,0,0,h05,6452150494491919559
p3,A,500,0,0,h05,6452150494491919559
p3,B,449,51,0,h05,6452150494491919559
p3,C,52,72,376,h05,6452150494491919559
p3,Non-ROH,500,0,0,h05,6452150494491919559
p1,A,500,0,0,h05,6455604518832527548
p1,B,252,226,22,h05,6455604518832527548
p1,C,92,48,360,h05,6455604518832527548
p1,Non-ROH,500,0,0,h05,6455604518832527548
p2,A,500,0,0,h05,6455604518832527548
p2,B,445,55,0,h05,6455604518832527548
p2,C,91,62,347,h05,6455604518832527548
p2,Non-ROH,500,0,0,h05,6455604518832527548
p3,A,500,0,0,h05,6455604518832527548
p3,B,477,23,0,h05,6455604518832527548
p3,C,137,31,332,h05,6455604518832527548
p3,Non-ROH,500,0,0,h05,6455604518832527548
p1,A,499,1,0,h05,6496334684957736092
p1,B,236,251,13,h05,6496334684957736092
p1,C,43,83,374,h05,6496334684957736092
p1,Non-ROH,500,0,0,h05,6496334684957736092
p2,A,500,0,0,h05,6496334684957736092
p2,B,420,79,1,h05,6496334684957736092
p2,C,53,73,374,h05,6496334684957736092
p2,Non-ROH,500,0,0,h05,6496334684957736092
p3,A,500,0,0,h05,6496334684957736092
p3,B,445,55,0,h05,6496334684957736092
p3,C,47,94,359,h05,6496334684957736092
p3,Non-ROH,500,0,0,h05,6496334684957736092
p1,A,500,0,0,h05,6508288144275989490
p1,B,245,235,20,h05,6508288144275989490
p1,C,49,115,336,h05,6508288144275989490
p1,Non-ROH,500,0,0,h05,6508288144275989490
p2,A,500,0,0,h05,6508288144275989490
p2,B,430,70,0,h05,6508288144275989490
p2,C,44,120,336,h05,6508288144275989490
p2,Non-ROH,500,0,0,h05,6508288144275989490
p3,A,500,0,0,h05,6508288144275989490
p3,B,473,27,0,h05,6508288144275989490
p3,C,34,73,393,h05,6508288144275989490
p3,Non-ROH,500,0,0,h05,6508288144275989490
p1,A,500,0,0,h05,6516360367092738441
p1,B,241,241,18,h05,6516360367092738441
p1,C,89,29,382,h05,6516360367092738441
p1,Non-ROH,500,0,0,h05,6516360367092738441
p2,A,500,0,0,h05,6516360367092738441
p2,B,404,96,0,h05,6516360367092738441
p2,C,86,25,389,h05,6516360367092738441
p2,Non-ROH,500,0,0,h05,6516360367092738441
p3,A,500,0,0,h05,6516360367092738441
p3,B,459,41,0,h05,6516360367092738441
p3,C,119,24,357,h05,6516360367092738441
p3,Non-ROH,500,0,0,h05,6516360367092738441
p1,A,500,0,0,h05,6523041603552075949
p1,B,214,268,18,h05,6523041603552075949
p1,C,58,75,367,h05,6523041603552075949
p1,Non-ROH,500,0,0,h05,6523041603552075949
p2,A,500,0,0,h05,6523041603552075949
p2,B,412,88,0,h05,6523041603552075949
p2,C,50,70,380,h05,6523041603552075949
p2,Non-ROH,500,0,0,h05,6523041603552075949
p3,A,500,0,0,h05,6523041603552075949
p3,B,460,40,0,h05,6523041603552075949
p3,C,40,169,291,h05,6523041603552075949
p3,Non-ROH,500,0,0,h05,6523041603552075949
p1,A,500,0,0,h05,6558516962071440584
p1,B,207,277,16,h05,6558516962071440584
p1,C,53,84,363,h05,6558516962071440584
p1,Non-ROH,500,0,0,h05,6558516962071440584
p2,A,500,0,0,h05,6558516962071440584
p2,B,418,82,0,h05,6558516962071440584
p2,C,30,105,365,h05,6558516962071440584
p2,Non-ROH,500,0,0,h05,6558516962071440584
p3,A,500,0,0,h05,6558516962071440584
p3,B,418,82,0,h05,6558516962071440584
p3,C,40,195,265,h05,6558516962071440584
p3,Non-ROH,500,0,0,h05,6558516962071440584
p1,A,500,0,0,h05,65745047219222110
p1,B,228,260,12,h05,65745047219222110
p1,C,65,93,342,h05,65745047219222110
p1,Non-ROH,500,0,0,h05,65745047219222110
p2,A,500,0,0,h05,65745047219222110
p2,B,426,74,0,h05,65745047219222110
p2,C,35,63,402,h05,65745047219222110
p2,Non-ROH,500,0,0,h05,65745047219222110
p3,A,500,0,0,h05,65745047219222110
p3,B,445,55,0,h05,65745047219222110
p3,C,48,75,377,h05,65745047219222110
p3,Non-ROH,500,0,0,h05,65745047219222110
p1,A,500,0,0,h05,6576878391904262212
p1,B,261,220,19,h05,6576878391904262212
p1,C,60,66,374,h05,6576878391904262212
p1,Non-ROH,500,0,0,h05,6576878391904262212
p2,A,500,0,0,h05,6576878391904262212
p2,B,410,90,0,h05,6576878391904262212
p2,C,71,79,350,h05,6576878391904262212
p2,Non-ROH,500,0,0,h05,6576878391904262212
p3,A,500,0,0,h05,6576878391904262212
p3,B,446,54,0,h05,6576878391904262212
p3,C,44,127,329,h05,6576878391904262212
p3,Non-ROH,500,0,0,h05,6576878391904262212
p1,A,500,0,0,h05,6581483238120903606
p1,B,224,268,8,h05,6581483238120903606
p1,C,63,78,359,h05,6581483238120903606
p1,Non-ROH,500,0,0,h05,6581483238120903606
p2,A,500,0,0,h05,6581483238120903606
p2,B,405,95,0,h05,6581483238120903606
p2,C,43,79,378,h05,6581483238120903606
p2,Non-ROH,500,0,0,h05,6581483238120903606
p3,A,500,0,0,h05,6581483238120903606
p3,B,466,34,0,h05,6581483238120903606
p3,C,32,115,353,h05,6581483238120903606
p3,Non-ROH,500,0,0,h05,6581483238120903606
p1,A,500,0,0,h05,6604297736428864712
p1,B,220,270,10,h05,6604297736428864712
p1,C,55,98,347,h05,6604297736428864712
p1,Non-ROH,500,0,0,h05,6604297736428864712
p2,A,500,0,0,h05,6604297736428864712
p2,B,394,105,1,h05,6604297736428864712
p2,C,37,71,392,h05,6604297736428864712
p2,Non-ROH,500,0,0,h05,6604297736428864712
p3,A,500,0,0,h05,6604297736428864712
p3,B,457,43,0,h05,6604297736428864712
p3,C,42,108,350,h05,6604297736428864712
p3,Non-ROH,500,0,0,h05,6604297736428864712
p1,A,499,1,0,h05,6606734994208560545
p1,B,204,270,26,h05,6606734994208560545
p1,C,58,65,377,h05,6606734994208560545
p1,Non-ROH,500,0,0,h05,6606734994208560545
p2,A,500,0,0,h05,6606734994208560545
p2,B,393,107,0,h05,6606734994208560545
p2,C,36,78,386,h05,6606734994208560545
p2,Non-ROH,500,0,0,h05,6606734994208560545
p3,A,500,0,0,h05,6606734994208560545
p3,B,439,61,0,h05,6606734994208560545
p3,C,39,157,304,h05,6606734994208560545
p3,Non-ROH,500,0,0,h05,6606734994208560545
p1,A,500,0,0,h05,6620162662716944765
p1,B,213,274,13,h05,6620162662716944765
p1,C,49,73,378,h05,6620162662716944765
p1,Non-ROH,500,0,0,h05,6620162662716944765
p2,A,500,0,0,h05,6620162662716944765
p2,B,430,70,0,h05,6620162662716944765
p2,C,41,143,316,h05,6620162662716944765
p2,Non-ROH,500,0,0,h05,6620162662716944765
p3,A,500,0,0,h05,6620162662716944765
p3,B,456,44,0,h05,6620162662716944765
p3,C,26,111,363,h05,6620162662716944765
p3,Non-ROH,500,0,0,h05,6620162662716944765
p1,A,498,2,0,h05,6626455237405270801
p1,B,224,258,18,h05,6626455237405270801
p1,C,49,71,380,h05,6626455237405270801
p1,Non-ROH,500,0,0,h05,6626455237405270801
p2,A,500,0,0,h05,6626455237405270801
p2,B,402,98,0,h05,6626455237405270801
p2,C,35,97,368,h05,6626455237405270801
p2,Non-ROH,500,0,0,h05,6626455237405270801
p3,A,500,0,0,h05,6626455237405270801
p3,B,420,80,0,h05,6626455237405270801
p3,C,31,132,337,h05,6626455237405270801
p3,Non-ROH,500,0,0,h05,6626455237405270801
p1,A,498,2,0,h05,6664075371792418457
p1,B,239,245,16,h05,6664075371792418457
p1,C,49,80,371,h05,6664075371792418457
p1,Non-ROH,500,0,0,h05,6664075371792418457
p2,A,500,0,0,h05,6664075371792418457
p2,B,426,74,0,h05,6664075371792418457
p2,C,40,91,369,h05,6664075371792418457
p2,Non-ROH,500,0,0,h05,6664075371792418457
p3,A,500,0,0,h05,6664075371792418457
p3,B,445,55,0,h05,6664075371792418457
p3,C,45,131,324,h05,6664075371792418457
p3,Non-ROH,500,0,0,h05,6664075371792418457
p1,A,500,0,0,h05,6673403092828770641
p1,B,235,252,13,h05,6673403092828770641
p1,C,53,81,366,h05,6673403092828770641
p1,Non-ROH,500,0,0,h05,6673403092828770641
p2,A,500,0,0,h05,6673403092828770641
p2,B,391,108,1,h05,6673403092828770641
p2,C,41,114,345,h05,6673403092828770641
p2,Non-ROH,500,0,0,h05,6673403092828770641
p3,A,500,0,0,h05,6673403092828770641
p3,B,439,61,0,h05,6673403092828770641
p3,C,35,124,341,h05,6673403092828770641
p3,Non-ROH,500,0,0,h05,6673403092828770641
p1,A,500,0,0,h05,6684605955085993198
p1,B,242,244,14,h05,6684605955085993198
p1,C,62,85,353,h05,6684605955085993198
p1,Non-ROH,500,0,0,h05,6684605955085993198
p2,A,500,0,0,h05,6684605955085993198
p2,B,407,93,0,h05,6684605955085993198
p2,C,67,60,373,h05,6684605955085993198
p2,Non-ROH,500,0,0,h05,6684605955085993198
p3,A,500,0,0,h05,6684605955085993198
p3,B,432,68,0,h05,6684605955085993198
p3,C,54,59,387,h05,6684605955085993198
p3,Non-ROH,500,0,0,h05,6684605955085993198
p1,A,500,0,0,h05,6692783105292690747
p1,B,191,297,12,h05,6692783105292690747
p1,C,39,94,367,h05,6692783105292690747
p1,Non-ROH,500,0,0,h05,6692783105292690747
p2,A,500,0,0,h05,6692783105292690747
p2,B,386,114,0,h05,6692783105292690747
p2,C,32,76,392,h05,6692783105292690747
p2,Non-ROH,500,0,0,h05,6692783105292690747
p3,A,500,0,0,h05,6692783105292690747
p3,B,428,72,0,h05,6692783105292690747
p3,C,27,117,356,h05,6692783105292690747
p3,Non-ROH,500,0,0,h05,6692783105292690747
p1,A,500,0,0,h05,6708904773458108485
p1,B,238,247,15,h05,6708904773458108485
p1,C,48,93,359,h05,6708904773458108485
p1,Non-ROH,500,0,0,h05,6708904773458108485
p2,A,500,0,0,h05,6708904773458108485
p2,B,430,70,0,h05,6708904773458108485
p2,C,44,109,347,h05,6708904773458108485
p2,Non-ROH,500,0,0,h05,6708904773458108485
p3,A,500,0,0,h05,6708904773458108485
p3,B,462,38,0,h05,6708904773458108485
p3,C,36,133,331,h05,6708904773458108485
p3,Non-ROH,500,0,0,h05,6708904773458108485
p1,A,499,1,0,h05,6746574326061134356
p1,B,229,250,21,h05,6746574326061134356
p1,C,45,65,390,h05,6746574326061134356
p1,Non-ROH,500,0,0,h05,6746574326061134356
p2,A,500,0,0,h05,6746574326061134356
p2,B,397,103,0,h05,6746574326061134356
p2,C,43,133,324,h05,6746574326061134356
p2,Non-ROH,500,0,0,h05,6746574326061134356
p3,A,500,0,0,h05,6746574326061134356
p3,B,448,52,0,h05,6746574326061134356
p3,C,38,102,360,h05,6746574326061134356
p3,Non-ROH,500,0,0,h05,6746574326061134356
p1,A,499,1,0,h05,6748278152601279719
p1,B,231,252,17,h05,6748278152601279719
p1,C,53,67,380,h05,6748278152601279719
p1,Non-ROH,500,0,0,h05,6748278152601279719
p2,A,500,0,0,h05,6748278152601279719
p2,B,399,101,0,h05,6748278152601279719
p2,C,42,93,365,h05,6748278152601279719
p2,Non-ROH,500,0,0,h05,6748278152601279719
p3,A,500,0,0,h05,6748278152601279719
p3,B,443,57,0,h05,6748278152601279719
p3,C,39,198,263,h05,6748278152601279719
p3,Non-ROH,500,0,0,h05,6748278152601279719
p1,A,500,0,0,h05,6753742325627365866
p1,B,210,277,13,h05,6753742325627365866
p1,C,57,88,355,h05,6753742325627365866
p1,Non-ROH,500,0,0,h05,6753742325627365866
p2,A,500,0,0,h05,6753742325627365866
p2,B,354,146,0,h05,6753742325627365866
p2,C,30,83,387,h05,6753742325627365866
p2,Non-ROH,500,0,0,h05,6753742325627365866
p3,A,500,0,0,h05,6753742325627365866
p3,B,440,60,0,h05,6753742325627365866
p3,C,22,153,325,h05,6753742325627365866
p3,Non-ROH,500,0,0,h05,6753742325627365866
p1,A,500,0,0,h05,6758853345369921110
p1,B,244,246,10,h05,6758853345369921110
p1,C,62,74,364,h05,6758853345369921110
p1,Non-ROH,500,0,0,h05,6758853345369921110
p2,A,500,0,0,h05,6758853345369921110
p2,B,452,48,0,h05,6758853345369921110
p2,C,48,77,375,h05,6758853345369921110
p2,Non-ROH,500,0,0,h05,6758853345369921110
p3,A,500,0,0,h05,6758853345369921110
p3,B,461,39,0,h05,6758853345369921110
p3,C,41,85,374,h05,6758853345369921110
p3,Non-ROH,500,0,0,h05,6758853345369921110
p1,A,498,2,0,h05,6801199864283869829
p1,B,221,256,23,h05,6801199864283869829
p1,C,45,95,360,h05,6801199864283869829
p1,Non-ROH,500,0,0,h05,6801199864283869829
p2,A,500,0,0,h05,6801199864283869829
p2,B,394,106,0,h05,6801199864283869829
p2,C,38,77,385,h05,6801199864283869829
p2,Non-ROH,500,0,0,h05,6801199864283869829
p3,A,500,0,0,h05,6801199864283869829
p3,B,428,72,0,h05,6801199864283869829
p3,C,38,100,362,h05,6801199864283869829
p3,Non-ROH,500,0,0,h05,6801199864283869829
p1,A,499,1,0,h05,6804097373554630521
p1,B,212,270,18,h05,6804097373554630521
p1,C,45,89,366,h05,6804097373554630521
p1,Non-ROH,500,0,0,h05,6804097373554630521
p2,A,500,0,0,h05,6804097373554630521
p2,B,400,100,0,h05,6804097373554630521
p2,C,34,109,357,h05,6804097373554630521
p2,Non-ROH,500,0,0,h05,6804097373554630521
p3,A,500,0,0,h05,6804097373554630521
p3,B,436,64,0,h05,6804097373554630521
p3,C,26,107,367,h05,6804097373554630521
p3,Non-ROH,500,0,0,h05,6804097373554630521
p1,A,500,0,0,h05,6807585274805409300
p1,B,237,252,11,h05,6807585274805409300
p1,C,52,80,368,h05,6807585274805409300
p1,Non-ROH,500,0,0,h05,6807585274805409300
p2,A,500,0,0,h05,6807585274805409300
p2,B,388,112,0,h05,6807585274805409300
p2,C,40,97,363,h05,6807585274805409300
p2,Non-ROH,500,0,0,h05,6807585274805409300
p3,A,500,0,0,h05,6807585274805409300
p3,B,451,49,0,h05,6807585274805409300
p3,C,29,97,374,h05,6807585274805409300
p3,Non-ROH,500,0,0,h05,6807585274805409300
p1,A,499,1,0,h05,6837487739968676223
p1,B,213,273,14,h05,6837487739968676223
p1,C,44,90,366,h05,6837487739968676223
p1,Non-ROH,500,0,0,h05,6837487739968676223
p2,A,500,0,0,h05,6837487739968676223
p2,B,372,128,0,h05,6837487739968676223
p2,C,40,92,368,h05,6837487739968676223
p2,Non-ROH,500,0,0,h05,6837487739968676223
p3,A,500,0,0,h05,6837487739968676223
p3,B,421,79,0,h05,6837487739968676223
p3,C,49,91,360,h05,6837487739968676223
p3,Non-ROH,500,0,0,h05,6837487739968676223
p1,A,500,0,0,h05,6846412051261217456
p1,B,222,261,17,h05,6846412051261217456
p1,C,46,86,368,h05,6846412051261217456
p1,Non-ROH,500,0,0,h05,6846412051261217456
p2,A,500,0,0,h05,6846412051261217456
p2,B,444,56,0,h05,6846412051261217456
p2,C,41,74,385,h05,6846412051261217456
p2,Non-ROH,500,0,0,h05,6846412051261217456
p3,A,500,0,0,h05,6846412051261217456
p3,B,448,52,0,h05,6846412051261217456
p3,C,44,62,394,h05,6846412051261217456
p3,Non-ROH,500,0,0,h05,6846412051261217456
p1,A,500,0,0,h05,6854365311082777985
p1,B,224,260,16,h05,6854365311082777985
p1,C,44,106,350,h05,6854365311082777985
p1,Non-ROH,500,0,0,h05,6854365311082777985
p2,A,500,0,0,h05,6854365311082777985
p2,B,403,97,0,h05,6854365311082777985
p2,C,35,92,373,h05,6854365311082777985
p2,Non-ROH,500,0,0,h05,6854365311082777985
p3,A,500,0,0,h05,6854365311082777985
p3,B,448,52,0,h05,6854365311082777985
p3,C,30,148,322,h05,6854365311082777985
p3,Non-ROH,500,0,0,h05,6854365311082777985
p1,A,500,0,0,h05,6857999241476515947
p1,B,199,288,13,h05,6857999241476515947
p1,C,60,88,352,h05,6857999241476515947
p1,Non-ROH,500,0,0,h05,6857999241476515947
p2,A,500,0,0,h05,6857999241476515947
p2,B,419,81,0,h05,6857999241476515947
p2,C,36,133,331,h05,6857999241476515947
p2,Non-ROH,500,0,0,h05,6857999241476515947
p3,A,500,0,0,h05,6857999241476515947
p3,B,445,55,0,h05,6857999241476515947
p3,C,25,86,389,h05,6857999241476515947
p3,Non-ROH,500,0,0,h05,6857999241476515947
p1,A,500,0,0,h05,6867685611363217168
p1,B,247,235,18,h05,6867685611363217168
p1,C,80,56,364,h05,6867685611363217168
p1,Non-ROH,500,0,0,h05,6867685611363217168
p2,A,500,0,0,h05,6867685611363217168
p2,B,439,61,0,h05,6867685611363217168
p2,C,55,63,382,h05,6867685611363217168
p2,Non-ROH,500,0,0,h05,6867685611363217168
p3,A,500,0,0,h05,6867685611363217168
p3,B,460,40,0,h05,6867685611363217168
p3,C,158,71,271,h05,6867685611363217168
p3,Non-ROH,500,0,0,h05,6867685611363217168
p1,A,500,0,0,h05,6967905875137337728
p1,B,213,273,14,h05,6967905875137337728
p1,C,46,77,377,h05,6967905875137337728
p1,Non-ROH,500,0,0,h05,6967905875137337728
p2,A,500,0,0,h05,6967905875137337728
p2,B,405,95,0,h05,6967905875137337728
p2,C,34,60,406,h05,6967905875137337728
p2,Non-ROH,500,0,0,h05,6967905875137337728
p3,A,500,0,0,h05,6967905875137337728
p3,B,449,51,0,h05,6967905875137337728
p3,C,52,98,350,h05,6967905875137337728
p3,Non-ROH,500,0,0,h05,6967905875137337728
p1,A,500,0,0,h05,6990352202813107772
p1,B,227,256,17,h05,6990352202813107772
p1,C,60,73,367,h05,6990352202813107772
p1,Non-ROH,500,0,0,h05,6990352202813107772
p2,A,500,0,0,h05,6990352202813107772
p2,B,399,101,0,h05,6990352202813107772
p2,C,42,101,357,h05,6990352202813107772
p2,Non-ROH,500,0,0,h05,6990352202813107772
p3,A,500,0,0,h05,6990352202813107772
p3,B,457,43,0,h05,6990352202813107772
p3,C,56,68,376,h05,6990352202813107772
p3,Non-ROH,500,0,0,h05,6990352202813107772
p1,A,500,0,0,h05,6999224030951637593
p1,B,240,246,14,h05,6999224030951637593
p1,C,48,77,375,h05,6999224030951637593
p1,Non-ROH,500,0,0,h05,6999224030951637593
p2,A,500,0,0,h05,6999224030951637593
p2,B,408,92,0,h05,6999224030951637593
p2,C,49,75,376,h05,6999224030951637593
p2,Non-ROH,500,0,0,h05,6999224030951637593
p3,A,500,0,0,h05,6999224030951637593
p3,B,459,41,0,h05,6999224030951637593
p3,C,50,97,353,h05,6999224030951637593
p3,Non-ROH,500,0,0,h05,6999224030951637593
p1,A,500,0,0,h05,7001998184227675245
p1,B,232,250,18,h05,7001998184227675245
p1,C,53,86,361,h05,7001998184227675245
p1,Non-ROH,500,0,0,h05,7001998184227675245
p2,A,500,0,0,h05,7001998184227675245
p2,B,368,132,0,h05,7001998184227675245
p2,C,27,131,342,h05,7001998184227675245
p2,Non-ROH,500,0,0,h05,7001998184227675245
p3,A,500,0,0,h05,7001998184227675245
p3,B,440,60,0,h05,7001998184227675245
p3,C,33,149,318,h05,7001998184227675245
p3,Non-ROH,500,0,0,h05,7001998184227675245
p1,A,500,0,0,h05,7022494102257959673
p1,B,223,260,17,h05,7022494102257959673
p1,C,51,82,367,h05,7022494102257959673
p1,Non-ROH,500,0,0,h05,7022494102257959673
p2,A,500,0,0,h05,7022494102257959673
p2,B,386,114,0,h05,7022494102257959673
p2,C,28,66,406,h05,7022494102257959673
p2,Non-ROH,500,0,0,h05,7022494102257959673
p3,A,500,0,0,h05,7022494102257959673
p3,B,445,55,0,h05,7022494102257959673
p3,C,31,99,370,h05,7022494102257959673
p3,Non-ROH,500,0,0,h05,7022494102257959673
p1,A,500,0,0,h05,7024825114201618952
p1,B,221,269,10,h05,7024825114201618952
p1,C,58,78,364,h05,7024825114201618952
p1,Non-ROH,500,0,0,h05,7024825114201618952
p2,A,500,0,0,h05,7024825114201618952
p2,B,410,90,0,h05,7024825114201618952
p2,C,46,105,349,h05,7024825114201618952
p2,Non-ROH,500,0,0,h05,7024825114201618952
p3,A,500,0,0,h05,7024825114201618952
p3,B,447,53,0,h05,7024825114201618952
p3,C,26,86,388,h05,7024825114201618952
p3,Non-ROH,500,0,0,h05,7024825114201618952
p1,A,500,0,0,h05,7026012457387303602
p1,B,256,229,15,h05,7026012457387303602
p1,C,51,74,375,h05,7026012457387303602
p1,Non-ROH,500,0,0,h05,7026012457387303602
p2,A,500,0,0,h05,7026012457387303602
p2,B,439,61,0,h05,7026012457387303602
p2,C,47,74,379,h05,7026012457387303602
p2,Non-ROH,500,0,0,h05,7026012457387303602
p3,A,500,0,0,h05,7026012457387303602
p3,B,473,27,0,h05,7026012457387303602
p3,C,58,108,334,h05,7026012457387303602
p3,Non-ROH,500,0,0,h05,7026012457387303602
p1,A,499,1,0,h05,702866826919678922
p1,B,238,249,13,h05,702866826919678922
p1,C,62,57,381,h05,702866826919678922
p1,Non-ROH,500,0,0,h05,702866826919678922
p2,A,500,0,0,h05,702866826919678922
p2,B,431,69,0,h05,702866826919678922
p2,C,49,68,383,h05,702866826919678922
p2,Non-ROH,500,0,0,h05,702866826919678922
p3,A,500,0,0,h05,702866826919678922
p3,B,458,42,0,h05,702866826919678922
p3,C,41,99,360,h05,702866826919678922
p3,Non-ROH,500,0,0,h05,702866826919678922
p1,A,500,0,0,h05,7040873979892159498
p1,B,232,252,16,h05,7040873979892159498
p1,C,52,72,376,h05,7040873979892159498
p1,Non-ROH,500,0,0,h05,7040873979892159498
p2,A,500,0,0,h05,7040873979892159498
p2,B,395,105,0,h05,7040873979892159498
p2,C,36,118,346,h05,7040873979892159498
p2,Non-ROH,500,0,0,h05,7040873979892159498
p3,A,500,0,0,h05,7040873979892159498
p3,B,460,40,0,h05,7040873979892159498
p3,C,37,143,320,h05,7040873979892159498
p3,Non-ROH,500,0,0,h05,7040873979892159498
p1,A,500,0,0,h05,7047073392724299905
p1,B,181,298,21,h05,7047073392724299905
p1,C,52,66,382,h05,7047073392724299905
p1,Non-ROH,500,0,0,h05,7047073392724299905
p2,A,500,0,0,h05,7047073392724299905
p2,B,368,132,0,h05,7047073392724299905
p2,C,31,99,370,h05,7047073392724299905
p2,Non-ROH,500,0,0,h05,7047073392724299905
p3,A,500,0,0,h05,7047073392724299905
p3,B,427,73,0,h05,7047073392724299905
p3,C,38,114,348,h05,7047073392724299905
p3,Non-ROH,500,0,0,h05,7047073392724299905
p1,A,499,1,0,h05,7064175879779554059
p1,B,249,234,17,h05,7064175879779554059
p1,C,61,53,386,h05,7064175879779554059
p1,Non-ROH,500,0,0,h05,7064175879779554059
p2,A,500,0,0,h05,7064175879779554059
p2,B,422,77,1,h05,7064175879779554059
p2,C,41,116,343,h05,7064175879779554059
p2,Non-ROH,500,0,0,h05,7064175879779554059
p3,A,500,0,0,h05,7064175879779554059
p3,B,460,40,0,h05,7064175879779554059
p3,C,41,82,377,h05,7064175879779554059
p3,Non-ROH,500,0,0,h05,7064175879779554059
p1,A,500,0,0,h05,7066261505938673149
p1,B,239,253,8,h05,7066261505938673149
p1,C,57,75,368,h05,7066261505938673149
p1,Non-ROH,500,0,0,h05,7066261505938673149
p2,A,500,0,0,h05,7066261505938673149
p2,B,411,89,0,h05,7066261505938673149
p2,C,37,106,357,h05,7066261505938673149
p2,Non-ROH,500,0,0,h05,7066261505938673149
p3,A,500,0,0,h05,7066261505938673149
p3,B,451,49,0,h05,7066261505938673149
p3,C,23,154,323,h05,7066261505938673149
p3,Non-ROH,500,0,0,h05,7066261505938673149
p1,A,500,0,0,h05,7068912131551755293
p1,B,246,245,9,h05,7068912131551755293
p1,C,48,76,376,h05,7068912131551755293
p1,Non-ROH,500,0,0,h05,7068912131551755293
p2,A,500,0,0,h05,7068912131551755293
p2,B,402,98,0,h05,7068912131551755293
p2,C,34,124,342,h05,7068912131551755293
p2,Non-ROH,500,0,0,h05,7068912131551755293
p3,A,500,0,0,h05,7068912131551755293
p3,B,461,39,0,h05,7068912131551755293
p3,C,43,81,376,h05,7068912131551755293
p3,Non-ROH,500,0,0,h05,7068912131551755293
p1,A,499,1,0,h05,708598414843601433
p1,B,225,259,16,h05,708598414843601433
p1,C,45,69,386,h05,708598414843601433
p1,Non-ROH,500,0,0,h05,708598414843601433
p2,A,500,0,0,h05,708598414843601433
p2,B,373,127,0,h05,708598414843601433
p2,C,41,129,330,h05,708598414843601433
p2,Non-ROH,500,0,0,h05,708598414843601433
p3,A,500,0,0,h05,708598414843601433
p3,B,415,85,0,h05,708598414843601433
p3,C,34,97,369,h05,708598414843601433
p3,Non-ROH,500,0,0,h05,708598414843601433
p1,A,500,0,0,h05,7090392351816283814
p1,B,207,278,15,h05,7090392351816283814
p1,C,34,75,391,h05,7090392351816283814
p1,Non-ROH,500,0,0,h05,7090392351816283814
p2,A,500,0,0,h05,7090392351816283814
p2,B,399,101,0,h05,7090392351816283814
p2,C,24,88,388,h05,7090392351816283814
p2,Non-ROH,500,0,0,h05,7090392351816283814
p3,A,500,0,0,h05,7090392351816283814
p3,B,453,47,0,h05,7090392351816283814
p3,C,25,95,380,h05,7090392351816283814
p3,Non-ROH,500,0,0,h05,7090392351816283814
p1,A,500,0,0,h05,7094009697117592830
p1,B,192,303,5,h05,7094009697117592830
p1,C,54,82,364,h05,7094009697117592830
p1,Non-ROH,500,0,0,h05,7094009697117592830
p2,A,500,0,0,h05,7094009697117592830
p2,B,355,145,0,h05,7094009697117592830
p2,C,30,133,337,h05,7094009697117592830
p2,Non-ROH,500,0,0,h05,7094009697117592830
p3,A,500,0,0,h05,7094009697117592830
p3,B,425,75,0,h05,7094009697117592830
p3,C,30,111,359,h05,7094009697117592830
p3,Non-ROH,500,0,0,h05,7094009697117592830
p1,A,500,0,0,h05,7096354102309646186
p1,B,261,218,21,h05,7096354102309646186
p1,C,60,59,381,h05,7096354102309646186
p1,Non-ROH,500,0,0,h05,7096354102309646186
p2,A,500,0,0,h05,7096354102309646186
p2,B,441,59,0,h05,7096354102309646186
p2,C,51,95,354,h05,7096354102309646186
p2,Non-ROH,500,0,0,h05,7096354102309646186
p3,A,500,0,0,h05,7096354102309646186
p3,B,467,33,0,h05,7096354102309646186
p3,C,37,102,361,h05,7096354102309646186
p3,Non-ROH,500,0,0,h05,7096354102309646186
p1,A,499,1,0,h05,7098150741460012523
p1,B,234,246,20,h05,7098150741460012523
p1,C,61,76,363,h05,7098150741460012523
p1,Non-ROH,500,0,0,h05,7098150741460012523
p2,A,500,0,0,h05,7098150741460012523
p2,B,417,83,0,h05,7098150741460012523
p2,C,41,155,304,h05,7098150741460012523
p2,Non-ROH,500,0,0,h05,7098150741460012523
p3,A,500,0,0,h05,7098150741460012523
p3,B,456,44,0,h05,7098150741460012523
p3,C,44,130,326,h05,7098150741460012523
p3,Non-ROH,500,0,0,h05,7098150741460012523
p1,A,500,0,0,h05,7108966408127510530
p1,B,248,243,9,h05,7108966408127510530
p1,C,50,85,365,h05,7108966408127510530
p1,Non-ROH,500,0,0,h05,7108966408127510530
p2,A,500,0,0,h05,7108966408127510530
p2,B,415,85,0,h05,7108966408127510530
p2,C,48,110,342,h05,7108966408127510530
p2,Non-ROH,500,0,0,h05,7108966408127510530
p3,A,500,0,0,h05,7108966408127510530
p3,B,444,56,0,h05,7108966408127510530
p3,C,50,100,350,h05,7108966408127510530
p3,Non-ROH,500,0,0,h05,7108966408127510530
p1,A,500,0,0,h05,7128957838161443484
p1,B,217,275,8,h05,7128957838161443484
p1,C,63,72,365,h05,7128957838161443484
p1,Non-ROH,500,0,0,h05,7128957838161443484
p2,A,500,0,0,h05,7128957838161443484
p2,B,374,126,0,h05,7128957838161443484
p2,C,31,94,375,h05,7128957838161443484
p2,Non-ROH,500,0,0,h05,7128957838161443484
p3,A,500,0,0,h05,7128957838161443484
p3,B,413,87,0,h05,7128957838161443484
p3,C,23,142,335,h05,7128957838161443484
p3,Non-ROH,500,0,0,h05,7128957838161443484
p1,A,500,0,0,h05,714482021211796882
p1,B,241,247,12,h05,714482021211796882
p1,C,68,65,367,h05,714482021211796882
p1,Non-ROH,500,0,0,h05,714482021211796882
p2,A,500,0,0,h05,714482021211796882
p2,B,454,46,0,h05,714482021211796882
p2,C,42,105,353,h05,714482021211796882
p2,Non-ROH,500,0,0,h05,714482021211796882
p3,A,500,0,0,h05,714482021211796882
p3,B,454,46,0,h05,714482021211796882
p3,C,91,113,296,h05,714482021211796882
p3,Non-ROH,500,0,0,h05,714482021211796882
p1,A,497,3,0,h05,7157284801700828225
p1,B,209,274,17,h05,7157284801700828225
p1,C,38,117,345,h05,7157284801700828225
p1,Non-ROH,500,0,0,h05,7157284801700828225
p2,A,500,0,0,h05,7157284801700828225
p2,B,406,94,0,h05,7157284801700828225
p2,C,31,95,374,h05,7157284801700828225
p2,Non-ROH,500,0,0,h05,7157284801700828225
p3,A,500,0,0,h05,7157284801700828225
p3,B,433,67,0,h05,7157284801700828225
p3,C,35,105,360,h05,7157284801700828225
p3,Non-ROH,500,0,0,h05,7157284801700828225
p1,A,500,0,0,h05,7176453052980385458
p1,B,256,228,16,h05,7176453052980385458
p1,C,80,33,387,h05,7176453052980385458
p1,Non-ROH,500,0,0,h05,7176453052980385458
p2,A,500,0,0,h05,7176453052980385458
p2,B,444,56,0,h05,7176453052980385458
p2,C,110,26,364,h05,7176453052980385458
p2,Non-ROH,500,0,0,h05,7176453052980385458
p3,A,500,0,0,h05,7176453052980385458
p3,B,470,30,0,h05,7176453052980385458
p3,C,151,45,304,h05,7176453052980385458
p3,Non-ROH,500,0,0,h05,7176453052980385458
p1,A,500,0,0,h05,7189834021343857135
p1,B,221,263,16,h05,7189834021343857135
p1,C,55,90,355,h05,7189834021343857135
p1,Non-ROH,500,0,0,h05,7189834021343857135
p2,A,500,0,0,h05,7189834021343857135
p2,B,420,80,0,h05,7189834021343857135
p2,C,30,87,383,h05,7189834021343857135
p2,Non-ROH,500,0,0,h05,7189834021343857135
p3,A,500,0,0,h05,7189834021343857135
p3,B,443,57,0,h05,7189834021343857135
p3,C,39,132,329,h05,7189834021343857135
p3,Non-ROH,500,0,0,h05,7189834021343857135
p1,A,497,3,0,h05,7190431898777044429
p1,B,205,284,11,h05,7190431898777044429
p1,C,47,80,373,h05,7190431898777044429
p1,Non-ROH,500,0,0,h05,7190431898777044429
p2,A,500,0,0,h05,7190431898777044429
p2,B,372,128,0,h05,7190431898777044429
p2,C,41,115,344,h05,7190431898777044429
p2,Non-ROH,500,0,0,h05,7190431898777044429
p3,A,500,0,0,h05,7190431898777044429
p3,B,423,77,0,h05,7190431898777044429
p3,C,33,141,326,h05,7190431898777044429
p3,Non-ROH,500,0,0,h05,7190431898777044429
p1,A,498,2,0,h05,7200917081641086426
p1,B,230,259,11,h05,7200917081641086426
p1,C,44,97,359,h05,7200917081641086426
p1,Non-ROH,500,0,0,h05,7200917081641086426
p2,A,500,0,0,h05,7200917081641086426
p2,B,395,105,0,h05,7200917081641086426
p2,C,39,74,387,h05,7200917081641086426
p2,Non-ROH,500,0,0,h05,7200917081641086426
p3,A,500,0,0,h05,7200917081641086426
p3,B,473,27,0,h05,7200917081641086426
p3,C,31,99,370,h05,7200917081641086426
p3,Non-ROH,500,0,0,h05,7200917081641086426
p1,A,500,0,0,h05,7201333657579785171
p1,B,230,255,15,h05,7201333657579785171
p1,C,56,79,365,h05,7201333657579785171
p1,Non-ROH,500,0,0,h05,7201333657579785171
p2,A,500,0,0,h05,7201333657579785171
p2,B,394,106,0,h05,7201333657579785171
p2,C,45,103,352,h05,7201333657579785171
p2,Non-ROH,500,0,0,h05,7201333657579785171
p3,A,500,0,0,h05,7201333657579785171
p3,B,439,61,0,h05,7201333657579785171
p3,C,52,108,340,h05,7201333657579785171
p3,Non-ROH,500,0,0,h05,7201333657579785171
p1,A,500,0,0,h05,7207765655411287474
p1,B,218,266,16,h05,7207765655411287474
p1,C,44,74,382,h05,7207765655411287474
p1,Non-ROH,500,0,0,h05,7207765655411287474
p2,A,500,0,0,h05,7207765655411287474
p2,B,379,121,0,h05,7207765655411287474
p2,C,34,111,355,h05,7207765655411287474
p2,Non-ROH,500,0,0,h05,7207765655411287474
p3,A,500,0,0,h05,7207765655411287474
p3,B,426,74,0,h05,7207765655411287474
p3,C,23,159,318,h05,7207765655411287474
p3,Non-ROH,500,0,0,h05,7207765655411287474
p1,A,499,1,0,h05,7227517267945620979
p1,B,224,260,16,h05,7227517267945620979
p1,C,54,73,373,h05,7227517267945620979
p1,Non-ROH,500,0,0,h05,7227517267945620979
p2,A,500,0,0,h05,7227517267945620979
p2,B,428,72,0,h05,7227517267945620979
p2,C,45,84,371,h05,7227517267945620979
p2,Non-ROH,500,0,0,h05,7227517267945620979
p3,A,500,0,0,h05,7227517267945620979
p3,B,447,53,0,h05,7227517267945620979
p3,C,39,93,368,h05,7227517267945620979
p3,Non-ROH,500,0,0,h05,7227517267945620979
p1,A,500,0,0,h05,7228881330803135393
p1,B,215,269,16,h05,7228881330803135393
p1,C,50,73,377,h05,7228881330803135393
p1,Non-ROH,500,0,0,h05,7228881330803135393
p2,A,500,0,0,h05,7228881330803135393
p2,B,427,73,0,h05,7228881330803135393
p2,C,44,105,351,h05,7228881330803135393
p2,Non-ROH,500,0,0,h05,7228881330803135393
p3,A,500,0,0,h05,7228881330803135393
p3,B,473,27,0,h05,7228881330803135393
p3,C,42,87,371,h05,7228881330803135393
p3,Non-ROH,500,0,0,h05,7228881330803135393
p1,A,497,3,0,h05,7238293042385148941
p1,B,207,280,13,h05,7238293042385148941
p1,C,49,61,390,h05,7238293042385148941
p1,Non-ROH,500,0,0,h05,7238293042385148941
p2,A,500,0,0,h05,7238293042385148941
p2,B,411,89,0,h05,7238293042385148941
p2,C,35,122,343,h05,7238293042385148941
p2,Non-ROH,500,0,0,h05,7238293042385148941
p3,A,500,0,0,h05,7238293042385148941
p3,B,461,39,0,h05,7238293042385148941
p3,C,43,85,372,h05,7238293042385148941
p3,Non-ROH,500,0,0,h05,7238293042385148941
p1,A,500,0,0,h05,7249368341075405742
p1,B,235,245,20,h05,7249368341075405742
p1,C,52,68,380,h05,7249368341075405742
p1,Non-ROH,500,0,0,h05,7249368341075405742
p2,A,500,0,0,h05,7249368341075405742
p2,B,431,69,0,h05,7249368341075405742
p2,C,26,102,372,h05,7249368341075405742
p2,Non-ROH,500,0,0,h05,7249368341075405742
p3,A,500,0,0,h05,7249368341075405742
p3,B,471,29,0,h05,7249368341075405742
p3,C,36,133,331,h05,7249368341075405742
p3,Non-ROH,500,0,0,h05,7249368341075405742
p1,A,499,1,0,h05,72558806676291982
p1,B,221,254,25,h05,72558806676291982
p1,C,56,74,370,h05,72558806676291982
p1,Non-ROH,500,0,0,h05,72558806676291982
p2,A,500,0,0,h05,72558806676291982
p2,B,439,61,0,h05,72558806676291982
p2,C,39,93,368,h05,72558806676291982
p2,Non-ROH,500,0,0,h05,72558806676291982
p3,A,500,0,0,h05,72558806676291982
p3,B,458,42,0,h05,72558806676291982
p3,C,31,135,334,h05,72558806676291982
p3,Non-ROH,500,0,0,h05,72558806676291982
p1,A,498,2,0,h05,7263600261614512967
p1,B,231,259,10,h05,7263600261614512967
p1,C,50,91,359,h05,7263600261614512967
p1,Non-ROH,500,0,0,h05,7263600261614512967
p2,A,500,0,0,h05,7263600261614512967
p2,B,421,79,0,h05,7263600261614512967
p2,C,38,99,363,h05,7263600261614512967
p2,Non-ROH,500,0,0,h05,7263600261614512967
p3,A,500,0,0,h05,7263600261614512967
p3,B,450,50,0,h05,7263600261614512967
p3,C,62,63,375,h05,7263600261614512967
p3,Non-ROH,500,0,0,h05,7263600261614512967
p1,A,500,0,0,h05,7264026044483713541
p1,B,223,259,18,h05,7264026044483713541
p1,C,57,82,361,h05,7264026044483713541
p1,Non-ROH,500,0,0,h05,7264026044483713541
p2,A,500,0,0,h05,7264026044483713541
p2,B,400,100,0,h05,7264026044483713541
p2,C,39,66,395,h05,7264026044483713541
p2,Non-ROH,500,0,0,h05,7264026044483713541
p3,A,500,0,0,h05,7264026044483713541
p3,B,458,42,0,h05,7264026044483713541
p3,C,39,74,387,h05,7264026044483713541
p3,Non-ROH,500,0,0,h05,7264026044483713541
p1,A,500,0,0,h05,7271157830985353908
p1,B,260,227,13,h05,7271157830985353908
p1,C,65,88,347,h05,7271157830985353908
p1,Non-ROH,500,0,0,h05,7271157830985353908
p2,A,500,0,0,h05,7271157830985353908
p2,B,441,59,0,h05,7271157830985353908
p2,C,37,88,375,h05,7271157830985353908
p2,Non-ROH,500,0,0,h05,7271157830985353908
p3,A,500,0,0,h05,7271157830985353908
p3,B,472,28,0,h05,7271157830985353908
p3,C,59,100,341,h05,7271157830985353908
p3,Non-ROH,500,0,0,h05,7271157830985353908
p1,A,500,0,0,h05,7299273936685164460
p1,B,212,274,14,h05,7299273936685164460
p1,C,46,95,359,h05,7299273936685164460
p1,Non-ROH,500,0,0,h05,7299273936685164460
p2,A,500,0,0,h05,7299273936685164460
p2,B,409,91,0,h05,7299273936685164460
p2,C,39,82,379,h05,7299273936685164460
p2,Non-ROH,500,0,0,h05,7299273936685164460
p3,A,500,0,0,h05,7299273936685164460
p3,B,452,48,0,h05,7299273936685164460
p3,C,33,111,356,h05,7299273936685164460
p3,Non-ROH,500,0,0,h05,7299273936685164460
p1,A,500,0,0,h05,7309593434670133100
p1,B,196,285,19,h05,7309593434670133100
p1,C,61,76,363,h05,7309593434670133100
p1,Non-ROH,500,0,0,h05,7309593434670133100
p2,A,500,0,0,h05,7309593434670133100
p2,B,365,135,0,h05,7309593434670133100
p2,C,34,160,306,h05,7309593434670133100
p2,Non-ROH,500,0,0,h05,7309593434670133100
p3,A,500,0,0,h05,7309593434670133100
p3,B,412,88,0,h05,7309593434670133100
p3,C,48,82,370,h05,7309593434670133100
p3,Non-ROH,500,0,0,h05,7309593434670133100
p1,A,499,1,0,h05,732123568986224844
p1,B,200,279,21,h05,732123568986224844
p1,C,46,73,381,h05,732123568986224844
p1,Non-ROH,500,0,0,h05,732123568986224844
p2,A,500,0,0,h05,732123568986224844
p2,B,347,153,0,h05,732123568986224844
p2,C,55,101,344,h05,732123568986224844
p2,Non-ROH,500,0,0,h05,732123568986224844
p3,A,500,0,0,h05,732123568986224844
p3,B,419,81,0,h05,732123568986224844
p3,C,33,79,388,h05,732123568986224844
p3,Non-ROH,500,0,0,h05,732123568986224844
p1,A,500,0,0,h05,7328303731035577296
p1,B,219,267,14,h05,7328303731035577296
p1,C,62,53,385,h05,7328303731035577296
p1,Non-ROH,500,0,0,h05,7328303731035577296
p2,A,500,0,0,h05,7328303731035577296
p2,B,406,94,0,h05,7328303731035577296
p2,C,45,103,352,h05,7328303731035577296
p2,Non-ROH,500,0,0,h05,7328303731035577296
p3,A,500,0,0,h05,7328303731035577296
p3,B,454,46,0,h05,7328303731035577296
p3,C,53,105,342,h05,7328303731035577296
p3,Non-ROH,500,0,0,h05,7328303731035577296
p1,A,500,0,0,h05,7328563272180724307
p1,B,242,241,17,h05,7328563272180724307
p1,C,60,62,378,h05,7328563272180724307
p1,Non-ROH,500,0,0,h05,7328563272180724307
p2,A,500,0,0,h05,7328563272180724307
p2,B,432,68,0,h05,7328563272180724307
p2,C,50,76,374,h05,7328563272180724307
p2,Non-ROH,500,0,0,h05,7328563272180724307
p3,A,500,0,0,h05,7328563272180724307
p3,B,464,36,0,h05,7328563272180724307
p3,C,42,99,359,h05,7328563272180724307
p3,Non-ROH,500,0,0,h05,7328563272180724307
p1,A,496,4,0,h05,7355281502063941619
p1,B,193,295,12,h05,7355281502063941619
p1,C,48,82,370,h05,7355281502063941619
p1,Non-ROH,500,0,0,h05,7355281502063941619
p2,A,500,0,0,h05,7355281502063941619
p2,B,365,135,0,h05,7355281502063941619
p2,C,23,102,375,h05,7355281502063941619
p2,Non-ROH,500,0,0,h05,7355281502063941619
p3,A,500,0,0,h05,7355281502063941619
p3,B,421,79,0,h05,7355281502063941619
p3,C,26,115,359,h05,7355281502063941619
p3,Non-ROH,500,0,0,h05,7355281502063941619
p1,A,499,1,0,h05,7363175772284391542
p1,B,207,278,15,h05,7363175772284391542
p1,C,62,74,364,h05,7363175772284391542
p1,Non-ROH,500,0,0,h05,7363175772284391542
p2,A,500,0,0,h05,7363175772284391542
p2,B,371,129,0,h05,7363175772284391542
p2,C,42,90,368,h05,7363175772284391542
p2,Non-ROH,500,0,0,h05,7363175772284391542
p3,A,500,0,0,h05,7363175772284391542
p3,B,416,84,0,h05,7363175772284391542
p3,C,39,96,365,h05,7363175772284391542
p3,Non-ROH,500,0,0,h05,7363175772284391542
p1,A,498,2,0,h05,7376243174258400955
p1,B,267,217,16,h05,7376243174258400955
p1,C,48,60,392,h05,7376243174258400955
p1,Non-ROH,500,0,0,h05,7376243174258400955
p2,A,500,0,0,h05,7376243174258400955
p2,B,451,49,0,h05,7376243174258400955
p2,C,31,106,363,h05,7376243174258400955
p2,Non-ROH,500,0,0,h05,7376243174258400955
p3,A,500,0,0,h05,7376243174258400955
p3,B,475,25,0,h05,7376243174258400955
p3,C,42,108,350,h05,7376243174258400955
p3,Non-ROH,500,0,0,h05,7376243174258400955
p1,A,499,1,0,h05,7388570329277724215
p1,B,191,288,21,h05,7388570329277724215
p1,C,43,81,376,h05,7388570329277724215
p1,Non-ROH,500,0,0,h05,7388570329277724215
p2,A,500,0,0,h05,7388570329277724215
p2,B,379,121,0,h05,7388570329277724215
p2,C,37,100,363,h05,7388570329277724215
p2,Non-ROH,500,0,0,h05,7388570329277724215
p3,A,500,0,0,h05,7388570329277724215
p3,B,416,83,1,h05,7388570329277724215
p3,C,29,112,359,h05,7388570329277724215
p3,Non-ROH,500,0,0,h05,7388570329277724215
p1,A,498,2,0,h05,7395065787584697851
p1,B,192,292,16,h05,7395065787584697851
p1,C,43,83,374,h05,7395065787584697851
p1,Non-ROH,500,0,0,h05,7395065787584697851
p2,A,500,0,0,h05,7395065787584697851
p2,B,336,164,0,h05,7395065787584697851
p2,C,35,102,363,h05,7395065787584697851
p2,Non-ROH,500,0,0,h05,7395065787584697851
p3,A,500,0,0,h05,7395065787584697851
p3,B,418,82,0,h05,7395065787584697851
p3,C,29,146,325,h05,7395065787584697851
p3,Non-ROH,500,0,0,h05,7395065787584697851
p1,A,500,0,0,h05,7426926727897974448
p1,B,178,305,17,h05,7426926727897974448
p1,C,49,88,363,h05,7426926727897974448
p1,Non-ROH,500,0,0,h05,7426926727897974448
p2,A,500,0,0,h05,7426926727897974448
p2,B,363,137,0,h05,7426926727897974448
p2,C,40,103,357,h05,7426926727897974448
p2,Non-ROH,500,0,0,h05,7426926727897974448
p3,A,500,0,0,h05,7426926727897974448
p3,B,398,102,0,h05,7426926727897974448
p3,C,44,114,342,h05,7426926727897974448
p3,Non-ROH,500,0,0,h05,7426926727897974448
p1,A,498,2,0,h05,7446151698120709382
p1,B,235,245,20,h05,7446151698120709382
p1,C,70,61,369,h05,7446151698120709382
p1,Non-ROH,500,0,0,h05,7446151698120709382
p2,A,500,0,0,h05,7446151698120709382
p2,B,436,64,0,h05,7446151698120709382
p2,C,49,109,342,h05,7446151698120709382
p2,Non-ROH,500,0,0,h05,7446151698120709382
p3,A,500,0,0,h05,7446151698120709382
p3,B,459,41,0,h05,7446151698120709382
p3,C,36,95,369,h05,7446151698120709382
p3,Non-ROH,500,0,0,h05,7446151698120709382
p1,A,499,1,0,h05,7477625729820776183
p1,B,232,259,9,h05,7477625729820776183
p1,C,47,72,381,h05,7477625729820776183
p1,Non-ROH,500,0,0,h05,7477625729820776183
p2,A,500,0,0,h05,7477625729820776183
p2,B,403,97,0,h05,7477625729820776183
p2,C,61,97,342,h05,7477625729820776183
p2,Non-ROH,500,0,0,h05,7477625729820776183
p3,A,500,0,0,h05,7477625729820776183
p3,B,450,50,0,h05,7477625729820776183
p3,C,47,75,378,h05,7477625729820776183
p3,Non-ROH,500,0,0,h05,7477625729820776183
p1,A,499,1,0,h05,7492649668554811806
p1,B,189,296,15,h05,7492649668554811806
p1,C,42,89,369,h05,7492649668554811806
p1,Non-ROH,500,0,0,h05,7492649668554811806
p2,A,500,0,0,h05,7492649668554811806
p2,B,372,128,0,h05,7492649668554811806
p2,C,35,132,333,h05,7492649668554811806
p2,Non-ROH,500,0,0,h05,7492649668554811806
p3,A,500,0,0,h05,7492649668554811806
p3,B,442,58,0,h05,7492649668554811806
p3,C,27,119,354,h05,7492649668554811806
p3,Non-ROH,500,0,0,h05,7492649668554811806
p1,A,497,3,0,h05,7493187211263497198
p1,B,222,258,20,h05,7493187211263497198
p1,C,52,75,373,h05,7493187211263497198
p1,Non-ROH,500,0,0,h05,7493187211263497198
p2,A,500,0,0,h05,7493187211263497198
p2,B,414,86,0,h05,7493187211263497198
p2,C,26,117,357,h05,7493187211263497198
p2,Non-ROH,500,0,0,h05,7493187211263497198
p3,A,500,0,0,h05,7493187211263497198
p3,B,452,48,0,h05,7493187211263497198
p3,C,19,107,374,h05,7493187211263497198
p3,Non-ROH,500,0,0,h05,7493187211263497198
p1,A,500,0,0,h05,7507588180911929477
p1,B,253,239,8,h05,7507588180911929477
p1,C,61,73,366,h05,7507588180911929477
p1,Non-ROH,500,0,0,h05,7507588180911929477
p2,A,500,0,0,h05,7507588180911929477
p2,B,420,80,0,h05,7507588180911929477
p2,C,120,94,286,h05,7507588180911929477
p2,Non-ROH,500,0,0,h05,7507588180911929477
p3,A,500,0,0,h05,7507588180911929477
p3,B,462,38,0,h05,7507588180911929477
p3,C,74,81,345,h05,7507588180911929477
p3,Non-ROH,500,0,0,h05,7507588180911929477
p1,A,500,0,0,h05,7547871346025002741
p1,B,207,267,26,h05,7547871346025002741
p1,C,40,80,380,h05,7547871346025002741
p1,Non-ROH,500,0,0,h05,7547871346025002741
p2,A,500,0,0,h05,7547871346025002741
p2,B,380,120,0,h05,7547871346025002741
p2,C,28,112,360,h05,7547871346025002741
p2,Non-ROH,500,0,0,h05,7547871346025002741
p3,A,500,0,0,h05,7547871346025002741
p3,B,415,85,0,h05,7547871346025002741
p3,C,26,111,363,h05,7547871346025002741
p3,Non-ROH,500,0,0,h05,7547871346025002741
p1,A,500,0,0,h05,7577839241770188201
p1,B,198,291,11,h05,7577839241770188201
p1,C,53,77,370,h05,7577839241770188201
p1,Non-ROH,500,0,0,h05,7577839241770188201
p2,A,500,0,0,h05,7577839241770188201
p2,B,388,112,0,h05,7577839241770188201
p2,C,43,101,356,h05,7577839241770188201
p2,Non-ROH,500,0,0,h05,7577839241770188201
p3,A,500,0,0,h05,7577839241770188201
p3,B,413,87,0,h05,7577839241770188201
p3,C,37,114,349,h05,7577839241770188201
p3,Non-ROH,500,0,0,h05,7577839241770188201
p1,A,500,0,0,h05,7583261330632035837
p1,B,242,244,14,h05,7583261330632035837
p1,C,59,66,375,h05,7583261330632035837
p1,Non-ROH,500,0,0,h05,7583261330632035837
p2,A,500,0,0,h05,7583261330632035837
p2,B,432,68,0,h05,7583261330632035837
p2,C,52,97,351,h05,7583261330632035837
p2,Non-ROH,500,0,0,h05,7583261330632035837
p3,A,500,0,0,h05,7583261330632035837
p3,B,467,33,0,h05,7583261330632035837
p3,C,49,146,305,h05,7583261330632035837
p3,Non-ROH,500,0,0,h05,7583261330632035837
p1,A,500,0,0,h05,7585769548781915971
p1,B,196,287,17,h05,7585769548781915971
p1,C,45,83,372,h05,7585769548781915971
p1,Non-ROH,500,0,0,h05,7585769548781915971
p2,A,500,0,0,h05,7585769548781915971
p2,B,404,96,0,h05,7585769548781915971
p2,C,42,81,377,h05,7585769548781915971
p2,Non-ROH,500,0,0,h05,7585769548781915971
p3,A,500,0,0,h05,7585769548781915971
p3,B,446,54,0,h05,7585769548781915971
p3,C,41,157,302,h05,7585769548781915971
p3,Non-ROH,500,0,0,h05,7585769548781915971
p1,A,500,0,0,h05,759975353548817479
p1,B,227,257,16,h05,759975353548817479
p1,C,53,62,385,h05,759975353548817479
p1,Non-ROH,500,0,0,h05,759975353548817479
p2,A,500,0,0,h05,759975353548817479
p2,B,395,105,0,h05,759975353548817479
p2,C,39,110,351,h05,759975353548817479
p2,Non-ROH,500,0,0,h05,759975353548817479
p3,A,500,0,0,h05,759975353548817479
p3,B,425,75,0,h05,759975353548817479
p3,C,37,92,371,h05,759975353548817479
p3,Non-ROH,500,0,0,h05,759975353548817479
p1,A,497,3,0,h05,7603385580995117409
p1,B,204,280,16,h05,7603385580995117409
p1,C,70,75,355,h05,7603385580995117409
p1,Non-ROH,500,0,0,h05,7603385580995117409
p2,A,500,0,0,h05,7603385580995117409
p2,B,400,100,0,h05,7603385580995117409
p2,C,42,66,392,h05,7603385580995117409
p2,Non-ROH,500,0,0,h05,7603385580995117409
p3,A,500,0,0,h05,7603385580995117409
p3,B,451,49,0,h05,7603385580995117409
p3,C,35,109,356,h05,7603385580995117409
p3,Non-ROH,500,0,0,h05,7603385580995117409
p1,A,500,0,0,h05,7612725865805291794
p1,B,217,272,11,h05,7612725865805291794
p1,C,48,92,360,h05,7612725865805291794
p1,Non-ROH,500,0,0,h05,7612725865805291794
p2,A,500,0,0,h05,7612725865805291794
p2,B,385,115,0,h05,7612725865805291794
p2,C,31,95,374,h05,7612725865805291794
p2,Non-ROH,500,0,0,h05,7612725865805291794
p3,A,500,0,0,h05,7612725865805291794
p3,B,475,25,0,h05,7612725865805291794
p3,C,25,83,392,h05,7612725865805291794
p3,Non-ROH,500,0,0,h05,7612725865805291794
p1,A,500,0,0,h05,7616069688669602163
p1,B,237,247,16,h05,7616069688669602163
p1,C,66,69,365,h05,7616069688669602163
p1,Non-ROH,500,0,0,h05,7616069688669602163
p2,A,500,0,0,h05,7616069688669602163
p2,B,427,73,0,h05,7616069688669602163
p2,C,30,73,397,h05,7616069688669602163
p2,Non-ROH,500,0,0,h05,7616069688669602163
p3,A,500,0,0,h05,7616069688669602163
p3,B,438,62,0,h05,7616069688669602163
p3,C,34,138,328,h05,7616069688669602163
p3,Non-ROH,500,0,0,h05,7616069688669602163
p1,A,500,0,0,h05,7627577147239527988
p1,B,263,227,10,h05,7627577147239527988
p1,C,59,79,362,h05,7627577147239527988
p1,Non-ROH,500,0,0,h05,7627577147239527988
p2,A,500,0,0,h05,7627577147239527988
p2,B,428,72,0,h05,7627577147239527988
p2,C,42,95,363,h05,7627577147239527988
p2,Non-ROH,500,0,0,h05,7627577147239527988
p3,A,500,0,0,h05,7627577147239527988
p3,B,465,35,0,h05,7627577147239527988
p3,C,46,106,348,h05,7627577147239527988
p3,Non-ROH,500,0,0,h05,7627577147239527988
p1,A,500,0,0,h05,7628503750351822091
p1,B,201,287,12,h05,7628503750351822091
p1,C,46,79,375,h05,7628503750351822091
p1,Non-ROH,500,0,0,h05,7628503750351822091
p2,A,500,0,0,h05,7628503750351822091
p2,B,405,95,0,h05,7628503750351822091
p2,C,36,101,363,h05,7628503750351822091
p2,Non-ROH,500,0,0,h05,7628503750351822091
p3,A,500,0,0,h05,7628503750351822091
p3,B,452,48,0,h05,7628503750351822091
p3,C,38,145,317,h05,7628503750351822091
p3,Non-ROH,500,0,0,h05,7628503750351822091
p1,A,497,3,0,h05,7631934003847310214
p1,B,224,252,24,h05,7631934003847310214
p1,C,60,69,371,h05,7631934003847310214
p1,Non-ROH,500,0,0,h05,7631934003847310214
p2,A,500,0,0,h05,7631934003847310214
p2,B,415,85,0,h05,7631934003847310214
p2,C,30,103,367,h05,7631934003847310214
p2,Non-ROH,500,0,0,h05,7631934003847310214
p3,A,500,0,0,h05,7631934003847310214
p3,B,451,49,0,h05,7631934003847310214
p3,C,44,87,369,h05,7631934003847310214
p3,Non-ROH,500,0,0,h05,7631934003847310214
p1,A,500,0,0,h05,7680885593040147937
p1,B,226,252,22,h05,7680885593040147937
p1,C,58,84,358,h05,7680885593040147937
p1,Non-ROH,500,0,0,h05,7680885593040147937
p2,A,500,0,0,h05,7680885593040147937
p2,B,394,106,0,h05,7680885593040147937
p2,C,43,129,328,h05,7680885593040147937
p2,Non-ROH,500,0,0,h05,7680885593040147937
p3,A,500,0,0,h05,7680885593040147937
p3,B,442,58,0,h05,7680885593040147937
p3,C,35,71,394,h05,7680885593040147937
p3,Non-ROH,500,0,0,h05,7680885593040147937
p1,A,500,0,0,h05,7697447255970539265
p1,B,201,292,7,h05,7697447255970539265
p1,C,66,76,358,h05,7697447255970539265
p1,Non-ROH,500,0,0,h05,7697447255970539265
p2,A,500,0,0,h05,7697447255970539265
p2,B,405,95,0,h05,7697447255970539265
p2,C,35,144,321,h05,7697447255970539265
p2,Non-ROH,500,0,0,h05,7697447255970539265
p3,A,500,0,0,h05,7697447255970539265
p3,B,440,60,0,h05,7697447255970539265
p3,C,31,120,349,h05,7697447255970539265
p3,Non-ROH,500,0,0,h05,7697447255970539265
p1,A,500,0,0,h05,7702576646334203760
p1,B,238,246,16,h05,7702576646334203760
p1,C,65,65,370,h05,7702576646334203760
p1,Non-ROH,500,0,0,h05,7702576646334203760
p2,A,500,0,0,h05,7702576646334203760
p2,B,421,79,0,h05,7702576646334203760
p2,C,52,104,344,h05,7702576646334203760
p2,Non-ROH,500,0,0,h05,7702576646334203760
p3,A,500,0,0,h05,7702576646334203760
p3,B,455,45,0,h05,7702576646334203760
p3,C,40,104,356,h05,7702576646334203760
p3,Non-ROH,500,0,0,h05,7702576646334203760
p1,A,500,0,0,h05,7710950485072423480
p1,B,265,221,14,h05,7710950485072423480
p1,C,59,70,371,h05,7710950485072423480
p1,Non-ROH,500,0,0,h05,7710950485072423480
p2,A,500,0,0,h05,7710950485072423480
p2,B,421,79,0,h05,7710950485072423480
p2,C,33,89,378,h05,7710950485072423480
p2,Non-ROH,500,0,0,h05,7710950485072423480
p3,A,500,0,0,h05,7710950485072423480
p3,B,459,41,0,h05,7710950485072423480
p3,C,28,106,366,h05,7710950485072423480
p3,Non-ROH,500,0,0,h05,7710950485072423480
p1,A,500,0,0,h05,7739737952787506607
p1,B,203,279,18,h05,7739737952787506607
p1,C,49,72,379,h05,7739737952787506607
p1,Non-ROH,500,0,0,h05,7739737952787506607
p2,A,500,0,0,h05,7739737952787506607
p2,B,429,71,0,h05,7739737952787506607
p2,C,49,75,376,h05,7739737952787506607
p2,Non-ROH,500,0,0,h05,7739737952787506607
p3,A,500,0,0,h05,7739737952787506607
p3,B,464,36,0,h05,7739737952787506607
p3,C,49,70,381,h05,7739737952787506607
p3,Non-ROH,500,0,0,h05,7739737952787506607
p1,A,499,1,0,h05,7741356042426346360
p1,B,217,268,15,h05,7741356042426346360
p1,C,58,82,360,h05,7741356042426346360
p1,Non-ROH,500,0,0,h05,7741356042426346360
p2,A,500,0,0,h05,7741356042426346360
p2,B,400,100,0,h05,7741356042426346360
p2,C,43,66,391,h05,7741356042426346360
p2,Non-ROH,500,0,0,h05,7741356042426346360
p3,A,500,0,0,h05,7741356042426346360
p3,B,455,45,0,h05,7741356042426346360
p3,C,34,85,381,h05,7741356042426346360
p3,Non-ROH,500,0,0,h05,7741356042426346360
p1,A,500,0,0,h05,7745777900515622099
p1,B,221,258,21,h05,7745777900515622099
p1,C,53,82,365,h05,7745777900515622099
p1,Non-ROH,500,0,0,h05,7745777900515622099
p2,A,500,0,0,h05,7745777900515622099
p2,B,410,90,0,h05,7745777900515622099
p2,C,41,81,378,h05,7745777900515622099
p2,Non-ROH,500,0,0,h05,7745777900515622099
p3,A,500,0,0,h05,7745777900515622099
p3,B,445,55,0,h05,7745777900515622099
p3,C,48,146,306,h05,7745777900515622099
p3,Non-ROH,500,0,0,h05,7745777900515622099
p1,A,500,0,0,h05,7763191183106554283
p1,B,237,251,12,h05,7763191183106554283
p1,C,62,64,374,h05,7763191183106554283
p1,Non-ROH,500,0,0,h05,7763191183106554283
p2,A,500,0,0,h05,7763191183106554283
p2,B,415,85,0,h05,7763191183106554283
p2,C,42,85,373,h05,7763191183106554283
p2,Non-ROH,500,0,0,h05,7763191183106554283
p3,A,500,0,0,h05,7763191183106554283
p3,B,451,49,0,h05,7763191183106554283
p3,C,40,77,383,h05,7763191183106554283
p3,Non-ROH,500,0,0,h05,7763191183106554283
p1,A,500,0,0,h05,7766565889407157996
p1,B,253,229,18,h05,7766565889407157996
p1,C,57,72,371,h05,7766565889407157996
p1,Non-ROH,500,0,0,h05,7766565889407157996
p2,A,500,0,0,h05,7766565889407157996
p2,B,410,90,0,h05,7766565889407157996
p2,C,36,161,303,h05,7766565889407157996
p2,Non-ROH,500,0,0,h05,7766565889407157996
p3,A,500,0,0,h05,7766565889407157996
p3,B,445,55,0,h05,7766565889407157996
p3,C,34,184,282,h05,7766565889407157996
p3,Non-ROH,500,0,0,h05,7766565889407157996
p1,A,500,0,0,h05,7766760940478392292
p1,B,245,240,15,h05,7766760940478392292
p1,C,58,83,359,h05,7766760940478392292
p1,Non-ROH,500,0,0,h05,7766760940478392292
p2,A,500,0,0,h05,7766760940478392292
p2,B,419,80,1,h05,7766760940478392292
p2,C,54,142,304,h05,7766760940478392292
p2,Non-ROH,500,0,0,h05,7766760940478392292
p3,A,500,0,0,h05,7766760940478392292
p3,B,470,30,0,h05,7766760940478392292
p3,C,45,200,255,h05,7766760940478392292
p3,Non-ROH,500,0,0,h05,7766760940478392292
p1,A,498,2,0,h05,7767717960016566987
p1,B,212,275,13,h05,7767717960016566987
p1,C,58,67,375,h05,7767717960016566987
p1,Non-ROH,500,0,0,h05,7767717960016566987
p2,A,500,0,0,h05,7767717960016566987
p2,B,390,110,0,h05,7767717960016566987
p2,C,37,86,377,h05,7767717960016566987
p2,Non-ROH,500,0,0,h05,7767717960016566987
p3,A,500,0,0,h05,7767717960016566987
p3,B,429,71,0,h05,7767717960016566987
p3,C,29,118,353,h05,7767717960016566987
p3,Non-ROH,500,0,0,h05,7767717960016566987
p1,A,499,1,0,h05,7813640055095501791
p1,B,224,262,14,h05,7813640055095501791
p1,C,54,62,384,h05,7813640055095501791
p1,Non-ROH,500,0,0,h05,7813640055095501791
p2,A,500,0,0,h05,7813640055095501791
p2,B,413,87,0,h05,7813640055095501791
p2,C,51,138,311,h05,7813640055095501791
p2,Non-ROH,500,0,0,h05,7813640055095501791
p3,A,500,0,0,h05,7813640055095501791
p3,B,468,32,0,h05,7813640055095501791
p3,C,46,84,370,h05,7813640055095501791
p3,Non-ROH,500,0,0,h05,7813640055095501791
p1,A,500,0,0,h05,7819668059817420738
p1,B,245,241,14,h05,7819668059817420738
p1,C,62,57,381,h05,7819668059817420738
p1,Non-ROH,500,0,0,h05,7819668059817420738
p2,A,500,0,0,h05,7819668059817420738
p2,B,421,79,0,h05,7819668059817420738
p2,C,29,118,353,h05,7819668059817420738
p2,Non-ROH,500,0,0,h05,7819668059817420738
p3,A,500,0,0,h05,7819668059817420738
p3,B,432,68,0,h05,7819668059817420738
p3,C,42,91,367,h05,7819668059817420738
p3,Non-ROH,500,0,0,h05,7819668059817420738
p1,A,499,1,0,h05,782715407785398484
p1,B,210,273,17,h05,782715407785398484
p1,C,52,90,358,h05,782715407785398484
p1,Non-ROH,500,0,0,h05,782715407785398484
p2,A,500,0,0,h05,782715407785398484
p2,B,410,90,0,h05,782715407785398484
p2,C,38,71,391,h05,782715407785398484
p2,Non-ROH,500,0,0,h05,782715407785398484
p3,A,500,0,0,h05,782715407785398484
p3,B,406,94,0,h05,782715407785398484
p3,C,40,70,390,h05,782715407785398484
p3,Non-ROH,500,0,0,h05,782715407785398484
p1,A,499,1,0,h05,7886383867975856199
p1,B,189,299,12,h05,7886383867975856199
p1,C,64,81,355,h05,7886383867975856199
p1,Non-ROH,500,0,0,h05,7886383867975856199
p2,A,500,0,0,h05,7886383867975856199
p2,B,394,106,0,h05,7886383867975856199
p2,C,42,81,377,h05,7886383867975856199
p2,Non-ROH,500,0,0,h05,7886383867975856199
p3,A,500,0,0,h05,7886383867975856199
p3,B,444,56,0,h05,7886383867975856199
p3,C,45,88,367,h05,7886383867975856199
p3,Non-ROH,500,0,0,h05,7886383867975856199
p1,A,500,0,0,h05,789820720348623301
p1,B,209,280,11,h05,789820720348623301
p1,C,54,79,367,h05,789820720348623301
p1,Non-ROH,500,0,0,h05,789820720348623301
p2,A,500,0,0,h05,789820720348623301
p2,B,404,96,0,h05,789820720348623301
p2,C,29,93,378,h05,789820720348623301
p2,Non-ROH,500,0,0,h05,789820720348623301
p3,A,500,0,0,h05,789820720348623301
p3,B,438,62,0,h05,789820720348623301
p3,C,43,77,380,h05,789820720348623301
p3,Non-ROH,500,0,0,h05,789820720348623301
p1,A,500,0,0,h05,7914069603673341289
p1,B,203,281,16,h05,7914069603673341289
p1,C,46,60,394,h05,7914069603673341289
p1,Non-ROH,500,0,0,h05,7914069603673341289
p2,A,500,0,0,h05,7914069603673341289
p2,B,411,89,0,h05,7914069603673341289
p2,C,42,98,360,h05,7914069603673341289
p2,Non-ROH,500,0,0,h05,7914069603673341289
p3,A,500,0,0,h05,7914069603673341289
p3,B,433,67,0,h05,7914069603673341289
p3,C,33,142,325,h05,7914069603673341289
p3,Non-ROH,500,0,0,h05,7914069603673341289
p1,A,500,0,0,h05,7941927555130490809
p1,B,228,258,14,h05,7941927555130490809
p1,C,55,72,373,h05,7941927555130490809
p1,Non-ROH,500,0,0,h05,7941927555130490809
p2,A,500,0,0,h05,7941927555130490809
p2,B,426,74,0,h05,7941927555130490809
p2,C,42,164,294,h05,7941927555130490809
p2,Non-ROH,500,0,0,h05,7941927555130490809
p3,A,500,0,0,h05,7941927555130490809
p3,B,442,58,0,h05,7941927555130490809
p3,C,34,213,253,h05,7941927555130490809
p3,Non-ROH,500,0,0,h05,7941927555130490809
p1,A,499,1,0,h05,7989271955400716670
p1,B,167,322,11,h05,7989271955400716670
p1,C,48,79,373,h05,7989271955400716670
p1,Non-ROH,500,0,0,h05,7989271955400716670
p2,A,500,0,0,h05,7989271955400716670
p2,B,363,137,0,h05,7989271955400716670
p2,C,35,103,362,h05,7989271955400716670
p2,Non-ROH,500,0,0,h05,7989271955400716670
p3,A,500,0,0,h05,7989271955400716670
p3,B,397,103,0,h05,7989271955400716670
p3,C,29,125,346,h05,7989271955400716670
p3,Non-ROH,500,0,0,h05,7989271955400716670
p1,A,500,0,0,h05,7994687227022533437
p1,B,235,249,16,h05,7994687227022533437
p1,C,64,68,368,h05,7994687227022533437
p1,Non-ROH,500,0,0,h05,7994687227022533437
p2,A,500,0,0,h05,7994687227022533437
p2,B,403,97,0,h05,7994687227022533437
p2,C,43,65,392,h05,7994687227022533437
p2,Non-ROH,500,0,0,h05,7994687227022533437
p3,A,500,0,0,h05,7994687227022533437
p3,B,444,56,0,h05,7994687227022533437
p3,C,42,89,369,h05,7994687227022533437
p3,Non-ROH,500,0,0,h05,7994687227022533437
p1,A,500,0,0,h05,8035289827142344450
p1,B,229,254,17,h05,8035289827142344450
p1,C,47,67,386,h05,8035289827142344450
p1,Non-ROH,500,0,0,h05,8035289827142344450
p2,A,500,0,0,h05,8035289827142344450
p2,B,421,79,0,h05,8035289827142344450
p2,C,35,159,306,h05,8035289827142344450
p2,Non-ROH,500,0,0,h05,8035289827142344450
p3,A,500,0,0,h05,8035289827142344450
p3,B,471,29,0,h05,8035289827142344450
p3,C,48,163,289,h05,8035289827142344450
p3,Non-ROH,500,0,0,h05,8035289827142344450
p1,A,499,1,0,h05,8131290447005176716
p1,B,199,288,13,h05,8131290447005176716
p1,C,59,82,359,h05,8131290447005176716
p1,Non-ROH,500,0,0,h05,8131290447005176716
p2,A,500,0,0,h05,8131290447005176716
p2,B,380,120,0,h05,8131290447005176716
p2,C,39,108,353,h05,8131290447005176716
p2,Non-ROH,500,0,0,h05,8131290447005176716
p3,A,500,0,0,h05,8131290447005176716
p3,B,445,55,0,h05,8131290447005176716
p3,C,37,90,373,h05,8131290447005176716
p3,Non-ROH,500,0,0,h05,8131290447005176716
p1,A,499,1,0,h05,8139759912762408824
p1,B,254,233,13,h05,8139759912762408824
p1,C,67,73,360,h05,8139759912762408824
p1,Non-ROH,500,0,0,h05,8139759912762408824
p2,A,500,0,0,h05,8139759912762408824
p2,B,444,56,0,h05,8139759912762408824
p2,C,32,72,396,h05,8139759912762408824
p2,Non-ROH,500,0,0,h05,8139759912762408824
p3,A,500,0,0,h05,8139759912762408824
p3,B,473,27,0,h05,8139759912762408824
p3,C,46,71,383,h05,8139759912762408824
p3,Non-ROH,500,0,0,h05,8139759912762408824
p1,A,499,1,0,h05,8187264050021526278
p1,B,249,240,11,h05,8187264050021526278
p1,C,66,73,361,h05,8187264050021526278
p1,Non-ROH,500,0,0,h05,8187264050021526278
p2,A,500,0,0,h05,8187264050021526278
p2,B,419,80,1,h05,8187264050021526278
p2,C,60,71,369,h05,8187264050021526278
p2,Non-ROH,500,0,0,h05,8187264050021526278
p3,A,500,0,0,h05,8187264050021526278
p3,B,478,22,0,h05,8187264050021526278
p3,C,34,82,384,h05,8187264050021526278
p3,Non-ROH,500,0,0,h05,8187264050021526278
p1,A,498,2,0,h05,8205955662219549030
p1,B,237,248,15,h05,8205955662219549030
p1,C,52,77,371,h05,8205955662219549030
p1,Non-ROH,500,0,0,h05,8205955662219549030
p2,A,500,0,0,h05,8205955662219549030
p2,B,416,84,0,h05,8205955662219549030
p2,C,32,100,368,h05,8205955662219549030
p2,Non-ROH,500,0,0,h05,8205955662219549030
p3,A,500,0,0,h05,8205955662219549030
p3,B,470,30,0,h05,8205955662219549030
p3,C,47,92,361,h05,8205955662219549030
p3,Non-ROH,500,0,0,h05,8205955662219549030
p1,A,500,0,0,h05,8231051119178140570
p1,B,217,273,10,h05,8231051119178140570
p1,C,48,90,362,h05,8231051119178140570
p1,Non-ROH,500,0,0,h05,8231051119178140570
p2,A,500,0,0,h05,8231051119178140570
p2,B,374,126,0,h05,8231051119178140570
p2,C,40,151,309,h05,8231051119178140570
p2,Non-ROH,500,0,0,h05,8231051119178140570
p3,A,500,0,0,h05,8231051119178140570
p3,B,426,74,0,h05,8231051119178140570
p3,C,36,87,377,h05,8231051119178140570
p3,Non-ROH,500,0,0,h05,8231051119178140570
p1,A,500,0,0,h05,8234365436410764891
p1,B,214,273,13,h05,8234365436410764891
p1,C,64,83,353,h05,8234365436410764891
p1,Non-ROH,500,0,0,h05,8234365436410764891
p2,A,500,0,0,h05,8234365436410764891
p2,B,428,72,0,h05,8234365436410764891
p2,C,51,109,340,h05,8234365436410764891
p2,Non-ROH,500,0,0,h05,8234365436410764891
p3,A,500,0,0,h05,8234365436410764891
p3,B,458,42,0,h05,8234365436410764891
p3,C,38,82,380,h05,8234365436410764891
p3,Non-ROH,500,0,0,h05,8234365436410764891
p1,A,498,2,0,h05,8276803164960157305
p1,B,207,275,18,h05,8276803164960157305
p1,C,51,80,369,h05,8276803164960157305
p1,Non-ROH,500,0,0,h05,8276803164960157305
p2,A,500,0,0,h05,8276803164960157305
p2,B,410,90,0,h05,8276803164960157305
p2,C,32,99,369,h05,8276803164960157305
p2,Non-ROH,500,0,0,h05,8276803164960157305
p3,A,500,0,0,h05,8276803164960157305
p3,B,452,48,0,h05,8276803164960157305
p3,C,22,137,341,h05,8276803164960157305
p3,Non-ROH,500,0,0,h05,8276803164960157305
p1,A,500,0,0,h05,8279292073101695808
p1,B,218,267,15,h05,8279292073101695808
p1,C,56,74,370,h05,8279292073101695808
p1,Non-ROH,500,0,0,h05,8279292073101695808
p2,A,500,0,0,h05,8279292073101695808
p2,B,368,132,0,h05,8279292073101695808
p2,C,38,67,395,h05,8279292073101695808
p2,Non-ROH,500,0,0,h05,8279292073101695808
p3,A,500,0,0,h05,8279292073101695808
p3,B,461,39,0,h05,8279292073101695808
p3,C,35,90,375,h05,8279292073101695808
p3,Non-ROH,500,0,0,h05,8279292073101695808
p1,A,500,0,0,h05,8280936041857702321
p1,B,203,286,11,h05,8280936041857702321
p1,C,53,80,367,h05,8280936041857702321
p1,Non-ROH,500,0,0,h05,8280936041857702321
p2,A,500,0,0,h05,8280936041857702321
p2,B,402,98,0,h05,8280936041857702321
p2,C,31,82,387,h05,8280936041857702321
p2,Non-ROH,500,0,0,h05,8280936041857702321
p3,A,500,0,0,h05,8280936041857702321
p3,B,425,75,0,h05,8280936041857702321
p3,C,37,107,356,h05,8280936041857702321
p3,Non-ROH,500,0,0,h05,8280936041857702321
p1,A,499,1,0,h05,8281759776119406356
p1,B,190,294,16,h05,8281759776119406356
p1,C,50,78,372,h05,8281759776119406356
p1,Non-ROH,500,0,0,h05,8281759776119406356
p2,A,500,0,0,h05,8281759776119406356
p2,B,383,117,0,h05,8281759776119406356
p2,C,38,85,377,h05,8281759776119406356
p2,Non-ROH,500,0,0,h05,8281759776119406356
p3,A,500,0,0,h05,8281759776119406356
p3,B,424,76,0,h05,8281759776119406356
p3,C,23,79,398,h05,8281759776119406356
p3,Non-ROH,500,0,0,h05,8281759776119406356
p1,A,500,0,0,h05,8294241451103574004
p1,B,198,293,9,h05,8294241451103574004
p1,C,71,78,351,h05,8294241451103574004
p1,Non-ROH,500,0,0,h05,8294241451103574004
p2,A,500,0,0,h05,8294241451103574004
p2,B,386,114,0,h05,8294241451103574004
p2,C,22,167,311,h05,8294241451103574004
p2,Non-ROH,500,0,0,h05,8294241451103574004
p3,A,500,0,0,h05,8294241451103574004
p3,B,441,59,0,h05,8294241451103574004
p3,C,30,117,353,h05,8294241451103574004
p3,Non-ROH,500,0,0,h05,8294241451103574004
p1,A,499,1,0,h05,831196551623061231
p1,B,212,272,16,h05,831196551623061231
p1,C,62,74,364,h05,831196551623061231
p1,Non-ROH,500,0,0,h05,831196551623061231
p2,A,500,0,0,h05,831196551623061231
p2,B,403,97,0,h05,831196551623061231
p2,C,41,77,382,h05,831196551623061231
p2,Non-ROH,500,0,0,h05,831196551623061231
p3,A,500,0,0,h05,831196551623061231
p3,B,421,79,0,h05,831196551623061231
p3,C,45,108,347,h05,831196551623061231
p3,Non-ROH,500,0,0,h05,831196551623061231
p1,A,499,1,0,h05,8323163050576594498
p1,B,226,255,19,h05,8323163050576594498
p1,C,65,62,373,h05,8323163050576594498
p1,Non-ROH,500,0,0,h05,8323163050576594498
p2,A,500,0,0,h05,8323163050576594498
p2,B,414,86,0,h05,8323163050576594498
p2,C,51,82,367,h05,8323163050576594498
p2,Non-ROH,500,0,0,h05,8323163050576594498
p3,A,500,0,0,h05,8323163050576594498
p3,B,454,46,0,h05,8323163050576594498
p3,C,31,135,334,h05,8323163050576594498
p3,Non-ROH,500,0,0,h05,8323163050576594498
p1,A,500,0,0,h05,8381209423555594519
p1,B,245,245,10,h05,8381209423555594519
p1,C,56,85,359,h05,8381209423555594519
p1,Non-ROH,500,0,0,h05,8381209423555594519
p2,A,500,0,0,h05,8381209423555594519
p2,B,406,94,0,h05,8381209423555594519
p2,C,49,87,364,h05,8381209423555594519
p2,Non-ROH,500,0,0,h05,8381209423555594519
p3,A,500,0,0,h05,8381209423555594519
p3,B,446,54,0,h05,8381209423555594519
p3,C,40,96,364,h05,8381209423555594519
p3,Non-ROH,500,0,0,h05,8381209423555594519
p1,A,500,0,0,h05,8387972485611123846
p1,B,214,266,20,h05,8387972485611123846
p1,C,60,63,377,h05,8387972485611123846
p1,Non-ROH,500,0,0,h05,8387972485611123846
p2,A,500,0,0,h05,8387972485611123846
p2,B,427,73,0,h05,8387972485611123846
p2,C,41,95,364,h05,8387972485611123846
p2,Non-ROH,500,0,0,h05,8387972485611123846
p3,A,500,0,0,h05,8387972485611123846
p3,B,455,45,0,h05,8387972485611123846
p3,C,43,114,343,h05,8387972485611123846
p3,Non-ROH,500,0,0,h05,8387972485611123846
p1,A,500,0,0,h05,839727686575287168
p1,B,230,261,9,h05,839727686575287168
p1,C,56,77,367,h05,839727686575287168
p1,Non-ROH,500,0,0,h05,839727686575287168
p2,A,500,0,0,h05,839727686575287168
p2,B,397,103,0,h05,839727686575287168
p2,C,46,116,338,h05,839727686575287168
p2,Non-ROH,500,0,0,h05,839727686575287168
p3,A,500,0,0,h05,839727686575287168
p3,B,453,47,0,h05,839727686575287168
p3,C,30,109,361,h05,839727686575287168
p3,Non-ROH,500,0,0,h05,839727686575287168
p1,A,500,0,0,h05,8411104897201108463
p1,B,193,287,20,h05,8411104897201108463
p1,C,47,68,385,h05,8411104897201108463
p1,Non-ROH,500,0,0,h05,8411104897201108463
p2,A,500,0,0,h05,8411104897201108463
p2,B,410,90,0,h05,8411104897201108463
p2,C,32,93,375,h05,8411104897201108463
p2,Non-ROH,500,0,0,h05,8411104897201108463
p3,A,500,0,0,h05,8411104897201108463
p3,B,442,58,0,h05,8411104897201108463
p3,C,48,60,392,h05,8411104897201108463
p3,Non-ROH,500,0,0,h05,8411104897201108463
p1,A,499,1,0,h05,8421230191803540944
p1,B,215,264,21,h05,8421230191803540944
p1,C,42,83,375,h05,8421230191803540944
p1,Non-ROH,500,0,0,h05,8421230191803540944
p2,A,500,0,0,h05,8421230191803540944
p2,B,366,134,0,h05,8421230191803540944
p2,C,20,113,367,h05,8421230191803540944
p2,Non-ROH,500,0,0,h05,8421230191803540944
p3,A,500,0,0,h05,8421230191803540944
p3,B,417,83,0,h05,8421230191803540944
p3,C,17,114,369,h05,8421230191803540944
p3,Non-ROH,500,0,0,h05,8421230191803540944
p1,A,498,2,0,h05,8424666883640148607
p1,B,255,235,10,h05,8424666883640148607
p1,C,62,72,366,h05,8424666883640148607
p1,Non-ROH,500,0,0,h05,8424666883640148607
p2,A,500,0,0,h05,8424666883640148607
p2,B,441,59,0,h05,8424666883640148607
p2,C,40,143,317,h05,8424666883640148607
p2,Non-ROH,500,0,0,h05,8424666883640148607
p3,A,500,0,0,h05,8424666883640148607
p3,B,464,36,0,h05,8424666883640148607
p3,C,54,70,376,h05,8424666883640148607
p3,Non-ROH,500,0,0,h05,8424666883640148607
p1,A,500,0,0,h05,8427098655187780345
p1,B,216,272,12,h05,8427098655187780345
p1,C,49,89,362,h05,8427098655187780345
p1,Non-ROH,500,0,0,h05,8427098655187780345
p2,A,500,0,0,h05,8427098655187780345
p2,B,378,121,1,h05,8427098655187780345
p2,C,51,76,373,h05,8427098655187780345
p2,Non-ROH,500,0,0,h05,8427098655187780345
p3,A,500,0,0,h05,8427098655187780345
p3,B,425,75,0,h05,8427098655187780345
p3,C,43,117,340,h05,8427098655187780345
p3,Non-ROH,500,0,0,h05,8427098655187780345
p1,A,500,0,0,h05,8428763564114601506
p1,B,252,235,13,h05,8428763564114601506
p1,C,55,77,368,h05,8428763564114601506
p1,Non-ROH,500,0,0,h05,8428763564114601506
p2,A,500,0,0,h05,8428763564114601506
p2,B,398,102,0,h05,8428763564114601506
p2,C,34,138,328,h05,8428763564114601506
p2,Non-ROH,500,0,0,h05,8428763564114601506
p3,A,500,0,0,h05,8428763564114601506
p3,B,452,48,0,h05,8428763564114601506
p3,C,28,106,366,h05,8428763564114601506
p3,Non-ROH,500,0,0,h05,8428763564114601506
p1,A,500,0,0,h05,845645771187161554
p1,B,218,261,21,h05,845645771187161554
p1,C,64,63,373,h05,845645771187161554
p1,Non-ROH,500,0,0,h05,845645771187161554
p2,A,500,0,0,h05,845645771187161554
p2,B,411,89,0,h05,845645771187161554
p2,C,39,89,372,h05,845645771187161554
p2,Non-ROH,500,0,0,h05,845645771187161554
p3,A,500,0,0,h05,845645771187161554
p3,B,441,59,0,h05,845645771187161554
p3,C,37,76,387,h05,845645771187161554
p3,Non-ROH,500,0,0,h05,845645771187161554
p1,A,500,0,0,h05,8500106890460997578
p1,B,273,212,15,h05,8500106890460997578
p1,C,66,67,367,h05,8500106890460997578
p1,Non-ROH,500,0,0,h05,8500106890460997578
p2,A,500,0,0,h05,8500106890460997578
p2,B,428,72,0,h05,8500106890460997578
p2,C,37,79,384,h05,8500106890460997578
p2,Non-ROH,500,0,0,h05,8500106890460997578
p3,A,500,0,0,h05,8500106890460997578
p3,B,474,26,0,h05,8500106890460997578
p3,C,53,104,343,h05,8500106890460997578
p3,Non-ROH,500,0,0,h05,8500106890460997578
p1,A,500,0,0,h05,8528870719031707883
p1,B,177,311,12,h05,8528870719031707883
p1,C,43,81,376,h05,8528870719031707883
p1,Non-ROH,500,0,0,h05,8528870719031707883
p2,A,500,0,0,h05,8528870719031707883
p2,B,389,111,0,h05,8528870719031707883
p2,C,40,151,309,h05,8528870719031707883
p2,Non-ROH,500,0,0,h05,8528870719031707883
p3,A,500,0,0,h05,8528870719031707883
p3,B,439,61,0,h05,8528870719031707883
p3,C,29,135,336,h05,8528870719031707883
p3,Non-ROH,500,0,0,h05,8528870719031707883
p1,A,500,0,0,h05,8546011504781572604
p1,B,229,253,18,h05,8546011504781572604
p1,C,65,63,372,h05,8546011504781572604
p1,Non-ROH,500,0,0,h05,8546011504781572604
p2,A,500,0,0,h05,8546011504781572604
p2,B,452,48,0,h05,8546011504781572604
p2,C,57,72,371,h05,8546011504781572604
p2,Non-ROH,500,0,0,h05,8546011504781572604
p3,A,500,0,0,h05,8546011504781572604
p3,B,457,43,0,h05,8546011504781572604
p3,C,50,76,374,h05,8546011504781572604
p3,Non-ROH,500,0,0,h05,8546011504781572604
p1,A,499,1,0,h05,8555411596248810492
p1,B,260,223,17,h05,8555411596248810492
p1,C,63,64,373,h05,8555411596248810492
p1,Non-ROH,500,0,0,h05,8555411596248810492
p2,A,500,0,0,h05,8555411596248810492
p2,B,430,70,0,h05,8555411596248810492
p2,C,54,99,347,h05,8555411596248810492
p2,Non-ROH,500,0,0,h05,8555411596248810492
p3,A,500,0,0,h05,8555411596248810492
p3,B,463,37,0,h05,8555411596248810492
p3,C,54,108,338,h05,8555411596248810492
p3,Non-ROH,500,0,0,h05,8555411596248810492
p1,A,500,0,0,h05,8560227140097453607
p1,B,235,252,13,h05,8560227140097453607
p1,C,46,82,372,h05,8560227140097453607
p1,Non-ROH,500,0,0,h05,8560227140097453607
p2,A,500,0,0,h05,8560227140097453607
p2,B,407,93,0,h05,8560227140097453607
p2,C,57,98,345,h05,8560227140097453607
p2,Non-ROH,500,0,0,h05,8560227140097453607
p3,A,500,0,0,h05,8560227140097453607
p3,B,439,61,0,h05,8560227140097453607
p3,C,45,110,345,h05,8560227140097453607
p3,Non-ROH,500,0,0,h05,8560227140097453607
p1,A,500,0,0,h05,8594093329816328041
p1,B,211,276,13,h05,8594093329816328041
p1,C,45,81,374,h05,8594093329816328041
p1,Non-ROH,500,0,0,h05,8594093329816328041
p2,A,500,0,0,h05,8594093329816328041
p2,B,433,67,0,h05,8594093329816328041
p2,C,36,111,353,h05,8594093329816328041
p2,Non-ROH,500,0,0,h05,8594093329816328041
p3,A,500,0,0,h05,8594093329816328041
p3,B,461,39,0,h05,8594093329816328041
p3,C,32,153,315,h05,8594093329816328041
p3,Non-ROH,500,0,0,h05,8594093329816328041
p1,A,500,0,0,h05,859553486951519006
p1,B,225,258,17,h05,859553486951519006
p1,C,68,70,362,h05,859553486951519006
p1,Non-ROH,500,0,0,h05,859553486951519006
p2,A,500,0,0,h05,859553486951519006
p2,B,432,68,0,h05,859553486951519006
p2,C,43,58,399,h05,859553486951519006
p2,Non-ROH,500,0,0,h05,859553486951519006
p3,A,500,0,0,h05,859553486951519006
p3,B,446,54,0,h05,859553486951519006
p3,C,39,105,356,h05,859553486951519006
p3,Non-ROH,500,0,0,h05,859553486951519006
p1,A,500,0,0,h05,8646318340625091403
p1,B,237,252,11,h05,8646318340625091403
p1,C,62,64,374,h05,8646318340625091403
p1,Non-ROH,500,0,0,h05,8646318340625091403
p2,A,500,0,0,h05,8646318340625091403
p2,B,426,74,0,h05,8646318340625091403
p2,C,29,81,390,h05,8646318340625091403
p2,Non-ROH,500,0,0,h05,8646318340625091403
p3,A,500,0,0,h05,8646318340625091403
p3,B,477,23,0,h05,8646318340625091403
p3,C,54,106,340,h05,8646318340625091403
p3,Non-ROH,500,0,0,h05,8646318340625091403
p1,A,500,0,0,h05,8657466658496276441
p1,B,230,253,17,h05,8657466658496276441
p1,C,48,82,370,h05,8657466658496276441
p1,Non-ROH,500,0,0,h05,8657466658496276441
p2,A,500,0,0,h05,8657466658496276441
p2,B,388,112,0,h05,8657466658496276441
p2,C,23,79,398,h05,8657466658496276441
p2,Non-ROH,500,0,0,h05,8657466658496276441
p3,A,500,0,0,h05,8657466658496276441
p3,B,456,44,0,h05,8657466658496276441
p3,C,34,154,312,h05,8657466658496276441
p3,Non-ROH,500,0,0,h05,8657466658496276441
p1,A,500,0,0,h05,8683698783869719457
p1,B,221,271,8,h05,8683698783869719457
p1,C,48,66,386,h05,8683698783869719457
p1,Non-ROH,500,0,0,h05,8683698783869719457
p2,A,500,0,0,h05,8683698783869719457
p2,B,397,103,0,h05,8683698783869719457
p2,C,27,91,382,h05,8683698783869719457
p2,Non-ROH,500,0,0,h05,8683698783869719457
p3,A,500,0,0,h05,8683698783869719457
p3,B,446,54,0,h05,8683698783869719457
p3,C,38,103,359,h05,8683698783869719457
p3,Non-ROH,500,0,0,h05,8683698783869719457
p1,A,498,2,0,h05,8686948471766063294
p1,B,218,273,9,h05,8686948471766063294
p1,C,40,90,370,h05,8686948471766063294
p1,Non-ROH,500,0,0,h05,8686948471766063294
p2,A,500,0,0,h05,8686948471766063294
p2,B,394,106,0,h05,8686948471766063294
p2,C,36,88,376,h05,8686948471766063294
p2,Non-ROH,500,0,0,h05,8686948471766063294
p3,A,500,0,0,h05,8686948471766063294
p3,B,414,86,0,h05,8686948471766063294
p3,C,38,153,309,h05,8686948471766063294
p3,Non-ROH,500,0,0,h05,8686948471766063294
p1,A,498,2,0,h05,8698390962763588885
p1,B,197,290,13,h05,8698390962763588885
p1,C,57,94,349,h05,8698390962763588885
p1,Non-ROH,500,0,0,h05,8698390962763588885
p2,A,500,0,0,h05,8698390962763588885
p2,B,377,123,0,h05,8698390962763588885
p2,C,36,96,368,h05,8698390962763588885
p2,Non-ROH,500,0,0,h05,8698390962763588885
p3,A,500,0,0,h05,8698390962763588885
p3,B,444,56,0,h05,8698390962763588885
p3,C,28,133,339,h05,8698390962763588885
p3,Non-ROH,500,0,0,h05,8698390962763588885
p1,A,500,0,0,h05,8701198892612959469
p1,B,200,287,13,h05,8701198892612959469
p1,C,47,68,385,h05,8701198892612959469
p1,Non-ROH,500,0,0,h05,8701198892612959469
p2,A,500,0,0,h05,8701198892612959469
p2,B,387,113,0,h05,8701198892612959469
p2,C,32,131,337,h05,8701198892612959469
p2,Non-ROH,500,0,0,h05,8701198892612959469
p3,A,500,0,0,h05,8701198892612959469
p3,B,414,86,0,h05,8701198892612959469
p3,C,27,119,354,h05,8701198892612959469
p3,Non-ROH,500,0,0,h05,8701198892612959469
p1,A,498,2,0,h05,8701481152807228601
p1,B,257,234,9,h05,8701481152807228601
p1,C,57,72,371,h05,8701481152807228601
p1,Non-ROH,500,0,0,h05,8701481152807228601
p2,A,500,0,0,h05,8701481152807228601
p2,B,450,50,0,h05,8701481152807228601
p2,C,46,104,350,h05,8701481152807228601
p2,Non-ROH,500,0,0,h05,8701481152807228601
p3,A,500,0,0,h05,8701481152807228601
p3,B,464,36,0,h05,8701481152807228601
p3,C,51,62,387,h05,8701481152807228601
p3,Non-ROH,500,0,0,h05,8701481152807228601
p1,A,500,0,0,h05,8720359783257394599
p1,B,205,278,17,h05,8720359783257394599
p1,C,49,70,381,h05,8720359783257394599
p1,Non-ROH,500,0,0,h05,8720359783257394599
p2,A,500,0,0,h05,8720359783257394599
p2,B,399,101,0,h05,8720359783257394599
p2,C,32,121,347,h05,8720359783257394599
p2,Non-ROH,500,0,0,h05,8720359783257394599
p3,A,500,0,0,h05,8720359783257394599
p3,B,444,56,0,h05,8720359783257394599
p3,C,36,142,322,h05,8720359783257394599
p3,Non-ROH,500,0,0,h05,8720359783257394599
p1,A,499,1,0,h05,8729524276419458742
p1,B,229,257,14,h05,8729524276419458742
p1,C,57,73,370,h05,8729524276419458742
p1,Non-ROH,500,0,0,h05,8729524276419458742
p2,A,500,0,0,h05,8729524276419458742
p2,B,406,94,0,h05,8729524276419458742
p2,C,41,120,339,h05,8729524276419458742
p2,Non-ROH,500,0,0,h05,8729524276419458742
p3,A,500,0,0,h05,8729524276419458742
p3,B,446,54,0,h05,8729524276419458742
p3,C,35,79,386,h05,8729524276419458742
p3,Non-ROH,500,0,0,h05,8729524276419458742
p1,A,498,2,0,h05,8730090253537624701
p1,B,214,272,14,h05,8730090253537624701
p1,C,57,57,386,h05,8730090253537624701
p1,Non-ROH,500,0,0,h05,8730090253537624701
p2,A,500,0,0,h05,8730090253537624701
p2,B,406,94,0,h05,8730090253537624701
p2,C,34,75,391,h05,8730090253537624701
p2,Non-ROH,500,0,0,h05,8730090253537624701
p3,A,500,0,0,h05,8730090253537624701
p3,B,470,30,0,h05,8730090253537624701
p3,C,35,85,380,h05,8730090253537624701
p3,Non-ROH,500,0,0,h05,8730090253537624701
p1,A,500,0,0,h05,8746770271772577838
p1,B,230,259,11,h05,8746770271772577838
p1,C,42,76,382,h05,8746770271772577838
p1,Non-ROH,500,0,0,h05,8746770271772577838
p2,A,500,0,0,h05,8746770271772577838
p2,B,430,70,0,h05,8746770271772577838
p2,C,38,100,362,h05,8746770271772577838
p2,Non-ROH,500,0,0,h05,8746770271772577838
p3,A,500,0,0,h05,8746770271772577838
p3,B,419,81,0,h05,8746770271772577838
p3,C,46,87,367,h05,8746770271772577838
p3,Non-ROH,500,0,0,h05,8746770271772577838
p1,A,500,0,0,h05,876402258899938551
p1,B,221,264,15,h05,876402258899938551
p1,C,48,63,389,h05,876402258899938551
p1,Non-ROH,500,0,0,h05,876402258899938551
p2,A,500,0,0,h05,876402258899938551
p2,B,408,92,0,h05,876402258899938551
p2,C,55,88,357,h05,876402258899938551
p2,Non-ROH,500,0,0,h05,876402258899938551
p3,A,500,0,0,h05,876402258899938551
p3,B,461,39,0,h05,876402258899938551
p3,C,45,81,374,h05,876402258899938551
p3,Non-ROH,500,0,0,h05,876402258899938551
p1,A,500,0,0,h05,8777609553505757530
p1,B,215,276,9,h05,8777609553505757530
p1,C,54,69,377,h05,8777609553505757530
p1,Non-ROH,500,0,0,h05,8777609553505757530
p2,A,500,0,0,h05,8777609553505757530
p2,B,400,100,0,h05,8777609553505757530
p2,C,50,137,313,h05,8777609553505757530
p2,Non-ROH,500,0,0,h05,8777609553505757530
p3,A,500,0,0,h05,8777609553505757530
p3,B,434,66,0,h05,8777609553505757530
p3,C,33,133,334,h05,8777609553505757530
p3,Non-ROH,500,0,0,h05,8777609553505757530
p1,A,500,0,0,h05,8780703641827475216
p1,B,211,271,18,h05,8780703641827475216
p1,C,50,70,380,h05,8780703641827475216
p1,Non-ROH,500,0,0,h05,8780703641827475216
p2,A,500,0,0,h05,8780703641827475216
p2,B,399,101,0,h05,8780703641827475216
p2,C,54,107,339,h05,8780703641827475216
p2,Non-ROH,500,0,0,h05,8780703641827475216
p3,A,500,0,0,h05,8780703641827475216
p3,B,462,38,0,h05,8780703641827475216
p3,C,53,107,340,h05,8780703641827475216
p3,Non-ROH,500,0,0,h05,8780703641827475216
p1,A,500,0,0,h05,8802171469649364521
p1,B,215,271,14,h05,8802171469649364521
p1,C,55,75,370,h05,8802171469649364521
p1,Non-ROH,500,0,0,h05,8802171469649364521
p2,A,500,0,0,h05,8802171469649364521
p2,B,427,73,0,h05,8802171469649364521
p2,C,30,95,375,h05,8802171469649364521
p2,Non-ROH,500,0,0,h05,8802171469649364521
p3,A,500,0,0,h05,8802171469649364521
p3,B,463,37,0,h05,8802171469649364521
p3,C,34,89,377,h05,8802171469649364521
p3,Non-ROH,500,0,0,h05,8802171469649364521
p1,A,499,1,0,h05,8822248914057960763
p1,B,213,271,16,h05,8822248914057960763
p1,C,48,99,353,h05,8822248914057960763
p1,Non-ROH,500,0,0,h05,8822248914057960763
p2,A,500,0,0,h05,8822248914057960763
p2,B,412,88,0,h05,8822248914057960763
p2,C,32,168,300,h05,8822248914057960763
p2,Non-ROH,500,0,0,h05,8822248914057960763
p3,A,500,0,0,h05,8822248914057960763
p3,B,452,48,0,h05,8822248914057960763
p3,C,33,149,318,h05,8822248914057960763
p3,Non-ROH,500,0,0,h05,8822248914057960763
p1,A,500,0,0,h05,8871426415579442404
p1,B,226,255,19,h05,8871426415579442404
p1,C,59,81,360,h05,8871426415579442404
p1,Non-ROH,500,0,0,h05,8871426415579442404
p2,A,500,0,0,h05,8871426415579442404
p2,B,433,67,0,h05,8871426415579442404
p2,C,48,101,351,h05,8871426415579442404
p2,Non-ROH,500,0,0,h05,8871426415579442404
p3,A,500,0,0,h05,8871426415579442404
p3,B,453,47,0,h05,8871426415579442404
p3,C,48,91,361,h05,8871426415579442404
p3,Non-ROH,500,0,0,h05,8871426415579442404
p1,A,498,2,0,h05,8908194772766622485
p1,B,246,239,15,h05,8908194772766622485
p1,C,44,68,388,h05,8908194772766622485
p1,Non-ROH,500,0,0,h05,8908194772766622485
p2,A,500,0,0,h05,8908194772766622485
p2,B,400,100,0,h05,8908194772766622485
p2,C,38,58,404,h05,8908194772766622485
p2,Non-ROH,500,0,0,h05,8908194772766622485
p3,A,500,0,0,h05,8908194772766622485
p3,B,429,71,0,h05,8908194772766622485
p3,C,30,137,333,h05,8908194772766622485
p3,Non-ROH,500,0,0,h05,8908194772766622485
p1,A,496,4,0,h05,8938345698069309366
p1,B,247,242,11,h05,8938345698069309366
p1,C,57,66,377,h05,8938345698069309366
p1,Non-ROH,500,0,0,h05,8938345698069309366
p2,A,500,0,0,h05,8938345698069309366
p2,B,406,94,0,h05,8938345698069309366
p2,C,33,80,387,h05,8938345698069309366
p2,Non-ROH,500,0,0,h05,8938345698069309366
p3,A,500,0,0,h05,8938345698069309366
p3,B,451,49,0,h05,8938345698069309366
p3,C,42,102,356,h05,8938345698069309366
p3,Non-ROH,500,0,0,h05,8938345698069309366
p1,A,500,0,0,h05,8947885427583216599
p1,B,233,249,18,h05,8947885427583216599
p1,C,45,71,384,h05,8947885427583216599
p1,Non-ROH,500,0,0,h05,8947885427583216599
p2,A,500,0,0,h05,8947885427583216599
p2,B,453,47,0,h05,8947885427583216599
p2,C,57,106,337,h05,8947885427583216599
p2,Non-ROH,500,0,0,h05,8947885427583216599
p3,A,500,0,0,h05,8947885427583216599
p3,B,472,28,0,h05,8947885427583216599
p3,C,52,123,325,h05,8947885427583216599
p3,Non-ROH,500,0,0,h05,8947885427583216599
p1,A,500,0,0,h05,8952644029368289163
p1,B,262,221,17,h05,8952644029368289163
p1,C,102,49,349,h05,8952644029368289163
p1,Non-ROH,500,0,0,h05,8952644029368289163
p2,A,500,0,0,h05,8952644029368289163
p2,B,442,58,0,h05,8952644029368289163
p2,C,122,55,323,h05,8952644029368289163
p2,Non-ROH,500,0,0,h05,8952644029368289163
p3,A,500,0,0,h05,8952644029368289163
p3,B,485,15,0,h05,8952644029368289163
p3,C,110,33,357,h05,8952644029368289163
p3,Non-ROH,500,0,0,h05,8952644029368289163
p1,A,500,0,0,h05,8958853549996762177
p1,B,218,263,19,h05,8958853549996762177
p1,C,45,96,359,h05,8958853549996762177
p1,Non-ROH,500,0,0,h05,8958853549996762177
p2,A,500,0,0,h05,8958853549996762177
p2,B,402,98,0,h05,8958853549996762177
p2,C,33,94,373,h05,8958853549996762177
p2,Non-ROH,500,0,0,h05,8958853549996762177
p3,A,500,0,0,h05,8958853549996762177
p3,B,424,76,0,h05,8958853549996762177
p3,C,29,91,380,h05,8958853549996762177
p3,Non-ROH,500,0,0,h05,8958853549996762177
p1,A,500,0,0,h05,8963778252331415450
p1,B,250,237,13,h05,8963778252331415450
p1,C,46,66,388,h05,8963778252331415450
p1,Non-ROH,500,0,0,h05,8963778252331415450
p2,A,500,0,0,h05,8963778252331415450
p2,B,408,92,0,h05,8963778252331415450
p2,C,48,92,360,h05,8963778252331415450
p2,Non-ROH,500,0,0,h05,8963778252331415450
p3,A,500,0,0,h05,8963778252331415450
p3,B,473,27,0,h05,8963778252331415450
p3,C,38,112,350,h05,8963778252331415450
p3,Non-ROH,500,0,0,h05,8963778252331415450
p1,A,499,1,0,h05,8964390602618974280
p1,B,205,279,16,h05,8964390602618974280
p1,C,47,75,378,h05,8964390602618974280
p1,Non-ROH,500,0,0,h05,8964390602618974280
p2,A,500,0,0,h05,8964390602618974280
p2,B,356,144,0,h05,8964390602618974280
p2,C,38,96,366,h05,8964390602618974280
p2,Non-ROH,500,0,0,h05,8964390602618974280
p3,A,500,0,0,h05,8964390602618974280
p3,B,432,68,0,h05,8964390602618974280
p3,C,36,94,370,h05,8964390602618974280
p3,Non-ROH,500,0,0,h05,8964390602618974280
p1,A,498,2,0,h05,8979447912470564123
p1,B,192,293,15,h05,8979447912470564123
p1,C,60,75,365,h05,8979447912470564123
p1,Non-ROH,500,0,0,h05,8979447912470564123
p2,A,500,0,0,h05,8979447912470564123
p2,B,375,125,0,h05,8979447912470564123
p2,C,24,100,376,h05,8979447912470564123
p2,Non-ROH,500,0,0,h05,8979447912470564123
p3,A,500,0,0,h05,8979447912470564123
p3,B,413,87,0,h05,8979447912470564123
p3,C,30,108,362,h05,8979447912470564123
p3,Non-ROH,500,0,0,h05,8979447912470564123
p1,A,500,0,0,h05,8982671853758597525
p1,B,234,246,20,h05,8982671853758597525
p1,C,45,67,388,h05,8982671853758597525
p1,Non-ROH,500,0,0,h05,8982671853758597525
p2,A,500,0,0,h05,8982671853758597525
p2,B,390,110,0,h05,8982671853758597525
p2,C,28,79,393,h05,8982671853758597525
p2,Non-ROH,500,0,0,h05,8982671853758597525
p3,A,500,0,0,h05,8982671853758597525
p3,B,431,69,0,h05,8982671853758597525
p3,C,32,95,373,h05,8982671853758597525
p3,Non-ROH,500,0,0,h05,8982671853758597525
p1,A,498,2,0,h05,8992072124870367708
p1,B,213,270,17,h05,8992072124870367708
p1,C,40,96,364,h05,8992072124870367708
p1,Non-ROH,500,0,0,h05,8992072124870367708
p2,A,500,0,0,h05,8992072124870367708
p2,B,399,101,0,h05,8992072124870367708
p2,C,31,150,319,h05,8992072124870367708
p2,Non-ROH,500,0,0,h05,8992072124870367708
p3,A,500,0,0,h05,8992072124870367708
p3,B,411,89,0,h05,8992072124870367708
p3,C,31,159,310,h05,8992072124870367708
p3,Non-ROH,500,0,0,h05,8992072124870367708
p1,A,499,1,0,h05,8998319615032918245
p1,B,193,297,10,h05,8998319615032918245
p1,C,37,73,390,h05,8998319615032918245
p1,Non-ROH,500,0,0,h05,8998319615032918245
p2,A,500,0,0,h05,8998319615032918245
p2,B,400,100,0,h05,8998319615032918245
p2,C,51,119,330,h05,8998319615032918245
p2,Non-ROH,500,0,0,h05,8998319615032918245
p3,A,500,0,0,h05,8998319615032918245
p3,B,458,42,0,h05,8998319615032918245
p3,C,48,121,331,h05,8998319615032918245
p3,Non-ROH,500,0,0,h05,8998319615032918245
p1,A,499,1,0,h05,9031157274208818424
p1,B,211,275,14,h05,9031157274208818424
p1,C,60,63,377,h05,9031157274208818424
p1,Non-ROH,500,0,0,h05,9031157274208818424
p2,A,500,0,0,h05,9031157274208818424
p2,B,399,101,0,h05,9031157274208818424
p2,C,33,148,319,h05,9031157274208818424
p2,Non-ROH,500,0,0,h05,9031157274208818424
p3,A,500,0,0,h05,9031157274208818424
p3,B,450,50,0,h05,9031157274208818424
p3,C,43,123,334,h05,9031157274208818424
p3,Non-ROH,500,0,0,h05,9031157274208818424
p1,A,500,0,0,h05,9072033406375937098
p1,B,213,268,19,h05,9072033406375937098
p1,C,54,83,363,h05,9072033406375937098
p1,Non-ROH,500,0,0,h05,9072033406375937098
p2,A,500,0,0,h05,9072033406375937098
p2,B,408,92,0,h05,9072033406375937098
p2,C,43,98,359,h05,9072033406375937098
p2,Non-ROH,500,0,0,h05,9072033406375937098
p3,A,500,0,0,h05,9072033406375937098
p3,B,448,52,0,h05,9072033406375937098
p3,C,28,93,379,h05,9072033406375937098
p3,Non-ROH,500,0,0,h05,9072033406375937098
p1,A,500,0,0,h05,9073701853848177054
p1,B,212,278,10,h05,9073701853848177054
p1,C,52,89,359,h05,9073701853848177054
p1,Non-ROH,500,0,0,h05,9073701853848177054
p2,A,500,0,0,h05,9073701853848177054
p2,B,382,118,0,h05,9073701853848177054
p2,C,36,96,368,h05,9073701853848177054
p2,Non-ROH,500,0,0,h05,9073701853848177054
p3,A,500,0,0,h05,9073701853848177054
p3,B,430,70,0,h05,9073701853848177054
p3,C,32,165,303,h05,9073701853848177054
p3,Non-ROH,500,0,0,h05,9073701853848177054
p1,A,500,0,0,h05,9077553547053618809
p1,B,215,272,13,h05,9077553547053618809
p1,C,81,47,372,h05,9077553547053618809
p1,Non-ROH,500,0,0,h05,9077553547053618809
p2,A,500,0,0,h05,9077553547053618809
p2,B,412,88,0,h05,9077553547053618809
p2,C,65,50,385,h05,9077553547053618809
p2,Non-ROH,500,0,0,h05,9077553547053618809
p3,A,500,0,0,h05,9077553547053618809
p3,B,457,43,0,h05,9077553547053618809
p3,C,85,33,382,h05,9077553547053618809
p3,Non-ROH,500,0,0,h05,9077553547053618809
p1,A,500,0,0,h05,9091404105904698470
p1,B,225,259,16,h05,9091404105904698470
p1,C,60,71,369,h05,9091404105904698470
p1,Non-ROH,500,0,0,h05,9091404105904698470
p2,A,500,0,0,h05,9091404105904698470
p2,B,397,103,0,h05,9091404105904698470
p2,C,56,57,387,h05,9091404105904698470
p2,Non-ROH,500,0,0,h05,9091404105904698470
p3,A,500,0,0,h05,9091404105904698470
p3,B,453,47,0,h05,9091404105904698470
p3,C,30,85,385,h05,9091404105904698470
p3,Non-ROH,500,0,0,h05,9091404105904698470
p1,A,500,0,0,h05,9094635800883539673
p1,B,229,262,9,h05,9094635800883539673
p1,C,61,72,367,h05,9094635800883539673
p1,Non-ROH,500,0,0,h05,9094635800883539673
p2,A,500,0,0,h05,9094635800883539673
p2,B,413,87,0,h05,9094635800883539673
p2,C,33,146,321,h05,9094635800883539673
p2,Non-ROH,500,0,0,h05,9094635800883539673
p3,A,500,0,0,h05,9094635800883539673
p3,B,429,71,0,h05,9094635800883539673
p3,C,40,104,356,h05,9094635800883539673
p3,Non-ROH,500,0,0,h05,9094635800883539673
p1,A,500,0,0,h05,9095671929785691461
p1,B,226,259,15,h05,9095671929785691461
p1,C,51,68,381,h05,9095671929785691461
p1,Non-ROH,500,0,0,h05,9095671929785691461
p2,A,500,0,0,h05,9095671929785691461
p2,B,383,117,0,h05,9095671929785691461
p2,C,41,92,367,h05,9095671929785691461
p2,Non-ROH,500,0,0,h05,9095671929785691461
p3,A,500,0,0,h05,9095671929785691461
p3,B,450,50,0,h05,9095671929785691461
p3,C,31,112,357,h05,9095671929785691461
p3,Non-ROH,500,0,0,h05,9095671929785691461
p1,A,500,0,0,h05,9195153261481784320
p1,B,222,262,16,h05,9195153261481784320
p1,C,72,41,387,h05,9195153261481784320
p1,Non-ROH,500,0,0,h05,9195153261481784320
p2,A,500,0,0,h05,9195153261481784320
p2,B,424,76,0,h05,9195153261481784320
p2,C,88,38,374,h05,9195153261481784320
p2,Non-ROH,500,0,0,h05,9195153261481784320
p3,A,500,0,0,h05,9195153261481784320
p3,B,459,41,0,h05,9195153261481784320
p3,C,71,41,388,h05,9195153261481784320
p3,Non-ROH,500,0,0,h05,9195153261481784320
p1,A,500,0,0,h05,974142711462634409
p1,B,225,264,11,h05,974142711462634409
p1,C,45,69,386,h05,974142711462634409
p1,Non-ROH,500,0,0,h05,974142711462634409
p2,A,500,0,0,h05,974142711462634409
p2,B,399,100,1,h05,974142711462634409
p2,C,34,101,365,h05,974142711462634409
p2,Non-ROH,500,0,0,h05,974142711462634409
p3,A,500,0,0,h05,974142711462634409
p3,B,437,63,0,h05,974142711462634409
p3,C,47,145,308,h05,974142711462634409
p3,Non-ROH,500,0,0,h05,974142711462634409
p1,A,500,0,0,h10,1012618836326683912
p1,B,229,261,10,h10,1012618836326683912
p1,C,50,83,367,h10,1012618836326683912
p1,Non-ROH,500,0,0,h10,1012618836326683912
p2,A,500,0,0,h10,1012618836326683912
p2,B,401,99,0,h10,1012618836326683912
p2,C,39,113,348,h10,1012618836326683912
p2,Non-ROH,500,0,0,h10,1012618836326683912
p3,A,500,0,0,h10,1012618836326683912
p3,B,465,35,0,h10,1012618836326683912
p3,C,39,97,364,h10,1012618836326683912
p3,Non-ROH,500,0,0,h10,1012618836326683912
p1,A,499,1,0,h10,1026564289552693026
p1,B,193,290,17,h10,1026564289552693026
p1,C,43,60,397,h10,1026564289552693026
p1,Non-ROH,500,0,0,h10,1026564289552693026
p2,A,500,0,0,h10,1026564289552693026
p2,B,383,117,0,h10,1026564289552693026
p2,C,37,123,340,h10,1026564289552693026
p2,Non-ROH,500,0,0,h10,1026564289552693026
p3,A,500,0,0,h10,1026564289552693026
p3,B,434,66,0,h10,1026564289552693026
p3,C,25,107,368,h10,1026564289552693026
p3,Non-ROH,500,0,0,h10,1026564289552693026
p1,A,498,2,0,h10,1026958658037135184
p1,B,264,229,7,h10,1026958658037135184
p1,C,54,105,341,h10,1026958658037135184
p1,Non-ROH,500,0,0,h10,1026958658037135184
p2,A,500,0,0,h10,1026958658037135184
p2,B,417,83,0,h10,1026958658037135184
p2,C,38,56,406,h10,1026958658037135184
p2,Non-ROH,500,0,0,h10,1026958658037135184
p3,A,500,0,0,h10,1026958658037135184
p3,B,472,28,0,h10,1026958658037135184
p3,C,40,193,267,h10,1026958658037135184
p3,Non-ROH,500,0,0,h10,1026958658037135184
p1,A,500,0,0,h10,1048714029496110229
p1,B,198,291,11,h10,1048714029496110229
p1,C,65,74,361,h10,1048714029496110229
p1,Non-ROH,500,0,0,h10,1048714029496110229
p2,A,500,0,0,h10,1048714029496110229
p2,B,414,86,0,h10,1048714029496110229
p2,C,51,88,361,h10,1048714029496110229
p2,Non-ROH,500,0,0,h10,1048714029496110229
p3,A,500,0,0,h10,1048714029496110229
p3,B,442,57,1,h10,1048714029496110229
p3,C,54,85,361,h10,1048714029496110229
p3,Non-ROH,500,0,0,h10,1048714029496110229
p1,A,500,0,0,h10,1059147586327691307
p1,B,206,276,18,h10,1059147586327691307
p1,C,52,81,367,h10,1059147586327691307
p1,Non-ROH,500,0,0,h10,1059147586327691307
p2,A,500,0,0,h10,1059147586327691307
p2,B,378,122,0,h10,1059147586327691307
p2,C,35,94,371,h10,1059147586327691307
p2,Non-ROH,500,0,0,h10,1059147586327691307
p3,A,500,0,0,h10,1059147586327691307
p3,B,451,49,0,h10,1059147586327691307
p3,C,23,120,357,h10,1059147586327691307
p3,Non-ROH,500,0,0,h10,1059147586327691307
p1,A,500,0,0,h10,107017587312358064
p1,B,228,257,15,h10,107017587312358064
p1,C,56,60,384,h10,107017587312358064
p1,Non-ROH,500,0,0,h10,107017587312358064
p2,A,500,0,0,h10,107017587312358064
p2,B,420,80,0,h10,107017587312358064
p2,C,35,119,346,h10,107017587312358064
p2,Non-ROH,500,0,0,h10,107017587312358064
p3,A,500,0,0,h10,107017587312358064
p3,B,452,48,0,h10,107017587312358064
p3,C,41,80,379,h10,107017587312358064
p3,Non-ROH,500,0,0,h10,107017587312358064
p1,A,499,1,0,h10,1116551563473035952
p1,B,255,232,13,h10,1116551563473035952
p1,C,49,67,384,h10,1116551563473035952
p1,Non-ROH,500,0,0,h10,1116551563473035952
p2,A,500,0,0,h10,1116551563473035952
p2,B,400,100,0,h10,1116551563473035952
p2,C,41,73,386,h10,1116551563473035952
p2,Non-ROH,500,0,0,h10,1116551563473035952
p3,A,500,0,0,h10,1116551563473035952
p3,B,447,53,0,h10,1116551563473035952
p3,C,38,104,358,h10,1116551563473035952
p3,Non-ROH,500,0,0,h10,1116551563473035952
p1,A,500,0,0,h10,1151244692888941698
p1,B,278,214,8,h10,1151244692888941698
p1,C,56,81,363,h10,1151244692888941698
p1,Non-ROH,500,0,0,h10,1151244692888941698
p2,A,500,0,0,h10,1151244692888941698
p2,B,430,70,0,h10,1151244692888941698
p2,C,25,67,408,h10,1151244692888941698
p2,Non-ROH,500,0,0,h10,1151244692888941698
p3,A,500,0,0,h10,1151244692888941698
p3,B,468,32,0,h10,1151244692888941698
p3,C,34,90,376,h10,1151244692888941698
p3,Non-ROH,500,0,0,h10,1151244692888941698
p1,A,500,0,0,h10,1153989827650484475
p1,B,203,279,18,h10,1153989827650484475
p1,C,42,87,371,h10,1153989827650484475
p1,Non-ROH,500,0,0,h10,1153989827650484475
p2,A,500,0,0,h10,1153989827650484475
p2,B,411,88,1,h10,1153989827650484475
p2,C,38,116,346,h10,1153989827650484475
p2,Non-ROH,500,0,0,h10,1153989827650484475
p3,A,500,0,0,h10,1153989827650484475
p3,B,431,69,0,h10,1153989827650484475
p3,C,29,100,371,h10,1153989827650484475
p3,Non-ROH,500,0,0,h10,1153989827650484475
p1,A,499,1,0,h10,1157659746044055472
p1,B,238,253,9,h10,1157659746044055472
p1,C,60,78,362,h10,1157659746044055472
p1,Non-ROH,500,0,0,h10,1157659746044055472
p2,A,500,0,0,h10,1157659746044055472
p2,B,401,99,0,h10,1157659746044055472
p2,C,49,98,353,h10,1157659746044055472
p2,Non-ROH,500,0,0,h10,1157659746044055472
p3,A,500,0,0,h10,1157659746044055472
p3,B,458,42,0,h10,1157659746044055472
p3,C,45,87,368,h10,1157659746044055472
p3,Non-ROH,500,0,0,h10,1157659746044055472
p1,A,500,0,0,h10,1175073028833530932
p1,B,229,258,13,h10,1175073028833530932
p1,C,74,60,366,h10,1175073028833530932
p1,Non-ROH,500,0,0,h10,1175073028833530932
p2,A,500,0,0,h10,1175073028833530932
p2,B,427,73,0,h10,1175073028833530932
p2,C,44,88,368,h10,1175073028833530932
p2,Non-ROH,500,0,0,h10,1175073028833530932
p3,A,500,0,0,h10,1175073028833530932
p3,B,452,48,0,h10,1175073028833530932
p3,C,45,86,369,h10,1175073028833530932
p3,Non-ROH,500,0,0,h10,1175073028833530932
p1,A,500,0,0,h10,1176707235945229063
p1,B,178,305,17,h10,1176707235945229063
p1,C,38,71,391,h10,1176707235945229063
p1,Non-ROH,500,0,0,h10,1176707235945229063
p2,A,500,0,0,h10,1176707235945229063
p2,B,374,126,0,h10,1176707235945229063
p2,C,28,132,340,h10,1176707235945229063
p2,Non-ROH,500,0,0,h10,1176707235945229063
p3,A,500,0,0,h10,1176707235945229063
p3,B,422,78,0,h10,1176707235945229063
p3,C,36,137,327,h10,1176707235945229063
p3,Non-ROH,500,0,0,h10,1176707235945229063
p1,A,500,0,0,h10,1232030183765563702
p1,B,231,248,21,h10,1232030183765563702
p1,C,50,77,373,h10,1232030183765563702
p1,Non-ROH,500,0,0,h10,1232030183765563702
p2,A,500,0,0,h10,1232030183765563702
p2,B,439,61,0,h10,1232030183765563702
p2,C,58,97,345,h10,1232030183765563702
p2,Non-ROH,500,0,0,h10,1232030183765563702
p3,A,500,0,0,h10,1232030183765563702
p3,B,465,35,0,h10,1232030183765563702
p3,C,50,146,304,h10,1232030183765563702
p3,Non-ROH,500,0,0,h10,1232030183765563702
p1,A,500,0,0,h10,1235969967620143229
p1,B,225,263,12,h10,1235969967620143229
p1,C,45,69,386,h10,1235969967620143229
p1,Non-ROH,500,0,0,h10,1235969967620143229
p2,A,500,0,0,h10,1235969967620143229
p2,B,427,73,0,h10,1235969967620143229
p2,C,33,115,352,h10,1235969967620143229
p2,Non-ROH,500,0,0,h10,1235969967620143229
p3,A,500,0,0,h10,1235969967620143229
p3,B,462,38,0,h10,1235969967620143229
p3,C,36,148,316,h10,1235969967620143229
p3,Non-ROH,500,0,0,h10,1235969967620143229
p1,A,499,1,0,h10,124966211410855255
p1,B,216,255,29,h10,124966211410855255
p1,C,77,53,370,h10,124966211410855255
p1,Non-ROH,500,0,0,h10,124966211410855255
p2,A,500,0,0,h10,124966211410855255
p2,B,406,94,0,h10,124966211410855255
p2,C,70,74,356,h10,124966211410855255
p2,Non-ROH,500,0,0,h10,124966211410855255
p3,A,500,0,0,h10,124966211410855255
p3,B,434,66,0,h10,124966211410855255
p3,C,78,45,377,h10,124966211410855255
p3,Non-ROH,500,0,0,h10,124966211410855255
p1,A,498,2,0,h10,12585793717375436
p1,B,230,261,9,h10,12585793717375436
p1,C,52,71,377,h10,12585793717375436
p1,Non-ROH,500,0,0,h10,12585793717375436
p2,A,500,0,0,h10,12585793717375436
p2,B,377,123,0,h10,12585793717375436
p2,C,45,76,379,h10,12585793717375436
p2,Non-ROH,500,0,0,h10,12585793717375436
p3,A,500,0,0,h10,12585793717375436
p3,B,443,57,0,h10,12585793717375436
p3,C,51,87,362,h10,12585793717375436
p3,Non-ROH,500,0,0,h10,12585793717375436
p1,A,499,1,0,h10,1262797677683580703
p1,B,238,247,15,h10,1262797677683580703
p1,C,42,82,376,h10,1262797677683580703
p1,Non-ROH,500,0,0,h10,1262797677683580703
p2,A,500,0,0,h10,1262797677683580703
p2,B,404,96,0,h10,1262797677683580703
p2,C,27,101,372,h10,1262797677683580703
p2,Non-ROH,500,0,0,h10,1262797677683580703
p3,A,500,0,0,h10,1262797677683580703
p3,B,436,64,0,h10,1262797677683580703
p3,C,32,119,349,h10,1262797677683580703
p3,Non-ROH,500,0,0,h10,1262797677683580703
p1,A,500,0,0,h10,1292842379370415372
p1,B,213,277,10,h10,1292842379370415372
p1,C,54,86,360,h10,1292842379370415372
p1,Non-ROH,500,0,0,h10,1292842379370415372
p2,A,500,0,0,h10,1292842379370415372
p2,B,393,107,0,h10,1292842379370415372
p2,C,33,166,301,h10,1292842379370415372
p2,Non-ROH,500,0,0,h10,1292842379370415372
p3,A,500,0,0,h10,1292842379370415372
p3,B,440,60,0,h10,1292842379370415372
p3,C,41,103,356,h10,1292842379370415372
p3,Non-ROH,500,0,0,h10,1292842379370415372
p1,A,497,3,0,h10,1324106717765155468
p1,B,187,301,12,h10,1324106717765155468
p1,C,48,82,370,h10,1324106717765155468
p1,Non-ROH,500,0,0,h10,1324106717765155468
p2,A,500,0,0,h10,1324106717765155468
p2,B,391,109,0,h10,1324106717765155468
p2,C,30,93,377,h10,1324106717765155468
p2,Non-ROH,500,0,0,h10,1324106717765155468
p3,A,500,0,0,h10,1324106717765155468
p3,B,448,52,0,h10,1324106717765155468
p3,C,32,84,384,h10,1324106717765155468
p3,Non-ROH,500,0,0,h10,1324106717765155468
p1,A,498,2,0,h10,1325227854816930920
p1,B,219,270,11,h10,1325227854816930920
p1,C,43,114,343,h10,1325227854816930920
p1,Non-ROH,500,0,0,h10,1325227854816930920
p2,A,500,0,0,h10,1325227854816930920
p2,B,421,79,0,h10,1325227854816930920
p2,C,45,81,374,h10,1325227854816930920
p2,Non-ROH,500,0,0,h10,1325227854816930920
p3,A,500,0,0,h10,1325227854816930920
p3,B,438,62,0,h10,1325227854816930920
p3,C,34,82,384,h10,1325227854816930920
p3,Non-ROH,500,0,0,h10,1325227854816930920
p1,A,500,0,0,h10,1341658944922663820
p1,B,235,252,13,h10,1341658944922663820
p1,C,39,73,388,h10,1341658944922663820
p1,Non-ROH,500,0,0,h10,1341658944922663820
p2,A,500,0,0,h10,1341658944922663820
p2,B,422,78,0,h10,1341658944922663820
p2,C,47,109,344,h10,1341658944922663820
p2,Non-ROH,500,0,0,h10,1341658944922663820
p3,A,500,0,0,h10,1341658944922663820
p3,B,466,34,0,h10,1341658944922663820
p3,C,42,95,363,h10,1341658944922663820
p3,Non-ROH,500,0,0,h10,1341658944922663820
p1,A,498,2,0,h10,1342555950548395655
p1,B,171,305,24,h10,1342555950548395655
p1,C,53,82,365,h10,1342555950548395655
p1,Non-ROH,500,0,0,h10,1342555950548395655
p2,A,500,0,0,h10,1342555950548395655
p2,B,405,95,0,h10,1342555950548395655
p2,C,33,118,349,h10,1342555950548395655
p2,Non-ROH,500,0,0,h10,1342555950548395655
p3,A,500,0,0,h10,1342555950548395655
p3,B,420,80,0,h10,1342555950548395655
p3,C,31,117,352,h10,1342555950548395655
p3,Non-ROH,500,0,0,h10,1342555950548395655
p1,A,500,0,0,h10,1362976890963625099
p1,B,246,235,19,h10,1362976890963625099
p1,C,50,75,375,h10,1362976890963625099
p1,Non-ROH,500,0,0,h10,1362976890963625099
p2,A,500,0,0,h10,1362976890963625099
p2,B,413,87,0,h10,1362976890963625099
p2,C,38,101,361,h10,1362976890963625099
p2,Non-ROH,500,0,0,h10,1362976890963625099
p3,A,500,0,0,h10,1362976890963625099
p3,B,442,58,0,h10,1362976890963625099
p3,C,31,124,345,h10,1362976890963625099
p3,Non-ROH,500,0,0,h10,1362976890963625099
p1,A,498,2,0,h10,1367937539674468921
p1,B,190,292,18,h10,1367937539674468921
p1,C,48,85,367,h10,1367937539674468921
p1,Non-ROH,500,0,0,h10,1367937539674468921
p2,A,500,0,0,h10,1367937539674468921
p2,B,367,133,0,h10,1367937539674468921
p2,C,35,97,368,h10,1367937539674468921
p2,Non-ROH,500,0,0,h10,1367937539674468921
p3,A,500,0,0,h10,1367937539674468921
p3,B,411,89,0,h10,1367937539674468921
p3,C,32,126,342,h10,1367937539674468921
p3,Non-ROH,500,0,0,h10,1367937539674468921
p1,A,500,0,0,h10,1426162982195921554
p1,B,209,276,15,h10,1426162982195921554
p1,C,49,76,375,h10,1426162982195921554
p1,Non-ROH,500,0,0,h10,1426162982195921554
p2,A,500,0,0,h10,1426162982195921554
p2,B,379,121,0,h10,1426162982195921554
p2,C,32,78,390,h10,1426162982195921554
p2,Non-ROH,500,0,0,h10,1426162982195921554
p3,A,500,0,0,h10,1426162982195921554
p3,B,441,59,0,h10,1426162982195921554
p3,C,29,159,312,h10,1426162982195921554
p3,Non-ROH,500,0,0,h10,1426162982195921554
p1,A,499,1,0,h10,1430307755999799038
p1,B,203,286,11,h10,1430307755999799038
p1,C,45,78,377,h10,1430307755999799038
p1,Non-ROH,500,0,0,h10,1430307755999799038
p2,A,500,0,0,h10,1430307755999799038
p2,B,394,106,0,h10,1430307755999799038
p2,C,33,100,367,h10,1430307755999799038
p2,Non-ROH,500,0,0,h10,1430307755999799038
p3,A,500,0,0,h10,1430307755999799038
p3,B,436,64,0,h10,1430307755999799038
p3,C,29,144,327,h10,1430307755999799038
p3,Non-ROH,500,0,0,h10,1430307755999799038
p1,A,499,1,0,h10,1441771503623372442
p1,B,249,235,16,h10,1441771503623372442
p1,C,59,75,366,h10,1441771503623372442
p1,Non-ROH,500,0,0,h10,1441771503623372442
p2,A,500,0,0,h10,1441771503623372442
p2,B,429,71,0,h10,1441771503623372442
p2,C,32,79,389,h10,1441771503623372442
p2,Non-ROH,500,0,0,h10,1441771503623372442
p3,A,500,0,0,h10,1441771503623372442
p3,B,461,39,0,h10,1441771503623372442
p3,C,40,100,360,h10,1441771503623372442
p3,Non-ROH,500,0,0,h10,1441771503623372442
p1,A,498,2,0,h10,1443851936976180138
p1,B,224,266,10,h10,1443851936976180138
p1,C,43,97,360,h10,1443851936976180138
p1,Non-ROH,500,0,0,h10,1443851936976180138
p2,A,500,0,0,h10,1443851936976180138
p2,B,359,141,0,h10,1443851936976180138
p2,C,33,88,379,h10,1443851936976180138
p2,Non-ROH,500,0,0,h10,1443851936976180138
p3,A,500,0,0,h10,1443851936976180138
p3,B,413,87,0,h10,1443851936976180138
p3,C,25,139,336,h10,1443851936976180138
p3,Non-ROH,500,0,0,h10,1443851936976180138
p1,A,500,0,0,h10,1445419942631170083
p1,B,228,258,14,h10,1445419942631170083
p1,C,55,76,369,h10,1445419942631170083
p1,Non-ROH,500,0,0,h10,1445419942631170083
p2,A,500,0,0,h10,1445419942631170083
p2,B,418,82,0,h10,1445419942631170083
p2,C,42,96,362,h10,1445419942631170083
p2,Non-ROH,500,0,0,h10,1445419942631170083
p3,A,500,0,0,h10,1445419942631170083
p3,B,456,44,0,h10,1445419942631170083
p3,C,33,85,382,h10,1445419942631170083
p3,Non-ROH,500,0,0,h10,1445419942631170083
p1,A,499,1,0,h10,1445901201543432693
p1,B,223,259,18,h10,1445901201543432693
p1,C,53,81,366,h10,1445901201543432693
p1,Non-ROH,500,0,0,h10,1445901201543432693
p2,A,500,0,0,h10,1445901201543432693
p2,B,388,112,0,h10,1445901201543432693
p2,C,42,66,392,h10,1445901201543432693
p2,Non-ROH,500,0,0,h10,1445901201543432693
p3,A,500,0,0,h10,1445901201543432693
p3,B,454,46,0,h10,1445901201543432693
p3,C,64,67,369,h10,1445901201543432693
p3,Non-ROH,500,0,0,h10,1445901201543432693
p1,A,498,2,0,h10,1448547974085249144
p1,B,210,276,14,h10,1448547974085249144
p1,C,47,63,390,h10,1448547974085249144
p1,Non-ROH,500,0,0,h10,1448547974085249144
p2,A,500,0,0,h10,1448547974085249144
p2,B,398,102,0,h10,1448547974085249144
p2,C,35,63,402,h10,1448547974085249144
p2,Non-ROH,500,0,0,h10,1448547974085249144
p3,A,500,0,0,h10,1448547974085249144
p3,B,466,34,0,h10,1448547974085249144
p3,C,43,68,389,h10,1448547974085249144
p3,Non-ROH,500,0,0,h10,1448547974085249144
p1,A,499,1,0,h10,1509914642853444501
p1,B,238,252,10,h10,1509914642853444501
p1,C,66,73,361,h10,1509914642853444501
p1,Non-ROH,500,0,0,h10,1509914642853444501
p2,A,500,0,0,h10,1509914642853444501
p2,B,407,93,0,h10,1509914642853444501
p2,C,60,75,365,h10,1509914642853444501
p2,Non-ROH,500,0,0,h10,1509914642853444501
p3,A,500,0,0,h10,1509914642853444501
p3,B,451,49,0,h10,1509914642853444501
p3,C,51,81,368,h10,1509914642853444501
p3,Non-ROH,500,0,0,h10,1509914642853444501
p1,A,500,0,0,h10,1545277645358783464
p1,B,224,261,15,h10,1545277645358783464
p1,C,63,61,376,h10,1545277645358783464
p1,Non-ROH,500,0,0,h10,1545277645358783464
p2,A,500,0,0,h10,1545277645358783464
p2,B,418,82,0,h10,1545277645358783464
p2,C,43,103,354,h10,1545277645358783464
p2,Non-ROH,500,0,0,h10,1545277645358783464
p3,A,500,0,0,h10,1545277645358783464
p3,B,445,55,0,h10,1545277645358783464
p3,C,39,95,366,h10,1545277645358783464
p3,Non-ROH,500,0,0,h10,1545277645358783464
p1,A,500,0,0,h10,1549511113490125657
p1,B,205,274,21,h10,1549511113490125657
p1,C,53,73,374,h10,1549511113490125657
p1,Non-ROH,500,0,0,h10,1549511113490125657
p2,A,500,0,0,h10,1549511113490125657
p2,B,393,107,0,h10,1549511113490125657
p2,C,41,72,387,h10,1549511113490125657
p2,Non-ROH,500,0,0,h10,1549511113490125657
p3,A,500,0,0,h10,1549511113490125657
p3,B,457,43,0,h10,1549511113490125657
p3,C,44,161,295,h10,1549511113490125657
p3,Non-ROH,500,0,0,h10,1549511113490125657
p1,A,499,1,0,h10,154976249168926341
p1,B,189,292,19,h10,154976249168926341
p1,C,42,94,364,h10,154976249168926341
p1,Non-ROH,500,0,0,h10,154976249168926341
p2,A,500,0,0,h10,154976249168926341
p2,B,348,152,0,h10,154976249168926341
p2,C,19,122,359,h10,154976249168926341
p2,Non-ROH,500,0,0,h10,154976249168926341
p3,A,500,0,0,h10,154976249168926341
p3,B,413,87,0,h10,154976249168926341
p3,C,25,116,359,h10,154976249168926341
p3,Non-ROH,500,0,0,h10,154976249168926341
p1,A,500,0,0,h10,1552593388316938624
p1,B,218,262,20,h10,1552593388316938624
p1,C,58,82,360,h10,1552593388316938624
p1,Non-ROH,500,0,0,h10,1552593388316938624
p2,A,500,0,0,h10,1552593388316938624
p2,B,345,155,0,h10,1552593388316938624
p2,C,31,90,379,h10,1552593388316938624
p2,Non-ROH,500,0,0,h10,1552593388316938624
p3,A,500,0,0,h10,1552593388316938624
p3,B,409,91,0,h10,1552593388316938624
p3,C,36,84,380,h10,1552593388316938624
p3,Non-ROH,500,0,0,h10,1552593388316938624
p1,A,499,1,0,h10,1602855807995796450
p1,B,174,315,11,h10,1602855807995796450
p1,C,49,81,370,h10,1602855807995796450
p1,Non-ROH,500,0,0,h10,1602855807995796450
p2,A,500,0,0,h10,1602855807995796450
p2,B,362,138,0,h10,1602855807995796450
p2,C,31,86,383,h10,1602855807995796450
p2,Non-ROH,500,0,0,h10,1602855807995796450
p3,A,500,0,0,h10,1602855807995796450
p3,B,403,97,0,h10,1602855807995796450
p3,C,31,104,365,h10,1602855807995796450
p3,Non-ROH,500,0,0,h10,1602855807995796450
p1,A,500,0,0,h10,1669057736365589103
p1,B,176,306,18,h10,1669057736365589103
p1,C,38,82,380,h10,1669057736365589103
p1,Non-ROH,500,0,0,h10,1669057736365589103
p2,A,500,0,0,h10,1669057736365589103
p2,B,382,118,0,h10,1669057736365589103
p2,C,39,175,286,h10,1669057736365589103
p2,Non-ROH,500,0,0,h10,1669057736365589103
p3,A,500,0,0,h10,1669057736365589103
p3,B,444,56,0,h10,1669057736365589103
p3,C,25,161,314,h10,1669057736365589103
p3,Non-ROH,500,0,0,h10,1669057736365589103
p1,A,500,0,0,h10,1723238753758795348
p1,B,220,263,17,h10,1723238753758795348
p1,C,45,73,382,h10,1723238753758795348
p1,Non-ROH,500,0,0,h10,1723238753758795348
p2,A,500,0,0,h10,1723238753758795348
p2,B,416,83,1,h10,1723238753758795348
p2,C,38,130,332,h10,1723238753758795348
p2,Non-ROH,500,0,0,h10,1723238753758795348
p3,A,500,0,0,h10,1723238753758795348
p3,B,434,66,0,h10,1723238753758795348
p3,C,55,96,349,h10,1723238753758795348
p3,Non-ROH,500,0,0,h10,1723238753758795348
p1,A,500,0,0,h10,1725361983498964955
p1,B,255,232,13,h10,1725361983498964955
p1,C,63,69,368,h10,1725361983498964955
p1,Non-ROH,500,0,0,h10,1725361983498964955
p2,A,500,0,0,h10,1725361983498964955
p2,B,417,83,0,h10,1725361983498964955
p2,C,53,68,379,h10,1725361983498964955
p2,Non-ROH,500,0,0,h10,1725361983498964955
p3,A,500,0,0,h10,1725361983498964955
p3,B,464,36,0,h10,1725361983498964955
p3,C,42,103,355,h10,1725361983498964955
p3,Non-ROH,500,0,0,h10,1725361983498964955
p1,A,500,0,0,h10,1729008289816919154
p1,B,215,278,7,h10,1729008289816919154
p1,C,60,83,357,h10,1729008289816919154
p1,Non-ROH,500,0,0,h10,1729008289816919154
p2,A,500,0,0,h10,1729008289816919154
p2,B,374,126,0,h10,1729008289816919154
p2,C,34,118,348,h10,1729008289816919154
p2,Non-ROH,500,0,0,h10,1729008289816919154
p3,A,500,0,0,h10,1729008289816919154
p3,B,443,57,0,h10,1729008289816919154
p3,C,42,119,339,h10,1729008289816919154
p3,Non-ROH,500,0,0,h10,1729008289816919154
p1,A,499,1,0,h10,1743245726827303525
p1,B,212,276,12,h10,1743245726827303525
p1,C,38,71,391,h10,1743245726827303525
p1,Non-ROH,500,0,0,h10,1743245726827303525
p2,A,500,0,0,h10,1743245726827303525
p2,B,408,92,0,h10,1743245726827303525
p2,C,36,124,340,h10,1743245726827303525
p2,Non-ROH,500,0,0,h10,1743245726827303525
p3,A,500,0,0,h10,1743245726827303525
p3,B,453,47,0,h10,1743245726827303525
p3,C,57,105,338,h10,1743245726827303525
p3,Non-ROH,500,0,0,h10,1743245726827303525
p1,A,499,1,0,h10,1755703797568845287
p1,B,208,275,17,h10,1755703797568845287
p1,C,59,74,367,h10,1755703797568845287
p1,Non-ROH,500,0,0,h10,1755703797568845287
p2,A,500,0,0,h10,1755703797568845287
p2,B,382,118,0,h10,1755703797568845287
p2,C,43,102,355,h10,1755703797568845287
p2,Non-ROH,500,0,0,h10,1755703797568845287
p3,A,500,0,0,h10,1755703797568845287
p3,B,434,66,0,h10,1755703797568845287
p3,C,47,84,369,h10,1755703797568845287
p3,Non-ROH,500,0,0,h10,1755703797568845287
p1,A,500,0,0,h10,1778004071931966452
p1,B,217,270,13,h10,1778004071931966452
p1,C,50,74,376,h10,1778004071931966452
p1,Non-ROH,500,0,0,h10,1778004071931966452
p2,A,500,0,0,h10,1778004071931966452
p2,B,379,121,0,h10,1778004071931966452
p2,C,39,74,387,h10,1778004071931966452
p2,Non-ROH,500,0,0,h10,1778004071931966452
p3,A,500,0,0,h10,1778004071931966452
p3,B,453,47,0,h10,1778004071931966452
p3,C,41,82,377,h10,1778004071931966452
p3,Non-ROH,500,0,0,h10,1778004071931966452
p1,A,499,1,0,h10,1778278019751840967
p1,B,221,268,11,h10,1778278019751840967
p1,C,63,75,362,h10,1778278019751840967
p1,Non-ROH,500,0,0,h10,1778278019751840967
p2,A,500,0,0,h10,1778278019751840967
p2,B,408,92,0,h10,1778278019751840967
p2,C,44,92,364,h10,1778278019751840967
p2,Non-ROH,500,0,0,h10,1778278019751840967
p3,A,500,0,0,h10,1778278019751840967
p3,B,451,49,0,h10,1778278019751840967
p3,C,56,114,330,h10,1778278019751840967
p3,Non-ROH,500,0,0,h10,1778278019751840967
p1,A,499,1,0,h10,1787581137280623868
p1,B,195,291,14,h10,1787581137280623868
p1,C,43,89,368,h10,1787581137280623868
p1,Non-ROH,500,0,0,h10,1787581137280623868
p2,A,500,0,0,h10,1787581137280623868
p2,B,342,158,0,h10,1787581137280623868
p2,C,33,94,373,h10,1787581137280623868
p2,Non-ROH,500,0,0,h10,1787581137280623868
p3,A,500,0,0,h10,1787581137280623868
p3,B,440,60,0,h10,1787581137280623868
p3,C,32,109,359,h10,1787581137280623868
p3,Non-ROH,500,0,0,h10,1787581137280623868
p1,A,499,1,0,h10,1789307750411376887
p1,B,203,283,14,h10,1789307750411376887
p1,C,51,85,364,h10,1789307750411376887
p1,Non-ROH,500,0,0,h10,1789307750411376887
p2,A,500,0,0,h10,1789307750411376887
p2,B,372,128,0,h10,1789307750411376887
p2,C,40,95,365,h10,1789307750411376887
p2,Non-ROH,500,0,0,h10,1789307750411376887
p3,A,500,0,0,h10,1789307750411376887
p3,B,448,52,0,h10,1789307750411376887
p3,C,29,83,388,h10,1789307750411376887
p3,Non-ROH,500,0,0,h10,1789307750411376887
p1,A,499,1,0,h10,1835495332622025351
p1,B,191,295,14,h10,1835495332622025351
p1,C,42,82,376,h10,1835495332622025351
p1,Non-ROH,500,0,0,h10,1835495332622025351
p2,A,500,0,0,h10,1835495332622025351
p2,B,382,118,0,h10,1835495332622025351
p2,C,37,79,384,h10,1835495332622025351
p2,Non-ROH,500,0,0,h10,1835495332622025351
p3,A,500,0,0,h10,1835495332622025351
p3,B,436,64,0,h10,1835495332622025351
p3,C,26,102,372,h10,1835495332622025351
p3,Non-ROH,500,0,0,h10,1835495332622025351
p1,A,500,0,0,h10,1848446807853635934
p1,B,249,238,13,h10,1848446807853635934
p1,C,50,83,367,h10,1848446807853635934
p1,Non-ROH,500,0,0,h10,1848446807853635934
p2,A,500,0,0,h10,1848446807853635934
p2,B,432,68,0,h10,1848446807853635934
p2,C,43,107,350,h10,1848446807853635934
p2,Non-ROH,500,0,0,h10,1848446807853635934
p3,A,500,0,0,h10,1848446807853635934
p3,B,464,36,0,h10,1848446807853635934
p3,C,41,152,307,h10,1848446807853635934
p3,Non-ROH,500,0,0,h10,1848446807853635934
p1,A,500,0,0,h10,188669567936463757
p1,B,243,242,15,h10,188669567936463757
p1,C,52,56,392,h10,188669567936463757
p1,Non-ROH,500,0,0,h10,188669567936463757
p2,A,500,0,0,h10,188669567936463757
p2,B,386,114,0,h10,188669567936463757
p2,C,48,115,337,h10,188669567936463757
p2,Non-ROH,500,0,0,h10,188669567936463757
p3,A,500,0,0,h10,188669567936463757
p3,B,449,51,0,h10,188669567936463757
p3,C,43,78,379,h10,188669567936463757
p3,Non-ROH,500,0,0,h10,188669567936463757
p1,A,500,0,0,h10,1891693020442965712
p1,B,239,244,17,h10,1891693020442965712
p1,C,55,69,376,h10,1891693020442965712
p1,Non-ROH,500,0,0,h10,1891693020442965712
p2,A,500,0,0,h10,1891693020442965712
p2,B,411,89,0,h10,1891693020442965712
p2,C,33,90,377,h10,1891693020442965712
p2,Non-ROH,500,0,0,h10,1891693020442965712
p3,A,500,0,0,h10,1891693020442965712
p3,B,421,79,0,h10,1891693020442965712
p3,C,21,116,363,h10,1891693020442965712
p3,Non-ROH,500,0,0,h10,1891693020442965712
p1,A,500,0,0,h10,18979846889525186
p1,B,250,243,7,h10,18979846889525186
p1,C,50,94,356,h10,18979846889525186
p1,Non-ROH,500,0,0,h10,18979846889525186
p2,A,500,0,0,h10,18979846889525186
p2,B,425,75,0,h10,18979846889525186
p2,C,52,121,327,h10,18979846889525186
p2,Non-ROH,500,0,0,h10,18979846889525186
p3,A,500,0,0,h10,18979846889525186
p3,B,459,41,0,h10,18979846889525186
p3,C,39,128,333,h10,18979846889525186
p3,Non-ROH,500,0,0,h10,18979846889525186
p1,A,498,2,0,h10,1902011476580300920
p1,B,187,294,19,h10,1902011476580300920
p1,C,59,85,356,h10,1902011476580300920
p1,Non-ROH,500,0,0,h10,1902011476580300920
p2,A,500,0,0,h10,1902011476580300920
p2,B,389,111,0,h10,1902011476580300920
p2,C,49,104,347,h10,1902011476580300920
p2,Non-ROH,500,0,0,h10,1902011476580300920
p3,A,500,0,0,h10,1902011476580300920
p3,B,447,53,0,h10,1902011476580300920
p3,C,39,151,310,h10,1902011476580300920
p3,Non-ROH,500,0,0,h10,1902011476580300920
p1,A,499,1,0,h10,1910055771298086959
p1,B,210,274,16,h10,1910055771298086959
p1,C,45,86,369,h10,1910055771298086959
p1,Non-ROH,500,0,0,h10,1910055771298086959
p2,A,500,0,0,h10,1910055771298086959
p2,B,392,108,0,h10,1910055771298086959
p2,C,36,73,391,h10,1910055771298086959
p2,Non-ROH,500,0,0,h10,1910055771298086959
p3,A,500,0,0,h10,1910055771298086959
p3,B,445,55,0,h10,1910055771298086959
p3,C,53,75,372,h10,1910055771298086959
p3,Non-ROH,500,0,0,h10,1910055771298086959
p1,A,498,2,0,h10,1942850984822029135
p1,B,209,280,11,h10,1942850984822029135
p1,C,42,87,371,h10,1942850984822029135
p1,Non-ROH,500,0,0,h10,1942850984822029135
p2,A,500,0,0,h10,1942850984822029135
p2,B,357,143,0,h10,1942850984822029135
p2,C,53,112,335,h10,1942850984822029135
p2,Non-ROH,500,0,0,h10,1942850984822029135
p3,A,500,0,0,h10,1942850984822029135
p3,B,407,93,0,h10,1942850984822029135
p3,C,57,82,361,h10,1942850984822029135
p3,Non-ROH,500,0,0,h10,1942850984822029135
p1,A,499,1,0,h10,1960685429726741693
p1,B,221,261,18,h10,1960685429726741693
p1,C,57,60,383,h10,1960685429726741693
p1,Non-ROH,500,0,0,h10,1960685429726741693
p2,A,500,0,0,h10,1960685429726741693
p2,B,407,93,0,h10,1960685429726741693
p2,C,43,63,394,h10,1960685429726741693
p2,Non-ROH,500,0,0,h10,1960685429726741693
p3,A,500,0,0,h10,1960685429726741693
p3,B,450,50,0,h10,1960685429726741693
p3,C,35,130,335,h10,1960685429726741693
p3,Non-ROH,500,0,0,h10,1960685429726741693
p1,A,500,0,0,h10,1963097838898246514
p1,B,189,290,21,h10,1963097838898246514
p1,C,53,72,375,h10,1963097838898246514
p1,Non-ROH,500,0,0,h10,1963097838898246514
p2,A,500,0,0,h10,1963097838898246514
p2,B,395,105,0,h10,1963097838898246514
p2,C,34,83,383,h10,1963097838898246514
p2,Non-ROH,500,0,0,h10,1963097838898246514
p3,A,500,0,0,h10,1963097838898246514
p3,B,424,76,0,h10,1963097838898246514
p3,C,35,96,369,h10,1963097838898246514
p3,Non-ROH,500,0,0,h10,1963097838898246514
p1,A,499,1,0,h10,1989200961355284090
p1,B,191,296,13,h10,1989200961355284090
p1,C,39,72,389,h10,1989200961355284090
p1,Non-ROH,500,0,0,h10,1989200961355284090
p2,A,500,0,0,h10,1989200961355284090
p2,B,380,120,0,h10,1989200961355284090
p2,C,36,83,381,h10,1989200961355284090
p2,Non-ROH,500,0,0,h10,1989200961355284090
p3,A,500,0,0,h10,1989200961355284090
p3,B,408,92,0,h10,1989200961355284090
p3,C,33,85,382,h10,1989200961355284090
p3,Non-ROH,500,0,0,h10,1989200961355284090
p1,A,499,1,0,h10,2067970342924480294
p1,B,204,281,15,h10,2067970342924480294
p1,C,59,67,374,h10,2067970342924480294
p1,Non-ROH,500,0,0,h10,2067970342924480294
p2,A,500,0,0,h10,2067970342924480294
p2,B,387,113,0,h10,2067970342924480294
p2,C,31,119,350,h10,2067970342924480294
p2,Non-ROH,500,0,0,h10,2067970342924480294
p3,A,500,0,0,h10,2067970342924480294
p3,B,443,57,0,h10,2067970342924480294
p3,C,37,111,352,h10,2067970342924480294
p3,Non-ROH,500,0,0,h10,2067970342924480294
p1,A,500,0,0,h10,2086079987907891091
p1,B,198,285,17,h10,2086079987907891091
p1,C,56,80,364,h10,2086079987907891091
p1,Non-ROH,500,0,0,h10,2086079987907891091
p2,A,500,0,0,h10,2086079987907891091
p2,B,402,98,0,h10,2086079987907891091
p2,C,42,103,355,h10,2086079987907891091
p2,Non-ROH,500,0,0,h10,2086079987907891091
p3,A,500,0,0,h10,2086079987907891091
p3,B,454,46,0,h10,2086079987907891091
p3,C,31,105,364,h10,2086079987907891091
p3,Non-ROH,500,0,0,h10,2086079987907891091
p1,A,499,1,0,h10,2088317823166026460
p1,B,197,297,6,h10,2088317823166026460
p1,C,53,121,326,h10,2088317823166026460
p1,Non-ROH,500,0,0,h10,2088317823166026460
p2,A,500,0,0,h10,2088317823166026460
p2,B,354,145,1,h10,2088317823166026460
p2,C,29,97,374,h10,2088317823166026460
p2,Non-ROH,500,0,0,h10,2088317823166026460
p3,A,500,0,0,h10,2088317823166026460
p3,B,418,82,0,h10,2088317823166026460
p3,C,27,91,382,h10,2088317823166026460
p3,Non-ROH,500,0,0,h10,2088317823166026460
p1,A,497,3,0,h10,2120015333636602866
p1,B,174,307,19,h10,2120015333636602866
p1,C,46,88,366,h10,2120015333636602866
p1,Non-ROH,500,0,0,h10,2120015333636602866
p2,A,500,0,0,h10,2120015333636602866
p2,B,348,152,0,h10,2120015333636602866
p2,C,23,99,378,h10,2120015333636602866
p2,Non-ROH,500,0,0,h10,2120015333636602866
p3,A,500,0,0,h10,2120015333636602866
p3,B,394,106,0,h10,2120015333636602866
p3,C,25,108,367,h10,2120015333636602866
p3,Non-ROH,500,0,0,h10,2120015333636602866
p1,A,499,1,0,h10,213435615966778079
p1,B,230,255,15,h10,213435615966778079
p1,C,52,79,369,h10,213435615966778079
p1,Non-ROH,500,0,0,h10,213435615966778079
p2,A,500,0,0,h10,213435615966778079
p2,B,419,81,0,h10,213435615966778079
p2,C,37,135,328,h10,213435615966778079
p2,Non-ROH,500,0,0,h10,213435615966778079
p3,A,500,0,0,h10,213435615966778079
p3,B,449,51,0,h10,213435615966778079
p3,C,32,103,365,h10,213435615966778079
p3,Non-ROH,500,0,0,h10,213435615966778079
p1,A,500,0,0,h10,214858307029431604
p1,B,201,284,15,h10,214858307029431604
p1,C,53,72,375,h10,214858307029431604
p1,Non-ROH,500,0,0,h10,214858307029431604
p2,A,500,0,0,h10,214858307029431604
p2,B,417,83,0,h10,214858307029431604
p2,C,45,88,367,h10,214858307029431604
p2,Non-ROH,500,0,0,h10,214858307029431604
p3,A,500,0,0,h10,214858307029431604
p3,B,449,51,0,h10,214858307029431604
p3,C,53,99,348,h10,214858307029431604
p3,Non-ROH,500,0,0,h10,214858307029431604
p1,A,500,0,0,h10,2157168057173588686
p1,B,254,228,18,h10,2157168057173588686
p1,C,64,67,369,h10,2157168057173588686
p1,Non-ROH,500,0,0,h10,2157168057173588686
p2,A,500,0,0,h10,2157168057173588686
p2,B,419,81,0,h10,2157168057173588686
p2,C,68,81,351,h10,2157168057173588686
p2,Non-ROH,500,0,0,h10,2157168057173588686
p3,A,500,0,0,h10,2157168057173588686
p3,B,456,44,0,h10,2157168057173588686
p3,C,66,66,368,h10,2157168057173588686
p3,Non-ROH,500,0,0,h10,2157168057173588686
p1,A,500,0,0,h10,2170046573815725772
p1,B,216,267,17,h10,2170046573815725772
p1,C,72,60,368,h10,2170046573815725772
p1,Non-ROH,500,0,0,h10,2170046573815725772
p2,A,500,0,0,h10,2170046573815725772
p2,B,437,63,0,h10,2170046573815725772
p2,C,104,79,317,h10,2170046573815725772
p2,Non-ROH,500,0,0,h10,2170046573815725772
p3,A,500,0,0,h10,2170046573815725772
p3,B,461,39,0,h10,2170046573815725772
p3,C,145,58,297,h10,2170046573815725772
p3,Non-ROH,500,0,0,h10,2170046573815725772
p1,A,500,0,0,h10,2180760889923183150
p1,B,191,294,15,h10,2180760889923183150
p1,C,66,75,359,h10,2180760889923183150
p1,Non-ROH,500,0,0,h10,2180760889923183150
p2,A,500,0,0,h10,2180760889923183150
p2,B,372,128,0,h10,2180760889923183150
p2,C,54,106,340,h10,2180760889923183150
p2,Non-ROH,500,0,0,h10,2180760889923183150
p3,A,500,0,0,h10,2180760889923183150
p3,B,424,76,0,h10,2180760889923183150
p3,C,62,88,350,h10,2180760889923183150
p3,Non-ROH,500,0,0,h10,2180760889923183150
p1,A,500,0,0,h10,2205178927185015817
p1,B,221,260,19,h10,2205178927185015817
p1,C,75,68,357,h10,2205178927185015817
p1,Non-ROH,500,0,0,h10,2205178927185015817
p2,A,500,0,0,h10,2205178927185015817
p2,B,397,103,0,h10,2205178927185015817
p2,C,36,62,402,h10,2205178927185015817
p2,Non-ROH,500,0,0,h10,2205178927185015817
p3,A,500,0,0,h10,2205178927185015817
p3,B,443,57,0,h10,2205178927185015817
p3,C,42,119,339,h10,2205178927185015817
p3,Non-ROH,500,0,0,h10,2205178927185015817
p1,A,500,0,0,h10,2245925325132679270
p1,B,234,247,19,h10,2245925325132679270
p1,C,63,72,365,h10,2245925325132679270
p1,Non-ROH,500,0,0,h10,2245925325132679270
p2,A,500,0,0,h10,2245925325132679270
p2,B,422,78,0,h10,2245925325132679270
p2,C,42,107,351,h10,2245925325132679270
p2,Non-ROH,500,0,0,h10,2245925325132679270
p3,A,500,0,0,h10,2245925325132679270
p3,B,449,51,0,h10,2245925325132679270
p3,C,54,85,361,h10,2245925325132679270
p3,Non-ROH,500,0,0,h10,2245925325132679270
p1,A,500,0,0,h10,2281994803326665267
p1,B,249,230,21,h10,2281994803326665267
p1,C,62,73,365,h10,2281994803326665267
p1,Non-ROH,500,0,0,h10,2281994803326665267
p2,A,500,0,0,h10,2281994803326665267
p2,B,434,66,0,h10,2281994803326665267
p2,C,72,169,259,h10,2281994803326665267
p2,Non-ROH,500,0,0,h10,2281994803326665267
p3,A,500,0,0,h10,2281994803326665267
p3,B,459,41,0,h10,2281994803326665267
p3,C,67,48,385,h10,2281994803326665267
p3,Non-ROH,500,0,0,h10,2281994803326665267
p1,A,498,2,0,h10,2287414817159536582
p1,B,218,264,18,h10,2287414817159536582
p1,C,43,57,400,h10,2287414817159536582
p1,Non-ROH,500,0,0,h10,2287414817159536582
p2,A,500,0,0,h10,2287414817159536582
p2,B,388,112,0,h10,2287414817159536582
p2,C,44,80,376,h10,2287414817159536582
p2,Non-ROH,500,0,0,h10,2287414817159536582
p3,A,500,0,0,h10,2287414817159536582
p3,B,433,67,0,h10,2287414817159536582
p3,C,44,86,370,h10,2287414817159536582
p3,Non-ROH,500,0,0,h10,2287414817159536582
p1,A,500,0,0,h10,2296001920092644526
p1,B,215,269,16,h10,2296001920092644526
p1,C,49,89,362,h10,2296001920092644526
p1,Non-ROH,500,0,0,h10,2296001920092644526
p2,A,500,0,0,h10,2296001920092644526
p2,B,430,70,0,h10,2296001920092644526
p2,C,33,117,350,h10,2296001920092644526
p2,Non-ROH,500,0,0,h10,2296001920092644526
p3,A,500,0,0,h10,2296001920092644526
p3,B,456,44,0,h10,2296001920092644526
p3,C,40,132,328,h10,2296001920092644526
p3,Non-ROH,500,0,0,h10,2296001920092644526
p1,A,500,0,0,h10,2297310092502383377
p1,B,201,287,12,h10,2297310092502383377
p1,C,37,86,377,h10,2297310092502383377
p1,Non-ROH,500,0,0,h10,2297310092502383377
p2,A,500,0,0,h10,2297310092502383377
p2,B,395,105,0,h10,2297310092502383377
p2,C,26,91,383,h10,2297310092502383377
p2,Non-ROH,500,0,0,h10,2297310092502383377
p3,A,500,0,0,h10,2297310092502383377
p3,B,426,74,0,h10,2297310092502383377
p3,C,21,102,377,h10,2297310092502383377
p3,Non-ROH,500,0,0,h10,2297310092502383377
p1,A,499,1,0,h10,2299066120733924076
p1,B,207,276,17,h10,2299066120733924076
p1,C,45,82,373,h10,2299066120733924076
p1,Non-ROH,500,0,0,h10,2299066120733924076
p2,A,500,0,0,h10,2299066120733924076
p2,B,367,133,0,h10,2299066120733924076
p2,C,26,91,383,h10,2299066120733924076
p2,Non-ROH,500,0,0,h10,2299066120733924076
p3,A,500,0,0,h10,2299066120733924076
p3,B,421,79,0,h10,2299066120733924076
p3,C,42,97,361,h10,2299066120733924076
p3,Non-ROH,500,0,0,h10,2299066120733924076
p1,A,500,0,0,h10,2311964674000974674
p1,B,220,270,10,h10,2311964674000974674
p1,C,59,89,352,h10,2311964674000974674
p1,Non-ROH,500,0,0,h10,2311964674000974674
p2,A,500,0,0,h10,2311964674000974674
p2,B,390,110,0,h10,2311964674000974674
p2,C,32,117,351,h10,2311964674000974674
p2,Non-ROH,500,0,0,h10,2311964674000974674
p3,A,500,0,0,h10,2311964674000974674
p3,B,412,88,0,h10,2311964674000974674
p3,C,38,114,348,h10,2311964674000974674
p3,Non-ROH,500,0,0,h10,2311964674000974674
p1,A,500,0,0,h10,2329007392430375664
p1,B,230,255,15,h10,2329007392430375664
p1,C,48,80,372,h10,2329007392430375664
p1,Non-ROH,500,0,0,h10,2329007392430375664
p2,A,500,0,0,h10,2329007392430375664
p2,B,406,94,0,h10,2329007392430375664
p2,C,40,83,377,h10,2329007392430375664
p2,Non-ROH,500,0,0,h10,2329007392430375664
p3,A,500,0,0,h10,2329007392430375664
p3,B,442,58,0,h10,2329007392430375664
p3,C,31,180,289,h10,2329007392430375664
p3,Non-ROH,500,0,0,h10,2329007392430375664
p1,A,500,0,0,h10,234921801251453869
p1,B,237,242,21,h10,234921801251453869
p1,C,45,95,360,h10,234921801251453869
p1,Non-ROH,500,0,0,h10,234921801251453869
p2,A,500,0,0,h10,234921801251453869
p2,B,422,78,0,h10,234921801251453869
p2,C,46,113,341,h10,234921801251453869
p2,Non-ROH,500,0,0,h10,234921801251453869
p3,A,500,0,0,h10,234921801251453869
p3,B,455,45,0,h10,234921801251453869
p3,C,44,101,355,h10,234921801251453869
p3,Non-ROH,500,0,0,h10,234921801251453869
p1,A,500,0,0,h10,2354544519747105301
p1,B,238,248,14,h10,2354544519747105301
p1,C,63,86,351,h10,2354544519747105301
p1,Non-ROH,500,0,0,h10,2354544519747105301
p2,A,500,0,0,h10,2354544519747105301
p2,B,434,66,0,h10,2354544519747105301
p2,C,42,112,346,h10,2354544519747105301
p2,Non-ROH,500,0,0,h10,2354544519747105301
p3,A,500,0,0,h10,2354544519747105301
p3,B,453,47,0,h10,2354544519747105301
p3,C,47,114,339,h10,2354544519747105301
p3,Non-ROH,500,0,0,h10,2354544519747105301
p1,A,500,0,0,h10,2357356116961837130
p1,B,207,269,24,h10,2357356116961837130
p1,C,69,62,369,h10,2357356116961837130
p1,Non-ROH,500,0,0,h10,2357356116961837130
p2,A,500,0,0,h10,2357356116961837130
p2,B,393,107,0,h10,2357356116961837130
p2,C,35,93,372,h10,2357356116961837130
p2,Non-ROH,500,0,0,h10,2357356116961837130
p3,A,500,0,0,h10,2357356116961837130
p3,B,437,63,0,h10,2357356116961837130
p3,C,41,82,377,h10,2357356116961837130
p3,Non-ROH,500,0,0,h10,2357356116961837130
p1,A,499,1,0,h10,2374712119957615693
p1,B,185,296,19,h10,2374712119957615693
p1,C,36,93,371,h10,2374712119957615693
p1,Non-ROH,500,0,0,h10,2374712119957615693
p2,A,500,0,0,h10,2374712119957615693
p2,B,376,124,0,h10,2374712119957615693
p2,C,35,100,365,h10,2374712119957615693
p2,Non-ROH,500,0,0,h10,2374712119957615693
p3,A,500,0,0,h10,2374712119957615693
p3,B,400,100,0,h10,2374712119957615693
p3,C,36,84,380,h10,2374712119957615693
p3,Non-ROH,500,0,0,h10,2374712119957615693
p1,A,499,1,0,h10,2378223484633022671
p1,B,198,293,9,h10,2378223484633022671
p1,C,50,70,380,h10,2378223484633022671
p1,Non-ROH,500,0,0,h10,2378223484633022671
p2,A,500,0,0,h10,2378223484633022671
p2,B,387,113,0,h10,2378223484633022671
p2,C,25,113,362,h10,2378223484633022671
p2,Non-ROH,500,0,0,h10,2378223484633022671
p3,A,500,0,0,h10,2378223484633022671
p3,B,435,65,0,h10,2378223484633022671
p3,C,34,113,353,h10,2378223484633022671
p3,Non-ROH,500,0,0,h10,2378223484633022671
p1,A,500,0,0,h10,2405974824152589709
p1,B,279,206,15,h10,2405974824152589709
p1,C,54,79,367,h10,2405974824152589709
p1,Non-ROH,500,0,0,h10,2405974824152589709
p2,A,500,0,0,h10,2405974824152589709
p2,B,420,79,1,h10,2405974824152589709
p2,C,58,68,374,h10,2405974824152589709
p2,Non-ROH,500,0,0,h10,2405974824152589709
p3,A,500,0,0,h10,2405974824152589709
p3,B,463,37,0,h10,2405974824152589709
p3,C,29,77,394,h10,2405974824152589709
p3,Non-ROH,500,0,0,h10,2405974824152589709
p1,A,500,0,0,h10,2408888981758523933
p1,B,251,241,8,h10,2408888981758523933
p1,C,55,79,366,h10,2408888981758523933
p1,Non-ROH,500,0,0,h10,2408888981758523933
p2,A,500,0,0,h10,2408888981758523933
p2,B,399,101,0,h10,2408888981758523933
p2,C,42,95,363,h10,2408888981758523933
p2,Non-ROH,500,0,0,h10,2408888981758523933
p3,A,500,0,0,h10,2408888981758523933
p3,B,458,42,0,h10,2408888981758523933
p3,C,38,88,374,h10,2408888981758523933
p3,Non-ROH,500,0,0,h10,2408888981758523933
p1,A,499,1,0,h10,2411177555993782872
p1,B,222,269,9,h10,2411177555993782872
p1,C,51,66,383,h10,2411177555993782872
p1,Non-ROH,500,0,0,h10,2411177555993782872
p2,A,500,0,0,h10,2411177555993782872
p2,B,401,99,0,h10,2411177555993782872
p2,C,31,95,374,h10,2411177555993782872
p2,Non-ROH,500,0,0,h10,2411177555993782872
p3,A,500,0,0,h10,2411177555993782872
p3,B,438,62,0,h10,2411177555993782872
p3,C,40,111,349,h10,2411177555993782872
p3,Non-ROH,500,0,0,h10,2411177555993782872
p1,A,500,0,0,h10,2442927368246943371
p1,B,213,274,13,h10,2442927368246943371
p1,C,87,41,372,h10,2442927368246943371
p1,Non-ROH,500,0,0,h10,2442927368246943371
p2,A,500,0,0,h10,2442927368246943371
p2,B,387,113,0,h10,2442927368246943371
p2,C,117,41,342,h10,2442927368246943371
p2,Non-ROH,500,0,0,h10,2442927368246943371
p3,A,500,0,0,h10,2442927368246943371
p3,B,438,62,0,h10,2442927368246943371
p3,C,124,39,337,h10,2442927368246943371
p3,Non-ROH,500,0,0,h10,2442927368246943371
p1,A,500,0,0,h10,2470422899851277686
p1,B,260,229,11,h10,2470422899851277686
p1,C,72,78,350,h10,2470422899851277686
p1,Non-ROH,500,0,0,h10,2470422899851277686
p2,A,500,0,0,h10,2470422899851277686
p2,B,428,72,0,h10,2470422899851277686
p2,C,42,102,356,h10,2470422899851277686
p2,Non-ROH,500,0,0,h10,2470422899851277686
p3,A,500,0,0,h10,2470422899851277686
p3,B,434,66,0,h10,2470422899851277686
p3,C,33,80,387,h10,2470422899851277686
p3,Non-ROH,500,0,0,h10,2470422899851277686
p1,A,499,1,0,h10,2480779890822572341
p1,B,187,298,15,h10,2480779890822572341
p1,C,48,80,372,h10,2480779890822572341
p1,Non-ROH,500,0,0,h10,2480779890822572341
p2,A,500,0,0,h10,2480779890822572341
p2,B,395,105,0,h10,2480779890822572341
p2,C,36,68,396,h10,2480779890822572341
p2,Non-ROH,500,0,0,h10,2480779890822572341
p3,A,500,0,0,h10,2480779890822572341
p3,B,443,57,0,h10,2480779890822572341
p3,C,31,114,355,h10,2480779890822572341
p3,Non-ROH,500,0,0,h10,2480779890822572341
p1,A,500,0,0,h10,2483178009446175964
p1,B,256,222,22,h10,2483178009446175964
p1,C,57,64,379,h10,2483178009446175964
p1,Non-ROH,500,0,0,h10,2483178009446175964
p2,A,500,0,0,h10,2483178009446175964
p2,B,447,53,0,h10,2483178009446175964
p2,C,40,107,353,h10,2483178009446175964
p2,Non-ROH,500,0,0,h10,2483178009446175964
p3,A,500,0,0,h10,2483178009446175964
p3,B,469,31,0,h10,2483178009446175964
p3,C,39,96,365,h10,2483178009446175964
p3,Non-ROH,500,0,0,h10,2483178009446175964
p1,A,500,0,0,h10,2488402134754094352
p1,B,209,284,7,h10,2488402134754094352
p1,C,55,62,383,h10,2488402134754094352
p1,Non-ROH,500,0,0,h10,2488402134754094352
p2,A,500,0,0,h10,2488402134754094352
p2,B,384,116,0,h10,2488402134754094352
p2,C,34,120,346,h10,2488402134754094352
p2,Non-ROH,500,0,0,h10,2488402134754094352
p3,A,500,0,0,h10,2488402134754094352
p3,B,415,85,0,h10,2488402134754094352
p3,C,20,112,368,h10,2488402134754094352
p3,Non-ROH,500,0,0,h10,2488402134754094352
p1,A,500,0,0,h10,2515545305029161790
p1,B,195,295,10,h10,2515545305029161790
p1,C,38,106,356,h10,2515545305029161790
p1,Non-ROH,500,0,0,h10,2515545305029161790
p2,A,500,0,0,h10,2515545305029161790
p2,B,360,140,0,h10,2515545305029161790
p2,C,24,121,355,h10,2515545305029161790
p2,Non-ROH,500,0,0,h10,2515545305029161790
p3,A,500,0,0,h10,2515545305029161790
p3,B,418,82,0,h10,2515545305029161790
p3,C,37,155,308,h10,2515545305029161790
p3,Non-ROH,500,0,0,h10,2515545305029161790
p1,A,498,2,0,h10,2530554541687735636
p1,B,262,230,8,h10,2530554541687735636
p1,C,50,97,353,h10,2530554541687735636
p1,Non-ROH,500,0,0,h10,2530554541687735636
p2,A,500,0,0,h10,2530554541687735636
p2,B,418,82,0,h10,2530554541687735636
p2,C,44,123,333,h10,2530554541687735636
p2,Non-ROH,500,0,0,h10,2530554541687735636
p3,A,500,0,0,h10,2530554541687735636
p3,B,444,56,0,h10,2530554541687735636
p3,C,31,126,343,h10,2530554541687735636
p3,Non-ROH,500,0,0,h10,2530554541687735636
p1,A,500,0,0,h10,2542975459646688792
p1,B,202,288,10,h10,2542975459646688792
p1,C,60,59,381,h10,2542975459646688792
p1,Non-ROH,500,0,0,h10,2542975459646688792
p2,A,500,0,0,h10,2542975459646688792
p2,B,373,127,0,h10,2542975459646688792
p2,C,30,79,391,h10,2542975459646688792
p2,Non-ROH,500,0,0,h10,2542975459646688792
p3,A,500,0,0,h10,2542975459646688792
p3,B,398,102,0,h10,2542975459646688792
p3,C,30,197,273,h10,2542975459646688792
p3,Non-ROH,500,0,0,h10,2542975459646688792
p1,A,500,0,0,h10,2543418921934646807
p1,B,246,237,17,h10,2543418921934646807
p1,C,58,82,360,h10,2543418921934646807
p1,Non-ROH,500,0,0,h10,2543418921934646807
p2,A,500,0,0,h10,2543418921934646807
p2,B,429,71,0,h10,2543418921934646807
p2,C,47,98,355,h10,2543418921934646807
p2,Non-ROH,500,0,0,h10,2543418921934646807
p3,A,500,0,0,h10,2543418921934646807
p3,B,450,50,0,h10,2543418921934646807
p3,C,47,151,302,h10,2543418921934646807
p3,Non-ROH,500,0,0,h10,2543418921934646807
p1,A,500,0,0,h10,2545628064653092717
p1,B,230,258,12,h10,2545628064653092717
p1,C,53,67,380,h10,2545628064653092717
p1,Non-ROH,500,0,0,h10,2545628064653092717
p2,A,500,0,0,h10,2545628064653092717
p2,B,418,82,0,h10,2545628064653092717
p2,C,37,120,343,h10,2545628064653092717
p2,Non-ROH,500,0,0,h10,2545628064653092717
p3,A,500,0,0,h10,2545628064653092717
p3,B,458,42,0,h10,2545628064653092717
p3,C,34,93,373,h10,2545628064653092717
p3,Non-ROH,500,0,0,h10,2545628064653092717
p1,A,500,0,0,h10,2587277278725201249
p1,B,230,252,18,h10,2587277278725201249
p1,C,45,68,387,h10,2587277278725201249
p1,Non-ROH,500,0,0,h10,2587277278725201249
p2,A,500,0,0,h10,2587277278725201249
p2,B,396,104,0,h10,2587277278725201249
p2,C,44,65,391,h10,2587277278725201249
p2,Non-ROH,500,0,0,h10,2587277278725201249
p3,A,500,0,0,h10,2587277278725201249
p3,B,449,51,0,h10,2587277278725201249
p3,C,73,54,373,h10,2587277278725201249
p3,Non-ROH,500,0,0,h10,2587277278725201249
p1,A,500,0,0,h10,2589666695797247849
p1,B,239,247,14,h10,2589666695797247849
p1,C,59,72,369,h10,2589666695797247849
p1,Non-ROH,500,0,0,h10,2589666695797247849
p2,A,500,0,0,h10,2589666695797247849
p2,B,422,78,0,h10,2589666695797247849
p2,C,47,71,382,h10,2589666695797247849
p2,Non-ROH,500,0,0,h10,2589666695797247849
p3,A,500,0,0,h10,2589666695797247849
p3,B,454,46,0,h10,2589666695797247849
p3,C,52,79,369,h10,2589666695797247849
p3,Non-ROH,500,0,0,h10,2589666695797247849
p1,A,500,0,0,h10,2592575050671657058
p1,B,223,257,20,h10,2592575050671657058
p1,C,39,73,388,h10,2592575050671657058
p1,Non-ROH,500,0,0,h10,2592575050671657058
p2,A,500,0,0,h10,2592575050671657058
p2,B,393,107,0,h10,2592575050671657058
p2,C,31,98,371,h10,2592575050671657058
p2,Non-ROH,500,0,0,h10,2592575050671657058
p3,A,500,0,0,h10,2592575050671657058
p3,B,458,41,1,h10,2592575050671657058
p3,C,32,90,378,h10,2592575050671657058
p3,Non-ROH,500,0,0,h10,2592575050671657058
p1,A,500,0,0,h10,2608944351480602300
p1,B,206,286,8,h10,2608944351480602300
p1,C,51,92,357,h10,2608944351480602300
p1,Non-ROH,500,0,0,h10,2608944351480602300
p2,A,500,0,0,h10,2608944351480602300
p2,B,373,127,0,h10,2608944351480602300
p2,C,28,136,336,h10,2608944351480602300
p2,Non-ROH,500,0,0,h10,2608944351480602300
p3,A,500,0,0,h10,2608944351480602300
p3,B,418,82,0,h10,2608944351480602300
p3,C,32,150,318,h10,2608944351480602300
p3,Non-ROH,500,0,0,h10,2608944351480602300
p1,A,500,0,0,h10,2615303255337001889
p1,B,252,235,13,h10,2615303255337001889
p1,C,59,73,368,h10,2615303255337001889
p1,Non-ROH,500,0,0,h10,2615303255337001889
p2,A,500,0,0,h10,2615303255337001889
p2,B,413,87,0,h10,2615303255337001889
p2,C,48,94,358,h10,2615303255337001889
p2,Non-ROH,500,0,0,h10,2615303255337001889
p3,A,500,0,0,h10,2615303255337001889
p3,B,485,15,0,h10,2615303255337001889
p3,C,60,104,336,h10,2615303255337001889
p3,Non-ROH,500,0,0,h10,2615303255337001889
p1,A,498,2,0,h10,2627987376296409316
p1,B,200,289,11,h10,2627987376296409316
p1,C,50,68,382,h10,2627987376296409316
p1,Non-ROH,500,0,0,h10,2627987376296409316
p2,A,500,0,0,h10,2627987376296409316
p2,B,385,115,0,h10,2627987376296409316
p2,C,36,97,367,h10,2627987376296409316
p2,Non-ROH,500,0,0,h10,2627987376296409316
p3,A,500,0,0,h10,2627987376296409316
p3,B,436,64,0,h10,2627987376296409316
p3,C,43,110,347,h10,2627987376296409316
p3,Non-ROH,500,0,0,h10,2627987376296409316
p1,A,500,0,0,h10,2634635786269550136
p1,B,196,290,14,h10,2634635786269550136
p1,C,50,76,374,h10,2634635786269550136
p1,Non-ROH,500,0,0,h10,2634635786269550136
p2,A,500,0,0,h10,2634635786269550136
p2,B,368,132,0,h10,2634635786269550136
p2,C,41,86,373,h10,2634635786269550136
p2,Non-ROH,500,0,0,h10,2634635786269550136
p3,A,500,0,0,h10,2634635786269550136
p3,B,436,64,0,h10,2634635786269550136
p3,C,36,123,341,h10,2634635786269550136
p3,Non-ROH,500,0,0,h10,2634635786269550136
p1,A,500,0,0,h10,2640645837997350044
p1,B,268,215,17,h10,2640645837997350044
p1,C,75,82,343,h10,2640645837997350044
p1,Non-ROH,500,0,0,h10,2640645837997350044
p2,A,500,0,0,h10,2640645837997350044
p2,B,453,47,0,h10,2640645837997350044
p2,C,52,95,353,h10,2640645837997350044
p2,Non-ROH,500,0,0,h10,2640645837997350044
p3,A,500,0,0,h10,2640645837997350044
p3,B,475,25,0,h10,2640645837997350044
p3,C,42,84,374,h10,2640645837997350044
p3,Non-ROH,500,0,0,h10,2640645837997350044
p1,A,500,0,0,h10,26572078936003951
p1,B,254,228,18,h10,26572078936003951
p1,C,60,77,363,h10,26572078936003951
p1,Non-ROH,500,0,0,h10,26572078936003951
p2,A,500,0,0,h10,26572078936003951
p2,B,427,73,0,h10,26572078936003951
p2,C,57,115,328,h10,26572078936003951
p2,Non-ROH,500,0,0,h10,26572078936003951
p3,A,500,0,0,h10,26572078936003951
p3,B,465,35,0,h10,26572078936003951
p3,C,50,82,368,h10,26572078936003951
p3,Non-ROH,500,0,0,h10,26572078936003951
p1,A,499,1,0,h10,2673334396525110524
p1,B,238,244,18,h10,2673334396525110524
p1,C,52,74,374,h10,2673334396525110524
p1,Non-ROH,500,0,0,h10,2673334396525110524
p2,A,500,0,0,h10,2673334396525110524
p2,B,419,81,0,h10,2673334396525110524
p2,C,39,106,355,h10,2673334396525110524
p2,Non-ROH,500,0,0,h10,2673334396525110524
p3,A,500,0,0,h10,2673334396525110524
p3,B,461,39,0,h10,2673334396525110524
p3,C,40,84,376,h10,2673334396525110524
p3,Non-ROH,500,0,0,h10,2673334396525110524
p1,A,500,0,0,h10,2678601504428787096
p1,B,209,274,17,h10,2678601504428787096
p1,C,46,77,377,h10,2678601504428787096
p1,Non-ROH,500,0,0,h10,2678601504428787096
p2,A,500,0,0,h10,2678601504428787096
p2,B,385,114,1,h10,2678601504428787096
p2,C,31,103,366,h10,2678601504428787096
p2,Non-ROH,500,0,0,h10,2678601504428787096
p3,A,500,0,0,h10,2678601504428787096
p3,B,421,79,0,h10,2678601504428787096
p3,C,24,164,312,h10,2678601504428787096
p3,Non-ROH,500,0,0,h10,2678601504428787096
p1,A,500,0,0,h10,2680246031557722019
p1,B,194,291,15,h10,2680246031557722019
p1,C,61,90,349,h10,2680246031557722019
p1,Non-ROH,500,0,0,h10,2680246031557722019
p2,A,500,0,0,h10,2680246031557722019
p2,B,393,107,0,h10,2680246031557722019
p2,C,31,140,329,h10,2680246031557722019
p2,Non-ROH,500,0,0,h10,2680246031557722019
p3,A,500,0,0,h10,2680246031557722019
p3,B,434,66,0,h10,2680246031557722019
p3,C,26,97,377,h10,2680246031557722019
p3,Non-ROH,500,0,0,h10,2680246031557722019
p1,A,500,0,0,h10,2683736121873444619
p1,B,213,277,10,h10,2683736121873444619
p1,C,52,82,366,h10,2683736121873444619
p1,Non-ROH,500,0,0,h10,2683736121873444619
p2,A,500,0,0,h10,2683736121873444619
p2,B,427,73,0,h10,2683736121873444619
p2,C,46,119,335,h10,2683736121873444619
p2,Non-ROH,500,0,0,h10,2683736121873444619
p3,A,500,0,0,h10,2683736121873444619
p3,B,462,38,0,h10,2683736121873444619
p3,C,42,121,337,h10,2683736121873444619
p3,Non-ROH,500,0,0,h10,2683736121873444619
p1,A,499,1,0,h10,2683925884209795121
p1,B,217,269,14,h10,2683925884209795121
p1,C,56,68,376,h10,2683925884209795121
p1,Non-ROH,500,0,0,h10,2683925884209795121
p2,A,500,0,0,h10,2683925884209795121
p2,B,413,87,0,h10,2683925884209795121
p2,C,47,125,328,h10,2683925884209795121
p2,Non-ROH,500,0,0,h10,2683925884209795121
p3,A,500,0,0,h10,2683925884209795121
p3,B,475,25,0,h10,2683925884209795121
p3,C,45,78,377,h10,2683925884209795121
p3,Non-ROH,500,0,0,h10,2683925884209795121
p1,A,499,1,0,h10,2692003651916499146
p1,B,251,238,11,h10,2692003651916499146
p1,C,55,64,381,h10,2692003651916499146
p1,Non-ROH,500,0,0,h10,2692003651916499146
p2,A,500,0,0,h10,2692003651916499146
p2,B,388,112,0,h10,2692003651916499146
p2,C,45,155,300,h10,2692003651916499146
p2,Non-ROH,500,0,0,h10,2692003651916499146
p3,A,500,0,0,h10,2692003651916499146
p3,B,440,60,0,h10,2692003651916499146
p3,C,72,105,323,h10,2692003651916499146
p3,Non-ROH,500,0,0,h10,2692003651916499146
p1,A,500,0,0,h10,2693217448839198223
p1,B,196,295,9,h10,2693217448839198223
p1,C,48,88,364,h10,2693217448839198223
p1,Non-ROH,500,0,0,h10,2693217448839198223
p2,A,500,0,0,h10,2693217448839198223
p2,B,394,106,0,h10,2693217448839198223
p2,C,28,79,393,h10,2693217448839198223
p2,Non-ROH,500,0,0,h10,2693217448839198223
p3,A,500,0,0,h10,2693217448839198223
p3,B,415,85,0,h10,2693217448839198223
p3,C,33,130,337,h10,2693217448839198223
p3,Non-ROH,500,0,0,h10,2693217448839198223
p1,A,496,4,0,h10,2700233424834892782
p1,B,191,298,11,h10,2700233424834892782
p1,C,40,86,374,h10,2700233424834892782
p1,Non-ROH,500,0,0,h10,2700233424834892782
p2,A,500,0,0,h10,2700233424834892782
p2,B,352,148,0,h10,2700233424834892782
p2,C,38,134,328,h10,2700233424834892782
p2,Non-ROH,500,0,0,h10,2700233424834892782
p3,A,500,0,0,h10,2700233424834892782
p3,B,423,77,0,h10,2700233424834892782
p3,C,30,166,304,h10,2700233424834892782
p3,Non-ROH,500,0,0,h10,2700233424834892782
p1,A,500,0,0,h10,2701110544888040191
p1,B,243,240,17,h10,2701110544888040191
p1,C,65,57,378,h10,2701110544888040191
p1,Non-ROH,500,0,0,h10,2701110544888040191
p2,A,500,0,0,h10,2701110544888040191
p2,B,411,89,0,h10,2701110544888040191
p2,C,33,79,388,h10,2701110544888040191
p2,Non-ROH,500,0,0,h10,2701110544888040191
p3,A,500,0,0,h10,2701110544888040191
p3,B,460,40,0,h10,2701110544888040191
p3,C,40,86,374,h10,2701110544888040191
p3,Non-ROH,500,0,0,h10,2701110544888040191
p1,A,500,0,0,h10,2719693331215119480
p1,B,231,257,12,h10,2719693331215119480
p1,C,53,74,373,h10,2719693331215119480
p1,Non-ROH,500,0,0,h10,2719693331215119480
p2,A,500,0,0,h10,2719693331215119480
p2,B,434,66,0,h10,2719693331215119480
p2,C,33,69,398,h10,2719693331215119480
p2,Non-ROH,500,0,0,h10,2719693331215119480
p3,A,500,0,0,h10,2719693331215119480
p3,B,465,35,0,h10,2719693331215119480
p3,C,50,99,351,h10,2719693331215119480
p3,Non-ROH,500,0,0,h10,2719693331215119480
p1,A,499,1,0,h10,2724964245490892322
p1,B,195,290,15,h10,2724964245490892322
p1,C,49,80,371,h10,2724964245490892322
p1,Non-ROH,500,0,0,h10,2724964245490892322
p2,A,500,0,0,h10,2724964245490892322
p2,B,372,128,0,h10,2724964245490892322
p2,C,32,88,380,h10,2724964245490892322
p2,Non-ROH,500,0,0,h10,2724964245490892322
p3,A,500,0,0,h10,2724964245490892322
p3,B,430,70,0,h10,2724964245490892322
p3,C,35,91,374,h10,2724964245490892322
p3,Non-ROH,500,0,0,h10,2724964245490892322
p1,A,499,1,0,h10,2733825921183942051
p1,B,205,281,14,h10,2733825921183942051
p1,C,53,84,363,h10,2733825921183942051
p1,Non-ROH,500,0,0,h10,2733825921183942051
p2,A,500,0,0,h10,2733825921183942051
p2,B,400,100,0,h10,2733825921183942051
p2,C,39,108,353,h10,2733825921183942051
p2,Non-ROH,500,0,0,h10,2733825921183942051
p3,A,500,0,0,h10,2733825921183942051
p3,B,441,59,0,h10,2733825921183942051
p3,C,35,130,335,h10,2733825921183942051
p3,Non-ROH,500,0,0,h10,2733825921183942051
p1,A,500,0,0,h10,2741311680829526052
p1,B,227,259,14,h10,2741311680829526052
p1,C,58,74,368,h10,2741311680829526052
p1,Non-ROH,500,0,0,h10,2741311680829526052
p2,A,500,0,0,h10,2741311680829526052
p2,B,402,98,0,h10,2741311680829526052
p2,C,31,65,404,h10,2741311680829526052
p2,Non-ROH,500,0,0,h10,2741311680829526052
p3,A,500,0,0,h10,2741311680829526052
p3,B,434,66,0,h10,2741311680829526052
p3,C,39,87,374,h10,2741311680829526052
p3,Non-ROH,500,0,0,h10,2741311680829526052
p1,A,500,0,0,h10,2778977508188489553
p1,B,262,227,11,h10,2778977508188489553
p1,C,49,84,367,h10,2778977508188489553
p1,Non-ROH,500,0,0,h10,2778977508188489553
p2,A,500,0,0,h10,2778977508188489553
p2,B,429,71,0,h10,2778977508188489553
p2,C,50,134,316,h10,2778977508188489553
p2,Non-ROH,500,0,0,h10,2778977508188489553
p3,A,500,0,0,h10,2778977508188489553
p3,B,439,61,0,h10,2778977508188489553
p3,C,41,177,282,h10,2778977508188489553
p3,Non-ROH,500,0,0,h10,2778977508188489553
p1,A,500,0,0,h10,282000006729790948
p1,B,196,282,22,h10,282000006729790948
p1,C,62,91,347,h10,282000006729790948
p1,Non-ROH,500,0,0,h10,282000006729790948
p2,A,500,0,0,h10,282000006729790948
p2,B,322,178,0,h10,282000006729790948
p2,C,27,144,329,h10,282000006729790948
p2,Non-ROH,500,0,0,h10,282000006729790948
p3,A,500,0,0,h10,282000006729790948
p3,B,404,96,0,h10,282000006729790948
p3,C,19,135,346,h10,282000006729790948
p3,Non-ROH,500,0,0,h10,282000006729790948
p1,A,499,1,0,h10,2876466854622737300
p1,B,231,251,18,h10,2876466854622737300
p1,C,43,72,385,h10,2876466854622737300
p1,Non-ROH,500,0,0,h10,2876466854622737300
p2,A,500,0,0,h10,2876466854622737300
p2,B,397,103,0,h10,2876466854622737300
p2,C,56,109,335,h10,2876466854622737300
p2,Non-ROH,500,0,0,h10,2876466854622737300
p3,A,500,0,0,h10,2876466854622737300
p3,B,465,35,0,h10,2876466854622737300
p3,C,40,159,301,h10,2876466854622737300
p3,Non-ROH,500,0,0,h10,2876466854622737300
p1,A,498,2,0,h10,2882196157522119301
p1,B,189,297,14,h10,2882196157522119301
p1,C,51,92,357,h10,2882196157522119301
p1,Non-ROH,500,0,0,h10,2882196157522119301
p2,A,500,0,0,h10,2882196157522119301
p2,B,424,76,0,h10,2882196157522119301
p2,C,33,75,392,h10,2882196157522119301
p2,Non-ROH,500,0,0,h10,2882196157522119301
p3,A,500,0,0,h10,2882196157522119301
p3,B,451,49,0,h10,2882196157522119301
p3,C,41,75,384,h10,2882196157522119301
p3,Non-ROH,500,0,0,h10,2882196157522119301
p1,A,499,1,0,h10,2918504161726419167
p1,B,223,258,19,h10,2918504161726419167
p1,C,48,74,378,h10,2918504161726419167
p1,Non-ROH,500,0,0,h10,2918504161726419167
p2,A,500,0,0,h10,2918504161726419167
p2,B,412,88,0,h10,2918504161726419167
p2,C,27,146,327,h10,2918504161726419167
p2,Non-ROH,500,0,0,h10,2918504161726419167
p3,A,500,0,0,h10,2918504161726419167
p3,B,450,50,0,h10,2918504161726419167
p3,C,39,134,327,h10,2918504161726419167
p3,Non-ROH,500,0,0,h10,2918504161726419167
p1,A,500,0,0,h10,293327602814131482
p1,B,214,274,12,h10,293327602814131482
p1,C,48,73,379,h10,293327602814131482
p1,Non-ROH,500,0,0,h10,293327602814131482
p2,A,500,0,0,h10,293327602814131482
p2,B,403,97,0,h10,293327602814131482
p2,C,43,89,368,h10,293327602814131482
p2,Non-ROH,500,0,0,h10,293327602814131482
p3,A,500,0,0,h10,293327602814131482
p3,B,420,80,0,h10,293327602814131482
p3,C,26,64,410,h10,293327602814131482
p3,Non-ROH,500,0,0,h10,293327602814131482
p1,A,498,2,0,h10,2933850206923310489
p1,B,185,299,16,h10,2933850206923310489
p1,C,79,46,375,h10,2933850206923310489
p1,Non-ROH,500,0,0,h10,2933850206923310489
p2,A,500,0,0,h10,2933850206923310489
p2,B,337,163,0,h10,2933850206923310489
p2,C,111,48,341,h10,2933850206923310489
p2,Non-ROH,500,0,0,h10,2933850206923310489
p3,A,500,0,0,h10,2933850206923310489
p3,B,406,94,0,h10,2933850206923310489
p3,C,138,63,299,h10,2933850206923310489
p3,Non-ROH,500,0,0,h10,2933850206923310489
p1,A,500,0,0,h10,2948163112851511947
p1,B,233,257,10,h10,2948163112851511947
p1,C,61,63,376,h10,2948163112851511947
p1,Non-ROH,500,0,0,h10,2948163112851511947
p2,A,500,0,0,h10,2948163112851511947
p2,B,406,94,0,h10,2948163112851511947
p2,C,37,101,362,h10,2948163112851511947
p2,Non-ROH,500,0,0,h10,2948163112851511947
p3,A,500,0,0,h10,2948163112851511947
p3,B,458,42,0,h10,2948163112851511947
p3,C,37,89,374,h10,2948163112851511947
p3,Non-ROH,500,0,0,h10,2948163112851511947
p1,A,500,0,0,h10,2964995880732550197
p1,B,230,254,16,h10,2964995880732550197
p1,C,64,59,377,h10,2964995880732550197
p1,Non-ROH,500,0,0,h10,2964995880732550197
p2,A,500,0,0,h10,2964995880732550197
p2,B,422,78,0,h10,2964995880732550197
p2,C,34,132,334,h10,2964995880732550197
p2,Non-ROH,500,0,0,h10,2964995880732550197
p3,A,500,0,0,h10,2964995880732550197
p3,B,455,45,0,h10,2964995880732550197
p3,C,25,122,353,h10,2964995880732550197
p3,Non-ROH,500,0,0,h10,2964995880732550197
p1,A,500,0,0,h10,2981467198318407553
p1,B,218,266,16,h10,2981467198318407553
p1,C,62,64,374,h10,2981467198318407553
p1,Non-ROH,500,0,0,h10,2981467198318407553
p2,A,500,0,0,h10,2981467198318407553
p2,B,387,113,0,h10,2981467198318407553
p2,C,52,134,314,h10,2981467198318407553
p2,Non-ROH,500,0,0,h10,2981467198318407553
p3,A,500,0,0,h10,2981467198318407553
p3,B,426,74,0,h10,2981467198318407553
p3,C,39,146,315,h10,2981467198318407553
p3,Non-ROH,500,0,0,h10,2981467198318407553
p1,A,500,0,0,h10,2993820833564648610
p1,B,196,287,17,h10,2993820833564648610
p1,C,61,62,377,h10,2993820833564648610
p1,Non-ROH,500,0,0,h10,2993820833564648610
p2,A,500,0,0,h10,2993820833564648610
p2,B,404,96,0,h10,2993820833564648610
p2,C,41,111,348,h10,2993820833564648610
p2,Non-ROH,500,0,0,h10,2993820833564648610
p3,A,500,0,0,h10,2993820833564648610
p3,B,447,53,0,h10,2993820833564648610
p3,C,31,112,357,h10,2993820833564648610
p3,Non-ROH,500,0,0,h10,2993820833564648610
p1,A,495,5,0,h10,3015445553629977739
p1,B,202,287,11,h10,3015445553629977739
p1,C,52,76,372,h10,3015445553629977739
p1,Non-ROH,500,0,0,h10,3015445553629977739
p2,A,500,0,0,h10,3015445553629977739
p2,B,374,126,0,h10,3015445553629977739
p2,C,31,94,375,h10,3015445553629977739
p2,Non-ROH,500,0,0,h10,3015445553629977739
p3,A,500,0,0,h10,3015445553629977739
p3,B,434,66,0,h10,3015445553629977739
p3,C,32,134,334,h10,3015445553629977739
p3,Non-ROH,500,0,0,h10,3015445553629977739
p1,A,499,1,0,h10,3022082044499067502
p1,B,201,277,22,h10,3022082044499067502
p1,C,81,52,367,h10,3022082044499067502
p1,Non-ROH,500,0,0,h10,3022082044499067502
p2,A,500,0,0,h10,3022082044499067502
p2,B,379,121,0,h10,3022082044499067502
p2,C,63,64,373,h10,3022082044499067502
p2,Non-ROH,500,0,0,h10,3022082044499067502
p3,A,500,0,0,h10,3022082044499067502
p3,B,448,52,0,h10,3022082044499067502
p3,C,120,36,344,h10,3022082044499067502
p3,Non-ROH,500,0,0,h10,3022082044499067502
p1,A,500,0,0,h10,3036786816992325347
p1,B,228,253,19,h10,3036786816992325347
p1,C,49,60,391,h10,3036786816992325347
p1,Non-ROH,500,0,0,h10,3036786816992325347
p2,A,500,0,0,h10,3036786816992325347
p2,B,436,64,0,h10,3036786816992325347
p2,C,36,76,388,h10,3036786816992325347
p2,Non-ROH,500,0,0,h10,3036786816992325347
p3,A,500,0,0,h10,3036786816992325347
p3,B,473,27,0,h10,3036786816992325347
p3,C,45,80,375,h10,3036786816992325347
p3,Non-ROH,500,0,0,h10,3036786816992325347
p1,A,499,1,0,h10,30421535319184460
p1,B,229,259,12,h10,30421535319184460
p1,C,58,73,369,h10,30421535319184460
p1,Non-ROH,500,0,0,h10,30421535319184460
p2,A,500,0,0,h10,30421535319184460
p2,B,425,75,0,h10,30421535319184460
p2,C,40,155,305,h10,30421535319184460
p2,Non-ROH,500,0,0,h10,30421535319184460
p3,A,500,0,0,h10,30421535319184460
p3,B,458,42,0,h10,30421535319184460
p3,C,39,124,337,h10,30421535319184460
p3,Non-ROH,500,0,0,h10,30421535319184460
p1,A,500,0,0,h10,30426964758616093
p1,B,258,230,12,h10,30426964758616093
p1,C,48,68,384,h10,30426964758616093
p1,Non-ROH,500,0,0,h10,30426964758616093
p2,A,500,0,0,h10,30426964758616093
p2,B,404,96,0,h10,30426964758616093
p2,C,49,79,372,h10,30426964758616093
p2,Non-ROH,500,0,0,h10,30426964758616093
p3,A,500,0,0,h10,30426964758616093
p3,B,475,25,0,h10,30426964758616093
p3,C,50,152,298,h10,30426964758616093
p3,Non-ROH,500,0,0,h10,30426964758616093
p1,A,500,0,0,h10,3051763574395870744
p1,B,205,280,15,h10,3051763574395870744
p1,C,50,92,358,h10,3051763574395870744
p1,Non-ROH,500,0,0,h10,3051763574395870744
p2,A,500,0,0,h10,3051763574395870744
p2,B,362,138,0,h10,3051763574395870744
p2,C,36,120,344,h10,3051763574395870744
p2,Non-ROH,500,0,0,h10,3051763574395870744
p3,A,500,0,0,h10,3051763574395870744
p3,B,421,79,0,h10,3051763574395870744
p3,C,45,122,333,h10,3051763574395870744
p3,Non-ROH,500,0,0,h10,3051763574395870744
p1,A,497,3,0,h10,3080594008690481032
p1,B,192,290,18,h10,3080594008690481032
p1,C,47,78,375,h10,3080594008690481032
p1,Non-ROH,500,0,0,h10,3080594008690481032
p2,A,500,0,0,h10,3080594008690481032
p2,B,360,140,0,h10,3080594008690481032
p2,C,37,58,405,h10,3080594008690481032
p2,Non-ROH,500,0,0,h10,3080594008690481032
p3,A,500,0,0,h10,3080594008690481032
p3,B,441,59,0,h10,3080594008690481032
p3,C,38,108,354,h10,3080594008690481032
p3,Non-ROH,500,0,0,h10,3080594008690481032
p1,A,499,1,0,h10,3110634309294556210
p1,B,202,279,19,h10,3110634309294556210
p1,C,57,74,369,h10,3110634309294556210
p1,Non-ROH,500,0,0,h10,3110634309294556210
p2,A,500,0,0,h10,3110634309294556210
p2,B,355,145,0,h10,3110634309294556210
p2,C,31,132,337,h10,3110634309294556210
p2,Non-ROH,500,0,0,h10,3110634309294556210
p3,A,500,0,0,h10,3110634309294556210
p3,B,434,66,0,h10,3110634309294556210
p3,C,35,67,398,h10,3110634309294556210
p3,Non-ROH,500,0,0,h10,3110634309294556210
p1,A,500,0,0,h10,3144453090301631355
p1,B,193,290,17,h10,3144453090301631355
p1,C,52,89,359,h10,3144453090301631355
p1,Non-ROH,500,0,0,h10,3144453090301631355
p2,A,500,0,0,h10,3144453090301631355
p2,B,374,126,0,h10,3144453090301631355
p2,C,20,88,392,h10,3144453090301631355
p2,Non-ROH,500,0,0,h10,3144453090301631355
p3,A,500,0,0,h10,3144453090301631355
p3,B,422,78,0,h10,3144453090301631355
p3,C,26,98,376,h10,3144453090301631355
p3,Non-ROH,500,0,0,h10,3144453090301631355
p1,A,498,2,0,h10,314990335271014427
p1,B,225,258,17,h10,314990335271014427
p1,C,50,80,370,h10,314990335271014427
p1,Non-ROH,500,0,0,h10,314990335271014427
p2,A,500,0,0,h10,314990335271014427
p2,B,417,83,0,h10,314990335271014427
p2,C,27,108,365,h10,314990335271014427
p2,Non-ROH,500,0,0,h10,314990335271014427
p3,A,500,0,0,h10,314990335271014427
p3,B,429,71,0,h10,314990335271014427
p3,C,50,136,314,h10,314990335271014427
p3,Non-ROH,500,0,0,h10,314990335271014427
p1,A,499,1,0,h10,3177396057719697434
p1,B,218,270,12,h10,3177396057719697434
p1,C,54,57,389,h10,3177396057719697434
p1,Non-ROH,500,0,0,h10,3177396057719697434
p2,A,500,0,0,h10,3177396057719697434
p2,B,402,98,0,h10,3177396057719697434
p2,C,51,109,340,h10,3177396057719697434
p2,Non-ROH,500,0,0,h10,3177396057719697434
p3,A,500,0,0,h10,3177396057719697434
p3,B,458,42,0,h10,3177396057719697434
p3,C,53,159,288,h10,3177396057719697434
p3,Non-ROH,500,0,0,h10,3177396057719697434
p1,A,500,0,0,h10,3194283932650524706
p1,B,179,310,11,h10,3194283932650524706
p1,C,73,45,382,h10,3194283932650524706
p1,Non-ROH,500,0,0,h10,3194283932650524706
p2,A,500,0,0,h10,3194283932650524706
p2,B,400,100,0,h10,3194283932650524706
p2,C,88,34,378,h10,3194283932650524706
p2,Non-ROH,500,0,0,h10,3194283932650524706
p3,A,500,0,0,h10,3194283932650524706
p3,B,437,63,0,h10,3194283932650524706
p3,C,103,35,362,h10,3194283932650524706
p3,Non-ROH,500,0,0,h10,3194283932650524706
p1,A,496,4,0,h10,3213470343179578591
p1,B,196,288,16,h10,3213470343179578591
p1,C,41,83,376,h10,3213470343179578591
p1,Non-ROH,500,0,0,h10,3213470343179578591
p2,A,500,0,0,h10,3213470343179578591
p2,B,390,110,0,h10,3213470343179578591
p2,C,40,100,360,h10,3213470343179578591
p2,Non-ROH,500,0,0,h10,3213470343179578591
p3,A,500,0,0,h10,3213470343179578591
p3,B,435,65,0,h10,3213470343179578591
p3,C,48,93,359,h10,3213470343179578591
p3,Non-ROH,500,0,0,h10,3213470343179578591
p1,A,499,1,0,h10,3227493857604512410
p1,B,180,308,12,h10,3227493857604512410
p1,C,32,87,381,h10,3227493857604512410
p1,Non-ROH,500,0,0,h10,3227493857604512410
p2,A,500,0,0,h10,3227493857604512410
p2,B,339,161,0,h10,3227493857604512410
p2,C,31,119,350,h10,3227493857604512410
p2,Non-ROH,500,0,0,h10,3227493857604512410
p3,A,500,0,0,h10,3227493857604512410
p3,B,418,82,0,h10,3227493857604512410
p3,C,21,172,307,h10,3227493857604512410
p3,Non-ROH,500,0,0,h10,3227493857604512410
p1,A,496,4,0,h10,3231053329382936729
p1,B,225,264,11,h10,3231053329382936729
p1,C,41,81,378,h10,3231053329382936729
p1,Non-ROH,500,0,0,h10,3231053329382936729
p2,A,500,0,0,h10,3231053329382936729
p2,B,397,103,0,h10,3231053329382936729
p2,C,38,119,343,h10,3231053329382936729
p2,Non-ROH,500,0,0,h10,3231053329382936729
p3,A,500,0,0,h10,3231053329382936729
p3,B,443,57,0,h10,3231053329382936729
p3,C,35,116,349,h10,3231053329382936729
p3,Non-ROH,500,0,0,h10,3231053329382936729
p1,A,500,0,0,h10,3233926439603110354
p1,B,208,281,11,h10,3233926439603110354
p1,C,53,73,374,h10,3233926439603110354
p1,Non-ROH,500,0,0,h10,3233926439603110354
p2,A,500,0,0,h10,3233926439603110354
p2,B,398,102,0,h10,3233926439603110354
p2,C,38,103,359,h10,3233926439603110354
p2,Non-ROH,500,0,0,h10,3233926439603110354
p3,A,500,0,0,h10,3233926439603110354
p3,B,413,87,0,h10,3233926439603110354
p3,C,29,146,325,h10,3233926439603110354
p3,Non-ROH,500,0,0,h10,3233926439603110354
p1,A,500,0,0,h10,3247278440354634060
p1,B,217,267,16,h10,3247278440354634060
p1,C,53,84,363,h10,3247278440354634060
p1,Non-ROH,500,0,0,h10,3247278440354634060
p2,A,500,0,0,h10,3247278440354634060
p2,B,427,73,0,h10,3247278440354634060
p2,C,51,98,351,h10,3247278440354634060
p2,Non-ROH,500,0,0,h10,3247278440354634060
p3,A,500,0,0,h10,3247278440354634060
p3,B,457,43,0,h10,3247278440354634060
p3,C,50,140,310,h10,3247278440354634060
p3,Non-ROH,500,0,0,h10,3247278440354634060
p1,A,500,0,0,h10,3259279647590401931
p1,B,235,250,15,h10,3259279647590401931
p1,C,54,61,385,h10,3259279647590401931
p1,Non-ROH,500,0,0,h10,3259279647590401931
p2,A,500,0,0,h10,3259279647590401931
p2,B,398,102,0,h10,3259279647590401931
p2,C,44,86,370,h10,3259279647590401931
p2,Non-ROH,500,0,0,h10,3259279647590401931
p3,A,500,0,0,h10,3259279647590401931
p3,B,453,47,0,h10,3259279647590401931
p3,C,37,140,323,h10,3259279647590401931
p3,Non-ROH,500,0,0,h10,3259279647590401931
p1,A,500,0,0,h10,3302071645020837928
p1,B,220,268,12,h10,3302071645020837928
p1,C,62,86,352,h10,3302071645020837928
p1,Non-ROH,500,0,0,h10,3302071645020837928
p2,A,500,0,0,h10,3302071645020837928
p2,B,414,86,0,h10,3302071645020837928
p2,C,50,115,335,h10,3302071645020837928
p2,Non-ROH,500,0,0,h10,3302071645020837928
p3,A,500,0,0,h10,3302071645020837928
p3,B,459,41,0,h10,3302071645020837928
p3,C,24,80,396,h10,3302071645020837928
p3,Non-ROH,500,0,0,h10,3302071645020837928
p1,A,499,1,0,h10,3328402514371753017
p1,B,199,288,13,h10,3328402514371753017
p1,C,45,79,376,h10,3328402514371753017
p1,Non-ROH,500,0,0,h10,3328402514371753017
p2,A,500,0,0,h10,3328402514371753017
p2,B,344,154,2,h10,3328402514371753017
p2,C,38,112,350,h10,3328402514371753017
p2,Non-ROH,500,0,0,h10,3328402514371753017
p3,A,500,0,0,h10,3328402514371753017
p3,B,425,75,0,h10,3328402514371753017
p3,C,37,127,336,h10,3328402514371753017
p3,Non-ROH,500,0,0,h10,3328402514371753017
p1,A,498,2,0,h10,340979323962834709
p1,B,173,310,17,h10,340979323962834709
p1,C,47,69,384,h10,340979323962834709
p1,Non-ROH,500,0,0,h10,340979323962834709
p2,A,500,0,0,h10,340979323962834709
p2,B,396,104,0,h10,340979323962834709
p2,C,37,89,374,h10,340979323962834709
p2,Non-ROH,500,0,0,h10,340979323962834709
p3,A,500,0,0,h10,340979323962834709
p3,B,454,46,0,h10,340979323962834709
p3,C,40,86,374,h10,340979323962834709
p3,Non-ROH,500,0,0,h10,340979323962834709
p1,A,496,4,0,h10,342566792181413855
p1,B,193,295,12,h10,342566792181413855
p1,C,54,94,352,h10,342566792181413855
p1,Non-ROH,500,0,0,h10,342566792181413855
p2,A,500,0,0,h10,342566792181413855
p2,B,356,144,0,h10,342566792181413855
p2,C,33,87,380,h10,342566792181413855
p2,Non-ROH,500,0,0,h10,342566792181413855
p3,A,500,0,0,h10,342566792181413855
p3,B,408,92,0,h10,342566792181413855
p3,C,26,173,301,h10,342566792181413855
p3,Non-ROH,500,0,0,h10,342566792181413855
p1,A,500,0,0,h10,3442639218023726317
p1,B,192,291,17,h10,3442639218023726317
p1,C,35,72,393,h10,3442639218023726317
p1,Non-ROH,500,0,0,h10,3442639218023726317
p2,A,500,0,0,h10,3442639218023726317
p2,B,379,121,0,h10,3442639218023726317
p2,C,42,101,357,h10,3442639218023726317
p2,Non-ROH,500,0,0,h10,3442639218023726317
p3,A,500,0,0,h10,3442639218023726317
p3,B,391,109,0,h10,3442639218023726317
p3,C,40,82,378,h10,3442639218023726317
p3,Non-ROH,500,0,0,h10,3442639218023726317
p1,A,500,0,0,h10,345072202720539208
p1,B,197,291,12,h10,345072202720539208
p1,C,46,81,373,h10,345072202720539208
p1,Non-ROH,500,0,0,h10,345072202720539208
p2,A,500,0,0,h10,345072202720539208
p2,B,377,123,0,h10,345072202720539208
p2,C,30,98,372,h10,345072202720539208
p2,Non-ROH,500,0,0,h10,345072202720539208
p3,A,500,0,0,h10,345072202720539208
p3,B,451,49,0,h10,345072202720539208
p3,C,36,112,352,h10,345072202720539208
p3,Non-ROH,500,0,0,h10,345072202720539208
p1,A,499,1,0,h10,345290825526112128
p1,B,213,272,15,h10,345290825526112128
p1,C,54,60,386,h10,345290825526112128
p1,Non-ROH,500,0,0,h10,345290825526112128
p2,A,500,0,0,h10,345290825526112128
p2,B,435,64,1,h10,345290825526112128
p2,C,48,99,353,h10,345290825526112128
p2,Non-ROH,500,0,0,h10,345290825526112128
p3,A,500,0,0,h10,345290825526112128
p3,B,461,39,0,h10,345290825526112128
p3,C,30,79,391,h10,345290825526112128
p3,Non-ROH,500,0,0,h10,345290825526112128
p1,A,500,0,0,h10,3478593587835989243
p1,B,224,258,18,h10,3478593587835989243
p1,C,56,76,368,h10,3478593587835989243
p1,Non-ROH,500,0,0,h10,3478593587835989243
p2,A,500,0,0,h10,3478593587835989243
p2,B,426,74,0,h10,3478593587835989243
p2,C,41,96,363,h10,3478593587835989243
p2,Non-ROH,500,0,0,h10,3478593587835989243
p3,A,500,0,0,h10,3478593587835989243
p3,B,454,46,0,h10,3478593587835989243
p3,C,50,76,374,h10,3478593587835989243
p3,Non-ROH,500,0,0,h10,3478593587835989243
p1,A,500,0,0,h10,3492466372648127952
p1,B,216,260,24,h10,3492466372648127952
p1,C,55,77,368,h10,3492466372648127952
p1,Non-ROH,500,0,0,h10,3492466372648127952
p2,A,500,0,0,h10,3492466372648127952
p2,B,400,100,0,h10,3492466372648127952
p2,C,38,83,379,h10,3492466372648127952
p2,Non-ROH,500,0,0,h10,3492466372648127952
p3,A,500,0,0,h10,3492466372648127952
p3,B,433,67,0,h10,3492466372648127952
p3,C,26,80,394,h10,3492466372648127952
p3,Non-ROH,500,0,0,h10,3492466372648127952
p1,A,500,0,0,h10,3510427881162541047
p1,B,196,294,10,h10,3510427881162541047
p1,C,41,66,393,h10,3510427881162541047
p1,Non-ROH,500,0,0,h10,3510427881162541047
p2,A,500,0,0,h10,3510427881162541047
p2,B,369,131,0,h10,3510427881162541047
p2,C,38,115,347,h10,3510427881162541047
p2,Non-ROH,500,0,0,h10,3510427881162541047
p3,A,500,0,0,h10,3510427881162541047
p3,B,412,88,0,h10,3510427881162541047
p3,C,25,118,357,h10,3510427881162541047
p3,Non-ROH,500,0,0,h10,3510427881162541047
p1,A,499,1,0,h10,3515310703773236102
p1,B,179,307,14,h10,3515310703773236102
p1,C,51,80,369,h10,3515310703773236102
p1,Non-ROH,500,0,0,h10,3515310703773236102
p2,A,500,0,0,h10,3515310703773236102
p2,B,379,121,0,h10,3515310703773236102
p2,C,47,72,381,h10,3515310703773236102
p2,Non-ROH,500,0,0,h10,3515310703773236102
p3,A,500,0,0,h10,3515310703773236102
p3,B,432,68,0,h10,3515310703773236102
p3,C,26,128,346,h10,3515310703773236102
p3,Non-ROH,500,0,0,h10,3515310703773236102
p1,A,499,1,0,h10,3525202916451603638
p1,B,228,258,14,h10,3525202916451603638
p1,C,39,68,393,h10,3525202916451603638
p1,Non-ROH,500,0,0,h10,3525202916451603638
p2,A,500,0,0,h10,3525202916451603638
p2,B,406,94,0,h10,3525202916451603638
p2,C,30,88,382,h10,3525202916451603638
p2,Non-ROH,500,0,0,h10,3525202916451603638
p3,A,500,0,0,h10,3525202916451603638
p3,B,467,33,0,h10,3525202916451603638
p3,C,34,158,308,h10,3525202916451603638
p3,Non-ROH,500,0,0,h10,3525202916451603638
p1,A,498,2,0,h10,3535825091353232225
p1,B,228,254,18,h10,3535825091353232225
p1,C,40,80,380,h10,3535825091353232225
p1,Non-ROH,500,0,0,h10,3535825091353232225
p2,A,500,0,0,h10,3535825091353232225
p2,B,368,132,0,h10,3535825091353232225
p2,C,42,97,361,h10,3535825091353232225
p2,Non-ROH,500,0,0,h10,3535825091353232225
p3,A,500,0,0,h10,3535825091353232225
p3,B,431,69,0,h10,3535825091353232225
p3,C,44,90,366,h10,3535825091353232225
p3,Non-ROH,500,0,0,h10,3535825091353232225
p1,A,500,0,0,h10,3549830803760933217
p1,B,207,280,13,h10,3549830803760933217
p1,C,39,80,381,h10,3549830803760933217
p1,Non-ROH,500,0,0,h10,3549830803760933217
p2,A,500,0,0,h10,3549830803760933217
p2,B,410,90,0,h10,3549830803760933217
p2,C,54,95,351,h10,3549830803760933217
p2,Non-ROH,500,0,0,h10,3549830803760933217
p3,A,500,0,0,h10,3549830803760933217
p3,B,447,53,0,h10,3549830803760933217
p3,C,41,126,333,h10,3549830803760933217
p3,Non-ROH,500,0,0,h10,3549830803760933217
p1,A,500,0,0,h10,3570967265604779907
p1,B,242,242,16,h10,3570967265604779907
p1,C,60,84,356,h10,3570967265604779907
p1,Non-ROH,500,0,0,h10,3570967265604779907
p2,A,500,0,0,h10,3570967265604779907
p2,B,429,71,0,h10,3570967265604779907
p2,C,39,104,357,h10,3570967265604779907
p2,Non-ROH,500,0,0,h10,3570967265604779907
p3,A,500,0,0,h10,3570967265604779907
p3,B,444,56,0,h10,3570967265604779907
p3,C,43,100,357,h10,3570967265604779907
p3,Non-ROH,500,0,0,h10,3570967265604779907
p1,A,498,2,0,h10,359694017906808707
p1,B,205,281,14,h10,359694017906808707
p1,C,59,72,369,h10,359694017906808707
p1,Non-ROH,500,0,0,h10,359694017906808707
p2,A,500,0,0,h10,359694017906808707
p2,B,385,115,0,h10,359694017906808707
p2,C,41,109,350,h10,359694017906808707
p2,Non-ROH,500,0,0,h10,359694017906808707
p3,A,500,0,0,h10,359694017906808707
p3,B,421,79,0,h10,359694017906808707
p3,C,40,122,338,h10,359694017906808707
p3,Non-ROH,500,0,0,h10,359694017906808707
p1,A,499,1,0,h10,3597153204059771281
p1,B,203,284,13,h10,3597153204059771281
p1,C,47,88,365,h10,3597153204059771281
p1,Non-ROH,500,0,0,h10,3597153204059771281
p2,A,500,0,0,h10,3597153204059771281
p2,B,403,97,0,h10,3597153204059771281
p2,C,32,112,356,h10,3597153204059771281
p2,Non-ROH,500,0,0,h10,3597153204059771281
p3,A,500,0,0,h10,3597153204059771281
p3,B,435,65,0,h10,3597153204059771281
p3,C,26,124,350,h10,3597153204059771281
p3,Non-ROH,500,0,0,h10,3597153204059771281
p1,A,499,1,0,h10,3604425597620500274
p1,B,258,230,12,h10,3604425597620500274
p1,C,76,52,372,h10,3604425597620500274
p1,Non-ROH,500,0,0,h10,3604425597620500274
p2,A,500,0,0,h10,3604425597620500274
p2,B,420,80,0,h10,3604425597620500274
p2,C,41,157,302,h10,3604425597620500274
p2,Non-ROH,500,0,0,h10,3604425597620500274
p3,A,500,0,0,h10,3604425597620500274
p3,B,463,37,0,h10,3604425597620500274
p3,C,54,133,313,h10,3604425597620500274
p3,Non-ROH,500,0,0,h10,3604425597620500274
p1,A,500,0,0,h10,3607617081739144586
p1,B,225,259,16,h10,3607617081739144586
p1,C,56,79,365,h10,3607617081739144586
p1,Non-ROH,500,0,0,h10,3607617081739144586
p2,A,500,0,0,h10,3607617081739144586
p2,B,418,82,0,h10,3607617081739144586
p2,C,34,119,347,h10,3607617081739144586
p2,Non-ROH,500,0,0,h10,3607617081739144586
p3,A,500,0,0,h10,3607617081739144586
p3,B,441,59,0,h10,3607617081739144586
p3,C,38,82,380,h10,3607617081739144586
p3,Non-ROH,500,0,0,h10,3607617081739144586
p1,A,499,1,0,h10,3616519850239724504
p1,B,226,256,18,h10,3616519850239724504
p1,C,57,83,360,h10,3616519850239724504
p1,Non-ROH,500,0,0,h10,3616519850239724504
p2,A,500,0,0,h10,3616519850239724504
p2,B,410,90,0,h10,3616519850239724504
p2,C,38,92,370,h10,3616519850239724504
p2,Non-ROH,500,0,0,h10,3616519850239724504
p3,A,500,0,0,h10,3616519850239724504
p3,B,457,43,0,h10,3616519850239724504
p3,C,35,84,381,h10,3616519850239724504
p3,Non-ROH,500,0,0,h10,3616519850239724504
p1,A,499,1,0,h10,362852213953116869
p1,B,200,284,16,h10,362852213953116869
p1,C,46,78,376,h10,362852213953116869
p1,Non-ROH,500,0,0,h10,362852213953116869
p2,A,500,0,0,h10,362852213953116869
p2,B,402,98,0,h10,362852213953116869
p2,C,39,129,332,h10,362852213953116869
p2,Non-ROH,500,0,0,h10,362852213953116869
p3,A,500,0,0,h10,362852213953116869
p3,B,438,62,0,h10,362852213953116869
p3,C,32,119,349,h10,362852213953116869
p3,Non-ROH,500,0,0,h10,362852213953116869
p1,A,500,0,0,h10,363126182234890510
p1,B,203,278,19,h10,363126182234890510
p1,C,98,49,353,h10,363126182234890510
p1,Non-ROH,500,0,0,h10,363126182234890510
p2,A,500,0,0,h10,363126182234890510
p2,B,401,99,0,h10,363126182234890510
p2,C,94,65,341,h10,363126182234890510
p2,Non-ROH,500,0,0,h10,363126182234890510
p3,A,500,0,0,h10,363126182234890510
p3,B,446,54,0,h10,363126182234890510
p3,C,140,54,306,h10,363126182234890510
p3,Non-ROH,500,0,0,h10,363126182234890510
p1,A,498,2,0,h10,3652918838938183809
p1,B,262,224,14,h10,3652918838938183809
p1,C,64,60,376,h10,3652918838938183809
p1,Non-ROH,500,0,0,h10,3652918838938183809
p2,A,500,0,0,h10,3652918838938183809
p2,B,427,73,0,h10,3652918838938183809
p2,C,40,75,385,h10,3652918838938183809
p2,Non-ROH,500,0,0,h10,3652918838938183809
p3,A,500,0,0,h10,3652918838938183809
p3,B,466,34,0,h10,3652918838938183809
p3,C,43,65,392,h10,3652918838938183809
p3,Non-ROH,500,0,0,h10,3652918838938183809
p1,A,500,0,0,h10,3665964007175483442
p1,B,217,274,9,h10,3665964007175483442
p1,C,46,66,388,h10,3665964007175483442
p1,Non-ROH,500,0,0,h10,3665964007175483442
p2,A,500,0,0,h10,3665964007175483442
p2,B,408,92,0,h10,3665964007175483442
p2,C,63,75,362,h10,3665964007175483442
p2,Non-ROH,500,0,0,h10,3665964007175483442
p3,A,500,0,0,h10,3665964007175483442
p3,B,462,38,0,h10,3665964007175483442
p3,C,40,111,349,h10,3665964007175483442
p3,Non-ROH,500,0,0,h10,3665964007175483442
p1,A,497,3,0,h10,3694111826312185667
p1,B,267,216,17,h10,3694111826312185667
p1,C,56,76,368,h10,3694111826312185667
p1,Non-ROH,500,0,0,h10,3694111826312185667
p2,A,500,0,0,h10,3694111826312185667
p2,B,428,72,0,h10,3694111826312185667
p2,C,35,137,328,h10,3694111826312185667
p2,Non-ROH,500,0,0,h10,3694111826312185667
p3,A,500,0,0,h10,3694111826312185667
p3,B,462,38,0,h10,3694111826312185667
p3,C,26,88,386,h10,3694111826312185667
p3,Non-ROH,500,0,0,h10,3694111826312185667
p1,A,500,0,0,h10,370979875412372043
p1,B,224,260,16,h10,370979875412372043
p1,C,56,57,387,h10,370979875412372043
p1,Non-ROH,500,0,0,h10,370979875412372043
p2,A,500,0,0,h10,370979875412372043
p2,B,403,97,0,h10,370979875412372043
p2,C,50,157,293,h10,370979875412372043
p2,Non-ROH,500,0,0,h10,370979875412372043
p3,A,500,0,0,h10,370979875412372043
p3,B,437,63,0,h10,370979875412372043
p3,C,39,77,384,h10,370979875412372043
p3,Non-ROH,500,0,0,h10,370979875412372043
p1,A,498,2,0,h10,3743949025601524074
p1,B,200,282,18,h10,3743949025601524074
p1,C,63,74,363,h10,3743949025601524074
p1,Non-ROH,500,0,0,h10,3743949025601524074
p2,A,500,0,0,h10,3743949025601524074
p2,B,390,110,0,h10,3743949025601524074
p2,C,43,152,305,h10,3743949025601524074
p2,Non-ROH,500,0,0,h10,3743949025601524074
p3,A,500,0,0,h10,3743949025601524074
p3,B,459,41,0,h10,3743949025601524074
p3,C,37,128,335,h10,3743949025601524074
p3,Non-ROH,500,0,0,h10,3743949025601524074
p1,A,500,0,0,h10,3762068953909526468
p1,B,209,280,11,h10,3762068953909526468
p1,C,47,62,391,h10,3762068953909526468
p1,Non-ROH,500,0,0,h10,3762068953909526468
p2,A,500,0,0,h10,3762068953909526468
p2,B,381,119,0,h10,3762068953909526468
p2,C,37,85,378,h10,3762068953909526468
p2,Non-ROH,500,0,0,h10,3762068953909526468
p3,A,500,0,0,h10,3762068953909526468
p3,B,423,77,0,h10,3762068953909526468
p3,C,19,100,381,h10,3762068953909526468
p3,Non-ROH,500,0,0,h10,3762068953909526468
p1,A,499,1,0,h10,3767282456917893649
p1,B,213,273,14,h10,3767282456917893649
p1,C,41,72,387,h10,3767282456917893649
p1,Non-ROH,500,0,0,h10,3767282456917893649
p2,A,500,0,0,h10,3767282456917893649
p2,B,378,122,0,h10,3767282456917893649
p2,C,24,96,380,h10,3767282456917893649
p2,Non-ROH,500,0,0,h10,3767282456917893649
p3,A,500,0,0,h10,3767282456917893649
p3,B,444,56,0,h10,3767282456917893649
p3,C,41,81,378,h10,3767282456917893649
p3,Non-ROH,500,0,0,h10,3767282456917893649
p1,A,500,0,0,h10,3773869745490374435
p1,B,267,225,8,h10,3773869745490374435
p1,C,73,47,380,h10,3773869745490374435
p1,Non-ROH,500,0,0,h10,3773869745490374435
p2,A,500,0,0,h10,3773869745490374435
p2,B,404,96,0,h10,3773869745490374435
p2,C,80,39,381,h10,3773869745490374435
p2,Non-ROH,500,0,0,h10,3773869745490374435
p3,A,500,0,0,h10,3773869745490374435
p3,B,465,35,0,h10,3773869745490374435
p3,C,82,35,383,h10,3773869745490374435
p3,Non-ROH,500,0,0,h10,3773869745490374435
p1,A,499,1,0,h10,3792675460443327982
p1,B,222,270,8,h10,3792675460443327982
p1,C,51,76,373,h10,3792675460443327982
p1,Non-ROH,500,0,0,h10,3792675460443327982
p2,A,500,0,0,h10,3792675460443327982
p2,B,429,71,0,h10,3792675460443327982
p2,C,45,97,358,h10,3792675460443327982
p2,Non-ROH,500,0,0,h10,3792675460443327982
p3,A,500,0,0,h10,3792675460443327982
p3,B,454,46,0,h10,3792675460443327982
p3,C,54,76,370,h10,3792675460443327982
p3,Non-ROH,500,0,0,h10,3792675460443327982
p1,A,499,1,0,h10,3794599103920556640
p1,B,203,282,15,h10,3794599103920556640
p1,C,44,73,383,h10,3794599103920556640
p1,Non-ROH,500,0,0,h10,3794599103920556640
p2,A,500,0,0,h10,3794599103920556640
p2,B,397,103,0,h10,3794599103920556640
p2,C,38,68,394,h10,3794599103920556640
p2,Non-ROH,500,0,0,h10,3794599103920556640
p3,A,500,0,0,h10,3794599103920556640
p3,B,443,57,0,h10,3794599103920556640
p3,C,40,138,322,h10,3794599103920556640
p3,Non-ROH,500,0,0,h10,3794599103920556640
p1,A,500,0,0,h10,3809849392544341668
p1,B,196,294,10,h10,3809849392544341668
p1,C,50,82,368,h10,3809849392544341668
p1,Non-ROH,500,0,0,h10,3809849392544341668
p2,A,500,0,0,h10,3809849392544341668
p2,B,364,136,0,h10,3809849392544341668
p2,C,43,92,365,h10,3809849392544341668
p2,Non-ROH,500,0,0,h10,3809849392544341668
p3,A,500,0,0,h10,3809849392544341668
p3,B,461,39,0,h10,3809849392544341668
p3,C,47,104,349,h10,3809849392544341668
p3,Non-ROH,500,0,0,h10,3809849392544341668
p1,A,497,3,0,h10,3814054020251346733
p1,B,217,271,12,h10,3814054020251346733
p1,C,48,79,373,h10,3814054020251346733
p1,Non-ROH,500,0,0,h10,3814054020251346733
p2,A,500,0,0,h10,3814054020251346733
p2,B,395,105,0,h10,3814054020251346733
p2,C,31,120,349,h10,3814054020251346733
p2,Non-ROH,500,0,0,h10,3814054020251346733
p3,A,500,0,0,h10,3814054020251346733
p3,B,429,71,0,h10,3814054020251346733
p3,C,32,131,337,h10,3814054020251346733
p3,Non-ROH,500,0,0,h10,3814054020251346733
p1,A,499,1,0,h10,3818319660638604125
p1,B,203,287,10,h10,3818319660638604125
p1,C,58,69,373,h10,3818319660638604125
p1,Non-ROH,500,0,0,h10,3818319660638604125
p2,A,500,0,0,h10,3818319660638604125
p2,B,400,100,0,h10,3818319660638604125
p2,C,43,139,318,h10,3818319660638604125
p2,Non-ROH,500,0,0,h10,3818319660638604125
p3,A,500,0,0,h10,3818319660638604125
p3,B,424,76,0,h10,3818319660638604125
p3,C,40,96,364,h10,3818319660638604125
p3,Non-ROH,500,0,0,h10,3818319660638604125
p1,A,500,0,0,h10,3874096620129047923
p1,B,248,240,12,h10,3874096620129047923
p1,C,32,93,375,h10,3874096620129047923
p1,Non-ROH,500,0,0,h10,3874096620129047923
p2,A,500,0,0,h10,3874096620129047923
p2,B,431,69,0,h10,3874096620129047923
p2,C,37,76,387,h10,3874096620129047923
p2,Non-ROH,500,0,0,h10,3874096620129047923
p3,A,500,0,0,h10,3874096620129047923
p3,B,458,41,1,h10,3874096620129047923
p3,C,29,107,364,h10,3874096620129047923
p3,Non-ROH,500,0,0,h10,3874096620129047923
p1,A,500,0,0,h10,3913324801739798008
p1,B,216,271,13,h10,3913324801739798008
p1,C,57,78,365,h10,3913324801739798008
p1,Non-ROH,500,0,0,h10,3913324801739798008
p2,A,500,0,0,h10,3913324801739798008
p2,B,399,101,0,h10,3913324801739798008
p2,C,29,97,374,h10,3913324801739798008
p2,Non-ROH,500,0,0,h10,3913324801739798008
p3,A,500,0,0,h10,3913324801739798008
p3,B,459,41,0,h10,3913324801739798008
p3,C,43,125,332,h10,3913324801739798008
p3,Non-ROH,500,0,0,h10,3913324801739798008
p1,A,499,1,0,h10,3916530029150230865
p1,B,223,260,17,h10,3916530029150230865
p1,C,70,89,341,h10,3916530029150230865
p1,Non-ROH,500,0,0,h10,3916530029150230865
p2,A,500,0,0,h10,3916530029150230865
p2,B,398,102,0,h10,3916530029150230865
p2,C,40,129,331,h10,3916530029150230865
p2,Non-ROH,500,0,0,h10,3916530029150230865
p3,A,500,0,0,h10,3916530029150230865
p3,B,472,27,1,h10,3916530029150230865
p3,C,42,90,368,h10,3916530029150230865
p3,Non-ROH,500,0,0,h10,3916530029150230865
p1,A,499,1,0,h10,3938124145422105887
p1,B,215,266,19,h10,3938124145422105887
p1,C,63,84,353,h10,3938124145422105887
p1,Non-ROH,500,0,0,h10,3938124145422105887
p2,A,500,0,0,h10,3938124145422105887
p2,B,404,96,0,h10,3938124145422105887
p2,C,49,133,318,h10,3938124145422105887
p2,Non-ROH,500,0,0,h10,3938124145422105887
p3,A,500,0,0,h10,3938124145422105887
p3,B,454,46,0,h10,3938124145422105887
p3,C,35,83,382,h10,3938124145422105887
p3,Non-ROH,500,0,0,h10,3938124145422105887
p1,A,500,0,0,h10,3948790931757877940
p1,B,216,277,7,h10,3948790931757877940
p1,C,56,68,376,h10,3948790931757877940
p1,Non-ROH,500,0,0,h10,3948790931757877940
p2,A,500,0,0,h10,3948790931757877940
p2,B,399,101,0,h10,3948790931757877940
p2,C,33,130,337,h10,3948790931757877940
p2,Non-ROH,500,0,0,h10,3948790931757877940
p3,A,500,0,0,h10,3948790931757877940
p3,B,440,60,0,h10,3948790931757877940
p3,C,47,99,354,h10,3948790931757877940
p3,Non-ROH,500,0,0,h10,3948790931757877940
p1,A,500,0,0,h10,3954792011518871870
p1,B,237,245,18,h10,3954792011518871870
p1,C,46,74,380,h10,3954792011518871870
p1,Non-ROH,500,0,0,h10,3954792011518871870
p2,A,500,0,0,h10,3954792011518871870
p2,B,391,109,0,h10,3954792011518871870
p2,C,50,113,337,h10,3954792011518871870
p2,Non-ROH,500,0,0,h10,3954792011518871870
p3,A,500,0,0,h10,3954792011518871870
p3,B,457,43,0,h10,3954792011518871870
p3,C,51,117,332,h10,3954792011518871870
p3,Non-ROH,500,0,0,h10,3954792011518871870
p1,A,497,3,0,h10,3971930751344835335
p1,B,203,282,15,h10,3971930751344835335
p1,C,43,95,362,h10,3971930751344835335
p1,Non-ROH,500,0,0,h10,3971930751344835335
p2,A,500,0,0,h10,3971930751344835335
p2,B,371,129,0,h10,3971930751344835335
p2,C,31,95,374,h10,3971930751344835335
p2,Non-ROH,500,0,0,h10,3971930751344835335
p3,A,500,0,0,h10,3971930751344835335
p3,B,440,60,0,h10,3971930751344835335
p3,C,38,80,382,h10,3971930751344835335
p3,Non-ROH,500,0,0,h10,3971930751344835335
p1,A,499,1,0,h10,404187056829021925
p1,B,230,258,12,h10,404187056829021925
p1,C,70,49,381,h10,404187056829021925
p1,Non-ROH,500,0,0,h10,404187056829021925
p2,A,500,0,0,h10,404187056829021925
p2,B,376,124,0,h10,404187056829021925
p2,C,65,61,374,h10,404187056829021925
p2,Non-ROH,500,0,0,h10,404187056829021925
p3,A,500,0,0,h10,404187056829021925
p3,B,447,53,0,h10,404187056829021925
p3,C,70,54,376,h10,404187056829021925
p3,Non-ROH,500,0,0,h10,404187056829021925
p1,A,500,0,0,h10,4046471832101842570
p1,B,232,252,16,h10,4046471832101842570
p1,C,68,67,365,h10,4046471832101842570
p1,Non-ROH,500,0,0,h10,4046471832101842570
p2,A,500,0,0,h10,4046471832101842570
p2,B,367,133,0,h10,4046471832101842570
p2,C,65,93,342,h10,4046471832101842570
p2,Non-ROH,500,0,0,h10,4046471832101842570
p3,A,500,0,0,h10,4046471832101842570
p3,B,420,80,0,h10,4046471832101842570
p3,C,39,97,364,h10,4046471832101842570
p3,Non-ROH,500,0,0,h10,4046471832101842570
p1,A,497,3,0,h10,4058745851736216057
p1,B,196,290,14,h10,4058745851736216057
p1,C,45,83,372,h10,4058745851736216057
p1,Non-ROH,500,0,0,h10,4058745851736216057
p2,A,500,0,0,h10,4058745851736216057
p2,B,414,86,0,h10,4058745851736216057
p2,C,40,90,370,h10,4058745851736216057
p2,Non-ROH,500,0,0,h10,4058745851736216057
p3,A,500,0,0,h10,4058745851736216057
p3,B,434,66,0,h10,4058745851736216057
p3,C,41,137,322,h10,4058745851736216057
p3,Non-ROH,500,0,0,h10,4058745851736216057
p1,A,499,1,0,h10,4090144998140291029
p1,B,188,283,29,h10,4090144998140291029
p1,C,40,85,375,h10,4090144998140291029
p1,Non-ROH,500,0,0,h10,4090144998140291029
p2,A,500,0,0,h10,4090144998140291029
p2,B,396,104,0,h10,4090144998140291029
p2,C,29,125,346,h10,4090144998140291029
p2,Non-ROH,500,0,0,h10,4090144998140291029
p3,A,500,0,0,h10,4090144998140291029
p3,B,431,69,0,h10,4090144998140291029
p3,C,35,104,361,h10,4090144998140291029
p3,Non-ROH,500,0,0,h10,4090144998140291029
p1,A,500,0,0,h10,413304926230838406
p1,B,203,278,19,h10,413304926230838406
p1,C,71,65,364,h10,413304926230838406
p1,Non-ROH,500,0,0,h10,413304926230838406
p2,A,500,0,0,h10,413304926230838406
p2,B,356,144,0,h10,413304926230838406
p2,C,41,86,373,h10,413304926230838406
p2,Non-ROH,500,0,0,h10,413304926230838406
p3,A,500,0,0,h10,413304926230838406
p3,B,436,64,0,h10,413304926230838406
p3,C,30,120,350,h10,413304926230838406
p3,Non-ROH,500,0,0,h10,413304926230838406
p1,A,498,2,0,h10,4157312116037548159
p1,B,201,279,20,h10,4157312116037548159
p1,C,54,82,364,h10,4157312116037548159
p1,Non-ROH,500,0,0,h10,4157312116037548159
p2,A,500,0,0,h10,4157312116037548159
p2,B,371,129,0,h10,4157312116037548159
p2,C,29,69,402,h10,4157312116037548159
p2,Non-ROH,500,0,0,h10,4157312116037548159
p3,A,500,0,0,h10,4157312116037548159
p3,B,412,88,0,h10,4157312116037548159
p3,C,34,92,374,h10,4157312116037548159
p3,Non-ROH,500,0,0,h10,4157312116037548159
p1,A,498,2,0,h10,4177140041642262334
p1,B,207,280,13,h10,4177140041642262334
p1,C,56,78,366,h10,4177140041642262334
p1,Non-ROH,500,0,0,h10,4177140041642262334
p2,A,500,0,0,h10,4177140041642262334
p2,B,388,112,0,h10,4177140041642262334
p2,C,37,87,376,h10,4177140041642262334
p2,Non-ROH,500,0,0,h10,4177140041642262334
p3,A,500,0,0,h10,4177140041642262334
p3,B,460,40,0,h10,4177140041642262334
p3,C,31,103,366,h10,4177140041642262334
p3,Non-ROH,500,0,0,h10,4177140041642262334
p1,A,499,1,0,h10,4188532059663769285
p1,B,196,291,13,h10,4188532059663769285
p1,C,56,97,347,h10,4188532059663769285
p1,Non-ROH,500,0,0,h10,4188532059663769285
p2,A,500,0,0,h10,4188532059663769285
p2,B,380,120,0,h10,4188532059663769285
p2,C,28,78,394,h10,4188532059663769285
p2,Non-ROH,500,0,0,h10,4188532059663769285
p3,A,500,0,0,h10,4188532059663769285
p3,B,396,104,0,h10,4188532059663769285
p3,C,21,93,386,h10,4188532059663769285
p3,Non-ROH,500,0,0,h10,4188532059663769285
p1,A,500,0,0,h10,4194406875143932514
p1,B,256,230,14,h10,4194406875143932514
p1,C,48,90,362,h10,4194406875143932514
p1,Non-ROH,500,0,0,h10,4194406875143932514
p2,A,500,0,0,h10,4194406875143932514
p2,B,418,82,0,h10,4194406875143932514
p2,C,41,74,385,h10,4194406875143932514
p2,Non-ROH,500,0,0,h10,4194406875143932514
p3,A,500,0,0,h10,4194406875143932514
p3,B,457,43,0,h10,4194406875143932514
p3,C,25,72,403,h10,4194406875143932514
p3,Non-ROH,500,0,0,h10,4194406875143932514
p1,A,500,0,0,h10,4195727619608596429
p1,B,257,229,14,h10,4195727619608596429
p1,C,50,74,376,h10,4195727619608596429
p1,Non-ROH,500,0,0,h10,4195727619608596429
p2,A,500,0,0,h10,4195727619608596429
p2,B,430,70,0,h10,4195727619608596429
p2,C,48,120,332,h10,4195727619608596429
p2,Non-ROH,500,0,0,h10,4195727619608596429
p3,A,500,0,0,h10,4195727619608596429
p3,B,451,49,0,h10,4195727619608596429
p3,C,23,108,369,h10,4195727619608596429
p3,Non-ROH,500,0,0,h10,4195727619608596429
p1,A,500,0,0,h10,42166289132561572
p1,B,180,302,18,h10,42166289132561572
p1,C,49,65,386,h10,42166289132561572
p1,Non-ROH,500,0,0,h10,42166289132561572
p2,A,500,0,0,h10,42166289132561572
p2,B,371,129,0,h10,42166289132561572
p2,C,27,127,346,h10,42166289132561572
p2,Non-ROH,500,0,0,h10,42166289132561572
p3,A,500,0,0,h10,42166289132561572
p3,B,436,64,0,h10,42166289132561572
p3,C,23,113,364,h10,42166289132561572
p3,Non-ROH,500,0,0,h10,42166289132561572
p1,A,500,0,0,h10,4244901996051818562
p1,B,212,277,11,h10,4244901996051818562
p1,C,54,73,373,h10,4244901996051818562
p1,Non-ROH,500,0,0,h10,4244901996051818562
p2,A,500,0,0,h10,4244901996051818562
p2,B,374,126,0,h10,4244901996051818562
p2,C,41,74,385,h10,4244901996051818562
p2,Non-ROH,500,0,0,h10,4244901996051818562
p3,A,500,0,0,h10,4244901996051818562
p3,B,440,60,0,h10,4244901996051818562
p3,C,38,107,355,h10,4244901996051818562
p3,Non-ROH,500,0,0,h10,4244901996051818562
p1,A,500,0,0,h10,4278457999579394267
p1,B,251,235,14,h10,4278457999579394267
p1,C,53,83,364,h10,4278457999579394267
p1,Non-ROH,500,0,0,h10,4278457999579394267
p2,A,500,0,0,h10,4278457999579394267
p2,B,434,66,0,h10,4278457999579394267
p2,C,31,143,326,h10,4278457999579394267
p2,Non-ROH,500,0,0,h10,4278457999579394267
p3,A,500,0,0,h10,4278457999579394267
p3,B,441,59,0,h10,4278457999579394267
p3,C,35,180,285,h10,4278457999579394267
p3,Non-ROH,500,0,0,h10,4278457999579394267
p1,A,500,0,0,h10,433204020074094804
p1,B,228,261,11,h10,433204020074094804
p1,C,52,70,378,h10,433204020074094804
p1,Non-ROH,500,0,0,h10,433204020074094804
p2,A,500,0,0,h10,433204020074094804
p2,B,386,114,0,h10,433204020074094804
p2,C,42,72,386,h10,433204020074094804
p2,Non-ROH,500,0,0,h10,433204020074094804
p3,A,500,0,0,h10,433204020074094804
p3,B,427,73,0,h10,433204020074094804
p3,C,27,153,320,h10,433204020074094804
p3,Non-ROH,500,0,0,h10,433204020074094804
p1,A,498,2,0,h10,4345349737809629597
p1,B,207,276,17,h10,4345349737809629597
p1,C,56,80,364,h10,4345349737809629597
p1,Non-ROH,500,0,0,h10,4345349737809629597
p2,A,500,0,0,h10,4345349737809629597
p2,B,391,109,0,h10,4345349737809629597
p2,C,50,123,327,h10,4345349737809629597
p2,Non-ROH,500,0,0,h10,4345349737809629597
p3,A,500,0,0,h10,4345349737809629597
p3,B,435,65,0,h10,4345349737809629597
p3,C,39,182,279,h10,4345349737809629597
p3,Non-ROH,500,0,0,h10,4345349737809629597
p1,A,499,1,0,h10,4361793046382718442
p1,B,253,236,11,h10,4361793046382718442
p1,C,75,76,349,h10,4361793046382718442
p1,Non-ROH,500,0,0,h10,4361793046382718442
p2,A,500,0,0,h10,4361793046382718442
p2,B,433,67,0,h10,4361793046382718442
p2,C,49,129,322,h10,4361793046382718442
p2,Non-ROH,500,0,0,h10,4361793046382718442
p3,A,500,0,0,h10,4361793046382718442
p3,B,452,48,0,h10,4361793046382718442
p3,C,38,155,307,h10,4361793046382718442
p3,Non-ROH,500,0,0,h10,4361793046382718442
p1,A,497,3,0,h10,4365375339386103969
p1,B,222,264,14,h10,4365375339386103969
p1,C,57,78,365,h10,4365375339386103969
p1,Non-ROH,500,0,0,h10,4365375339386103969
p2,A,500,0,0,h10,4365375339386103969
p2,B,425,75,0,h10,4365375339386103969
p2,C,42,73,385,h10,4365375339386103969
p2,Non-ROH,500,0,0,h10,4365375339386103969
p3,A,500,0,0,h10,4365375339386103969
p3,B,438,62,0,h10,4365375339386103969
p3,C,26,108,366,h10,4365375339386103969
p3,Non-ROH,500,0,0,h10,4365375339386103969
p1,A,500,0,0,h10,4399065134072947773
p1,B,213,273,14,h10,4399065134072947773
p1,C,60,67,373,h10,4399065134072947773
p1,Non-ROH,500,0,0,h10,4399065134072947773
p2,A,500,0,0,h10,4399065134072947773
p2,B,423,77,0,h10,4399065134072947773
p2,C,42,101,357,h10,4399065134072947773
p2,Non-ROH,500,0,0,h10,4399065134072947773
p3,A,500,0,0,h10,4399065134072947773
p3,B,460,40,0,h10,4399065134072947773
p3,C,36,121,343,h10,4399065134072947773
p3,Non-ROH,500,0,0,h10,4399065134072947773
p1,A,499,1,0,h10,4423263171116527435
p1,B,200,278,22,h10,4423263171116527435
p1,C,61,69,370,h10,4423263171116527435
p1,Non-ROH,500,0,0,h10,4423263171116527435
p2,A,500,0,0,h10,4423263171116527435
p2,B,403,97,0,h10,4423263171116527435
p2,C,43,73,384,h10,4423263171116527435
p2,Non-ROH,500,0,0,h10,4423263171116527435
p3,A,500,0,0,h10,4423263171116527435
p3,B,442,58,0,h10,4423263171116527435
p3,C,40,89,371,h10,4423263171116527435
p3,Non-ROH,500,0,0,h10,4423263171116527435
p1,A,500,0,0,h10,4438783225372010719
p1,B,205,279,16,h10,4438783225372010719
p1,C,63,63,374,h10,4438783225372010719
p1,Non-ROH,500,0,0,h10,4438783225372010719
p2,A,500,0,0,h10,4438783225372010719
p2,B,380,120,0,h10,4438783225372010719
p2,C,38,111,351,h10,4438783225372010719
p2,Non-ROH,500,0,0,h10,4438783225372010719
p3,A,500,0,0,h10,4438783225372010719
p3,B,443,57,0,h10,4438783225372010719
p3,C,27,97,376,h10,4438783225372010719
p3,Non-ROH,500,0,0,h10,4438783225372010719
p1,A,500,0,0,h10,4443744613238794199
p1,B,212,273,15,h10,4443744613238794199
p1,C,45,69,386,h10,4443744613238794199
p1,Non-ROH,500,0,0,h10,4443744613238794199
p2,A,500,0,0,h10,4443744613238794199
p2,B,401,99,0,h10,4443744613238794199
p2,C,40,98,362,h10,4443744613238794199
p2,Non-ROH,500,0,0,h10,4443744613238794199
p3,A,500,0,0,h10,4443744613238794199
p3,B,435,65,0,h10,4443744613238794199
p3,C,28,117,355,h10,4443744613238794199
p3,Non-ROH,500,0,0,h10,4443744613238794199
p1,A,498,2,0,h10,4473068787800223782
p1,B,168,317,15,h10,4473068787800223782
p1,C,61,59,380,h10,4473068787800223782
p1,Non-ROH,500,0,0,h10,4473068787800223782
p2,A,500,0,0,h10,4473068787800223782
p2,B,355,145,0,h10,4473068787800223782
p2,C,25,153,322,h10,4473068787800223782
p2,Non-ROH,500,0,0,h10,4473068787800223782
p3,A,500,0,0,h10,4473068787800223782
p3,B,432,68,0,h10,4473068787800223782
p3,C,39,102,359,h10,4473068787800223782
p3,Non-ROH,500,0,0,h10,4473068787800223782
p1,A,498,2,0,h10,4476948680415221754
p1,B,197,295,8,h10,4476948680415221754
p1,C,55,76,369,h10,4476948680415221754
p1,Non-ROH,500,0,0,h10,4476948680415221754
p2,A,500,0,0,h10,4476948680415221754
p2,B,370,130,0,h10,4476948680415221754
p2,C,39,159,302,h10,4476948680415221754
p2,Non-ROH,500,0,0,h10,4476948680415221754
p3,A,500,0,0,h10,4476948680415221754
p3,B,431,69,0,h10,4476948680415221754
p3,C,33,110,357,h10,4476948680415221754
p3,Non-ROH,500,0,0,h10,4476948680415221754
p1,A,500,0,0,h10,448319367688946302
p1,B,244,242,14,h10,448319367688946302
p1,C,63,64,373,h10,448319367688946302
p1,Non-ROH,500,0,0,h10,448319367688946302
p2,A,500,0,0,h10,448319367688946302
p2,B,435,65,0,h10,448319367688946302
p2,C,58,115,327,h10,448319367688946302
p2,Non-ROH,500,0,0,h10,448319367688946302
p3,A,500,0,0,h10,448319367688946302
p3,B,460,40,0,h10,448319367688946302
p3,C,38,159,303,h10,448319367688946302
p3,Non-ROH,500,0,0,h10,448319367688946302
p1,A,500,0,0,h10,4494227658266820746
p1,B,261,217,22,h10,4494227658266820746
p1,C,67,62,371,h10,4494227658266820746
p1,Non-ROH,500,0,0,h10,4494227658266820746
p2,A,500,0,0,h10,4494227658266820746
p2,B,419,81,0,h10,4494227658266820746
p2,C,45,80,375,h10,4494227658266820746
p2,Non-ROH,500,0,0,h10,4494227658266820746
p3,A,500,0,0,h10,4494227658266820746
p3,B,464,36,0,h10,4494227658266820746
p3,C,39,121,340,h10,4494227658266820746
p3,Non-ROH,500,0,0,h10,4494227658266820746
p1,A,500,0,0,h10,4498646663778846355
p1,B,218,263,19,h10,4498646663778846355
p1,C,44,77,379,h10,4498646663778846355
p1,Non-ROH,500,0,0,h10,4498646663778846355
p2,A,500,0,0,h10,4498646663778846355
p2,B,426,74,0,h10,4498646663778846355
p2,C,44,112,344,h10,4498646663778846355
p2,Non-ROH,500,0,0,h10,4498646663778846355
p3,A,500,0,0,h10,4498646663778846355
p3,B,461,39,0,h10,4498646663778846355
p3,C,36,104,360,h10,4498646663778846355
p3,Non-ROH,500,0,0,h10,4498646663778846355
p1,A,499,1,0,h10,450063676179171794
p1,B,221,267,12,h10,450063676179171794
p1,C,49,81,370,h10,450063676179171794
p1,Non-ROH,500,0,0,h10,450063676179171794
p2,A,500,0,0,h10,450063676179171794
p2,B,369,131,0,h10,450063676179171794
p2,C,23,73,404,h10,450063676179171794
p2,Non-ROH,500,0,0,h10,450063676179171794
p3,A,500,0,0,h10,450063676179171794
p3,B,415,85,0,h10,450063676179171794
p3,C,36,164,300,h10,450063676179171794
p3,Non-ROH,500,0,0,h10,450063676179171794
p1,A,494,6,0,h10,4514687463963706410
p1,B,181,302,17,h10,4514687463963706410
p1,C,43,79,378,h10,4514687463963706410
p1,Non-ROH,500,0,0,h10,4514687463963706410
p2,A,500,0,0,h10,4514687463963706410
p2,B,367,133,0,h10,4514687463963706410
p2,C,28,86,386,h10,4514687463963706410
p2,Non-ROH,500,0,0,h10,4514687463963706410
p3,A,500,0,0,h10,4514687463963706410
p3,B,409,91,0,h10,4514687463963706410
p3,C,33,88,379,h10,4514687463963706410
p3,Non-ROH,500,0,0,h10,4514687463963706410
p1,A,500,0,0,h10,4553298222200008364
p1,B,195,292,13,h10,4553298222200008364
p1,C,55,70,375,h10,4553298222200008364
p1,Non-ROH,500,0,0,h10,4553298222200008364
p2,A,500,0,0,h10,4553298222200008364
p2,B,393,107,0,h10,4553298222200008364
p2,C,45,71,384,h10,4553298222200008364
p2,Non-ROH,500,0,0,h10,4553298222200008364
p3,A,500,0,0,h10,4553298222200008364
p3,B,426,74,0,h10,4553298222200008364
p3,C,46,97,357,h10,4553298222200008364
p3,Non-ROH,500,0,0,h10,4553298222200008364
p1,A,497,3,0,h10,4574202581484452387
p1,B,176,313,11,h10,4574202581484452387
p1,C,40,86,374,h10,4574202581484452387
p1,Non-ROH,500,0,0,h10,4574202581484452387
p2,A,500,0,0,h10,4574202581484452387
p2,B,342,158,0,h10,4574202581484452387
p2,C,25,104,371,h10,4574202581484452387
p2,Non-ROH,500,0,0,h10,4574202581484452387
p3,A,500,0,0,h10,4574202581484452387
p3,B,427,73,0,h10,4574202581484452387
p3,C,30,134,336,h10,4574202581484452387
p3,Non-ROH,500,0,0,h10,4574202581484452387
p1,A,500,0,0,h10,4594924353409803531
p1,B,224,257,19,h10,4594924353409803531
p1,C,43,79,378,h10,4594924353409803531
p1,Non-ROH,500,0,0,h10,4594924353409803531
p2,A,500,0,0,h10,4594924353409803531
p2,B,395,105,0,h10,4594924353409803531
p2,C,51,109,340,h10,4594924353409803531
p2,Non-ROH,500,0,0,h10,4594924353409803531
p3,A,500,0,0,h10,4594924353409803531
p3,B,460,40,0,h10,4594924353409803531
p3,C,45,133,322,h10,4594924353409803531
p3,Non-ROH,500,0,0,h10,4594924353409803531
p1,A,500,0,0,h10,4615420545380417451
p1,B,235,243,22,h10,4615420545380417451
p1,C,62,76,362,h10,4615420545380417451
p1,Non-ROH,500,0,0,h10,4615420545380417451
p2,A,500,0,0,h10,4615420545380417451
p2,B,415,85,0,h10,4615420545380417451
p2,C,41,70,389,h10,4615420545380417451
p2,Non-ROH,500,0,0,h10,4615420545380417451
p3,A,500,0,0,h10,4615420545380417451
p3,B,456,44,0,h10,4615420545380417451
p3,C,33,125,342,h10,4615420545380417451
p3,Non-ROH,500,0,0,h10,4615420545380417451
p1,A,500,0,0,h10,4619991974135121451
p1,B,255,237,8,h10,4619991974135121451
p1,C,64,72,364,h10,4619991974135121451
p1,Non-ROH,500,0,0,h10,4619991974135121451
p2,A,500,0,0,h10,4619991974135121451
p2,B,422,78,0,h10,4619991974135121451
p2,C,48,75,377,h10,4619991974135121451
p2,Non-ROH,500,0,0,h10,4619991974135121451
p3,A,500,0,0,h10,4619991974135121451
p3,B,466,34,0,h10,4619991974135121451
p3,C,48,91,361,h10,4619991974135121451
p3,Non-ROH,500,0,0,h10,4619991974135121451
p1,A,498,2,0,h10,4620390927830805090
p1,B,181,309,10,h10,4620390927830805090
p1,C,41,99,360,h10,4620390927830805090
p1,Non-ROH,500,0,0,h10,4620390927830805090
p2,A,500,0,0,h10,4620390927830805090
p2,B,357,143,0,h10,4620390927830805090
p2,C,31,132,337,h10,4620390927830805090
p2,Non-ROH,500,0,0,h10,4620390927830805090
p3,A,500,0,0,h10,4620390927830805090
p3,B,426,74,0,h10,4620390927830805090
p3,C,26,163,311,h10,4620390927830805090
p3,Non-ROH,500,0,0,h10,4620390927830805090
p1,A,499,1,0,h10,4659460054176917637
p1,B,161,324,15,h10,4659460054176917637
p1,C,36,89,375,h10,4659460054176917637
p1,Non-ROH,500,0,0,h10,4659460054176917637
p2,A,500,0,0,h10,4659460054176917637
p2,B,360,140,0,h10,4659460054176917637
p2,C,29,91,380,h10,4659460054176917637
p2,Non-ROH,500,0,0,h10,4659460054176917637
p3,A,500,0,0,h10,4659460054176917637
p3,B,406,94,0,h10,4659460054176917637
p3,C,39,172,289,h10,4659460054176917637
p3,Non-ROH,500,0,0,h10,4659460054176917637
p1,A,498,2,0,h10,4686093148506042527
p1,B,189,294,17,h10,4686093148506042527
p1,C,47,81,372,h10,4686093148506042527
p1,Non-ROH,500,0,0,h10,4686093148506042527
p2,A,500,0,0,h10,4686093148506042527
p2,B,342,158,0,h10,4686093148506042527
p2,C,34,98,368,h10,4686093148506042527
p2,Non-ROH,500,0,0,h10,4686093148506042527
p3,A,500,0,0,h10,4686093148506042527
p3,B,392,108,0,h10,4686093148506042527
p3,C,45,145,310,h10,4686093148506042527
p3,Non-ROH,500,0,0,h10,4686093148506042527
p1,A,498,2,0,h10,470364510336656344
p1,B,222,266,12,h10,470364510336656344
p1,C,40,92,368,h10,470364510336656344
p1,Non-ROH,500,0,0,h10,470364510336656344
p2,A,500,0,0,h10,470364510336656344
p2,B,374,126,0,h10,470364510336656344
p2,C,54,104,342,h10,470364510336656344
p2,Non-ROH,500,0,0,h10,470364510336656344
p3,A,500,0,0,h10,470364510336656344
p3,B,426,74,0,h10,470364510336656344
p3,C,56,60,384,h10,470364510336656344
p3,Non-ROH,500,0,0,h10,470364510336656344
p1,A,499,1,0,h10,4710513113243944819
p1,B,193,294,13,h10,4710513113243944819
p1,C,43,79,378,h10,4710513113243944819
p1,Non-ROH,500,0,0,h10,4710513113243944819
p2,A,500,0,0,h10,4710513113243944819
p2,B,376,124,0,h10,4710513113243944819
p2,C,36,122,342,h10,4710513113243944819
p2,Non-ROH,500,0,0,h10,4710513113243944819
p3,A,500,0,0,h10,4710513113243944819
p3,B,437,63,0,h10,4710513113243944819
p3,C,34,94,372,h10,4710513113243944819
p3,Non-ROH,500,0,0,h10,4710513113243944819
p1,A,500,0,0,h10,4730877321784219845
p1,B,221,265,14,h10,4730877321784219845
p1,C,59,60,381,h10,4730877321784219845
p1,Non-ROH,500,0,0,h10,4730877321784219845
p2,A,500,0,0,h10,4730877321784219845
p2,B,417,83,0,h10,4730877321784219845
p2,C,37,71,392,h10,4730877321784219845
p2,Non-ROH,500,0,0,h10,4730877321784219845
p3,A,500,0,0,h10,4730877321784219845
p3,B,457,42,1,h10,4730877321784219845
p3,C,35,148,317,h10,4730877321784219845
p3,Non-ROH,500,0,0,h10,4730877321784219845
p1,A,496,4,0,h10,474035048815352913
p1,B,181,304,15,h10,474035048815352913
p1,C,42,86,372,h10,474035048815352913
p1,Non-ROH,500,0,0,h10,474035048815352913
p2,A,500,0,0,h10,474035048815352913
p2,B,372,128,0,h10,474035048815352913
p2,C,41,119,340,h10,474035048815352913
p2,Non-ROH,500,0,0,h10,474035048815352913
p3,A,500,0,0,h10,474035048815352913
p3,B,423,77,0,h10,474035048815352913
p3,C,33,90,377,h10,474035048815352913
p3,Non-ROH,500,0,0,h10,474035048815352913
p1,A,500,0,0,h10,4756977248518332605
p1,B,204,286,10,h10,4756977248518332605
p1,C,65,86,349,h10,4756977248518332605
p1,Non-ROH,500,0,0,h10,4756977248518332605
p2,A,500,0,0,h10,4756977248518332605
p2,B,381,119,0,h10,4756977248518332605
p2,C,51,129,320,h10,4756977248518332605
p2,Non-ROH,500,0,0,h10,4756977248518332605
p3,A,500,0,0,h10,4756977248518332605
p3,B,420,80,0,h10,4756977248518332605
p3,C,55,98,347,h10,4756977248518332605
p3,Non-ROH,500,0,0,h10,4756977248518332605
p1,A,500,0,0,h10,4762515350250062894
p1,B,218,264,18,h10,4762515350250062894
p1,C,38,80,382,h10,4762515350250062894
p1,Non-ROH,500,0,0,h10,4762515350250062894
p2,A,500,0,0,h10,4762515350250062894
p2,B,357,143,0,h10,4762515350250062894
p2,C,40,91,369,h10,4762515350250062894
p2,Non-ROH,500,0,0,h10,4762515350250062894
p3,A,500,0,0,h10,4762515350250062894
p3,B,427,73,0,h10,4762515350250062894
p3,C,30,93,377,h10,4762515350250062894
p3,Non-ROH,500,0,0,h10,4762515350250062894
p1,A,500,0,0,h10,4795502238501318052
p1,B,213,274,13,h10,4795502238501318052
p1,C,47,61,392,h10,4795502238501318052
p1,Non-ROH,500,0,0,h10,4795502238501318052
p2,A,500,0,0,h10,4795502238501318052
p2,B,368,132,0,h10,4795502238501318052
p2,C,35,102,363,h10,4795502238501318052
p2,Non-ROH,500,0,0,h10,4795502238501318052
p3,A,500,0,0,h10,4795502238501318052
p3,B,433,67,0,h10,4795502238501318052
p3,C,33,131,336,h10,4795502238501318052
p3,Non-ROH,500,0,0,h10,4795502238501318052
p1,A,500,0,0,h10,4795977977712072574
p1,B,193,291,16,h10,4795977977712072574
p1,C,69,80,351,h10,4795977977712072574
p1,Non-ROH,500,0,0,h10,4795977977712072574
p2,A,500,0,0,h10,4795977977712072574
p2,B,379,121,0,h10,4795977977712072574
p2,C,34,84,382,h10,4795977977712072574
p2,Non-ROH,500,0,0,h10,4795977977712072574
p3,A,500,0,0,h10,4795977977712072574
p3,B,407,93,0,h10,4795977977712072574
p3,C,33,132,335,h10,4795977977712072574
p3,Non-ROH,500,0,0,h10,4795977977712072574
p1,A,500,0,0,h10,4797634794137905999
p1,B,237,254,9,h10,4797634794137905999
p1,C,63,61,376,h10,4797634794137905999
p1,Non-ROH,500,0,0,h10,4797634794137905999
p2,A,500,0,0,h10,4797634794137905999
p2,B,372,128,0,h10,4797634794137905999
p2,C,34,99,367,h10,4797634794137905999
p2,Non-ROH,500,0,0,h10,4797634794137905999
p3,A,500,0,0,h10,4797634794137905999
p3,B,413,87,0,h10,4797634794137905999
p3,C,34,106,360,h10,4797634794137905999
p3,Non-ROH,500,0,0,h10,4797634794137905999
p1,A,499,1,0,h10,4830906885164551185
p1,B,250,240,10,h10,4830906885164551185
p1,C,66,82,352,h10,4830906885164551185
p1,Non-ROH,500,0,0,h10,4830906885164551185
p2,A,500,0,0,h10,4830906885164551185
p2,B,422,78,0,h10,4830906885164551185
p2,C,38,87,375,h10,4830906885164551185
p2,Non-ROH,500,0,0,h10,4830906885164551185
p3,A,500,0,0,h10,4830906885164551185
p3,B,465,35,0,h10,4830906885164551185
p3,C,65,72,363,h10,4830906885164551185
p3,Non-ROH,500,0,0,h10,4830906885164551185
p1,A,499,1,0,h10,4845795528335143196
p1,B,174,319,7,h10,4845795528335143196
p1,C,74,65,361,h10,4845795528335143196
p1,Non-ROH,500,0,0,h10,4845795528335143196
p2,A,500,0,0,h10,4845795528335143196
p2,B,360,140,0,h10,4845795528335143196
p2,C,38,79,383,h10,4845795528335143196
p2,Non-ROH,500,0,0,h10,4845795528335143196
p3,A,500,0,0,h10,4845795528335143196
p3,B,415,85,0,h10,4845795528335143196
p3,C,26,104,370,h10,4845795528335143196
p3,Non-ROH,500,0,0,h10,4845795528335143196
p1,A,500,0,0,h10,4849410443457070360
p1,B,228,261,11,h10,4849410443457070360
p1,C,53,87,360,h10,4849410443457070360
p1,Non-ROH,500,0,0,h10,4849410443457070360
p2,A,500,0,0,h10,4849410443457070360
p2,B,418,82,0,h10,4849410443457070360
p2,C,53,77,370,h10,4849410443457070360
p2,Non-ROH,500,0,0,h10,4849410443457070360
p3,A,500,0,0,h10,4849410443457070360
p3,B,457,43,0,h10,4849410443457070360
p3,C,29,85,386,h10,4849410443457070360
p3,Non-ROH,500,0,0,h10,4849410443457070360
p1,A,500,0,0,h10,4850558830048620362
p1,B,258,232,10,h10,4850558830048620362
p1,C,48,64,388,h10,4850558830048620362
p1,Non-ROH,500,0,0,h10,4850558830048620362
p2,A,500,0,0,h10,4850558830048620362
p2,B,424,76,0,h10,4850558830048620362
p2,C,35,115,350,h10,4850558830048620362
p2,Non-ROH,500,0,0,h10,4850558830048620362
p3,A,500,0,0,h10,4850558830048620362
p3,B,466,34,0,h10,4850558830048620362
p3,C,32,122,346,h10,4850558830048620362
p3,Non-ROH,500,0,0,h10,4850558830048620362
p1,A,500,0,0,h10,4852282232302163742
p1,B,210,275,15,h10,4852282232302163742
p1,C,55,78,367,h10,4852282232302163742
p1,Non-ROH,500,0,0,h10,4852282232302163742
p2,A,500,0,0,h10,4852282232302163742
p2,B,363,137,0,h10,4852282232302163742
p2,C,39,98,363,h10,4852282232302163742
p2,Non-ROH,500,0,0,h10,4852282232302163742
p3,A,500,0,0,h10,4852282232302163742
p3,B,425,75,0,h10,4852282232302163742
p3,C,39,83,378,h10,4852282232302163742
p3,Non-ROH,500,0,0,h10,4852282232302163742
p1,A,500,0,0,h10,4868924792313273115
p1,B,207,282,11,h10,4868924792313273115
p1,C,60,72,368,h10,4868924792313273115
p1,Non-ROH,500,0,0,h10,4868924792313273115
p2,A,500,0,0,h10,4868924792313273115
p2,B,414,86,0,h10,4868924792313273115
p2,C,36,117,347,h10,4868924792313273115
p2,Non-ROH,500,0,0,h10,4868924792313273115
p3,A,500,0,0,h10,4868924792313273115
p3,B,429,71,0,h10,4868924792313273115
p3,C,37,132,331,h10,4868924792313273115
p3,Non-ROH,500,0,0,h10,4868924792313273115
p1,A,499,1,0,h10,487199993161505439
p1,B,229,259,12,h10,487199993161505439
p1,C,54,73,373,h10,487199993161505439
p1,Non-ROH,500,0,0,h10,487199993161505439
p2,A,500,0,0,h10,487199993161505439
p2,B,423,77,0,h10,487199993161505439
p2,C,36,70,394,h10,487199993161505439
p2,Non-ROH,500,0,0,h10,487199993161505439
p3,A,500,0,0,h10,487199993161505439
p3,B,435,65,0,h10,487199993161505439
p3,C,35,85,380,h10,487199993161505439
p3,Non-ROH,500,0,0,h10,487199993161505439
p1,A,498,2,0,h10,4918888134740033738
p1,B,242,244,14,h10,4918888134740033738
p1,C,94,41,365,h10,4918888134740033738
p1,Non-ROH,500,0,0,h10,4918888134740033738
p2,A,500,0,0,h10,4918888134740033738
p2,B,408,92,0,h10,4918888134740033738
p2,C,84,39,377,h10,4918888134740033738
p2,Non-ROH,500,0,0,h10,4918888134740033738
p3,A,500,0,0,h10,4918888134740033738
p3,B,444,56,0,h10,4918888134740033738
p3,C,93,34,373,h10,4918888134740033738
p3,Non-ROH,500,0,0,h10,4918888134740033738
p1,A,500,0,0,h10,4927006382653365011
p1,B,200,282,18,h10,4927006382653365011
p1,C,65,75,360,h10,4927006382653365011
p1,Non-ROH,500,0,0,h10,4927006382653365011
p2,A,500,0,0,h10,4927006382653365011
p2,B,381,119,0,h10,4927006382653365011
p2,C,40,98,362,h10,4927006382653365011
p2,Non-ROH,500,0,0,h10,4927006382653365011
p3,A,500,0,0,h10,4927006382653365011
p3,B,445,55,0,h10,4927006382653365011
p3,C,34,146,320,h10,4927006382653365011
p3,Non-ROH,500,0,0,h10,4927006382653365011
p1,A,500,0,0,h10,4955140481114490279
p1,B,205,287,8,h10,4955140481114490279
p1,C,39,87,374,h10,4955140481114490279
p1,Non-ROH,500,0,0,h10,4955140481114490279
p2,A,500,0,0,h10,4955140481114490279
p2,B,417,83,0,h10,4955140481114490279
p2,C,34,90,376,h10,4955140481114490279
p2,Non-ROH,500,0,0,h10,4955140481114490279
p3,A,500,0,0,h10,4955140481114490279
p3,B,442,58,0,h10,4955140481114490279
p3,C,56,99,345,h10,4955140481114490279
p3,Non-ROH,500,0,0,h10,4955140481114490279
p1,A,497,3,0,h10,5000120933718423305
p1,B,209,281,10,h10,5000120933718423305
p1,C,83,57,360,h10,5000120933718423305
p1,Non-ROH,500,0,0,h10,5000120933718423305
p2,A,500,0,0,h10,5000120933718423305
p2,B,383,117,0,h10,5000120933718423305
p2,C,147,70,283,h10,5000120933718423305
p2,Non-ROH,500,0,0,h10,5000120933718423305
p3,A,500,0,0,h10,5000120933718423305
p3,B,438,62,0,h10,5000120933718423305
p3,C,79,78,343,h10,5000120933718423305
p3,Non-ROH,500,0,0,h10,5000120933718423305
p1,A,500,0,0,h10,5016169799560615181
p1,B,235,249,16,h10,5016169799560615181
p1,C,59,66,375,h10,5016169799560615181
p1,Non-ROH,500,0,0,h10,5016169799560615181
p2,A,500,0,0,h10,5016169799560615181
p2,B,425,75,0,h10,5016169799560615181
p2,C,36,155,309,h10,5016169799560615181
p2,Non-ROH,500,0,0,h10,5016169799560615181
p3,A,500,0,0,h10,5016169799560615181
p3,B,462,38,0,h10,5016169799560615181
p3,C,42,122,336,h10,5016169799560615181
p3,Non-ROH,500,0,0,h10,5016169799560615181
p1,A,500,0,0,h10,5017315413834082190
p1,B,251,234,15,h10,5017315413834082190
p1,C,58,58,384,h10,5017315413834082190
p1,Non-ROH,500,0,0,h10,5017315413834082190
p2,A,500,0,0,h10,5017315413834082190
p2,B,414,86,0,h10,5017315413834082190
p2,C,44,101,355,h10,5017315413834082190
p2,Non-ROH,500,0,0,h10,5017315413834082190
p3,A,500,0,0,h10,5017315413834082190
p3,B,459,41,0,h10,5017315413834082190
p3,C,50,159,291,h10,5017315413834082190
p3,Non-ROH,500,0,0,h10,5017315413834082190
p1,A,498,2,0,h10,5056379344872519593
p1,B,202,287,11,h10,5056379344872519593
p1,C,57,75,368,h10,5056379344872519593
p1,Non-ROH,500,0,0,h10,5056379344872519593
p2,A,500,0,0,h10,5056379344872519593
p2,B,378,122,0,h10,5056379344872519593
p2,C,28,98,374,h10,5056379344872519593
p2,Non-ROH,500,0,0,h10,5056379344872519593
p3,A,500,0,0,h10,5056379344872519593
p3,B,416,84,0,h10,5056379344872519593
p3,C,29,99,372,h10,5056379344872519593
p3,Non-ROH,500,0,0,h10,5056379344872519593
p1,A,500,0,0,h10,5076677696586693625
p1,B,240,246,14,h10,5076677696586693625
p1,C,43,73,384,h10,5076677696586693625
p1,Non-ROH,500,0,0,h10,5076677696586693625
p2,A,500,0,0,h10,5076677696586693625
p2,B,438,62,0,h10,5076677696586693625
p2,C,30,91,379,h10,5076677696586693625
p2,Non-ROH,500,0,0,h10,5076677696586693625
p3,A,500,0,0,h10,5076677696586693625
p3,B,462,38,0,h10,5076677696586693625
p3,C,33,174,293,h10,5076677696586693625
p3,Non-ROH,500,0,0,h10,5076677696586693625
p1,A,497,3,0,h10,5121883498430826956
p1,B,218,263,19,h10,5121883498430826956
p1,C,73,47,380,h10,5121883498430826956
p1,Non-ROH,500,0,0,h10,5121883498430826956
p2,A,500,0,0,h10,5121883498430826956
p2,B,413,86,1,h10,5121883498430826956
p2,C,31,84,385,h10,5121883498430826956
p2,Non-ROH,500,0,0,h10,5121883498430826956
p3,A,500,0,0,h10,5121883498430826956
p3,B,458,42,0,h10,5121883498430826956
p3,C,85,38,377,h10,5121883498430826956
p3,Non-ROH,500,0,0,h10,5121883498430826956
p1,A,500,0,0,h10,512911821176251127
p1,B,239,252,9,h10,512911821176251127
p1,C,63,63,374,h10,512911821176251127
p1,Non-ROH,500,0,0,h10,512911821176251127
p2,A,500,0,0,h10,512911821176251127
p2,B,410,90,0,h10,512911821176251127
p2,C,34,148,318,h10,512911821176251127
p2,Non-ROH,500,0,0,h10,512911821176251127
p3,A,500,0,0,h10,512911821176251127
p3,B,443,57,0,h10,512911821176251127
p3,C,38,122,340,h10,512911821176251127
p3,Non-ROH,500,0,0,h10,512911821176251127
p1,A,500,0,0,h10,5134361700411916887
p1,B,206,279,15,h10,5134361700411916887
p1,C,50,74,376,h10,5134361700411916887
p1,Non-ROH,500,0,0,h10,5134361700411916887
p2,A,500,0,0,h10,5134361700411916887
p2,B,413,87,0,h10,5134361700411916887
p2,C,34,113,353,h10,5134361700411916887
p2,Non-ROH,500,0,0,h10,5134361700411916887
p3,A,500,0,0,h10,5134361700411916887
p3,B,453,47,0,h10,5134361700411916887
p3,C,31,190,279,h10,5134361700411916887
p3,Non-ROH,500,0,0,h10,5134361700411916887
p1,A,498,2,0,h10,5147792078566193376
p1,B,172,311,17,h10,5147792078566193376
p1,C,56,70,374,h10,5147792078566193376
p1,Non-ROH,500,0,0,h10,5147792078566193376
p2,A,500,0,0,h10,5147792078566193376
p2,B,373,127,0,h10,5147792078566193376
p2,C,30,113,357,h10,5147792078566193376
p2,Non-ROH,500,0,0,h10,5147792078566193376
p3,A,500,0,0,h10,5147792078566193376
p3,B,410,90,0,h10,5147792078566193376
p3,C,29,163,308,h10,5147792078566193376
p3,Non-ROH,500,0,0,h10,5147792078566193376
p1,A,500,0,0,h10,5165950171889090812
p1,B,213,269,18,h10,5165950171889090812
p1,C,63,60,377,h10,5165950171889090812
p1,Non-ROH,500,0,0,h10,5165950171889090812
p2,A,500,0,0,h10,5165950171889090812
p2,B,360,140,0,h10,5165950171889090812
p2,C,55,102,343,h10,5165950171889090812
p2,Non-ROH,500,0,0,h10,5165950171889090812
p3,A,500,0,0,h10,5165950171889090812
p3,B,447,53,0,h10,5165950171889090812
p3,C,72,57,371,h10,5165950171889090812
p3,Non-ROH,500,0,0,h10,5165950171889090812
p1,A,500,0,0,h10,5248723138258037889
p1,B,200,288,12,h10,5248723138258037889
p1,C,50,73,377,h10,5248723138258037889
p1,Non-ROH,500,0,0,h10,5248723138258037889
p2,A,500,0,0,h10,5248723138258037889
p2,B,378,122,0,h10,5248723138258037889
p2,C,30,102,368,h10,5248723138258037889
p2,Non-ROH,500,0,0,h10,5248723138258037889
p3,A,500,0,0,h10,5248723138258037889
p3,B,421,79,0,h10,5248723138258037889
p3,C,34,85,381,h10,5248723138258037889
p3,Non-ROH,500,0,0,h10,5248723138258037889
p1,A,500,0,0,h10,5258030842608414135
p1,B,196,286,18,h10,5258030842608414135
p1,C,65,68,367,h10,5258030842608414135
p1,Non-ROH,500,0,0,h10,5258030842608414135
p2,A,500,0,0,h10,5258030842608414135
p2,B,384,116,0,h10,5258030842608414135
p2,C,32,80,388,h10,5258030842608414135
p2,Non-ROH,500,0,0,h10,5258030842608414135
p3,A,500,0,0,h10,5258030842608414135
p3,B,437,63,0,h10,5258030842608414135
p3,C,29,104,367,h10,5258030842608414135
p3,Non-ROH,500,0,0,h10,5258030842608414135
p1,A,499,1,0,h10,5263677576522977279
p1,B,191,295,14,h10,5263677576522977279
p1,C,55,84,361,h10,5263677576522977279
p1,Non-ROH,500,0,0,h10,5263677576522977279
p2,A,499,1,0,h10,5263677576522977279
p2,B,375,125,0,h10,5263677576522977279
p2,C,32,154,314,h10,5263677576522977279
p2,Non-ROH,500,0,0,h10,5263677576522977279
p3,A,500,0,0,h10,5263677576522977279
p3,B,435,65,0,h10,5263677576522977279
p3,C,32,154,314,h10,5263677576522977279
p3,Non-ROH,500,0,0,h10,5263677576522977279
p1,A,500,0,0,h10,5265828099727968869
p1,B,255,235,10,h10,5265828099727968869
p1,C,68,62,370,h10,5265828099727968869
p1,Non-ROH,500,0,0,h10,5265828099727968869
p2,A,500,0,0,h10,5265828099727968869
p2,B,458,42,0,h10,5265828099727968869
p2,C,44,63,393,h10,5265828099727968869
p2,Non-ROH,500,0,0,h10,5265828099727968869
p3,A,500,0,0,h10,5265828099727968869
p3,B,459,41,0,h10,5265828099727968869
p3,C,39,117,344,h10,5265828099727968869
p3,Non-ROH,500,0,0,h10,5265828099727968869
p1,A,499,1,0,h10,5274109265370950004
p1,B,215,271,14,h10,5274109265370950004
p1,C,39,73,388,h10,5274109265370950004
p1,Non-ROH,500,0,0,h10,5274109265370950004
p2,A,500,0,0,h10,5274109265370950004
p2,B,394,106,0,h10,5274109265370950004
p2,C,45,192,263,h10,5274109265370950004
p2,Non-ROH,500,0,0,h10,5274109265370950004
p3,A,500,0,0,h10,5274109265370950004
p3,B,464,36,0,h10,5274109265370950004
p3,C,30,90,380,h10,5274109265370950004
p3,Non-ROH,500,0,0,h10,5274109265370950004
p1,A,500,0,0,h10,5297164339263925889
p1,B,234,244,22,h10,5297164339263925889
p1,C,53,70,377,h10,5297164339263925889
p1,Non-ROH,500,0,0,h10,5297164339263925889
p2,A,500,0,0,h10,5297164339263925889
p2,B,421,79,0,h10,5297164339263925889
p2,C,45,102,353,h10,5297164339263925889
p2,Non-ROH,500,0,0,h10,5297164339263925889
p3,A,500,0,0,h10,5297164339263925889
p3,B,443,57,0,h10,5297164339263925889
p3,C,27,90,383,h10,5297164339263925889
p3,Non-ROH,500,0,0,h10,5297164339263925889
p1,A,500,0,0,h10,5331927497105869940
p1,B,205,280,15,h10,5331927497105869940
p1,C,43,99,358,h10,5331927497105869940
p1,Non-ROH,500,0,0,h10,5331927497105869940
p2,A,500,0,0,h10,5331927497105869940
p2,B,412,88,0,h10,5331927497105869940
p2,C,36,90,374,h10,5331927497105869940
p2,Non-ROH,500,0,0,h10,5331927497105869940
p3,A,500,0,0,h10,5331927497105869940
p3,B,443,57,0,h10,5331927497105869940
p3,C,31,122,347,h10,5331927497105869940
p3,Non-ROH,500,0,0,h10,5331927497105869940
p1,A,499,1,0,h10,5339386763701380224
p1,B,243,244,13,h10,5339386763701380224
p1,C,57,68,375,h10,5339386763701380224
p1,Non-ROH,500,0,0,h10,5339386763701380224
p2,A,500,0,0,h10,5339386763701380224
p2,B,419,81,0,h10,5339386763701380224
p2,C,70,81,349,h10,5339386763701380224
p2,Non-ROH,500,0,0,h10,5339386763701380224
p3,A,500,0,0,h10,5339386763701380224
p3,B,467,33,0,h10,5339386763701380224
p3,C,51,69,380,h10,5339386763701380224
p3,Non-ROH,500,0,0,h10,5339386763701380224
p1,A,499,1,0,h10,5342040010608070842
p1,B,221,264,15,h10,5342040010608070842
p1,C,47,84,369,h10,5342040010608070842
p1,Non-ROH,500,0,0,h10,5342040010608070842
p2,A,500,0,0,h10,5342040010608070842
p2,B,396,104,0,h10,5342040010608070842
p2,C,34,100,366,h10,5342040010608070842
p2,Non-ROH,500,0,0,h10,5342040010608070842
p3,A,500,0,0,h10,5342040010608070842
p3,B,444,56,0,h10,5342040010608070842
p3,C,19,149,332,h10,5342040010608070842
p3,Non-ROH,500,0,0,h10,5342040010608070842
p1,A,500,0,0,h10,5343512657107917358
p1,B,252,226,22,h10,5343512657107917358
p1,C,58,58,384,h10,5343512657107917358
p1,Non-ROH,500,0,0,h10,5343512657107917358
p2,A,500,0,0,h10,5343512657107917358
p2,B,425,75,0,h10,5343512657107917358
p2,C,49,78,373,h10,5343512657107917358
p2,Non-ROH,500,0,0,h10,5343512657107917358
p3,A,500,0,0,h10,5343512657107917358
p3,B,447,53,0,h10,5343512657107917358
p3,C,45,83,372,h10,5343512657107917358
p3,Non-ROH,500,0,0,h10,5343512657107917358
p1,A,500,0,0,h10,5362953680254159070
p1,B,233,251,16,h10,5362953680254159070
p1,C,47,73,380,h10,5362953680254159070
p1,Non-ROH,500,0,0,h10,5362953680254159070
p2,A,500,0,0,h10,5362953680254159070
p2,B,391,109,0,h10,5362953680254159070
p2,C,42,129,329,h10,5362953680254159070
p2,Non-ROH,500,0,0,h10,5362953680254159070
p3,A,500,0,0,h10,5362953680254159070
p3,B,461,39,0,h10,5362953680254159070
p3,C,34,143,323,h10,5362953680254159070
p3,Non-ROH,500,0,0,h10,5362953680254159070
p1,A,500,0,0,h10,5374254783209721048
p1,B,211,271,18,h10,5374254783209721048
p1,C,53,73,374,h10,5374254783209721048
p1,Non-ROH,500,0,0,h10,5374254783209721048
p2,A,500,0,0,h10,5374254783209721048
p2,B,402,98,0,h10,5374254783209721048
p2,C,44,77,379,h10,5374254783209721048
p2,Non-ROH,500,0,0,h10,5374254783209721048
p3,A,500,0,0,h10,5374254783209721048
p3,B,443,57,0,h10,5374254783209721048
p3,C,35,114,351,h10,5374254783209721048
p3,Non-ROH,500,0,0,h10,5374254783209721048
p1,A,500,0,0,h10,5414085648090891360
p1,B,194,295,11,h10,5414085648090891360
p1,C,42,75,383,h10,5414085648090891360
p1,Non-ROH,500,0,0,h10,5414085648090891360
p2,A,500,0,0,h10,5414085648090891360
p2,B,398,102,0,h10,5414085648090891360
p2,C,41,79,380,h10,5414085648090891360
p2,Non-ROH,500,0,0,h10,5414085648090891360
p3,A,500,0,0,h10,5414085648090891360
p3,B,441,59,0,h10,5414085648090891360
p3,C,27,138,335,h10,5414085648090891360
p3,Non-ROH,500,0,0,h10,5414085648090891360
p1,A,498,2,0,h10,5421833462022767528
p1,B,162,326,12,h10,5421833462022767528
p1,C,48,63,389,h10,5421833462022767528
p1,Non-ROH,500,0,0,h10,5421833462022767528
p2,A,500,0,0,h10,5421833462022767528
p2,B,351,149,0,h10,5421833462022767528
p2,C,27,120,353,h10,5421833462022767528
p2,Non-ROH,500,0,0,h10,5421833462022767528
p3,A,500,0,0,h10,5421833462022767528
p3,B,421,79,0,h10,5421833462022767528
p3,C,31,112,357,h10,5421833462022767528
p3,Non-ROH,500,0,0,h10,5421833462022767528
p1,A,500,0,0,h10,5458485898700185052
p1,B,232,252,16,h10,5458485898700185052
p1,C,48,82,370,h10,5458485898700185052
p1,Non-ROH,500,0,0,h10,5458485898700185052
p2,A,500,0,0,h10,5458485898700185052
p2,B,402,98,0,h10,5458485898700185052
p2,C,40,117,343,h10,5458485898700185052
p2,Non-ROH,500,0,0,h10,5458485898700185052
p3,A,500,0,0,h10,5458485898700185052
p3,B,462,38,0,h10,5458485898700185052
p3,C,40,126,334,h10,5458485898700185052
p3,Non-ROH,500,0,0,h10,5458485898700185052
p1,A,499,1,0,h10,5463794420916038582
p1,B,218,267,15,h10,5463794420916038582
p1,C,51,85,364,h10,5463794420916038582
p1,Non-ROH,500,0,0,h10,5463794420916038582
p2,A,500,0,0,h10,5463794420916038582
p2,B,385,115,0,h10,5463794420916038582
p2,C,42,140,318,h10,5463794420916038582
p2,Non-ROH,500,0,0,h10,5463794420916038582
p3,A,500,0,0,h10,5463794420916038582
p3,B,439,61,0,h10,5463794420916038582
p3,C,28,149,323,h10,5463794420916038582
p3,Non-ROH,500,0,0,h10,5463794420916038582
p1,A,500,0,0,h10,5470871204689864801
p1,B,288,200,12,h10,5470871204689864801
p1,C,55,57,388,h10,5470871204689864801
p1,Non-ROH,500,0,0,h10,5470871204689864801
p2,A,500,0,0,h10,5470871204689864801
p2,B,468,32,0,h10,5470871204689864801
p2,C,57,83,360,h10,5470871204689864801
p2,Non-ROH,500,0,0,h10,5470871204689864801
p3,A,500,0,0,h10,5470871204689864801
p3,B,491,9,0,h10,5470871204689864801
p3,C,65,65,370,h10,5470871204689864801
p3,Non-ROH,500,0,0,h10,5470871204689864801
p1,A,499,1,0,h10,5506175811139030266
p1,B,224,262,14,h10,5506175811139030266
p1,C,43,71,386,h10,5506175811139030266
p1,Non-ROH,500,0,0,h10,5506175811139030266
p2,A,500,0,0,h10,5506175811139030266
p2,B,437,63,0,h10,5506175811139030266
p2,C,43,115,342,h10,5506175811139030266
p2,Non-ROH,500,0,0,h10,5506175811139030266
p3,A,500,0,0,h10,5506175811139030266
p3,B,462,38,0,h10,5506175811139030266
p3,C,34,110,356,h10,5506175811139030266
p3,Non-ROH,500,0,0,h10,5506175811139030266
p1,A,498,2,0,h10,5521960898859274935
p1,B,198,286,16,h10,5521960898859274935
p1,C,46,77,377,h10,5521960898859274935
p1,Non-ROH,500,0,0,h10,5521960898859274935
p2,A,500,0,0,h10,5521960898859274935
p2,B,366,134,0,h10,5521960898859274935
p2,C,25,97,378,h10,5521960898859274935
p2,Non-ROH,500,0,0,h10,5521960898859274935
p3,A,500,0,0,h10,5521960898859274935
p3,B,412,88,0,h10,5521960898859274935
p3,C,27,96,377,h10,5521960898859274935
p3,Non-ROH,500,0,0,h10,5521960898859274935
p1,A,500,0,0,h10,5537204068693706449
p1,B,217,270,13,h10,5537204068693706449
p1,C,54,88,358,h10,5537204068693706449
p1,Non-ROH,500,0,0,h10,5537204068693706449
p2,A,500,0,0,h10,5537204068693706449
p2,B,392,108,0,h10,5537204068693706449
p2,C,40,123,337,h10,5537204068693706449
p2,Non-ROH,500,0,0,h10,5537204068693706449
p3,A,500,0,0,h10,5537204068693706449
p3,B,447,52,1,h10,5537204068693706449
p3,C,44,88,368,h10,5537204068693706449
p3,Non-ROH,500,0,0,h10,5537204068693706449
p1,A,498,2,0,h10,5554294917168311578
p1,B,208,286,6,h10,5554294917168311578
p1,C,31,105,364,h10,5554294917168311578
p1,Non-ROH,500,0,0,h10,5554294917168311578
p2,A,500,0,0,h10,5554294917168311578
p2,B,376,124,0,h10,5554294917168311578
p2,C,23,108,369,h10,5554294917168311578
p2,Non-ROH,500,0,0,h10,5554294917168311578
p3,A,500,0,0,h10,5554294917168311578
p3,B,442,58,0,h10,5554294917168311578
p3,C,25,142,333,h10,5554294917168311578
p3,Non-ROH,500,0,0,h10,5554294917168311578
p1,A,500,0,0,h10,5562803913828242684
p1,B,219,267,14,h10,5562803913828242684
p1,C,40,75,385,h10,5562803913828242684
p1,Non-ROH,500,0,0,h10,5562803913828242684
p2,A,500,0,0,h10,5562803913828242684
p2,B,415,85,0,h10,5562803913828242684
p2,C,54,94,352,h10,5562803913828242684
p2,Non-ROH,500,0,0,h10,5562803913828242684
p3,A,500,0,0,h10,5562803913828242684
p3,B,446,54,0,h10,5562803913828242684
p3,C,43,93,364,h10,5562803913828242684
p3,Non-ROH,500,0,0,h10,5562803913828242684
p1,A,500,0,0,h10,5575146831837021422
p1,B,220,262,18,h10,5575146831837021422
p1,C,63,69,368,h10,5575146831837021422
p1,Non-ROH,500,0,0,h10,5575146831837021422
p2,A,500,0,0,h10,5575146831837021422
p2,B,402,98,0,h10,5575146831837021422
p2,C,39,113,348,h10,5575146831837021422
p2,Non-ROH,500,0,0,h10,5575146831837021422
p3,A,500,0,0,h10,5575146831837021422
p3,B,441,59,0,h10,5575146831837021422
p3,C,48,112,340,h10,5575146831837021422
p3,Non-ROH,500,0,0,h10,5575146831837021422
p1,A,499,1,0,h10,5600440511139099678
p1,B,234,247,19,h10,5600440511139099678
p1,C,45,90,365,h10,5600440511139099678
p1,Non-ROH,500,0,0,h10,5600440511139099678
p2,A,500,0,0,h10,5600440511139099678
p2,B,417,83,0,h10,5600440511139099678
p2,C,53,85,362,h10,5600440511139099678
p2,Non-ROH,500,0,0,h10,5600440511139099678
p3,A,500,0,0,h10,5600440511139099678
p3,B,437,63,0,h10,5600440511139099678
p3,C,40,91,369,h10,5600440511139099678
p3,Non-ROH,500,0,0,h10,5600440511139099678
p1,A,499,1,0,h10,5605318612676977748
p1,B,223,265,12,h10,5605318612676977748
p1,C,68,70,362,h10,5605318612676977748
p1,Non-ROH,500,0,0,h10,5605318612676977748
p2,A,500,0,0,h10,5605318612676977748
p2,B,382,118,0,h10,5605318612676977748
p2,C,33,106,361,h10,5605318612676977748
p2,Non-ROH,500,0,0,h10,5605318612676977748
p3,A,500,0,0,h10,5605318612676977748
p3,B,445,55,0,h10,5605318612676977748
p3,C,35,143,322,h10,5605318612676977748
p3,Non-ROH,500,0,0,h10,5605318612676977748
p1,A,500,0,0,h10,5626192711407275230
p1,B,185,295,20,h10,5626192711407275230
p1,C,35,65,400,h10,5626192711407275230
p1,Non-ROH,500,0,0,h10,5626192711407275230
p2,A,500,0,0,h10,5626192711407275230
p2,B,398,102,0,h10,5626192711407275230
p2,C,38,88,374,h10,5626192711407275230
p2,Non-ROH,500,0,0,h10,5626192711407275230
p3,A,500,0,0,h10,5626192711407275230
p3,B,454,46,0,h10,5626192711407275230
p3,C,38,83,379,h10,5626192711407275230
p3,Non-ROH,500,0,0,h10,5626192711407275230
p1,A,500,0,0,h10,5644757578152911222
p1,B,245,236,19,h10,5644757578152911222
p1,C,59,85,356,h10,5644757578152911222
p1,Non-ROH,500,0,0,h10,5644757578152911222
p2,A,500,0,0,h10,5644757578152911222
p2,B,426,74,0,h10,5644757578152911222
p2,C,35,89,376,h10,5644757578152911222
p2,Non-ROH,500,0,0,h10,5644757578152911222
p3,A,500,0,0,h10,5644757578152911222
p3,B,456,44,0,h10,5644757578152911222
p3,C,51,83,366,h10,5644757578152911222
p3,Non-ROH,500,0,0,h10,5644757578152911222
p1,A,498,2,0,h10,5656736143569408736
p1,B,193,296,11,h10,5656736143569408736
p1,C,53,75,372,h10,5656736143569408736
p1,Non-ROH,500,0,0,h10,5656736143569408736
p2,A,500,0,0,h10,5656736143569408736
p2,B,372,128,0,h10,5656736143569408736
p2,C,43,83,374,h10,5656736143569408736
p2,Non-ROH,500,0,0,h10,5656736143569408736
p3,A,500,0,0,h10,5656736143569408736
p3,B,445,55,0,h10,5656736143569408736
p3,C,40,100,360,h10,5656736143569408736
p3,Non-ROH,500,0,0,h10,5656736143569408736
p1,A,499,1,0,h10,5718400152233850204
p1,B,188,292,20,h10,5718400152233850204
p1,C,54,81,365,h10,5718400152233850204
p1,Non-ROH,500,0,0,h10,5718400152233850204
p2,A,500,0,0,h10,5718400152233850204
p2,B,402,98,0,h10,5718400152233850204
p2,C,34,75,391,h10,5718400152233850204
p2,Non-ROH,500,0,0,h10,5718400152233850204
p3,A,500,0,0,h10,5718400152233850204
p3,B,414,86,0,h10,5718400152233850204
p3,C,45,143,312,h10,5718400152233850204
p3,Non-ROH,500,0,0,h10,5718400152233850204
p1,A,497,3,0,h10,5723224187625833097
p1,B,170,307,23,h10,5723224187625833097
p1,C,41,83,376,h10,5723224187625833097
p1,Non-ROH,500,0,0,h10,5723224187625833097
p2,A,500,0,0,h10,5723224187625833097
p2,B,362,138,0,h10,5723224187625833097
p2,C,29,144,327,h10,5723224187625833097
p2,Non-ROH,500,0,0,h10,5723224187625833097
p3,A,500,0,0,h10,5723224187625833097
p3,B,415,85,0,h10,5723224187625833097
p3,C,18,100,382,h10,5723224187625833097
p3,Non-ROH,500,0,0,h10,5723224187625833097
p1,A,499,1,0,h10,5727766127715878701
p1,B,227,257,16,h10,5727766127715878701
p1,C,63,62,375,h10,5727766127715878701
p1,Non-ROH,500,0,0,h10,5727766127715878701
p2,A,500,0,0,h10,5727766127715878701
p2,B,401,99,0,h10,5727766127715878701
p2,C,19,83,398,h10,5727766127715878701
p2,Non-ROH,500,0,0,h10,5727766127715878701
p3,A,500,0,0,h10,5727766127715878701
p3,B,445,55,0,h10,5727766127715878701
p3,C,37,61,402,h10,5727766127715878701
p3,Non-ROH,500,0,0,h10,5727766127715878701
p1,A,499,1,0,h10,5733218310564656796
p1,B,240,251,9,h10,5733218310564656796
p1,C,68,76,356,h10,5733218310564656796
p1,Non-ROH,500,0,0,h10,5733218310564656796
p2,A,500,0,0,h10,5733218310564656796
p2,B,412,88,0,h10,5733218310564656796
p2,C,38,104,358,h10,5733218310564656796
p2,Non-ROH,500,0,0,h10,5733218310564656796
p3,A,500,0,0,h10,5733218310564656796
p3,B,427,73,0,h10,5733218310564656796
p3,C,47,93,360,h10,5733218310564656796
p3,Non-ROH,500,0,0,h10,5733218310564656796
p1,A,499,1,0,h10,5771069738746243712
p1,B,238,254,8,h10,5771069738746243712
p1,C,54,105,341,h10,5771069738746243712
p1,Non-ROH,500,0,0,h10,5771069738746243712
p2,A,500,0,0,h10,5771069738746243712
p2,B,441,59,0,h10,5771069738746243712
p2,C,27,73,400,h10,5771069738746243712
p2,Non-ROH,500,0,0,h10,5771069738746243712
p3,A,500,0,0,h10,5771069738746243712
p3,B,445,55,0,h10,5771069738746243712
p3,C,24,92,384,h10,5771069738746243712
p3,Non-ROH,500,0,0,h10,5771069738746243712
p1,A,499,1,0,h10,5816005353171047795
p1,B,221,260,19,h10,5816005353171047795
p1,C,40,67,393,h10,5816005353171047795
p1,Non-ROH,500,0,0,h10,5816005353171047795
p2,A,500,0,0,h10,5816005353171047795
p2,B,427,73,0,h10,5816005353171047795
p2,C,41,81,378,h10,5816005353171047795
p2,Non-ROH,500,0,0,h10,5816005353171047795
p3,A,500,0,0,h10,5816005353171047795
p3,B,448,52,0,h10,5816005353171047795
p3,C,32,94,374,h10,5816005353171047795
p3,Non-ROH,500,0,0,h10,5816005353171047795
p1,A,500,0,0,h10,5827221298626431803
p1,B,292,194,14,h10,5827221298626431803
p1,C,59,83,358,h10,5827221298626431803
p1,Non-ROH,500,0,0,h10,5827221298626431803
p2,A,500,0,0,h10,5827221298626431803
p2,B,423,77,0,h10,5827221298626431803
p2,C,29,104,367,h10,5827221298626431803
p2,Non-ROH,500,0,0,h10,5827221298626431803
p3,A,500,0,0,h10,5827221298626431803
p3,B,466,34,0,h10,5827221298626431803
p3,C,29,95,376,h10,5827221298626431803
p3,Non-ROH,500,0,0,h10,5827221298626431803
p1,A,500,0,0,h10,5838201929844935134
p1,B,204,283,13,h10,5838201929844935134
p1,C,44,87,369,h10,5838201929844935134
p1,Non-ROH,500,0,0,h10,5838201929844935134
p2,A,500,0,0,h10,5838201929844935134
p2,B,395,105,0,h10,5838201929844935134
p2,C,36,129,335,h10,5838201929844935134
p2,Non-ROH,500,0,0,h10,5838201929844935134
p3,A,500,0,0,h10,5838201929844935134
p3,B,436,64,0,h10,5838201929844935134
p3,C,38,150,312,h10,5838201929844935134
p3,Non-ROH,500,0,0,h10,5838201929844935134
p1,A,500,0,0,h10,5857574074887295776
p1,B,181,297,22,h10,5857574074887295776
p1,C,54,93,353,h10,5857574074887295776
p1,Non-ROH,500,0,0,h10,5857574074887295776
p2,A,500,0,0,h10,5857574074887295776
p2,B,382,118,0,h10,5857574074887295776
p2,C,35,102,363,h10,5857574074887295776
p2,Non-ROH,500,0,0,h10,5857574074887295776
p3,A,500,0,0,h10,5857574074887295776
p3,B,436,64,0,h10,5857574074887295776
p3,C,28,103,369,h10,5857574074887295776
p3,Non-ROH,500,0,0,h10,5857574074887295776
p1,A,500,0,0,h10,5885653611489435434
p1,B,199,289,12,h10,5885653611489435434
p1,C,57,77,366,h10,5885653611489435434
p1,Non-ROH,500,0,0,h10,5885653611489435434
p2,A,500,0,0,h10,5885653611489435434
p2,B,420,80,0,h10,5885653611489435434
p2,C,42,98,360,h10,5885653611489435434
p2,Non-ROH,500,0,0,h10,5885653611489435434
p3,A,500,0,0,h10,5885653611489435434
p3,B,456,44,0,h10,5885653611489435434
p3,C,23,110,367,h10,5885653611489435434
p3,Non-ROH,500,0,0,h10,5885653611489435434
p1,A,497,3,0,h10,5930756333165445548
p1,B,215,271,14,h10,5930756333165445548
p1,C,49,80,371,h10,5930756333165445548
p1,Non-ROH,500,0,0,h10,5930756333165445548
p2,A,500,0,0,h10,5930756333165445548
p2,B,368,132,0,h10,5930756333165445548
p2,C,49,86,365,h10,5930756333165445548
p2,Non-ROH,500,0,0,h10,5930756333165445548
p3,A,500,0,0,h10,5930756333165445548
p3,B,381,119,0,h10,5930756333165445548
p3,C,36,155,309,h10,5930756333165445548
p3,Non-ROH,500,0,0,h10,5930756333165445548
p1,A,500,0,0,h10,5951390942956363787
p1,B,226,257,17,h10,5951390942956363787
p1,C,43,73,384,h10,5951390942956363787
p1,Non-ROH,500,0,0,h10,5951390942956363787
p2,A,500,0,0,h10,5951390942956363787
p2,B,409,91,0,h10,5951390942956363787
p2,C,39,76,385,h10,5951390942956363787
p2,Non-ROH,500,0,0,h10,5951390942956363787
p3,A,500,0,0,h10,5951390942956363787
p3,B,443,57,0,h10,5951390942956363787
p3,C,32,114,354,h10,5951390942956363787
p3,Non-ROH,500,0,0,h10,5951390942956363787
p1,A,499,1,0,h10,5954603343834938336
p1,B,231,257,12,h10,5954603343834938336
p1,C,69,72,359,h10,5954603343834938336
p1,Non-ROH,500,0,0,h10,5954603343834938336
p2,A,500,0,0,h10,5954603343834938336
p2,B,414,86,0,h10,5954603343834938336
p2,C,27,114,359,h10,5954603343834938336
p2,Non-ROH,500,0,0,h10,5954603343834938336
p3,A,500,0,0,h10,5954603343834938336
p3,B,454,46,0,h10,5954603343834938336
p3,C,46,138,316,h10,5954603343834938336
p3,Non-ROH,500,0,0,h10,5954603343834938336
p1,A,499,1,0,h10,5968416971980520543
p1,B,225,261,14,h10,5968416971980520543
p1,C,39,72,389,h10,5968416971980520543
p1,Non-ROH,500,0,0,h10,5968416971980520543
p2,A,500,0,0,h10,5968416971980520543
p2,B,403,97,0,h10,5968416971980520543
p2,C,25,65,410,h10,5968416971980520543
p2,Non-ROH,500,0,0,h10,5968416971980520543
p3,A,500,0,0,h10,5968416971980520543
p3,B,449,51,0,h10,5968416971980520543
p3,C,26,103,371,h10,5968416971980520543
p3,Non-ROH,500,0,0,h10,5968416971980520543
p1,A,499,1,0,h10,5991427652628417586
p1,B,218,265,17,h10,5991427652628417586
p1,C,56,74,370,h10,5991427652628417586
p1,Non-ROH,500,0,0,h10,5991427652628417586
p2,A,500,0,0,h10,5991427652628417586
p2,B,438,62,0,h10,5991427652628417586
p2,C,40,138,322,h10,5991427652628417586
p2,Non-ROH,500,0,0,h10,5991427652628417586
p3,A,500,0,0,h10,5991427652628417586
p3,B,447,53,0,h10,5991427652628417586
p3,C,17,109,374,h10,5991427652628417586
p3,Non-ROH,500,0,0,h10,5991427652628417586
p1,A,500,0,0,h10,600976585557656977
p1,B,217,265,18,h10,600976585557656977
p1,C,60,81,359,h10,600976585557656977
p1,Non-ROH,500,0,0,h10,600976585557656977
p2,A,500,0,0,h10,600976585557656977
p2,B,385,115,0,h10,600976585557656977
p2,C,41,86,373,h10,600976585557656977
p2,Non-ROH,500,0,0,h10,600976585557656977
p3,A,500,0,0,h10,600976585557656977
p3,B,441,59,0,h10,600976585557656977
p3,C,43,153,304,h10,600976585557656977
p3,Non-ROH,500,0,0,h10,600976585557656977
p1,A,500,0,0,h10,6033744414164909258
p1,B,220,270,10,h10,6033744414164909258
p1,C,54,74,372,h10,6033744414164909258
p1,Non-ROH,500,0,0,h10,6033744414164909258
p2,A,500,0,0,h10,6033744414164909258
p2,B,381,119,0,h10,6033744414164909258
p2,C,36,102,362,h10,6033744414164909258
p2,Non-ROH,500,0,0,h10,6033744414164909258
p3,A,500,0,0,h10,6033744414164909258
p3,B,422,78,0,h10,6033744414164909258
p3,C,54,93,353,h10,6033744414164909258
p3,Non-ROH,500,0,0,h10,6033744414164909258
p1,A,498,2,0,h10,6067249672066659593
p1,B,221,267,12,h10,6067249672066659593
p1,C,54,61,385,h10,6067249672066659593
p1,Non-ROH,500,0,0,h10,6067249672066659593
p2,A,500,0,0,h10,6067249672066659593
p2,B,410,90,0,h10,6067249672066659593
p2,C,37,94,369,h10,6067249672066659593
p2,Non-ROH,500,0,0,h10,6067249672066659593
p3,A,500,0,0,h10,6067249672066659593
p3,B,443,57,0,h10,6067249672066659593
p3,C,27,99,374,h10,6067249672066659593
p3,Non-ROH,500,0,0,h10,6067249672066659593
p1,A,500,0,0,h10,6086232460473241812
p1,B,240,242,18,h10,6086232460473241812
p1,C,53,57,390,h10,6086232460473241812
p1,Non-ROH,500,0,0,h10,6086232460473241812
p2,A,500,0,0,h10,6086232460473241812
p2,B,437,63,0,h10,6086232460473241812
p2,C,41,89,370,h10,6086232460473241812
p2,Non-ROH,500,0,0,h10,6086232460473241812
p3,A,500,0,0,h10,6086232460473241812
p3,B,465,35,0,h10,6086232460473241812
p3,C,45,153,302,h10,6086232460473241812
p3,Non-ROH,500,0,0,h10,6086232460473241812
p1,A,499,1,0,h10,6101300901121653867
p1,B,238,244,18,h10,6101300901121653867
p1,C,43,78,379,h10,6101300901121653867
p1,Non-ROH,500,0,0,h10,6101300901121653867
p2,A,500,0,0,h10,6101300901121653867
p2,B,386,114,0,h10,6101300901121653867
p2,C,47,98,355,h10,6101300901121653867
p2,Non-ROH,500,0,0,h10,6101300901121653867
p3,A,500,0,0,h10,6101300901121653867
p3,B,449,51,0,h10,6101300901121653867
p3,C,32,130,338,h10,6101300901121653867
p3,Non-ROH,500,0,0,h10,6101300901121653867
p1,A,500,0,0,h10,6101696202919688963
p1,B,227,254,19,h10,6101696202919688963
p1,C,46,85,369,h10,6101696202919688963
p1,Non-ROH,500,0,0,h10,6101696202919688963
p2,A,500,0,0,h10,6101696202919688963
p2,B,422,78,0,h10,6101696202919688963
p2,C,46,105,349,h10,6101696202919688963
p2,Non-ROH,500,0,0,h10,6101696202919688963
p3,A,500,0,0,h10,6101696202919688963
p3,B,457,43,0,h10,6101696202919688963
p3,C,42,121,337,h10,6101696202919688963
p3,Non-ROH,500,0,0,h10,6101696202919688963
p1,A,499,1,0,h10,610212378968289478
p1,B,166,322,12,h10,610212378968289478
p1,C,53,96,351,h10,610212378968289478
p1,Non-ROH,500,0,0,h10,610212378968289478
p2,A,500,0,0,h10,610212378968289478
p2,B,348,152,0,h10,610212378968289478
p2,C,40,74,386,h10,610212378968289478
p2,Non-ROH,500,0,0,h10,610212378968289478
p3,A,500,0,0,h10,610212378968289478
p3,B,428,72,0,h10,610212378968289478
p3,C,44,147,309,h10,610212378968289478
p3,Non-ROH,500,0,0,h10,610212378968289478
p1,A,500,0,0,h10,6108219098766146739
p1,B,187,305,8,h10,6108219098766146739
p1,C,41,99,360,h10,6108219098766146739
p1,Non-ROH,500,0,0,h10,6108219098766146739
p2,A,500,0,0,h10,6108219098766146739
p2,B,388,112,0,h10,6108219098766146739
p2,C,32,105,363,h10,6108219098766146739
p2,Non-ROH,500,0,0,h10,6108219098766146739
p3,A,500,0,0,h10,6108219098766146739
p3,B,425,75,0,h10,6108219098766146739
p3,C,34,100,366,h10,6108219098766146739
p3,Non-ROH,500,0,0,h10,6108219098766146739
p1,A,500,0,0,h10,6110961482001302286
p1,B,210,275,15,h10,6110961482001302286
p1,C,59,55,386,h10,6110961482001302286
p1,Non-ROH,500,0,0,h10,6110961482001302286
p2,A,500,0,0,h10,6110961482001302286
p2,B,397,103,0,h10,6110961482001302286
p2,C,45,77,378,h10,6110961482001302286
p2,Non-ROH,500,0,0,h10,6110961482001302286
p3,A,500,0,0,h10,6110961482001302286
p3,B,434,66,0,h10,6110961482001302286
p3,C,41,110,349,h10,6110961482001302286
p3,Non-ROH,500,0,0,h10,6110961482001302286
p1,A,498,2,0,h10,6124166059669064808
p1,B,215,268,17,h10,6124166059669064808
p1,C,48,83,369,h10,6124166059669064808
p1,Non-ROH,500,0,0,h10,6124166059669064808
p2,A,500,0,0,h10,6124166059669064808
p2,B,386,114,0,h10,6124166059669064808
p2,C,34,77,389,h10,6124166059669064808
p2,Non-ROH,500,0,0,h10,6124166059669064808
p3,A,500,0,0,h10,6124166059669064808
p3,B,444,56,0,h10,6124166059669064808
p3,C,30,122,348,h10,6124166059669064808
p3,Non-ROH,500,0,0,h10,6124166059669064808
p1,A,498,2,0,h10,6149830984495804229
p1,B,227,262,11,h10,6149830984495804229
p1,C,103,46,351,h10,6149830984495804229
p1,Non-ROH,500,0,0,h10,6149830984495804229
p2,A,500,0,0,h10,6149830984495804229
p2,B,381,119,0,h10,6149830984495804229
p2,C,78,53,369,h10,6149830984495804229
p2,Non-ROH,500,0,0,h10,6149830984495804229
p3,A,500,0,0,h10,6149830984495804229
p3,B,436,64,0,h10,6149830984495804229
p3,C,133,37,330,h10,6149830984495804229
p3,Non-ROH,500,0,0,h10,6149830984495804229
p1,A,499,1,0,h10,6152729287407863543
p1,B,219,266,15,h10,6152729287407863543
p1,C,44,82,374,h10,6152729287407863543
p1,Non-ROH,500,0,0,h10,6152729287407863543
p2,A,500,0,0,h10,6152729287407863543
p2,B,395,105,0,h10,6152729287407863543
p2,C,38,86,376,h10,6152729287407863543
p2,Non-ROH,500,0,0,h10,6152729287407863543
p3,A,500,0,0,h10,6152729287407863543
p3,B,447,53,0,h10,6152729287407863543
p3,C,37,129,334,h10,6152729287407863543
p3,Non-ROH,500,0,0,h10,6152729287407863543
p1,A,500,0,0,h10,6156965083092227138
p1,B,222,261,17,h10,6156965083092227138
p1,C,58,83,359,h10,6156965083092227138
p1,Non-ROH,500,0,0,h10,6156965083092227138
p2,A,500,0,0,h10,6156965083092227138
p2,B,383,117,0,h10,6156965083092227138
p2,C,41,127,332,h10,6156965083092227138
p2,Non-ROH,500,0,0,h10,6156965083092227138
p3,A,500,0,0,h10,6156965083092227138
p3,B,444,56,0,h10,6156965083092227138
p3,C,31,76,393,h10,6156965083092227138
p3,Non-ROH,500,0,0,h10,6156965083092227138
p1,A,500,0,0,h10,6171075150083580820
p1,B,220,263,17,h10,6171075150083580820
p1,C,52,71,377,h10,6171075150083580820
p1,Non-ROH,500,0,0,h10,6171075150083580820
p2,A,499,1,0,h10,6171075150083580820
p2,B,414,86,0,h10,6171075150083580820
p2,C,35,77,388,h10,6171075150083580820
p2,Non-ROH,500,0,0,h10,6171075150083580820
p3,A,500,0,0,h10,6171075150083580820
p3,B,449,51,0,h10,6171075150083580820
p3,C,36,147,317,h10,6171075150083580820
p3,Non-ROH,500,0,0,h10,6171075150083580820
p1,A,499,1,0,h10,6188044840387267334
p1,B,173,310,17,h10,6188044840387267334
p1,C,55,82,363,h10,6188044840387267334
p1,Non-ROH,500,0,0,h10,6188044840387267334
p2,A,500,0,0,h10,6188044840387267334
p2,B,364,136,0,h10,6188044840387267334
p2,C,43,83,374,h10,6188044840387267334
p2,Non-ROH,500,0,0,h10,6188044840387267334
p3,A,500,0,0,h10,6188044840387267334
p3,B,406,94,0,h10,6188044840387267334
p3,C,34,69,397,h10,6188044840387267334
p3,Non-ROH,500,0,0,h10,6188044840387267334
p1,A,499,1,0,h10,619624841030582555
p1,B,222,260,18,h10,619624841030582555
p1,C,53,77,370,h10,619624841030582555
p1,Non-ROH,500,0,0,h10,619624841030582555
p2,A,500,0,0,h10,619624841030582555
p2,B,384,116,0,h10,619624841030582555
p2,C,38,81,381,h10,619624841030582555
p2,Non-ROH,500,0,0,h10,619624841030582555
p3,A,500,0,0,h10,619624841030582555
p3,B,448,52,0,h10,619624841030582555
p3,C,50,166,284,h10,619624841030582555
p3,Non-ROH,500,0,0,h10,619624841030582555
p1,A,499,1,0,h10,6197777730050959470
p1,B,239,243,18,h10,6197777730050959470
p1,C,62,66,372,h10,6197777730050959470
p1,Non-ROH,500,0,0,h10,6197777730050959470
p2,A,500,0,0,h10,6197777730050959470
p2,B,407,93,0,h10,6197777730050959470
p2,C,41,128,331,h10,6197777730050959470
p2,Non-ROH,500,0,0,h10,6197777730050959470
p3,A,500,0,0,h10,6197777730050959470
p3,B,436,64,0,h10,6197777730050959470
p3,C,46,108,346,h10,6197777730050959470
p3,Non-ROH,500,0,0,h10,6197777730050959470
p1,A,499,1,0,h10,6206865270555710685
p1,B,221,268,11,h10,6206865270555710685
p1,C,46,72,382,h10,6206865270555710685
p1,Non-ROH,500,0,0,h10,6206865270555710685
p2,A,500,0,0,h10,6206865270555710685
p2,B,407,93,0,h10,6206865270555710685
p2,C,38,101,361,h10,6206865270555710685
p2,Non-ROH,500,0,0,h10,6206865270555710685
p3,A,500,0,0,h10,6206865270555710685
p3,B,448,52,0,h10,6206865270555710685
p3,C,50,100,350,h10,6206865270555710685
p3,Non-ROH,500,0,0,h10,6206865270555710685
p1,A,500,0,0,h10,6213478880350127749
p1,B,221,264,15,h10,6213478880350127749
p1,C,48,79,373,h10,6213478880350127749
p1,Non-ROH,500,0,0,h10,6213478880350127749
p2,A,500,0,0,h10,6213478880350127749
p2,B,403,97,0,h10,6213478880350127749
p2,C,29,107,364,h10,6213478880350127749
p2,Non-ROH,500,0,0,h10,6213478880350127749
p3,A,500,0,0,h10,6213478880350127749
p3,B,442,58,0,h10,6213478880350127749
p3,C,36,97,367,h10,6213478880350127749
p3,Non-ROH,500,0,0,h10,6213478880350127749
p1,A,500,0,0,h10,6225800373350866827
p1,B,218,265,17,h10,6225800373350866827
p1,C,52,76,372,h10,6225800373350866827
p1,Non-ROH,500,0,0,h10,6225800373350866827
p2,A,500,0,0,h10,6225800373350866827
p2,B,411,89,0,h10,6225800373350866827
p2,C,47,134,319,h10,6225800373350866827
p2,Non-ROH,500,0,0,h10,6225800373350866827
p3,A,500,0,0,h10,6225800373350866827
p3,B,469,31,0,h10,6225800373350866827
p3,C,45,79,376,h10,6225800373350866827
p3,Non-ROH,500,0,0,h10,6225800373350866827
p1,A,500,0,0,h10,6233101665352243292
p1,B,245,236,19,h10,6233101665352243292
p1,C,49,74,377,h10,6233101665352243292
p1,Non-ROH,500,0,0,h10,6233101665352243292
p2,A,500,0,0,h10,6233101665352243292
p2,B,409,91,0,h10,6233101665352243292
p2,C,35,113,352,h10,6233101665352243292
p2,Non-ROH,500,0,0,h10,6233101665352243292
p3,A,500,0,0,h10,6233101665352243292
p3,B,444,56,0,h10,6233101665352243292
p3,C,31,100,369,h10,6233101665352243292
p3,Non-ROH,500,0,0,h10,6233101665352243292
p1,A,500,0,0,h10,62388325581565674
p1,B,202,288,10,h10,62388325581565674
p1,C,69,62,369,h10,62388325581565674
p1,Non-ROH,500,0,0,h10,62388325581565674
p2,A,500,0,0,h10,62388325581565674
p2,B,384,116,0,h10,62388325581565674
p2,C,54,53,393,h10,62388325581565674
p2,Non-ROH,500,0,0,h10,62388325581565674
p3,A,500,0,0,h10,62388325581565674
p3,B,453,47,0,h10,62388325581565674
p3,C,95,90,315,h10,62388325581565674
p3,Non-ROH,500,0,0,h10,62388325581565674
p1,A,500,0,0,h10,6263884963239804569
p1,B,201,286,13,h10,6263884963239804569
p1,C,52,70,378,h10,6263884963239804569
p1,Non-ROH,500,0,0,h10,6263884963239804569
p2,A,500,0,0,h10,6263884963239804569
p2,B,381,119,0,h10,6263884963239804569
p2,C,44,132,324,h10,6263884963239804569
p2,Non-ROH,500,0,0,h10,6263884963239804569
p3,A,500,0,0,h10,6263884963239804569
p3,B,442,58,0,h10,6263884963239804569
p3,C,34,151,315,h10,6263884963239804569
p3,Non-ROH,500,0,0,h10,6263884963239804569
p1,A,500,0,0,h10,6266781973737884493
p1,B,183,310,7,h10,6266781973737884493
p1,C,39,94,367,h10,6266781973737884493
p1,Non-ROH,500,0,0,h10,6266781973737884493
p2,A,500,0,0,h10,6266781973737884493
p2,B,375,125,0,h10,6266781973737884493
p2,C,26,134,340,h10,6266781973737884493
p2,Non-ROH,500,0,0,h10,6266781973737884493
p3,A,500,0,0,h10,6266781973737884493
p3,B,416,84,0,h10,6266781973737884493
p3,C,21,152,327,h10,6266781973737884493
p3,Non-ROH,500,0,0,h10,6266781973737884493
p1,A,500,0,0,h10,6270482577841999821
p1,B,202,274,24,h10,6270482577841999821
p1,C,58,82,360,h10,6270482577841999821
p1,Non-ROH,500,0,0,h10,6270482577841999821
p2,A,500,0,0,h10,6270482577841999821
p2,B,418,82,0,h10,6270482577841999821
p2,C,51,63,386,h10,6270482577841999821
p2,Non-ROH,500,0,0,h10,6270482577841999821
p3,A,500,0,0,h10,6270482577841999821
p3,B,460,40,0,h10,6270482577841999821
p3,C,31,98,371,h10,6270482577841999821
p3,Non-ROH,500,0,0,h10,6270482577841999821
p1,A,499,1,0,h10,6286278017952310707
p1,B,189,300,11,h10,6286278017952310707
p1,C,46,105,349,h10,6286278017952310707
p1,Non-ROH,500,0,0,h10,6286278017952310707
p2,A,500,0,0,h10,6286278017952310707
p2,B,344,156,0,h10,6286278017952310707
p2,C,41,93,366,h10,6286278017952310707
p2,Non-ROH,500,0,0,h10,6286278017952310707
p3,A,500,0,0,h10,6286278017952310707
p3,B,410,90,0,h10,6286278017952310707
p3,C,30,105,365,h10,6286278017952310707
p3,Non-ROH,500,0,0,h10,6286278017952310707
p1,A,500,0,0,h10,6302525653538235986
p1,B,227,254,19,h10,6302525653538235986
p1,C,51,79,370,h10,6302525653538235986
p1,Non-ROH,500,0,0,h10,6302525653538235986
p2,A,500,0,0,h10,6302525653538235986
p2,B,440,60,0,h10,6302525653538235986
p2,C,51,112,337,h10,6302525653538235986
p2,Non-ROH,500,0,0,h10,6302525653538235986
p3,A,500,0,0,h10,6302525653538235986
p3,B,455,45,0,h10,6302525653538235986
p3,C,48,153,299,h10,6302525653538235986
p3,Non-ROH,500,0,0,h10,6302525653538235986
p1,A,500,0,0,h10,6304312116432078501
p1,B,197,290,13,h10,6304312116432078501
p1,C,54,88,358,h10,6304312116432078501
p1,Non-ROH,500,0,0,h10,6304312116432078501
p2,A,500,0,0,h10,6304312116432078501
p2,B,407,93,0,h10,6304312116432078501
p2,C,37,68,395,h10,6304312116432078501
p2,Non-ROH,500,0,0,h10,6304312116432078501
p3,A,500,0,0,h10,6304312116432078501
p3,B,448,52,0,h10,6304312116432078501
p3,C,32,102,366,h10,6304312116432078501
p3,Non-ROH,500,0,0,h10,6304312116432078501
p1,A,499,1,0,h10,6319546427358746835
p1,B,220,261,19,h10,6319546427358746835
p1,C,44,69,387,h10,6319546427358746835
p1,Non-ROH,500,0,0,h10,6319546427358746835
p2,A,500,0,0,h10,6319546427358746835
p2,B,369,131,0,h10,6319546427358746835
p2,C,44,95,361,h10,6319546427358746835
p2,Non-ROH,500,0,0,h10,6319546427358746835
p3,A,500,0,0,h10,6319546427358746835
p3,B,439,61,0,h10,6319546427358746835
p3,C,29,109,362,h10,6319546427358746835
p3,Non-ROH,500,0,0,h10,6319546427358746835
p1,A,500,0,0,h10,6345780253915298361
p1,B,209,272,19,h10,6345780253915298361
p1,C,39,94,367,h10,6345780253915298361
p1,Non-ROH,500,0,0,h10,6345780253915298361
p2,A,500,0,0,h10,6345780253915298361
p2,B,394,106,0,h10,6345780253915298361
p2,C,37,66,397,h10,6345780253915298361
p2,Non-ROH,500,0,0,h10,6345780253915298361
p3,A,500,0,0,h10,6345780253915298361
p3,B,438,62,0,h10,6345780253915298361
p3,C,25,127,348,h10,6345780253915298361
p3,Non-ROH,500,0,0,h10,6345780253915298361
p1,A,500,0,0,h10,6350526839753235210
p1,B,225,263,12,h10,6350526839753235210
p1,C,43,75,382,h10,6350526839753235210
p1,Non-ROH,500,0,0,h10,6350526839753235210
p2,A,500,0,0,h10,6350526839753235210
p2,B,396,104,0,h10,6350526839753235210
p2,C,45,70,385,h10,6350526839753235210
p2,Non-ROH,500,0,0,h10,6350526839753235210
p3,A,500,0,0,h10,6350526839753235210
p3,B,448,52,0,h10,6350526839753235210
p3,C,29,111,360,h10,6350526839753235210
p3,Non-ROH,500,0,0,h10,6350526839753235210
p1,A,500,0,0,h10,6363737224850558885
p1,B,247,238,15,h10,6363737224850558885
p1,C,49,72,379,h10,6363737224850558885
p1,Non-ROH,500,0,0,h10,6363737224850558885
p2,A,500,0,0,h10,6363737224850558885
p2,B,443,57,0,h10,6363737224850558885
p2,C,37,71,392,h10,6363737224850558885
p2,Non-ROH,500,0,0,h10,6363737224850558885
p3,A,500,0,0,h10,6363737224850558885
p3,B,440,60,0,h10,6363737224850558885
p3,C,44,123,333,h10,6363737224850558885
p3,Non-ROH,500,0,0,h10,6363737224850558885
p1,A,500,0,0,h10,6380853950195279381
p1,B,208,283,9,h10,6380853950195279381
p1,C,75,52,373,h10,6380853950195279381
p1,Non-ROH,500,0,0,h10,6380853950195279381
p2,A,500,0,0,h10,6380853950195279381
p2,B,392,108,0,h10,6380853950195279381
p2,C,128,54,318,h10,6380853950195279381
p2,Non-ROH,500,0,0,h10,6380853950195279381
p3,A,500,0,0,h10,6380853950195279381
p3,B,426,74,0,h10,6380853950195279381
p3,C,109,58,333,h10,6380853950195279381
p3,Non-ROH,500,0,0,h10,6380853950195279381
p1,A,500,0,0,h10,6400265666741422804
p1,B,234,249,17,h10,6400265666741422804
p1,C,49,78,373,h10,6400265666741422804
p1,Non-ROH,500,0,0,h10,6400265666741422804
p2,A,500,0,0,h10,6400265666741422804
p2,B,444,56,0,h10,6400265666741422804
p2,C,33,77,390,h10,6400265666741422804
p2,Non-ROH,500,0,0,h10,6400265666741422804
p3,A,500,0,0,h10,6400265666741422804
p3,B,468,32,0,h10,6400265666741422804
p3,C,46,94,360,h10,6400265666741422804
p3,Non-ROH,500,0,0,h10,6400265666741422804
p1,A,499,1,0,h10,6405309118927914857
p1,B,244,241,15,h10,6405309118927914857
p1,C,59,64,377,h10,6405309118927914857
p1,Non-ROH,500,0,0,h10,6405309118927914857
p2,A,500,0,0,h10,6405309118927914857
p2,B,438,62,0,h10,6405309118927914857
p2,C,54,66,380,h10,6405309118927914857
p2,Non-ROH,500,0,0,h10,6405309118927914857
p3,A,500,0,0,h10,6405309118927914857
p3,B,477,23,0,h10,6405309118927914857
p3,C,48,174,278,h10,6405309118927914857
p3,Non-ROH,500,0,0,h10,6405309118927914857
p1,A,500,0,0,h10,640864942368226396
p1,B,214,273,13,h10,640864942368226396
p1,C,40,78,382,h10,640864942368226396
p1,Non-ROH,500,0,0,h10,640864942368226396
p2,A,500,0,0,h10,640864942368226396
p2,B,380,120,0,h10,640864942368226396
p2,C,38,81,381,h10,640864942368226396
p2,Non-ROH,500,0,0,h10,640864942368226396
p3,A,500,0,0,h10,640864942368226396
p3,B,444,56,0,h10,640864942368226396
p3,C,29,120,351,h10,640864942368226396
p3,Non-ROH,500,0,0,h10,640864942368226396
p1,A,499,1,0,h10,6413302536028230327
p1,B,218,268,14,h10,6413302536028230327
p1,C,53,67,380,h10,6413302536028230327
p1,Non-ROH,500,0,0,h10,6413302536028230327
p2,A,500,0,0,h10,6413302536028230327
p2,B,398,101,1,h10,6413302536028230327
p2,C,37,97,366,h10,6413302536028230327
p2,Non-ROH,500,0,0,h10,6413302536028230327
p3,A,500,0,0,h10,6413302536028230327
p3,B,440,60,0,h10,6413302536028230327
p3,C,37,142,321,h10,6413302536028230327
p3,Non-ROH,500,0,0,h10,6413302536028230327
p1,A,496,4,0,h10,6468964418824540290
p1,B,195,289,16,h10,6468964418824540290
p1,C,53,89,358,h10,6468964418824540290
p1,Non-ROH,500,0,0,h10,6468964418824540290
p2,A,499,1,0,h10,6468964418824540290
p2,B,374,126,0,h10,6468964418824540290
p2,C,32,124,344,h10,6468964418824540290
p2,Non-ROH,500,0,0,h10,6468964418824540290
p3,A,500,0,0,h10,6468964418824540290
p3,B,421,79,0,h10,6468964418824540290
p3,C,35,129,336,h10,6468964418824540290
p3,Non-ROH,500,0,0,h10,6468964418824540290
p1,A,498,2,0,h10,6471366822032080756
p1,B,170,318,12,h10,6471366822032080756
p1,C,39,72,389,h10,6471366822032080756
p1,Non-ROH,500,0,0,h10,6471366822032080756
p2,A,500,0,0,h10,6471366822032080756
p2,B,376,124,0,h10,6471366822032080756
p2,C,29,73,398,h10,6471366822032080756
p2,Non-ROH,500,0,0,h10,6471366822032080756
p3,A,500,0,0,h10,6471366822032080756
p3,B,410,90,0,h10,6471366822032080756
p3,C,33,108,359,h10,6471366822032080756
p3,Non-ROH,500,0,0,h10,6471366822032080756
p1,A,499,1,0,h10,6521868254132059654
p1,B,178,307,15,h10,6521868254132059654
p1,C,61,64,375,h10,6521868254132059654
p1,Non-ROH,500,0,0,h10,6521868254132059654
p2,A,500,0,0,h10,6521868254132059654
p2,B,384,116,0,h10,6521868254132059654
p2,C,57,111,332,h10,6521868254132059654
p2,Non-ROH,500,0,0,h10,6521868254132059654
p3,A,500,0,0,h10,6521868254132059654
p3,B,442,58,0,h10,6521868254132059654
p3,C,34,101,365,h10,6521868254132059654
p3,Non-ROH,500,0,0,h10,6521868254132059654
p1,A,496,4,0,h10,6542073822433313950
p1,B,219,269,12,h10,6542073822433313950
p1,C,50,92,358,h10,6542073822433313950
p1,Non-ROH,500,0,0,h10,6542073822433313950
p2,A,500,0,0,h10,6542073822433313950
p2,B,404,96,0,h10,6542073822433313950
p2,C,31,118,351,h10,6542073822433313950
p2,Non-ROH,500,0,0,h10,6542073822433313950
p3,A,500,0,0,h10,6542073822433313950
p3,B,433,67,0,h10,6542073822433313950
p3,C,37,122,341,h10,6542073822433313950
p3,Non-ROH,500,0,0,h10,6542073822433313950
p1,A,499,1,0,h10,6564996635567695069
p1,B,232,259,9,h10,6564996635567695069
p1,C,42,90,368,h10,6564996635567695069
p1,Non-ROH,500,0,0,h10,6564996635567695069
p2,A,500,0,0,h10,6564996635567695069
p2,B,415,85,0,h10,6564996635567695069
p2,C,33,116,351,h10,6564996635567695069
p2,Non-ROH,500,0,0,h10,6564996635567695069
p3,A,500,0,0,h10,6564996635567695069
p3,B,456,44,0,h10,6564996635567695069
p3,C,33,103,364,h10,6564996635567695069
p3,Non-ROH,500,0,0,h10,6564996635567695069
p1,A,500,0,0,h10,6580389883628661033
p1,B,213,269,18,h10,6580389883628661033
p1,C,52,78,370,h10,6580389883628661033
p1,Non-ROH,500,0,0,h10,6580389883628661033
p2,A,500,0,0,h10,6580389883628661033
p2,B,382,118,0,h10,6580389883628661033
p2,C,30,113,357,h10,6580389883628661033
p2,Non-ROH,500,0,0,h10,6580389883628661033
p3,A,500,0,0,h10,6580389883628661033
p3,B,399,101,0,h10,6580389883628661033
p3,C,27,118,355,h10,6580389883628661033
p3,Non-ROH,500,0,0,h10,6580389883628661033
p1,A,497,3,0,h10,6595661886594101471
p1,B,164,325,11,h10,6595661886594101471
p1,C,49,86,365,h10,6595661886594101471
p1,Non-ROH,500,0,0,h10,6595661886594101471
p2,A,500,0,0,h10,6595661886594101471
p2,B,370,130,0,h10,6595661886594101471
p2,C,32,87,381,h10,6595661886594101471
p2,Non-ROH,500,0,0,h10,6595661886594101471
p3,A,500,0,0,h10,6595661886594101471
p3,B,404,96,0,h10,6595661886594101471
p3,C,33,151,316,h10,6595661886594101471
p3,Non-ROH,500,0,0,h10,6595661886594101471
p1,A,500,0,0,h10,6608809089552297484
p1,B,204,287,9,h10,6608809089552297484
p1,C,47,75,378,h10,6608809089552297484
p1,Non-ROH,500,0,0,h10,6608809089552297484
p2,A,500,0,0,h10,6608809089552297484
p2,B,367,133,0,h10,6608809089552297484
p2,C,25,102,373,h10,6608809089552297484
p2,Non-ROH,500,0,0,h10,6608809089552297484
p3,A,500,0,0,h10,6608809089552297484
p3,B,410,90,0,h10,6608809089552297484
p3,C,24,142,334,h10,6608809089552297484
p3,Non-ROH,500,0,0,h10,6608809089552297484
p1,A,499,1,0,h10,6641884518601195670
p1,B,226,261,13,h10,6641884518601195670
p1,C,59,81,360,h10,6641884518601195670
p1,Non-ROH,500,0,0,h10,6641884518601195670
p2,A,500,0,0,h10,6641884518601195670
p2,B,407,93,0,h10,6641884518601195670
p2,C,45,85,370,h10,6641884518601195670
p2,Non-ROH,500,0,0,h10,6641884518601195670
p3,A,500,0,0,h10,6641884518601195670
p3,B,429,70,1,h10,6641884518601195670
p3,C,52,118,330,h10,6641884518601195670
p3,Non-ROH,500,0,0,h10,6641884518601195670
p1,A,499,1,0,h10,6653552891111426127
p1,B,201,283,16,h10,6653552891111426127
p1,C,50,79,371,h10,6653552891111426127
p1,Non-ROH,500,0,0,h10,6653552891111426127
p2,A,500,0,0,h10,6653552891111426127
p2,B,375,125,0,h10,6653552891111426127
p2,C,43,117,340,h10,6653552891111426127
p2,Non-ROH,500,0,0,h10,6653552891111426127
p3,A,500,0,0,h10,6653552891111426127
p3,B,433,67,0,h10,6653552891111426127
p3,C,37,121,342,h10,6653552891111426127
p3,Non-ROH,500,0,0,h10,6653552891111426127
p1,A,500,0,0,h10,6653571569432246723
p1,B,243,249,8,h10,6653571569432246723
p1,C,44,78,378,h10,6653571569432246723
p1,Non-ROH,500,0,0,h10,6653571569432246723
p2,A,500,0,0,h10,6653571569432246723
p2,B,432,68,0,h10,6653571569432246723
p2,C,42,155,303,h10,6653571569432246723
p2,Non-ROH,500,0,0,h10,6653571569432246723
p3,A,500,0,0,h10,6653571569432246723
p3,B,462,38,0,h10,6653571569432246723
p3,C,56,148,296,h10,6653571569432246723
p3,Non-ROH,500,0,0,h10,6653571569432246723
p1,A,499,1,0,h10,6675585181627138478
p1,B,189,290,21,h10,6675585181627138478
p1,C,51,67,382,h10,6675585181627138478
p1,Non-ROH,500,0,0,h10,6675585181627138478
p2,A,500,0,0,h10,6675585181627138478
p2,B,399,101,0,h10,6675585181627138478
p2,C,47,79,374,h10,6675585181627138478
p2,Non-ROH,500,0,0,h10,6675585181627138478
p3,A,500,0,0,h10,6675585181627138478
p3,B,427,73,0,h10,6675585181627138478
p3,C,41,110,349,h10,6675585181627138478
p3,Non-ROH,500,0,0,h10,6675585181627138478
p1,A,500,0,0,h10,6682180956363210862
p1,B,255,232,13,h10,6682180956363210862
p1,C,51,78,371,h10,6682180956363210862
p1,Non-ROH,500,0,0,h10,6682180956363210862
p2,A,500,0,0,h10,6682180956363210862
p2,B,423,77,0,h10,6682180956363210862
p2,C,50,114,336,h10,6682180956363210862
p2,Non-ROH,500,0,0,h10,6682180956363210862
p3,A,500,0,0,h10,6682180956363210862
p3,B,464,36,0,h10,6682180956363210862
p3,C,31,117,352,h10,6682180956363210862
p3,Non-ROH,500,0,0,h10,6682180956363210862
p1,A,500,0,0,h10,668514022658497051
p1,B,208,273,19,h10,668514022658497051
p1,C,61,70,369,h10,668514022658497051
p1,Non-ROH,500,0,0,h10,668514022658497051
p2,A,500,0,0,h10,668514022658497051
p2,B,374,126,0,h10,668514022658497051
p2,C,43,64,393,h10,668514022658497051
p2,Non-ROH,500,0,0,h10,668514022658497051
p3,A,500,0,0,h10,668514022658497051
p3,B,436,64,0,h10,668514022658497051
p3,C,41,86,373,h10,668514022658497051
p3,Non-ROH,500,0,0,h10,668514022658497051
p1,A,500,0,0,h10,6686484661086235967
p1,B,232,251,17,h10,6686484661086235967
p1,C,54,71,375,h10,6686484661086235967
p1,Non-ROH,500,0,0,h10,6686484661086235967
p2,A,500,0,0,h10,6686484661086235967
p2,B,413,87,0,h10,6686484661086235967
p2,C,57,99,344,h10,6686484661086235967
p2,Non-ROH,500,0,0,h10,6686484661086235967
p3,A,500,0,0,h10,6686484661086235967
p3,B,443,57,0,h10,6686484661086235967
p3,C,49,78,373,h10,6686484661086235967
p3,Non-ROH,500,0,0,h10,6686484661086235967
p1,A,500,0,0,h10,6721650940977808213
p1,B,242,246,12,h10,6721650940977808213
p1,C,52,67,381,h10,6721650940977808213
p1,Non-ROH,500,0,0,h10,6721650940977808213
p2,A,500,0,0,h10,6721650940977808213
p2,B,397,103,0,h10,6721650940977808213
p2,C,42,78,380,h10,6721650940977808213
p2,Non-ROH,500,0,0,h10,6721650940977808213
p3,A,500,0,0,h10,6721650940977808213
p3,B,446,54,0,h10,6721650940977808213
p3,C,50,101,349,h10,6721650940977808213
p3,Non-ROH,500,0,0,h10,6721650940977808213
p1,A,499,1,0,h10,6725062127071495749
p1,B,179,308,13,h10,6725062127071495749
p1,C,36,97,367,h10,6725062127071495749
p1,Non-ROH,500,0,0,h10,6725062127071495749
p2,A,500,0,0,h10,6725062127071495749
p2,B,421,79,0,h10,6725062127071495749
p2,C,24,85,391,h10,6725062127071495749
p2,Non-ROH,500,0,0,h10,6725062127071495749
p3,A,500,0,0,h10,6725062127071495749
p3,B,464,36,0,h10,6725062127071495749
p3,C,37,207,256,h10,6725062127071495749
p3,Non-ROH,500,0,0,h10,6725062127071495749
p1,A,500,0,0,h10,676035330908438030
p1,B,231,264,5,h10,676035330908438030
p1,C,53,80,367,h10,676035330908438030
p1,Non-ROH,500,0,0,h10,676035330908438030
p2,A,500,0,0,h10,676035330908438030
p2,B,412,88,0,h10,676035330908438030
p2,C,52,83,365,h10,676035330908438030
p2,Non-ROH,500,0,0,h10,676035330908438030
p3,A,500,0,0,h10,676035330908438030
p3,B,429,71,0,h10,676035330908438030
p3,C,36,102,362,h10,676035330908438030
p3,Non-ROH,500,0,0,h10,676035330908438030
p1,A,498,2,0,h10,6767195749530879428
p1,B,158,324,18,h10,6767195749530879428
p1,C,44,85,371,h10,6767195749530879428
p1,Non-ROH,500,0,0,h10,6767195749530879428
p2,A,500,0,0,h10,6767195749530879428
p2,B,341,159,0,h10,6767195749530879428
p2,C,33,76,391,h10,6767195749530879428
p2,Non-ROH,500,0,0,h10,6767195749530879428
p3,A,500,0,0,h10,6767195749530879428
p3,B,414,86,0,h10,6767195749530879428
p3,C,19,149,332,h10,6767195749530879428
p3,Non-ROH,500,0,0,h10,6767195749530879428
p1,A,500,0,0,h10,6778355494835533152
p1,B,219,267,14,h10,6778355494835533152
p1,C,51,74,375,h10,6778355494835533152
p1,Non-ROH,500,0,0,h10,6778355494835533152
p2,A,500,0,0,h10,6778355494835533152
p2,B,396,104,0,h10,6778355494835533152
p2,C,50,71,379,h10,6778355494835533152
p2,Non-ROH,500,0,0,h10,6778355494835533152
p3,A,500,0,0,h10,6778355494835533152
p3,B,432,68,0,h10,6778355494835533152
p3,C,35,91,374,h10,6778355494835533152
p3,Non-ROH,500,0,0,h10,6778355494835533152
p1,A,500,0,0,h10,6794857817259638120
p1,B,209,277,14,h10,6794857817259638120
p1,C,50,84,366,h10,6794857817259638120
p1,Non-ROH,500,0,0,h10,6794857817259638120
p2,A,500,0,0,h10,6794857817259638120
p2,B,411,89,0,h10,6794857817259638120
p2,C,44,163,293,h10,6794857817259638120
p2,Non-ROH,500,0,0,h10,6794857817259638120
p3,A,500,0,0,h10,6794857817259638120
p3,B,453,47,0,h10,6794857817259638120
p3,C,41,179,280,h10,6794857817259638120
p3,Non-ROH,500,0,0,h10,6794857817259638120
p1,A,499,1,0,h10,6805308891829717615
p1,B,236,248,16,h10,6805308891829717615
p1,C,47,83,370,h10,6805308891829717615
p1,Non-ROH,500,0,0,h10,6805308891829717615
p2,A,500,0,0,h10,6805308891829717615
p2,B,430,70,0,h10,6805308891829717615
p2,C,45,74,381,h10,6805308891829717615
p2,Non-ROH,500,0,0,h10,6805308891829717615
p3,A,500,0,0,h10,6805308891829717615
p3,B,464,36,0,h10,6805308891829717615
p3,C,40,130,330,h10,6805308891829717615
p3,Non-ROH,500,0,0,h10,6805308891829717615
p1,A,500,0,0,h10,6806079421604775778
p1,B,239,243,18,h10,6806079421604775778
p1,C,58,79,363,h10,6806079421604775778
p1,Non-ROH,500,0,0,h10,6806079421604775778
p2,A,500,0,0,h10,6806079421604775778
p2,B,423,77,0,h10,6806079421604775778
p2,C,39,84,377,h10,6806079421604775778
p2,Non-ROH,500,0,0,h10,6806079421604775778
p3,A,500,0,0,h10,6806079421604775778
p3,B,460,40,0,h10,6806079421604775778
p3,C,42,71,387,h10,6806079421604775778
p3,Non-ROH,500,0,0,h10,6806079421604775778
p1,A,500,0,0,h10,6839958203059671357
p1,B,208,281,11,h10,6839958203059671357
p1,C,44,88,368,h10,6839958203059671357
p1,Non-ROH,500,0,0,h10,6839958203059671357
p2,A,500,0,0,h10,6839958203059671357
p2,B,373,127,0,h10,6839958203059671357
p2,C,34,86,380,h10,6839958203059671357
p2,Non-ROH,500,0,0,h10,6839958203059671357
p3,A,500,0,0,h10,6839958203059671357
p3,B,415,85,0,h10,6839958203059671357
p3,C,45,90,365,h10,6839958203059671357
p3,Non-ROH,500,0,0,h10,6839958203059671357
p1,A,499,1,0,h10,6868753200873327328
p1,B,233,253,14,h10,6868753200873327328
p1,C,52,84,364,h10,6868753200873327328
p1,Non-ROH,500,0,0,h10,6868753200873327328
p2,A,500,0,0,h10,6868753200873327328
p2,B,431,69,0,h10,6868753200873327328
p2,C,31,143,326,h10,6868753200873327328
p2,Non-ROH,500,0,0,h10,6868753200873327328
p3,A,500,0,0,h10,6868753200873327328
p3,B,461,39,0,h10,6868753200873327328
p3,C,26,154,320,h10,6868753200873327328
p3,Non-ROH,500,0,0,h10,6868753200873327328
p1,A,500,0,0,h10,687515189984373041
p1,B,268,222,10,h10,687515189984373041
p1,C,52,67,381,h10,687515189984373041
p1,Non-ROH,500,0,0,h10,687515189984373041
p2,A,500,0,0,h10,687515189984373041
p2,B,445,55,0,h10,687515189984373041
p2,C,26,115,359,h10,687515189984373041
p2,Non-ROH,500,0,0,h10,687515189984373041
p3,A,500,0,0,h10,687515189984373041
p3,B,459,41,0,h10,687515189984373041
p3,C,36,85,379,h10,687515189984373041
p3,Non-ROH,500,0,0,h10,687515189984373041
p1,A,499,1,0,h10,6898102233494692954
p1,B,218,267,15,h10,6898102233494692954
p1,C,49,107,344,h10,6898102233494692954
p1,Non-ROH,500,0,0,h10,6898102233494692954
p2,A,500,0,0,h10,6898102233494692954
p2,B,410,90,0,h10,6898102233494692954
p2,C,39,91,370,h10,6898102233494692954
p2,Non-ROH,500,0,0,h10,6898102233494692954
p3,A,500,0,0,h10,6898102233494692954
p3,B,463,37,0,h10,6898102233494692954
p3,C,31,191,278,h10,6898102233494692954
p3,Non-ROH,500,0,0,h10,6898102233494692954
p1,A,500,0,0,h10,6950854716342065280
p1,B,214,274,12,h10,6950854716342065280
p1,C,59,65,376,h10,6950854716342065280
p1,Non-ROH,500,0,0,h10,6950854716342065280
p2,A,500,0,0,h10,6950854716342065280
p2,B,392,108,0,h10,6950854716342065280
p2,C,39,103,358,h10,6950854716342065280
p2,Non-ROH,500,0,0,h10,6950854716342065280
p3,A,500,0,0,h10,6950854716342065280
p3,B,431,69,0,h10,6950854716342065280
p3,C,43,86,371,h10,6950854716342065280
p3,Non-ROH,500,0,0,h10,6950854716342065280
p1,A,499,1,0,h10,6982498551150246415
p1,B,218,263,19,h10,6982498551150246415
p1,C,53,91,356,h10,6982498551150246415
p1,Non-ROH,500,0,0,h10,6982498551150246415
p2,A,500,0,0,h10,6982498551150246415
p2,B,426,74,0,h10,6982498551150246415
p2,C,39,142,319,h10,6982498551150246415
p2,Non-ROH,500,0,0,h10,6982498551150246415
p3,A,500,0,0,h10,6982498551150246415
p3,B,448,52,0,h10,6982498551150246415
p3,C,29,126,345,h10,6982498551150246415
p3,Non-ROH,500,0,0,h10,6982498551150246415
p1,A,500,0,0,h10,6982878628916527953
p1,B,234,248,18,h10,6982878628916527953
p1,C,53,63,384,h10,6982878628916527953
p1,Non-ROH,500,0,0,h10,6982878628916527953
p2,A,500,0,0,h10,6982878628916527953
p2,B,418,82,0,h10,6982878628916527953
p2,C,36,75,389,h10,6982878628916527953
p2,Non-ROH,500,0,0,h10,6982878628916527953
p3,A,500,0,0,h10,6982878628916527953
p3,B,451,49,0,h10,6982878628916527953
p3,C,46,129,325,h10,6982878628916527953
p3,Non-ROH,500,0,0,h10,6982878628916527953
p1,A,500,0,0,h10,6987973245034708872
p1,B,236,241,23,h10,6987973245034708872
p1,C,49,87,364,h10,6987973245034708872
p1,Non-ROH,500,0,0,h10,6987973245034708872
p2,A,500,0,0,h10,6987973245034708872
p2,B,438,62,0,h10,6987973245034708872
p2,C,36,113,351,h10,6987973245034708872
p2,Non-ROH,500,0,0,h10,6987973245034708872
p3,A,500,0,0,h10,6987973245034708872
p3,B,467,33,0,h10,6987973245034708872
p3,C,39,98,363,h10,6987973245034708872
p3,Non-ROH,500,0,0,h10,6987973245034708872
p1,A,499,1,0,h10,7002330520356708386
p1,B,210,272,18,h10,7002330520356708386
p1,C,60,76,364,h10,7002330520356708386
p1,Non-ROH,500,0,0,h10,7002330520356708386
p2,A,500,0,0,h10,7002330520356708386
p2,B,395,105,0,h10,7002330520356708386
p2,C,43,76,381,h10,7002330520356708386
p2,Non-ROH,500,0,0,h10,7002330520356708386
p3,A,500,0,0,h10,7002330520356708386
p3,B,449,51,0,h10,7002330520356708386
p3,C,27,109,364,h10,7002330520356708386
p3,Non-ROH,500,0,0,h10,7002330520356708386
p1,A,500,0,0,h10,7002394389388026964
p1,B,205,280,15,h10,7002394389388026964
p1,C,60,69,371,h10,7002394389388026964
p1,Non-ROH,500,0,0,h10,7002394389388026964
p2,A,500,0,0,h10,7002394389388026964
p2,B,407,93,0,h10,7002394389388026964
p2,C,26,86,388,h10,7002394389388026964
p2,Non-ROH,500,0,0,h10,7002394389388026964
p3,A,500,0,0,h10,7002394389388026964
p3,B,411,89,0,h10,7002394389388026964
p3,C,37,80,383,h10,7002394389388026964
p3,Non-ROH,500,0,0,h10,7002394389388026964
p1,A,500,0,0,h10,7043408453602655993
p1,B,218,269,13,h10,7043408453602655993
p1,C,54,60,386,h10,7043408453602655993
p1,Non-ROH,500,0,0,h10,7043408453602655993
p2,A,500,0,0,h10,7043408453602655993
p2,B,411,89,0,h10,7043408453602655993
p2,C,62,71,367,h10,7043408453602655993
p2,Non-ROH,500,0,0,h10,7043408453602655993
p3,A,500,0,0,h10,7043408453602655993
p3,B,450,50,0,h10,7043408453602655993
p3,C,36,141,323,h10,7043408453602655993
p3,Non-ROH,500,0,0,h10,7043408453602655993
p1,A,499,1,0,h10,7065385466176995646
p1,B,218,265,17,h10,7065385466176995646
p1,C,50,77,373,h10,7065385466176995646
p1,Non-ROH,500,0,0,h10,7065385466176995646
p2,A,500,0,0,h10,7065385466176995646
p2,B,366,134,0,h10,7065385466176995646
p2,C,32,90,378,h10,7065385466176995646
p2,Non-ROH,500,0,0,h10,7065385466176995646
p3,A,500,0,0,h10,7065385466176995646
p3,B,427,73,0,h10,7065385466176995646
p3,C,40,86,374,h10,7065385466176995646
p3,Non-ROH,500,0,0,h10,7065385466176995646
p1,A,498,2,0,h10,7067217479657550778
p1,B,216,276,8,h10,7067217479657550778
p1,C,52,75,373,h10,7067217479657550778
p1,Non-ROH,500,0,0,h10,7067217479657550778
p2,A,500,0,0,h10,7067217479657550778
p2,B,394,106,0,h10,7067217479657550778
p2,C,41,81,378,h10,7067217479657550778
p2,Non-ROH,500,0,0,h10,7067217479657550778
p3,A,500,0,0,h10,7067217479657550778
p3,B,439,61,0,h10,7067217479657550778
p3,C,28,188,284,h10,7067217479657550778
p3,Non-ROH,500,0,0,h10,7067217479657550778
p1,A,500,0,0,h10,7101029447650996512
p1,B,239,254,7,h10,7101029447650996512
p1,C,52,86,362,h10,7101029447650996512
p1,Non-ROH,500,0,0,h10,7101029447650996512
p2,A,500,0,0,h10,7101029447650996512
p2,B,441,59,0,h10,7101029447650996512
p2,C,33,81,386,h10,7101029447650996512
p2,Non-ROH,500,0,0,h10,7101029447650996512
p3,A,500,0,0,h10,7101029447650996512
p3,B,465,35,0,h10,7101029447650996512
p3,C,47,72,381,h10,7101029447650996512
p3,Non-ROH,500,0,0,h10,7101029447650996512
p1,A,500,0,0,h10,7109568077106525684
p1,B,261,221,18,h10,7109568077106525684
p1,C,48,87,365,h10,7109568077106525684
p1,Non-ROH,500,0,0,h10,7109568077106525684
p2,A,500,0,0,h10,7109568077106525684
p2,B,418,82,0,h10,7109568077106525684
p2,C,52,101,347,h10,7109568077106525684
p2,Non-ROH,500,0,0,h10,7109568077106525684
p3,A,500,0,0,h10,7109568077106525684
p3,B,455,45,0,h10,7109568077106525684
p3,C,47,97,356,h10,7109568077106525684
p3,Non-ROH,500,0,0,h10,7109568077106525684
p1,A,500,0,0,h10,7115043997102468705
p1,B,231,257,12,h10,7115043997102468705
p1,C,66,70,364,h10,7115043997102468705
p1,Non-ROH,500,0,0,h10,7115043997102468705
p2,A,500,0,0,h10,7115043997102468705
p2,B,426,74,0,h10,7115043997102468705
p2,C,44,89,367,h10,7115043997102468705
p2,Non-ROH,500,0,0,h10,7115043997102468705
p3,A,500,0,0,h10,7115043997102468705
p3,B,458,42,0,h10,7115043997102468705
p3,C,38,126,336,h10,7115043997102468705
p3,Non-ROH,500,0,0,h10,7115043997102468705
p1,A,499,1,0,h10,7121666655417947514
p1,B,221,265,14,h10,7121666655417947514
p1,C,46,87,367,h10,7121666655417947514
p1,Non-ROH,500,0,0,h10,7121666655417947514
p2,A,500,0,0,h10,7121666655417947514
p2,B,420,80,0,h10,7121666655417947514
p2,C,37,85,378,h10,7121666655417947514
p2,Non-ROH,500,0,0,h10,7121666655417947514
p3,A,500,0,0,h10,7121666655417947514
p3,B,462,38,0,h10,7121666655417947514
p3,C,48,119,333,h10,7121666655417947514
p3,Non-ROH,500,0,0,h10,7121666655417947514
p1,A,499,1,0,h10,7130027541133706723
p1,B,232,257,11,h10,7130027541133706723
p1,C,53,71,376,h10,7130027541133706723
p1,Non-ROH,500,0,0,h10,7130027541133706723
p2,A,500,0,0,h10,7130027541133706723
p2,B,421,79,0,h10,7130027541133706723
p2,C,42,124,334,h10,7130027541133706723
p2,Non-ROH,500,0,0,h10,7130027541133706723
p3,A,500,0,0,h10,7130027541133706723
p3,B,471,29,0,h10,7130027541133706723
p3,C,46,105,349,h10,7130027541133706723
p3,Non-ROH,500,0,0,h10,7130027541133706723
p1,A,498,2,0,h10,7161415418635995876
p1,B,207,277,16,h10,7161415418635995876
p1,C,56,67,377,h10,7161415418635995876
p1,Non-ROH,500,0,0,h10,7161415418635995876
p2,A,500,0,0,h10,7161415418635995876
p2,B,367,133,0,h10,7161415418635995876
p2,C,37,103,360,h10,7161415418635995876
p2,Non-ROH,500,0,0,h10,7161415418635995876
p3,A,500,0,0,h10,7161415418635995876
p3,B,428,72,0,h10,7161415418635995876
p3,C,38,110,352,h10,7161415418635995876
p3,Non-ROH,500,0,0,h10,7161415418635995876
p1,A,500,0,0,h10,7165066339570139810
p1,B,231,251,18,h10,7165066339570139810
p1,C,44,89,367,h10,7165066339570139810
p1,Non-ROH,500,0,0,h10,7165066339570139810
p2,A,500,0,0,h10,7165066339570139810
p2,B,402,98,0,h10,7165066339570139810
p2,C,42,122,336,h10,7165066339570139810
p2,Non-ROH,500,0,0,h10,7165066339570139810
p3,A,500,0,0,h10,7165066339570139810
p3,B,466,34,0,h10,7165066339570139810
p3,C,36,92,372,h10,7165066339570139810
p3,Non-ROH,500,0,0,h10,7165066339570139810
p1,A,500,0,0,h10,716531998885254618
p1,B,199,270,31,h10,716531998885254618
p1,C,49,57,394,h10,716531998885254618
p1,Non-ROH,500,0,0,h10,716531998885254618
p2,A,500,0,0,h10,716531998885254618
p2,B,391,109,0,h10,716531998885254618
p2,C,30,112,358,h10,716531998885254618
p2,Non-ROH,500,0,0,h10,716531998885254618
p3,A,500,0,0,h10,716531998885254618
p3,B,427,73,0,h10,716531998885254618
p3,C,31,113,356,h10,716531998885254618
p3,Non-ROH,500,0,0,h10,716531998885254618
p1,A,497,3,0,h10,7169142924721882020
p1,B,172,317,11,h10,7169142924721882020
p1,C,77,59,364,h10,7169142924721882020
p1,Non-ROH,500,0,0,h10,7169142924721882020
p2,A,500,0,0,h10,7169142924721882020
p2,B,393,107,0,h10,7169142924721882020
p2,C,130,55,315,h10,7169142924721882020
p2,Non-ROH,500,0,0,h10,7169142924721882020
p3,A,500,0,0,h10,7169142924721882020
p3,B,441,59,0,h10,7169142924721882020
p3,C,103,62,335,h10,7169142924721882020
p3,Non-ROH,500,0,0,h10,7169142924721882020
p1,A,500,0,0,h10,7190375542432072695
p1,B,241,244,15,h10,7190375542432072695
p1,C,58,68,374,h10,7190375542432072695
p1,Non-ROH,500,0,0,h10,7190375542432072695
p2,A,500,0,0,h10,7190375542432072695
p2,B,398,102,0,h10,7190375542432072695
p2,C,62,73,365,h10,7190375542432072695
p2,Non-ROH,500,0,0,h10,7190375542432072695
p3,A,500,0,0,h10,7190375542432072695
p3,B,455,45,0,h10,7190375542432072695
p3,C,37,111,352,h10,7190375542432072695
p3,Non-ROH,500,0,0,h10,7190375542432072695
p1,A,500,0,0,h10,719629301056120332
p1,B,200,285,15,h10,719629301056120332
p1,C,45,86,369,h10,719629301056120332
p1,Non-ROH,500,0,0,h10,719629301056120332
p2,A,500,0,0,h10,719629301056120332
p2,B,359,141,0,h10,719629301056120332
p2,C,32,137,331,h10,719629301056120332
p2,Non-ROH,500,0,0,h10,719629301056120332
p3,A,500,0,0,h10,719629301056120332
p3,B,407,93,0,h10,719629301056120332
p3,C,30,106,364,h10,719629301056120332
p3,Non-ROH,500,0,0,h10,719629301056120332
p1,A,500,0,0,h10,7235530420902678226
p1,B,255,233,12,h10,7235530420902678226
p1,C,66,71,363,h10,7235530420902678226
p1,Non-ROH,500,0,0,h10,7235530420902678226
p2,A,500,0,0,h10,7235530420902678226
p2,B,425,75,0,h10,7235530420902678226
p2,C,49,82,369,h10,7235530420902678226
p2,Non-ROH,500,0,0,h10,7235530420902678226
p3,A,500,0,0,h10,7235530420902678226
p3,B,467,33,0,h10,7235530420902678226
p3,C,63,90,347,h10,7235530420902678226
p3,Non-ROH,500,0,0,h10,7235530420902678226
p1,A,500,0,0,h10,7255157952621009682
p1,B,182,299,19,h10,7255157952621009682
p1,C,57,64,379,h10,7255157952621009682
p1,Non-ROH,500,0,0,h10,7255157952621009682
p2,A,500,0,0,h10,7255157952621009682
p2,B,387,113,0,h10,7255157952621009682
p2,C,29,100,371,h10,7255157952621009682
p2,Non-ROH,500,0,0,h10,7255157952621009682
p3,A,500,0,0,h10,7255157952621009682
p3,B,448,52,0,h10,7255157952621009682
p3,C,26,117,357,h10,7255157952621009682
p3,Non-ROH,500,0,0,h10,7255157952621009682
p1,A,499,1,0,h10,7282538293252517669
p1,B,207,283,10,h10,7282538293252517669
p1,C,52,86,362,h10,7282538293252517669
p1,Non-ROH,500,0,0,h10,7282538293252517669
p2,A,500,0,0,h10,7282538293252517669
p2,B,358,142,0,h10,7282538293252517669
p2,C,34,102,364,h10,7282538293252517669
p2,Non-ROH,500,0,0,h10,7282538293252517669
p3,A,500,0,0,h10,7282538293252517669
p3,B,458,42,0,h10,7282538293252517669
p3,C,30,109,361,h10,7282538293252517669
p3,Non-ROH,500,0,0,h10,7282538293252517669
p1,A,500,0,0,h10,7295372283654610366
p1,B,217,270,13,h10,7295372283654610366
p1,C,37,76,387,h10,7295372283654610366
p1,Non-ROH,500,0,0,h10,7295372283654610366
p2,A,500,0,0,h10,7295372283654610366
p2,B,410,90,0,h10,7295372283654610366
p2,C,55,81,364,h10,7295372283654610366
p2,Non-ROH,500,0,0,h10,7295372283654610366
p3,A,500,0,0,h10,7295372283654610366
p3,B,452,48,0,h10,7295372283654610366
p3,C,35,122,343,h10,7295372283654610366
p3,Non-ROH,500,0,0,h10,7295372283654610366
p1,A,496,4,0,h10,7298939453274469766
p1,B,183,300,17,h10,7298939453274469766
p1,C,58,80,362,h10,7298939453274469766
p1,Non-ROH,500,0,0,h10,7298939453274469766
p2,A,500,0,0,h10,7298939453274469766
p2,B,370,130,0,h10,7298939453274469766
p2,C,33,96,371,h10,7298939453274469766
p2,Non-ROH,500,0,0,h10,7298939453274469766
p3,A,500,0,0,h10,7298939453274469766
p3,B,393,107,0,h10,7298939453274469766
p3,C,34,122,344,h10,7298939453274469766
p3,Non-ROH,500,0,0,h10,7298939453274469766
p1,A,499,1,0,h10,7310177629327166012
p1,B,211,275,14,h10,7310177629327166012
p1,C,43,70,387,h10,7310177629327166012
p1,Non-ROH,500,0,0,h10,7310177629327166012
p2,A,500,0,0,h10,7310177629327166012
p2,B,406,94,0,h10,7310177629327166012
p2,C,56,68,376,h10,7310177629327166012
p2,Non-ROH,500,0,0,h10,7310177629327166012
p3,A,500,0,0,h10,7310177629327166012
p3,B,441,59,0,h10,7310177629327166012
p3,C,29,120,351,h10,7310177629327166012
p3,Non-ROH,500,0,0,h10,7310177629327166012
p1,A,500,0,0,h10,734757789708957627
p1,B,234,257,9,h10,734757789708957627
p1,C,52,68,380,h10,734757789708957627
p1,Non-ROH,500,0,0,h10,734757789708957627
p2,A,500,0,0,h10,734757789708957627
p2,B,407,93,0,h10,734757789708957627
p2,C,33,80,387,h10,734757789708957627
p2,Non-ROH,500,0,0,h10,734757789708957627
p3,A,500,0,0,h10,734757789708957627
p3,B,450,50,0,h10,734757789708957627
p3,C,36,135,329,h10,734757789708957627
p3,Non-ROH,500,0,0,h10,734757789708957627
p1,A,499,1,0,h10,7350290355227395183
p1,B,229,257,14,h10,7350290355227395183
p1,C,58,86,356,h10,7350290355227395183
p1,Non-ROH,500,0,0,h10,7350290355227395183
p2,A,500,0,0,h10,7350290355227395183
p2,B,386,114,0,h10,7350290355227395183
p2,C,32,130,338,h10,7350290355227395183
p2,Non-ROH,500,0,0,h10,7350290355227395183
p3,A,500,0,0,h10,7350290355227395183
p3,B,447,53,0,h10,7350290355227395183
p3,C,30,128,342,h10,7350290355227395183
p3,Non-ROH,500,0,0,h10,7350290355227395183
p1,A,498,2,0,h10,7352322062592632680
p1,B,189,293,18,h10,7352322062592632680
p1,C,49,97,354,h10,7352322062592632680
p1,Non-ROH,500,0,0,h10,7352322062592632680
p2,A,500,0,0,h10,7352322062592632680
p2,B,408,92,0,h10,7352322062592632680
p2,C,52,131,317,h10,7352322062592632680
p2,Non-ROH,500,0,0,h10,7352322062592632680
p3,A,500,0,0,h10,7352322062592632680
p3,B,418,82,0,h10,7352322062592632680
p3,C,31,131,338,h10,7352322062592632680
p3,Non-ROH,500,0,0,h10,7352322062592632680
p1,A,500,0,0,h10,7379410296824446487
p1,B,238,250,12,h10,7379410296824446487
p1,C,51,72,377,h10,7379410296824446487
p1,Non-ROH,500,0,0,h10,7379410296824446487
p2,A,500,0,0,h10,7379410296824446487
p2,B,376,124,0,h10,7379410296824446487
p2,C,32,103,365,h10,7379410296824446487
p2,Non-ROH,500,0,0,h10,7379410296824446487
p3,A,500,0,0,h10,7379410296824446487
p3,B,455,45,0,h10,7379410296824446487
p3,C,48,125,327,h10,7379410296824446487
p3,Non-ROH,500,0,0,h10,7379410296824446487
p1,A,499,1,0,h10,7397885875878102284
p1,B,238,248,14,h10,7397885875878102284
p1,C,54,79,367,h10,7397885875878102284
p1,Non-ROH,500,0,0,h10,7397885875878102284
p2,A,500,0,0,h10,7397885875878102284
p2,B,392,108,0,h10,7397885875878102284
p2,C,42,105,353,h10,7397885875878102284
p2,Non-ROH,500,0,0,h10,7397885875878102284
p3,A,500,0,0,h10,7397885875878102284
p3,B,444,56,0,h10,7397885875878102284
p3,C,38,161,301,h10,7397885875878102284
p3,Non-ROH,500,0,0,h10,7397885875878102284
p1,A,498,2,0,h10,7398343010820539709
p1,B,231,254,15,h10,7398343010820539709
p1,C,57,60,383,h10,7398343010820539709
p1,Non-ROH,500,0,0,h10,7398343010820539709
p2,A,500,0,0,h10,7398343010820539709
p2,B,416,84,0,h10,7398343010820539709
p2,C,28,84,388,h10,7398343010820539709
p2,Non-ROH,500,0,0,h10,7398343010820539709
p3,A,500,0,0,h10,7398343010820539709
p3,B,477,23,0,h10,7398343010820539709
p3,C,43,115,342,h10,7398343010820539709
p3,Non-ROH,500,0,0,h10,7398343010820539709
p1,A,500,0,0,h10,7408937616229523706
p1,B,238,249,13,h10,7408937616229523706
p1,C,42,86,372,h10,7408937616229523706
p1,Non-ROH,500,0,0,h10,7408937616229523706
p2,A,500,0,0,h10,7408937616229523706
p2,B,397,103,0,h10,7408937616229523706
p2,C,35,142,323,h10,7408937616229523706
p2,Non-ROH,500,0,0,h10,7408937616229523706
p3,A,500,0,0,h10,7408937616229523706
p3,B,438,62,0,h10,7408937616229523706
p3,C,34,97,369,h10,7408937616229523706
p3,Non-ROH,500,0,0,h10,7408937616229523706
p1,A,500,0,0,h10,7408947369882616651
p1,B,214,270,16,h10,7408947369882616651
p1,C,77,75,348,h10,7408947369882616651
p1,Non-ROH,500,0,0,h10,7408947369882616651
p2,A,500,0,0,h10,7408947369882616651
p2,B,410,90,0,h10,7408947369882616651
p2,C,35,224,241,h10,7408947369882616651
p2,Non-ROH,500,0,0,h10,7408947369882616651
p3,A,500,0,0,h10,7408947369882616651
p3,B,444,56,0,h10,7408947369882616651
p3,C,48,105,347,h10,7408947369882616651
p3,Non-ROH,500,0,0,h10,7408947369882616651
p1,A,498,2,0,h10,7471234116172256561
p1,B,165,319,16,h10,7471234116172256561
p1,C,87,53,360,h10,7471234116172256561
p1,Non-ROH,500,0,0,h10,7471234116172256561
p2,A,500,0,0,h10,7471234116172256561
p2,B,375,125,0,h10,7471234116172256561
p2,C,90,73,337,h10,7471234116172256561
p2,Non-ROH,500,0,0,h10,7471234116172256561
p3,A,500,0,0,h10,7471234116172256561
p3,B,413,87,0,h10,7471234116172256561
p3,C,152,62,286,h10,7471234116172256561
p3,Non-ROH,500,0,0,h10,7471234116172256561
p1,A,500,0,0,h10,7478711413010239881
p1,B,223,253,24,h10,7478711413010239881
p1,C,45,73,382,h10,7478711413010239881
p1,Non-ROH,500,0,0,h10,7478711413010239881
p2,A,500,0,0,h10,7478711413010239881
p2,B,422,78,0,h10,7478711413010239881
p2,C,34,62,404,h10,7478711413010239881
p2,Non-ROH,500,0,0,h10,7478711413010239881
p3,A,500,0,0,h10,7478711413010239881
p3,B,456,44,0,h10,7478711413010239881
p3,C,56,211,233,h10,7478711413010239881
p3,Non-ROH,500,0,0,h10,7478711413010239881
p1,A,500,0,0,h10,7486905385871169436
p1,B,203,279,18,h10,7486905385871169436
p1,C,63,58,379,h10,7486905385871169436
p1,Non-ROH,500,0,0,h10,7486905385871169436
p2,A,500,0,0,h10,7486905385871169436
p2,B,373,127,0,h10,7486905385871169436
p2,C,47,99,354,h10,7486905385871169436
p2,Non-ROH,500,0,0,h10,7486905385871169436
p3,A,500,0,0,h10,7486905385871169436
p3,B,433,67,0,h10,7486905385871169436
p3,C,43,99,358,h10,7486905385871169436
p3,Non-ROH,500,0,0,h10,7486905385871169436
p1,A,498,2,0,h10,7488453019694451806
p1,B,183,304,13,h10,7488453019694451806
p1,C,41,88,371,h10,7488453019694451806
p1,Non-ROH,500,0,0,h10,7488453019694451806
p2,A,500,0,0,h10,7488453019694451806
p2,B,349,151,0,h10,7488453019694451806
p2,C,28,109,363,h10,7488453019694451806
p2,Non-ROH,500,0,0,h10,7488453019694451806
p3,A,500,0,0,h10,7488453019694451806
p3,B,428,72,0,h10,7488453019694451806
p3,C,40,110,350,h10,7488453019694451806
p3,Non-ROH,500,0,0,h10,7488453019694451806
p1,A,499,1,0,h10,7504687967456398126
p1,B,205,275,20,h10,7504687967456398126
p1,C,42,66,392,h10,7504687967456398126
p1,Non-ROH,500,0,0,h10,7504687967456398126
p2,A,500,0,0,h10,7504687967456398126
p2,B,364,136,0,h10,7504687967456398126
p2,C,50,116,334,h10,7504687967456398126
p2,Non-ROH,500,0,0,h10,7504687967456398126
p3,A,500,0,0,h10,7504687967456398126
p3,B,429,71,0,h10,7504687967456398126
p3,C,36,105,359,h10,7504687967456398126
p3,Non-ROH,500,0,0,h10,7504687967456398126
p1,A,500,0,0,h10,7510891439253619367
p1,B,214,272,14,h10,7510891439253619367
p1,C,55,89,356,h10,7510891439253619367
p1,Non-ROH,500,0,0,h10,7510891439253619367
p2,A,500,0,0,h10,7510891439253619367
p2,B,382,118,0,h10,7510891439253619367
p2,C,35,134,331,h10,7510891439253619367
p2,Non-ROH,500,0,0,h10,7510891439253619367
p3,A,500,0,0,h10,7510891439253619367
p3,B,446,54,0,h10,7510891439253619367
p3,C,24,116,360,h10,7510891439253619367
p3,Non-ROH,500,0,0,h10,7510891439253619367
p1,A,496,4,0,h10,7511663267632970451
p1,B,175,315,10,h10,7511663267632970451
p1,C,42,77,381,h10,7511663267632970451
p1,Non-ROH,500,0,0,h10,7511663267632970451
p2,A,500,0,0,h10,7511663267632970451
p2,B,369,131,0,h10,7511663267632970451
p2,C,34,99,367,h10,7511663267632970451
p2,Non-ROH,500,0,0,h10,7511663267632970451
p3,A,500,0,0,h10,7511663267632970451
p3,B,420,80,0,h10,7511663267632970451
p3,C,32,95,373,h10,7511663267632970451
p3,Non-ROH,500,0,0,h10,7511663267632970451
p1,A,500,0,0,h10,75366300672174763
p1,B,236,250,14,h10,75366300672174763
p1,C,57,75,368,h10,75366300672174763
p1,Non-ROH,500,0,0,h10,75366300672174763
p2,A,500,0,0,h10,75366300672174763
p2,B,414,86,0,h10,75366300672174763
p2,C,49,89,362,h10,75366300672174763
p2,Non-ROH,500,0,0,h10,75366300672174763
p3,A,500,0,0,h10,75366300672174763
p3,B,458,42,0,h10,75366300672174763
p3,C,48,80,372,h10,75366300672174763
p3,Non-ROH,500,0,0,h10,75366300672174763
p1,A,496,4,0,h10,7544405566945497440
p1,B,210,277,13,h10,7544405566945497440
p1,C,44,86,370,h10,7544405566945497440
p1,Non-ROH,500,0,0,h10,7544405566945497440
p2,A,500,0,0,h10,7544405566945497440
p2,B,380,120,0,h10,7544405566945497440
p2,C,43,111,346,h10,7544405566945497440
p2,Non-ROH,500,0,0,h10,7544405566945497440
p3,A,500,0,0,h10,7544405566945497440
p3,B,433,67,0,h10,7544405566945497440
p3,C,42,165,293,h10,7544405566945497440
p3,Non-ROH,500,0,0,h10,7544405566945497440
p1,A,497,3,0,h10,7554226532174989352
p1,B,180,309,11,h10,7554226532174989352
p1,C,34,95,371,h10,7554226532174989352
p1,Non-ROH,500,0,0,h10,7554226532174989352
p2,A,500,0,0,h10,7554226532174989352
p2,B,359,141,0,h10,7554226532174989352
p2,C,19,134,347,h10,7554226532174989352
p2,Non-ROH,500,0,0,h10,7554226532174989352
p3,A,500,0,0,h10,7554226532174989352
p3,B,431,69,0,h10,7554226532174989352
p3,C,28,169,303,h10,7554226532174989352
p3,Non-ROH,500,0,0,h10,7554226532174989352
p1,A,499,1,0,h10,7558909457469050645
p1,B,201,287,12,h10,7558909457469050645
p1,C,54,64,382,h10,7558909457469050645
p1,Non-ROH,500,0,0,h10,7558909457469050645
p2,A,500,0,0,h10,7558909457469050645
p2,B,384,116,0,h10,7558909457469050645
p2,C,30,120,350,h10,7558909457469050645
p2,Non-ROH,500,0,0,h10,7558909457469050645
p3,A,500,0,0,h10,7558909457469050645
p3,B,432,68,0,h10,7558909457469050645
p3,C,31,91,378,h10,7558909457469050645
p3,Non-ROH,500,0,0,h10,7558909457469050645
p1,A,500,0,0,h10,7577045924626654908
p1,B,210,273,17,h10,7577045924626654908
p1,C,49,74,377,h10,7577045924626654908
p1,Non-ROH,500,0,0,h10,7577045924626654908
p2,A,500,0,0,h10,7577045924626654908
p2,B,426,74,0,h10,7577045924626654908
p2,C,41,143,316,h10,7577045924626654908
p2,Non-ROH,500,0,0,h10,7577045924626654908
p3,A,500,0,0,h10,7577045924626654908
p3,B,475,25,0,h10,7577045924626654908
p3,C,41,136,323,h10,7577045924626654908
p3,Non-ROH,500,0,0,h10,7577045924626654908
p1,A,500,0,0,h10,757987503346136312
p1,B,164,316,20,h10,757987503346136312
p1,C,46,78,376,h10,757987503346136312
p1,Non-ROH,500,0,0,h10,757987503346136312
p2,A,500,0,0,h10,757987503346136312
p2,B,336,164,0,h10,757987503346136312
p2,C,20,100,380,h10,757987503346136312
p2,Non-ROH,500,0,0,h10,757987503346136312
p3,A,500,0,0,h10,757987503346136312
p3,B,410,90,0,h10,757987503346136312
p3,C,35,106,359,h10,757987503346136312
p3,Non-ROH,500,0,0,h10,757987503346136312
p1,A,500,0,0,h10,758712106975348503
p1,B,210,269,21,h10,758712106975348503
p1,C,55,69,376,h10,758712106975348503
p1,Non-ROH,500,0,0,h10,758712106975348503
p2,A,500,0,0,h10,758712106975348503
p2,B,408,92,0,h10,758712106975348503
p2,C,54,100,346,h10,758712106975348503
p2,Non-ROH,500,0,0,h10,758712106975348503
p3,A,500,0,0,h10,758712106975348503
p3,B,443,57,0,h10,758712106975348503
p3,C,49,85,366,h10,758712106975348503
p3,Non-ROH,500,0,0,h10,758712106975348503
p1,A,500,0,0,h10,7598183414625494878
p1,B,240,245,15,h10,7598183414625494878
p1,C,56,65,379,h10,7598183414625494878
p1,Non-ROH,500,0,0,h10,7598183414625494878
p2,A,500,0,0,h10,7598183414625494878
p2,B,405,95,0,h10,7598183414625494878
p2,C,37,139,324,h10,7598183414625494878
p2,Non-ROH,500,0,0,h10,7598183414625494878
p3,A,500,0,0,h10,7598183414625494878
p3,B,464,36,0,h10,7598183414625494878
p3,C,42,141,317,h10,7598183414625494878
p3,Non-ROH,500,0,0,h10,7598183414625494878
p1,A,500,0,0,h10,7642266478550329013
p1,B,220,261,19,h10,7642266478550329013
p1,C,52,76,372,h10,7642266478550329013
p1,Non-ROH,500,0,0,h10,7642266478550329013
p2,A,500,0,0,h10,7642266478550329013
p2,B,374,126,0,h10,7642266478550329013
p2,C,39,138,323,h10,7642266478550329013
p2,Non-ROH,500,0,0,h10,7642266478550329013
p3,A,500,0,0,h10,7642266478550329013
p3,B,415,85,0,h10,7642266478550329013
p3,C,39,75,386,h10,7642266478550329013
p3,Non-ROH,500,0,0,h10,7642266478550329013
p1,A,500,0,0,h10,7651512055271949795
p1,B,215,268,17,h10,7651512055271949795
p1,C,55,66,379,h10,7651512055271949795
p1,Non-ROH,500,0,0,h10,7651512055271949795
p2,A,500,0,0,h10,7651512055271949795
p2,B,409,91,0,h10,7651512055271949795
p2,C,42,106,352,h10,7651512055271949795
p2,Non-ROH,500,0,0,h10,7651512055271949795
p3,A,500,0,0,h10,7651512055271949795
p3,B,442,58,0,h10,7651512055271949795
p3,C,54,160,286,h10,7651512055271949795
p3,Non-ROH,500,0,0,h10,7651512055271949795
p1,A,498,2,0,h10,7663665376372334875
p1,B,202,282,16,h10,7663665376372334875
p1,C,56,90,354,h10,7663665376372334875
p1,Non-ROH,500,0,0,h10,7663665376372334875
p2,A,500,0,0,h10,7663665376372334875
p2,B,389,111,0,h10,7663665376372334875
p2,C,44,140,316,h10,7663665376372334875
p2,Non-ROH,500,0,0,h10,7663665376372334875
p3,A,500,0,0,h10,7663665376372334875
p3,B,443,57,0,h10,7663665376372334875
p3,C,41,80,379,h10,7663665376372334875
p3,Non-ROH,500,0,0,h10,7663665376372334875
p1,A,500,0,0,h10,7717974502193491553
p1,B,230,253,17,h10,7717974502193491553
p1,C,50,71,379,h10,7717974502193491553
p1,Non-ROH,500,0,0,h10,7717974502193491553
p2,A,500,0,0,h10,7717974502193491553
p2,B,396,104,0,h10,7717974502193491553
p2,C,38,118,344,h10,7717974502193491553
p2,Non-ROH,500,0,0,h10,7717974502193491553
p3,A,500,0,0,h10,7717974502193491553
p3,B,447,53,0,h10,7717974502193491553
p3,C,34,159,307,h10,7717974502193491553
p3,Non-ROH,500,0,0,h10,7717974502193491553
p1,A,500,0,0,h10,7741900444824712679
p1,B,169,319,12,h10,7741900444824712679
p1,C,57,72,371,h10,7741900444824712679
p1,Non-ROH,500,0,0,h10,7741900444824712679
p2,A,500,0,0,h10,7741900444824712679
p2,B,352,148,0,h10,7741900444824712679
p2,C,60,66,374,h10,7741900444824712679
p2,Non-ROH,500,0,0,h10,7741900444824712679
p3,A,500,0,0,h10,7741900444824712679
p3,B,415,85,0,h10,7741900444824712679
p3,C,66,62,372,h10,7741900444824712679
p3,Non-ROH,500,0,0,h10,7741900444824712679
p1,A,500,0,0,h10,7743202745459324731
p1,B,179,300,21,h10,7743202745459324731
p1,C,49,64,387,h10,7743202745459324731
p1,Non-ROH,500,0,0,h10,7743202745459324731
p2,A,500,0,0,h10,7743202745459324731
p2,B,379,121,0,h10,7743202745459324731
p2,C,38,85,377,h10,7743202745459324731
p2,Non-ROH,500,0,0,h10,7743202745459324731
p3,A,500,0,0,h10,7743202745459324731
p3,B,435,65,0,h10,7743202745459324731
p3,C,35,152,313,h10,7743202745459324731
p3,Non-ROH,500,0,0,h10,7743202745459324731
p1,A,500,0,0,h10,7775076713783724710
p1,B,234,255,11,h10,7775076713783724710
p1,C,56,59,385,h10,7775076713783724710
p1,Non-ROH,500,0,0,h10,7775076713783724710
p2,A,500,0,0,h10,7775076713783724710
p2,B,411,89,0,h10,7775076713783724710
p2,C,38,130,332,h10,7775076713783724710
p2,Non-ROH,500,0,0,h10,7775076713783724710
p3,A,500,0,0,h10,7775076713783724710
p3,B,445,55,0,h10,7775076713783724710
p3,C,34,75,391,h10,7775076713783724710
p3,Non-ROH,500,0,0,h10,7775076713783724710
p1,A,500,0,0,h10,7781314410628587716
p1,B,211,276,13,h10,7781314410628587716
p1,C,43,76,381,h10,7781314410628587716
p1,Non-ROH,500,0,0,h10,7781314410628587716
p2,A,500,0,0,h10,7781314410628587716
p2,B,384,116,0,h10,7781314410628587716
p2,C,23,116,361,h10,7781314410628587716
p2,Non-ROH,500,0,0,h10,7781314410628587716
p3,A,500,0,0,h10,7781314410628587716
p3,B,408,92,0,h10,7781314410628587716
p3,C,32,103,365,h10,7781314410628587716
p3,Non-ROH,500,0,0,h10,7781314410628587716
p1,A,495,5,0,h10,7832687550037620947
p1,B,235,258,7,h10,7832687550037620947
p1,C,43,91,366,h10,7832687550037620947
p1,Non-ROH,500,0,0,h10,7832687550037620947
p2,A,500,0,0,h10,7832687550037620947
p2,B,386,114,0,h10,7832687550037620947
p2,C,28,78,394,h10,7832687550037620947
p2,Non-ROH,500,0,0,h10,7832687550037620947
p3,A,500,0,0,h10,7832687550037620947
p3,B,437,63,0,h10,7832687550037620947
p3,C,26,129,345,h10,7832687550037620947
p3,Non-ROH,500,0,0,h10,7832687550037620947
p1,A,500,0,0,h10,783830213766371059
p1,B,214,274,12,h10,783830213766371059
p1,C,33,84,383,h10,783830213766371059
p1,Non-ROH,500,0,0,h10,783830213766371059
p2,A,500,0,0,h10,783830213766371059
p2,B,370,130,0,h10,783830213766371059
p2,C,28,118,354,h10,783830213766371059
p2,Non-ROH,500,0,0,h10,783830213766371059
p3,A,500,0,0,h10,783830213766371059
p3,B,413,87,0,h10,783830213766371059
p3,C,34,96,370,h10,783830213766371059
p3,Non-ROH,500,0,0,h10,783830213766371059
p1,A,500,0,0,h10,7848085292432968469
p1,B,205,280,15,h10,7848085292432968469
p1,C,46,76,378,h10,7848085292432968469
p1,Non-ROH,500,0,0,h10,7848085292432968469
p2,A,500,0,0,h10,7848085292432968469
p2,B,385,115,0,h10,7848085292432968469
p2,C,37,94,369,h10,7848085292432968469
p2,Non-ROH,500,0,0,h10,7848085292432968469
p3,A,500,0,0,h10,7848085292432968469
p3,B,427,73,0,h10,7848085292432968469
p3,C,34,106,360,h10,7848085292432968469
p3,Non-ROH,500,0,0,h10,7848085292432968469
p1,A,499,1,0,h10,7858929712906841128
p1,B,197,284,19,h10,7858929712906841128
p1,C,41,84,375,h10,7858929712906841128
p1,Non-ROH,500,0,0,h10,7858929712906841128
p2,A,500,0,0,h10,7858929712906841128
p2,B,350,150,0,h10,7858929712906841128
p2,C,38,117,345,h10,7858929712906841128
p2,Non-ROH,500,0,0,h10,7858929712906841128
p3,A,500,0,0,h10,7858929712906841128
p3,B,419,81,0,h10,7858929712906841128
p3,C,25,119,356,h10,7858929712906841128
p3,Non-ROH,500,0,0,h10,7858929712906841128
p1,A,499,1,0,h10,7866850073563790232
p1,B,183,300,17,h10,7866850073563790232
p1,C,49,77,374,h10,7866850073563790232
p1,Non-ROH,500,0,0,h10,7866850073563790232
p2,A,500,0,0,h10,7866850073563790232
p2,B,374,126,0,h10,7866850073563790232
p2,C,48,75,377,h10,7866850073563790232
p2,Non-ROH,500,0,0,h10,7866850073563790232
p3,A,500,0,0,h10,7866850073563790232
p3,B,415,85,0,h10,7866850073563790232
p3,C,36,70,394,h10,7866850073563790232
p3,Non-ROH,500,0,0,h10,7866850073563790232
p1,A,498,2,0,h10,7873989010425175006
p1,B,198,288,14,h10,7873989010425175006
p1,C,46,84,370,h10,7873989010425175006
p1,Non-ROH,500,0,0,h10,7873989010425175006
p2,A,500,0,0,h10,7873989010425175006
p2,B,383,117,0,h10,7873989010425175006
p2,C,34,102,364,h10,7873989010425175006
p2,Non-ROH,500,0,0,h10,7873989010425175006
p3,A,500,0,0,h10,7873989010425175006
p3,B,427,73,0,h10,7873989010425175006
p3,C,32,108,360,h10,7873989010425175006
p3,Non-ROH,500,0,0,h10,7873989010425175006
p1,A,500,0,0,h10,7878891777622847590
p1,B,212,273,15,h10,7878891777622847590
p1,C,48,87,365,h10,7878891777622847590
p1,Non-ROH,500,0,0,h10,7878891777622847590
p2,A,500,0,0,h10,7878891777622847590
p2,B,385,115,0,h10,7878891777622847590
p2,C,32,125,343,h10,7878891777622847590
p2,Non-ROH,500,0,0,h10,7878891777622847590
p3,A,500,0,0,h10,7878891777622847590
p3,B,445,55,0,h10,7878891777622847590
p3,C,27,119,354,h10,7878891777622847590
p3,Non-ROH,500,0,0,h10,7878891777622847590
p1,A,500,0,0,h10,7883688560016888222
p1,B,206,280,14,h10,7883688560016888222
p1,C,52,80,368,h10,7883688560016888222
p1,Non-ROH,500,0,0,h10,7883688560016888222
p2,A,500,0,0,h10,7883688560016888222
p2,B,383,117,0,h10,7883688560016888222
p2,C,37,81,382,h10,7883688560016888222
p2,Non-ROH,500,0,0,h10,7883688560016888222
p3,A,500,0,0,h10,7883688560016888222
p3,B,445,55,0,h10,7883688560016888222
p3,C,33,169,298,h10,7883688560016888222
p3,Non-ROH,500,0,0,h10,7883688560016888222
p1,A,497,3,0,h10,7884742403566349372
p1,B,219,272,9,h10,7884742403566349372
p1,C,44,105,351,h10,7884742403566349372
p1,Non-ROH,500,0,0,h10,7884742403566349372
p2,A,499,1,0,h10,7884742403566349372
p2,B,397,103,0,h10,7884742403566349372
p2,C,40,95,365,h10,7884742403566349372
p2,Non-ROH,500,0,0,h10,7884742403566349372
p3,A,500,0,0,h10,7884742403566349372
p3,B,439,61,0,h10,7884742403566349372
p3,C,43,81,376,h10,7884742403566349372
p3,Non-ROH,500,0,0,h10,7884742403566349372
p1,A,499,1,0,h10,7905927068240777258
p1,B,202,282,16,h10,7905927068240777258
p1,C,37,92,371,h10,7905927068240777258
p1,Non-ROH,500,0,0,h10,7905927068240777258
p2,A,500,0,0,h10,7905927068240777258
p2,B,375,125,0,h10,7905927068240777258
p2,C,28,82,390,h10,7905927068240777258
p2,Non-ROH,500,0,0,h10,7905927068240777258
p3,A,500,0,0,h10,7905927068240777258
p3,B,433,67,0,h10,7905927068240777258
p3,C,35,82,383,h10,7905927068240777258
p3,Non-ROH,500,0,0,h10,7905927068240777258
p1,A,499,1,0,h10,7942341738641521490
p1,B,263,227,10,h10,7942341738641521490
p1,C,55,49,396,h10,7942341738641521490
p1,Non-ROH,500,0,0,h10,7942341738641521490
p2,A,500,0,0,h10,7942341738641521490
p2,B,388,112,0,h10,7942341738641521490
p2,C,36,101,363,h10,7942341738641521490
p2,Non-ROH,500,0,0,h10,7942341738641521490
p3,A,500,0,0,h10,7942341738641521490
p3,B,449,51,0,h10,7942341738641521490
p3,C,51,89,360,h10,7942341738641521490
p3,Non-ROH,500,0,0,h10,7942341738641521490
p1,A,500,0,0,h10,7954187330644355142
p1,B,244,246,10,h10,7954187330644355142
p1,C,44,69,387,h10,7954187330644355142
p1,Non-ROH,500,0,0,h10,7954187330644355142
p2,A,500,0,0,h10,7954187330644355142
p2,B,414,86,0,h10,7954187330644355142
p2,C,48,101,351,h10,7954187330644355142
p2,Non-ROH,500,0,0,h10,7954187330644355142
p3,A,500,0,0,h10,7954187330644355142
p3,B,447,53,0,h10,7954187330644355142
p3,C,36,80,384,h10,7954187330644355142
p3,Non-ROH,500,0,0,h10,7954187330644355142
p1,A,497,3,0,h10,7962087443639829875
p1,B,200,274,26,h10,7962087443639829875
p1,C,45,86,369,h10,7962087443639829875
p1,Non-ROH,500,0,0,h10,7962087443639829875
p2,A,500,0,0,h10,7962087443639829875
p2,B,371,129,0,h10,7962087443639829875
p2,C,43,130,327,h10,7962087443639829875
p2,Non-ROH,500,0,0,h10,7962087443639829875
p3,A,500,0,0,h10,7962087443639829875
p3,B,421,79,0,h10,7962087443639829875
p3,C,41,104,355,h10,7962087443639829875
p3,Non-ROH,500,0,0,h10,7962087443639829875
p1,A,500,0,0,h10,8021025389252768240
p1,B,246,238,16,h10,8021025389252768240
p1,C,62,56,382,h10,8021025389252768240
p1,Non-ROH,500,0,0,h10,8021025389252768240
p2,A,500,0,0,h10,8021025389252768240
p2,B,446,54,0,h10,8021025389252768240
p2,C,38,105,357,h10,8021025389252768240
p2,Non-ROH,500,0,0,h10,8021025389252768240
p3,A,500,0,0,h10,8021025389252768240
p3,B,451,49,0,h10,8021025389252768240
p3,C,31,140,329,h10,8021025389252768240
p3,Non-ROH,500,0,0,h10,8021025389252768240
p1,A,499,1,0,h10,808778871173812173
p1,B,248,237,15,h10,808778871173812173
p1,C,54,62,384,h10,808778871173812173
p1,Non-ROH,500,0,0,h10,808778871173812173
p2,A,500,0,0,h10,808778871173812173
p2,B,438,62,0,h10,808778871173812173
p2,C,47,85,368,h10,808778871173812173
p2,Non-ROH,500,0,0,h10,808778871173812173
p3,A,500,0,0,h10,808778871173812173
p3,B,457,43,0,h10,808778871173812173
p3,C,43,129,328,h10,808778871173812173
p3,Non-ROH,500,0,0,h10,808778871173812173
p1,A,499,1,0,h10,8105113531810149328
p1,B,208,273,19,h10,8105113531810149328
p1,C,50,106,344,h10,8105113531810149328
p1,Non-ROH,500,0,0,h10,8105113531810149328
p2,A,500,0,0,h10,8105113531810149328
p2,B,410,90,0,h10,8105113531810149328
p2,C,54,130,316,h10,8105113531810149328
p2,Non-ROH,500,0,0,h10,8105113531810149328
p3,A,500,0,0,h10,8105113531810149328
p3,B,461,39,0,h10,8105113531810149328
p3,C,33,113,354,h10,8105113531810149328
p3,Non-ROH,500,0,0,h10,8105113531810149328
p1,A,500,0,0,h10,8152829699244551392
p1,B,219,276,5,h10,8152829699244551392
p1,C,49,70,381,h10,8152829699244551392
p1,Non-ROH,500,0,0,h10,8152829699244551392
p2,A,500,0,0,h10,8152829699244551392
p2,B,359,141,0,h10,8152829699244551392
p2,C,36,97,367,h10,8152829699244551392
p2,Non-ROH,500,0,0,h10,8152829699244551392
p3,A,500,0,0,h10,8152829699244551392
p3,B,442,58,0,h10,8152829699244551392
p3,C,42,102,356,h10,8152829699244551392
p3,Non-ROH,500,0,0,h10,8152829699244551392
p1,A,494,6,0,h10,8159230714493336885
p1,B,230,247,23,h10,8159230714493336885
p1,C,34,80,386,h10,8159230714493336885
p1,Non-ROH,500,0,0,h10,8159230714493336885
p2,A,499,1,0,h10,8159230714493336885
p2,B,397,103,0,h10,8159230714493336885
p2,C,25,85,390,h10,8159230714493336885
p2,Non-ROH,500,0,0,h10,8159230714493336885
p3,A,500,0,0,h10,8159230714493336885
p3,B,452,48,0,h10,8159230714493336885
p3,C,27,101,372,h10,8159230714493336885
p3,Non-ROH,500,0,0,h10,8159230714493336885
p1,A,499,1,0,h10,8163401695404821128
p1,B,263,223,14,h10,8163401695404821128
p1,C,71,56,373,h10,8163401695404821128
p1,Non-ROH,500,0,0,h10,8163401695404821128
p2,A,500,0,0,h10,8163401695404821128
p2,B,396,104,0,h10,8163401695404821128
p2,C,44,108,348,h10,8163401695404821128
p2,Non-ROH,500,0,0,h10,8163401695404821128
p3,A,500,0,0,h10,8163401695404821128
p3,B,430,70,0,h10,8163401695404821128
p3,C,42,135,323,h10,8163401695404821128
p3,Non-ROH,500,0,0,h10,8163401695404821128
p1,A,500,0,0,h10,8178006242395678666
p1,B,198,293,9,h10,8178006242395678666
p1,C,53,102,345,h10,8178006242395678666
p1,Non-ROH,500,0,0,h10,8178006242395678666
p2,A,500,0,0,h10,8178006242395678666
p2,B,349,151,0,h10,8178006242395678666
p2,C,24,125,351,h10,8178006242395678666
p2,Non-ROH,500,0,0,h10,8178006242395678666
p3,A,500,0,0,h10,8178006242395678666
p3,B,405,95,0,h10,8178006242395678666
p3,C,24,126,350,h10,8178006242395678666
p3,Non-ROH,500,0,0,h10,8178006242395678666
p1,A,500,0,0,h10,8218371996293622782
p1,B,229,259,12,h10,8218371996293622782
p1,C,45,70,385,h10,8218371996293622782
p1,Non-ROH,500,0,0,h10,8218371996293622782
p2,A,500,0,0,h10,8218371996293622782
p2,B,396,104,0,h10,8218371996293622782
p2,C,34,130,336,h10,8218371996293622782
p2,Non-ROH,500,0,0,h10,8218371996293622782
p3,A,500,0,0,h10,8218371996293622782
p3,B,471,29,0,h10,8218371996293622782
p3,C,29,129,342,h10,8218371996293622782
p3,Non-ROH,500,0,0,h10,8218371996293622782
p1,A,498,2,0,h10,8226050544434320595
p1,B,235,246,19,h10,8226050544434320595
p1,C,62,78,360,h10,8226050544434320595
p1,Non-ROH,500,0,0,h10,8226050544434320595
p2,A,500,0,0,h10,8226050544434320595
p2,B,418,82,0,h10,8226050544434320595
p2,C,32,77,391,h10,8226050544434320595
p2,Non-ROH,500,0,0,h10,8226050544434320595
p3,A,500,0,0,h10,8226050544434320595
p3,B,472,28,0,h10,8226050544434320595
p3,C,62,143,295,h10,8226050544434320595
p3,Non-ROH,500,0,0,h10,8226050544434320595
p1,A,498,2,0,h10,8228836722842789166
p1,B,221,261,18,h10,8228836722842789166
p1,C,48,67,385,h10,8228836722842789166
p1,Non-ROH,500,0,0,h10,8228836722842789166
p2,A,500,0,0,h10,8228836722842789166
p2,B,378,122,0,h10,8228836722842789166
p2,C,38,82,380,h10,8228836722842789166
p2,Non-ROH,500,0,0,h10,8228836722842789166
p3,A,500,0,0,h10,8228836722842789166
p3,B,417,83,0,h10,8228836722842789166
p3,C,31,92,377,h10,8228836722842789166
p3,Non-ROH,500,0,0,h10,8228836722842789166
p1,A,499,1,0,h10,8239522417594212271
p1,B,232,255,13,h10,8239522417594212271
p1,C,46,86,368,h10,8239522417594212271
p1,Non-ROH,500,0,0,h10,8239522417594212271
p2,A,500,0,0,h10,8239522417594212271
p2,B,425,75,0,h10,8239522417594212271
p2,C,35,96,369,h10,8239522417594212271
p2,Non-ROH,500,0,0,h10,8239522417594212271
p3,A,500,0,0,h10,8239522417594212271
p3,B,434,66,0,h10,8239522417594212271
p3,C,27,141,332,h10,8239522417594212271
p3,Non-ROH,500,0,0,h10,8239522417594212271
p1,A,500,0,0,h10,8244170726258562512
p1,B,222,268,10,h10,8244170726258562512
p1,C,73,49,378,h10,8244170726258562512
p1,Non-ROH,500,0,0,h10,8244170726258562512
p2,A,500,0,0,h10,8244170726258562512
p2,B,397,103,0,h10,8244170726258562512
p2,C,59,62,379,h10,8244170726258562512
p2,Non-ROH,500,0,0,h10,8244170726258562512
p3,A,500,0,0,h10,8244170726258562512
p3,B,444,56,0,h10,8244170726258562512
p3,C,69,79,352,h10,8244170726258562512
p3,Non-ROH,500,0,0,h10,8244170726258562512
p1,A,496,4,0,h10,8270358247173659095
p1,B,149,332,19,h10,8270358247173659095
p1,C,52,74,374,h10,8270358247173659095
p1,Non-ROH,500,0,0,h10,8270358247173659095
p2,A,500,0,0,h10,8270358247173659095
p2,B,351,149,0,h10,8270358247173659095
p2,C,38,91,371,h10,8270358247173659095
p2,Non-ROH,500,0,0,h10,8270358247173659095
p3,A,500,0,0,h10,8270358247173659095
p3,B,402,98,0,h10,8270358247173659095
p3,C,32,97,371,h10,8270358247173659095
p3,Non-ROH,500,0,0,h10,8270358247173659095
p1,A,500,0,0,h10,8287888176416114215
p1,B,184,303,13,h10,8287888176416114215
p1,C,54,85,361,h10,8287888176416114215
p1,Non-ROH,500,0,0,h10,8287888176416114215
p2,A,500,0,0,h10,8287888176416114215
p2,B,416,84,0,h10,8287888176416114215
p2,C,47,65,388,h10,8287888176416114215
p2,Non-ROH,500,0,0,h10,8287888176416114215
p3,A,500,0,0,h10,8287888176416114215
p3,B,445,55,0,h10,8287888176416114215
p3,C,45,125,330,h10,8287888176416114215
p3,Non-ROH,500,0,0,h10,8287888176416114215
p1,A,500,0,0,h10,8290485621051729761
p1,B,202,287,11,h10,8290485621051729761
p1,C,47,78,375,h10,8290485621051729761
p1,Non-ROH,500,0,0,h10,8290485621051729761
p2,A,500,0,0,h10,8290485621051729761
p2,B,420,80,0,h10,8290485621051729761
p2,C,40,124,336,h10,8290485621051729761
p2,Non-ROH,500,0,0,h10,8290485621051729761
p3,A,500,0,0,h10,8290485621051729761
p3,B,446,54,0,h10,8290485621051729761
p3,C,39,136,325,h10,8290485621051729761
p3,Non-ROH,500,0,0,h10,8290485621051729761
p1,A,499,1,0,h10,8308902263339315364
p1,B,176,303,21,h10,8308902263339315364
p1,C,48,82,370,h10,8308902263339315364
p1,Non-ROH,500,0,0,h10,8308902263339315364
p2,A,500,0,0,h10,8308902263339315364
p2,B,410,90,0,h10,8308902263339315364
p2,C,23,101,376,h10,8308902263339315364
p2,Non-ROH,500,0,0,h10,8308902263339315364
p3,A,500,0,0,h10,8308902263339315364
p3,B,436,64,0,h10,8308902263339315364
p3,C,39,112,349,h10,8308902263339315364
p3,Non-ROH,500,0,0,h10,8308902263339315364
p1,A,500,0,0,h10,83234146314578314
p1,B,228,253,19,h10,83234146314578314
p1,C,72,73,355,h10,83234146314578314
p1,Non-ROH,500,0,0,h10,83234146314578314
p2,A,500,0,0,h10,83234146314578314
p2,B,404,96,0,h10,83234146314578314
p2,C,41,66,393,h10,83234146314578314
p2,Non-ROH,500,0,0,h10,83234146314578314
p3,A,500,0,0,h10,83234146314578314
p3,B,455,45,0,h10,83234146314578314
p3,C,140,84,276,h10,83234146314578314
p3,Non-ROH,500,0,0,h10,83234146314578314
p1,A,498,2,0,h10,834878244070258374
p1,B,235,250,15,h10,834878244070258374
p1,C,44,83,373,h10,834878244070258374
p1,Non-ROH,500,0,0,h10,834878244070258374
p2,A,500,0,0,h10,834878244070258374
p2,B,404,96,0,h10,834878244070258374
p2,C,45,110,345,h10,834878244070258374
p2,Non-ROH,500,0,0,h10,834878244070258374
p3,A,500,0,0,h10,834878244070258374
p3,B,451,49,0,h10,834878244070258374
p3,C,56,90,354,h10,834878244070258374
p3,Non-ROH,500,0,0,h10,834878244070258374
p1,A,498,2,0,h10,836555008149158797
p1,B,194,292,14,h10,836555008149158797
p1,C,54,72,374,h10,836555008149158797
p1,Non-ROH,500,0,0,h10,836555008149158797
p2,A,500,0,0,h10,836555008149158797
p2,B,381,119,0,h10,836555008149158797
p2,C,42,98,360,h10,836555008149158797
p2,Non-ROH,500,0,0,h10,836555008149158797
p3,A,500,0,0,h10,836555008149158797
p3,B,422,78,0,h10,836555008149158797
p3,C,45,96,359,h10,836555008149158797
p3,Non-ROH,500,0,0,h10,836555008149158797
p1,A,500,0,0,h10,836583861334234596
p1,B,230,257,13,h10,836583861334234596
p1,C,62,68,370,h10,836583861334234596
p1,Non-ROH,500,0,0,h10,836583861334234596
p2,A,500,0,0,h10,836583861334234596
p2,B,383,117,0,h10,836583861334234596
p2,C,52,90,358,h10,836583861334234596
p2,Non-ROH,500,0,0,h10,836583861334234596
p3,A,500,0,0,h10,836583861334234596
p3,B,441,59,0,h10,836583861334234596
p3,C,53,82,365,h10,836583861334234596
p3,Non-ROH,500,0,0,h10,836583861334234596
p1,A,500,0,0,h10,8371653506175917745
p1,B,228,259,13,h10,8371653506175917745
p1,C,38,94,368,h10,8371653506175917745
p1,Non-ROH,500,0,0,h10,8371653506175917745
p2,A,500,0,0,h10,8371653506175917745
p2,B,401,99,0,h10,8371653506175917745
p2,C,33,145,322,h10,8371653506175917745
p2,Non-ROH,500,0,0,h10,8371653506175917745
p3,A,500,0,0,h10,8371653506175917745
p3,B,441,59,0,h10,8371653506175917745
p3,C,33,200,267,h10,8371653506175917745
p3,Non-ROH,500,0,0,h10,8371653506175917745
p1,A,499,1,0,h10,8402952826270258612
p1,B,210,278,12,h10,8402952826270258612
p1,C,85,43,372,h10,8402952826270258612
p1,Non-ROH,500,0,0,h10,8402952826270258612
p2,A,500,0,0,h10,8402952826270258612
p2,B,377,123,0,h10,8402952826270258612
p2,C,67,41,392,h10,8402952826270258612
p2,Non-ROH,500,0,0,h10,8402952826270258612
p3,A,500,0,0,h10,8402952826270258612
p3,B,438,62,0,h10,8402952826270258612
p3,C,75,80,345,h10,8402952826270258612
p3,Non-ROH,500,0,0,h10,8402952826270258612
p1,A,498,2,0,h10,8417293050309000214
p1,B,198,285,17,h10,8417293050309000214
p1,C,55,87,358,h10,8417293050309000214
p1,Non-ROH,500,0,0,h10,8417293050309000214
p2,A,500,0,0,h10,8417293050309000214
p2,B,388,112,0,h10,8417293050309000214
p2,C,26,107,367,h10,8417293050309000214
p2,Non-ROH,500,0,0,h10,8417293050309000214
p3,A,500,0,0,h10,8417293050309000214
p3,B,419,81,0,h10,8417293050309000214
p3,C,31,93,376,h10,8417293050309000214
p3,Non-ROH,500,0,0,h10,8417293050309000214
p1,A,498,2,0,h10,8435534881343293626
p1,B,200,287,13,h10,8435534881343293626
p1,C,56,86,358,h10,8435534881343293626
p1,Non-ROH,500,0,0,h10,8435534881343293626
p2,A,500,0,0,h10,8435534881343293626
p2,B,400,100,0,h10,8435534881343293626
p2,C,30,119,351,h10,8435534881343293626
p2,Non-ROH,500,0,0,h10,8435534881343293626
p3,A,500,0,0,h10,8435534881343293626
p3,B,434,66,0,h10,8435534881343293626
p3,C,24,105,371,h10,8435534881343293626
p3,Non-ROH,500,0,0,h10,8435534881343293626
p1,A,498,2,0,h10,8458213991679095727
p1,B,215,267,18,h10,8458213991679095727
p1,C,59,64,377,h10,8458213991679095727
p1,Non-ROH,500,0,0,h10,8458213991679095727
p2,A,500,0,0,h10,8458213991679095727
p2,B,402,98,0,h10,8458213991679095727
p2,C,33,132,335,h10,8458213991679095727
p2,Non-ROH,500,0,0,h10,8458213991679095727
p3,A,500,0,0,h10,8458213991679095727
p3,B,446,54,0,h10,8458213991679095727
p3,C,35,160,305,h10,8458213991679095727
p3,Non-ROH,500,0,0,h10,8458213991679095727
p1,A,500,0,0,h10,84611528890519674
p1,B,205,285,10,h10,84611528890519674
p1,C,45,78,377,h10,84611528890519674
p1,Non-ROH,500,0,0,h10,84611528890519674
p2,A,500,0,0,h10,84611528890519674
p2,B,369,131,0,h10,84611528890519674
p2,C,29,112,359,h10,84611528890519674
p2,Non-ROH,500,0,0,h10,84611528890519674
p3,A,500,0,0,h10,84611528890519674
p3,B,423,77,0,h10,84611528890519674
p3,C,36,151,313,h10,84611528890519674
p3,Non-ROH,500,0,0,h10,84611528890519674
p1,A,499,1,0,h10,8492364819380364833
p1,B,223,265,12,h10,8492364819380364833
p1,C,62,87,351,h10,8492364819380364833
p1,Non-ROH,500,0,0,h10,8492364819380364833
p2,A,500,0,0,h10,8492364819380364833
p2,B,394,106,0,h10,8492364819380364833
p2,C,42,138,320,h10,8492364819380364833
p2,Non-ROH,500,0,0,h10,8492364819380364833
p3,A,500,0,0,h10,8492364819380364833
p3,B,435,65,0,h10,8492364819380364833
p3,C,27,210,263,h10,8492364819380364833
p3,Non-ROH,500,0,0,h10,8492364819380364833
p1,A,500,0,0,h10,8552083978907594051
p1,B,217,274,9,h10,8552083978907594051
p1,C,56,77,367,h10,8552083978907594051
p1,Non-ROH,500,0,0,h10,8552083978907594051
p2,A,500,0,0,h10,8552083978907594051
p2,B,369,131,0,h10,8552083978907594051
p2,C,46,85,369,h10,8552083978907594051
p2,Non-ROH,500,0,0,h10,8552083978907594051
p3,A,500,0,0,h10,8552083978907594051
p3,B,438,62,0,h10,8552083978907594051
p3,C,30,89,381,h10,8552083978907594051
p3,Non-ROH,500,0,0,h10,8552083978907594051
p1,A,498,2,0,h10,8562341184736487646
p1,B,202,288,10,h10,8562341184736487646
p1,C,47,74,379,h10,8562341184736487646
p1,Non-ROH,500,0,0,h10,8562341184736487646
p2,A,499,1,0,h10,8562341184736487646
p2,B,401,99,0,h10,8562341184736487646
p2,C,40,98,362,h10,8562341184736487646
p2,Non-ROH,500,0,0,h10,8562341184736487646
p3,A,500,0,0,h10,8562341184736487646
p3,B,422,78,0,h10,8562341184736487646
p3,C,33,103,364,h10,8562341184736487646
p3,Non-ROH,500,0,0,h10,8562341184736487646
p1,A,500,0,0,h10,8572965139062648214
p1,B,225,266,9,h10,8572965139062648214
p1,C,55,63,382,h10,8572965139062648214
p1,Non-ROH,500,0,0,h10,8572965139062648214
p2,A,500,0,0,h10,8572965139062648214
p2,B,408,92,0,h10,8572965139062648214
p2,C,72,96,332,h10,8572965139062648214
p2,Non-ROH,500,0,0,h10,8572965139062648214
p3,A,500,0,0,h10,8572965139062648214
p3,B,454,46,0,h10,8572965139062648214
p3,C,81,104,315,h10,8572965139062648214
p3,Non-ROH,500,0,0,h10,8572965139062648214
p1,A,499,1,0,h10,8583399840470615870
p1,B,219,269,12,h10,8583399840470615870
p1,C,84,53,363,h10,8583399840470615870
p1,Non-ROH,500,0,0,h10,8583399840470615870
p2,A,500,0,0,h10,8583399840470615870
p2,B,405,95,0,h10,8583399840470615870
p2,C,77,53,370,h10,8583399840470615870
p2,Non-ROH,500,0,0,h10,8583399840470615870
p3,A,500,0,0,h10,8583399840470615870
p3,B,436,64,0,h10,8583399840470615870
p3,C,29,96,375,h10,8583399840470615870
p3,Non-ROH,500,0,0,h10,8583399840470615870
p1,A,500,0,0,h10,8609481525693457620
p1,B,234,260,6,h10,8609481525693457620
p1,C,102,49,349,h10,8609481525693457620
p1,Non-ROH,500,0,0,h10,8609481525693457620
p2,A,500,0,0,h10,8609481525693457620
p2,B,420,80,0,h10,8609481525693457620
p2,C,97,32,371,h10,8609481525693457620
p2,Non-ROH,500,0,0,h10,8609481525693457620
p3,A,500,0,0,h10,8609481525693457620
p3,B,457,43,0,h10,8609481525693457620
p3,C,84,37,379,h10,8609481525693457620
p3,Non-ROH,500,0,0,h10,8609481525693457620
p1,A,500,0,0,h10,8618567938178201022
p1,B,257,236,7,h10,8618567938178201022
p1,C,42,55,403,h10,8618567938178201022
p1,Non-ROH,500,0,0,h10,8618567938178201022
p2,A,500,0,0,h10,8618567938178201022
p2,B,432,68,0,h10,8618567938178201022
p2,C,56,87,357,h10,8618567938178201022
p2,Non-ROH,500,0,0,h10,8618567938178201022
p3,A,500,0,0,h10,8618567938178201022
p3,B,462,38,0,h10,8618567938178201022
p3,C,56,112,332,h10,8618567938178201022
p3,Non-ROH,500,0,0,h10,8618567938178201022
p1,A,498,2,0,h10,8627273396965897683
p1,B,229,256,15,h10,8627273396965897683
p1,C,49,95,356,h10,8627273396965897683
p1,Non-ROH,500,0,0,h10,8627273396965897683
p2,A,500,0,0,h10,8627273396965897683
p2,B,398,102,0,h10,8627273396965897683
p2,C,42,61,397,h10,8627273396965897683
p2,Non-ROH,500,0,0,h10,8627273396965897683
p3,A,500,0,0,h10,8627273396965897683
p3,B,442,58,0,h10,8627273396965897683
p3,C,41,124,335,h10,8627273396965897683
p3,Non-ROH,500,0,0,h10,8627273396965897683
p1,A,500,0,0,h10,8648167069339816741
p1,B,205,283,12,h10,8648167069339816741
p1,C,52,91,357,h10,8648167069339816741
p1,Non-ROH,500,0,0,h10,8648167069339816741
p2,A,500,0,0,h10,8648167069339816741
p2,B,400,100,0,h10,8648167069339816741
p2,C,35,110,355,h10,8648167069339816741
p2,Non-ROH,500,0,0,h10,8648167069339816741
p3,A,500,0,0,h10,8648167069339816741
p3,B,413,87,0,h10,8648167069339816741
p3,C,35,94,371,h10,8648167069339816741
p3,Non-ROH,500,0,0,h10,8648167069339816741
p1,A,500,0,0,h10,8661887200876223594
p1,B,263,223,14,h10,8661887200876223594
p1,C,52,80,368,h10,8661887200876223594
p1,Non-ROH,500,0,0,h10,8661887200876223594
p2,A,500,0,0,h10,8661887200876223594
p2,B,417,83,0,h10,8661887200876223594
p2,C,38,157,305,h10,8661887200876223594
p2,Non-ROH,500,0,0,h10,8661887200876223594
p3,A,500,0,0,h10,8661887200876223594
p3,B,460,40,0,h10,8661887200876223594
p3,C,34,97,369,h10,8661887200876223594
p3,Non-ROH,500,0,0,h10,8661887200876223594
p1,A,499,1,0,h10,8661934128091045586
p1,B,193,293,14,h10,8661934128091045586
p1,C,53,73,374,h10,8661934128091045586
p1,Non-ROH,500,0,0,h10,8661934128091045586
p2,A,500,0,0,h10,8661934128091045586
p2,B,404,96,0,h10,8661934128091045586
p2,C,40,139,321,h10,8661934128091045586
p2,Non-ROH,500,0,0,h10,8661934128091045586
p3,A,500,0,0,h10,8661934128091045586
p3,B,444,56,0,h10,8661934128091045586
p3,C,38,103,359,h10,8661934128091045586
p3,Non-ROH,500,0,0,h10,8661934128091045586
p1,A,499,1,0,h10,8694791995238324623
p1,B,240,244,16,h10,8694791995238324623
p1,C,58,64,378,h10,8694791995238324623
p1,Non-ROH,500,0,0,h10,8694791995238324623
p2,A,500,0,0,h10,8694791995238324623
p2,B,409,91,0,h10,8694791995238324623
p2,C,41,74,385,h10,8694791995238324623
p2,Non-ROH,500,0,0,h10,8694791995238324623
p3,A,500,0,0,h10,8694791995238324623
p3,B,448,52,0,h10,8694791995238324623
p3,C,34,116,350,h10,8694791995238324623
p3,Non-ROH,500,0,0,h10,8694791995238324623
p1,A,500,0,0,h10,8725947014532028924
p1,B,210,280,10,h10,8725947014532028924
p1,C,53,91,356,h10,8725947014532028924
p1,Non-ROH,500,0,0,h10,8725947014532028924
p2,A,500,0,0,h10,8725947014532028924
p2,B,402,98,0,h10,8725947014532028924
p2,C,40,120,340,h10,8725947014532028924
p2,Non-ROH,500,0,0,h10,8725947014532028924
p3,A,500,0,0,h10,8725947014532028924
p3,B,430,70,0,h10,8725947014532028924
p3,C,31,115,354,h10,8725947014532028924
p3,Non-ROH,500,0,0,h10,8725947014532028924
p1,A,498,2,0,h10,8729589802439719831
p1,B,182,304,14,h10,8729589802439719831
p1,C,57,65,378,h10,8729589802439719831
p1,Non-ROH,500,0,0,h10,8729589802439719831
p2,A,500,0,0,h10,8729589802439719831
p2,B,371,129,0,h10,8729589802439719831
p2,C,69,99,332,h10,8729589802439719831
p2,Non-ROH,500,0,0,h10,8729589802439719831
p3,A,500,0,0,h10,8729589802439719831
p3,B,398,102,0,h10,8729589802439719831
p3,C,81,54,365,h10,8729589802439719831
p3,Non-ROH,500,0,0,h10,8729589802439719831
p1,A,499,1,0,h10,8733100458151943719
p1,B,198,289,13,h10,8733100458151943719
p1,C,54,81,365,h10,8733100458151943719
p1,Non-ROH,500,0,0,h10,8733100458151943719
p2,A,500,0,0,h10,8733100458151943719
p2,B,408,92,0,h10,8733100458151943719
p2,C,38,81,381,h10,8733100458151943719
p2,Non-ROH,500,0,0,h10,8733100458151943719
p3,A,500,0,0,h10,8733100458151943719
p3,B,421,79,0,h10,8733100458151943719
p3,C,52,84,364,h10,8733100458151943719
p3,Non-ROH,500,0,0,h10,8733100458151943719
p1,A,500,0,0,h10,8751082343523974119
p1,B,259,229,12,h10,8751082343523974119
p1,C,54,85,361,h10,8751082343523974119
p1,Non-ROH,500,0,0,h10,8751082343523974119
p2,A,500,0,0,h10,8751082343523974119
p2,B,413,87,0,h10,8751082343523974119
p2,C,46,96,358,h10,8751082343523974119
p2,Non-ROH,500,0,0,h10,8751082343523974119
p3,A,500,0,0,h10,8751082343523974119
p3,B,450,50,0,h10,8751082343523974119
p3,C,43,142,315,h10,8751082343523974119
p3,Non-ROH,500,0,0,h10,8751082343523974119
p1,A,498,2,0,h10,87646660934494159
p1,B,182,303,15,h10,87646660934494159
p1,C,56,79,365,h10,87646660934494159
p1,Non-ROH,500,0,0,h10,87646660934494159
p2,A,500,0,0,h10,87646660934494159
p2,B,408,92,0,h10,87646660934494159
p2,C,37,66,397,h10,87646660934494159
p2,Non-ROH,500,0,0,h10,87646660934494159
p3,A,500,0,0,h10,87646660934494159
p3,B,435,65,0,h10,87646660934494159
p3,C,26,95,379,h10,87646660934494159
p3,Non-ROH,500,0,0,h10,87646660934494159
p1,A,500,0,0,h10,8788957990036707211
p1,B,233,254,13,h10,8788957990036707211
p1,C,56,70,374,h10,8788957990036707211
p1,Non-ROH,500,0,0,h10,8788957990036707211
p2,A,500,0,0,h10,8788957990036707211
p2,B,388,112,0,h10,8788957990036707211
p2,C,33,90,377,h10,8788957990036707211
p2,Non-ROH,500,0,0,h10,8788957990036707211
p3,A,500,0,0,h10,8788957990036707211
p3,B,440,60,0,h10,8788957990036707211
p3,C,42,105,353,h10,8788957990036707211
p3,Non-ROH,500,0,0,h10,8788957990036707211
p1,A,500,0,0,h10,8799833193724629835
p1,B,204,284,12,h10,8799833193724629835
p1,C,54,82,364,h10,8799833193724629835
p1,Non-ROH,500,0,0,h10,8799833193724629835
p2,A,500,0,0,h10,8799833193724629835
p2,B,369,131,0,h10,8799833193724629835
p2,C,32,98,370,h10,8799833193724629835
p2,Non-ROH,500,0,0,h10,8799833193724629835
p3,A,500,0,0,h10,8799833193724629835
p3,B,452,48,0,h10,8799833193724629835
p3,C,25,124,351,h10,8799833193724629835
p3,Non-ROH,500,0,0,h10,8799833193724629835
p1,A,499,1,0,h10,8802582843542988054
p1,B,230,257,13,h10,8802582843542988054
p1,C,63,68,369,h10,8802582843542988054
p1,Non-ROH,500,0,0,h10,8802582843542988054
p2,A,500,0,0,h10,8802582843542988054
p2,B,399,101,0,h10,8802582843542988054
p2,C,46,90,364,h10,8802582843542988054
p2,Non-ROH,500,0,0,h10,8802582843542988054
p3,A,500,0,0,h10,8802582843542988054
p3,B,452,48,0,h10,8802582843542988054
p3,C,36,115,349,h10,8802582843542988054
p3,Non-ROH,500,0,0,h10,8802582843542988054
p1,A,498,1,1,h10,8812737319769808324
p1,B,231,254,15,h10,8812737319769808324
p1,C,58,83,359,h10,8812737319769808324
p1,Non-ROH,499,0,0,h10,8812737319769808324
p2,A,500,0,0,h10,8812737319769808324
p2,B,417,83,0,h10,8812737319769808324
p2,C,27,123,350,h10,8812737319769808324
p2,Non-ROH,500,0,0,h10,8812737319769808324
p3,A,500,0,0,h10,8812737319769808324
p3,B,458,42,0,h10,8812737319769808324
p3,C,42,109,349,h10,8812737319769808324
p3,Non-ROH,500,0,0,h10,8812737319769808324
p1,A,499,1,0,h10,8852931104530757226
p1,B,211,276,13,h10,8852931104530757226
p1,C,77,62,361,h10,8852931104530757226
p1,Non-ROH,500,0,0,h10,8852931104530757226
p2,A,500,0,0,h10,8852931104530757226
p2,B,418,82,0,h10,8852931104530757226
p2,C,56,81,363,h10,8852931104530757226
p2,Non-ROH,500,0,0,h10,8852931104530757226
p3,A,500,0,0,h10,8852931104530757226
p3,B,445,55,0,h10,8852931104530757226
p3,C,41,64,395,h10,8852931104530757226
p3,Non-ROH,500,0,0,h10,8852931104530757226
p1,A,500,0,0,h10,8853182830805833249
p1,B,260,233,7,h10,8853182830805833249
p1,C,90,44,366,h10,8853182830805833249
p1,Non-ROH,500,0,0,h10,8853182830805833249
p2,A,500,0,0,h10,8853182830805833249
p2,B,431,69,0,h10,8853182830805833249
p2,C,116,28,356,h10,8853182830805833249
p2,Non-ROH,500,0,0,h10,8853182830805833249
p3,A,500,0,0,h10,8853182830805833249
p3,B,464,36,0,h10,8853182830805833249
p3,C,135,41,324,h10,8853182830805833249
p3,Non-ROH,500,0,0,h10,8853182830805833249
p1,A,500,0,0,h10,8882506945447814248
p1,B,243,245,12,h10,8882506945447814248
p1,C,50,85,365,h10,8882506945447814248
p1,Non-ROH,500,0,0,h10,8882506945447814248
p2,A,500,0,0,h10,8882506945447814248
p2,B,394,106,0,h10,8882506945447814248
p2,C,46,78,376,h10,8882506945447814248
p2,Non-ROH,500,0,0,h10,8882506945447814248
p3,A,500,0,0,h10,8882506945447814248
p3,B,471,29,0,h10,8882506945447814248
p3,C,46,160,294,h10,8882506945447814248
p3,Non-ROH,500,0,0,h10,8882506945447814248
p1,A,500,0,0,h10,8895313445287964839
p1,B,248,234,18,h10,8895313445287964839
p1,C,66,63,371,h10,8895313445287964839
p1,Non-ROH,500,0,0,h10,8895313445287964839
p2,A,500,0,0,h10,8895313445287964839
p2,B,424,75,1,h10,8895313445287964839
p2,C,57,74,369,h10,8895313445287964839
p2,Non-ROH,500,0,0,h10,8895313445287964839
p3,A,500,0,0,h10,8895313445287964839
p3,B,478,22,0,h10,8895313445287964839
p3,C,61,69,370,h10,8895313445287964839
p3,Non-ROH,500,0,0,h10,8895313445287964839
p1,A,498,2,0,h10,8912125499415277182
p1,B,223,264,13,h10,8912125499415277182
p1,C,50,78,372,h10,8912125499415277182
p1,Non-ROH,500,0,0,h10,8912125499415277182
p2,A,500,0,0,h10,8912125499415277182
p2,B,404,96,0,h10,8912125499415277182
p2,C,20,87,393,h10,8912125499415277182
p2,Non-ROH,500,0,0,h10,8912125499415277182
p3,A,500,0,0,h10,8912125499415277182
p3,B,438,62,0,h10,8912125499415277182
p3,C,31,78,391,h10,8912125499415277182
p3,Non-ROH,500,0,0,h10,8912125499415277182
p1,A,500,0,0,h10,8944542192272670377
p1,B,214,271,15,h10,8944542192272670377
p1,C,64,66,370,h10,8944542192272670377
p1,Non-ROH,500,0,0,h10,8944542192272670377
p2,A,500,0,0,h10,8944542192272670377
p2,B,422,78,0,h10,8944542192272670377
p2,C,28,98,374,h10,8944542192272670377
p2,Non-ROH,500,0,0,h10,8944542192272670377
p3,A,500,0,0,h10,8944542192272670377
p3,B,439,61,0,h10,8944542192272670377
p3,C,32,77,391,h10,8944542192272670377
p3,Non-ROH,500,0,0,h10,8944542192272670377
p1,A,498,2,0,h10,8980907254555784169
p1,B,201,283,16,h10,8980907254555784169
p1,C,48,106,346,h10,8980907254555784169
p1,Non-ROH,500,0,0,h10,8980907254555784169
p2,A,500,0,0,h10,8980907254555784169
p2,B,378,122,0,h10,8980907254555784169
p2,C,35,88,377,h10,8980907254555784169
p2,Non-ROH,500,0,0,h10,8980907254555784169
p3,A,500,0,0,h10,8980907254555784169
p3,B,455,45,0,h10,8980907254555784169
p3,C,57,107,336,h10,8980907254555784169
p3,Non-ROH,500,0,0,h10,8980907254555784169
p1,A,498,2,0,h10,9024077620395195440
p1,B,193,292,15,h10,9024077620395195440
p1,C,48,83,369,h10,9024077620395195440
p1,Non-ROH,500,0,0,h10,9024077620395195440
p2,A,500,0,0,h10,9024077620395195440
p2,B,393,107,0,h10,9024077620395195440
p2,C,34,77,389,h10,9024077620395195440
p2,Non-ROH,500,0,0,h10,9024077620395195440
p3,A,500,0,0,h10,9024077620395195440
p3,B,444,56,0,h10,9024077620395195440
p3,C,36,122,342,h10,9024077620395195440
p3,Non-ROH,500,0,0,h10,9024077620395195440
p1,A,500,0,0,h10,9027202699263020636
p1,B,226,265,9,h10,9027202699263020636
p1,C,54,81,365,h10,9027202699263020636
p1,Non-ROH,500,0,0,h10,9027202699263020636
p2,A,500,0,0,h10,9027202699263020636
p2,B,413,87,0,h10,9027202699263020636
p2,C,42,111,347,h10,9027202699263020636
p2,Non-ROH,500,0,0,h10,9027202699263020636
p3,A,500,0,0,h10,9027202699263020636
p3,B,433,67,0,h10,9027202699263020636
p3,C,34,167,299,h10,9027202699263020636
p3,Non-ROH,500,0,0,h10,9027202699263020636
p1,A,500,0,0,h10,9038948647962637605
p1,B,227,255,18,h10,9038948647962637605
p1,C,60,76,364,h10,9038948647962637605
p1,Non-ROH,500,0,0,h10,9038948647962637605
p2,A,500,0,0,h10,9038948647962637605
p2,B,390,110,0,h10,9038948647962637605
p2,C,30,69,401,h10,9038948647962637605
p2,Non-ROH,500,0,0,h10,9038948647962637605
p3,A,500,0,0,h10,9038948647962637605
p3,B,418,82,0,h10,9038948647962637605
p3,C,37,116,347,h10,9038948647962637605
p3,Non-ROH,500,0,0,h10,9038948647962637605
p1,A,496,4,0,h10,9089703328125822051
p1,B,195,289,16,h10,9089703328125822051
p1,C,49,97,354,h10,9089703328125822051
p1,Non-ROH,500,0,0,h10,9089703328125822051
p2,A,500,0,0,h10,9089703328125822051
p2,B,394,106,0,h10,9089703328125822051
p2,C,35,104,361,h10,9089703328125822051
p2,Non-ROH,500,0,0,h10,9089703328125822051
p3,A,500,0,0,h10,9089703328125822051
p3,B,435,65,0,h10,9089703328125822051
p3,C,29,104,367,h10,9089703328125822051
p3,Non-ROH,500,0,0,h10,9089703328125822051
p1,A,499,1,0,h10,9112991610827393496
p1,B,201,282,17,h10,9112991610827393496
p1,C,68,72,360,h10,9112991610827393496
p1,Non-ROH,500,0,0,h10,9112991610827393496
p2,A,500,0,0,h10,9112991610827393496
p2,B,417,83,0,h10,9112991610827393496
p2,C,36,95,369,h10,9112991610827393496
p2,Non-ROH,500,0,0,h10,9112991610827393496
p3,A,500,0,0,h10,9112991610827393496
p3,B,451,49,0,h10,9112991610827393496
p3,C,39,79,382,h10,9112991610827393496
p3,Non-ROH,500,0,0,h10,9112991610827393496
p1,A,500,0,0,h10,9137410592997735777
p1,B,199,286,15,h10,9137410592997735777
p1,C,34,68,398,h10,9137410592997735777
p1,Non-ROH,500,0,0,h10,9137410592997735777
p2,A,500,0,0,h10,9137410592997735777
p2,B,382,118,0,h10,9137410592997735777
p2,C,36,100,364,h10,9137410592997735777
p2,Non-ROH,500,0,0,h10,9137410592997735777
p3,A,500,0,0,h10,9137410592997735777
p3,B,447,53,0,h10,9137410592997735777
p3,C,37,110,353,h10,9137410592997735777
p3,Non-ROH,500,0,0,h10,9137410592997735777
p1,A,500,0,0,h10,9157243056359000886
p1,B,215,273,12,h10,9157243056359000886
p1,C,55,92,353,h10,9157243056359000886
p1,Non-ROH,500,0,0,h10,9157243056359000886
p2,A,500,0,0,h10,9157243056359000886
p2,B,416,84,0,h10,9157243056359000886
p2,C,30,92,378,h10,9157243056359000886
p2,Non-ROH,500,0,0,h10,9157243056359000886
p3,A,500,0,0,h10,9157243056359000886
p3,B,444,56,0,h10,9157243056359000886
p3,C,38,174,288,h10,9157243056359000886
p3,Non-ROH,500,0,0,h10,9157243056359000886
p1,A,499,1,0,h10,9159305985909844775
p1,B,207,282,11,h10,9159305985909844775
p1,C,52,84,364,h10,9159305985909844775
p1,Non-ROH,500,0,0,h10,9159305985909844775
p2,A,500,0,0,h10,9159305985909844775
p2,B,411,89,0,h10,9159305985909844775
p2,C,55,115,330,h10,9159305985909844775
p2,Non-ROH,500,0,0,h10,9159305985909844775
p3,A,500,0,0,h10,9159305985909844775
p3,B,443,57,0,h10,9159305985909844775
p3,C,48,141,311,h10,9159305985909844775
p3,Non-ROH,500,0,0,h10,9159305985909844775
p1,A,499,1,0,h10,917475714254783588
p1,B,243,241,16,h10,917475714254783588
p1,C,69,73,358,h10,917475714254783588
p1,Non-ROH,500,0,0,h10,917475714254783588
p2,A,500,0,0,h10,917475714254783588
p2,B,418,82,0,h10,917475714254783588
p2,C,57,97,346,h10,917475714254783588
p2,Non-ROH,500,0,0,h10,917475714254783588
p3,A,500,0,0,h10,917475714254783588
p3,B,462,38,0,h10,917475714254783588
p3,C,33,115,352,h10,917475714254783588
p3,Non-ROH,500,0,0,h10,917475714254783588
p1,A,500,0,0,h10,9193094065305181273
p1,B,188,297,15,h10,9193094065305181273
p1,C,42,76,382,h10,9193094065305181273
p1,Non-ROH,500,0,0,h10,9193094065305181273
p2,A,500,0,0,h10,9193094065305181273
p2,B,352,148,0,h10,9193094065305181273
p2,C,45,86,369,h10,9193094065305181273
p2,Non-ROH,500,0,0,h10,9193094065305181273
p3,A,500,0,0,h10,9193094065305181273
p3,B,433,67,0,h10,9193094065305181273
p3,C,20,103,377,h10,9193094065305181273
p3,Non-ROH,500,0,0,h10,9193094065305181273
p1,A,500,0,0,h10,9213309833582916430
p1,B,183,299,18,h10,9213309833582916430
p1,C,50,97,353,h10,9213309833582916430
p1,Non-ROH,500,0,0,h10,9213309833582916430
p2,A,500,0,0,h10,9213309833582916430
p2,B,386,114,0,h10,9213309833582916430
p2,C,33,148,319,h10,9213309833582916430
p2,Non-ROH,500,0,0,h10,9213309833582916430
p3,A,500,0,0,h10,9213309833582916430
p3,B,435,65,0,h10,9213309833582916430
p3,C,35,177,288,h10,9213309833582916430
p3,Non-ROH,500,0,0,h10,9213309833582916430
p1,A,499,1,0,h10,9215426527681091694
p1,B,163,320,17,h10,9215426527681091694
p1,C,51,80,369,h10,9215426527681091694
p1,Non-ROH,500,0,0,h10,9215426527681091694
p2,A,500,0,0,h10,9215426527681091694
p2,B,373,127,0,h10,9215426527681091694
p2,C,33,98,369,h10,9215426527681091694
p2,Non-ROH,500,0,0,h10,9215426527681091694
p3,A,500,0,0,h10,9215426527681091694
p3,B,387,113,0,h10,9215426527681091694
p3,C,32,107,361,h10,9215426527681091694
p3,Non-ROH,500,0,0,h10,9215426527681091694
p1,A,499,1,0,h10,930005913528195296
p1,B,213,272,15,h10,930005913528195296
p1,C,50,82,368,h10,930005913528195296
p1,Non-ROH,500,0,0,h10,930005913528195296
p2,A,500,0,0,h10,930005913528195296
p2,B,398,102,0,h10,930005913528195296
p2,C,40,123,337,h10,930005913528195296
p2,Non-ROH,500,0,0,h10,930005913528195296
p3,A,500,0,0,h10,930005913528195296
p3,B,444,56,0,h10,930005913528195296
p3,C,42,160,298,h10,930005913528195296
p3,Non-ROH,500,0,0,h10,930005913528195296
p1,A,500,0,0,h10,944884178138102917
p1,B,243,241,16,h10,944884178138102917
p1,C,50,81,369,h10,944884178138102917
p1,Non-ROH,500,0,0,h10,944884178138102917
p2,A,500,0,0,h10,944884178138102917
p2,B,418,82,0,h10,944884178138102917
p2,C,27,79,394,h10,944884178138102917
p2,Non-ROH,500,0,0,h10,944884178138102917
p3,A,500,0,0,h10,944884178138102917
p3,B,456,44,0,h10,944884178138102917
p3,C,42,137,321,h10,944884178138102917
p3,Non-ROH,500,0,0,h10,944884178138102917
p1,A,499,1,0,h10,961054276216248208
p1,B,209,277,14,h10,961054276216248208
p1,C,48,84,368,h10,961054276216248208
p1,Non-ROH,500,0,0,h10,961054276216248208
p2,A,500,0,0,h10,961054276216248208
p2,B,345,155,0,h10,961054276216248208
p2,C,35,113,352,h10,961054276216248208
p2,Non-ROH,500,0,0,h10,961054276216248208
p3,A,500,0,0,h10,961054276216248208
p3,B,392,108,0,h10,961054276216248208
p3,C,23,88,389,h10,961054276216248208
p3,Non-ROH,500,0,0,h10,961054276216248208
p1,A,498,2,0,h10,98110105736611109
p1,B,234,248,18,h10,98110105736611109
p1,C,60,66,374,h10,98110105736611109
p1,Non-ROH,500,0,0,h10,98110105736611109
p2,A,500,0,0,h10,98110105736611109
p2,B,391,109,0,h10,98110105736611109
p2,C,41,95,364,h10,98110105736611109
p2,Non-ROH,500,0,0,h10,98110105736611109
p3,A,500,0,0,h10,98110105736611109
p3,B,442,58,0,h10,98110105736611109
p3,C,24,94,382,h10,98110105736611109
p3,Non-ROH,500,0,0,h10,98110105736611109
p1,A,500,0,0,h10,996766098330744591
p1,B,218,267,15,h10,996766098330744591
p1,C,39,75,386,h10,996766098330744591
p1,Non-ROH,500,0,0,h10,996766098330744591
p2,A,500,0,0,h10,996766098330744591
p2,B,399,101,0,h10,996766098330744591
p2,C,38,56,406,h10,996766098330744591
p2,Non-ROH,500,0,0,h10,996766098330744591
p3,A,500,0,0,h10,996766098330744591
p3,B,446,54,0,h10,996766098330744591
p3,C,38,88,374,h10,996766098330744591
p3,Non-ROH,500,0,0,h10,996766098330744591
p1,A,500,0,0,h15,1006483251401867094
p1,B,195,294,11,h15,1006483251401867094
p1,C,52,85,363,h15,1006483251401867094
p1,Non-ROH,500,0,0,h15,1006483251401867094
p2,A,500,0,0,h15,1006483251401867094
p2,B,365,135,0,h15,1006483251401867094
p2,C,31,94,375,h15,1006483251401867094
p2,Non-ROH,500,0,0,h15,1006483251401867094
p3,A,500,0,0,h15,1006483251401867094
p3,B,424,76,0,h15,1006483251401867094
p3,C,39,75,386,h15,1006483251401867094
p3,Non-ROH,500,0,0,h15,1006483251401867094
p1,A,500,0,0,h15,1010248410075734988
p1,B,252,236,12,h15,1010248410075734988
p1,C,70,63,367,h15,1010248410075734988
p1,Non-ROH,500,0,0,h15,1010248410075734988
p2,A,500,0,0,h15,1010248410075734988
p2,B,435,65,0,h15,1010248410075734988
p2,C,51,82,367,h15,1010248410075734988
p2,Non-ROH,500,0,0,h15,1010248410075734988
p3,A,500,0,0,h15,1010248410075734988
p3,B,459,41,0,h15,1010248410075734988
p3,C,48,93,359,h15,1010248410075734988
p3,Non-ROH,500,0,0,h15,1010248410075734988
p1,A,499,1,0,h15,1025853212617610583
p1,B,195,293,12,h15,1025853212617610583
p1,C,49,80,371,h15,1025853212617610583
p1,Non-ROH,500,0,0,h15,1025853212617610583
p2,A,500,0,0,h15,1025853212617610583
p2,B,400,100,0,h15,1025853212617610583
p2,C,36,143,321,h15,1025853212617610583
p2,Non-ROH,500,0,0,h15,1025853212617610583
p3,A,500,0,0,h15,1025853212617610583
p3,B,420,80,0,h15,1025853212617610583
p3,C,34,104,362,h15,1025853212617610583
p3,Non-ROH,500,0,0,h15,1025853212617610583
p1,A,500,0,0,h15,1047986799130361660
p1,B,216,271,13,h15,1047986799130361660
p1,C,58,76,366,h15,1047986799130361660
p1,Non-ROH,500,0,0,h15,1047986799130361660
p2,A,500,0,0,h15,1047986799130361660
p2,B,393,107,0,h15,1047986799130361660
p2,C,35,71,394,h15,1047986799130361660
p2,Non-ROH,500,0,0,h15,1047986799130361660
p3,A,500,0,0,h15,1047986799130361660
p3,B,441,59,0,h15,1047986799130361660
p3,C,68,77,355,h15,1047986799130361660
p3,Non-ROH,500,0,0,h15,1047986799130361660
p1,A,499,1,0,h15,1055839648648687287
p1,B,192,292,16,h15,1055839648648687287
p1,C,63,70,367,h15,1055839648648687287
p1,Non-ROH,500,0,0,h15,1055839648648687287
p2,A,500,0,0,h15,1055839648648687287
p2,B,332,168,0,h15,1055839648648687287
p2,C,39,108,353,h15,1055839648648687287
p2,Non-ROH,500,0,0,h15,1055839648648687287
p3,A,500,0,0,h15,1055839648648687287
p3,B,401,99,0,h15,1055839648648687287
p3,C,37,95,368,h15,1055839648648687287
p3,Non-ROH,500,0,0,h15,1055839648648687287
p1,A,500,0,0,h15,1058563980818626152
p1,B,223,267,10,h15,1058563980818626152
p1,C,58,85,357,h15,1058563980818626152
p1,Non-ROH,500,0,0,h15,1058563980818626152
p2,A,500,0,0,h15,1058563980818626152
p2,B,402,98,0,h15,1058563980818626152
p2,C,50,86,364,h15,1058563980818626152
p2,Non-ROH,500,0,0,h15,1058563980818626152
p3,A,500,0,0,h15,1058563980818626152
p3,B,464,36,0,h15,1058563980818626152
p3,C,29,104,367,h15,1058563980818626152
p3,Non-ROH,500,0,0,h15,1058563980818626152
p1,A,499,1,0,h15,1075118180271889709
p1,B,225,265,10,h15,1075118180271889709
p1,C,51,88,361,h15,1075118180271889709
p1,Non-ROH,500,0,0,h15,1075118180271889709
p2,A,500,0,0,h15,1075118180271889709
p2,B,405,95,0,h15,1075118180271889709
p2,C,41,89,370,h15,1075118180271889709
p2,Non-ROH,500,0,0,h15,1075118180271889709
p3,A,500,0,0,h15,1075118180271889709
p3,B,444,56,0,h15,1075118180271889709
p3,C,31,130,339,h15,1075118180271889709
p3,Non-ROH,500,0,0,h15,1075118180271889709
p1,A,500,0,0,h15,1103544730880859066
p1,B,220,263,17,h15,1103544730880859066
p1,C,66,65,369,h15,1103544730880859066
p1,Non-ROH,500,0,0,h15,1103544730880859066
p2,A,500,0,0,h15,1103544730880859066
p2,B,424,76,0,h15,1103544730880859066
p2,C,68,69,363,h15,1103544730880859066
p2,Non-ROH,500,0,0,h15,1103544730880859066
p3,A,500,0,0,h15,1103544730880859066
p3,B,454,46,0,h15,1103544730880859066
p3,C,83,69,348,h15,1103544730880859066
p3,Non-ROH,500,0,0,h15,1103544730880859066
p1,A,500,0,0,h15,1175545431730286053
p1,B,250,241,9,h15,1175545431730286053
p1,C,58,65,377,h15,1175545431730286053
p1,Non-ROH,500,0,0,h15,1175545431730286053
p2,A,500,0,0,h15,1175545431730286053
p2,B,415,85,0,h15,1175545431730286053
p2,C,41,160,299,h15,1175545431730286053
p2,Non-ROH,500,0,0,h15,1175545431730286053
p3,A,500,0,0,h15,1175545431730286053
p3,B,474,26,0,h15,1175545431730286053
p3,C,40,132,328,h15,1175545431730286053
p3,Non-ROH,500,0,0,h15,1175545431730286053
p1,A,500,0,0,h15,1268756810187455068
p1,B,250,234,16,h15,1268756810187455068
p1,C,62,60,378,h15,1268756810187455068
p1,Non-ROH,500,0,0,h15,1268756810187455068
p2,A,500,0,0,h15,1268756810187455068
p2,B,439,61,0,h15,1268756810187455068
p2,C,35,69,396,h15,1268756810187455068
p2,Non-ROH,500,0,0,h15,1268756810187455068
p3,A,500,0,0,h15,1268756810187455068
p3,B,475,25,0,h15,1268756810187455068
p3,C,43,168,289,h15,1268756810187455068
p3,Non-ROH,500,0,0,h15,1268756810187455068
p1,A,500,0,0,h15,1271887722132963792
p1,B,209,276,15,h15,1271887722132963792
p1,C,78,50,372,h15,1271887722132963792
p1,Non-ROH,500,0,0,h15,1271887722132963792
p2,A,500,0,0,h15,1271887722132963792
p2,B,384,116,0,h15,1271887722132963792
p2,C,88,61,351,h15,1271887722132963792
p2,Non-ROH,500,0,0,h15,1271887722132963792
p3,A,500,0,0,h15,1271887722132963792
p3,B,451,49,0,h15,1271887722132963792
p3,C,97,47,356,h15,1271887722132963792
p3,Non-ROH,500,0,0,h15,1271887722132963792
p1,A,499,1,0,h15,1274072017815295054
p1,B,249,235,16,h15,1274072017815295054
p1,C,51,84,365,h15,1274072017815295054
p1,Non-ROH,500,0,0,h15,1274072017815295054
p2,A,500,0,0,h15,1274072017815295054
p2,B,421,79,0,h15,1274072017815295054
p2,C,42,114,344,h15,1274072017815295054
p2,Non-ROH,500,0,0,h15,1274072017815295054
p3,A,500,0,0,h15,1274072017815295054
p3,B,463,37,0,h15,1274072017815295054
p3,C,47,125,328,h15,1274072017815295054
p3,Non-ROH,500,0,0,h15,1274072017815295054
p1,A,499,1,0,h15,1280586274031302672
p1,B,214,272,14,h15,1280586274031302672
p1,C,50,86,364,h15,1280586274031302672
p1,Non-ROH,500,0,0,h15,1280586274031302672
p2,A,500,0,0,h15,1280586274031302672
p2,B,401,99,0,h15,1280586274031302672
p2,C,31,132,337,h15,1280586274031302672
p2,Non-ROH,500,0,0,h15,1280586274031302672
p3,A,500,0,0,h15,1280586274031302672
p3,B,445,55,0,h15,1280586274031302672
p3,C,32,111,357,h15,1280586274031302672
p3,Non-ROH,500,0,0,h15,1280586274031302672
p1,A,497,3,0,h15,1283396242184346416
p1,B,222,266,12,h15,1283396242184346416
p1,C,59,94,347,h15,1283396242184346416
p1,Non-ROH,500,0,0,h15,1283396242184346416
p2,A,500,0,0,h15,1283396242184346416
p2,B,403,97,0,h15,1283396242184346416
p2,C,44,100,356,h15,1283396242184346416
p2,Non-ROH,500,0,0,h15,1283396242184346416
p3,A,500,0,0,h15,1283396242184346416
p3,B,457,43,0,h15,1283396242184346416
p3,C,31,158,311,h15,1283396242184346416
p3,Non-ROH,500,0,0,h15,1283396242184346416
p1,A,499,1,0,h15,1291462818127454420
p1,B,204,281,15,h15,1291462818127454420
p1,C,48,97,355,h15,1291462818127454420
p1,Non-ROH,500,0,0,h15,1291462818127454420
p2,A,500,0,0,h15,1291462818127454420
p2,B,388,112,0,h15,1291462818127454420
p2,C,43,149,308,h15,1291462818127454420
p2,Non-ROH,500,0,0,h15,1291462818127454420
p3,A,500,0,0,h15,1291462818127454420
p3,B,464,36,0,h15,1291462818127454420
p3,C,34,90,376,h15,1291462818127454420
p3,Non-ROH,500,0,0,h15,1291462818127454420
p1,A,498,2,0,h15,1294799392044852467
p1,B,194,292,14,h15,1294799392044852467
p1,C,54,76,370,h15,1294799392044852467
p1,Non-ROH,500,0,0,h15,1294799392044852467
p2,A,500,0,0,h15,1294799392044852467
p2,B,359,141,0,h15,1294799392044852467
p2,C,43,116,341,h15,1294799392044852467
p2,Non-ROH,500,0,0,h15,1294799392044852467
p3,A,500,0,0,h15,1294799392044852467
p3,B,444,56,0,h15,1294799392044852467
p3,C,27,93,380,h15,1294799392044852467
p3,Non-ROH,500,0,0,h15,1294799392044852467
p1,A,500,0,0,h15,1298950186104188190
p1,B,227,255,18,h15,1298950186104188190
p1,C,46,63,391,h15,1298950186104188190
p1,Non-ROH,500,0,0,h15,1298950186104188190
p2,A,500,0,0,h15,1298950186104188190
p2,B,391,109,0,h15,1298950186104188190
p2,C,40,86,374,h15,1298950186104188190
p2,Non-ROH,500,0,0,h15,1298950186104188190
p3,A,500,0,0,h15,1298950186104188190
p3,B,437,63,0,h15,1298950186104188190
p3,C,31,100,369,h15,1298950186104188190
p3,Non-ROH,500,0,0,h15,1298950186104188190
p1,A,500,0,0,h15,133872839800916480
p1,B,242,236,22,h15,133872839800916480
p1,C,56,63,381,h15,133872839800916480
p1,Non-ROH,500,0,0,h15,133872839800916480
p2,A,500,0,0,h15,133872839800916480
p2,B,405,95,0,h15,133872839800916480
p2,C,37,66,397,h15,133872839800916480
p2,Non-ROH,500,0,0,h15,133872839800916480
p3,A,500,0,0,h15,133872839800916480
p3,B,473,27,0,h15,133872839800916480
p3,C,52,111,337,h15,133872839800916480
p3,Non-ROH,500,0,0,h15,133872839800916480
p1,A,500,0,0,h15,1381198077894381621
p1,B,216,261,23,h15,1381198077894381621
p1,C,68,70,362,h15,1381198077894381621
p1,Non-ROH,500,0,0,h15,1381198077894381621
p2,A,499,0,1,h15,1381198077894381621
p2,B,379,120,1,h15,1381198077894381621
p2,C,41,110,349,h15,1381198077894381621
p2,Non-ROH,499,0,0,h15,1381198077894381621
p3,A,500,0,0,h15,1381198077894381621
p3,B,444,56,0,h15,1381198077894381621
p3,C,39,97,364,h15,1381198077894381621
p3,Non-ROH,500,0,0,h15,1381198077894381621
p1,A,500,0,0,h15,1395939817077436996
p1,B,210,276,14,h15,1395939817077436996
p1,C,52,70,378,h15,1395939817077436996
p1,Non-ROH,500,0,0,h15,1395939817077436996
p2,A,500,0,0,h15,1395939817077436996
p2,B,392,108,0,h15,1395939817077436996
p2,C,31,150,319,h15,1395939817077436996
p2,Non-ROH,500,0,0,h15,1395939817077436996
p3,A,500,0,0,h15,1395939817077436996
p3,B,437,63,0,h15,1395939817077436996
p3,C,33,130,337,h15,1395939817077436996
p3,Non-ROH,500,0,0,h15,1395939817077436996
p1,A,500,0,0,h15,1408793636273151652
p1,B,234,251,15,h15,1408793636273151652
p1,C,99,43,358,h15,1408793636273151652
p1,Non-ROH,500,0,0,h15,1408793636273151652
p2,A,500,0,0,h15,1408793636273151652
p2,B,398,101,1,h15,1408793636273151652
p2,C,99,38,363,h15,1408793636273151652
p2,Non-ROH,500,0,0,h15,1408793636273151652
p3,A,500,0,0,h15,1408793636273151652
p3,B,456,43,1,h15,1408793636273151652
p3,C,99,40,361,h15,1408793636273151652
p3,Non-ROH,500,0,0,h15,1408793636273151652
p1,A,500,0,0,h15,1419362959560353265
p1,B,187,301,12,h15,1419362959560353265
p1,C,39,83,378,h15,1419362959560353265
p1,Non-ROH,500,0,0,h15,1419362959560353265
p2,A,500,0,0,h15,1419362959560353265
p2,B,358,142,0,h15,1419362959560353265
p2,C,69,84,347,h15,1419362959560353265
p2,Non-ROH,500,0,0,h15,1419362959560353265
p3,A,500,0,0,h15,1419362959560353265
p3,B,430,70,0,h15,1419362959560353265
p3,C,40,86,374,h15,1419362959560353265
p3,Non-ROH,500,0,0,h15,1419362959560353265
p1,A,500,0,0,h15,1451321003829450659
p1,B,244,238,18,h15,1451321003829450659
p1,C,53,59,388,h15,1451321003829450659
p1,Non-ROH,500,0,0,h15,1451321003829450659
p2,A,500,0,0,h15,1451321003829450659
p2,B,432,68,0,h15,1451321003829450659
p2,C,45,70,385,h15,1451321003829450659
p2,Non-ROH,500,0,0,h15,1451321003829450659
p3,A,500,0,0,h15,1451321003829450659
p3,B,456,44,0,h15,1451321003829450659
p3,C,50,107,343,h15,1451321003829450659
p3,Non-ROH,500,0,0,h15,1451321003829450659
p1,A,499,1,0,h15,1486392912968073536
p1,B,264,223,13,h15,1486392912968073536
p1,C,60,65,375,h15,1486392912968073536
p1,Non-ROH,500,0,0,h15,1486392912968073536
p2,A,500,0,0,h15,1486392912968073536
p2,B,430,70,0,h15,1486392912968073536
p2,C,53,54,393,h15,1486392912968073536
p2,Non-ROH,500,0,0,h15,1486392912968073536
p3,A,500,0,0,h15,1486392912968073536
p3,B,462,38,0,h15,1486392912968073536
p3,C,56,102,342,h15,1486392912968073536
p3,Non-ROH,500,0,0,h15,1486392912968073536
p1,A,500,0,0,h15,1508985444436731991
p1,B,236,246,18,h15,1508985444436731991
p1,C,63,70,367,h15,1508985444436731991
p1,Non-ROH,500,0,0,h15,1508985444436731991
p2,A,500,0,0,h15,1508985444436731991
p2,B,413,87,0,h15,1508985444436731991
p2,C,36,72,392,h15,1508985444436731991
p2,Non-ROH,500,0,0,h15,1508985444436731991
p3,A,500,0,0,h15,1508985444436731991
p3,B,462,38,0,h15,1508985444436731991
p3,C,31,72,397,h15,1508985444436731991
p3,Non-ROH,500,0,0,h15,1508985444436731991
p1,A,500,0,0,h15,1516435408431676676
p1,B,206,277,17,h15,1516435408431676676
p1,C,51,89,360,h15,1516435408431676676
p1,Non-ROH,500,0,0,h15,1516435408431676676
p2,A,500,0,0,h15,1516435408431676676
p2,B,412,88,0,h15,1516435408431676676
p2,C,43,72,385,h15,1516435408431676676
p2,Non-ROH,500,0,0,h15,1516435408431676676
p3,A,500,0,0,h15,1516435408431676676
p3,B,460,40,0,h15,1516435408431676676
p3,C,37,77,386,h15,1516435408431676676
p3,Non-ROH,500,0,0,h15,1516435408431676676
p1,A,500,0,0,h15,1523223968639821208
p1,B,209,281,10,h15,1523223968639821208
p1,C,57,78,365,h15,1523223968639821208
p1,Non-ROH,500,0,0,h15,1523223968639821208
p2,A,500,0,0,h15,1523223968639821208
p2,B,413,87,0,h15,1523223968639821208
p2,C,33,76,391,h15,1523223968639821208
p2,Non-ROH,500,0,0,h15,1523223968639821208
p3,A,500,0,0,h15,1523223968639821208
p3,B,434,66,0,h15,1523223968639821208
p3,C,37,111,352,h15,1523223968639821208
p3,Non-ROH,500,0,0,h15,1523223968639821208
p1,A,500,0,0,h15,1531210385726406616
p1,B,201,281,18,h15,1531210385726406616
p1,C,61,82,357,h15,1531210385726406616
p1,Non-ROH,500,0,0,h15,1531210385726406616
p2,A,500,0,0,h15,1531210385726406616
p2,B,418,82,0,h15,1531210385726406616
p2,C,35,153,312,h15,1531210385726406616
p2,Non-ROH,500,0,0,h15,1531210385726406616
p3,A,500,0,0,h15,1531210385726406616
p3,B,465,35,0,h15,1531210385726406616
p3,C,37,105,358,h15,1531210385726406616
p3,Non-ROH,500,0,0,h15,1531210385726406616
p1,A,499,1,0,h15,1555527553526784713
p1,B,212,275,13,h15,1555527553526784713
p1,C,57,91,352,h15,1555527553526784713
p1,Non-ROH,500,0,0,h15,1555527553526784713
p2,A,500,0,0,h15,1555527553526784713
p2,B,400,100,0,h15,1555527553526784713
p2,C,39,100,361,h15,1555527553526784713
p2,Non-ROH,500,0,0,h15,1555527553526784713
p3,A,500,0,0,h15,1555527553526784713
p3,B,439,61,0,h15,1555527553526784713
p3,C,34,213,253,h15,1555527553526784713
p3,Non-ROH,500,0,0,h15,1555527553526784713
p1,A,500,0,0,h15,1558537355093080590
p1,B,226,256,18,h15,1558537355093080590
p1,C,46,73,381,h15,1558537355093080590
p1,Non-ROH,500,0,0,h15,1558537355093080590
p2,A,500,0,0,h15,1558537355093080590
p2,B,419,81,0,h15,1558537355093080590
p2,C,46,157,297,h15,1558537355093080590
p2,Non-ROH,500,0,0,h15,1558537355093080590
p3,A,500,0,0,h15,1558537355093080590
p3,B,457,43,0,h15,1558537355093080590
p3,C,40,181,279,h15,1558537355093080590
p3,Non-ROH,500,0,0,h15,1558537355093080590
p1,A,498,2,0,h15,1589489178923196729
p1,B,225,262,13,h15,1589489178923196729
p1,C,59,63,378,h15,1589489178923196729
p1,Non-ROH,500,0,0,h15,1589489178923196729
p2,A,500,0,0,h15,1589489178923196729
p2,B,393,107,0,h15,1589489178923196729
p2,C,30,75,395,h15,1589489178923196729
p2,Non-ROH,500,0,0,h15,1589489178923196729
p3,A,500,0,0,h15,1589489178923196729
p3,B,431,69,0,h15,1589489178923196729
p3,C,48,74,378,h15,1589489178923196729
p3,Non-ROH,500,0,0,h15,1589489178923196729
p1,A,498,2,0,h15,1609974189966844119
p1,B,208,276,16,h15,1609974189966844119
p1,C,52,72,376,h15,1609974189966844119
p1,Non-ROH,500,0,0,h15,1609974189966844119
p2,A,500,0,0,h15,1609974189966844119
p2,B,392,108,0,h15,1609974189966844119
p2,C,47,93,360,h15,1609974189966844119
p2,Non-ROH,500,0,0,h15,1609974189966844119
p3,A,500,0,0,h15,1609974189966844119
p3,B,439,61,0,h15,1609974189966844119
p3,C,50,161,289,h15,1609974189966844119
p3,Non-ROH,500,0,0,h15,1609974189966844119
p1,A,499,1,0,h15,1610644618733297395
p1,B,200,282,18,h15,1610644618733297395
p1,C,55,80,365,h15,1610644618733297395
p1,Non-ROH,500,0,0,h15,1610644618733297395
p2,A,500,0,0,h15,1610644618733297395
p2,B,418,82,0,h15,1610644618733297395
p2,C,37,103,360,h15,1610644618733297395
p2,Non-ROH,500,0,0,h15,1610644618733297395
p3,A,500,0,0,h15,1610644618733297395
p3,B,452,48,0,h15,1610644618733297395
p3,C,47,97,356,h15,1610644618733297395
p3,Non-ROH,500,0,0,h15,1610644618733297395
p1,A,500,0,0,h15,1612190351073058970
p1,B,232,261,7,h15,1612190351073058970
p1,C,83,44,373,h15,1612190351073058970
p1,Non-ROH,500,0,0,h15,1612190351073058970
p2,A,500,0,0,h15,1612190351073058970
p2,B,392,108,0,h15,1612190351073058970
p2,C,102,30,368,h15,1612190351073058970
p2,Non-ROH,500,0,0,h15,1612190351073058970
p3,A,500,0,0,h15,1612190351073058970
p3,B,438,62,0,h15,1612190351073058970
p3,C,81,32,387,h15,1612190351073058970
p3,Non-ROH,500,0,0,h15,1612190351073058970
p1,A,499,1,0,h15,164050529313206371
p1,B,284,203,13,h15,164050529313206371
p1,C,56,74,370,h15,164050529313206371
p1,Non-ROH,500,0,0,h15,164050529313206371
p2,A,500,0,0,h15,164050529313206371
p2,B,418,82,0,h15,164050529313206371
p2,C,43,81,376,h15,164050529313206371
p2,Non-ROH,500,0,0,h15,164050529313206371
p3,A,500,0,0,h15,164050529313206371
p3,B,463,37,0,h15,164050529313206371
p3,C,22,100,378,h15,164050529313206371
p3,Non-ROH,500,0,0,h15,164050529313206371
p1,A,498,2,0,h15,1653777566008229369
p1,B,214,273,13,h15,1653777566008229369
p1,C,45,73,382,h15,1653777566008229369
p1,Non-ROH,500,0,0,h15,1653777566008229369
p2,A,500,0,0,h15,1653777566008229369
p2,B,407,93,0,h15,1653777566008229369
p2,C,26,119,355,h15,1653777566008229369
p2,Non-ROH,500,0,0,h15,1653777566008229369
p3,A,500,0,0,h15,1653777566008229369
p3,B,447,53,0,h15,1653777566008229369
p3,C,23,99,378,h15,1653777566008229369
p3,Non-ROH,500,0,0,h15,1653777566008229369
p1,A,500,0,0,h15,1658764775517380519
p1,B,238,240,22,h15,1658764775517380519
p1,C,43,78,379,h15,1658764775517380519
p1,Non-ROH,500,0,0,h15,1658764775517380519
p2,A,500,0,0,h15,1658764775517380519
p2,B,411,89,0,h15,1658764775517380519
p2,C,38,117,345,h15,1658764775517380519
p2,Non-ROH,500,0,0,h15,1658764775517380519
p3,A,500,0,0,h15,1658764775517380519
p3,B,466,34,0,h15,1658764775517380519
p3,C,58,103,339,h15,1658764775517380519
p3,Non-ROH,500,0,0,h15,1658764775517380519
p1,A,498,2,0,h15,1662473715046904938
p1,B,244,244,12,h15,1662473715046904938
p1,C,52,74,374,h15,1662473715046904938
p1,Non-ROH,500,0,0,h15,1662473715046904938
p2,A,500,0,0,h15,1662473715046904938
p2,B,392,108,0,h15,1662473715046904938
p2,C,45,120,335,h15,1662473715046904938
p2,Non-ROH,500,0,0,h15,1662473715046904938
p3,A,500,0,0,h15,1662473715046904938
p3,B,447,53,0,h15,1662473715046904938
p3,C,51,88,361,h15,1662473715046904938
p3,Non-ROH,500,0,0,h15,1662473715046904938
p1,A,499,1,0,h15,1707609818374764111
p1,B,189,296,15,h15,1707609818374764111
p1,C,51,77,372,h15,1707609818374764111
p1,Non-ROH,500,0,0,h15,1707609818374764111
p2,A,500,0,0,h15,1707609818374764111
p2,B,390,110,0,h15,1707609818374764111
p2,C,38,103,359,h15,1707609818374764111
p2,Non-ROH,500,0,0,h15,1707609818374764111
p3,A,500,0,0,h15,1707609818374764111
p3,B,436,64,0,h15,1707609818374764111
p3,C,30,170,300,h15,1707609818374764111
p3,Non-ROH,500,0,0,h15,1707609818374764111
p1,A,500,0,0,h15,1730966298066407054
p1,B,264,224,12,h15,1730966298066407054
p1,C,63,69,368,h15,1730966298066407054
p1,Non-ROH,500,0,0,h15,1730966298066407054
p2,A,500,0,0,h15,1730966298066407054
p2,B,452,48,0,h15,1730966298066407054
p2,C,49,123,328,h15,1730966298066407054
p2,Non-ROH,500,0,0,h15,1730966298066407054
p3,A,500,0,0,h15,1730966298066407054
p3,B,451,49,0,h15,1730966298066407054
p3,C,59,74,367,h15,1730966298066407054
p3,Non-ROH,500,0,0,h15,1730966298066407054
p1,A,499,1,0,h15,1762696348894616063
p1,B,247,237,16,h15,1762696348894616063
p1,C,59,81,360,h15,1762696348894616063
p1,Non-ROH,500,0,0,h15,1762696348894616063
p2,A,500,0,0,h15,1762696348894616063
p2,B,425,75,0,h15,1762696348894616063
p2,C,37,83,380,h15,1762696348894616063
p2,Non-ROH,500,0,0,h15,1762696348894616063
p3,A,500,0,0,h15,1762696348894616063
p3,B,449,51,0,h15,1762696348894616063
p3,C,32,121,347,h15,1762696348894616063
p3,Non-ROH,500,0,0,h15,1762696348894616063
p1,A,500,0,0,h15,1770499807517152287
p1,B,233,243,24,h15,1770499807517152287
p1,C,54,79,367,h15,1770499807517152287
p1,Non-ROH,500,0,0,h15,1770499807517152287
p2,A,500,0,0,h15,1770499807517152287
p2,B,376,124,0,h15,1770499807517152287
p2,C,34,126,340,h15,1770499807517152287
p2,Non-ROH,500,0,0,h15,1770499807517152287
p3,A,500,0,0,h15,1770499807517152287
p3,B,443,57,0,h15,1770499807517152287
p3,C,32,105,363,h15,1770499807517152287
p3,Non-ROH,500,0,0,h15,1770499807517152287
p1,A,500,0,0,h15,18154657985270593
p1,B,212,276,12,h15,18154657985270593
p1,C,53,83,364,h15,18154657985270593
p1,Non-ROH,500,0,0,h15,18154657985270593
p2,A,500,0,0,h15,18154657985270593
p2,B,409,91,0,h15,18154657985270593
p2,C,41,105,354,h15,18154657985270593
p2,Non-ROH,500,0,0,h15,18154657985270593
p3,A,500,0,0,h15,18154657985270593
p3,B,441,59,0,h15,18154657985270593
p3,C,30,104,366,h15,18154657985270593
p3,Non-ROH,500,0,0,h15,18154657985270593
p1,A,497,3,0,h15,1845879855387684349
p1,B,202,280,18,h15,1845879855387684349
p1,C,52,77,371,h15,1845879855387684349
p1,Non-ROH,500,0,0,h15,1845879855387684349
p2,A,500,0,0,h15,1845879855387684349
p2,B,396,104,0,h15,1845879855387684349
p2,C,37,157,306,h15,1845879855387684349
p2,Non-ROH,500,0,0,h15,1845879855387684349
p3,A,500,0,0,h15,1845879855387684349
p3,B,438,62,0,h15,1845879855387684349
p3,C,36,132,332,h15,1845879855387684349
p3,Non-ROH,500,0,0,h15,1845879855387684349
p1,A,500,0,0,h15,1859579489374597629
p1,B,240,245,15,h15,1859579489374597629
p1,C,43,72,385,h15,1859579489374597629
p1,Non-ROH,500,0,0,h15,1859579489374597629
p2,A,500,0,0,h15,1859579489374597629
p2,B,397,103,0,h15,1859579489374597629
p2,C,48,97,355,h15,1859579489374597629
p2,Non-ROH,500,0,0,h15,1859579489374597629
p3,A,500,0,0,h15,1859579489374597629
p3,B,453,47,0,h15,1859579489374597629
p3,C,40,150,310,h15,1859579489374597629
p3,Non-ROH,500,0,0,h15,1859579489374597629
p1,A,499,1,0,h15,1864889392068274205
p1,B,216,266,18,h15,1864889392068274205
p1,C,52,85,363,h15,1864889392068274205
p1,Non-ROH,500,0,0,h15,1864889392068274205
p2,A,500,0,0,h15,1864889392068274205
p2,B,378,122,0,h15,1864889392068274205
p2,C,48,97,355,h15,1864889392068274205
p2,Non-ROH,500,0,0,h15,1864889392068274205
p3,A,500,0,0,h15,1864889392068274205
p3,B,432,68,0,h15,1864889392068274205
p3,C,38,96,366,h15,1864889392068274205
p3,Non-ROH,500,0,0,h15,1864889392068274205
p1,A,500,0,0,h15,1896561443875116320
p1,B,254,237,9,h15,1896561443875116320
p1,C,60,73,367,h15,1896561443875116320
p1,Non-ROH,500,0,0,h15,1896561443875116320
p2,A,500,0,0,h15,1896561443875116320
p2,B,420,80,0,h15,1896561443875116320
p2,C,41,111,348,h15,1896561443875116320
p2,Non-ROH,500,0,0,h15,1896561443875116320
p3,A,500,0,0,h15,1896561443875116320
p3,B,471,29,0,h15,1896561443875116320
p3,C,34,116,350,h15,1896561443875116320
p3,Non-ROH,500,0,0,h15,1896561443875116320
p1,A,500,0,0,h15,1897814404421956169
p1,B,197,292,11,h15,1897814404421956169
p1,C,52,75,373,h15,1897814404421956169
p1,Non-ROH,500,0,0,h15,1897814404421956169
p2,A,500,0,0,h15,1897814404421956169
p2,B,336,164,0,h15,1897814404421956169
p2,C,36,121,343,h15,1897814404421956169
p2,Non-ROH,500,0,0,h15,1897814404421956169
p3,A,500,0,0,h15,1897814404421956169
p3,B,421,79,0,h15,1897814404421956169
p3,C,22,174,304,h15,1897814404421956169
p3,Non-ROH,500,0,0,h15,1897814404421956169
p1,A,495,5,0,h15,1898444179247719507
p1,B,190,296,14,h15,1898444179247719507
p1,C,61,70,369,h15,1898444179247719507
p1,Non-ROH,500,0,0,h15,1898444179247719507
p2,A,500,0,0,h15,1898444179247719507
p2,B,402,98,0,h15,1898444179247719507
p2,C,97,61,342,h15,1898444179247719507
p2,Non-ROH,500,0,0,h15,1898444179247719507
p3,A,500,0,0,h15,1898444179247719507
p3,B,452,48,0,h15,1898444179247719507
p3,C,38,161,301,h15,1898444179247719507
p3,Non-ROH,500,0,0,h15,1898444179247719507
p1,A,500,0,0,h15,1901697893897919997
p1,B,213,272,15,h15,1901697893897919997
p1,C,47,75,378,h15,1901697893897919997
p1,Non-ROH,500,0,0,h15,1901697893897919997
p2,A,500,0,0,h15,1901697893897919997
p2,B,416,84,0,h15,1901697893897919997
p2,C,31,91,378,h15,1901697893897919997
p2,Non-ROH,500,0,0,h15,1901697893897919997
p3,A,500,0,0,h15,1901697893897919997
p3,B,471,29,0,h15,1901697893897919997
p3,C,60,102,338,h15,1901697893897919997
p3,Non-ROH,500,0,0,h15,1901697893897919997
p1,A,499,1,0,h15,1902514568933884612
p1,B,184,298,18,h15,1902514568933884612
p1,C,62,87,351,h15,1902514568933884612
p1,Non-ROH,500,0,0,h15,1902514568933884612
p2,A,500,0,0,h15,1902514568933884612
p2,B,382,118,0,h15,1902514568933884612
p2,C,34,61,405,h15,1902514568933884612
p2,Non-ROH,500,0,0,h15,1902514568933884612
p3,A,500,0,0,h15,1902514568933884612
p3,B,461,39,0,h15,1902514568933884612
p3,C,37,132,331,h15,1902514568933884612
p3,Non-ROH,500,0,0,h15,1902514568933884612
p1,A,499,1,0,h15,191665797317649805
p1,B,215,264,21,h15,191665797317649805
p1,C,60,67,373,h15,191665797317649805
p1,Non-ROH,500,0,0,h15,191665797317649805
p2,A,500,0,0,h15,191665797317649805
p2,B,402,98,0,h15,191665797317649805
p2,C,43,75,382,h15,191665797317649805
p2,Non-ROH,500,0,0,h15,191665797317649805
p3,A,500,0,0,h15,191665797317649805
p3,B,431,69,0,h15,191665797317649805
p3,C,33,140,327,h15,191665797317649805
p3,Non-ROH,500,0,0,h15,191665797317649805
p1,A,500,0,0,h15,1956826239648750529
p1,B,226,253,21,h15,1956826239648750529
p1,C,51,104,345,h15,1956826239648750529
p1,Non-ROH,500,0,0,h15,1956826239648750529
p2,A,500,0,0,h15,1956826239648750529
p2,B,405,95,0,h15,1956826239648750529
p2,C,48,122,330,h15,1956826239648750529
p2,Non-ROH,500,0,0,h15,1956826239648750529
p3,A,500,0,0,h15,1956826239648750529
p3,B,460,40,0,h15,1956826239648750529
p3,C,47,118,335,h15,1956826239648750529
p3,Non-ROH,500,0,0,h15,1956826239648750529
p1,A,500,0,0,h15,1957119330731030759
p1,B,182,295,23,h15,1957119330731030759
p1,C,50,78,372,h15,1957119330731030759
p1,Non-ROH,500,0,0,h15,1957119330731030759
p2,A,500,0,0,h15,1957119330731030759
p2,B,366,134,0,h15,1957119330731030759
p2,C,39,99,362,h15,1957119330731030759
p2,Non-ROH,500,0,0,h15,1957119330731030759
p3,A,500,0,0,h15,1957119330731030759
p3,B,422,78,0,h15,1957119330731030759
p3,C,27,115,358,h15,1957119330731030759
p3,Non-ROH,500,0,0,h15,1957119330731030759
p1,A,499,1,0,h15,1999351879598620508
p1,B,194,286,20,h15,1999351879598620508
p1,C,50,75,375,h15,1999351879598620508
p1,Non-ROH,500,0,0,h15,1999351879598620508
p2,A,500,0,0,h15,1999351879598620508
p2,B,402,98,0,h15,1999351879598620508
p2,C,32,78,390,h15,1999351879598620508
p2,Non-ROH,500,0,0,h15,1999351879598620508
p3,A,500,0,0,h15,1999351879598620508
p3,B,445,55,0,h15,1999351879598620508
p3,C,46,121,333,h15,1999351879598620508
p3,Non-ROH,500,0,0,h15,1999351879598620508
p1,A,500,0,0,h15,2043309693975152457
p1,B,201,283,16,h15,2043309693975152457
p1,C,55,67,378,h15,2043309693975152457
p1,Non-ROH,500,0,0,h15,2043309693975152457
p2,A,500,0,0,h15,2043309693975152457
p2,B,382,118,0,h15,2043309693975152457
p2,C,42,81,377,h15,2043309693975152457
p2,Non-ROH,500,0,0,h15,2043309693975152457
p3,A,500,0,0,h15,2043309693975152457
p3,B,449,51,0,h15,2043309693975152457
p3,C,39,91,370,h15,2043309693975152457
p3,Non-ROH,500,0,0,h15,2043309693975152457
p1,A,500,0,0,h15,2056400629550111912
p1,B,208,277,15,h15,2056400629550111912
p1,C,57,75,368,h15,2056400629550111912
p1,Non-ROH,500,0,0,h15,2056400629550111912
p2,A,500,0,0,h15,2056400629550111912
p2,B,417,83,0,h15,2056400629550111912
p2,C,44,145,311,h15,2056400629550111912
p2,Non-ROH,500,0,0,h15,2056400629550111912
p3,A,500,0,0,h15,2056400629550111912
p3,B,460,40,0,h15,2056400629550111912
p3,C,29,78,393,h15,2056400629550111912
p3,Non-ROH,500,0,0,h15,2056400629550111912
p1,A,499,1,0,h15,2057952907887382132
p1,B,245,240,15,h15,2057952907887382132
p1,C,50,89,361,h15,2057952907887382132
p1,Non-ROH,500,0,0,h15,2057952907887382132
p2,A,500,0,0,h15,2057952907887382132
p2,B,409,91,0,h15,2057952907887382132
p2,C,40,104,356,h15,2057952907887382132
p2,Non-ROH,500,0,0,h15,2057952907887382132
p3,A,500,0,0,h15,2057952907887382132
p3,B,448,52,0,h15,2057952907887382132
p3,C,38,138,324,h15,2057952907887382132
p3,Non-ROH,500,0,0,h15,2057952907887382132
p1,A,500,0,0,h15,2103035588959251758
p1,B,197,285,18,h15,2103035588959251758
p1,C,40,78,382,h15,2103035588959251758
p1,Non-ROH,500,0,0,h15,2103035588959251758
p2,A,500,0,0,h15,2103035588959251758
p2,B,374,126,0,h15,2103035588959251758
p2,C,41,117,342,h15,2103035588959251758
p2,Non-ROH,500,0,0,h15,2103035588959251758
p3,A,500,0,0,h15,2103035588959251758
p3,B,429,71,0,h15,2103035588959251758
p3,C,45,89,366,h15,2103035588959251758
p3,Non-ROH,500,0,0,h15,2103035588959251758
p1,A,499,1,0,h15,2109526769459331835
p1,B,210,278,12,h15,2109526769459331835
p1,C,48,84,368,h15,2109526769459331835
p1,Non-ROH,500,0,0,h15,2109526769459331835
p2,A,500,0,0,h15,2109526769459331835
p2,B,383,117,0,h15,2109526769459331835
p2,C,42,112,346,h15,2109526769459331835
p2,Non-ROH,500,0,0,h15,2109526769459331835
p3,A,500,0,0,h15,2109526769459331835
p3,B,462,38,0,h15,2109526769459331835
p3,C,39,143,318,h15,2109526769459331835
p3,Non-ROH,500,0,0,h15,2109526769459331835
p1,A,500,0,0,h15,2132131203015379398
p1,B,250,236,14,h15,2132131203015379398
p1,C,68,79,353,h15,2132131203015379398
p1,Non-ROH,500,0,0,h15,2132131203015379398
p2,A,500,0,0,h15,2132131203015379398
p2,B,443,57,0,h15,2132131203015379398
p2,C,37,123,340,h15,2132131203015379398
p2,Non-ROH,500,0,0,h15,2132131203015379398
p3,A,500,0,0,h15,2132131203015379398
p3,B,466,34,0,h15,2132131203015379398
p3,C,50,148,302,h15,2132131203015379398
p3,Non-ROH,500,0,0,h15,2132131203015379398
p1,A,499,1,0,h15,2136003687459116938
p1,B,204,279,17,h15,2136003687459116938
p1,C,35,80,385,h15,2136003687459116938
p1,Non-ROH,500,0,0,h15,2136003687459116938
p2,A,500,0,0,h15,2136003687459116938
p2,B,373,127,0,h15,2136003687459116938
p2,C,42,81,377,h15,2136003687459116938
p2,Non-ROH,500,0,0,h15,2136003687459116938
p3,A,500,0,0,h15,2136003687459116938
p3,B,432,68,0,h15,2136003687459116938
p3,C,26,110,364,h15,2136003687459116938
p3,Non-ROH,500,0,0,h15,2136003687459116938
p1,A,499,1,0,h15,2158305306238797348
p1,B,214,272,14,h15,2158305306238797348
p1,C,49,77,374,h15,2158305306238797348
p1,Non-ROH,500,0,0,h15,2158305306238797348
p2,A,500,0,0,h15,2158305306238797348
p2,B,404,96,0,h15,2158305306238797348
p2,C,51,78,371,h15,2158305306238797348
p2,Non-ROH,500,0,0,h15,2158305306238797348
p3,A,500,0,0,h15,2158305306238797348
p3,B,451,49,0,h15,2158305306238797348
p3,C,39,126,335,h15,2158305306238797348
p3,Non-ROH,500,0,0,h15,2158305306238797348
p1,A,500,0,0,h15,2158503488354580440
p1,B,279,204,17,h15,2158503488354580440
p1,C,51,90,359,h15,2158503488354580440
p1,Non-ROH,500,0,0,h15,2158503488354580440
p2,A,500,0,0,h15,2158503488354580440
p2,B,427,73,0,h15,2158503488354580440
p2,C,38,77,385,h15,2158503488354580440
p2,Non-ROH,500,0,0,h15,2158503488354580440
p3,A,500,0,0,h15,2158503488354580440
p3,B,467,33,0,h15,2158503488354580440
p3,C,42,155,303,h15,2158503488354580440
p3,Non-ROH,500,0,0,h15,2158503488354580440
p1,A,499,1,0,h15,2180961751565241039
p1,B,211,271,18,h15,2180961751565241039
p1,C,50,77,373,h15,2180961751565241039
p1,Non-ROH,500,0,0,h15,2180961751565241039
p2,A,500,0,0,h15,2180961751565241039
p2,B,392,108,0,h15,2180961751565241039
p2,C,28,87,385,h15,2180961751565241039
p2,Non-ROH,500,0,0,h15,2180961751565241039
p3,A,500,0,0,h15,2180961751565241039
p3,B,454,46,0,h15,2180961751565241039
p3,C,52,84,364,h15,2180961751565241039
p3,Non-ROH,500,0,0,h15,2180961751565241039
p1,A,497,3,0,h15,2204329327406961453
p1,B,202,289,9,h15,2204329327406961453
p1,C,47,81,372,h15,2204329327406961453
p1,Non-ROH,500,0,0,h15,2204329327406961453
p2,A,500,0,0,h15,2204329327406961453
p2,B,371,129,0,h15,2204329327406961453
p2,C,31,133,336,h15,2204329327406961453
p2,Non-ROH,500,0,0,h15,2204329327406961453
p3,A,500,0,0,h15,2204329327406961453
p3,B,432,68,0,h15,2204329327406961453
p3,C,33,98,369,h15,2204329327406961453
p3,Non-ROH,500,0,0,h15,2204329327406961453
p1,A,499,1,0,h15,2227616678155134685
p1,B,238,244,18,h15,2227616678155134685
p1,C,68,60,372,h15,2227616678155134685
p1,Non-ROH,500,0,0,h15,2227616678155134685
p2,A,500,0,0,h15,2227616678155134685
p2,B,396,104,0,h15,2227616678155134685
p2,C,59,104,337,h15,2227616678155134685
p2,Non-ROH,500,0,0,h15,2227616678155134685
p3,A,500,0,0,h15,2227616678155134685
p3,B,457,43,0,h15,2227616678155134685
p3,C,65,79,356,h15,2227616678155134685
p3,Non-ROH,500,0,0,h15,2227616678155134685
p1,A,500,0,0,h15,223514040291109261
p1,B,244,243,13,h15,223514040291109261
p1,C,65,65,370,h15,223514040291109261
p1,Non-ROH,500,0,0,h15,223514040291109261
p2,A,500,0,0,h15,223514040291109261
p2,B,444,56,0,h15,223514040291109261
p2,C,54,110,336,h15,223514040291109261
p2,Non-ROH,500,0,0,h15,223514040291109261
p3,A,500,0,0,h15,223514040291109261
p3,B,464,36,0,h15,223514040291109261
p3,C,49,62,389,h15,223514040291109261
p3,Non-ROH,500,0,0,h15,223514040291109261
p1,A,499,1,0,h15,2237577355124080267
p1,B,243,249,8,h15,2237577355124080267
p1,C,47,73,380,h15,2237577355124080267
p1,Non-ROH,500,0,0,h15,2237577355124080267
p2,A,500,0,0,h15,2237577355124080267
p2,B,419,81,0,h15,2237577355124080267
p2,C,37,86,377,h15,2237577355124080267
p2,Non-ROH,500,0,0,h15,2237577355124080267
p3,A,500,0,0,h15,2237577355124080267
p3,B,461,39,0,h15,2237577355124080267
p3,C,31,192,277,h15,2237577355124080267
p3,Non-ROH,500,0,0,h15,2237577355124080267
p1,A,500,0,0,h15,2254834233674698083
p1,B,250,235,15,h15,2254834233674698083
p1,C,51,97,352,h15,2254834233674698083
p1,Non-ROH,500,0,0,h15,2254834233674698083
p2,A,500,0,0,h15,2254834233674698083
p2,B,415,85,0,h15,2254834233674698083
p2,C,27,135,338,h15,2254834233674698083
p2,Non-ROH,500,0,0,h15,2254834233674698083
p3,A,500,0,0,h15,2254834233674698083
p3,B,465,35,0,h15,2254834233674698083
p3,C,34,134,332,h15,2254834233674698083
p3,Non-ROH,500,0,0,h15,2254834233674698083
p1,A,500,0,0,h15,2261419164830035780
p1,B,224,266,10,h15,2261419164830035780
p1,C,57,69,374,h15,2261419164830035780
p1,Non-ROH,500,0,0,h15,2261419164830035780
p2,A,500,0,0,h15,2261419164830035780
p2,B,408,92,0,h15,2261419164830035780
p2,C,50,119,331,h15,2261419164830035780
p2,Non-ROH,500,0,0,h15,2261419164830035780
p3,A,500,0,0,h15,2261419164830035780
p3,B,436,64,0,h15,2261419164830035780
p3,C,41,89,370,h15,2261419164830035780
p3,Non-ROH,500,0,0,h15,2261419164830035780
p1,A,500,0,0,h15,2281429267005270926
p1,B,215,261,24,h15,2281429267005270926
p1,C,53,69,378,h15,2281429267005270926
p1,Non-ROH,500,0,0,h15,2281429267005270926
p2,A,500,0,0,h15,2281429267005270926
p2,B,423,77,0,h15,2281429267005270926
p2,C,57,89,354,h15,2281429267005270926
p2,Non-ROH,500,0,0,h15,2281429267005270926
p3,A,500,0,0,h15,2281429267005270926
p3,B,465,35,0,h15,2281429267005270926
p3,C,44,74,382,h15,2281429267005270926
p3,Non-ROH,500,0,0,h15,2281429267005270926
p1,A,500,0,0,h15,2293516233575230076
p1,B,210,267,23,h15,2293516233575230076
p1,C,52,74,374,h15,2293516233575230076
p1,Non-ROH,500,0,0,h15,2293516233575230076
p2,A,500,0,0,h15,2293516233575230076
p2,B,404,96,0,h15,2293516233575230076
p2,C,49,73,378,h15,2293516233575230076
p2,Non-ROH,500,0,0,h15,2293516233575230076
p3,A,500,0,0,h15,2293516233575230076
p3,B,442,58,0,h15,2293516233575230076
p3,C,41,118,341,h15,2293516233575230076
p3,Non-ROH,500,0,0,h15,2293516233575230076
p1,A,499,1,0,h15,2314944937995375762
p1,B,196,290,14,h15,2314944937995375762
p1,C,45,81,374,h15,2314944937995375762
p1,Non-ROH,500,0,0,h15,2314944937995375762
p2,A,500,0,0,h15,2314944937995375762
p2,B,381,119,0,h15,2314944937995375762
p2,C,39,131,330,h15,2314944937995375762
p2,Non-ROH,500,0,0,h15,2314944937995375762
p3,A,500,0,0,h15,2314944937995375762
p3,B,434,66,0,h15,2314944937995375762
p3,C,30,136,334,h15,2314944937995375762
p3,Non-ROH,500,0,0,h15,2314944937995375762
p1,A,500,0,0,h15,2354320943987323147
p1,B,235,248,17,h15,2354320943987323147
p1,C,60,79,361,h15,2354320943987323147
p1,Non-ROH,500,0,0,h15,2354320943987323147
p2,A,500,0,0,h15,2354320943987323147
p2,B,396,104,0,h15,2354320943987323147
p2,C,33,127,340,h15,2354320943987323147
p2,Non-ROH,500,0,0,h15,2354320943987323147
p3,A,500,0,0,h15,2354320943987323147
p3,B,464,36,0,h15,2354320943987323147
p3,C,40,76,384,h15,2354320943987323147
p3,Non-ROH,500,0,0,h15,2354320943987323147
p1,A,500,0,0,h15,2399055103854170590
p1,B,209,276,15,h15,2399055103854170590
p1,C,47,93,360,h15,2399055103854170590
p1,Non-ROH,500,0,0,h15,2399055103854170590
p2,A,500,0,0,h15,2399055103854170590
p2,B,415,85,0,h15,2399055103854170590
p2,C,41,175,284,h15,2399055103854170590
p2,Non-ROH,500,0,0,h15,2399055103854170590
p3,A,500,0,0,h15,2399055103854170590
p3,B,441,59,0,h15,2399055103854170590
p3,C,42,111,347,h15,2399055103854170590
p3,Non-ROH,500,0,0,h15,2399055103854170590
p1,A,500,0,0,h15,2400470676491406334
p1,B,267,221,12,h15,2400470676491406334
p1,C,85,38,377,h15,2400470676491406334
p1,Non-ROH,500,0,0,h15,2400470676491406334
p2,A,500,0,0,h15,2400470676491406334
p2,B,418,82,0,h15,2400470676491406334
p2,C,101,45,354,h15,2400470676491406334
p2,Non-ROH,500,0,0,h15,2400470676491406334
p3,A,500,0,0,h15,2400470676491406334
p3,B,452,48,0,h15,2400470676491406334
p3,C,86,42,372,h15,2400470676491406334
p3,Non-ROH,500,0,0,h15,2400470676491406334
p1,A,500,0,0,h15,240661707427298528
p1,B,226,252,22,h15,240661707427298528
p1,C,56,78,366,h15,240661707427298528
p1,Non-ROH,500,0,0,h15,240661707427298528
p2,A,500,0,0,h15,240661707427298528
p2,B,422,78,0,h15,240661707427298528
p2,C,47,203,250,h15,240661707427298528
p2,Non-ROH,500,0,0,h15,240661707427298528
p3,A,500,0,0,h15,240661707427298528
p3,B,465,35,0,h15,240661707427298528
p3,C,46,161,293,h15,240661707427298528
p3,Non-ROH,500,0,0,h15,240661707427298528
p1,A,499,1,0,h15,2412133785515257474
p1,B,183,306,11,h15,2412133785515257474
p1,C,41,72,387,h15,2412133785515257474
p1,Non-ROH,500,0,0,h15,2412133785515257474
p2,A,500,0,0,h15,2412133785515257474
p2,B,347,153,0,h15,2412133785515257474
p2,C,36,97,367,h15,2412133785515257474
p2,Non-ROH,500,0,0,h15,2412133785515257474
p3,A,500,0,0,h15,2412133785515257474
p3,B,423,77,0,h15,2412133785515257474
p3,C,39,82,379,h15,2412133785515257474
p3,Non-ROH,500,0,0,h15,2412133785515257474
p1,A,500,0,0,h15,2420642954329231471
p1,B,217,272,11,h15,2420642954329231471
p1,C,59,70,371,h15,2420642954329231471
p1,Non-ROH,500,0,0,h15,2420642954329231471
p2,A,500,0,0,h15,2420642954329231471
p2,B,427,73,0,h15,2420642954329231471
p2,C,76,66,358,h15,2420642954329231471
p2,Non-ROH,500,0,0,h15,2420642954329231471
p3,A,500,0,0,h15,2420642954329231471
p3,B,466,34,0,h15,2420642954329231471
p3,C,44,102,354,h15,2420642954329231471
p3,Non-ROH,500,0,0,h15,2420642954329231471
p1,A,500,0,0,h15,2425543143212438382
p1,B,261,219,20,h15,2425543143212438382
p1,C,49,75,376,h15,2425543143212438382
p1,Non-ROH,500,0,0,h15,2425543143212438382
p2,A,500,0,0,h15,2425543143212438382
p2,B,431,69,0,h15,2425543143212438382
p2,C,40,96,364,h15,2425543143212438382
p2,Non-ROH,500,0,0,h15,2425543143212438382
p3,A,500,0,0,h15,2425543143212438382
p3,B,462,38,0,h15,2425543143212438382
p3,C,36,198,266,h15,2425543143212438382
p3,Non-ROH,500,0,0,h15,2425543143212438382
p1,A,500,0,0,h15,2467741743173944502
p1,B,219,267,14,h15,2467741743173944502
p1,C,55,71,374,h15,2467741743173944502
p1,Non-ROH,500,0,0,h15,2467741743173944502
p2,A,500,0,0,h15,2467741743173944502
p2,B,419,81,0,h15,2467741743173944502
p2,C,45,130,325,h15,2467741743173944502
p2,Non-ROH,500,0,0,h15,2467741743173944502
p3,A,500,0,0,h15,2467741743173944502
p3,B,440,60,0,h15,2467741743173944502
p3,C,40,139,321,h15,2467741743173944502
p3,Non-ROH,500,0,0,h15,2467741743173944502
p1,A,500,0,0,h15,2470706090532784367
p1,B,224,263,13,h15,2470706090532784367
p1,C,55,63,382,h15,2470706090532784367
p1,Non-ROH,500,0,0,h15,2470706090532784367
p2,A,500,0,0,h15,2470706090532784367
p2,B,419,81,0,h15,2470706090532784367
p2,C,49,92,359,h15,2470706090532784367
p2,Non-ROH,500,0,0,h15,2470706090532784367
p3,A,500,0,0,h15,2470706090532784367
p3,B,443,57,0,h15,2470706090532784367
p3,C,29,98,373,h15,2470706090532784367
p3,Non-ROH,500,0,0,h15,2470706090532784367
p1,A,500,0,0,h15,2488018091933360452
p1,B,224,262,14,h15,2488018091933360452
p1,C,51,73,376,h15,2488018091933360452
p1,Non-ROH,500,0,0,h15,2488018091933360452
p2,A,500,0,0,h15,2488018091933360452
p2,B,429,71,0,h15,2488018091933360452
p2,C,31,114,355,h15,2488018091933360452
p2,Non-ROH,500,0,0,h15,2488018091933360452
p3,A,500,0,0,h15,2488018091933360452
p3,B,442,58,0,h15,2488018091933360452
p3,C,30,99,371,h15,2488018091933360452
p3,Non-ROH,500,0,0,h15,2488018091933360452
p1,A,500,0,0,h15,2496128195816062636
p1,B,233,253,14,h15,2496128195816062636
p1,C,86,43,371,h15,2496128195816062636
p1,Non-ROH,500,0,0,h15,2496128195816062636
p2,A,500,0,0,h15,2496128195816062636
p2,B,415,85,0,h15,2496128195816062636
p2,C,81,45,374,h15,2496128195816062636
p2,Non-ROH,500,0,0,h15,2496128195816062636
p3,A,500,0,0,h15,2496128195816062636
p3,B,458,42,0,h15,2496128195816062636
p3,C,83,48,369,h15,2496128195816062636
p3,Non-ROH,500,0,0,h15,2496128195816062636
p1,A,499,1,0,h15,2520941580330329933
p1,B,242,249,9,h15,2520941580330329933
p1,C,57,73,370,h15,2520941580330329933
p1,Non-ROH,500,0,0,h15,2520941580330329933
p2,A,500,0,0,h15,2520941580330329933
p2,B,428,72,0,h15,2520941580330329933
p2,C,32,111,357,h15,2520941580330329933
p2,Non-ROH,500,0,0,h15,2520941580330329933
p3,A,500,0,0,h15,2520941580330329933
p3,B,430,70,0,h15,2520941580330329933
p3,C,43,82,375,h15,2520941580330329933
p3,Non-ROH,500,0,0,h15,2520941580330329933
p1,A,499,1,0,h15,2530876043883582924
p1,B,215,272,13,h15,2530876043883582924
p1,C,53,73,374,h15,2530876043883582924
p1,Non-ROH,500,0,0,h15,2530876043883582924
p2,A,500,0,0,h15,2530876043883582924
p2,B,388,112,0,h15,2530876043883582924
p2,C,38,64,398,h15,2530876043883582924
p2,Non-ROH,500,0,0,h15,2530876043883582924
p3,A,500,0,0,h15,2530876043883582924
p3,B,442,58,0,h15,2530876043883582924
p3,C,39,89,372,h15,2530876043883582924
p3,Non-ROH,500,0,0,h15,2530876043883582924
p1,A,500,0,0,h15,2551878716700761501
p1,B,230,256,14,h15,2551878716700761501
p1,C,52,76,372,h15,2551878716700761501
p1,Non-ROH,500,0,0,h15,2551878716700761501
p2,A,500,0,0,h15,2551878716700761501
p2,B,421,79,0,h15,2551878716700761501
p2,C,48,73,379,h15,2551878716700761501
p2,Non-ROH,500,0,0,h15,2551878716700761501
p3,A,500,0,0,h15,2551878716700761501
p3,B,459,41,0,h15,2551878716700761501
p3,C,58,97,345,h15,2551878716700761501
p3,Non-ROH,500,0,0,h15,2551878716700761501
p1,A,499,1,0,h15,2560645522560305138
p1,B,233,249,18,h15,2560645522560305138
p1,C,47,56,397,h15,2560645522560305138
p1,Non-ROH,500,0,0,h15,2560645522560305138
p2,A,500,0,0,h15,2560645522560305138
p2,B,437,63,0,h15,2560645522560305138
p2,C,29,162,309,h15,2560645522560305138
p2,Non-ROH,500,0,0,h15,2560645522560305138
p3,A,500,0,0,h15,2560645522560305138
p3,B,452,48,0,h15,2560645522560305138
p3,C,37,191,272,h15,2560645522560305138
p3,Non-ROH,500,0,0,h15,2560645522560305138
p1,A,500,0,0,h15,2574054733575295619
p1,B,224,266,10,h15,2574054733575295619
p1,C,54,98,348,h15,2574054733575295619
p1,Non-ROH,500,0,0,h15,2574054733575295619
p2,A,500,0,0,h15,2574054733575295619
p2,B,365,135,0,h15,2574054733575295619
p2,C,26,107,367,h15,2574054733575295619
p2,Non-ROH,500,0,0,h15,2574054733575295619
p3,A,500,0,0,h15,2574054733575295619
p3,B,411,89,0,h15,2574054733575295619
p3,C,32,98,370,h15,2574054733575295619
p3,Non-ROH,500,0,0,h15,2574054733575295619
p1,A,497,3,0,h15,2586231447732861277
p1,B,205,288,7,h15,2586231447732861277
p1,C,46,69,385,h15,2586231447732861277
p1,Non-ROH,500,0,0,h15,2586231447732861277
p2,A,500,0,0,h15,2586231447732861277
p2,B,382,118,0,h15,2586231447732861277
p2,C,50,144,306,h15,2586231447732861277
p2,Non-ROH,500,0,0,h15,2586231447732861277
p3,A,500,0,0,h15,2586231447732861277
p3,B,431,69,0,h15,2586231447732861277
p3,C,25,151,324,h15,2586231447732861277
p3,Non-ROH,500,0,0,h15,2586231447732861277
p1,A,499,1,0,h15,2604263052401038050
p1,B,201,281,18,h15,2604263052401038050
p1,C,47,66,387,h15,2604263052401038050
p1,Non-ROH,500,0,0,h15,2604263052401038050
p2,A,500,0,0,h15,2604263052401038050
p2,B,413,87,0,h15,2604263052401038050
p2,C,36,116,348,h15,2604263052401038050
p2,Non-ROH,500,0,0,h15,2604263052401038050
p3,A,500,0,0,h15,2604263052401038050
p3,B,450,50,0,h15,2604263052401038050
p3,C,42,136,322,h15,2604263052401038050
p3,Non-ROH,500,0,0,h15,2604263052401038050
p1,A,500,0,0,h15,2638201774638269924
p1,B,233,251,16,h15,2638201774638269924
p1,C,58,64,378,h15,2638201774638269924
p1,Non-ROH,500,0,0,h15,2638201774638269924
p2,A,500,0,0,h15,2638201774638269924
p2,B,405,95,0,h15,2638201774638269924
p2,C,27,100,373,h15,2638201774638269924
p2,Non-ROH,500,0,0,h15,2638201774638269924
p3,A,500,0,0,h15,2638201774638269924
p3,B,456,44,0,h15,2638201774638269924
p3,C,34,117,349,h15,2638201774638269924
p3,Non-ROH,500,0,0,h15,2638201774638269924
p1,A,499,1,0,h15,2643904249112940996
p1,B,232,251,17,h15,2643904249112940996
p1,C,75,51,374,h15,2643904249112940996
p1,Non-ROH,500,0,0,h15,2643904249112940996
p2,A,500,0,0,h15,2643904249112940996
p2,B,428,72,0,h15,2643904249112940996
p2,C,68,54,378,h15,2643904249112940996
p2,Non-ROH,500,0,0,h15,2643904249112940996
p3,A,500,0,0,h15,2643904249112940996
p3,B,449,51,0,h15,2643904249112940996
p3,C,93,124,283,h15,2643904249112940996
p3,Non-ROH,500,0,0,h15,2643904249112940996
p1,A,499,1,0,h15,2651604928972249132
p1,B,247,232,21,h15,2651604928972249132
p1,C,57,63,380,h15,2651604928972249132
p1,Non-ROH,500,0,0,h15,2651604928972249132
p2,A,500,0,0,h15,2651604928972249132
p2,B,410,90,0,h15,2651604928972249132
p2,C,37,126,337,h15,2651604928972249132
p2,Non-ROH,500,0,0,h15,2651604928972249132
p3,A,500,0,0,h15,2651604928972249132
p3,B,446,54,0,h15,2651604928972249132
p3,C,37,85,378,h15,2651604928972249132
p3,Non-ROH,500,0,0,h15,2651604928972249132
p1,A,500,0,0,h15,2658321031695449187
p1,B,221,265,14,h15,2658321031695449187
p1,C,48,81,371,h15,2658321031695449187
p1,Non-ROH,500,0,0,h15,2658321031695449187
p2,A,500,0,0,h15,2658321031695449187
p2,B,396,104,0,h15,2658321031695449187
p2,C,42,109,349,h15,2658321031695449187
p2,Non-ROH,500,0,0,h15,2658321031695449187
p3,A,500,0,0,h15,2658321031695449187
p3,B,459,41,0,h15,2658321031695449187
p3,C,42,82,376,h15,2658321031695449187
p3,Non-ROH,500,0,0,h15,2658321031695449187
p1,A,499,1,0,h15,2658422720204589086
p1,B,246,242,12,h15,2658422720204589086
p1,C,86,43,371,h15,2658422720204589086
p1,Non-ROH,500,0,0,h15,2658422720204589086
p2,A,500,0,0,h15,2658422720204589086
p2,B,440,60,0,h15,2658422720204589086
p2,C,65,42,393,h15,2658422720204589086
p2,Non-ROH,500,0,0,h15,2658422720204589086
p3,A,500,0,0,h15,2658422720204589086
p3,B,457,43,0,h15,2658422720204589086
p3,C,105,41,354,h15,2658422720204589086
p3,Non-ROH,500,0,0,h15,2658422720204589086
p1,A,500,0,0,h15,2671709687059240233
p1,B,217,265,18,h15,2671709687059240233
p1,C,56,84,360,h15,2671709687059240233
p1,Non-ROH,500,0,0,h15,2671709687059240233
p2,A,500,0,0,h15,2671709687059240233
p2,B,402,98,0,h15,2671709687059240233
p2,C,39,114,347,h15,2671709687059240233
p2,Non-ROH,500,0,0,h15,2671709687059240233
p3,A,500,0,0,h15,2671709687059240233
p3,B,456,44,0,h15,2671709687059240233
p3,C,31,119,350,h15,2671709687059240233
p3,Non-ROH,500,0,0,h15,2671709687059240233
p1,A,500,0,0,h15,2695667693965801473
p1,B,227,260,13,h15,2695667693965801473
p1,C,49,82,369,h15,2695667693965801473
p1,Non-ROH,500,0,0,h15,2695667693965801473
p2,A,500,0,0,h15,2695667693965801473
p2,B,391,109,0,h15,2695667693965801473
p2,C,35,67,398,h15,2695667693965801473
p2,Non-ROH,500,0,0,h15,2695667693965801473
p3,A,500,0,0,h15,2695667693965801473
p3,B,455,45,0,h15,2695667693965801473
p3,C,30,70,400,h15,2695667693965801473
p3,Non-ROH,500,0,0,h15,2695667693965801473
p1,A,500,0,0,h15,2711325550101517780
p1,B,223,264,13,h15,2711325550101517780
p1,C,48,80,372,h15,2711325550101517780
p1,Non-ROH,500,0,0,h15,2711325550101517780
p2,A,500,0,0,h15,2711325550101517780
p2,B,414,86,0,h15,2711325550101517780
p2,C,49,115,336,h15,2711325550101517780
p2,Non-ROH,500,0,0,h15,2711325550101517780
p3,A,500,0,0,h15,2711325550101517780
p3,B,453,47,0,h15,2711325550101517780
p3,C,45,94,361,h15,2711325550101517780
p3,Non-ROH,500,0,0,h15,2711325550101517780
p1,A,499,1,0,h15,2712007108831705026
p1,B,201,285,14,h15,2712007108831705026
p1,C,39,77,384,h15,2712007108831705026
p1,Non-ROH,500,0,0,h15,2712007108831705026
p2,A,500,0,0,h15,2712007108831705026
p2,B,418,82,0,h15,2712007108831705026
p2,C,46,128,326,h15,2712007108831705026
p2,Non-ROH,500,0,0,h15,2712007108831705026
p3,A,500,0,0,h15,2712007108831705026
p3,B,433,67,0,h15,2712007108831705026
p3,C,40,99,361,h15,2712007108831705026
p3,Non-ROH,500,0,0,h15,2712007108831705026
p1,A,500,0,0,h15,2720881111027535770
p1,B,251,228,21,h15,2720881111027535770
p1,C,61,72,367,h15,2720881111027535770
p1,Non-ROH,500,0,0,h15,2720881111027535770
p2,A,500,0,0,h15,2720881111027535770
p2,B,448,52,0,h15,2720881111027535770
p2,C,47,135,318,h15,2720881111027535770
p2,Non-ROH,500,0,0,h15,2720881111027535770
p3,A,500,0,0,h15,2720881111027535770
p3,B,457,43,0,h15,2720881111027535770
p3,C,42,81,377,h15,2720881111027535770
p3,Non-ROH,500,0,0,h15,2720881111027535770
p1,A,498,2,0,h15,2734882890488091491
p1,B,219,261,20,h15,2734882890488091491
p1,C,56,73,371,h15,2734882890488091491
p1,Non-ROH,500,0,0,h15,2734882890488091491
p2,A,500,0,0,h15,2734882890488091491
p2,B,401,99,0,h15,2734882890488091491
p2,C,41,101,358,h15,2734882890488091491
p2,Non-ROH,500,0,0,h15,2734882890488091491
p3,A,500,0,0,h15,2734882890488091491
p3,B,456,44,0,h15,2734882890488091491
p3,C,27,139,334,h15,2734882890488091491
p3,Non-ROH,500,0,0,h15,2734882890488091491
p1,A,500,0,0,h15,274105608504939076
p1,B,237,251,12,h15,274105608504939076
p1,C,48,72,380,h15,274105608504939076
p1,Non-ROH,500,0,0,h15,274105608504939076
p2,A,500,0,0,h15,274105608504939076
p2,B,396,104,0,h15,274105608504939076
p2,C,36,76,388,h15,274105608504939076
p2,Non-ROH,500,0,0,h15,274105608504939076
p3,A,500,0,0,h15,274105608504939076
p3,B,423,77,0,h15,274105608504939076
p3,C,28,164,308,h15,274105608504939076
p3,Non-ROH,500,0,0,h15,274105608504939076
p1,A,500,0,0,h15,2758679588510609392
p1,B,234,250,16,h15,2758679588510609392
p1,C,50,84,366,h15,2758679588510609392
p1,Non-ROH,500,0,0,h15,2758679588510609392
p2,A,500,0,0,h15,2758679588510609392
p2,B,422,78,0,h15,2758679588510609392
p2,C,39,72,389,h15,2758679588510609392
p2,Non-ROH,500,0,0,h15,2758679588510609392
p3,A,500,0,0,h15,2758679588510609392
p3,B,465,35,0,h15,2758679588510609392
p3,C,39,69,392,h15,2758679588510609392
p3,Non-ROH,500,0,0,h15,2758679588510609392
p1,A,500,0,0,h15,2776627699360820792
p1,B,235,252,13,h15,2776627699360820792
p1,C,60,75,365,h15,2776627699360820792
p1,Non-ROH,500,0,0,h15,2776627699360820792
p2,A,500,0,0,h15,2776627699360820792
p2,B,418,82,0,h15,2776627699360820792
p2,C,34,131,335,h15,2776627699360820792
p2,Non-ROH,500,0,0,h15,2776627699360820792
p3,A,500,0,0,h15,2776627699360820792
p3,B,463,37,0,h15,2776627699360820792
p3,C,34,133,333,h15,2776627699360820792
p3,Non-ROH,500,0,0,h15,2776627699360820792
p1,A,500,0,0,h15,2781101503616177205
p1,B,221,267,12,h15,2781101503616177205
p1,C,61,83,356,h15,2781101503616177205
p1,Non-ROH,500,0,0,h15,2781101503616177205
p2,A,500,0,0,h15,2781101503616177205
p2,B,432,68,0,h15,2781101503616177205
p2,C,43,163,294,h15,2781101503616177205
p2,Non-ROH,500,0,0,h15,2781101503616177205
p3,A,500,0,0,h15,2781101503616177205
p3,B,436,64,0,h15,2781101503616177205
p3,C,45,104,351,h15,2781101503616177205
p3,Non-ROH,500,0,0,h15,2781101503616177205
p1,A,499,1,0,h15,2800136311388728557
p1,B,189,298,13,h15,2800136311388728557
p1,C,72,55,373,h15,2800136311388728557
p1,Non-ROH,500,0,0,h15,2800136311388728557
p2,A,500,0,0,h15,2800136311388728557
p2,B,407,93,0,h15,2800136311388728557
p2,C,33,78,389,h15,2800136311388728557
p2,Non-ROH,500,0,0,h15,2800136311388728557
p3,A,500,0,0,h15,2800136311388728557
p3,B,456,44,0,h15,2800136311388728557
p3,C,28,87,385,h15,2800136311388728557
p3,Non-ROH,500,0,0,h15,2800136311388728557
p1,A,499,0,1,h15,2804196409984269811
p1,B,229,252,19,h15,2804196409984269811
p1,C,60,83,357,h15,2804196409984269811
p1,Non-ROH,499,0,0,h15,2804196409984269811
p2,A,500,0,0,h15,2804196409984269811
p2,B,405,95,0,h15,2804196409984269811
p2,C,46,148,306,h15,2804196409984269811
p2,Non-ROH,500,0,0,h15,2804196409984269811
p3,A,500,0,0,h15,2804196409984269811
p3,B,436,64,0,h15,2804196409984269811
p3,C,41,131,328,h15,2804196409984269811
p3,Non-ROH,500,0,0,h15,2804196409984269811
p1,A,500,0,0,h15,2811473585925759492
p1,B,206,281,13,h15,2811473585925759492
p1,C,46,100,354,h15,2811473585925759492
p1,Non-ROH,500,0,0,h15,2811473585925759492
p2,A,500,0,0,h15,2811473585925759492
p2,B,389,111,0,h15,2811473585925759492
p2,C,34,101,365,h15,2811473585925759492
p2,Non-ROH,500,0,0,h15,2811473585925759492
p3,A,500,0,0,h15,2811473585925759492
p3,B,423,77,0,h15,2811473585925759492
p3,C,25,97,378,h15,2811473585925759492
p3,Non-ROH,500,0,0,h15,2811473585925759492
p1,A,500,0,0,h15,2812090298604040356
p1,B,218,269,13,h15,2812090298604040356
p1,C,52,92,356,h15,2812090298604040356
p1,Non-ROH,500,0,0,h15,2812090298604040356
p2,A,500,0,0,h15,2812090298604040356
p2,B,378,122,0,h15,2812090298604040356
p2,C,43,109,348,h15,2812090298604040356
p2,Non-ROH,500,0,0,h15,2812090298604040356
p3,A,500,0,0,h15,2812090298604040356
p3,B,433,67,0,h15,2812090298604040356
p3,C,26,133,341,h15,2812090298604040356
p3,Non-ROH,500,0,0,h15,2812090298604040356
p1,A,499,1,0,h15,2817534442773565608
p1,B,177,313,10,h15,2817534442773565608
p1,C,50,73,377,h15,2817534442773565608
p1,Non-ROH,500,0,0,h15,2817534442773565608
p2,A,500,0,0,h15,2817534442773565608
p2,B,394,105,1,h15,2817534442773565608
p2,C,80,112,308,h15,2817534442773565608
p2,Non-ROH,500,0,0,h15,2817534442773565608
p3,A,500,0,0,h15,2817534442773565608
p3,B,445,55,0,h15,2817534442773565608
p3,C,73,127,300,h15,2817534442773565608
p3,Non-ROH,500,0,0,h15,2817534442773565608
p1,A,500,0,0,h15,2822224736973749304
p1,B,226,256,18,h15,2822224736973749304
p1,C,49,59,392,h15,2822224736973749304
p1,Non-ROH,500,0,0,h15,2822224736973749304
p2,A,500,0,0,h15,2822224736973749304
p2,B,442,58,0,h15,2822224736973749304
p2,C,51,87,362,h15,2822224736973749304
p2,Non-ROH,500,0,0,h15,2822224736973749304
p3,A,500,0,0,h15,2822224736973749304
p3,B,445,55,0,h15,2822224736973749304
p3,C,33,94,373,h15,2822224736973749304
p3,Non-ROH,500,0,0,h15,2822224736973749304
p1,A,497,3,0,h15,2828590215704198699
p1,B,201,288,11,h15,2828590215704198699
p1,C,60,76,364,h15,2828590215704198699
p1,Non-ROH,500,0,0,h15,2828590215704198699
p2,A,500,0,0,h15,2828590215704198699
p2,B,387,113,0,h15,2828590215704198699
p2,C,36,99,365,h15,2828590215704198699
p2,Non-ROH,500,0,0,h15,2828590215704198699
p3,A,500,0,0,h15,2828590215704198699
p3,B,449,51,0,h15,2828590215704198699
p3,C,39,130,331,h15,2828590215704198699
p3,Non-ROH,500,0,0,h15,2828590215704198699
p1,A,499,1,0,h15,2847205522958870302
p1,B,259,231,10,h15,2847205522958870302
p1,C,64,62,374,h15,2847205522958870302
p1,Non-ROH,500,0,0,h15,2847205522958870302
p2,A,500,0,0,h15,2847205522958870302
p2,B,430,70,0,h15,2847205522958870302
p2,C,30,131,339,h15,2847205522958870302
p2,Non-ROH,500,0,0,h15,2847205522958870302
p3,A,500,0,0,h15,2847205522958870302
p3,B,453,47,0,h15,2847205522958870302
p3,C,30,193,277,h15,2847205522958870302
p3,Non-ROH,500,0,0,h15,2847205522958870302
p1,A,499,1,0,h15,2863108921777469219
p1,B,193,291,16,h15,2863108921777469219
p1,C,66,76,358,h15,2863108921777469219
p1,Non-ROH,500,0,0,h15,2863108921777469219
p2,A,500,0,0,h15,2863108921777469219
p2,B,374,126,0,h15,2863108921777469219
p2,C,116,68,316,h15,2863108921777469219
p2,Non-ROH,500,0,0,h15,2863108921777469219
p3,A,500,0,0,h15,2863108921777469219
p3,B,454,46,0,h15,2863108921777469219
p3,C,65,122,313,h15,2863108921777469219
p3,Non-ROH,500,0,0,h15,2863108921777469219
p1,A,499,1,0,h15,2893599208837345034
p1,B,207,278,15,h15,2893599208837345034
p1,C,58,65,377,h15,2893599208837345034
p1,Non-ROH,500,0,0,h15,2893599208837345034
p2,A,500,0,0,h15,2893599208837345034
p2,B,406,94,0,h15,2893599208837345034
p2,C,30,81,389,h15,2893599208837345034
p2,Non-ROH,500,0,0,h15,2893599208837345034
p3,A,500,0,0,h15,2893599208837345034
p3,B,443,57,0,h15,2893599208837345034
p3,C,21,114,365,h15,2893599208837345034
p3,Non-ROH,500,0,0,h15,2893599208837345034
p1,A,500,0,0,h15,2902195844645575108
p1,B,214,270,16,h15,2902195844645575108
p1,C,57,79,364,h15,2902195844645575108
p1,Non-ROH,500,0,0,h15,2902195844645575108
p2,A,500,0,0,h15,2902195844645575108
p2,B,394,106,0,h15,2902195844645575108
p2,C,31,83,386,h15,2902195844645575108
p2,Non-ROH,500,0,0,h15,2902195844645575108
p3,A,500,0,0,h15,2902195844645575108
p3,B,414,86,0,h15,2902195844645575108
p3,C,35,101,364,h15,2902195844645575108
p3,Non-ROH,500,0,0,h15,2902195844645575108
p1,A,499,1,0,h15,290686619090390620
p1,B,212,274,14,h15,290686619090390620
p1,C,61,73,366,h15,290686619090390620
p1,Non-ROH,500,0,0,h15,290686619090390620
p2,A,500,0,0,h15,290686619090390620
p2,B,418,82,0,h15,290686619090390620
p2,C,32,80,388,h15,290686619090390620
p2,Non-ROH,500,0,0,h15,290686619090390620
p3,A,500,0,0,h15,290686619090390620
p3,B,459,41,0,h15,290686619090390620
p3,C,44,76,380,h15,290686619090390620
p3,Non-ROH,500,0,0,h15,290686619090390620
p1,A,500,0,0,h15,2908185655741705158
p1,B,257,227,16,h15,2908185655741705158
p1,C,80,40,380,h15,2908185655741705158
p1,Non-ROH,500,0,0,h15,2908185655741705158
p2,A,500,0,0,h15,2908185655741705158
p2,B,437,63,0,h15,2908185655741705158
p2,C,72,37,391,h15,2908185655741705158
p2,Non-ROH,500,0,0,h15,2908185655741705158
p3,A,500,0,0,h15,2908185655741705158
p3,B,468,32,0,h15,2908185655741705158
p3,C,119,45,336,h15,2908185655741705158
p3,Non-ROH,500,0,0,h15,2908185655741705158
p1,A,497,3,0,h15,2928617076118517724
p1,B,187,292,21,h15,2928617076118517724
p1,C,49,78,373,h15,2928617076118517724
p1,Non-ROH,500,0,0,h15,2928617076118517724
p2,A,500,0,0,h15,2928617076118517724
p2,B,400,100,0,h15,2928617076118517724
p2,C,42,93,365,h15,2928617076118517724
p2,Non-ROH,500,0,0,h15,2928617076118517724
p3,A,500,0,0,h15,2928617076118517724
p3,B,447,53,0,h15,2928617076118517724
p3,C,43,90,367,h15,2928617076118517724
p3,Non-ROH,500,0,0,h15,2928617076118517724
p1,A,500,0,0,h15,2960987145517736456
p1,B,228,250,22,h15,2960987145517736456
p1,C,65,65,370,h15,2960987145517736456
p1,Non-ROH,500,0,0,h15,2960987145517736456
p2,A,500,0,0,h15,2960987145517736456
p2,B,417,83,0,h15,2960987145517736456
p2,C,35,94,371,h15,2960987145517736456
p2,Non-ROH,500,0,0,h15,2960987145517736456
p3,A,500,0,0,h15,2960987145517736456
p3,B,468,32,0,h15,2960987145517736456
p3,C,63,106,331,h15,2960987145517736456
p3,Non-ROH,500,0,0,h15,2960987145517736456
p1,A,499,1,0,h15,2964755776393380304
p1,B,203,275,22,h15,2964755776393380304
p1,C,47,90,363,h15,2964755776393380304
p1,Non-ROH,500,0,0,h15,2964755776393380304
p2,A,500,0,0,h15,2964755776393380304
p2,B,388,112,0,h15,2964755776393380304
p2,C,40,96,364,h15,2964755776393380304
p2,Non-ROH,500,0,0,h15,2964755776393380304
p3,A,500,0,0,h15,2964755776393380304
p3,B,441,59,0,h15,2964755776393380304
p3,C,19,122,359,h15,2964755776393380304
p3,Non-ROH,500,0,0,h15,2964755776393380304
p1,A,500,0,0,h15,2964850906719704677
p1,B,181,302,17,h15,2964850906719704677
p1,C,43,73,384,h15,2964850906719704677
p1,Non-ROH,500,0,0,h15,2964850906719704677
p2,A,500,0,0,h15,2964850906719704677
p2,B,379,121,0,h15,2964850906719704677
p2,C,31,92,377,h15,2964850906719704677
p2,Non-ROH,500,0,0,h15,2964850906719704677
p3,A,500,0,0,h15,2964850906719704677
p3,B,445,55,0,h15,2964850906719704677
p3,C,35,156,309,h15,2964850906719704677
p3,Non-ROH,500,0,0,h15,2964850906719704677
p1,A,500,0,0,h15,3016438816056710144
p1,B,248,241,11,h15,3016438816056710144
p1,C,59,81,360,h15,3016438816056710144
p1,Non-ROH,500,0,0,h15,3016438816056710144
p2,A,500,0,0,h15,3016438816056710144
p2,B,436,64,0,h15,3016438816056710144
p2,C,42,109,349,h15,3016438816056710144
p2,Non-ROH,500,0,0,h15,3016438816056710144
p3,A,500,0,0,h15,3016438816056710144
p3,B,472,28,0,h15,3016438816056710144
p3,C,44,87,369,h15,3016438816056710144
p3,Non-ROH,500,0,0,h15,3016438816056710144
p1,A,500,0,0,h15,3035241902047202635
p1,B,259,224,17,h15,3035241902047202635
p1,C,57,82,361,h15,3035241902047202635
p1,Non-ROH,500,0,0,h15,3035241902047202635
p2,A,500,0,0,h15,3035241902047202635
p2,B,429,71,0,h15,3035241902047202635
p2,C,27,91,382,h15,3035241902047202635
p2,Non-ROH,500,0,0,h15,3035241902047202635
p3,A,500,0,0,h15,3035241902047202635
p3,B,461,39,0,h15,3035241902047202635
p3,C,36,113,351,h15,3035241902047202635
p3,Non-ROH,500,0,0,h15,3035241902047202635
p1,A,499,1,0,h15,3043293454152467714
p1,B,202,287,11,h15,3043293454152467714
p1,C,55,73,372,h15,3043293454152467714
p1,Non-ROH,500,0,0,h15,3043293454152467714
p2,A,500,0,0,h15,3043293454152467714
p2,B,396,104,0,h15,3043293454152467714
p2,C,23,110,367,h15,3043293454152467714
p2,Non-ROH,500,0,0,h15,3043293454152467714
p3,A,500,0,0,h15,3043293454152467714
p3,B,438,62,0,h15,3043293454152467714
p3,C,38,188,274,h15,3043293454152467714
p3,Non-ROH,500,0,0,h15,3043293454152467714
p1,A,500,0,0,h15,3078297941584403420
p1,B,226,259,15,h15,3078297941584403420
p1,C,50,78,372,h15,3078297941584403420
p1,Non-ROH,500,0,0,h15,3078297941584403420
p2,A,500,0,0,h15,3078297941584403420
p2,B,427,73,0,h15,3078297941584403420
p2,C,39,99,362,h15,3078297941584403420
p2,Non-ROH,500,0,0,h15,3078297941584403420
p3,A,500,0,0,h15,3078297941584403420
p3,B,459,41,0,h15,3078297941584403420
p3,C,35,121,344,h15,3078297941584403420
p3,Non-ROH,500,0,0,h15,3078297941584403420
p1,A,500,0,0,h15,3090648770512903875
p1,B,190,293,17,h15,3090648770512903875
p1,C,52,85,363,h15,3090648770512903875
p1,Non-ROH,500,0,0,h15,3090648770512903875
p2,A,500,0,0,h15,3090648770512903875
p2,B,378,122,0,h15,3090648770512903875
p2,C,30,116,354,h15,3090648770512903875
p2,Non-ROH,500,0,0,h15,3090648770512903875
p3,A,500,0,0,h15,3090648770512903875
p3,B,450,50,0,h15,3090648770512903875
p3,C,37,92,371,h15,3090648770512903875
p3,Non-ROH,500,0,0,h15,3090648770512903875
p1,A,499,1,0,h15,3099974262583652182
p1,B,228,258,14,h15,3099974262583652182
p1,C,52,60,388,h15,3099974262583652182
p1,Non-ROH,500,0,0,h15,3099974262583652182
p2,A,500,0,0,h15,3099974262583652182
p2,B,412,88,0,h15,3099974262583652182
p2,C,53,128,319,h15,3099974262583652182
p2,Non-ROH,500,0,0,h15,3099974262583652182
p3,A,500,0,0,h15,3099974262583652182
p3,B,451,49,0,h15,3099974262583652182
p3,C,50,61,389,h15,3099974262583652182
p3,Non-ROH,500,0,0,h15,3099974262583652182
p1,A,500,0,0,h15,310724024484865085
p1,B,236,247,17,h15,310724024484865085
p1,C,96,57,347,h15,310724024484865085
p1,Non-ROH,500,0,0,h15,310724024484865085
p2,A,500,0,0,h15,310724024484865085
p2,B,405,95,0,h15,310724024484865085
p2,C,104,31,365,h15,310724024484865085
p2,Non-ROH,500,0,0,h15,310724024484865085
p3,A,500,0,0,h15,310724024484865085
p3,B,441,59,0,h15,310724024484865085
p3,C,105,36,359,h15,310724024484865085
p3,Non-ROH,500,0,0,h15,310724024484865085
p1,A,500,0,0,h15,3130738727347636717
p1,B,275,211,14,h15,3130738727347636717
p1,C,89,35,376,h15,3130738727347636717
p1,Non-ROH,500,0,0,h15,3130738727347636717
p2,A,500,0,0,h15,3130738727347636717
p2,B,435,65,0,h15,3130738727347636717
p2,C,159,26,315,h15,3130738727347636717
p2,Non-ROH,500,0,0,h15,3130738727347636717
p3,A,500,0,0,h15,3130738727347636717
p3,B,470,30,0,h15,3130738727347636717
p3,C,100,25,375,h15,3130738727347636717
p3,Non-ROH,500,0,0,h15,3130738727347636717
p1,A,500,0,0,h15,3163037160838944437
p1,B,244,234,22,h15,3163037160838944437
p1,C,71,58,371,h15,3163037160838944437
p1,Non-ROH,500,0,0,h15,3163037160838944437
p2,A,500,0,0,h15,3163037160838944437
p2,B,433,67,0,h15,3163037160838944437
p2,C,46,86,368,h15,3163037160838944437
p2,Non-ROH,500,0,0,h15,3163037160838944437
p3,A,500,0,0,h15,3163037160838944437
p3,B,454,46,0,h15,3163037160838944437
p3,C,49,114,337,h15,3163037160838944437
p3,Non-ROH,500,0,0,h15,3163037160838944437
p1,A,499,1,0,h15,3184397707861920724
p1,B,250,241,9,h15,3184397707861920724
p1,C,49,79,372,h15,3184397707861920724
p1,Non-ROH,500,0,0,h15,3184397707861920724
p2,A,500,0,0,h15,3184397707861920724
p2,B,435,65,0,h15,3184397707861920724
p2,C,44,71,385,h15,3184397707861920724
p2,Non-ROH,500,0,0,h15,3184397707861920724
p3,A,500,0,0,h15,3184397707861920724
p3,B,469,31,0,h15,3184397707861920724
p3,C,45,96,359,h15,3184397707861920724
p3,Non-ROH,500,0,0,h15,3184397707861920724
p1,A,498,2,0,h15,3185558667242114064
p1,B,210,276,14,h15,3185558667242114064
p1,C,62,72,366,h15,3185558667242114064
p1,Non-ROH,500,0,0,h15,3185558667242114064
p2,A,500,0,0,h15,3185558667242114064
p2,B,387,113,0,h15,3185558667242114064
p2,C,39,107,354,h15,3185558667242114064
p2,Non-ROH,500,0,0,h15,3185558667242114064
p3,A,500,0,0,h15,3185558667242114064
p3,B,450,50,0,h15,3185558667242114064
p3,C,34,105,361,h15,3185558667242114064
p3,Non-ROH,500,0,0,h15,3185558667242114064
p1,A,498,2,0,h15,3185828032393094515
p1,B,204,278,18,h15,3185828032393094515
p1,C,60,74,366,h15,3185828032393094515
p1,Non-ROH,500,0,0,h15,3185828032393094515
p2,A,500,0,0,h15,3185828032393094515
p2,B,379,121,0,h15,3185828032393094515
p2,C,33,93,374,h15,3185828032393094515
p2,Non-ROH,500,0,0,h15,3185828032393094515
p3,A,500,0,0,h15,3185828032393094515
p3,B,465,35,0,h15,3185828032393094515
p3,C,55,80,365,h15,3185828032393094515
p3,Non-ROH,500,0,0,h15,3185828032393094515
p1,A,500,0,0,h15,3210465511460890309
p1,B,204,270,26,h15,3210465511460890309
p1,C,48,73,379,h15,3210465511460890309
p1,Non-ROH,500,0,0,h15,3210465511460890309
p2,A,500,0,0,h15,3210465511460890309
p2,B,422,78,0,h15,3210465511460890309
p2,C,38,117,345,h15,3210465511460890309
p2,Non-ROH,500,0,0,h15,3210465511460890309
p3,A,500,0,0,h15,3210465511460890309
p3,B,454,46,0,h15,3210465511460890309
p3,C,42,139,319,h15,3210465511460890309
p3,Non-ROH,500,0,0,h15,3210465511460890309
p1,A,499,1,0,h15,3210593662589872418
p1,B,228,255,17,h15,3210593662589872418
p1,C,51,73,376,h15,3210593662589872418
p1,Non-ROH,500,0,0,h15,3210593662589872418
p2,A,500,0,0,h15,3210593662589872418
p2,B,382,118,0,h15,3210593662589872418
p2,C,48,109,343,h15,3210593662589872418
p2,Non-ROH,500,0,0,h15,3210593662589872418
p3,A,500,0,0,h15,3210593662589872418
p3,B,433,67,0,h15,3210593662589872418
p3,C,39,120,341,h15,3210593662589872418
p3,Non-ROH,500,0,0,h15,3210593662589872418
p1,A,500,0,0,h15,3229084381084250086
p1,B,284,203,13,h15,3229084381084250086
p1,C,73,90,337,h15,3229084381084250086
p1,Non-ROH,500,0,0,h15,3229084381084250086
p2,A,500,0,0,h15,3229084381084250086
p2,B,434,66,0,h15,3229084381084250086
p2,C,55,65,380,h15,3229084381084250086
p2,Non-ROH,500,0,0,h15,3229084381084250086
p3,A,500,0,0,h15,3229084381084250086
p3,B,481,19,0,h15,3229084381084250086
p3,C,61,80,359,h15,3229084381084250086
p3,Non-ROH,500,0,0,h15,3229084381084250086
p1,A,500,0,0,h15,3269154127785763226
p1,B,233,250,17,h15,3269154127785763226
p1,C,53,67,380,h15,3269154127785763226
p1,Non-ROH,500,0,0,h15,3269154127785763226
p2,A,500,0,0,h15,3269154127785763226
p2,B,398,102,0,h15,3269154127785763226
p2,C,28,85,387,h15,3269154127785763226
p2,Non-ROH,500,0,0,h15,3269154127785763226
p3,A,500,0,0,h15,3269154127785763226
p3,B,434,66,0,h15,3269154127785763226
p3,C,31,105,364,h15,3269154127785763226
p3,Non-ROH,500,0,0,h15,3269154127785763226
p1,A,500,0,0,h15,3273519525761798471
p1,B,201,283,16,h15,3273519525761798471
p1,C,55,79,366,h15,3273519525761798471
p1,Non-ROH,500,0,0,h15,3273519525761798471
p2,A,500,0,0,h15,3273519525761798471
p2,B,384,114,2,h15,3273519525761798471
p2,C,33,74,393,h15,3273519525761798471
p2,Non-ROH,500,0,0,h15,3273519525761798471
p3,A,500,0,0,h15,3273519525761798471
p3,B,452,48,0,h15,3273519525761798471
p3,C,44,167,289,h15,3273519525761798471
p3,Non-ROH,500,0,0,h15,3273519525761798471
p1,A,500,0,0,h15,327374201998611945
p1,B,270,217,13,h15,327374201998611945
p1,C,60,62,378,h15,327374201998611945
p1,Non-ROH,500,0,0,h15,327374201998611945
p2,A,500,0,0,h15,327374201998611945
p2,B,444,56,0,h15,327374201998611945
p2,C,51,87,362,h15,327374201998611945
p2,Non-ROH,500,0,0,h15,327374201998611945
p3,A,500,0,0,h15,327374201998611945
p3,B,475,25,0,h15,327374201998611945
p3,C,64,106,330,h15,327374201998611945
p3,Non-ROH,500,0,0,h15,327374201998611945
p1,A,499,1,0,h15,3287578407771284395
p1,B,193,286,21,h15,3287578407771284395
p1,C,45,103,352,h15,3287578407771284395
p1,Non-ROH,500,0,0,h15,3287578407771284395
p2,A,500,0,0,h15,3287578407771284395
p2,B,388,112,0,h15,3287578407771284395
p2,C,33,132,335,h15,3287578407771284395
p2,Non-ROH,500,0,0,h15,3287578407771284395
p3,A,500,0,0,h15,3287578407771284395
p3,B,454,46,0,h15,3287578407771284395
p3,C,28,85,387,h15,3287578407771284395
p3,Non-ROH,500,0,0,h15,3287578407771284395
p1,A,498,2,0,h15,3307057665339367362
p1,B,198,285,17,h15,3307057665339367362
p1,C,46,63,391,h15,3307057665339367362
p1,Non-ROH,500,0,0,h15,3307057665339367362
p2,A,500,0,0,h15,3307057665339367362
p2,B,388,112,0,h15,3307057665339367362
p2,C,31,122,347,h15,3307057665339367362
p2,Non-ROH,500,0,0,h15,3307057665339367362
p3,A,500,0,0,h15,3307057665339367362
p3,B,385,115,0,h15,3307057665339367362
p3,C,42,81,377,h15,3307057665339367362
p3,Non-ROH,500,0,0,h15,3307057665339367362
p1,A,499,1,0,h15,3312670969703424243
p1,B,253,237,10,h15,3312670969703424243
p1,C,54,101,345,h15,3312670969703424243
p1,Non-ROH,500,0,0,h15,3312670969703424243
p2,A,500,0,0,h15,3312670969703424243
p2,B,419,81,0,h15,3312670969703424243
p2,C,44,86,370,h15,3312670969703424243
p2,Non-ROH,500,0,0,h15,3312670969703424243
p3,A,500,0,0,h15,3312670969703424243
p3,B,447,53,0,h15,3312670969703424243
p3,C,47,108,345,h15,3312670969703424243
p3,Non-ROH,500,0,0,h15,3312670969703424243
p1,A,500,0,0,h15,3340500241406418966
p1,B,221,269,10,h15,3340500241406418966
p1,C,52,81,367,h15,3340500241406418966
p1,Non-ROH,500,0,0,h15,3340500241406418966
p2,A,500,0,0,h15,3340500241406418966
p2,B,396,104,0,h15,3340500241406418966
p2,C,29,109,362,h15,3340500241406418966
p2,Non-ROH,500,0,0,h15,3340500241406418966
p3,A,500,0,0,h15,3340500241406418966
p3,B,466,34,0,h15,3340500241406418966
p3,C,28,85,387,h15,3340500241406418966
p3,Non-ROH,500,0,0,h15,3340500241406418966
p1,A,500,0,0,h15,3366207165799477625
p1,B,269,218,13,h15,3366207165799477625
p1,C,50,55,395,h15,3366207165799477625
p1,Non-ROH,500,0,0,h15,3366207165799477625
p2,A,500,0,0,h15,3366207165799477625
p2,B,392,108,0,h15,3366207165799477625
p2,C,45,75,380,h15,3366207165799477625
p2,Non-ROH,500,0,0,h15,3366207165799477625
p3,A,500,0,0,h15,3366207165799477625
p3,B,434,66,0,h15,3366207165799477625
p3,C,45,105,350,h15,3366207165799477625
p3,Non-ROH,500,0,0,h15,3366207165799477625
p1,A,499,1,0,h15,3390192299247848860
p1,B,194,293,13,h15,3390192299247848860
p1,C,46,83,371,h15,3390192299247848860
p1,Non-ROH,500,0,0,h15,3390192299247848860
p2,A,500,0,0,h15,3390192299247848860
p2,B,395,105,0,h15,3390192299247848860
p2,C,47,114,339,h15,3390192299247848860
p2,Non-ROH,500,0,0,h15,3390192299247848860
p3,A,500,0,0,h15,3390192299247848860
p3,B,423,77,0,h15,3390192299247848860
p3,C,41,131,328,h15,3390192299247848860
p3,Non-ROH,500,0,0,h15,3390192299247848860
p1,A,500,0,0,h15,3390259435413110861
p1,B,215,273,12,h15,3390259435413110861
p1,C,58,59,383,h15,3390259435413110861
p1,Non-ROH,500,0,0,h15,3390259435413110861
p2,A,500,0,0,h15,3390259435413110861
p2,B,417,83,0,h15,3390259435413110861
p2,C,37,97,366,h15,3390259435413110861
p2,Non-ROH,500,0,0,h15,3390259435413110861
p3,A,500,0,0,h15,3390259435413110861
p3,B,460,40,0,h15,3390259435413110861
p3,C,36,136,328,h15,3390259435413110861
p3,Non-ROH,500,0,0,h15,3390259435413110861
p1,A,500,0,0,h15,3393781634093874376
p1,B,168,311,21,h15,3393781634093874376
p1,C,47,85,368,h15,3393781634093874376
p1,Non-ROH,500,0,0,h15,3393781634093874376
p2,A,500,0,0,h15,3393781634093874376
p2,B,402,98,0,h15,3393781634093874376
p2,C,51,106,343,h15,3393781634093874376
p2,Non-ROH,500,0,0,h15,3393781634093874376
p3,A,500,0,0,h15,3393781634093874376
p3,B,412,87,1,h15,3393781634093874376
p3,C,31,232,237,h15,3393781634093874376
p3,Non-ROH,500,0,0,h15,3393781634093874376
p1,A,500,0,0,h15,3417960183250057610
p1,B,220,256,24,h15,3417960183250057610
p1,C,56,69,375,h15,3417960183250057610
p1,Non-ROH,500,0,0,h15,3417960183250057610
p2,A,500,0,0,h15,3417960183250057610
p2,B,422,78,0,h15,3417960183250057610
p2,C,51,91,358,h15,3417960183250057610
p2,Non-ROH,500,0,0,h15,3417960183250057610
p3,A,500,0,0,h15,3417960183250057610
p3,B,450,50,0,h15,3417960183250057610
p3,C,45,96,359,h15,3417960183250057610
p3,Non-ROH,500,0,0,h15,3417960183250057610
p1,A,498,2,0,h15,3435960736692290857
p1,B,215,270,15,h15,3435960736692290857
p1,C,51,76,373,h15,3435960736692290857
p1,Non-ROH,500,0,0,h15,3435960736692290857
p2,A,500,0,0,h15,3435960736692290857
p2,B,417,83,0,h15,3435960736692290857
p2,C,45,76,379,h15,3435960736692290857
p2,Non-ROH,500,0,0,h15,3435960736692290857
p3,A,500,0,0,h15,3435960736692290857
p3,B,447,53,0,h15,3435960736692290857
p3,C,44,101,355,h15,3435960736692290857
p3,Non-ROH,500,0,0,h15,3435960736692290857
p1,A,499,1,0,h15,3455365682701319468
p1,B,237,244,19,h15,3455365682701319468
p1,C,42,79,379,h15,3455365682701319468
p1,Non-ROH,500,0,0,h15,3455365682701319468
p2,A,500,0,0,h15,3455365682701319468
p2,B,397,103,0,h15,3455365682701319468
p2,C,41,79,380,h15,3455365682701319468
p2,Non-ROH,500,0,0,h15,3455365682701319468
p3,A,500,0,0,h15,3455365682701319468
p3,B,444,56,0,h15,3455365682701319468
p3,C,27,102,371,h15,3455365682701319468
p3,Non-ROH,500,0,0,h15,3455365682701319468
p1,A,499,1,0,h15,345893178432323072
p1,B,237,240,23,h15,345893178432323072
p1,C,48,69,383,h15,345893178432323072
p1,Non-ROH,500,0,0,h15,345893178432323072
p2,A,500,0,0,h15,345893178432323072
p2,B,420,80,0,h15,345893178432323072
p2,C,40,86,374,h15,345893178432323072
p2,Non-ROH,500,0,0,h15,345893178432323072
p3,A,500,0,0,h15,345893178432323072
p3,B,451,49,0,h15,345893178432323072
p3,C,44,88,368,h15,345893178432323072
p3,Non-ROH,500,0,0,h15,345893178432323072
p1,A,500,0,0,h15,3477192275022389711
p1,B,212,283,5,h15,3477192275022389711
p1,C,51,82,367,h15,3477192275022389711
p1,Non-ROH,500,0,0,h15,3477192275022389711
p2,A,500,0,0,h15,3477192275022389711
p2,B,379,121,0,h15,3477192275022389711
p2,C,32,83,385,h15,3477192275022389711
p2,Non-ROH,500,0,0,h15,3477192275022389711
p3,A,500,0,0,h15,3477192275022389711
p3,B,430,70,0,h15,3477192275022389711
p3,C,28,184,288,h15,3477192275022389711
p3,Non-ROH,500,0,0,h15,3477192275022389711
p1,A,500,0,0,h15,3479175608016784041
p1,B,232,260,8,h15,3479175608016784041
p1,C,50,82,368,h15,3479175608016784041
p1,Non-ROH,500,0,0,h15,3479175608016784041
p2,A,500,0,0,h15,3479175608016784041
p2,B,425,75,0,h15,3479175608016784041
p2,C,52,83,365,h15,3479175608016784041
p2,Non-ROH,500,0,0,h15,3479175608016784041
p3,A,500,0,0,h15,3479175608016784041
p3,B,465,35,0,h15,3479175608016784041
p3,C,30,73,397,h15,3479175608016784041
p3,Non-ROH,500,0,0,h15,3479175608016784041
p1,A,500,0,0,h15,348132335556126410
p1,B,236,248,16,h15,348132335556126410
p1,C,57,83,360,h15,348132335556126410
p1,Non-ROH,500,0,0,h15,348132335556126410
p2,A,500,0,0,h15,348132335556126410
p2,B,413,87,0,h15,348132335556126410
p2,C,43,92,365,h15,348132335556126410
p2,Non-ROH,500,0,0,h15,348132335556126410
p3,A,500,0,0,h15,348132335556126410
p3,B,461,39,0,h15,348132335556126410
p3,C,39,150,311,h15,348132335556126410
p3,Non-ROH,500,0,0,h15,348132335556126410
p1,A,500,0,0,h15,3483790858614949299
p1,B,259,232,9,h15,3483790858614949299
p1,C,78,58,364,h15,3483790858614949299
p1,Non-ROH,500,0,0,h15,3483790858614949299
p2,A,500,0,0,h15,3483790858614949299
p2,B,409,91,0,h15,3483790858614949299
p2,C,118,39,343,h15,3483790858614949299
p2,Non-ROH,500,0,0,h15,3483790858614949299
p3,A,500,0,0,h15,3483790858614949299
p3,B,471,29,0,h15,3483790858614949299
p3,C,89,56,355,h15,3483790858614949299
p3,Non-ROH,500,0,0,h15,3483790858614949299
p1,A,498,2,0,h15,348508022849407605
p1,B,186,304,10,h15,348508022849407605
p1,C,58,89,353,h15,348508022849407605
p1,Non-ROH,500,0,0,h15,348508022849407605
p2,A,500,0,0,h15,348508022849407605
p2,B,377,123,0,h15,348508022849407605
p2,C,39,99,362,h15,348508022849407605
p2,Non-ROH,500,0,0,h15,348508022849407605
p3,A,500,0,0,h15,348508022849407605
p3,B,424,76,0,h15,348508022849407605
p3,C,37,107,356,h15,348508022849407605
p3,Non-ROH,500,0,0,h15,348508022849407605
p1,A,500,0,0,h15,3497185378182906998
p1,B,242,242,16,h15,3497185378182906998
p1,C,77,51,372,h15,3497185378182906998
p1,Non-ROH,500,0,0,h15,3497185378182906998
p2,A,500,0,0,h15,3497185378182906998
p2,B,424,76,0,h15,3497185378182906998
p2,C,74,52,374,h15,3497185378182906998
p2,Non-ROH,500,0,0,h15,3497185378182906998
p3,A,500,0,0,h15,3497185378182906998
p3,B,451,49,0,h15,3497185378182906998
p3,C,67,59,374,h15,3497185378182906998
p3,Non-ROH,500,0,0,h15,3497185378182906998
p1,A,500,0,0,h15,3555433514481028389
p1,B,227,251,22,h15,3555433514481028389
p1,C,54,66,380,h15,3555433514481028389
p1,Non-ROH,500,0,0,h15,3555433514481028389
p2,A,500,0,0,h15,3555433514481028389
p2,B,388,112,0,h15,3555433514481028389
p2,C,55,114,331,h15,3555433514481028389
p2,Non-ROH,500,0,0,h15,3555433514481028389
p3,A,500,0,0,h15,3555433514481028389
p3,B,447,53,0,h15,3555433514481028389
p3,C,71,111,318,h15,3555433514481028389
p3,Non-ROH,500,0,0,h15,3555433514481028389
p1,A,499,1,0,h15,3564625325912848432
p1,B,200,286,14,h15,3564625325912848432
p1,C,53,75,372,h15,3564625325912848432
p1,Non-ROH,500,0,0,h15,3564625325912848432
p2,A,500,0,0,h15,3564625325912848432
p2,B,375,125,0,h15,3564625325912848432
p2,C,42,102,356,h15,3564625325912848432
p2,Non-ROH,500,0,0,h15,3564625325912848432
p3,A,500,0,0,h15,3564625325912848432
p3,B,447,53,0,h15,3564625325912848432
p3,C,37,100,363,h15,3564625325912848432
p3,Non-ROH,500,0,0,h15,3564625325912848432
p1,A,500,0,0,h15,358318172360876650
p1,B,207,276,17,h15,358318172360876650
p1,C,48,99,353,h15,358318172360876650
p1,Non-ROH,500,0,0,h15,358318172360876650
p2,A,500,0,0,h15,358318172360876650
p2,B,395,105,0,h15,358318172360876650
p2,C,28,100,372,h15,358318172360876650
p2,Non-ROH,500,0,0,h15,358318172360876650
p3,A,500,0,0,h15,358318172360876650
p3,B,438,62,0,h15,358318172360876650
p3,C,41,80,379,h15,358318172360876650
p3,Non-ROH,500,0,0,h15,358318172360876650
p1,A,493,7,0,h15,3598883743904255961
p1,B,166,319,15,h15,3598883743904255961
p1,C,38,104,358,h15,3598883743904255961
p1,Non-ROH,500,0,0,h15,3598883743904255961
p2,A,500,0,0,h15,3598883743904255961
p2,B,359,141,0,h15,3598883743904255961
p2,C,30,82,388,h15,3598883743904255961
p2,Non-ROH,500,0,0,h15,3598883743904255961
p3,A,500,0,0,h15,3598883743904255961
p3,B,442,58,0,h15,3598883743904255961
p3,C,26,114,360,h15,3598883743904255961
p3,Non-ROH,500,0,0,h15,3598883743904255961
p1,A,500,0,0,h15,3603715605818049841
p1,B,224,259,17,h15,3603715605818049841
p1,C,70,59,371,h15,3603715605818049841
p1,Non-ROH,500,0,0,h15,3603715605818049841
p2,A,500,0,0,h15,3603715605818049841
p2,B,416,84,0,h15,3603715605818049841
p2,C,72,54,374,h15,3603715605818049841
p2,Non-ROH,500,0,0,h15,3603715605818049841
p3,A,500,0,0,h15,3603715605818049841
p3,B,453,47,0,h15,3603715605818049841
p3,C,73,70,357,h15,3603715605818049841
p3,Non-ROH,500,0,0,h15,3603715605818049841
p1,A,498,2,0,h15,3607480588533803111
p1,B,205,277,18,h15,3607480588533803111
p1,C,60,70,370,h15,3607480588533803111
p1,Non-ROH,500,0,0,h15,3607480588533803111
p2,A,500,0,0,h15,3607480588533803111
p2,B,420,80,0,h15,3607480588533803111
p2,C,37,113,350,h15,3607480588533803111
p2,Non-ROH,500,0,0,h15,3607480588533803111
p3,A,500,0,0,h15,3607480588533803111
p3,B,466,34,0,h15,3607480588533803111
p3,C,92,81,327,h15,3607480588533803111
p3,Non-ROH,500,0,0,h15,3607480588533803111
p1,A,500,0,0,h15,3617997975680925724
p1,B,247,239,14,h15,3617997975680925724
p1,C,66,77,357,h15,3617997975680925724
p1,Non-ROH,500,0,0,h15,3617997975680925724
p2,A,500,0,0,h15,3617997975680925724
p2,B,435,65,0,h15,3617997975680925724
p2,C,44,97,359,h15,3617997975680925724
p2,Non-ROH,500,0,0,h15,3617997975680925724
p3,A,500,0,0,h15,3617997975680925724
p3,B,467,33,0,h15,3617997975680925724
p3,C,31,139,330,h15,3617997975680925724
p3,Non-ROH,500,0,0,h15,3617997975680925724
p1,A,500,0,0,h15,3639317139526480027
p1,B,235,251,14,h15,3639317139526480027
p1,C,70,67,363,h15,3639317139526480027
p1,Non-ROH,500,0,0,h15,3639317139526480027
p2,A,500,0,0,h15,3639317139526480027
p2,B,399,101,0,h15,3639317139526480027
p2,C,36,59,405,h15,3639317139526480027
p2,Non-ROH,500,0,0,h15,3639317139526480027
p3,A,500,0,0,h15,3639317139526480027
p3,B,453,47,0,h15,3639317139526480027
p3,C,41,114,345,h15,3639317139526480027
p3,Non-ROH,500,0,0,h15,3639317139526480027
p1,A,500,0,0,h15,3665484960265591111
p1,B,241,245,14,h15,3665484960265591111
p1,C,56,71,373,h15,3665484960265591111
p1,Non-ROH,500,0,0,h15,3665484960265591111
p2,A,500,0,0,h15,3665484960265591111
p2,B,408,92,0,h15,3665484960265591111
p2,C,31,90,379,h15,3665484960265591111
p2,Non-ROH,500,0,0,h15,3665484960265591111
p3,A,500,0,0,h15,3665484960265591111
p3,B,460,40,0,h15,3665484960265591111
p3,C,64,71,365,h15,3665484960265591111
p3,Non-ROH,500,0,0,h15,3665484960265591111
p1,A,500,0,0,h15,3674990435318027120
p1,B,254,227,19,h15,3674990435318027120
p1,C,63,70,367,h15,3674990435318027120
p1,Non-ROH,500,0,0,h15,3674990435318027120
p2,A,500,0,0,h15,3674990435318027120
p2,B,427,73,0,h15,3674990435318027120
p2,C,43,80,377,h15,3674990435318027120
p2,Non-ROH,500,0,0,h15,3674990435318027120
p3,A,500,0,0,h15,3674990435318027120
p3,B,468,32,0,h15,3674990435318027120
p3,C,51,137,312,h15,3674990435318027120
p3,Non-ROH,500,0,0,h15,3674990435318027120
p1,A,499,1,0,h15,3682555276413059268
p1,B,248,238,14,h15,3682555276413059268
p1,C,40,66,394,h15,3682555276413059268
p1,Non-ROH,500,0,0,h15,3682555276413059268
p2,A,500,0,0,h15,3682555276413059268
p2,B,430,70,0,h15,3682555276413059268
p2,C,40,85,375,h15,3682555276413059268
p2,Non-ROH,500,0,0,h15,3682555276413059268
p3,A,500,0,0,h15,3682555276413059268
p3,B,464,36,0,h15,3682555276413059268
p3,C,31,91,378,h15,3682555276413059268
p3,Non-ROH,500,0,0,h15,3682555276413059268
p1,A,500,0,0,h15,3710035758932078803
p1,B,242,244,14,h15,3710035758932078803
p1,C,56,72,372,h15,3710035758932078803
p1,Non-ROH,500,0,0,h15,3710035758932078803
p2,A,500,0,0,h15,3710035758932078803
p2,B,440,60,0,h15,3710035758932078803
p2,C,51,75,374,h15,3710035758932078803
p2,Non-ROH,500,0,0,h15,3710035758932078803
p3,A,500,0,0,h15,3710035758932078803
p3,B,467,33,0,h15,3710035758932078803
p3,C,33,111,356,h15,3710035758932078803
p3,Non-ROH,500,0,0,h15,3710035758932078803
p1,A,499,1,0,h15,3715864596017978579
p1,B,265,220,15,h15,3715864596017978579
p1,C,53,82,365,h15,3715864596017978579
p1,Non-ROH,500,0,0,h15,3715864596017978579
p2,A,500,0,0,h15,3715864596017978579
p2,B,410,90,0,h15,3715864596017978579
p2,C,39,106,355,h15,3715864596017978579
p2,Non-ROH,500,0,0,h15,3715864596017978579
p3,A,500,0,0,h15,3715864596017978579
p3,B,440,60,0,h15,3715864596017978579
p3,C,46,102,352,h15,3715864596017978579
p3,Non-ROH,500,0,0,h15,3715864596017978579
p1,A,500,0,0,h15,3718566910888851816
p1,B,272,215,13,h15,3718566910888851816
p1,C,58,49,393,h15,3718566910888851816
p1,Non-ROH,500,0,0,h15,3718566910888851816
p2,A,500,0,0,h15,3718566910888851816
p2,B,413,87,0,h15,3718566910888851816
p2,C,34,96,370,h15,3718566910888851816
p2,Non-ROH,500,0,0,h15,3718566910888851816
p3,A,500,0,0,h15,3718566910888851816
p3,B,469,31,0,h15,3718566910888851816
p3,C,34,129,337,h15,3718566910888851816
p3,Non-ROH,500,0,0,h15,3718566910888851816
p1,A,500,0,0,h15,3741387974114566182
p1,B,243,247,10,h15,3741387974114566182
p1,C,48,76,376,h15,3741387974114566182
p1,Non-ROH,500,0,0,h15,3741387974114566182
p2,A,500,0,0,h15,3741387974114566182
p2,B,414,86,0,h15,3741387974114566182
p2,C,49,112,339,h15,3741387974114566182
p2,Non-ROH,500,0,0,h15,3741387974114566182
p3,A,500,0,0,h15,3741387974114566182
p3,B,450,50,0,h15,3741387974114566182
p3,C,37,136,327,h15,3741387974114566182
p3,Non-ROH,500,0,0,h15,3741387974114566182
p1,A,500,0,0,h15,374341739460041193
p1,B,230,261,9,h15,374341739460041193
p1,C,46,67,387,h15,374341739460041193
p1,Non-ROH,500,0,0,h15,374341739460041193
p2,A,500,0,0,h15,374341739460041193
p2,B,376,124,0,h15,374341739460041193
p2,C,31,186,283,h15,374341739460041193
p2,Non-ROH,500,0,0,h15,374341739460041193
p3,A,500,0,0,h15,374341739460041193
p3,B,450,50,0,h15,374341739460041193
p3,C,36,126,338,h15,374341739460041193
p3,Non-ROH,500,0,0,h15,374341739460041193
p1,A,500,0,0,h15,3799441521496706780
p1,B,230,259,11,h15,3799441521496706780
p1,C,85,44,371,h15,3799441521496706780
p1,Non-ROH,500,0,0,h15,3799441521496706780
p2,A,500,0,0,h15,3799441521496706780
p2,B,427,72,1,h15,3799441521496706780
p2,C,145,35,320,h15,3799441521496706780
p2,Non-ROH,500,0,0,h15,3799441521496706780
p3,A,500,0,0,h15,3799441521496706780
p3,B,458,42,0,h15,3799441521496706780
p3,C,75,43,382,h15,3799441521496706780
p3,Non-ROH,500,0,0,h15,3799441521496706780
p1,A,500,0,0,h15,3825117683840938324
p1,B,242,246,12,h15,3825117683840938324
p1,C,49,61,390,h15,3825117683840938324
p1,Non-ROH,500,0,0,h15,3825117683840938324
p2,A,500,0,0,h15,3825117683840938324
p2,B,397,102,1,h15,3825117683840938324
p2,C,39,109,352,h15,3825117683840938324
p2,Non-ROH,500,0,0,h15,3825117683840938324
p3,A,500,0,0,h15,3825117683840938324
p3,B,455,45,0,h15,3825117683840938324
p3,C,22,90,388,h15,3825117683840938324
p3,Non-ROH,500,0,0,h15,3825117683840938324
p1,A,500,0,0,h15,387848202620494590
p1,B,195,293,12,h15,387848202620494590
p1,C,51,88,361,h15,387848202620494590
p1,Non-ROH,500,0,0,h15,387848202620494590
p2,A,500,0,0,h15,387848202620494590
p2,B,392,108,0,h15,387848202620494590
p2,C,34,84,382,h15,387848202620494590
p2,Non-ROH,500,0,0,h15,387848202620494590
p3,A,500,0,0,h15,387848202620494590
p3,B,431,69,0,h15,387848202620494590
p3,C,19,81,400,h15,387848202620494590
p3,Non-ROH,500,0,0,h15,387848202620494590
p1,A,500,0,0,h15,3887498762517043565
p1,B,208,280,12,h15,3887498762517043565
p1,C,68,77,355,h15,3887498762517043565
p1,Non-ROH,500,0,0,h15,3887498762517043565
p2,A,500,0,0,h15,3887498762517043565
p2,B,433,67,0,h15,3887498762517043565
p2,C,67,49,384,h15,3887498762517043565
p2,Non-ROH,500,0,0,h15,3887498762517043565
p3,A,500,0,0,h15,3887498762517043565
p3,B,452,48,0,h15,3887498762517043565
p3,C,61,124,315,h15,3887498762517043565
p3,Non-ROH,500,0,0,h15,3887498762517043565
p1,A,500,0,0,h15,3889270355882478351
p1,B,219,267,14,h15,3889270355882478351
p1,C,66,75,359,h15,3889270355882478351
p1,Non-ROH,500,0,0,h15,3889270355882478351
p2,A,500,0,0,h15,3889270355882478351
p2,B,423,77,0,h15,3889270355882478351
p2,C,38,63,399,h15,3889270355882478351
p2,Non-ROH,500,0,0,h15,3889270355882478351
p3,A,500,0,0,h15,3889270355882478351
p3,B,458,42,0,h15,3889270355882478351
p3,C,39,125,336,h15,3889270355882478351
p3,Non-ROH,500,0,0,h15,3889270355882478351
p1,A,500,0,0,h15,3905365602039565782
p1,B,245,237,18,h15,3905365602039565782
p1,C,62,74,364,h15,3905365602039565782
p1,Non-ROH,500,0,0,h15,3905365602039565782
p2,A,500,0,0,h15,3905365602039565782
p2,B,421,79,0,h15,3905365602039565782
p2,C,42,136,322,h15,3905365602039565782
p2,Non-ROH,500,0,0,h15,3905365602039565782
p3,A,500,0,0,h15,3905365602039565782
p3,B,457,43,0,h15,3905365602039565782
p3,C,43,152,305,h15,3905365602039565782
p3,Non-ROH,500,0,0,h15,3905365602039565782
p1,A,500,0,0,h15,3909014931439800737
p1,B,197,287,16,h15,3909014931439800737
p1,C,52,80,368,h15,3909014931439800737
p1,Non-ROH,500,0,0,h15,3909014931439800737
p2,A,500,0,0,h15,3909014931439800737
p2,B,377,123,0,h15,3909014931439800737
p2,C,40,90,370,h15,3909014931439800737
p2,Non-ROH,500,0,0,h15,3909014931439800737
p3,A,500,0,0,h15,3909014931439800737
p3,B,449,51,0,h15,3909014931439800737
p3,C,52,117,331,h15,3909014931439800737
p3,Non-ROH,500,0,0,h15,3909014931439800737
p1,A,499,1,0,h15,3915162678557792845
p1,B,239,244,17,h15,3915162678557792845
p1,C,46,79,375,h15,3915162678557792845
p1,Non-ROH,500,0,0,h15,3915162678557792845
p2,A,500,0,0,h15,3915162678557792845
p2,B,419,81,0,h15,3915162678557792845
p2,C,39,75,386,h15,3915162678557792845
p2,Non-ROH,500,0,0,h15,3915162678557792845
p3,A,500,0,0,h15,3915162678557792845
p3,B,439,61,0,h15,3915162678557792845
p3,C,43,91,366,h15,3915162678557792845
p3,Non-ROH,500,0,0,h15,3915162678557792845
p1,A,500,0,0,h15,3961017489476298705
p1,B,224,251,25,h15,3961017489476298705
p1,C,52,92,356,h15,3961017489476298705
p1,Non-ROH,500,0,0,h15,3961017489476298705
p2,A,500,0,0,h15,3961017489476298705
p2,B,445,55,0,h15,3961017489476298705
p2,C,30,96,374,h15,3961017489476298705
p2,Non-ROH,500,0,0,h15,3961017489476298705
p3,A,500,0,0,h15,3961017489476298705
p3,B,478,22,0,h15,3961017489476298705
p3,C,29,82,389,h15,3961017489476298705
p3,Non-ROH,500,0,0,h15,3961017489476298705
p1,A,498,2,0,h15,3985496918899514882
p1,B,211,271,18,h15,3985496918899514882
p1,C,47,84,369,h15,3985496918899514882
p1,Non-ROH,500,0,0,h15,3985496918899514882
p2,A,500,0,0,h15,3985496918899514882
p2,B,411,89,0,h15,3985496918899514882
p2,C,36,112,352,h15,3985496918899514882
p2,Non-ROH,500,0,0,h15,3985496918899514882
p3,A,500,0,0,h15,3985496918899514882
p3,B,466,34,0,h15,3985496918899514882
p3,C,18,99,383,h15,3985496918899514882
p3,Non-ROH,500,0,0,h15,3985496918899514882
p1,A,500,0,0,h15,3989796893888869225
p1,B,229,257,14,h15,3989796893888869225
p1,C,58,68,374,h15,3989796893888869225
p1,Non-ROH,500,0,0,h15,3989796893888869225
p2,A,500,0,0,h15,3989796893888869225
p2,B,430,70,0,h15,3989796893888869225
p2,C,41,84,375,h15,3989796893888869225
p2,Non-ROH,500,0,0,h15,3989796893888869225
p3,A,500,0,0,h15,3989796893888869225
p3,B,466,34,0,h15,3989796893888869225
p3,C,47,72,381,h15,3989796893888869225
p3,Non-ROH,500,0,0,h15,3989796893888869225
p1,A,498,2,0,h15,3994395070099107250
p1,B,194,292,14,h15,3994395070099107250
p1,C,50,67,383,h15,3994395070099107250
p1,Non-ROH,500,0,0,h15,3994395070099107250
p2,A,500,0,0,h15,3994395070099107250
p2,B,417,83,0,h15,3994395070099107250
p2,C,39,80,381,h15,3994395070099107250
p2,Non-ROH,500,0,0,h15,3994395070099107250
p3,A,500,0,0,h15,3994395070099107250
p3,B,433,67,0,h15,3994395070099107250
p3,C,44,119,337,h15,3994395070099107250
p3,Non-ROH,500,0,0,h15,3994395070099107250
p1,A,500,0,0,h15,4017285158859759849
p1,B,218,273,9,h15,4017285158859759849
p1,C,46,89,365,h15,4017285158859759849
p1,Non-ROH,500,0,0,h15,4017285158859759849
p2,A,500,0,0,h15,4017285158859759849
p2,B,402,98,0,h15,4017285158859759849
p2,C,37,75,388,h15,4017285158859759849
p2,Non-ROH,500,0,0,h15,4017285158859759849
p3,A,500,0,0,h15,4017285158859759849
p3,B,463,37,0,h15,4017285158859759849
p3,C,41,96,363,h15,4017285158859759849
p3,Non-ROH,500,0,0,h15,4017285158859759849
p1,A,499,1,0,h15,403026997107177644
p1,B,246,241,13,h15,403026997107177644
p1,C,82,60,358,h15,403026997107177644
p1,Non-ROH,500,0,0,h15,403026997107177644
p2,A,500,0,0,h15,403026997107177644
p2,B,403,97,0,h15,403026997107177644
p2,C,126,81,293,h15,403026997107177644
p2,Non-ROH,500,0,0,h15,403026997107177644
p3,A,500,0,0,h15,403026997107177644
p3,B,450,50,0,h15,403026997107177644
p3,C,35,73,392,h15,403026997107177644
p3,Non-ROH,500,0,0,h15,403026997107177644
p1,A,500,0,0,h15,4038605454746611525
p1,B,253,231,16,h15,4038605454746611525
p1,C,54,55,391,h15,4038605454746611525
p1,Non-ROH,500,0,0,h15,4038605454746611525
p2,A,500,0,0,h15,4038605454746611525
p2,B,417,83,0,h15,4038605454746611525
p2,C,44,94,362,h15,4038605454746611525
p2,Non-ROH,500,0,0,h15,4038605454746611525
p3,A,500,0,0,h15,4038605454746611525
p3,B,474,26,0,h15,4038605454746611525
p3,C,48,69,383,h15,4038605454746611525
p3,Non-ROH,500,0,0,h15,4038605454746611525
p1,A,499,1,0,h15,4065064481587879330
p1,B,210,279,11,h15,4065064481587879330
p1,C,49,75,376,h15,4065064481587879330
p1,Non-ROH,500,0,0,h15,4065064481587879330
p2,A,500,0,0,h15,4065064481587879330
p2,B,413,87,0,h15,4065064481587879330
p2,C,45,84,371,h15,4065064481587879330
p2,Non-ROH,500,0,0,h15,4065064481587879330
p3,A,500,0,0,h15,4065064481587879330
p3,B,462,38,0,h15,4065064481587879330
p3,C,60,101,339,h15,4065064481587879330
p3,Non-ROH,500,0,0,h15,4065064481587879330
p1,A,499,1,0,h15,4067412433568897486
p1,B,182,305,13,h15,4067412433568897486
p1,C,79,65,356,h15,4067412433568897486
p1,Non-ROH,500,0,0,h15,4067412433568897486
p2,A,500,0,0,h15,4067412433568897486
p2,B,365,135,0,h15,4067412433568897486
p2,C,120,41,339,h15,4067412433568897486
p2,Non-ROH,500,0,0,h15,4067412433568897486
p3,A,500,0,0,h15,4067412433568897486
p3,B,410,90,0,h15,4067412433568897486
p3,C,76,50,374,h15,4067412433568897486
p3,Non-ROH,500,0,0,h15,4067412433568897486
p1,A,500,0,0,h15,4072432245089798522
p1,B,227,256,17,h15,4072432245089798522
p1,C,45,63,392,h15,4072432245089798522
p1,Non-ROH,500,0,0,h15,4072432245089798522
p2,A,500,0,0,h15,4072432245089798522
p2,B,418,82,0,h15,4072432245089798522
p2,C,45,115,340,h15,4072432245089798522
p2,Non-ROH,500,0,0,h15,4072432245089798522
p3,A,500,0,0,h15,4072432245089798522
p3,B,447,53,0,h15,4072432245089798522
p3,C,40,85,375,h15,4072432245089798522
p3,Non-ROH,500,0,0,h15,4072432245089798522
p1,A,500,0,0,h15,4079110917361667179
p1,B,201,282,17,h15,4079110917361667179
p1,C,44,69,387,h15,4079110917361667179
p1,Non-ROH,500,0,0,h15,4079110917361667179
p2,A,500,0,0,h15,4079110917361667179
p2,B,367,133,0,h15,4079110917361667179
p2,C,26,111,363,h15,4079110917361667179
p2,Non-ROH,500,0,0,h15,4079110917361667179
p3,A,500,0,0,h15,4079110917361667179
p3,B,433,67,0,h15,4079110917361667179
p3,C,30,130,340,h15,4079110917361667179
p3,Non-ROH,500,0,0,h15,4079110917361667179
p1,A,499,1,0,h15,4081238640812042457
p1,B,201,286,13,h15,4081238640812042457
p1,C,48,73,379,h15,4081238640812042457
p1,Non-ROH,500,0,0,h15,4081238640812042457
p2,A,500,0,0,h15,4081238640812042457
p2,B,362,138,0,h15,4081238640812042457
p2,C,30,92,378,h15,4081238640812042457
p2,Non-ROH,500,0,0,h15,4081238640812042457
p3,A,500,0,0,h15,4081238640812042457
p3,B,446,54,0,h15,4081238640812042457
p3,C,34,100,366,h15,4081238640812042457
p3,Non-ROH,500,0,0,h15,4081238640812042457
p1,A,500,0,0,h15,4105815292178215559
p1,B,219,263,18,h15,4105815292178215559
p1,C,58,81,361,h15,4105815292178215559
p1,Non-ROH,500,0,0,h15,4105815292178215559
p2,A,500,0,0,h15,4105815292178215559
p2,B,409,91,0,h15,4105815292178215559
p2,C,29,164,307,h15,4105815292178215559
p2,Non-ROH,500,0,0,h15,4105815292178215559
p3,A,500,0,0,h15,4105815292178215559
p3,B,453,47,0,h15,4105815292178215559
p3,C,48,118,334,h15,4105815292178215559
p3,Non-ROH,500,0,0,h15,4105815292178215559
p1,A,500,0,0,h15,4112870112723342491
p1,B,209,284,7,h15,4112870112723342491
p1,C,50,75,375,h15,4112870112723342491
p1,Non-ROH,500,0,0,h15,4112870112723342491
p2,A,500,0,0,h15,4112870112723342491
p2,B,396,104,0,h15,4112870112723342491
p2,C,53,124,323,h15,4112870112723342491
p2,Non-ROH,500,0,0,h15,4112870112723342491
p3,A,500,0,0,h15,4112870112723342491
p3,B,450,50,0,h15,4112870112723342491
p3,C,48,72,380,h15,4112870112723342491
p3,Non-ROH,500,0,0,h15,4112870112723342491
p1,A,500,0,0,h15,4121658126136949362
p1,B,225,260,15,h15,4121658126136949362
p1,C,81,44,375,h15,4121658126136949362
p1,Non-ROH,500,0,0,h15,4121658126136949362
p2,A,500,0,0,h15,4121658126136949362
p2,B,408,92,0,h15,4121658126136949362
p2,C,81,44,375,h15,4121658126136949362
p2,Non-ROH,500,0,0,h15,4121658126136949362
p3,A,500,0,0,h15,4121658126136949362
p3,B,452,48,0,h15,4121658126136949362
p3,C,98,21,381,h15,4121658126136949362
p3,Non-ROH,500,0,0,h15,4121658126136949362
p1,A,500,0,0,h15,4124974975694375625
p1,B,202,284,14,h15,4124974975694375625
p1,C,43,85,372,h15,4124974975694375625
p1,Non-ROH,500,0,0,h15,4124974975694375625
p2,A,500,0,0,h15,4124974975694375625
p2,B,395,105,0,h15,4124974975694375625
p2,C,31,110,359,h15,4124974975694375625
p2,Non-ROH,500,0,0,h15,4124974975694375625
p3,A,500,0,0,h15,4124974975694375625
p3,B,444,56,0,h15,4124974975694375625
p3,C,32,88,380,h15,4124974975694375625
p3,Non-ROH,500,0,0,h15,4124974975694375625
p1,A,500,0,0,h15,4160002603981038967
p1,B,227,260,13,h15,4160002603981038967
p1,C,52,76,372,h15,4160002603981038967
p1,Non-ROH,500,0,0,h15,4160002603981038967
p2,A,500,0,0,h15,4160002603981038967
p2,B,421,79,0,h15,4160002603981038967
p2,C,41,127,332,h15,4160002603981038967
p2,Non-ROH,500,0,0,h15,4160002603981038967
p3,A,500,0,0,h15,4160002603981038967
p3,B,463,37,0,h15,4160002603981038967
p3,C,33,126,341,h15,4160002603981038967
p3,Non-ROH,500,0,0,h15,4160002603981038967
p1,A,499,1,0,h15,4190548352594269785
p1,B,228,258,14,h15,4190548352594269785
p1,C,49,62,389,h15,4190548352594269785
p1,Non-ROH,500,0,0,h15,4190548352594269785
p2,A,500,0,0,h15,4190548352594269785
p2,B,396,104,0,h15,4190548352594269785
p2,C,39,87,374,h15,4190548352594269785
p2,Non-ROH,500,0,0,h15,4190548352594269785
p3,A,500,0,0,h15,4190548352594269785
p3,B,447,53,0,h15,4190548352594269785
p3,C,43,84,373,h15,4190548352594269785
p3,Non-ROH,500,0,0,h15,4190548352594269785
p1,A,499,1,0,h15,4203845509334149556
p1,B,203,282,15,h15,4203845509334149556
p1,C,53,77,370,h15,4203845509334149556
p1,Non-ROH,500,0,0,h15,4203845509334149556
p2,A,500,0,0,h15,4203845509334149556
p2,B,370,130,0,h15,4203845509334149556
p2,C,36,82,382,h15,4203845509334149556
p2,Non-ROH,500,0,0,h15,4203845509334149556
p3,A,500,0,0,h15,4203845509334149556
p3,B,422,78,0,h15,4203845509334149556
p3,C,28,108,364,h15,4203845509334149556
p3,Non-ROH,500,0,0,h15,4203845509334149556
p1,A,500,0,0,h15,4207149173689489370
p1,B,211,273,16,h15,4207149173689489370
p1,C,52,72,376,h15,4207149173689489370
p1,Non-ROH,500,0,0,h15,4207149173689489370
p2,A,500,0,0,h15,4207149173689489370
p2,B,408,92,0,h15,4207149173689489370
p2,C,39,112,349,h15,4207149173689489370
p2,Non-ROH,500,0,0,h15,4207149173689489370
p3,A,500,0,0,h15,4207149173689489370
p3,B,467,33,0,h15,4207149173689489370
p3,C,52,118,330,h15,4207149173689489370
p3,Non-ROH,500,0,0,h15,4207149173689489370
p1,A,499,1,0,h15,4238382368013230754
p1,B,210,279,11,h15,4238382368013230754
p1,C,47,82,371,h15,4238382368013230754
p1,Non-ROH,500,0,0,h15,4238382368013230754
p2,A,500,0,0,h15,4238382368013230754
p2,B,352,147,1,h15,4238382368013230754
p2,C,32,93,375,h15,4238382368013230754
p2,Non-ROH,500,0,0,h15,4238382368013230754
p3,A,500,0,0,h15,4238382368013230754
p3,B,437,63,0,h15,4238382368013230754
p3,C,35,78,387,h15,4238382368013230754
p3,Non-ROH,500,0,0,h15,4238382368013230754
p1,A,499,1,0,h15,4269998443319130901
p1,B,218,276,6,h15,4269998443319130901
p1,C,93,44,363,h15,4269998443319130901
p1,Non-ROH,500,0,0,h15,4269998443319130901
p2,A,500,0,0,h15,4269998443319130901
p2,B,382,118,0,h15,4269998443319130901
p2,C,84,43,373,h15,4269998443319130901
p2,Non-ROH,500,0,0,h15,4269998443319130901
p3,A,500,0,0,h15,4269998443319130901
p3,B,436,64,0,h15,4269998443319130901
p3,C,113,33,354,h15,4269998443319130901
p3,Non-ROH,500,0,0,h15,4269998443319130901
p1,A,499,1,0,h15,4292870742190751775
p1,B,247,237,16,h15,4292870742190751775
p1,C,56,89,355,h15,4292870742190751775
p1,Non-ROH,500,0,0,h15,4292870742190751775
p2,A,500,0,0,h15,4292870742190751775
p2,B,441,59,0,h15,4292870742190751775
p2,C,50,62,388,h15,4292870742190751775
p2,Non-ROH,500,0,0,h15,4292870742190751775
p3,A,500,0,0,h15,4292870742190751775
p3,B,457,43,0,h15,4292870742190751775
p3,C,42,82,376,h15,4292870742190751775
p3,Non-ROH,500,0,0,h15,4292870742190751775
p1,A,499,1,0,h15,4294127255913208186
p1,B,195,290,15,h15,4294127255913208186
p1,C,48,80,372,h15,4294127255913208186
p1,Non-ROH,500,0,0,h15,4294127255913208186
p2,A,500,0,0,h15,4294127255913208186
p2,B,385,115,0,h15,4294127255913208186
p2,C,41,127,332,h15,4294127255913208186
p2,Non-ROH,500,0,0,h15,4294127255913208186
p3,A,500,0,0,h15,4294127255913208186
p3,B,452,48,0,h15,4294127255913208186
p3,C,32,90,378,h15,4294127255913208186
p3,Non-ROH,500,0,0,h15,4294127255913208186
p1,A,500,0,0,h15,4296093022391319298
p1,B,186,293,21,h15,4296093022391319298
p1,C,63,58,379,h15,4296093022391319298
p1,Non-ROH,500,0,0,h15,4296093022391319298
p2,A,500,0,0,h15,4296093022391319298
p2,B,404,96,0,h15,4296093022391319298
p2,C,36,93,371,h15,4296093022391319298
p2,Non-ROH,500,0,0,h15,4296093022391319298
p3,A,500,0,0,h15,4296093022391319298
p3,B,443,57,0,h15,4296093022391319298
p3,C,39,79,382,h15,4296093022391319298
p3,Non-ROH,500,0,0,h15,4296093022391319298
p1,A,500,0,0,h15,4300543425745576998
p1,B,241,243,16,h15,4300543425745576998
p1,C,66,52,382,h15,4300543425745576998
p1,Non-ROH,500,0,0,h15,4300543425745576998
p2,A,500,0,0,h15,4300543425745576998
p2,B,389,111,0,h15,4300543425745576998
p2,C,72,37,391,h15,4300543425745576998
p2,Non-ROH,500,0,0,h15,4300543425745576998
p3,A,500,0,0,h15,4300543425745576998
p3,B,439,61,0,h15,4300543425745576998
p3,C,94,47,359,h15,4300543425745576998
p3,Non-ROH,500,0,0,h15,4300543425745576998
p1,A,500,0,0,h15,4329052377276345122
p1,B,205,279,16,h15,4329052377276345122
p1,C,56,85,359,h15,4329052377276345122
p1,Non-ROH,500,0,0,h15,4329052377276345122
p2,A,500,0,0,h15,4329052377276345122
p2,B,399,101,0,h15,4329052377276345122
p2,C,40,155,305,h15,4329052377276345122
p2,Non-ROH,500,0,0,h15,4329052377276345122
p3,A,500,0,0,h15,4329052377276345122
p3,B,440,60,0,h15,4329052377276345122
p3,C,33,97,370,h15,4329052377276345122
p3,Non-ROH,500,0,0,h15,4329052377276345122
p1,A,500,0,0,h15,4344513331770728779
p1,B,221,269,10,h15,4344513331770728779
p1,C,51,60,389,h15,4344513331770728779
p1,Non-ROH,500,0,0,h15,4344513331770728779
p2,A,500,0,0,h15,4344513331770728779
p2,B,423,77,0,h15,4344513331770728779
p2,C,46,71,383,h15,4344513331770728779
p2,Non-ROH,500,0,0,h15,4344513331770728779
p3,A,500,0,0,h15,4344513331770728779
p3,B,464,36,0,h15,4344513331770728779
p3,C,38,72,390,h15,4344513331770728779
p3,Non-ROH,500,0,0,h15,4344513331770728779
p1,A,499,1,0,h15,4344603063712412017
p1,B,244,250,6,h15,4344603063712412017
p1,C,60,101,339,h15,4344603063712412017
p1,Non-ROH,500,0,0,h15,4344603063712412017
p2,A,500,0,0,h15,4344603063712412017
p2,B,421,79,0,h15,4344603063712412017
p2,C,43,143,314,h15,4344603063712412017
p2,Non-ROH,500,0,0,h15,4344603063712412017
p3,A,500,0,0,h15,4344603063712412017
p3,B,473,27,0,h15,4344603063712412017
p3,C,42,209,249,h15,4344603063712412017
p3,Non-ROH,500,0,0,h15,4344603063712412017
p1,A,500,0,0,h15,4351317471290300548
p1,B,272,214,14,h15,4351317471290300548
p1,C,58,95,347,h15,4351317471290300548
p1,Non-ROH,500,0,0,h15,4351317471290300548
p2,A,500,0,0,h15,4351317471290300548
p2,B,417,83,0,h15,4351317471290300548
p2,C,33,55,412,h15,4351317471290300548
p2,Non-ROH,500,0,0,h15,4351317471290300548
p3,A,500,0,0,h15,4351317471290300548
p3,B,454,46,0,h15,4351317471290300548
p3,C,44,93,363,h15,4351317471290300548
p3,Non-ROH,500,0,0,h15,4351317471290300548
p1,A,500,0,0,h15,4355874984491921493
p1,B,256,230,14,h15,4355874984491921493
p1,C,52,71,377,h15,4355874984491921493
p1,Non-ROH,500,0,0,h15,4355874984491921493
p2,A,500,0,0,h15,4355874984491921493
p2,B,444,56,0,h15,4355874984491921493
p2,C,52,86,362,h15,4355874984491921493
p2,Non-ROH,500,0,0,h15,4355874984491921493
p3,A,500,0,0,h15,4355874984491921493
p3,B,460,40,0,h15,4355874984491921493
p3,C,62,134,304,h15,4355874984491921493
p3,Non-ROH,500,0,0,h15,4355874984491921493
p1,A,498,2,0,h15,4371166039719414947
p1,B,258,228,14,h15,4371166039719414947
p1,C,38,79,383,h15,4371166039719414947
p1,Non-ROH,500,0,0,h15,4371166039719414947
p2,A,500,0,0,h15,4371166039719414947
p2,B,428,72,0,h15,4371166039719414947
p2,C,42,150,308,h15,4371166039719414947
p2,Non-ROH,500,0,0,h15,4371166039719414947
p3,A,500,0,0,h15,4371166039719414947
p3,B,470,30,0,h15,4371166039719414947
p3,C,33,113,354,h15,4371166039719414947
p3,Non-ROH,500,0,0,h15,4371166039719414947
p1,A,500,0,0,h15,4399040171398651594
p1,B,250,243,7,h15,4399040171398651594
p1,C,57,64,379,h15,4399040171398651594
p1,Non-ROH,500,0,0,h15,4399040171398651594
p2,A,500,0,0,h15,4399040171398651594
p2,B,406,94,0,h15,4399040171398651594
p2,C,29,136,335,h15,4399040171398651594
p2,Non-ROH,500,0,0,h15,4399040171398651594
p3,A,500,0,0,h15,4399040171398651594
p3,B,442,58,0,h15,4399040171398651594
p3,C,42,113,345,h15,4399040171398651594
p3,Non-ROH,500,0,0,h15,4399040171398651594
p1,A,499,1,0,h15,4406895073553740970
p1,B,201,282,17,h15,4406895073553740970
p1,C,37,81,382,h15,4406895073553740970
p1,Non-ROH,500,0,0,h15,4406895073553740970
p2,A,500,0,0,h15,4406895073553740970
p2,B,414,86,0,h15,4406895073553740970
p2,C,33,87,380,h15,4406895073553740970
p2,Non-ROH,500,0,0,h15,4406895073553740970
p3,A,500,0,0,h15,4406895073553740970
p3,B,449,51,0,h15,4406895073553740970
p3,C,33,93,374,h15,4406895073553740970
p3,Non-ROH,500,0,0,h15,4406895073553740970
p1,A,499,1,0,h15,441017604722670060
p1,B,194,294,12,h15,441017604722670060
p1,C,52,70,378,h15,441017604722670060
p1,Non-ROH,500,0,0,h15,441017604722670060
p2,A,500,0,0,h15,441017604722670060
p2,B,412,88,0,h15,441017604722670060
p2,C,50,63,387,h15,441017604722670060
p2,Non-ROH,500,0,0,h15,441017604722670060
p3,A,500,0,0,h15,441017604722670060
p3,B,460,40,0,h15,441017604722670060
p3,C,60,65,375,h15,441017604722670060
p3,Non-ROH,500,0,0,h15,441017604722670060
p1,A,500,0,0,h15,4416447373977992512
p1,B,267,221,12,h15,4416447373977992512
p1,C,53,73,374,h15,4416447373977992512
p1,Non-ROH,500,0,0,h15,4416447373977992512
p2,A,500,0,0,h15,4416447373977992512
p2,B,419,81,0,h15,4416447373977992512
p2,C,54,122,324,h15,4416447373977992512
p2,Non-ROH,500,0,0,h15,4416447373977992512
p3,A,500,0,0,h15,4416447373977992512
p3,B,457,43,0,h15,4416447373977992512
p3,C,76,56,368,h15,4416447373977992512
p3,Non-ROH,500,0,0,h15,4416447373977992512
p1,A,499,1,0,h15,4467697285183186908
p1,B,226,256,18,h15,4467697285183186908
p1,C,52,91,357,h15,4467697285183186908
p1,Non-ROH,500,0,0,h15,4467697285183186908
p2,A,500,0,0,h15,4467697285183186908
p2,B,406,94,0,h15,4467697285183186908
p2,C,33,96,371,h15,4467697285183186908
p2,Non-ROH,500,0,0,h15,4467697285183186908
p3,A,500,0,0,h15,4467697285183186908
p3,B,456,44,0,h15,4467697285183186908
p3,C,29,123,348,h15,4467697285183186908
p3,Non-ROH,500,0,0,h15,4467697285183186908
p1,A,500,0,0,h15,4472964399976264745
p1,B,228,255,17,h15,4472964399976264745
p1,C,54,68,378,h15,4472964399976264745
p1,Non-ROH,500,0,0,h15,4472964399976264745
p2,A,500,0,0,h15,4472964399976264745
p2,B,433,67,0,h15,4472964399976264745
p2,C,53,78,369,h15,4472964399976264745
p2,Non-ROH,500,0,0,h15,4472964399976264745
p3,A,500,0,0,h15,4472964399976264745
p3,B,477,23,0,h15,4472964399976264745
p3,C,52,132,316,h15,4472964399976264745
p3,Non-ROH,500,0,0,h15,4472964399976264745
p1,A,499,1,0,h15,4511024912300802566
p1,B,225,259,16,h15,4511024912300802566
p1,C,52,72,376,h15,4511024912300802566
p1,Non-ROH,500,0,0,h15,4511024912300802566
p2,A,500,0,0,h15,4511024912300802566
p2,B,398,102,0,h15,4511024912300802566
p2,C,35,109,356,h15,4511024912300802566
p2,Non-ROH,500,0,0,h15,4511024912300802566
p3,A,500,0,0,h15,4511024912300802566
p3,B,444,56,0,h15,4511024912300802566
p3,C,35,98,367,h15,4511024912300802566
p3,Non-ROH,500,0,0,h15,4511024912300802566
p1,A,499,1,0,h15,4515077648326379087
p1,B,219,269,12,h15,4515077648326379087
p1,C,46,67,387,h15,4515077648326379087
p1,Non-ROH,500,0,0,h15,4515077648326379087
p2,A,500,0,0,h15,4515077648326379087
p2,B,416,84,0,h15,4515077648326379087
p2,C,34,110,356,h15,4515077648326379087
p2,Non-ROH,500,0,0,h15,4515077648326379087
p3,A,500,0,0,h15,4515077648326379087
p3,B,447,53,0,h15,4515077648326379087
p3,C,35,89,376,h15,4515077648326379087
p3,Non-ROH,500,0,0,h15,4515077648326379087
p1,A,497,3,0,h15,4584561167474538213
p1,B,246,236,18,h15,4584561167474538213
p1,C,63,71,366,h15,4584561167474538213
p1,Non-ROH,500,0,0,h15,4584561167474538213
p2,A,500,0,0,h15,4584561167474538213
p2,B,405,95,0,h15,4584561167474538213
p2,C,43,92,365,h15,4584561167474538213
p2,Non-ROH,500,0,0,h15,4584561167474538213
p3,A,500,0,0,h15,4584561167474538213
p3,B,443,57,0,h15,4584561167474538213
p3,C,39,123,338,h15,4584561167474538213
p3,Non-ROH,500,0,0,h15,4584561167474538213
p1,A,498,2,0,h15,4606812304052956530
p1,B,237,248,15,h15,4606812304052956530
p1,C,45,74,381,h15,4606812304052956530
p1,Non-ROH,500,0,0,h15,4606812304052956530
p2,A,500,0,0,h15,4606812304052956530
p2,B,400,100,0,h15,4606812304052956530
p2,C,42,89,369,h15,4606812304052956530
p2,Non-ROH,500,0,0,h15,4606812304052956530
p3,A,500,0,0,h15,4606812304052956530
p3,B,452,48,0,h15,4606812304052956530
p3,C,39,117,344,h15,4606812304052956530
p3,Non-ROH,500,0,0,h15,4606812304052956530
p1,A,500,0,0,h15,4628598236574969621
p1,B,152,338,10,h15,4628598236574969621
p1,C,42,102,356,h15,4628598236574969621
p1,Non-ROH,500,0,0,h15,4628598236574969621
p2,A,500,0,0,h15,4628598236574969621
p2,B,362,138,0,h15,4628598236574969621
p2,C,29,123,348,h15,4628598236574969621
p2,Non-ROH,500,0,0,h15,4628598236574969621
p3,A,500,0,0,h15,4628598236574969621
p3,B,411,89,0,h15,4628598236574969621
p3,C,22,118,360,h15,4628598236574969621
p3,Non-ROH,500,0,0,h15,4628598236574969621
p1,A,500,0,0,h15,4647004326286484686
p1,B,233,250,17,h15,4647004326286484686
p1,C,72,73,355,h15,4647004326286484686
p1,Non-ROH,500,0,0,h15,4647004326286484686
p2,A,500,0,0,h15,4647004326286484686
p2,B,387,113,0,h15,4647004326286484686
p2,C,31,89,380,h15,4647004326286484686
p2,Non-ROH,500,0,0,h15,4647004326286484686
p3,A,500,0,0,h15,4647004326286484686
p3,B,458,42,0,h15,4647004326286484686
p3,C,42,104,354,h15,4647004326286484686
p3,Non-ROH,500,0,0,h15,4647004326286484686
p1,A,499,1,0,h15,4653809936494251115
p1,B,184,302,14,h15,4653809936494251115
p1,C,46,92,362,h15,4653809936494251115
p1,Non-ROH,500,0,0,h15,4653809936494251115
p2,A,500,0,0,h15,4653809936494251115
p2,B,388,112,0,h15,4653809936494251115
p2,C,33,96,371,h15,4653809936494251115
p2,Non-ROH,500,0,0,h15,4653809936494251115
p3,A,500,0,0,h15,4653809936494251115
p3,B,411,89,0,h15,4653809936494251115
p3,C,45,153,302,h15,4653809936494251115
p3,Non-ROH,500,0,0,h15,4653809936494251115
p1,A,499,1,0,h15,4698126246452767033
p1,B,247,241,12,h15,4698126246452767033
p1,C,53,79,368,h15,4698126246452767033
p1,Non-ROH,500,0,0,h15,4698126246452767033
p2,A,500,0,0,h15,4698126246452767033
p2,B,431,69,0,h15,4698126246452767033
p2,C,37,78,385,h15,4698126246452767033
p2,Non-ROH,500,0,0,h15,4698126246452767033
p3,A,500,0,0,h15,4698126246452767033
p3,B,465,35,0,h15,4698126246452767033
p3,C,49,189,262,h15,4698126246452767033
p3,Non-ROH,500,0,0,h15,4698126246452767033
p1,A,500,0,0,h15,4721150406161330258
p1,B,228,257,15,h15,4721150406161330258
p1,C,68,81,351,h15,4721150406161330258
p1,Non-ROH,500,0,0,h15,4721150406161330258
p2,A,500,0,0,h15,4721150406161330258
p2,B,427,73,0,h15,4721150406161330258
p2,C,48,75,377,h15,4721150406161330258
p2,Non-ROH,500,0,0,h15,4721150406161330258
p3,A,500,0,0,h15,4721150406161330258
p3,B,424,76,0,h15,4721150406161330258
p3,C,39,70,391,h15,4721150406161330258
p3,Non-ROH,500,0,0,h15,4721150406161330258
p1,A,499,1,0,h15,4745187287636756444
p1,B,226,259,15,h15,4745187287636756444
p1,C,58,74,368,h15,4745187287636756444
p1,Non-ROH,500,0,0,h15,4745187287636756444
p2,A,500,0,0,h15,4745187287636756444
p2,B,432,68,0,h15,4745187287636756444
p2,C,60,113,327,h15,4745187287636756444
p2,Non-ROH,500,0,0,h15,4745187287636756444
p3,A,500,0,0,h15,4745187287636756444
p3,B,443,57,0,h15,4745187287636756444
p3,C,44,127,329,h15,4745187287636756444
p3,Non-ROH,500,0,0,h15,4745187287636756444
p1,A,500,0,0,h15,4771462021597769792
p1,B,194,289,17,h15,4771462021597769792
p1,C,43,70,387,h15,4771462021597769792
p1,Non-ROH,500,0,0,h15,4771462021597769792
p2,A,500,0,0,h15,4771462021597769792
p2,B,396,104,0,h15,4771462021597769792
p2,C,34,118,348,h15,4771462021597769792
p2,Non-ROH,500,0,0,h15,4771462021597769792
p3,A,500,0,0,h15,4771462021597769792
p3,B,462,38,0,h15,4771462021597769792
p3,C,40,92,368,h15,4771462021597769792
p3,Non-ROH,500,0,0,h15,4771462021597769792
p1,A,500,0,0,h15,4773199782475991387
p1,B,246,238,16,h15,4773199782475991387
p1,C,59,84,357,h15,4773199782475991387
p1,Non-ROH,500,0,0,h15,4773199782475991387
p2,A,500,0,0,h15,4773199782475991387
p2,B,407,93,0,h15,4773199782475991387
p2,C,37,85,378,h15,4773199782475991387
p2,Non-ROH,500,0,0,h15,4773199782475991387
p3,A,500,0,0,h15,4773199782475991387
p3,B,453,47,0,h15,4773199782475991387
p3,C,65,145,290,h15,4773199782475991387
p3,Non-ROH,500,0,0,h15,4773199782475991387
p1,A,498,2,0,h15,4778572288857130378
p1,B,192,292,16,h15,4778572288857130378
p1,C,63,68,369,h15,4778572288857130378
p1,Non-ROH,500,0,0,h15,4778572288857130378
p2,A,500,0,0,h15,4778572288857130378
p2,B,419,81,0,h15,4778572288857130378
p2,C,39,109,352,h15,4778572288857130378
p2,Non-ROH,500,0,0,h15,4778572288857130378
p3,A,500,0,0,h15,4778572288857130378
p3,B,457,43,0,h15,4778572288857130378
p3,C,43,149,308,h15,4778572288857130378
p3,Non-ROH,500,0,0,h15,4778572288857130378
p1,A,499,1,0,h15,4789987914834744075
p1,B,223,262,15,h15,4789987914834744075
p1,C,62,73,365,h15,4789987914834744075
p1,Non-ROH,500,0,0,h15,4789987914834744075
p2,A,500,0,0,h15,4789987914834744075
p2,B,424,76,0,h15,4789987914834744075
p2,C,35,114,351,h15,4789987914834744075
p2,Non-ROH,500,0,0,h15,4789987914834744075
p3,A,500,0,0,h15,4789987914834744075
p3,B,462,38,0,h15,4789987914834744075
p3,C,36,126,338,h15,4789987914834744075
p3,Non-ROH,500,0,0,h15,4789987914834744075
p1,A,499,1,0,h15,4829306345713179926
p1,B,237,241,22,h15,4829306345713179926
p1,C,64,62,374,h15,4829306345713179926
p1,Non-ROH,500,0,0,h15,4829306345713179926
p2,A,500,0,0,h15,4829306345713179926
p2,B,450,50,0,h15,4829306345713179926
p2,C,43,61,396,h15,4829306345713179926
p2,Non-ROH,500,0,0,h15,4829306345713179926
p3,A,500,0,0,h15,4829306345713179926
p3,B,457,43,0,h15,4829306345713179926
p3,C,40,140,320,h15,4829306345713179926
p3,Non-ROH,500,0,0,h15,4829306345713179926
p1,A,500,0,0,h15,4843804138709233019
p1,B,226,256,18,h15,4843804138709233019
p1,C,48,66,386,h15,4843804138709233019
p1,Non-ROH,500,0,0,h15,4843804138709233019
p2,A,500,0,0,h15,4843804138709233019
p2,B,380,120,0,h15,4843804138709233019
p2,C,34,72,394,h15,4843804138709233019
p2,Non-ROH,500,0,0,h15,4843804138709233019
p3,A,500,0,0,h15,4843804138709233019
p3,B,444,56,0,h15,4843804138709233019
p3,C,104,68,328,h15,4843804138709233019
p3,Non-ROH,500,0,0,h15,4843804138709233019
p1,A,500,0,0,h15,485827915098283973
p1,B,216,269,15,h15,485827915098283973
p1,C,65,94,341,h15,485827915098283973
p1,Non-ROH,500,0,0,h15,485827915098283973
p2,A,500,0,0,h15,485827915098283973
p2,B,426,74,0,h15,485827915098283973
p2,C,44,52,404,h15,485827915098283973
p2,Non-ROH,500,0,0,h15,485827915098283973
p3,A,500,0,0,h15,485827915098283973
p3,B,449,51,0,h15,485827915098283973
p3,C,48,92,360,h15,485827915098283973
p3,Non-ROH,500,0,0,h15,485827915098283973
p1,A,500,0,0,h15,4878522617487931086
p1,B,238,250,12,h15,4878522617487931086
p1,C,65,55,380,h15,4878522617487931086
p1,Non-ROH,500,0,0,h15,4878522617487931086
p2,A,500,0,0,h15,4878522617487931086
p2,B,438,62,0,h15,4878522617487931086
p2,C,47,62,391,h15,4878522617487931086
p2,Non-ROH,500,0,0,h15,4878522617487931086
p3,A,500,0,0,h15,4878522617487931086
p3,B,457,43,0,h15,4878522617487931086
p3,C,40,96,364,h15,4878522617487931086
p3,Non-ROH,500,0,0,h15,4878522617487931086
p1,A,500,0,0,h15,4905478093657705566
p1,B,247,236,17,h15,4905478093657705566
p1,C,47,79,374,h15,4905478093657705566
p1,Non-ROH,500,0,0,h15,4905478093657705566
p2,A,500,0,0,h15,4905478093657705566
p2,B,413,87,0,h15,4905478093657705566
p2,C,40,88,372,h15,4905478093657705566
p2,Non-ROH,500,0,0,h15,4905478093657705566
p3,A,500,0,0,h15,4905478093657705566
p3,B,466,34,0,h15,4905478093657705566
p3,C,50,141,309,h15,4905478093657705566
p3,Non-ROH,500,0,0,h15,4905478093657705566
p1,A,500,0,0,h15,4907220619242080258
p1,B,230,261,9,h15,4907220619242080258
p1,C,50,72,378,h15,4907220619242080258
p1,Non-ROH,500,0,0,h15,4907220619242080258
p2,A,500,0,0,h15,4907220619242080258
p2,B,435,65,0,h15,4907220619242080258
p2,C,45,109,346,h15,4907220619242080258
p2,Non-ROH,500,0,0,h15,4907220619242080258
p3,A,500,0,0,h15,4907220619242080258
p3,B,448,52,0,h15,4907220619242080258
p3,C,47,99,354,h15,4907220619242080258
p3,Non-ROH,500,0,0,h15,4907220619242080258
p1,A,499,1,0,h15,4918354425355814078
p1,B,213,276,11,h15,4918354425355814078
p1,C,79,62,359,h15,4918354425355814078
p1,Non-ROH,500,0,0,h15,4918354425355814078
p2,A,500,0,0,h15,4918354425355814078
p2,B,399,101,0,h15,4918354425355814078
p2,C,35,146,319,h15,4918354425355814078
p2,Non-ROH,500,0,0,h15,4918354425355814078
p3,A,500,0,0,h15,4918354425355814078
p3,B,423,77,0,h15,4918354425355814078
p3,C,71,44,385,h15,4918354425355814078
p3,Non-ROH,500,0,0,h15,4918354425355814078
p1,A,500,0,0,h15,4923815154829993657
p1,B,209,280,11,h15,4923815154829993657
p1,C,69,73,358,h15,4923815154829993657
p1,Non-ROH,500,0,0,h15,4923815154829993657
p2,A,500,0,0,h15,4923815154829993657
p2,B,384,116,0,h15,4923815154829993657
p2,C,64,135,301,h15,4923815154829993657
p2,Non-ROH,500,0,0,h15,4923815154829993657
p3,A,500,0,0,h15,4923815154829993657
p3,B,440,60,0,h15,4923815154829993657
p3,C,76,141,283,h15,4923815154829993657
p3,Non-ROH,500,0,0,h15,4923815154829993657
p1,A,498,2,0,h15,4931795206490572184
p1,B,212,274,14,h15,4931795206490572184
p1,C,54,89,357,h15,4931795206490572184
p1,Non-ROH,500,0,0,h15,4931795206490572184
p2,A,500,0,0,h15,4931795206490572184
p2,B,386,114,0,h15,4931795206490572184
p2,C,42,121,337,h15,4931795206490572184
p2,Non-ROH,500,0,0,h15,4931795206490572184
p3,A,500,0,0,h15,4931795206490572184
p3,B,438,62,0,h15,4931795206490572184
p3,C,37,108,355,h15,4931795206490572184
p3,Non-ROH,500,0,0,h15,4931795206490572184
p1,A,500,0,0,h15,495175793068078460
p1,B,238,243,19,h15,495175793068078460
p1,C,52,76,372,h15,495175793068078460
p1,Non-ROH,500,0,0,h15,495175793068078460
p2,A,500,0,0,h15,495175793068078460
p2,B,410,90,0,h15,495175793068078460
p2,C,36,90,374,h15,495175793068078460
p2,Non-ROH,500,0,0,h15,495175793068078460
p3,A,500,0,0,h15,495175793068078460
p3,B,452,48,0,h15,495175793068078460
p3,C,43,85,372,h15,495175793068078460
p3,Non-ROH,500,0,0,h15,495175793068078460
p1,A,500,0,0,h15,4960597125925681665
p1,B,240,245,15,h15,4960597125925681665
p1,C,71,75,354,h15,4960597125925681665
p1,Non-ROH,500,0,0,h15,4960597125925681665
p2,A,500,0,0,h15,4960597125925681665
p2,B,425,75,0,h15,4960597125925681665
p2,C,34,112,354,h15,4960597125925681665
p2,Non-ROH,500,0,0,h15,4960597125925681665
p3,A,500,0,0,h15,4960597125925681665
p3,B,455,45,0,h15,4960597125925681665
p3,C,38,97,365,h15,4960597125925681665
p3,Non-ROH,500,0,0,h15,4960597125925681665
p1,A,500,0,0,h15,4975343302384381602
p1,B,221,270,9,h15,4975343302384381602
p1,C,71,58,371,h15,4975343302384381602
p1,Non-ROH,500,0,0,h15,4975343302384381602
p2,A,500,0,0,h15,4975343302384381602
p2,B,405,95,0,h15,4975343302384381602
p2,C,92,38,370,h15,4975343302384381602
p2,Non-ROH,500,0,0,h15,4975343302384381602
p3,A,500,0,0,h15,4975343302384381602
p3,B,444,56,0,h15,4975343302384381602
p3,C,87,45,368,h15,4975343302384381602
p3,Non-ROH,500,0,0,h15,4975343302384381602
p1,A,500,0,0,h15,5063902303331699690
p1,B,207,275,18,h15,5063902303331699690
p1,C,49,63,388,h15,5063902303331699690
p1,Non-ROH,500,0,0,h15,5063902303331699690
p2,A,500,0,0,h15,5063902303331699690
p2,B,383,117,0,h15,5063902303331699690
p2,C,34,122,344,h15,5063902303331699690
p2,Non-ROH,500,0,0,h15,5063902303331699690
p3,A,500,0,0,h15,5063902303331699690
p3,B,450,50,0,h15,5063902303331699690
p3,C,57,135,308,h15,5063902303331699690
p3,Non-ROH,500,0,0,h15,5063902303331699690
p1,A,499,1,0,h15,5066113823812492879
p1,B,224,258,18,h15,5066113823812492879
p1,C,49,83,368,h15,5066113823812492879
p1,Non-ROH,500,0,0,h15,5066113823812492879
p2,A,500,0,0,h15,5066113823812492879
p2,B,421,79,0,h15,5066113823812492879
p2,C,35,83,382,h15,5066113823812492879
p2,Non-ROH,500,0,0,h15,5066113823812492879
p3,A,500,0,0,h15,5066113823812492879
p3,B,465,35,0,h15,5066113823812492879
p3,C,36,93,371,h15,5066113823812492879
p3,Non-ROH,500,0,0,h15,5066113823812492879
p1,A,500,0,0,h15,5084626038204743742
p1,B,234,252,14,h15,5084626038204743742
p1,C,40,80,380,h15,5084626038204743742
p1,Non-ROH,500,0,0,h15,5084626038204743742
p2,A,500,0,0,h15,5084626038204743742
p2,B,403,97,0,h15,5084626038204743742
p2,C,38,110,352,h15,5084626038204743742
p2,Non-ROH,500,0,0,h15,5084626038204743742
p3,A,500,0,0,h15,5084626038204743742
p3,B,449,51,0,h15,5084626038204743742
p3,C,38,116,346,h15,5084626038204743742
p3,Non-ROH,500,0,0,h15,5084626038204743742
p1,A,499,1,0,h15,5098434102124861901
p1,B,234,250,16,h15,5098434102124861901
p1,C,59,67,374,h15,5098434102124861901
p1,Non-ROH,500,0,0,h15,5098434102124861901
p2,A,500,0,0,h15,5098434102124861901
p2,B,408,92,0,h15,5098434102124861901
p2,C,39,96,365,h15,5098434102124861901
p2,Non-ROH,500,0,0,h15,5098434102124861901
p3,A,500,0,0,h15,5098434102124861901
p3,B,455,45,0,h15,5098434102124861901
p3,C,50,86,364,h15,5098434102124861901
p3,Non-ROH,500,0,0,h15,5098434102124861901
p1,A,500,0,0,h15,5110970989732284377
p1,B,259,227,14,h15,5110970989732284377
p1,C,45,84,371,h15,5110970989732284377
p1,Non-ROH,500,0,0,h15,5110970989732284377
p2,A,500,0,0,h15,5110970989732284377
p2,B,399,101,0,h15,5110970989732284377
p2,C,42,117,341,h15,5110970989732284377
p2,Non-ROH,500,0,0,h15,5110970989732284377
p3,A,500,0,0,h15,5110970989732284377
p3,B,461,39,0,h15,5110970989732284377
p3,C,41,140,319,h15,5110970989732284377
p3,Non-ROH,500,0,0,h15,5110970989732284377
p1,A,499,1,0,h15,5123445201444146103
p1,B,229,257,14,h15,5123445201444146103
p1,C,53,77,370,h15,5123445201444146103
p1,Non-ROH,500,0,0,h15,5123445201444146103
p2,A,500,0,0,h15,5123445201444146103
p2,B,400,100,0,h15,5123445201444146103
p2,C,39,88,373,h15,5123445201444146103
p2,Non-ROH,500,0,0,h15,5123445201444146103
p3,A,500,0,0,h15,5123445201444146103
p3,B,455,45,0,h15,5123445201444146103
p3,C,30,183,287,h15,5123445201444146103
p3,Non-ROH,500,0,0,h15,5123445201444146103
p1,A,500,0,0,h15,5133267597334272441
p1,B,243,239,18,h15,5133267597334272441
p1,C,52,66,382,h15,5133267597334272441
p1,Non-ROH,500,0,0,h15,5133267597334272441
p2,A,500,0,0,h15,5133267597334272441
p2,B,421,79,0,h15,5133267597334272441
p2,C,39,103,358,h15,5133267597334272441
p2,Non-ROH,500,0,0,h15,5133267597334272441
p3,A,500,0,0,h15,5133267597334272441
p3,B,448,52,0,h15,5133267597334272441
p3,C,36,80,384,h15,5133267597334272441
p3,Non-ROH,500,0,0,h15,5133267597334272441
p1,A,500,0,0,h15,5145966158009217779
p1,B,240,238,22,h15,5145966158009217779
p1,C,72,54,374,h15,5145966158009217779
p1,Non-ROH,500,0,0,h15,5145966158009217779
p2,A,500,0,0,h15,5145966158009217779
p2,B,397,103,0,h15,5145966158009217779
p2,C,31,98,371,h15,5145966158009217779
p2,Non-ROH,500,0,0,h15,5145966158009217779
p3,A,500,0,0,h15,5145966158009217779
p3,B,467,33,0,h15,5145966158009217779
p3,C,27,124,349,h15,5145966158009217779
p3,Non-ROH,500,0,0,h15,5145966158009217779
p1,A,500,0,0,h15,5176586221759402753
p1,B,235,251,14,h15,5176586221759402753
p1,C,57,81,362,h15,5176586221759402753
p1,Non-ROH,500,0,0,h15,5176586221759402753
p2,A,500,0,0,h15,5176586221759402753
p2,B,387,113,0,h15,5176586221759402753
p2,C,36,175,289,h15,5176586221759402753
p2,Non-ROH,500,0,0,h15,5176586221759402753
p3,A,500,0,0,h15,5176586221759402753
p3,B,450,50,0,h15,5176586221759402753
p3,C,37,127,336,h15,5176586221759402753
p3,Non-ROH,500,0,0,h15,5176586221759402753
p1,A,499,1,0,h15,5202630681384220438
p1,B,227,252,21,h15,5202630681384220438
p1,C,68,65,367,h15,5202630681384220438
p1,Non-ROH,500,0,0,h15,5202630681384220438
p2,A,500,0,0,h15,5202630681384220438
p2,B,403,97,0,h15,5202630681384220438
p2,C,50,74,376,h15,5202630681384220438
p2,Non-ROH,500,0,0,h15,5202630681384220438
p3,A,500,0,0,h15,5202630681384220438
p3,B,455,45,0,h15,5202630681384220438
p3,C,27,73,400,h15,5202630681384220438
p3,Non-ROH,500,0,0,h15,5202630681384220438
p1,A,497,3,0,h15,5234479157110391535
p1,B,207,281,12,h15,5234479157110391535
p1,C,43,89,368,h15,5234479157110391535
p1,Non-ROH,500,0,0,h15,5234479157110391535
p2,A,500,0,0,h15,5234479157110391535
p2,B,389,111,0,h15,5234479157110391535
p2,C,51,86,363,h15,5234479157110391535
p2,Non-ROH,500,0,0,h15,5234479157110391535
p3,A,500,0,0,h15,5234479157110391535
p3,B,443,57,0,h15,5234479157110391535
p3,C,41,103,356,h15,5234479157110391535
p3,Non-ROH,500,0,0,h15,5234479157110391535
p1,A,500,0,0,h15,5237173890570091681
p1,B,210,281,9,h15,5237173890570091681
p1,C,52,67,381,h15,5237173890570091681
p1,Non-ROH,500,0,0,h15,5237173890570091681
p2,A,500,0,0,h15,5237173890570091681
p2,B,404,96,0,h15,5237173890570091681
p2,C,58,91,351,h15,5237173890570091681
p2,Non-ROH,500,0,0,h15,5237173890570091681
p3,A,500,0,0,h15,5237173890570091681
p3,B,464,36,0,h15,5237173890570091681
p3,C,25,115,360,h15,5237173890570091681
p3,Non-ROH,500,0,0,h15,5237173890570091681
p1,A,498,2,0,h15,5256084581738131185
p1,B,229,257,14,h15,5256084581738131185
p1,C,56,60,384,h15,5256084581738131185
p1,Non-ROH,500,0,0,h15,5256084581738131185
p2,A,500,0,0,h15,5256084581738131185
p2,B,402,98,0,h15,5256084581738131185
p2,C,63,61,376,h15,5256084581738131185
p2,Non-ROH,500,0,0,h15,5256084581738131185
p3,A,500,0,0,h15,5256084581738131185
p3,B,444,56,0,h15,5256084581738131185
p3,C,77,142,281,h15,5256084581738131185
p3,Non-ROH,500,0,0,h15,5256084581738131185
p1,A,499,1,0,h15,5278916152404518456
p1,B,226,260,14,h15,5278916152404518456
p1,C,54,97,349,h15,5278916152404518456
p1,Non-ROH,500,0,0,h15,5278916152404518456
p2,A,500,0,0,h15,5278916152404518456
p2,B,390,110,0,h15,5278916152404518456
p2,C,37,112,351,h15,5278916152404518456
p2,Non-ROH,500,0,0,h15,5278916152404518456
p3,A,500,0,0,h15,5278916152404518456
p3,B,458,42,0,h15,5278916152404518456
p3,C,32,122,346,h15,5278916152404518456
p3,Non-ROH,500,0,0,h15,5278916152404518456
p1,A,500,0,0,h15,5295198285982882322
p1,B,231,255,14,h15,5295198285982882322
p1,C,55,75,370,h15,5295198285982882322
p1,Non-ROH,500,0,0,h15,5295198285982882322
p2,A,500,0,0,h15,5295198285982882322
p2,B,426,74,0,h15,5295198285982882322
p2,C,32,84,384,h15,5295198285982882322
p2,Non-ROH,500,0,0,h15,5295198285982882322
p3,A,500,0,0,h15,5295198285982882322
p3,B,462,38,0,h15,5295198285982882322
p3,C,36,110,354,h15,5295198285982882322
p3,Non-ROH,500,0,0,h15,5295198285982882322
p1,A,498,2,0,h15,5298333590867937410
p1,B,226,261,13,h15,5298333590867937410
p1,C,83,52,365,h15,5298333590867937410
p1,Non-ROH,500,0,0,h15,5298333590867937410
p2,A,500,0,0,h15,5298333590867937410
p2,B,404,96,0,h15,5298333590867937410
p2,C,146,33,321,h15,5298333590867937410
p2,Non-ROH,500,0,0,h15,5298333590867937410
p3,A,500,0,0,h15,5298333590867937410
p3,B,443,57,0,h15,5298333590867937410
p3,C,112,21,367,h15,5298333590867937410
p3,Non-ROH,500,0,0,h15,5298333590867937410
p1,A,500,0,0,h15,5302010441169196640
p1,B,223,271,6,h15,5302010441169196640
p1,C,48,76,376,h15,5302010441169196640
p1,Non-ROH,500,0,0,h15,5302010441169196640
p2,A,500,0,0,h15,5302010441169196640
p2,B,415,85,0,h15,5302010441169196640
p2,C,32,107,361,h15,5302010441169196640
p2,Non-ROH,500,0,0,h15,5302010441169196640
p3,A,500,0,0,h15,5302010441169196640
p3,B,440,60,0,h15,5302010441169196640
p3,C,49,134,317,h15,5302010441169196640
p3,Non-ROH,500,0,0,h15,5302010441169196640
p1,A,498,2,0,h15,5308859903619254707
p1,B,217,269,14,h15,5308859903619254707
p1,C,49,72,379,h15,5308859903619254707
p1,Non-ROH,500,0,0,h15,5308859903619254707
p2,A,500,0,0,h15,5308859903619254707
p2,B,363,137,0,h15,5308859903619254707
p2,C,45,80,375,h15,5308859903619254707
p2,Non-ROH,500,0,0,h15,5308859903619254707
p3,A,500,0,0,h15,5308859903619254707
p3,B,407,93,0,h15,5308859903619254707
p3,C,46,117,337,h15,5308859903619254707
p3,Non-ROH,500,0,0,h15,5308859903619254707
p1,A,500,0,0,h15,5317720066311472576
p1,B,186,295,19,h15,5317720066311472576
p1,C,50,74,376,h15,5317720066311472576
p1,Non-ROH,500,0,0,h15,5317720066311472576
p2,A,500,0,0,h15,5317720066311472576
p2,B,381,119,0,h15,5317720066311472576
p2,C,25,159,316,h15,5317720066311472576
p2,Non-ROH,500,0,0,h15,5317720066311472576
p3,A,500,0,0,h15,5317720066311472576
p3,B,435,65,0,h15,5317720066311472576
p3,C,25,127,348,h15,5317720066311472576
p3,Non-ROH,500,0,0,h15,5317720066311472576
p1,A,500,0,0,h15,5321944938212571663
p1,B,273,209,18,h15,5321944938212571663
p1,C,47,72,381,h15,5321944938212571663
p1,Non-ROH,500,0,0,h15,5321944938212571663
p2,A,500,0,0,h15,5321944938212571663
p2,B,432,68,0,h15,5321944938212571663
p2,C,39,121,340,h15,5321944938212571663
p2,Non-ROH,500,0,0,h15,5321944938212571663
p3,A,500,0,0,h15,5321944938212571663
p3,B,460,40,0,h15,5321944938212571663
p3,C,44,112,344,h15,5321944938212571663
p3,Non-ROH,500,0,0,h15,5321944938212571663
p1,A,499,1,0,h15,5322429953879401608
p1,B,226,259,15,h15,5322429953879401608
p1,C,69,75,356,h15,5322429953879401608
p1,Non-ROH,500,0,0,h15,5322429953879401608
p2,A,500,0,0,h15,5322429953879401608
p2,B,411,88,1,h15,5322429953879401608
p2,C,53,58,389,h15,5322429953879401608
p2,Non-ROH,500,0,0,h15,5322429953879401608
p3,A,500,0,0,h15,5322429953879401608
p3,B,421,79,0,h15,5322429953879401608
p3,C,36,70,394,h15,5322429953879401608
p3,Non-ROH,500,0,0,h15,5322429953879401608
p1,A,500,0,0,h15,5324252283481143529
p1,B,196,289,15,h15,5324252283481143529
p1,C,63,81,356,h15,5324252283481143529
p1,Non-ROH,500,0,0,h15,5324252283481143529
p2,A,500,0,0,h15,5324252283481143529
p2,B,398,102,0,h15,5324252283481143529
p2,C,51,84,365,h15,5324252283481143529
p2,Non-ROH,500,0,0,h15,5324252283481143529
p3,A,500,0,0,h15,5324252283481143529
p3,B,430,70,0,h15,5324252283481143529
p3,C,40,81,379,h15,5324252283481143529
p3,Non-ROH,500,0,0,h15,5324252283481143529
p1,A,499,1,0,h15,5339998715273853505
p1,B,231,265,4,h15,5339998715273853505
p1,C,62,73,365,h15,5339998715273853505
p1,Non-ROH,500,0,0,h15,5339998715273853505
p2,A,500,0,0,h15,5339998715273853505
p2,B,387,113,0,h15,5339998715273853505
p2,C,33,101,366,h15,5339998715273853505
p2,Non-ROH,500,0,0,h15,5339998715273853505
p3,A,500,0,0,h15,5339998715273853505
p3,B,445,55,0,h15,5339998715273853505
p3,C,42,148,310,h15,5339998715273853505
p3,Non-ROH,500,0,0,h15,5339998715273853505
p1,A,499,1,0,h15,534890264862344465
p1,B,263,225,12,h15,534890264862344465
p1,C,49,69,382,h15,534890264862344465
p1,Non-ROH,500,0,0,h15,534890264862344465
p2,A,500,0,0,h15,534890264862344465
p2,B,437,63,0,h15,534890264862344465
p2,C,32,82,386,h15,534890264862344465
p2,Non-ROH,500,0,0,h15,534890264862344465
p3,A,500,0,0,h15,534890264862344465
p3,B,463,37,0,h15,534890264862344465
p3,C,55,110,335,h15,534890264862344465
p3,Non-ROH,500,0,0,h15,534890264862344465
p1,A,499,1,0,h15,5376184914448647708
p1,B,223,270,7,h15,5376184914448647708
p1,C,51,74,375,h15,5376184914448647708
p1,Non-ROH,500,0,0,h15,5376184914448647708
p2,A,500,0,0,h15,5376184914448647708
p2,B,391,109,0,h15,5376184914448647708
p2,C,55,122,323,h15,5376184914448647708
p2,Non-ROH,500,0,0,h15,5376184914448647708
p3,A,500,0,0,h15,5376184914448647708
p3,B,461,39,0,h15,5376184914448647708
p3,C,43,72,385,h15,5376184914448647708
p3,Non-ROH,500,0,0,h15,5376184914448647708
p1,A,500,0,0,h15,5384843017351500412
p1,B,266,219,15,h15,5384843017351500412
p1,C,64,80,356,h15,5384843017351500412
p1,Non-ROH,500,0,0,h15,5384843017351500412
p2,A,500,0,0,h15,5384843017351500412
p2,B,437,63,0,h15,5384843017351500412
p2,C,56,78,366,h15,5384843017351500412
p2,Non-ROH,500,0,0,h15,5384843017351500412
p3,A,500,0,0,h15,5384843017351500412
p3,B,475,25,0,h15,5384843017351500412
p3,C,44,158,298,h15,5384843017351500412
p3,Non-ROH,500,0,0,h15,5384843017351500412
p1,A,500,0,0,h15,541494535783318840
p1,B,225,258,17,h15,541494535783318840
p1,C,46,65,389,h15,541494535783318840
p1,Non-ROH,500,0,0,h15,541494535783318840
p2,A,500,0,0,h15,541494535783318840
p2,B,419,81,0,h15,541494535783318840
p2,C,39,95,366,h15,541494535783318840
p2,Non-ROH,500,0,0,h15,541494535783318840
p3,A,500,0,0,h15,541494535783318840
p3,B,437,63,0,h15,541494535783318840
p3,C,35,85,380,h15,541494535783318840
p3,Non-ROH,500,0,0,h15,541494535783318840
p1,A,500,0,0,h15,5417707987763698281
p1,B,240,245,15,h15,5417707987763698281
p1,C,53,63,384,h15,5417707987763698281
p1,Non-ROH,500,0,0,h15,5417707987763698281
p2,A,500,0,0,h15,5417707987763698281
p2,B,404,96,0,h15,5417707987763698281
p2,C,44,93,363,h15,5417707987763698281
p2,Non-ROH,500,0,0,h15,5417707987763698281
p3,A,500,0,0,h15,5417707987763698281
p3,B,467,33,0,h15,5417707987763698281
p3,C,35,109,356,h15,5417707987763698281
p3,Non-ROH,500,0,0,h15,5417707987763698281
p1,A,499,1,0,h15,5472364174064490458
p1,B,226,260,14,h15,5472364174064490458
p1,C,37,103,360,h15,5472364174064490458
p1,Non-ROH,500,0,0,h15,5472364174064490458
p2,A,500,0,0,h15,5472364174064490458
p2,B,407,93,0,h15,5472364174064490458
p2,C,46,105,349,h15,5472364174064490458
p2,Non-ROH,500,0,0,h15,5472364174064490458
p3,A,500,0,0,h15,5472364174064490458
p3,B,406,94,0,h15,5472364174064490458
p3,C,26,112,362,h15,5472364174064490458
p3,Non-ROH,500,0,0,h15,5472364174064490458
p1,A,500,0,0,h15,5474070091818777991
p1,B,215,272,13,h15,5474070091818777991
p1,C,53,88,359,h15,5474070091818777991
p1,Non-ROH,500,0,0,h15,5474070091818777991
p2,A,500,0,0,h15,5474070091818777991
p2,B,413,87,0,h15,5474070091818777991
p2,C,29,138,333,h15,5474070091818777991
p2,Non-ROH,500,0,0,h15,5474070091818777991
p3,A,500,0,0,h15,5474070091818777991
p3,B,437,63,0,h15,5474070091818777991
p3,C,22,106,372,h15,5474070091818777991
p3,Non-ROH,500,0,0,h15,5474070091818777991
p1,A,500,0,0,h15,5502487278394595237
p1,B,240,247,13,h15,5502487278394595237
p1,C,80,47,373,h15,5502487278394595237
p1,Non-ROH,500,0,0,h15,5502487278394595237
p2,A,500,0,0,h15,5502487278394595237
p2,B,411,89,0,h15,5502487278394595237
p2,C,126,26,348,h15,5502487278394595237
p2,Non-ROH,500,0,0,h15,5502487278394595237
p3,A,500,0,0,h15,5502487278394595237
p3,B,455,45,0,h15,5502487278394595237
p3,C,105,34,361,h15,5502487278394595237
p3,Non-ROH,500,0,0,h15,5502487278394595237
p1,A,500,0,0,h15,5545367096577949297
p1,B,217,259,24,h15,5545367096577949297
p1,C,61,62,377,h15,5545367096577949297
p1,Non-ROH,500,0,0,h15,5545367096577949297
p2,A,500,0,0,h15,5545367096577949297
p2,B,411,89,0,h15,5545367096577949297
p2,C,40,82,378,h15,5545367096577949297
p2,Non-ROH,500,0,0,h15,5545367096577949297
p3,A,500,0,0,h15,5545367096577949297
p3,B,465,35,0,h15,5545367096577949297
p3,C,34,142,324,h15,5545367096577949297
p3,Non-ROH,500,0,0,h15,5545367096577949297
p1,A,500,0,0,h15,5592438464561908426
p1,B,227,258,15,h15,5592438464561908426
p1,C,60,71,369,h15,5592438464561908426
p1,Non-ROH,500,0,0,h15,5592438464561908426
p2,A,500,0,0,h15,5592438464561908426
p2,B,413,87,0,h15,5592438464561908426
p2,C,52,65,383,h15,5592438464561908426
p2,Non-ROH,500,0,0,h15,5592438464561908426
p3,A,500,0,0,h15,5592438464561908426
p3,B,459,41,0,h15,5592438464561908426
p3,C,63,66,371,h15,5592438464561908426
p3,Non-ROH,500,0,0,h15,5592438464561908426
p1,A,500,0,0,h15,5633412943455097014
p1,B,278,210,12,h15,5633412943455097014
p1,C,48,63,389,h15,5633412943455097014
p1,Non-ROH,500,0,0,h15,5633412943455097014
p2,A,500,0,0,h15,5633412943455097014
p2,B,448,52,0,h15,5633412943455097014
p2,C,49,76,375,h15,5633412943455097014
p2,Non-ROH,500,0,0,h15,5633412943455097014
p3,A,500,0,0,h15,5633412943455097014
p3,B,464,36,0,h15,5633412943455097014
p3,C,39,82,379,h15,5633412943455097014
p3,Non-ROH,500,0,0,h15,5633412943455097014
p1,A,499,1,0,h15,5636216989253964756
p1,B,210,282,8,h15,5636216989253964756
p1,C,44,82,374,h15,5636216989253964756
p1,Non-ROH,500,0,0,h15,5636216989253964756
p2,A,500,0,0,h15,5636216989253964756
p2,B,389,111,0,h15,5636216989253964756
p2,C,37,99,364,h15,5636216989253964756
p2,Non-ROH,500,0,0,h15,5636216989253964756
p3,A,500,0,0,h15,5636216989253964756
p3,B,441,59,0,h15,5636216989253964756
p3,C,30,107,363,h15,5636216989253964756
p3,Non-ROH,500,0,0,h15,5636216989253964756
p1,A,500,0,0,h15,5660374399172068823
p1,B,223,257,20,h15,5660374399172068823
p1,C,52,67,381,h15,5660374399172068823
p1,Non-ROH,500,0,0,h15,5660374399172068823
p2,A,500,0,0,h15,5660374399172068823
p2,B,417,83,0,h15,5660374399172068823
p2,C,44,124,332,h15,5660374399172068823
p2,Non-ROH,500,0,0,h15,5660374399172068823
p3,A,500,0,0,h15,5660374399172068823
p3,B,438,62,0,h15,5660374399172068823
p3,C,36,161,303,h15,5660374399172068823
p3,Non-ROH,500,0,0,h15,5660374399172068823
p1,A,500,0,0,h15,5663093404299114628
p1,B,216,264,20,h15,5663093404299114628
p1,C,60,68,372,h15,5663093404299114628
p1,Non-ROH,500,0,0,h15,5663093404299114628
p2,A,500,0,0,h15,5663093404299114628
p2,B,429,71,0,h15,5663093404299114628
p2,C,46,86,368,h15,5663093404299114628
p2,Non-ROH,500,0,0,h15,5663093404299114628
p3,A,500,0,0,h15,5663093404299114628
p3,B,461,39,0,h15,5663093404299114628
p3,C,49,135,316,h15,5663093404299114628
p3,Non-ROH,500,0,0,h15,5663093404299114628
p1,A,500,0,0,h15,5671005661410592532
p1,B,216,267,17,h15,5671005661410592532
p1,C,51,76,373,h15,5671005661410592532
p1,Non-ROH,500,0,0,h15,5671005661410592532
p2,A,500,0,0,h15,5671005661410592532
p2,B,425,75,0,h15,5671005661410592532
p2,C,38,77,385,h15,5671005661410592532
p2,Non-ROH,500,0,0,h15,5671005661410592532
p3,A,500,0,0,h15,5671005661410592532
p3,B,449,51,0,h15,5671005661410592532
p3,C,43,86,371,h15,5671005661410592532
p3,Non-ROH,500,0,0,h15,5671005661410592532
p1,A,496,4,0,h15,5676138681981972712
p1,B,200,284,16,h15,5676138681981972712
p1,C,38,94,368,h15,5676138681981972712
p1,Non-ROH,500,0,0,h15,5676138681981972712
p2,A,500,0,0,h15,5676138681981972712
p2,B,397,103,0,h15,5676138681981972712
p2,C,42,106,352,h15,5676138681981972712
p2,Non-ROH,500,0,0,h15,5676138681981972712
p3,A,500,0,0,h15,5676138681981972712
p3,B,455,45,0,h15,5676138681981972712
p3,C,30,116,354,h15,5676138681981972712
p3,Non-ROH,500,0,0,h15,5676138681981972712
p1,A,500,0,0,h15,5684637688863825104
p1,B,218,269,13,h15,5684637688863825104
p1,C,49,86,365,h15,5684637688863825104
p1,Non-ROH,500,0,0,h15,5684637688863825104
p2,A,500,0,0,h15,5684637688863825104
p2,B,410,90,0,h15,5684637688863825104
p2,C,43,63,394,h15,5684637688863825104
p2,Non-ROH,500,0,0,h15,5684637688863825104
p3,A,500,0,0,h15,5684637688863825104
p3,B,443,57,0,h15,5684637688863825104
p3,C,41,102,357,h15,5684637688863825104
p3,Non-ROH,500,0,0,h15,5684637688863825104
p1,A,498,2,0,h15,5688047433580068346
p1,B,197,287,16,h15,5688047433580068346
p1,C,52,72,376,h15,5688047433580068346
p1,Non-ROH,500,0,0,h15,5688047433580068346
p2,A,500,0,0,h15,5688047433580068346
p2,B,391,109,0,h15,5688047433580068346
p2,C,38,125,337,h15,5688047433580068346
p2,Non-ROH,500,0,0,h15,5688047433580068346
p3,A,500,0,0,h15,5688047433580068346
p3,B,450,50,0,h15,5688047433580068346
p3,C,28,87,385,h15,5688047433580068346
p3,Non-ROH,500,0,0,h15,5688047433580068346
p1,A,500,0,0,h15,5712403196323446509
p1,B,221,261,18,h15,5712403196323446509
p1,C,60,72,368,h15,5712403196323446509
p1,Non-ROH,500,0,0,h15,5712403196323446509
p2,A,500,0,0,h15,5712403196323446509
p2,B,427,73,0,h15,5712403196323446509
p2,C,42,78,380,h15,5712403196323446509
p2,Non-ROH,500,0,0,h15,5712403196323446509
p3,A,500,0,0,h15,5712403196323446509
p3,B,458,42,0,h15,5712403196323446509
p3,C,32,101,367,h15,5712403196323446509
p3,Non-ROH,500,0,0,h15,5712403196323446509
p1,A,499,1,0,h15,5722280312026791986
p1,B,234,252,14,h15,5722280312026791986
p1,C,42,82,376,h15,5722280312026791986
p1,Non-ROH,500,0,0,h15,5722280312026791986
p2,A,500,0,0,h15,5722280312026791986
p2,B,415,85,0,h15,5722280312026791986
p2,C,23,110,367,h15,5722280312026791986
p2,Non-ROH,500,0,0,h15,5722280312026791986
p3,A,500,0,0,h15,5722280312026791986
p3,B,457,43,0,h15,5722280312026791986
p3,C,38,141,321,h15,5722280312026791986
p3,Non-ROH,500,0,0,h15,5722280312026791986
p1,A,499,1,0,h15,5722470060103887163
p1,B,225,266,9,h15,5722470060103887163
p1,C,63,97,340,h15,5722470060103887163
p1,Non-ROH,500,0,0,h15,5722470060103887163
p2,A,500,0,0,h15,5722470060103887163
p2,B,389,111,0,h15,5722470060103887163
p2,C,23,98,379,h15,5722470060103887163
p2,Non-ROH,500,0,0,h15,5722470060103887163
p3,A,500,0,0,h15,5722470060103887163
p3,B,441,59,0,h15,5722470060103887163
p3,C,31,131,338,h15,5722470060103887163
p3,Non-ROH,500,0,0,h15,5722470060103887163
p1,A,499,1,0,h15,5735757561291144551
p1,B,238,249,13,h15,5735757561291144551
p1,C,70,72,358,h15,5735757561291144551
p1,Non-ROH,500,0,0,h15,5735757561291144551
p2,A,500,0,0,h15,5735757561291144551
p2,B,429,71,0,h15,5735757561291144551
p2,C,102,58,340,h15,5735757561291144551
p2,Non-ROH,500,0,0,h15,5735757561291144551
p3,A,500,0,0,h15,5735757561291144551
p3,B,451,49,0,h15,5735757561291144551
p3,C,76,48,376,h15,5735757561291144551
p3,Non-ROH,500,0,0,h15,5735757561291144551
p1,A,500,0,0,h15,5751890584500892473
p1,B,224,263,13,h15,5751890584500892473
p1,C,82,21,397,h15,5751890584500892473
p1,Non-ROH,500,0,0,h15,5751890584500892473
p2,A,500,0,0,h15,5751890584500892473
p2,B,425,75,0,h15,5751890584500892473
p2,C,111,45,344,h15,5751890584500892473
p2,Non-ROH,500,0,0,h15,5751890584500892473
p3,A,500,0,0,h15,5751890584500892473
p3,B,476,24,0,h15,5751890584500892473
p3,C,126,43,331,h15,5751890584500892473
p3,Non-ROH,500,0,0,h15,5751890584500892473
p1,A,499,1,0,h15,5794407209703220765
p1,B,192,293,15,h15,5794407209703220765
p1,C,100,58,342,h15,5794407209703220765
p1,Non-ROH,500,0,0,h15,5794407209703220765
p2,A,500,0,0,h15,5794407209703220765
p2,B,371,129,0,h15,5794407209703220765
p2,C,38,59,403,h15,5794407209703220765
p2,Non-ROH,500,0,0,h15,5794407209703220765
p3,A,500,0,0,h15,5794407209703220765
p3,B,447,53,0,h15,5794407209703220765
p3,C,35,100,365,h15,5794407209703220765
p3,Non-ROH,500,0,0,h15,5794407209703220765
p1,A,500,0,0,h15,5798194897438883268
p1,B,221,266,13,h15,5798194897438883268
p1,C,50,84,366,h15,5798194897438883268
p1,Non-ROH,500,0,0,h15,5798194897438883268
p2,A,500,0,0,h15,5798194897438883268
p2,B,404,96,0,h15,5798194897438883268
p2,C,39,122,339,h15,5798194897438883268
p2,Non-ROH,500,0,0,h15,5798194897438883268
p3,A,500,0,0,h15,5798194897438883268
p3,B,433,67,0,h15,5798194897438883268
p3,C,30,99,371,h15,5798194897438883268
p3,Non-ROH,500,0,0,h15,5798194897438883268
p1,A,499,1,0,h15,580179958289016609
p1,B,195,291,14,h15,580179958289016609
p1,C,45,72,383,h15,580179958289016609
p1,Non-ROH,500,0,0,h15,580179958289016609
p2,A,500,0,0,h15,580179958289016609
p2,B,334,165,1,h15,580179958289016609
p2,C,33,134,333,h15,580179958289016609
p2,Non-ROH,500,0,0,h15,580179958289016609
p3,A,500,0,0,h15,580179958289016609
p3,B,399,101,0,h15,580179958289016609
p3,C,32,133,335,h15,580179958289016609
p3,Non-ROH,500,0,0,h15,580179958289016609
p1,A,500,0,0,h15,581060421270760354
p1,B,237,248,15,h15,581060421270760354
p1,C,62,83,355,h15,581060421270760354
p1,Non-ROH,500,0,0,h15,581060421270760354
p2,A,500,0,0,h15,581060421270760354
p2,B,406,94,0,h15,581060421270760354
p2,C,53,68,379,h15,581060421270760354
p2,Non-ROH,500,0,0,h15,581060421270760354
p3,A,500,0,0,h15,581060421270760354
p3,B,458,42,0,h15,581060421270760354
p3,C,36,97,367,h15,581060421270760354
p3,Non-ROH,500,0,0,h15,581060421270760354
p1,A,500,0,0,h15,5816031460033623034
p1,B,185,292,23,h15,5816031460033623034
p1,C,45,65,390,h15,5816031460033623034
p1,Non-ROH,500,0,0,h15,5816031460033623034
p2,A,500,0,0,h15,5816031460033623034
p2,B,393,107,0,h15,5816031460033623034
p2,C,52,83,365,h15,5816031460033623034
p2,Non-ROH,500,0,0,h15,5816031460033623034
p3,A,500,0,0,h15,5816031460033623034
p3,B,428,72,0,h15,5816031460033623034
p3,C,60,84,356,h15,5816031460033623034
p3,Non-ROH,500,0,0,h15,5816031460033623034
p1,A,499,1,0,h15,5833209884262820855
p1,B,233,258,9,h15,5833209884262820855
p1,C,47,92,361,h15,5833209884262820855
p1,Non-ROH,500,0,0,h15,5833209884262820855
p2,A,500,0,0,h15,5833209884262820855
p2,B,434,66,0,h15,5833209884262820855
p2,C,26,95,379,h15,5833209884262820855
p2,Non-ROH,500,0,0,h15,5833209884262820855
p3,A,500,0,0,h15,5833209884262820855
p3,B,443,57,0,h15,5833209884262820855
p3,C,30,93,377,h15,5833209884262820855
p3,Non-ROH,500,0,0,h15,5833209884262820855
p1,A,500,0,0,h15,5845029024354674371
p1,B,221,261,18,h15,5845029024354674371
p1,C,42,80,378,h15,5845029024354674371
p1,Non-ROH,500,0,0,h15,5845029024354674371
p2,A,500,0,0,h15,5845029024354674371
p2,B,406,94,0,h15,5845029024354674371
p2,C,25,90,385,h15,5845029024354674371
p2,Non-ROH,500,0,0,h15,5845029024354674371
p3,A,500,0,0,h15,5845029024354674371
p3,B,458,42,0,h15,5845029024354674371
p3,C,32,104,364,h15,5845029024354674371
p3,Non-ROH,500,0,0,h15,5845029024354674371
p1,A,499,1,0,h15,5872131788008622690
p1,B,196,287,17,h15,5872131788008622690
p1,C,46,72,382,h15,5872131788008622690
p1,Non-ROH,500,0,0,h15,5872131788008622690
p2,A,500,0,0,h15,5872131788008622690
p2,B,407,93,0,h15,5872131788008622690
p2,C,42,69,389,h15,5872131788008622690
p2,Non-ROH,500,0,0,h15,5872131788008622690
p3,A,500,0,0,h15,5872131788008622690
p3,B,444,56,0,h15,5872131788008622690
p3,C,39,144,317,h15,5872131788008622690
p3,Non-ROH,500,0,0,h15,5872131788008622690
p1,A,498,2,0,h15,590397559720607766
p1,B,213,267,20,h15,590397559720607766
p1,C,54,82,364,h15,590397559720607766
p1,Non-ROH,500,0,0,h15,590397559720607766
p2,A,500,0,0,h15,590397559720607766
p2,B,417,83,0,h15,590397559720607766
p2,C,33,147,320,h15,590397559720607766
p2,Non-ROH,500,0,0,h15,590397559720607766
p3,A,500,0,0,h15,590397559720607766
p3,B,436,64,0,h15,590397559720607766
p3,C,27,183,290,h15,590397559720607766
p3,Non-ROH,500,0,0,h15,590397559720607766
p1,A,500,0,0,h15,5937156044570304494
p1,B,240,245,15,h15,5937156044570304494
p1,C,36,69,395,h15,5937156044570304494
p1,Non-ROH,500,0,0,h15,5937156044570304494
p2,A,500,0,0,h15,5937156044570304494
p2,B,406,94,0,h15,5937156044570304494
p2,C,28,109,363,h15,5937156044570304494
p2,Non-ROH,500,0,0,h15,5937156044570304494
p3,A,500,0,0,h15,5937156044570304494
p3,B,431,69,0,h15,5937156044570304494
p3,C,39,105,356,h15,5937156044570304494
p3,Non-ROH,500,0,0,h15,5937156044570304494
p1,A,498,2,0,h15,5948645529796660416
p1,B,203,284,13,h15,5948645529796660416
p1,C,39,90,371,h15,5948645529796660416
p1,Non-ROH,500,0,0,h15,5948645529796660416
p2,A,499,1,0,h15,5948645529796660416
p2,B,380,120,0,h15,5948645529796660416
p2,C,33,87,380,h15,5948645529796660416
p2,Non-ROH,500,0,0,h15,5948645529796660416
p3,A,500,0,0,h15,5948645529796660416
p3,B,433,67,0,h15,5948645529796660416
p3,C,36,133,331,h15,5948645529796660416
p3,Non-ROH,500,0,0,h15,5948645529796660416
p1,A,500,0,0,h15,5951560188764404489
p1,B,195,293,12,h15,5951560188764404489
p1,C,33,79,388,h15,5951560188764404489
p1,Non-ROH,500,0,0,h15,5951560188764404489
p2,A,500,0,0,h15,5951560188764404489
p2,B,406,93,1,h15,5951560188764404489
p2,C,34,80,386,h15,5951560188764404489
p2,Non-ROH,500,0,0,h15,5951560188764404489
p3,A,500,0,0,h15,5951560188764404489
p3,B,432,68,0,h15,5951560188764404489
p3,C,45,107,348,h15,5951560188764404489
p3,Non-ROH,500,0,0,h15,5951560188764404489
p1,A,498,2,0,h15,5952239077520866706
p1,B,170,310,20,h15,5952239077520866706
p1,C,50,71,379,h15,5952239077520866706
p1,Non-ROH,500,0,0,h15,5952239077520866706
p2,A,500,0,0,h15,5952239077520866706
p2,B,363,137,0,h15,5952239077520866706
p2,C,43,72,385,h15,5952239077520866706
p2,Non-ROH,500,0,0,h15,5952239077520866706
p3,A,500,0,0,h15,5952239077520866706
p3,B,424,76,0,h15,5952239077520866706
p3,C,50,178,272,h15,5952239077520866706
p3,Non-ROH,500,0,0,h15,5952239077520866706
p1,A,500,0,0,h15,5968914985803881721
p1,B,223,265,12,h15,5968914985803881721
p1,C,54,67,379,h15,5968914985803881721
p1,Non-ROH,500,0,0,h15,5968914985803881721
p2,A,500,0,0,h15,5968914985803881721
p2,B,435,65,0,h15,5968914985803881721
p2,C,35,105,360,h15,5968914985803881721
p2,Non-ROH,500,0,0,h15,5968914985803881721
p3,A,500,0,0,h15,5968914985803881721
p3,B,458,42,0,h15,5968914985803881721
p3,C,27,122,351,h15,5968914985803881721
p3,Non-ROH,500,0,0,h15,5968914985803881721
p1,A,499,1,0,h15,6028005883425883892
p1,B,244,247,9,h15,6028005883425883892
p1,C,64,62,374,h15,6028005883425883892
p1,Non-ROH,500,0,0,h15,6028005883425883892
p2,A,500,0,0,h15,6028005883425883892
p2,B,408,92,0,h15,6028005883425883892
p2,C,57,147,296,h15,6028005883425883892
p2,Non-ROH,500,0,0,h15,6028005883425883892
p3,A,500,0,0,h15,6028005883425883892
p3,B,446,54,0,h15,6028005883425883892
p3,C,39,106,355,h15,6028005883425883892
p3,Non-ROH,500,0,0,h15,6028005883425883892
p1,A,500,0,0,h15,6040561569715331345
p1,B,249,241,10,h15,6040561569715331345
p1,C,51,60,389,h15,6040561569715331345
p1,Non-ROH,500,0,0,h15,6040561569715331345
p2,A,500,0,0,h15,6040561569715331345
p2,B,411,89,0,h15,6040561569715331345
p2,C,35,82,383,h15,6040561569715331345
p2,Non-ROH,500,0,0,h15,6040561569715331345
p3,A,500,0,0,h15,6040561569715331345
p3,B,468,32,0,h15,6040561569715331345
p3,C,52,99,349,h15,6040561569715331345
p3,Non-ROH,500,0,0,h15,6040561569715331345
p1,A,499,1,0,h15,6043120785498330072
p1,B,237,243,20,h15,6043120785498330072
p1,C,51,63,386,h15,6043120785498330072
p1,Non-ROH,500,0,0,h15,6043120785498330072
p2,A,500,0,0,h15,6043120785498330072
p2,B,420,80,0,h15,6043120785498330072
p2,C,44,74,382,h15,6043120785498330072
p2,Non-ROH,500,0,0,h15,6043120785498330072
p3,A,500,0,0,h15,6043120785498330072
p3,B,459,41,0,h15,6043120785498330072
p3,C,51,69,380,h15,6043120785498330072
p3,Non-ROH,500,0,0,h15,6043120785498330072
p1,A,500,0,0,h15,6112289245785045586
p1,B,235,248,17,h15,6112289245785045586
p1,C,82,69,349,h15,6112289245785045586
p1,Non-ROH,500,0,0,h15,6112289245785045586
p2,A,500,0,0,h15,6112289245785045586
p2,B,429,71,0,h15,6112289245785045586
p2,C,76,70,354,h15,6112289245785045586
p2,Non-ROH,500,0,0,h15,6112289245785045586
p3,A,500,0,0,h15,6112289245785045586
p3,B,440,60,0,h15,6112289245785045586
p3,C,91,82,327,h15,6112289245785045586
p3,Non-ROH,500,0,0,h15,6112289245785045586
p1,A,500,0,0,h15,6118161025697677301
p1,B,210,275,15,h15,6118161025697677301
p1,C,58,88,354,h15,6118161025697677301
p1,Non-ROH,500,0,0,h15,6118161025697677301
p2,A,500,0,0,h15,6118161025697677301
p2,B,382,118,0,h15,6118161025697677301
p2,C,31,74,395,h15,6118161025697677301
p2,Non-ROH,500,0,0,h15,6118161025697677301
p3,A,500,0,0,h15,6118161025697677301
p3,B,456,44,0,h15,6118161025697677301
p3,C,37,88,375,h15,6118161025697677301
p3,Non-ROH,500,0,0,h15,6118161025697677301
p1,A,500,0,0,h15,6125763801513833473
p1,B,199,291,10,h15,6125763801513833473
p1,C,56,73,371,h15,6125763801513833473
p1,Non-ROH,500,0,0,h15,6125763801513833473
p2,A,500,0,0,h15,6125763801513833473
p2,B,387,113,0,h15,6125763801513833473
p2,C,56,94,350,h15,6125763801513833473
p2,Non-ROH,500,0,0,h15,6125763801513833473
p3,A,500,0,0,h15,6125763801513833473
p3,B,449,51,0,h15,6125763801513833473
p3,C,51,130,319,h15,6125763801513833473
p3,Non-ROH,500,0,0,h15,6125763801513833473
p1,A,499,1,0,h15,617119182426661424
p1,B,215,268,17,h15,617119182426661424
p1,C,58,64,378,h15,617119182426661424
p1,Non-ROH,500,0,0,h15,617119182426661424
p2,A,500,0,0,h15,617119182426661424
p2,B,402,98,0,h15,617119182426661424
p2,C,38,137,325,h15,617119182426661424
p2,Non-ROH,500,0,0,h15,617119182426661424
p3,A,500,0,0,h15,617119182426661424
p3,B,446,54,0,h15,617119182426661424
p3,C,34,106,360,h15,617119182426661424
p3,Non-ROH,500,0,0,h15,617119182426661424
p1,A,498,2,0,h15,6176262631363229846
p1,B,212,273,15,h15,6176262631363229846
p1,C,45,71,384,h15,6176262631363229846
p1,Non-ROH,500,0,0,h15,6176262631363229846
p2,A,500,0,0,h15,6176262631363229846
p2,B,373,127,0,h15,6176262631363229846
p2,C,31,81,388,h15,6176262631363229846
p2,Non-ROH,500,0,0,h15,6176262631363229846
p3,A,500,0,0,h15,6176262631363229846
p3,B,431,69,0,h15,6176262631363229846
p3,C,40,98,362,h15,6176262631363229846
p3,Non-ROH,500,0,0,h15,6176262631363229846
p1,A,499,1,0,h15,619314765495866363
p1,B,173,310,17,h15,619314765495866363
p1,C,51,74,375,h15,619314765495866363
p1,Non-ROH,500,0,0,h15,619314765495866363
p2,A,500,0,0,h15,619314765495866363
p2,B,400,100,0,h15,619314765495866363
p2,C,41,108,351,h15,619314765495866363
p2,Non-ROH,500,0,0,h15,619314765495866363
p3,A,500,0,0,h15,619314765495866363
p3,B,423,77,0,h15,619314765495866363
p3,C,41,118,341,h15,619314765495866363
p3,Non-ROH,500,0,0,h15,619314765495866363
p1,A,500,0,0,h15,6221873791621882197
p1,B,205,275,20,h15,6221873791621882197
p1,C,46,80,374,h15,6221873791621882197
p1,Non-ROH,500,0,0,h15,6221873791621882197
p2,A,500,0,0,h15,6221873791621882197
p2,B,409,91,0,h15,6221873791621882197
p2,C,47,90,363,h15,6221873791621882197
p2,Non-ROH,500,0,0,h15,6221873791621882197
p3,A,500,0,0,h15,6221873791621882197
p3,B,451,49,0,h15,6221873791621882197
p3,C,46,78,376,h15,6221873791621882197
p3,Non-ROH,500,0,0,h15,6221873791621882197
p1,A,500,0,0,h15,623431729054189720
p1,B,209,280,11,h15,623431729054189720
p1,C,49,70,381,h15,623431729054189720
p1,Non-ROH,500,0,0,h15,623431729054189720
p2,A,500,0,0,h15,623431729054189720
p2,B,403,97,0,h15,623431729054189720
p2,C,42,77,381,h15,623431729054189720
p2,Non-ROH,500,0,0,h15,623431729054189720
p3,A,500,0,0,h15,623431729054189720
p3,B,411,89,0,h15,623431729054189720
p3,C,28,172,300,h15,623431729054189720
p3,Non-ROH,500,0,0,h15,623431729054189720
p1,A,500,0,0,h15,6256109695424454508
p1,B,209,266,25,h15,6256109695424454508
p1,C,55,73,372,h15,6256109695424454508
p1,Non-ROH,500,0,0,h15,6256109695424454508
p2,A,500,0,0,h15,6256109695424454508
p2,B,417,83,0,h15,6256109695424454508
p2,C,35,137,328,h15,6256109695424454508
p2,Non-ROH,500,0,0,h15,6256109695424454508
p3,A,500,0,0,h15,6256109695424454508
p3,B,440,60,0,h15,6256109695424454508
p3,C,40,170,290,h15,6256109695424454508
p3,Non-ROH,500,0,0,h15,6256109695424454508
p1,A,499,1,0,h15,6271055156530534345
p1,B,195,283,22,h15,6271055156530534345
p1,C,49,88,363,h15,6271055156530534345
p1,Non-ROH,500,0,0,h15,6271055156530534345
p2,A,500,0,0,h15,6271055156530534345
p2,B,368,132,0,h15,6271055156530534345
p2,C,29,98,373,h15,6271055156530534345
p2,Non-ROH,500,0,0,h15,6271055156530534345
p3,A,500,0,0,h15,6271055156530534345
p3,B,440,60,0,h15,6271055156530534345
p3,C,45,84,371,h15,6271055156530534345
p3,Non-ROH,500,0,0,h15,6271055156530534345
p1,A,500,0,0,h15,6271388591772666633
p1,B,225,261,14,h15,6271388591772666633
p1,C,41,74,385,h15,6271388591772666633
p1,Non-ROH,500,0,0,h15,6271388591772666633
p2,A,500,0,0,h15,6271388591772666633
p2,B,406,94,0,h15,6271388591772666633
p2,C,48,62,390,h15,6271388591772666633
p2,Non-ROH,500,0,0,h15,6271388591772666633
p3,A,500,0,0,h15,6271388591772666633
p3,B,455,45,0,h15,6271388591772666633
p3,C,41,137,322,h15,6271388591772666633
p3,Non-ROH,500,0,0,h15,6271388591772666633
p1,A,500,0,0,h15,6271392265162863599
p1,B,213,271,16,h15,6271392265162863599
p1,C,48,61,391,h15,6271392265162863599
p1,Non-ROH,500,0,0,h15,6271392265162863599
p2,A,500,0,0,h15,6271392265162863599
p2,B,403,97,0,h15,6271392265162863599
p2,C,39,128,333,h15,6271392265162863599
p2,Non-ROH,500,0,0,h15,6271392265162863599
p3,A,500,0,0,h15,6271392265162863599
p3,B,437,63,0,h15,6271392265162863599
p3,C,42,74,384,h15,6271392265162863599
p3,Non-ROH,500,0,0,h15,6271392265162863599
p1,A,498,2,0,h15,6278557973049700023
p1,B,238,248,14,h15,6278557973049700023
p1,C,55,75,370,h15,6278557973049700023
p1,Non-ROH,500,0,0,h15,6278557973049700023
p2,A,500,0,0,h15,6278557973049700023
p2,B,431,69,0,h15,6278557973049700023
p2,C,28,144,328,h15,6278557973049700023
p2,Non-ROH,500,0,0,h15,6278557973049700023
p3,A,500,0,0,h15,6278557973049700023
p3,B,469,31,0,h15,6278557973049700023
p3,C,31,127,342,h15,6278557973049700023
p3,Non-ROH,500,0,0,h15,6278557973049700023
p1,A,499,1,0,h15,6296356080345695763
p1,B,226,257,17,h15,6296356080345695763
p1,C,72,63,365,h15,6296356080345695763
p1,Non-ROH,500,0,0,h15,6296356080345695763
p2,A,500,0,0,h15,6296356080345695763
p2,B,431,69,0,h15,6296356080345695763
p2,C,54,77,369,h15,6296356080345695763
p2,Non-ROH,500,0,0,h15,6296356080345695763
p3,A,500,0,0,h15,6296356080345695763
p3,B,467,33,0,h15,6296356080345695763
p3,C,42,139,319,h15,6296356080345695763
p3,Non-ROH,500,0,0,h15,6296356080345695763
p1,A,500,0,0,h15,630264118172724289
p1,B,195,289,16,h15,630264118172724289
p1,C,50,66,384,h15,630264118172724289
p1,Non-ROH,500,0,0,h15,630264118172724289
p2,A,500,0,0,h15,630264118172724289
p2,B,419,81,0,h15,630264118172724289
p2,C,39,135,326,h15,630264118172724289
p2,Non-ROH,500,0,0,h15,630264118172724289
p3,A,500,0,0,h15,630264118172724289
p3,B,459,41,0,h15,630264118172724289
p3,C,30,87,383,h15,630264118172724289
p3,Non-ROH,500,0,0,h15,630264118172724289
p1,A,500,0,0,h15,6309094979300958678
p1,B,224,261,15,h15,6309094979300958678
p1,C,42,77,381,h15,6309094979300958678
p1,Non-ROH,500,0,0,h15,6309094979300958678
p2,A,500,0,0,h15,6309094979300958678
p2,B,373,127,0,h15,6309094979300958678
p2,C,36,102,362,h15,6309094979300958678
p2,Non-ROH,500,0,0,h15,6309094979300958678
p3,A,500,0,0,h15,6309094979300958678
p3,B,429,71,0,h15,6309094979300958678
p3,C,33,78,389,h15,6309094979300958678
p3,Non-ROH,500,0,0,h15,6309094979300958678
p1,A,500,0,0,h15,6327455890212184932
p1,B,220,267,13,h15,6327455890212184932
p1,C,58,79,363,h15,6327455890212184932
p1,Non-ROH,500,0,0,h15,6327455890212184932
p2,A,500,0,0,h15,6327455890212184932
p2,B,395,105,0,h15,6327455890212184932
p2,C,35,102,363,h15,6327455890212184932
p2,Non-ROH,500,0,0,h15,6327455890212184932
p3,A,500,0,0,h15,6327455890212184932
p3,B,437,63,0,h15,6327455890212184932
p3,C,31,98,371,h15,6327455890212184932
p3,Non-ROH,500,0,0,h15,6327455890212184932
p1,A,500,0,0,h15,6359515355189657904
p1,B,227,266,7,h15,6359515355189657904
p1,C,44,104,352,h15,6359515355189657904
p1,Non-ROH,500,0,0,h15,6359515355189657904
p2,A,500,0,0,h15,6359515355189657904
p2,B,402,98,0,h15,6359515355189657904
p2,C,42,95,363,h15,6359515355189657904
p2,Non-ROH,500,0,0,h15,6359515355189657904
p3,A,500,0,0,h15,6359515355189657904
p3,B,440,60,0,h15,6359515355189657904
p3,C,37,220,243,h15,6359515355189657904
p3,Non-ROH,500,0,0,h15,6359515355189657904
p1,A,500,0,0,h15,6362485643001353481
p1,B,239,251,10,h15,6362485643001353481
p1,C,60,84,356,h15,6362485643001353481
p1,Non-ROH,500,0,0,h15,6362485643001353481
p2,A,500,0,0,h15,6362485643001353481
p2,B,410,90,0,h15,6362485643001353481
p2,C,37,76,387,h15,6362485643001353481
p2,Non-ROH,500,0,0,h15,6362485643001353481
p3,A,500,0,0,h15,6362485643001353481
p3,B,453,47,0,h15,6362485643001353481
p3,C,36,86,378,h15,6362485643001353481
p3,Non-ROH,500,0,0,h15,6362485643001353481
p1,A,498,2,0,h15,6375498456382980110
p1,B,236,244,20,h15,6375498456382980110
p1,C,45,67,388,h15,6375498456382980110
p1,Non-ROH,500,0,0,h15,6375498456382980110
p2,A,500,0,0,h15,6375498456382980110
p2,B,384,116,0,h15,6375498456382980110
p2,C,41,137,322,h15,6375498456382980110
p2,Non-ROH,500,0,0,h15,6375498456382980110
p3,A,500,0,0,h15,6375498456382980110
p3,B,459,41,0,h15,6375498456382980110
p3,C,34,101,365,h15,6375498456382980110
p3,Non-ROH,500,0,0,h15,6375498456382980110
p1,A,500,0,0,h15,6417201083178633430
p1,B,174,312,14,h15,6417201083178633430
p1,C,33,80,387,h15,6417201083178633430
p1,Non-ROH,500,0,0,h15,6417201083178633430
p2,A,500,0,0,h15,6417201083178633430
p2,B,362,138,0,h15,6417201083178633430
p2,C,33,99,368,h15,6417201083178633430
p2,Non-ROH,500,0,0,h15,6417201083178633430
p3,A,500,0,0,h15,6417201083178633430
p3,B,422,78,0,h15,6417201083178633430
p3,C,41,114,345,h15,6417201083178633430
p3,Non-ROH,500,0,0,h15,6417201083178633430
p1,A,499,1,0,h15,6422960326497052213
p1,B,205,276,19,h15,6422960326497052213
p1,C,53,65,382,h15,6422960326497052213
p1,Non-ROH,500,0,0,h15,6422960326497052213
p2,A,500,0,0,h15,6422960326497052213
p2,B,400,100,0,h15,6422960326497052213
p2,C,46,89,365,h15,6422960326497052213
p2,Non-ROH,500,0,0,h15,6422960326497052213
p3,A,500,0,0,h15,6422960326497052213
p3,B,453,47,0,h15,6422960326497052213
p3,C,46,96,358,h15,6422960326497052213
p3,Non-ROH,500,0,0,h15,6422960326497052213
p1,A,500,0,0,h15,6424923358895676157
p1,B,259,223,18,h15,6424923358895676157
p1,C,62,76,362,h15,6424923358895676157
p1,Non-ROH,500,0,0,h15,6424923358895676157
p2,A,500,0,0,h15,6424923358895676157
p2,B,422,78,0,h15,6424923358895676157
p2,C,47,99,354,h15,6424923358895676157
p2,Non-ROH,500,0,0,h15,6424923358895676157
p3,A,500,0,0,h15,6424923358895676157
p3,B,468,32,0,h15,6424923358895676157
p3,C,53,82,365,h15,6424923358895676157
p3,Non-ROH,500,0,0,h15,6424923358895676157
p1,A,499,1,0,h15,6425060295019774017
p1,B,249,243,8,h15,6425060295019774017
p1,C,65,69,366,h15,6425060295019774017
p1,Non-ROH,500,0,0,h15,6425060295019774017
p2,A,500,0,0,h15,6425060295019774017
p2,B,398,102,0,h15,6425060295019774017
p2,C,59,82,359,h15,6425060295019774017
p2,Non-ROH,500,0,0,h15,6425060295019774017
p3,A,500,0,0,h15,6425060295019774017
p3,B,442,58,0,h15,6425060295019774017
p3,C,51,66,383,h15,6425060295019774017
p3,Non-ROH,500,0,0,h15,6425060295019774017
p1,A,499,1,0,h15,6425373374338483305
p1,B,217,266,17,h15,6425373374338483305
p1,C,51,93,356,h15,6425373374338483305
p1,Non-ROH,500,0,0,h15,6425373374338483305
p2,A,500,0,0,h15,6425373374338483305
p2,B,386,114,0,h15,6425373374338483305
p2,C,38,113,349,h15,6425373374338483305
p2,Non-ROH,500,0,0,h15,6425373374338483305
p3,A,500,0,0,h15,6425373374338483305
p3,B,446,54,0,h15,6425373374338483305
p3,C,25,196,279,h15,6425373374338483305
p3,Non-ROH,500,0,0,h15,6425373374338483305
p1,A,498,2,0,h15,6433094499030947771
p1,B,202,282,16,h15,6433094499030947771
p1,C,57,62,381,h15,6433094499030947771
p1,Non-ROH,500,0,0,h15,6433094499030947771
p2,A,500,0,0,h15,6433094499030947771
p2,B,399,101,0,h15,6433094499030947771
p2,C,41,112,347,h15,6433094499030947771
p2,Non-ROH,500,0,0,h15,6433094499030947771
p3,A,500,0,0,h15,6433094499030947771
p3,B,445,55,0,h15,6433094499030947771
p3,C,37,106,357,h15,6433094499030947771
p3,Non-ROH,500,0,0,h15,6433094499030947771
p1,A,499,1,0,h15,6464373379777636295
p1,B,181,303,16,h15,6464373379777636295
p1,C,67,77,356,h15,6464373379777636295
p1,Non-ROH,500,0,0,h15,6464373379777636295
p2,A,500,0,0,h15,6464373379777636295
p2,B,382,118,0,h15,6464373379777636295
p2,C,28,137,335,h15,6464373379777636295
p2,Non-ROH,500,0,0,h15,6464373379777636295
p3,A,500,0,0,h15,6464373379777636295
p3,B,436,64,0,h15,6464373379777636295
p3,C,40,94,366,h15,6464373379777636295
p3,Non-ROH,500,0,0,h15,6464373379777636295
p1,A,500,0,0,h15,6468969298656418235
p1,B,266,219,15,h15,6468969298656418235
p1,C,69,64,367,h15,6468969298656418235
p1,Non-ROH,500,0,0,h15,6468969298656418235
p2,A,500,0,0,h15,6468969298656418235
p2,B,415,85,0,h15,6468969298656418235
p2,C,52,76,372,h15,6468969298656418235
p2,Non-ROH,500,0,0,h15,6468969298656418235
p3,A,500,0,0,h15,6468969298656418235
p3,B,467,33,0,h15,6468969298656418235
p3,C,29,120,351,h15,6468969298656418235
p3,Non-ROH,500,0,0,h15,6468969298656418235
p1,A,500,0,0,h15,6487732823909670120
p1,B,180,311,9,h15,6487732823909670120
p1,C,55,85,360,h15,6487732823909670120
p1,Non-ROH,500,0,0,h15,6487732823909670120
p2,A,500,0,0,h15,6487732823909670120
p2,B,414,86,0,h15,6487732823909670120
p2,C,28,111,361,h15,6487732823909670120
p2,Non-ROH,500,0,0,h15,6487732823909670120
p3,A,500,0,0,h15,6487732823909670120
p3,B,439,61,0,h15,6487732823909670120
p3,C,22,90,388,h15,6487732823909670120
p3,Non-ROH,500,0,0,h15,6487732823909670120
p1,A,500,0,0,h15,6494718706399614061
p1,B,209,278,13,h15,6494718706399614061
p1,C,58,86,356,h15,6494718706399614061
p1,Non-ROH,500,0,0,h15,6494718706399614061
p2,A,500,0,0,h15,6494718706399614061
p2,B,428,72,0,h15,6494718706399614061
p2,C,38,89,373,h15,6494718706399614061
p2,Non-ROH,500,0,0,h15,6494718706399614061
p3,A,500,0,0,h15,6494718706399614061
p3,B,442,58,0,h15,6494718706399614061
p3,C,33,106,361,h15,6494718706399614061
p3,Non-ROH,500,0,0,h15,6494718706399614061
p1,A,500,0,0,h15,6498591253946398179
p1,B,222,268,10,h15,6498591253946398179
p1,C,51,79,370,h15,6498591253946398179
p1,Non-ROH,500,0,0,h15,6498591253946398179
p2,A,500,0,0,h15,6498591253946398179
p2,B,416,84,0,h15,6498591253946398179
p2,C,43,131,326,h15,6498591253946398179
p2,Non-ROH,500,0,0,h15,6498591253946398179
p3,A,500,0,0,h15,6498591253946398179
p3,B,458,42,0,h15,6498591253946398179
p3,C,43,103,354,h15,6498591253946398179
p3,Non-ROH,500,0,0,h15,6498591253946398179
p1,A,499,1,0,h15,6521665575399611206
p1,B,253,237,10,h15,6521665575399611206
p1,C,54,61,385,h15,6521665575399611206
p1,Non-ROH,500,0,0,h15,6521665575399611206
p2,A,500,0,0,h15,6521665575399611206
p2,B,417,83,0,h15,6521665575399611206
p2,C,39,98,363,h15,6521665575399611206
p2,Non-ROH,500,0,0,h15,6521665575399611206
p3,A,500,0,0,h15,6521665575399611206
p3,B,447,53,0,h15,6521665575399611206
p3,C,16,110,374,h15,6521665575399611206
p3,Non-ROH,500,0,0,h15,6521665575399611206
p1,A,500,0,0,h15,6544570578851145560
p1,B,210,280,10,h15,6544570578851145560
p1,C,60,84,356,h15,6544570578851145560
p1,Non-ROH,500,0,0,h15,6544570578851145560
p2,A,500,0,0,h15,6544570578851145560
p2,B,380,120,0,h15,6544570578851145560
p2,C,33,79,388,h15,6544570578851145560
p2,Non-ROH,500,0,0,h15,6544570578851145560
p3,A,500,0,0,h15,6544570578851145560
p3,B,421,79,0,h15,6544570578851145560
p3,C,37,91,372,h15,6544570578851145560
p3,Non-ROH,500,0,0,h15,6544570578851145560
p1,A,500,0,0,h15,6596881212727510816
p1,B,208,274,18,h15,6596881212727510816
p1,C,59,67,374,h15,6596881212727510816
p1,Non-ROH,500,0,0,h15,6596881212727510816
p2,A,500,0,0,h15,6596881212727510816
p2,B,379,121,0,h15,6596881212727510816
p2,C,46,79,375,h15,6596881212727510816
p2,Non-ROH,500,0,0,h15,6596881212727510816
p3,A,500,0,0,h15,6596881212727510816
p3,B,457,43,0,h15,6596881212727510816
p3,C,41,99,360,h15,6596881212727510816
p3,Non-ROH,500,0,0,h15,6596881212727510816
p1,A,500,0,0,h15,6608529615505652811
p1,B,238,250,12,h15,6608529615505652811
p1,C,66,63,371,h15,6608529615505652811
p1,Non-ROH,500,0,0,h15,6608529615505652811
p2,A,500,0,0,h15,6608529615505652811
p2,B,437,63,0,h15,6608529615505652811
p2,C,33,124,343,h15,6608529615505652811
p2,Non-ROH,500,0,0,h15,6608529615505652811
p3,A,500,0,0,h15,6608529615505652811
p3,B,468,32,0,h15,6608529615505652811
p3,C,28,83,389,h15,6608529615505652811
p3,Non-ROH,500,0,0,h15,6608529615505652811
p1,A,497,3,0,h15,6609783789269664025
p1,B,196,288,16,h15,6609783789269664025
p1,C,42,87,371,h15,6609783789269664025
p1,Non-ROH,500,0,0,h15,6609783789269664025
p2,A,500,0,0,h15,6609783789269664025
p2,B,332,168,0,h15,6609783789269664025
p2,C,30,112,358,h15,6609783789269664025
p2,Non-ROH,500,0,0,h15,6609783789269664025
p3,A,500,0,0,h15,6609783789269664025
p3,B,419,81,0,h15,6609783789269664025
p3,C,28,107,365,h15,6609783789269664025
p3,Non-ROH,500,0,0,h15,6609783789269664025
p1,A,499,1,0,h15,6618761588452574356
p1,B,218,271,11,h15,6618761588452574356
p1,C,62,60,378,h15,6618761588452574356
p1,Non-ROH,500,0,0,h15,6618761588452574356
p2,A,500,0,0,h15,6618761588452574356
p2,B,390,110,0,h15,6618761588452574356
p2,C,38,91,371,h15,6618761588452574356
p2,Non-ROH,500,0,0,h15,6618761588452574356
p3,A,500,0,0,h15,6618761588452574356
p3,B,439,61,0,h15,6618761588452574356
p3,C,36,131,333,h15,6618761588452574356
p3,Non-ROH,500,0,0,h15,6618761588452574356
p1,A,500,0,0,h15,6626503121313301612
p1,B,189,294,17,h15,6626503121313301612
p1,C,46,81,373,h15,6626503121313301612
p1,Non-ROH,500,0,0,h15,6626503121313301612
p2,A,500,0,0,h15,6626503121313301612
p2,B,360,140,0,h15,6626503121313301612
p2,C,48,104,348,h15,6626503121313301612
p2,Non-ROH,500,0,0,h15,6626503121313301612
p3,A,500,0,0,h15,6626503121313301612
p3,B,416,84,0,h15,6626503121313301612
p3,C,47,90,363,h15,6626503121313301612
p3,Non-ROH,500,0,0,h15,6626503121313301612
p1,A,500,0,0,h15,66511524552367599
p1,B,226,256,18,h15,66511524552367599
p1,C,55,85,360,h15,66511524552367599
p1,Non-ROH,500,0,0,h15,66511524552367599
p2,A,500,0,0,h15,66511524552367599
p2,B,423,77,0,h15,66511524552367599
p2,C,50,152,298,h15,66511524552367599
p2,Non-ROH,500,0,0,h15,66511524552367599
p3,A,500,0,0,h15,66511524552367599
p3,B,459,41,0,h15,66511524552367599
p3,C,40,181,279,h15,66511524552367599
p3,Non-ROH,500,0,0,h15,66511524552367599
p1,A,500,0,0,h15,6671142463421142138
p1,B,238,248,14,h15,6671142463421142138
p1,C,59,81,360,h15,6671142463421142138
p1,Non-ROH,500,0,0,h15,6671142463421142138
p2,A,500,0,0,h15,6671142463421142138
p2,B,398,102,0,h15,6671142463421142138
p2,C,44,146,310,h15,6671142463421142138
p2,Non-ROH,500,0,0,h15,6671142463421142138
p3,A,500,0,0,h15,6671142463421142138
p3,B,443,57,0,h15,6671142463421142138
p3,C,39,91,370,h15,6671142463421142138
p3,Non-ROH,500,0,0,h15,6671142463421142138
p1,A,500,0,0,h15,6681190555222191587
p1,B,237,245,18,h15,6681190555222191587
p1,C,76,66,358,h15,6681190555222191587
p1,Non-ROH,500,0,0,h15,6681190555222191587
p2,A,500,0,0,h15,6681190555222191587
p2,B,391,109,0,h15,6681190555222191587
p2,C,58,81,361,h15,6681190555222191587
p2,Non-ROH,500,0,0,h15,6681190555222191587
p3,A,500,0,0,h15,6681190555222191587
p3,B,446,54,0,h15,6681190555222191587
p3,C,83,73,344,h15,6681190555222191587
p3,Non-ROH,500,0,0,h15,6681190555222191587
p1,A,500,0,0,h15,6683639126572397740
p1,B,262,231,7,h15,6683639126572397740
p1,C,70,85,345,h15,6683639126572397740
p1,Non-ROH,500,0,0,h15,6683639126572397740
p2,A,500,0,0,h15,6683639126572397740
p2,B,424,76,0,h15,6683639126572397740
p2,C,39,83,378,h15,6683639126572397740
p2,Non-ROH,500,0,0,h15,6683639126572397740
p3,A,500,0,0,h15,6683639126572397740
p3,B,456,44,0,h15,6683639126572397740
p3,C,38,86,376,h15,6683639126572397740
p3,Non-ROH,500,0,0,h15,6683639126572397740
p1,A,499,1,0,h15,6693586155008337859
p1,B,273,218,9,h15,6693586155008337859
p1,C,48,91,361,h15,6693586155008337859
p1,Non-ROH,500,0,0,h15,6693586155008337859
p2,A,500,0,0,h15,6693586155008337859
p2,B,416,84,0,h15,6693586155008337859
p2,C,35,82,383,h15,6693586155008337859
p2,Non-ROH,500,0,0,h15,6693586155008337859
p3,A,500,0,0,h15,6693586155008337859
p3,B,449,51,0,h15,6693586155008337859
p3,C,31,141,328,h15,6693586155008337859
p3,Non-ROH,500,0,0,h15,6693586155008337859
p1,A,499,1,0,h15,6701412403470712476
p1,B,227,264,9,h15,6701412403470712476
p1,C,58,73,369,h15,6701412403470712476
p1,Non-ROH,500,0,0,h15,6701412403470712476
p2,A,500,0,0,h15,6701412403470712476
p2,B,415,85,0,h15,6701412403470712476
p2,C,71,70,359,h15,6701412403470712476
p2,Non-ROH,500,0,0,h15,6701412403470712476
p3,A,500,0,0,h15,6701412403470712476
p3,B,440,60,0,h15,6701412403470712476
p3,C,46,80,374,h15,6701412403470712476
p3,Non-ROH,500,0,0,h15,6701412403470712476
p1,A,500,0,0,h15,6723479145157670605
p1,B,266,224,10,h15,6723479145157670605
p1,C,67,71,362,h15,6723479145157670605
p1,Non-ROH,500,0,0,h15,6723479145157670605
p2,A,500,0,0,h15,6723479145157670605
p2,B,398,102,0,h15,6723479145157670605
p2,C,30,121,349,h15,6723479145157670605
p2,Non-ROH,500,0,0,h15,6723479145157670605
p3,A,500,0,0,h15,6723479145157670605
p3,B,471,29,0,h15,6723479145157670605
p3,C,31,150,319,h15,6723479145157670605
p3,Non-ROH,500,0,0,h15,6723479145157670605
p1,A,500,0,0,h15,6731595582749628107
p1,B,212,269,19,h15,6731595582749628107
p1,C,58,77,365,h15,6731595582749628107
p1,Non-ROH,500,0,0,h15,6731595582749628107
p2,A,500,0,0,h15,6731595582749628107
p2,B,411,89,0,h15,6731595582749628107
p2,C,41,131,328,h15,6731595582749628107
p2,Non-ROH,500,0,0,h15,6731595582749628107
p3,A,500,0,0,h15,6731595582749628107
p3,B,454,46,0,h15,6731595582749628107
p3,C,31,77,392,h15,6731595582749628107
p3,Non-ROH,500,0,0,h15,6731595582749628107
p1,A,500,0,0,h15,6754055487384851385
p1,B,244,238,18,h15,6754055487384851385
p1,C,51,80,369,h15,6754055487384851385
p1,Non-ROH,500,0,0,h15,6754055487384851385
p2,A,500,0,0,h15,6754055487384851385
p2,B,442,58,0,h15,6754055487384851385
p2,C,50,76,374,h15,6754055487384851385
p2,Non-ROH,500,0,0,h15,6754055487384851385
p3,A,500,0,0,h15,6754055487384851385
p3,B,465,35,0,h15,6754055487384851385
p3,C,45,74,381,h15,6754055487384851385
p3,Non-ROH,500,0,0,h15,6754055487384851385
p1,A,498,2,0,h15,6757735887055752560
p1,B,196,285,19,h15,6757735887055752560
p1,C,62,71,367,h15,6757735887055752560
p1,Non-ROH,500,0,0,h15,6757735887055752560
p2,A,500,0,0,h15,6757735887055752560
p2,B,382,118,0,h15,6757735887055752560
p2,C,62,58,380,h15,6757735887055752560
p2,Non-ROH,500,0,0,h15,6757735887055752560
p3,A,500,0,0,h15,6757735887055752560
p3,B,431,69,0,h15,6757735887055752560
p3,C,86,49,365,h15,6757735887055752560
p3,Non-ROH,500,0,0,h15,6757735887055752560
p1,A,500,0,0,h15,6801759953362451968
p1,B,217,271,12,h15,6801759953362451968
p1,C,49,66,385,h15,6801759953362451968
p1,Non-ROH,500,0,0,h15,6801759953362451968
p2,A,500,0,0,h15,6801759953362451968
p2,B,395,105,0,h15,6801759953362451968
p2,C,51,78,371,h15,6801759953362451968
p2,Non-ROH,500,0,0,h15,6801759953362451968
p3,A,500,0,0,h15,6801759953362451968
p3,B,437,63,0,h15,6801759953362451968
p3,C,39,68,393,h15,6801759953362451968
p3,Non-ROH,500,0,0,h15,6801759953362451968
p1,A,499,1,0,h15,6807489115077662936
p1,B,190,298,12,h15,6807489115077662936
p1,C,50,76,374,h15,6807489115077662936
p1,Non-ROH,500,0,0,h15,6807489115077662936
p2,A,500,0,0,h15,6807489115077662936
p2,B,380,120,0,h15,6807489115077662936
p2,C,37,98,365,h15,6807489115077662936
p2,Non-ROH,500,0,0,h15,6807489115077662936
p3,A,500,0,0,h15,6807489115077662936
p3,B,427,73,0,h15,6807489115077662936
p3,C,29,101,370,h15,6807489115077662936
p3,Non-ROH,500,0,0,h15,6807489115077662936
p1,A,499,1,0,h15,6808079569569324809
p1,B,209,277,14,h15,6808079569569324809
p1,C,51,79,370,h15,6808079569569324809
p1,Non-ROH,500,0,0,h15,6808079569569324809
p2,A,500,0,0,h15,6808079569569324809
p2,B,406,94,0,h15,6808079569569324809
p2,C,40,102,358,h15,6808079569569324809
p2,Non-ROH,500,0,0,h15,6808079569569324809
p3,A,500,0,0,h15,6808079569569324809
p3,B,434,66,0,h15,6808079569569324809
p3,C,31,111,358,h15,6808079569569324809
p3,Non-ROH,500,0,0,h15,6808079569569324809
p1,A,499,1,0,h15,6828338887600595644
p1,B,240,248,12,h15,6828338887600595644
p1,C,67,68,365,h15,6828338887600595644
p1,Non-ROH,500,0,0,h15,6828338887600595644
p2,A,500,0,0,h15,6828338887600595644
p2,B,418,82,0,h15,6828338887600595644
p2,C,41,97,362,h15,6828338887600595644
p2,Non-ROH,500,0,0,h15,6828338887600595644
p3,A,500,0,0,h15,6828338887600595644
p3,B,472,28,0,h15,6828338887600595644
p3,C,41,109,350,h15,6828338887600595644
p3,Non-ROH,500,0,0,h15,6828338887600595644
p1,A,500,0,0,h15,6830195982348892531
p1,B,199,291,10,h15,6830195982348892531
p1,C,38,90,372,h15,6830195982348892531
p1,Non-ROH,500,0,0,h15,6830195982348892531
p2,A,500,0,0,h15,6830195982348892531
p2,B,419,81,0,h15,6830195982348892531
p2,C,43,93,364,h15,6830195982348892531
p2,Non-ROH,500,0,0,h15,6830195982348892531
p3,A,500,0,0,h15,6830195982348892531
p3,B,433,67,0,h15,6830195982348892531
p3,C,39,157,304,h15,6830195982348892531
p3,Non-ROH,500,0,0,h15,6830195982348892531
p1,A,499,1,0,h15,683857566333620812
p1,B,220,268,12,h15,683857566333620812
p1,C,55,73,372,h15,683857566333620812
p1,Non-ROH,500,0,0,h15,683857566333620812
p2,A,500,0,0,h15,683857566333620812
p2,B,433,67,0,h15,683857566333620812
p2,C,70,47,383,h15,683857566333620812
p2,Non-ROH,500,0,0,h15,683857566333620812
p3,A,500,0,0,h15,683857566333620812
p3,B,458,42,0,h15,683857566333620812
p3,C,88,97,315,h15,683857566333620812
p3,Non-ROH,500,0,0,h15,683857566333620812
p1,A,499,1,0,h15,6857711081268771280
p1,B,217,269,14,h15,6857711081268771280
p1,C,56,66,378,h15,6857711081268771280
p1,Non-ROH,500,0,0,h15,6857711081268771280
p2,A,500,0,0,h15,6857711081268771280
p2,B,420,80,0,h15,6857711081268771280
p2,C,63,81,356,h15,6857711081268771280
p2,Non-ROH,500,0,0,h15,6857711081268771280
p3,A,500,0,0,h15,6857711081268771280
p3,B,438,62,0,h15,6857711081268771280
p3,C,37,108,355,h15,6857711081268771280
p3,Non-ROH,500,0,0,h15,6857711081268771280
p1,A,500,0,0,h15,6904805246266380660
p1,B,191,296,13,h15,6904805246266380660
p1,C,45,110,345,h15,6904805246266380660
p1,Non-ROH,500,0,0,h15,6904805246266380660
p2,A,500,0,0,h15,6904805246266380660
p2,B,366,134,0,h15,6904805246266380660
p2,C,36,78,386,h15,6904805246266380660
p2,Non-ROH,500,0,0,h15,6904805246266380660
p3,A,500,0,0,h15,6904805246266380660
p3,B,421,79,0,h15,6904805246266380660
p3,C,31,103,366,h15,6904805246266380660
p3,Non-ROH,500,0,0,h15,6904805246266380660
p1,A,499,1,0,h15,695766727732247283
p1,B,204,281,15,h15,695766727732247283
p1,C,48,81,371,h15,695766727732247283
p1,Non-ROH,500,0,0,h15,695766727732247283
p2,A,500,0,0,h15,695766727732247283
p2,B,412,88,0,h15,695766727732247283
p2,C,37,81,382,h15,695766727732247283
p2,Non-ROH,500,0,0,h15,695766727732247283
p3,A,500,0,0,h15,695766727732247283
p3,B,438,62,0,h15,695766727732247283
p3,C,45,102,353,h15,695766727732247283
p3,Non-ROH,500,0,0,h15,695766727732247283
p1,A,499,1,0,h15,6972747097165889267
p1,B,242,245,13,h15,6972747097165889267
p1,C,57,64,379,h15,6972747097165889267
p1,Non-ROH,500,0,0,h15,6972747097165889267
p2,A,500,0,0,h15,6972747097165889267
p2,B,436,64,0,h15,6972747097165889267
p2,C,49,112,339,h15,6972747097165889267
p2,Non-ROH,500,0,0,h15,6972747097165889267
p3,A,500,0,0,h15,6972747097165889267
p3,B,467,33,0,h15,6972747097165889267
p3,C,42,82,376,h15,6972747097165889267
p3,Non-ROH,500,0,0,h15,6972747097165889267
p1,A,498,2,0,h15,6995681574380452064
p1,B,178,311,11,h15,6995681574380452064
p1,C,53,69,378,h15,6995681574380452064
p1,Non-ROH,500,0,0,h15,6995681574380452064
p2,A,500,0,0,h15,6995681574380452064
p2,B,365,135,0,h15,6995681574380452064
p2,C,33,112,355,h15,6995681574380452064
p2,Non-ROH,500,0,0,h15,6995681574380452064
p3,A,500,0,0,h15,6995681574380452064
p3,B,419,81,0,h15,6995681574380452064
p3,C,27,115,358,h15,6995681574380452064
p3,Non-ROH,500,0,0,h15,6995681574380452064
p1,A,499,1,0,h15,7038144662655171417
p1,B,241,245,14,h15,7038144662655171417
p1,C,50,79,371,h15,7038144662655171417
p1,Non-ROH,500,0,0,h15,7038144662655171417
p2,A,500,0,0,h15,7038144662655171417
p2,B,420,80,0,h15,7038144662655171417
p2,C,28,106,366,h15,7038144662655171417
p2,Non-ROH,500,0,0,h15,7038144662655171417
p3,A,500,0,0,h15,7038144662655171417
p3,B,455,45,0,h15,7038144662655171417
p3,C,30,156,314,h15,7038144662655171417
p3,Non-ROH,500,0,0,h15,7038144662655171417
p1,A,499,1,0,h15,7052568082479059503
p1,B,204,284,12,h15,7052568082479059503
p1,C,59,76,365,h15,7052568082479059503
p1,Non-ROH,500,0,0,h15,7052568082479059503
p2,A,500,0,0,h15,7052568082479059503
p2,B,403,97,0,h15,7052568082479059503
p2,C,36,125,339,h15,7052568082479059503
p2,Non-ROH,500,0,0,h15,7052568082479059503
p3,A,500,0,0,h15,7052568082479059503
p3,B,456,44,0,h15,7052568082479059503
p3,C,43,81,376,h15,7052568082479059503
p3,Non-ROH,500,0,0,h15,7052568082479059503
p1,A,500,0,0,h15,7088838485061248294
p1,B,252,231,17,h15,7088838485061248294
p1,C,46,69,385,h15,7088838485061248294
p1,Non-ROH,500,0,0,h15,7088838485061248294
p2,A,500,0,0,h15,7088838485061248294
p2,B,415,85,0,h15,7088838485061248294
p2,C,38,90,372,h15,7088838485061248294
p2,Non-ROH,500,0,0,h15,7088838485061248294
p3,A,500,0,0,h15,7088838485061248294
p3,B,465,35,0,h15,7088838485061248294
p3,C,40,94,366,h15,7088838485061248294
p3,Non-ROH,500,0,0,h15,7088838485061248294
p1,A,499,1,0,h15,7119493320198880977
p1,B,229,259,12,h15,7119493320198880977
p1,C,66,90,344,h15,7119493320198880977
p1,Non-ROH,500,0,0,h15,7119493320198880977
p2,A,500,0,0,h15,7119493320198880977
p2,B,407,93,0,h15,7119493320198880977
p2,C,58,62,380,h15,7119493320198880977
p2,Non-ROH,500,0,0,h15,7119493320198880977
p3,A,500,0,0,h15,7119493320198880977
p3,B,455,45,0,h15,7119493320198880977
p3,C,61,81,358,h15,7119493320198880977
p3,Non-ROH,500,0,0,h15,7119493320198880977
p1,A,500,0,0,h15,712145610015172821
p1,B,241,240,19,h15,712145610015172821
p1,C,48,80,372,h15,712145610015172821
p1,Non-ROH,500,0,0,h15,712145610015172821
p2,A,500,0,0,h15,712145610015172821
p2,B,426,74,0,h15,712145610015172821
p2,C,32,84,384,h15,712145610015172821
p2,Non-ROH,500,0,0,h15,712145610015172821
p3,A,500,0,0,h15,712145610015172821
p3,B,463,37,0,h15,712145610015172821
p3,C,30,93,377,h15,712145610015172821
p3,Non-ROH,500,0,0,h15,712145610015172821
p1,A,500,0,0,h15,7156781972649272396
p1,B,227,260,13,h15,7156781972649272396
p1,C,65,58,377,h15,7156781972649272396
p1,Non-ROH,500,0,0,h15,7156781972649272396
p2,A,500,0,0,h15,7156781972649272396
p2,B,406,94,0,h15,7156781972649272396
p2,C,41,93,366,h15,7156781972649272396
p2,Non-ROH,500,0,0,h15,7156781972649272396
p3,A,500,0,0,h15,7156781972649272396
p3,B,451,49,0,h15,7156781972649272396
p3,C,43,94,363,h15,7156781972649272396
p3,Non-ROH,500,0,0,h15,7156781972649272396
p1,A,500,0,0,h15,71600715178410263
p1,B,224,260,16,h15,71600715178410263
p1,C,54,71,375,h15,71600715178410263
p1,Non-ROH,500,0,0,h15,71600715178410263
p2,A,500,0,0,h15,71600715178410263
p2,B,402,98,0,h15,71600715178410263
p2,C,59,130,311,h15,71600715178410263
p2,Non-ROH,500,0,0,h15,71600715178410263
p3,A,500,0,0,h15,71600715178410263
p3,B,455,45,0,h15,71600715178410263
p3,C,36,148,316,h15,71600715178410263
p3,Non-ROH,500,0,0,h15,71600715178410263
p1,A,500,0,0,h15,7171008552869802306
p1,B,225,261,14,h15,7171008552869802306
p1,C,101,42,357,h15,7171008552869802306
p1,Non-ROH,500,0,0,h15,7171008552869802306
p2,A,500,0,0,h15,7171008552869802306
p2,B,411,89,0,h15,7171008552869802306
p2,C,98,38,364,h15,7171008552869802306
p2,Non-ROH,500,0,0,h15,7171008552869802306
p3,A,500,0,0,h15,7171008552869802306
p3,B,452,48,0,h15,7171008552869802306
p3,C,112,39,349,h15,7171008552869802306
p3,Non-ROH,500,0,0,h15,7171008552869802306
p1,A,500,0,0,h15,7232301890056186225
p1,B,209,286,5,h15,7232301890056186225
p1,C,61,74,365,h15,7232301890056186225
p1,Non-ROH,500,0,0,h15,7232301890056186225
p2,A,500,0,0,h15,7232301890056186225
p2,B,403,97,0,h15,7232301890056186225
p2,C,37,116,347,h15,7232301890056186225
p2,Non-ROH,500,0,0,h15,7232301890056186225
p3,A,500,0,0,h15,7232301890056186225
p3,B,444,56,0,h15,7232301890056186225
p3,C,39,166,295,h15,7232301890056186225
p3,Non-ROH,500,0,0,h15,7232301890056186225
p1,A,498,2,0,h15,7239765862964070588
p1,B,240,246,14,h15,7239765862964070588
p1,C,66,58,376,h15,7239765862964070588
p1,Non-ROH,500,0,0,h15,7239765862964070588
p2,A,500,0,0,h15,7239765862964070588
p2,B,390,110,0,h15,7239765862964070588
p2,C,43,73,384,h15,7239765862964070588
p2,Non-ROH,500,0,0,h15,7239765862964070588
p3,A,500,0,0,h15,7239765862964070588
p3,B,446,54,0,h15,7239765862964070588
p3,C,41,73,386,h15,7239765862964070588
p3,Non-ROH,500,0,0,h15,7239765862964070588
p1,A,499,1,0,h15,724826879145827905
p1,B,161,323,16,h15,724826879145827905
p1,C,50,101,349,h15,724826879145827905
p1,Non-ROH,500,0,0,h15,724826879145827905
p2,A,500,0,0,h15,724826879145827905
p2,B,377,123,0,h15,724826879145827905
p2,C,37,119,344,h15,724826879145827905
p2,Non-ROH,500,0,0,h15,724826879145827905
p3,A,500,0,0,h15,724826879145827905
p3,B,417,83,0,h15,724826879145827905
p3,C,32,110,358,h15,724826879145827905
p3,Non-ROH,500,0,0,h15,724826879145827905
p1,A,499,1,0,h15,7261623795557953603
p1,B,215,268,17,h15,7261623795557953603
p1,C,61,76,363,h15,7261623795557953603
p1,Non-ROH,500,0,0,h15,7261623795557953603
p2,A,500,0,0,h15,7261623795557953603
p2,B,395,105,0,h15,7261623795557953603
p2,C,61,79,360,h15,7261623795557953603
p2,Non-ROH,500,0,0,h15,7261623795557953603
p3,A,500,0,0,h15,7261623795557953603
p3,B,448,52,0,h15,7261623795557953603
p3,C,38,142,320,h15,7261623795557953603
p3,Non-ROH,500,0,0,h15,7261623795557953603
p1,A,499,1,0,h15,7323235365209283916
p1,B,230,253,17,h15,7323235365209283916
p1,C,42,80,378,h15,7323235365209283916
p1,Non-ROH,500,0,0,h15,7323235365209283916
p2,A,500,0,0,h15,7323235365209283916
p2,B,401,99,0,h15,7323235365209283916
p2,C,33,118,349,h15,7323235365209283916
p2,Non-ROH,500,0,0,h15,7323235365209283916
p3,A,500,0,0,h15,7323235365209283916
p3,B,455,45,0,h15,7323235365209283916
p3,C,29,94,377,h15,7323235365209283916
p3,Non-ROH,500,0,0,h15,7323235365209283916
p1,A,500,0,0,h15,7335256086282162009
p1,B,220,265,15,h15,7335256086282162009
p1,C,50,78,372,h15,7335256086282162009
p1,Non-ROH,500,0,0,h15,7335256086282162009
p2,A,500,0,0,h15,7335256086282162009
p2,B,412,88,0,h15,7335256086282162009
p2,C,48,79,373,h15,7335256086282162009
p2,Non-ROH,500,0,0,h15,7335256086282162009
p3,A,500,0,0,h15,7335256086282162009
p3,B,459,41,0,h15,7335256086282162009
p3,C,44,113,343,h15,7335256086282162009
p3,Non-ROH,500,0,0,h15,7335256086282162009
p1,A,499,1,0,h15,733534555230418810
p1,B,232,252,16,h15,733534555230418810
p1,C,53,85,362,h15,733534555230418810
p1,Non-ROH,500,0,0,h15,733534555230418810
p2,A,500,0,0,h15,733534555230418810
p2,B,400,100,0,h15,733534555230418810
p2,C,32,194,274,h15,733534555230418810
p2,Non-ROH,500,0,0,h15,733534555230418810
p3,A,500,0,0,h15,733534555230418810
p3,B,435,65,0,h15,733534555230418810
p3,C,29,163,308,h15,733534555230418810
p3,Non-ROH,500,0,0,h15,733534555230418810
p1,A,499,1,0,h15,7367185457010588292
p1,B,207,276,17,h15,7367185457010588292
p1,C,42,67,391,h15,7367185457010588292
p1,Non-ROH,500,0,0,h15,7367185457010588292
p2,A,500,0,0,h15,7367185457010588292
p2,B,406,94,0,h15,7367185457010588292
p2,C,21,75,404,h15,7367185457010588292
p2,Non-ROH,500,0,0,h15,7367185457010588292
p3,A,500,0,0,h15,7367185457010588292
p3,B,431,69,0,h15,7367185457010588292
p3,C,29,102,369,h15,7367185457010588292
p3,Non-ROH,500,0,0,h15,7367185457010588292
p1,A,500,0,0,h15,7394461256362752858
p1,B,258,229,13,h15,7394461256362752858
p1,C,67,68,365,h15,7394461256362752858
p1,Non-ROH,500,0,0,h15,7394461256362752858
p2,A,500,0,0,h15,7394461256362752858
p2,B,448,52,0,h15,7394461256362752858
p2,C,44,72,384,h15,7394461256362752858
p2,Non-ROH,500,0,0,h15,7394461256362752858
p3,A,500,0,0,h15,7394461256362752858
p3,B,460,40,0,h15,7394461256362752858
p3,C,43,80,377,h15,7394461256362752858
p3,Non-ROH,500,0,0,h15,7394461256362752858
p1,A,500,0,0,h15,7454762978727924394
p1,B,204,278,18,h15,7454762978727924394
p1,C,64,89,347,h15,7454762978727924394
p1,Non-ROH,500,0,0,h15,7454762978727924394
p2,A,500,0,0,h15,7454762978727924394
p2,B,390,110,0,h15,7454762978727924394
p2,C,44,114,342,h15,7454762978727924394
p2,Non-ROH,500,0,0,h15,7454762978727924394
p3,A,500,0,0,h15,7454762978727924394
p3,B,445,55,0,h15,7454762978727924394
p3,C,26,108,366,h15,7454762978727924394
p3,Non-ROH,500,0,0,h15,7454762978727924394
p1,A,499,1,0,h15,7456117250353113879
p1,B,190,289,21,h15,7456117250353113879
p1,C,51,93,356,h15,7456117250353113879
p1,Non-ROH,500,0,0,h15,7456117250353113879
p2,A,500,0,0,h15,7456117250353113879
p2,B,417,83,0,h15,7456117250353113879
p2,C,40,112,348,h15,7456117250353113879
p2,Non-ROH,500,0,0,h15,7456117250353113879
p3,A,500,0,0,h15,7456117250353113879
p3,B,458,42,0,h15,7456117250353113879
p3,C,44,159,297,h15,7456117250353113879
p3,Non-ROH,500,0,0,h15,7456117250353113879
p1,A,500,0,0,h15,7491631922877737273
p1,B,230,252,18,h15,7491631922877737273
p1,C,77,47,376,h15,7491631922877737273
p1,Non-ROH,500,0,0,h15,7491631922877737273
p2,A,500,0,0,h15,7491631922877737273
p2,B,411,89,0,h15,7491631922877737273
p2,C,132,20,348,h15,7491631922877737273
p2,Non-ROH,500,0,0,h15,7491631922877737273
p3,A,500,0,0,h15,7491631922877737273
p3,B,461,39,0,h15,7491631922877737273
p3,C,128,36,336,h15,7491631922877737273
p3,Non-ROH,500,0,0,h15,7491631922877737273
p1,A,496,4,0,h15,7496248756176015348
p1,B,218,271,11,h15,7496248756176015348
p1,C,51,78,371,h15,7496248756176015348
p1,Non-ROH,500,0,0,h15,7496248756176015348
p2,A,500,0,0,h15,7496248756176015348
p2,B,403,97,0,h15,7496248756176015348
p2,C,38,88,374,h15,7496248756176015348
p2,Non-ROH,500,0,0,h15,7496248756176015348
p3,A,500,0,0,h15,7496248756176015348
p3,B,436,64,0,h15,7496248756176015348
p3,C,32,109,359,h15,7496248756176015348
p3,Non-ROH,500,0,0,h15,7496248756176015348
p1,A,499,1,0,h15,7514993014906615602
p1,B,226,262,12,h15,7514993014906615602
p1,C,57,66,377,h15,7514993014906615602
p1,Non-ROH,500,0,0,h15,7514993014906615602
p2,A,500,0,0,h15,7514993014906615602
p2,B,380,120,0,h15,7514993014906615602
p2,C,38,95,367,h15,7514993014906615602
p2,Non-ROH,500,0,0,h15,7514993014906615602
p3,A,500,0,0,h15,7514993014906615602
p3,B,445,55,0,h15,7514993014906615602
p3,C,41,99,360,h15,7514993014906615602
p3,Non-ROH,500,0,0,h15,7514993014906615602
p1,A,500,0,0,h15,7533237063109245045
p1,B,232,253,15,h15,7533237063109245045
p1,C,56,80,364,h15,7533237063109245045
p1,Non-ROH,500,0,0,h15,7533237063109245045
p2,A,500,0,0,h15,7533237063109245045
p2,B,406,94,0,h15,7533237063109245045
p2,C,41,91,368,h15,7533237063109245045
p2,Non-ROH,500,0,0,h15,7533237063109245045
p3,A,500,0,0,h15,7533237063109245045
p3,B,450,50,0,h15,7533237063109245045
p3,C,52,77,371,h15,7533237063109245045
p3,Non-ROH,500,0,0,h15,7533237063109245045
p1,A,500,0,0,h15,7558690278731304880
p1,B,249,241,10,h15,7558690278731304880
p1,C,45,83,372,h15,7558690278731304880
p1,Non-ROH,500,0,0,h15,7558690278731304880
p2,A,500,0,0,h15,7558690278731304880
p2,B,436,64,0,h15,7558690278731304880
p2,C,35,85,380,h15,7558690278731304880
p2,Non-ROH,500,0,0,h15,7558690278731304880
p3,A,500,0,0,h15,7558690278731304880
p3,B,450,50,0,h15,7558690278731304880
p3,C,33,104,363,h15,7558690278731304880
p3,Non-ROH,500,0,0,h15,7558690278731304880
p1,A,498,2,0,h15,7562182122542935408
p1,B,232,257,11,h15,7562182122542935408
p1,C,57,67,376,h15,7562182122542935408
p1,Non-ROH,500,0,0,h15,7562182122542935408
p2,A,500,0,0,h15,7562182122542935408
p2,B,420,80,0,h15,7562182122542935408
p2,C,31,105,364,h15,7562182122542935408
p2,Non-ROH,500,0,0,h15,7562182122542935408
p3,A,500,0,0,h15,7562182122542935408
p3,B,455,45,0,h15,7562182122542935408
p3,C,43,125,332,h15,7562182122542935408
p3,Non-ROH,500,0,0,h15,7562182122542935408
p1,A,499,1,0,h15,7625322377469777652
p1,B,234,239,27,h15,7625322377469777652
p1,C,36,77,387,h15,7625322377469777652
p1,Non-ROH,500,0,0,h15,7625322377469777652
p2,A,500,0,0,h15,7625322377469777652
p2,B,410,90,0,h15,7625322377469777652
p2,C,35,95,370,h15,7625322377469777652
p2,Non-ROH,500,0,0,h15,7625322377469777652
p3,A,500,0,0,h15,7625322377469777652
p3,B,454,46,0,h15,7625322377469777652
p3,C,38,86,376,h15,7625322377469777652
p3,Non-ROH,500,0,0,h15,7625322377469777652
p1,A,500,0,0,h15,7625750130674229972
p1,B,226,261,13,h15,7625750130674229972
p1,C,57,66,377,h15,7625750130674229972
p1,Non-ROH,500,0,0,h15,7625750130674229972
p2,A,500,0,0,h15,7625750130674229972
p2,B,430,70,0,h15,7625750130674229972
p2,C,41,81,378,h15,7625750130674229972
p2,Non-ROH,500,0,0,h15,7625750130674229972
p3,A,500,0,0,h15,7625750130674229972
p3,B,464,36,0,h15,7625750130674229972
p3,C,34,115,351,h15,7625750130674229972
p3,Non-ROH,500,0,0,h15,7625750130674229972
p1,A,499,1,0,h15,7657396369405654976
p1,B,246,242,12,h15,7657396369405654976
p1,C,58,76,366,h15,7657396369405654976
p1,Non-ROH,500,0,0,h15,7657396369405654976
p2,A,500,0,0,h15,7657396369405654976
p2,B,416,84,0,h15,7657396369405654976
p2,C,46,80,374,h15,7657396369405654976
p2,Non-ROH,500,0,0,h15,7657396369405654976
p3,A,500,0,0,h15,7657396369405654976
p3,B,462,38,0,h15,7657396369405654976
p3,C,48,136,316,h15,7657396369405654976
p3,Non-ROH,500,0,0,h15,7657396369405654976
p1,A,497,3,0,h15,7705123963930659502
p1,B,211,277,12,h15,7705123963930659502
p1,C,64,66,370,h15,7705123963930659502
p1,Non-ROH,500,0,0,h15,7705123963930659502
p2,A,500,0,0,h15,7705123963930659502
p2,B,399,101,0,h15,7705123963930659502
p2,C,45,156,299,h15,7705123963930659502
p2,Non-ROH,500,0,0,h15,7705123963930659502
p3,A,500,0,0,h15,7705123963930659502
p3,B,430,70,0,h15,7705123963930659502
p3,C,31,133,336,h15,7705123963930659502
p3,Non-ROH,500,0,0,h15,7705123963930659502
p1,A,500,0,0,h15,7705771265987565758
p1,B,238,247,15,h15,7705771265987565758
p1,C,71,59,370,h15,7705771265987565758
p1,Non-ROH,500,0,0,h15,7705771265987565758
p2,A,500,0,0,h15,7705771265987565758
p2,B,431,69,0,h15,7705771265987565758
p2,C,53,104,343,h15,7705771265987565758
p2,Non-ROH,500,0,0,h15,7705771265987565758
p3,A,500,0,0,h15,7705771265987565758
p3,B,471,29,0,h15,7705771265987565758
p3,C,75,158,267,h15,7705771265987565758
p3,Non-ROH,500,0,0,h15,7705771265987565758
p1,A,499,1,0,h15,7730303626291410694
p1,B,245,237,18,h15,7730303626291410694
p1,C,54,77,369,h15,7730303626291410694
p1,Non-ROH,500,0,0,h15,7730303626291410694
p2,A,500,0,0,h15,7730303626291410694
p2,B,435,65,0,h15,7730303626291410694
p2,C,52,73,375,h15,7730303626291410694
p2,Non-ROH,500,0,0,h15,7730303626291410694
p3,A,500,0,0,h15,7730303626291410694
p3,B,449,51,0,h15,7730303626291410694
p3,C,39,85,376,h15,7730303626291410694
p3,Non-ROH,500,0,0,h15,7730303626291410694
p1,A,500,0,0,h15,7733088734465762078
p1,B,233,247,20,h15,7733088734465762078
p1,C,56,84,360,h15,7733088734465762078
p1,Non-ROH,500,0,0,h15,7733088734465762078
p2,A,500,0,0,h15,7733088734465762078
p2,B,388,112,0,h15,7733088734465762078
p2,C,39,138,323,h15,7733088734465762078
p2,Non-ROH,500,0,0,h15,7733088734465762078
p3,A,500,0,0,h15,7733088734465762078
p3,B,439,61,0,h15,7733088734465762078
p3,C,30,107,363,h15,7733088734465762078
p3,Non-ROH,500,0,0,h15,7733088734465762078
p1,A,500,0,0,h15,7748929081511897355
p1,B,207,281,12,h15,7748929081511897355
p1,C,49,83,368,h15,7748929081511897355
p1,Non-ROH,500,0,0,h15,7748929081511897355
p2,A,500,0,0,h15,7748929081511897355
p2,B,402,98,0,h15,7748929081511897355
p2,C,29,114,357,h15,7748929081511897355
p2,Non-ROH,500,0,0,h15,7748929081511897355
p3,A,500,0,0,h15,7748929081511897355
p3,B,406,94,0,h15,7748929081511897355
p3,C,31,135,334,h15,7748929081511897355
p3,Non-ROH,500,0,0,h15,7748929081511897355
p1,A,500,0,0,h15,7749998067191925667
p1,B,218,266,16,h15,7749998067191925667
p1,C,58,64,378,h15,7749998067191925667
p1,Non-ROH,500,0,0,h15,7749998067191925667
p2,A,500,0,0,h15,7749998067191925667
p2,B,384,116,0,h15,7749998067191925667
p2,C,39,76,385,h15,7749998067191925667
p2,Non-ROH,500,0,0,h15,7749998067191925667
p3,A,500,0,0,h15,7749998067191925667
p3,B,440,60,0,h15,7749998067191925667
p3,C,46,142,312,h15,7749998067191925667
p3,Non-ROH,500,0,0,h15,7749998067191925667
p1,A,500,0,0,h15,7750724715337055516
p1,B,241,247,12,h15,7750724715337055516
p1,C,55,89,356,h15,7750724715337055516
p1,Non-ROH,500,0,0,h15,7750724715337055516
p2,A,500,0,0,h15,7750724715337055516
p2,B,403,97,0,h15,7750724715337055516
p2,C,32,127,341,h15,7750724715337055516
p2,Non-ROH,500,0,0,h15,7750724715337055516
p3,A,500,0,0,h15,7750724715337055516
p3,B,452,48,0,h15,7750724715337055516
p3,C,31,142,327,h15,7750724715337055516
p3,Non-ROH,500,0,0,h15,7750724715337055516
p1,A,498,2,0,h15,7790819948073245409
p1,B,215,271,14,h15,7790819948073245409
p1,C,46,74,380,h15,7790819948073245409
p1,Non-ROH,500,0,0,h15,7790819948073245409
p2,A,500,0,0,h15,7790819948073245409
p2,B,394,106,0,h15,7790819948073245409
p2,C,36,126,338,h15,7790819948073245409
p2,Non-ROH,500,0,0,h15,7790819948073245409
p3,A,500,0,0,h15,7790819948073245409
p3,B,429,71,0,h15,7790819948073245409
p3,C,38,72,390,h15,7790819948073245409
p3,Non-ROH,500,0,0,h15,7790819948073245409
p1,A,498,2,0,h15,7820551957798138134
p1,B,225,259,16,h15,7820551957798138134
p1,C,49,71,380,h15,7820551957798138134
p1,Non-ROH,500,0,0,h15,7820551957798138134
p2,A,500,0,0,h15,7820551957798138134
p2,B,389,111,0,h15,7820551957798138134
p2,C,21,123,356,h15,7820551957798138134
p2,Non-ROH,500,0,0,h15,7820551957798138134
p3,A,500,0,0,h15,7820551957798138134
p3,B,434,66,0,h15,7820551957798138134
p3,C,39,104,357,h15,7820551957798138134
p3,Non-ROH,500,0,0,h15,7820551957798138134
p1,A,500,0,0,h15,7830395354094105764
p1,B,251,229,20,h15,7830395354094105764
p1,C,46,72,382,h15,7830395354094105764
p1,Non-ROH,500,0,0,h15,7830395354094105764
p2,A,500,0,0,h15,7830395354094105764
p2,B,404,96,0,h15,7830395354094105764
p2,C,31,101,368,h15,7830395354094105764
p2,Non-ROH,500,0,0,h15,7830395354094105764
p3,A,500,0,0,h15,7830395354094105764
p3,B,472,28,0,h15,7830395354094105764
p3,C,37,99,364,h15,7830395354094105764
p3,Non-ROH,500,0,0,h15,7830395354094105764
p1,A,499,1,0,h15,7837415936552562709
p1,B,206,284,10,h15,7837415936552562709
p1,C,37,75,388,h15,7837415936552562709
p1,Non-ROH,500,0,0,h15,7837415936552562709
p2,A,500,0,0,h15,7837415936552562709
p2,B,391,109,0,h15,7837415936552562709
p2,C,37,117,346,h15,7837415936552562709
p2,Non-ROH,500,0,0,h15,7837415936552562709
p3,A,500,0,0,h15,7837415936552562709
p3,B,436,64,0,h15,7837415936552562709
p3,C,24,144,332,h15,7837415936552562709
p3,Non-ROH,500,0,0,h15,7837415936552562709
p1,A,500,0,0,h15,7840276560376944293
p1,B,196,287,17,h15,7840276560376944293
p1,C,48,77,375,h15,7840276560376944293
p1,Non-ROH,500,0,0,h15,7840276560376944293
p2,A,500,0,0,h15,7840276560376944293
p2,B,382,118,0,h15,7840276560376944293
p2,C,33,81,386,h15,7840276560376944293
p2,Non-ROH,500,0,0,h15,7840276560376944293
p3,A,500,0,0,h15,7840276560376944293
p3,B,456,44,0,h15,7840276560376944293
p3,C,37,128,335,h15,7840276560376944293
p3,Non-ROH,500,0,0,h15,7840276560376944293
p1,A,499,1,0,h15,7879131363805742518
p1,B,213,273,14,h15,7879131363805742518
p1,C,52,60,388,h15,7879131363805742518
p1,Non-ROH,500,0,0,h15,7879131363805742518
p2,A,500,0,0,h15,7879131363805742518
p2,B,403,97,0,h15,7879131363805742518
p2,C,36,73,391,h15,7879131363805742518
p2,Non-ROH,500,0,0,h15,7879131363805742518
p3,A,500,0,0,h15,7879131363805742518
p3,B,448,52,0,h15,7879131363805742518
p3,C,44,96,360,h15,7879131363805742518
p3,Non-ROH,500,0,0,h15,7879131363805742518
p1,A,499,1,0,h15,788008010257152915
p1,B,224,259,17,h15,788008010257152915
p1,C,45,75,380,h15,788008010257152915
p1,Non-ROH,500,0,0,h15,788008010257152915
p2,A,500,0,0,h15,788008010257152915
p2,B,398,102,0,h15,788008010257152915
p2,C,32,103,365,h15,788008010257152915
p2,Non-ROH,500,0,0,h15,788008010257152915
p3,A,500,0,0,h15,788008010257152915
p3,B,450,50,0,h15,788008010257152915
p3,C,26,110,364,h15,788008010257152915
p3,Non-ROH,500,0,0,h15,788008010257152915
p1,A,500,0,0,h15,7887244493400589409
p1,B,217,265,18,h15,7887244493400589409
p1,C,41,78,381,h15,7887244493400589409
p1,Non-ROH,500,0,0,h15,7887244493400589409
p2,A,500,0,0,h15,7887244493400589409
p2,B,449,51,0,h15,7887244493400589409
p2,C,45,105,350,h15,7887244493400589409
p2,Non-ROH,500,0,0,h15,7887244493400589409
p3,A,500,0,0,h15,7887244493400589409
p3,B,470,30,0,h15,7887244493400589409
p3,C,36,77,387,h15,7887244493400589409
p3,Non-ROH,500,0,0,h15,7887244493400589409
p1,A,500,0,0,h15,7888605875842445248
p1,B,234,247,19,h15,7888605875842445248
p1,C,59,108,333,h15,7888605875842445248
p1,Non-ROH,500,0,0,h15,7888605875842445248
p2,A,500,0,0,h15,7888605875842445248
p2,B,410,90,0,h15,7888605875842445248
p2,C,49,133,318,h15,7888605875842445248
p2,Non-ROH,500,0,0,h15,7888605875842445248
p3,A,500,0,0,h15,7888605875842445248
p3,B,456,44,0,h15,7888605875842445248
p3,C,45,106,349,h15,7888605875842445248
p3,Non-ROH,500,0,0,h15,7888605875842445248
p1,A,499,1,0,h15,7903974492214164653
p1,B,180,307,13,h15,7903974492214164653
p1,C,44,82,374,h15,7903974492214164653
p1,Non-ROH,500,0,0,h15,7903974492214164653
p2,A,500,0,0,h15,7903974492214164653
p2,B,356,144,0,h15,7903974492214164653
p2,C,33,91,376,h15,7903974492214164653
p2,Non-ROH,500,0,0,h15,7903974492214164653
p3,A,500,0,0,h15,7903974492214164653
p3,B,400,100,0,h15,7903974492214164653
p3,C,45,98,357,h15,7903974492214164653
p3,Non-ROH,500,0,0,h15,7903974492214164653
p1,A,499,1,0,h15,7904954063587814482
p1,B,188,302,10,h15,7904954063587814482
p1,C,64,62,374,h15,7904954063587814482
p1,Non-ROH,500,0,0,h15,7904954063587814482
p2,A,500,0,0,h15,7904954063587814482
p2,B,390,110,0,h15,7904954063587814482
p2,C,93,70,337,h15,7904954063587814482
p2,Non-ROH,500,0,0,h15,7904954063587814482
p3,A,500,0,0,h15,7904954063587814482
p3,B,441,59,0,h15,7904954063587814482
p3,C,143,59,298,h15,7904954063587814482
p3,Non-ROH,500,0,0,h15,7904954063587814482
p1,A,500,0,0,h15,7930169664126857732
p1,B,205,284,11,h15,7930169664126857732
p1,C,58,65,377,h15,7930169664126857732
p1,Non-ROH,500,0,0,h15,7930169664126857732
p2,A,500,0,0,h15,7930169664126857732
p2,B,421,79,0,h15,7930169664126857732
p2,C,42,106,352,h15,7930169664126857732
p2,Non-ROH,500,0,0,h15,7930169664126857732
p3,A,500,0,0,h15,7930169664126857732
p3,B,456,44,0,h15,7930169664126857732
p3,C,32,132,336,h15,7930169664126857732
p3,Non-ROH,500,0,0,h15,7930169664126857732
p1,A,500,0,0,h15,796495771803747403
p1,B,229,251,20,h15,796495771803747403
p1,C,57,60,383,h15,796495771803747403
p1,Non-ROH,500,0,0,h15,796495771803747403
p2,A,500,0,0,h15,796495771803747403
p2,B,416,84,0,h15,796495771803747403
p2,C,54,95,351,h15,796495771803747403
p2,Non-ROH,500,0,0,h15,796495771803747403
p3,A,500,0,0,h15,796495771803747403
p3,B,452,48,0,h15,796495771803747403
p3,C,44,134,322,h15,796495771803747403
p3,Non-ROH,500,0,0,h15,796495771803747403
p1,A,500,0,0,h15,7979329453763278767
p1,B,218,272,10,h15,7979329453763278767
p1,C,44,75,381,h15,7979329453763278767
p1,Non-ROH,500,0,0,h15,7979329453763278767
p2,A,500,0,0,h15,7979329453763278767
p2,B,406,94,0,h15,7979329453763278767
p2,C,36,93,371,h15,7979329453763278767
p2,Non-ROH,500,0,0,h15,7979329453763278767
p3,A,500,0,0,h15,7979329453763278767
p3,B,454,46,0,h15,7979329453763278767
p3,C,29,101,370,h15,7979329453763278767
p3,Non-ROH,500,0,0,h15,7979329453763278767
p1,A,500,0,0,h15,8004382113967605042
p1,B,238,244,18,h15,8004382113967605042
p1,C,53,55,392,h15,8004382113967605042
p1,Non-ROH,500,0,0,h15,8004382113967605042
p2,A,500,0,0,h15,8004382113967605042
p2,B,414,86,0,h15,8004382113967605042
p2,C,42,99,359,h15,8004382113967605042
p2,Non-ROH,500,0,0,h15,8004382113967605042
p3,A,500,0,0,h15,8004382113967605042
p3,B,458,42,0,h15,8004382113967605042
p3,C,35,115,350,h15,8004382113967605042
p3,Non-ROH,500,0,0,h15,8004382113967605042
p1,A,500,0,0,h15,8009586604051798517
p1,B,248,244,8,h15,8009586604051798517
p1,C,56,81,363,h15,8009586604051798517
p1,Non-ROH,500,0,0,h15,8009586604051798517
p2,A,500,0,0,h15,8009586604051798517
p2,B,439,61,0,h15,8009586604051798517
p2,C,42,55,403,h15,8009586604051798517
p2,Non-ROH,500,0,0,h15,8009586604051798517
p3,A,500,0,0,h15,8009586604051798517
p3,B,459,41,0,h15,8009586604051798517
p3,C,40,152,308,h15,8009586604051798517
p3,Non-ROH,500,0,0,h15,8009586604051798517
p1,A,500,0,0,h15,8012675551318804964
p1,B,189,296,15,h15,8012675551318804964
p1,C,48,91,361,h15,8012675551318804964
p1,Non-ROH,500,0,0,h15,8012675551318804964
p2,A,500,0,0,h15,8012675551318804964
p2,B,378,122,0,h15,8012675551318804964
p2,C,37,101,362,h15,8012675551318804964
p2,Non-ROH,500,0,0,h15,8012675551318804964
p3,A,500,0,0,h15,8012675551318804964
p3,B,427,73,0,h15,8012675551318804964
p3,C,24,143,333,h15,8012675551318804964
p3,Non-ROH,500,0,0,h15,8012675551318804964
p1,A,499,1,0,h15,8017767940299067526
p1,B,228,258,14,h15,8017767940299067526
p1,C,58,68,374,h15,8017767940299067526
p1,Non-ROH,500,0,0,h15,8017767940299067526
p2,A,500,0,0,h15,8017767940299067526
p2,B,404,96,0,h15,8017767940299067526
p2,C,43,103,354,h15,8017767940299067526
p2,Non-ROH,500,0,0,h15,8017767940299067526
p3,A,500,0,0,h15,8017767940299067526
p3,B,453,47,0,h15,8017767940299067526
p3,C,61,74,365,h15,8017767940299067526
p3,Non-ROH,500,0,0,h15,8017767940299067526
p1,A,500,0,0,h15,8026682048651550057
p1,B,206,277,17,h15,8026682048651550057
p1,C,49,85,366,h15,8026682048651550057
p1,Non-ROH,500,0,0,h15,8026682048651550057
p2,A,500,0,0,h15,8026682048651550057
p2,B,397,103,0,h15,8026682048651550057
p2,C,40,87,373,h15,8026682048651550057
p2,Non-ROH,500,0,0,h15,8026682048651550057
p3,A,500,0,0,h15,8026682048651550057
p3,B,449,51,0,h15,8026682048651550057
p3,C,56,153,291,h15,8026682048651550057
p3,Non-ROH,500,0,0,h15,8026682048651550057
p1,A,500,0,0,h15,8031685534366691641
p1,B,210,281,9,h15,8031685534366691641
p1,C,51,71,378,h15,8031685534366691641
p1,Non-ROH,500,0,0,h15,8031685534366691641
p2,A,500,0,0,h15,8031685534366691641
p2,B,381,119,0,h15,8031685534366691641
p2,C,35,104,361,h15,8031685534366691641
p2,Non-ROH,500,0,0,h15,8031685534366691641
p3,A,500,0,0,h15,8031685534366691641
p3,B,436,64,0,h15,8031685534366691641
p3,C,39,85,376,h15,8031685534366691641
p3,Non-ROH,500,0,0,h15,8031685534366691641
p1,A,500,0,0,h15,803283022035239471
p1,B,213,272,15,h15,803283022035239471
p1,C,56,78,366,h15,803283022035239471
p1,Non-ROH,500,0,0,h15,803283022035239471
p2,A,500,0,0,h15,803283022035239471
p2,B,417,83,0,h15,803283022035239471
p2,C,50,85,365,h15,803283022035239471
p2,Non-ROH,500,0,0,h15,803283022035239471
p3,A,500,0,0,h15,803283022035239471
p3,B,466,34,0,h15,803283022035239471
p3,C,41,99,360,h15,803283022035239471
p3,Non-ROH,500,0,0,h15,803283022035239471
p1,A,500,0,0,h15,8064944818037099888
p1,B,219,269,12,h15,8064944818037099888
p1,C,45,69,386,h15,8064944818037099888
p1,Non-ROH,500,0,0,h15,8064944818037099888
p2,A,500,0,0,h15,8064944818037099888
p2,B,390,110,0,h15,8064944818037099888
p2,C,35,97,368,h15,8064944818037099888
p2,Non-ROH,500,0,0,h15,8064944818037099888
p3,A,500,0,0,h15,8064944818037099888
p3,B,435,65,0,h15,8064944818037099888
p3,C,35,102,363,h15,8064944818037099888
p3,Non-ROH,500,0,0,h15,8064944818037099888
p1,A,500,0,0,h15,8075705313661272489
p1,B,249,231,20,h15,8075705313661272489
p1,C,52,81,367,h15,8075705313661272489
p1,Non-ROH,500,0,0,h15,8075705313661272489
p2,A,500,0,0,h15,8075705313661272489
p2,B,422,78,0,h15,8075705313661272489
p2,C,46,59,395,h15,8075705313661272489
p2,Non-ROH,500,0,0,h15,8075705313661272489
p3,A,500,0,0,h15,8075705313661272489
p3,B,462,38,0,h15,8075705313661272489
p3,C,35,158,307,h15,8075705313661272489
p3,Non-ROH,500,0,0,h15,8075705313661272489
p1,A,496,4,0,h15,808295909411415964
p1,B,194,285,21,h15,808295909411415964
p1,C,40,91,369,h15,808295909411415964
p1,Non-ROH,500,0,0,h15,808295909411415964
p2,A,500,0,0,h15,808295909411415964
p2,B,323,177,0,h15,808295909411415964
p2,C,25,98,377,h15,808295909411415964
p2,Non-ROH,500,0,0,h15,808295909411415964
p3,A,500,0,0,h15,808295909411415964
p3,B,403,97,0,h15,808295909411415964
p3,C,27,115,358,h15,808295909411415964
p3,Non-ROH,500,0,0,h15,808295909411415964
p1,A,500,0,0,h15,8101078877232912548
p1,B,197,291,12,h15,8101078877232912548
p1,C,61,64,375,h15,8101078877232912548
p1,Non-ROH,500,0,0,h15,8101078877232912548
p2,A,500,0,0,h15,8101078877232912548
p2,B,398,102,0,h15,8101078877232912548
p2,C,33,88,379,h15,8101078877232912548
p2,Non-ROH,500,0,0,h15,8101078877232912548
p3,A,500,0,0,h15,8101078877232912548
p3,B,451,49,0,h15,8101078877232912548
p3,C,46,173,281,h15,8101078877232912548
p3,Non-ROH,500,0,0,h15,8101078877232912548
p1,A,500,0,0,h15,8109110630480279893
p1,B,214,271,15,h15,8109110630480279893
p1,C,62,77,361,h15,8109110630480279893
p1,Non-ROH,500,0,0,h15,8109110630480279893
p2,A,500,0,0,h15,8109110630480279893
p2,B,396,104,0,h15,8109110630480279893
p2,C,30,129,341,h15,8109110630480279893
p2,Non-ROH,500,0,0,h15,8109110630480279893
p3,A,500,0,0,h15,8109110630480279893
p3,B,445,55,0,h15,8109110630480279893
p3,C,32,102,366,h15,8109110630480279893
p3,Non-ROH,500,0,0,h15,8109110630480279893
p1,A,500,0,0,h15,8115386724548472045
p1,B,208,281,11,h15,8115386724548472045
p1,C,60,80,360,h15,8115386724548472045
p1,Non-ROH,500,0,0,h15,8115386724548472045
p2,A,500,0,0,h15,8115386724548472045
p2,B,396,104,0,h15,8115386724548472045
p2,C,42,137,321,h15,8115386724548472045
p2,Non-ROH,500,0,0,h15,8115386724548472045
p3,A,500,0,0,h15,8115386724548472045
p3,B,423,77,0,h15,8115386724548472045
p3,C,47,128,325,h15,8115386724548472045
p3,Non-ROH,500,0,0,h15,8115386724548472045
p1,A,500,0,0,h15,8119316803519934591
p1,B,215,273,12,h15,8119316803519934591
p1,C,47,70,383,h15,8119316803519934591
p1,Non-ROH,500,0,0,h15,8119316803519934591
p2,A,500,0,0,h15,8119316803519934591
p2,B,418,82,0,h15,8119316803519934591
p2,C,36,184,280,h15,8119316803519934591
p2,Non-ROH,500,0,0,h15,8119316803519934591
p3,A,500,0,0,h15,8119316803519934591
p3,B,435,65,0,h15,8119316803519934591
p3,C,38,92,370,h15,8119316803519934591
p3,Non-ROH,500,0,0,h15,8119316803519934591
p1,A,500,0,0,h15,8134769258075224915
p1,B,213,273,14,h15,8134769258075224915
p1,C,48,78,374,h15,8134769258075224915
p1,Non-ROH,500,0,0,h15,8134769258075224915
p2,A,500,0,0,h15,8134769258075224915
p2,B,408,92,0,h15,8134769258075224915
p2,C,43,114,343,h15,8134769258075224915
p2,Non-ROH,500,0,0,h15,8134769258075224915
p3,A,500,0,0,h15,8134769258075224915
p3,B,439,61,0,h15,8134769258075224915
p3,C,29,185,286,h15,8134769258075224915
p3,Non-ROH,500,0,0,h15,8134769258075224915
p1,A,500,0,0,h15,8145882662040878431
p1,B,252,234,14,h15,8145882662040878431
p1,C,53,70,377,h15,8145882662040878431
p1,Non-ROH,500,0,0,h15,8145882662040878431
p2,A,500,0,0,h15,8145882662040878431
p2,B,426,74,0,h15,8145882662040878431
p2,C,46,102,352,h15,8145882662040878431
p2,Non-ROH,500,0,0,h15,8145882662040878431
p3,A,500,0,0,h15,8145882662040878431
p3,B,447,53,0,h15,8145882662040878431
p3,C,49,59,392,h15,8145882662040878431
p3,Non-ROH,500,0,0,h15,8145882662040878431
p1,A,500,0,0,h15,8166532520852507932
p1,B,269,227,4,h15,8166532520852507932
p1,C,48,96,356,h15,8166532520852507932
p1,Non-ROH,500,0,0,h15,8166532520852507932
p2,A,500,0,0,h15,8166532520852507932
p2,B,419,81,0,h15,8166532520852507932
p2,C,113,96,291,h15,8166532520852507932
p2,Non-ROH,500,0,0,h15,8166532520852507932
p3,A,500,0,0,h15,8166532520852507932
p3,B,464,36,0,h15,8166532520852507932
p3,C,121,59,320,h15,8166532520852507932
p3,Non-ROH,500,0,0,h15,8166532520852507932
p1,A,500,0,0,h15,8212215390455096617
p1,B,247,242,11,h15,8212215390455096617
p1,C,61,73,366,h15,8212215390455096617
p1,Non-ROH,500,0,0,h15,8212215390455096617
p2,A,500,0,0,h15,8212215390455096617
p2,B,426,74,0,h15,8212215390455096617
p2,C,46,90,364,h15,8212215390455096617
p2,Non-ROH,500,0,0,h15,8212215390455096617
p3,A,500,0,0,h15,8212215390455096617
p3,B,458,42,0,h15,8212215390455096617
p3,C,51,79,370,h15,8212215390455096617
p3,Non-ROH,500,0,0,h15,8212215390455096617
p1,A,499,1,0,h15,8271603422899347443
p1,B,229,262,9,h15,8271603422899347443
p1,C,43,102,355,h15,8271603422899347443
p1,Non-ROH,500,0,0,h15,8271603422899347443
p2,A,500,0,0,h15,8271603422899347443
p2,B,399,101,0,h15,8271603422899347443
p2,C,34,84,382,h15,8271603422899347443
p2,Non-ROH,500,0,0,h15,8271603422899347443
p3,A,500,0,0,h15,8271603422899347443
p3,B,436,64,0,h15,8271603422899347443
p3,C,41,113,346,h15,8271603422899347443
p3,Non-ROH,500,0,0,h15,8271603422899347443
p1,A,500,0,0,h15,8297524636044202237
p1,B,267,221,12,h15,8297524636044202237
p1,C,76,64,360,h15,8297524636044202237
p1,Non-ROH,500,0,0,h15,8297524636044202237
p2,A,500,0,0,h15,8297524636044202237
p2,B,397,103,0,h15,8297524636044202237
p2,C,104,42,354,h15,8297524636044202237
p2,Non-ROH,500,0,0,h15,8297524636044202237
p3,A,500,0,0,h15,8297524636044202237
p3,B,433,67,0,h15,8297524636044202237
p3,C,98,42,360,h15,8297524636044202237
p3,Non-ROH,500,0,0,h15,8297524636044202237
p1,A,499,1,0,h15,831230214803605993
p1,B,204,283,13,h15,831230214803605993
p1,C,62,88,350,h15,831230214803605993
p1,Non-ROH,500,0,0,h15,831230214803605993
p2,A,500,0,0,h15,831230214803605993
p2,B,382,118,0,h15,831230214803605993
p2,C,40,103,357,h15,831230214803605993
p2,Non-ROH,500,0,0,h15,831230214803605993
p3,A,500,0,0,h15,831230214803605993
p3,B,447,53,0,h15,831230214803605993
p3,C,41,91,368,h15,831230214803605993
p3,Non-ROH,500,0,0,h15,831230214803605993
p1,A,500,0,0,h15,8313525680504882676
p1,B,237,248,15,h15,8313525680504882676
p1,C,44,74,382,h15,8313525680504882676
p1,Non-ROH,500,0,0,h15,8313525680504882676
p2,A,500,0,0,h15,8313525680504882676
p2,B,401,99,0,h15,8313525680504882676
p2,C,43,103,354,h15,8313525680504882676
p2,Non-ROH,500,0,0,h15,8313525680504882676
p3,A,500,0,0,h15,8313525680504882676
p3,B,445,55,0,h15,8313525680504882676
p3,C,44,98,358,h15,8313525680504882676
p3,Non-ROH,500,0,0,h15,8313525680504882676
p1,A,500,0,0,h15,8343263225952017527
p1,B,235,251,14,h15,8343263225952017527
p1,C,74,82,344,h15,8343263225952017527
p1,Non-ROH,500,0,0,h15,8343263225952017527
p2,A,500,0,0,h15,8343263225952017527
p2,B,418,82,0,h15,8343263225952017527
p2,C,59,92,349,h15,8343263225952017527
p2,Non-ROH,500,0,0,h15,8343263225952017527
p3,A,500,0,0,h15,8343263225952017527
p3,B,461,39,0,h15,8343263225952017527
p3,C,51,90,359,h15,8343263225952017527
p3,Non-ROH,500,0,0,h15,8343263225952017527
p1,A,500,0,0,h15,8365923798537750206
p1,B,231,255,14,h15,8365923798537750206
p1,C,73,58,369,h15,8365923798537750206
p1,Non-ROH,500,0,0,h15,8365923798537750206
p2,A,500,0,0,h15,8365923798537750206
p2,B,425,75,0,h15,8365923798537750206
p2,C,30,79,391,h15,8365923798537750206
p2,Non-ROH,500,0,0,h15,8365923798537750206
p3,A,500,0,0,h15,8365923798537750206
p3,B,468,32,0,h15,8365923798537750206
p3,C,52,67,381,h15,8365923798537750206
p3,Non-ROH,500,0,0,h15,8365923798537750206
p1,A,500,0,0,h15,8375660787904811689
p1,B,227,258,15,h15,8375660787904811689
p1,C,54,69,377,h15,8375660787904811689
p1,Non-ROH,500,0,0,h15,8375660787904811689
p2,A,500,0,0,h15,8375660787904811689
p2,B,426,74,0,h15,8375660787904811689
p2,C,55,83,362,h15,8375660787904811689
p2,Non-ROH,500,0,0,h15,8375660787904811689
p3,A,500,0,0,h15,8375660787904811689
p3,B,441,59,0,h15,8375660787904811689
p3,C,53,78,369,h15,8375660787904811689
p3,Non-ROH,500,0,0,h15,8375660787904811689
p1,A,499,1,0,h15,8386671184672689804
p1,B,244,245,11,h15,8386671184672689804
p1,C,55,79,366,h15,8386671184672689804
p1,Non-ROH,500,0,0,h15,8386671184672689804
p2,A,500,0,0,h15,8386671184672689804
p2,B,444,56,0,h15,8386671184672689804
p2,C,34,99,367,h15,8386671184672689804
p2,Non-ROH,500,0,0,h15,8386671184672689804
p3,A,500,0,0,h15,8386671184672689804
p3,B,473,27,0,h15,8386671184672689804
p3,C,46,82,372,h15,8386671184672689804
p3,Non-ROH,500,0,0,h15,8386671184672689804
p1,A,499,1,0,h15,8391657464737038475
p1,B,237,243,20,h15,8391657464737038475
p1,C,42,70,388,h15,8391657464737038475
p1,Non-ROH,500,0,0,h15,8391657464737038475
p2,A,500,0,0,h15,8391657464737038475
p2,B,426,74,0,h15,8391657464737038475
p2,C,55,76,369,h15,8391657464737038475
p2,Non-ROH,500,0,0,h15,8391657464737038475
p3,A,500,0,0,h15,8391657464737038475
p3,B,459,41,0,h15,8391657464737038475
p3,C,52,112,336,h15,8391657464737038475
p3,Non-ROH,500,0,0,h15,8391657464737038475
p1,A,500,0,0,h15,8395667210693412259
p1,B,206,272,22,h15,8395667210693412259
p1,C,53,81,366,h15,8395667210693412259
p1,Non-ROH,500,0,0,h15,8395667210693412259
p2,A,500,0,0,h15,8395667210693412259
p2,B,382,118,0,h15,8395667210693412259
p2,C,45,142,313,h15,8395667210693412259
p2,Non-ROH,500,0,0,h15,8395667210693412259
p3,A,500,0,0,h15,8395667210693412259
p3,B,429,71,0,h15,8395667210693412259
p3,C,40,149,311,h15,8395667210693412259
p3,Non-ROH,500,0,0,h15,8395667210693412259
p1,A,499,1,0,h15,8397605515131439116
p1,B,234,253,13,h15,8397605515131439116
p1,C,89,57,354,h15,8397605515131439116
p1,Non-ROH,500,0,0,h15,8397605515131439116
p2,A,500,0,0,h15,8397605515131439116
p2,B,443,57,0,h15,8397605515131439116
p2,C,85,33,382,h15,8397605515131439116
p2,Non-ROH,500,0,0,h15,8397605515131439116
p3,A,500,0,0,h15,8397605515131439116
p3,B,468,32,0,h15,8397605515131439116
p3,C,76,39,385,h15,8397605515131439116
p3,Non-ROH,500,0,0,h15,8397605515131439116
p1,A,499,1,0,h15,8427399742702928290
p1,B,200,281,19,h15,8427399742702928290
p1,C,33,74,393,h15,8427399742702928290
p1,Non-ROH,500,0,0,h15,8427399742702928290
p2,A,500,0,0,h15,8427399742702928290
p2,B,393,107,0,h15,8427399742702928290
p2,C,37,85,378,h15,8427399742702928290
p2,Non-ROH,500,0,0,h15,8427399742702928290
p3,A,500,0,0,h15,8427399742702928290
p3,B,430,70,0,h15,8427399742702928290
p3,C,30,139,331,h15,8427399742702928290
p3,Non-ROH,500,0,0,h15,8427399742702928290
p1,A,500,0,0,h15,844934706838530327
p1,B,251,238,11,h15,844934706838530327
p1,C,48,74,378,h15,844934706838530327
p1,Non-ROH,500,0,0,h15,844934706838530327
p2,A,500,0,0,h15,844934706838530327
p2,B,421,79,0,h15,844934706838530327
p2,C,45,72,383,h15,844934706838530327
p2,Non-ROH,500,0,0,h15,844934706838530327
p3,A,500,0,0,h15,844934706838530327
p3,B,461,39,0,h15,844934706838530327
p3,C,45,122,333,h15,844934706838530327
p3,Non-ROH,500,0,0,h15,844934706838530327
p1,A,499,1,0,h15,8481257488854629033
p1,B,192,294,14,h15,8481257488854629033
p1,C,39,82,379,h15,8481257488854629033
p1,Non-ROH,500,0,0,h15,8481257488854629033
p2,A,500,0,0,h15,8481257488854629033
p2,B,402,98,0,h15,8481257488854629033
p2,C,32,97,371,h15,8481257488854629033
p2,Non-ROH,500,0,0,h15,8481257488854629033
p3,A,500,0,0,h15,8481257488854629033
p3,B,440,60,0,h15,8481257488854629033
p3,C,30,135,335,h15,8481257488854629033
p3,Non-ROH,500,0,0,h15,8481257488854629033
p1,A,500,0,0,h15,8498073161130673074
p1,B,213,275,12,h15,8498073161130673074
p1,C,52,84,364,h15,8498073161130673074
p1,Non-ROH,500,0,0,h15,8498073161130673074
p2,A,500,0,0,h15,8498073161130673074
p2,B,402,98,0,h15,8498073161130673074
p2,C,44,108,348,h15,8498073161130673074
p2,Non-ROH,500,0,0,h15,8498073161130673074
p3,A,500,0,0,h15,8498073161130673074
p3,B,451,49,0,h15,8498073161130673074
p3,C,33,87,380,h15,8498073161130673074
p3,Non-ROH,500,0,0,h15,8498073161130673074
p1,A,499,1,0,h15,8523803560846504212
p1,B,239,257,4,h15,8523803560846504212
p1,C,47,72,381,h15,8523803560846504212
p1,Non-ROH,500,0,0,h15,8523803560846504212
p2,A,500,0,0,h15,8523803560846504212
p2,B,413,87,0,h15,8523803560846504212
p2,C,42,93,365,h15,8523803560846504212
p2,Non-ROH,500,0,0,h15,8523803560846504212
p3,A,500,0,0,h15,8523803560846504212
p3,B,434,66,0,h15,8523803560846504212
p3,C,45,112,343,h15,8523803560846504212
p3,Non-ROH,500,0,0,h15,8523803560846504212
p1,A,500,0,0,h15,8532067469618811387
p1,B,215,264,21,h15,8532067469618811387
p1,C,65,54,381,h15,8532067469618811387
p1,Non-ROH,500,0,0,h15,8532067469618811387
p2,A,500,0,0,h15,8532067469618811387
p2,B,365,135,0,h15,8532067469618811387
p2,C,77,72,351,h15,8532067469618811387
p2,Non-ROH,500,0,0,h15,8532067469618811387
p3,A,500,0,0,h15,8532067469618811387
p3,B,455,45,0,h15,8532067469618811387
p3,C,53,95,352,h15,8532067469618811387
p3,Non-ROH,500,0,0,h15,8532067469618811387
p1,A,500,0,0,h15,8535344569854260344
p1,B,201,282,17,h15,8535344569854260344
p1,C,50,64,386,h15,8535344569854260344
p1,Non-ROH,500,0,0,h15,8535344569854260344
p2,A,500,0,0,h15,8535344569854260344
p2,B,372,128,0,h15,8535344569854260344
p2,C,33,80,387,h15,8535344569854260344
p2,Non-ROH,500,0,0,h15,8535344569854260344
p3,A,500,0,0,h15,8535344569854260344
p3,B,445,55,0,h15,8535344569854260344
p3,C,41,86,373,h15,8535344569854260344
p3,Non-ROH,500,0,0,h15,8535344569854260344
p1,A,499,1,0,h15,8628655051465643030
p1,B,195,290,15,h15,8628655051465643030
p1,C,58,75,367,h15,8628655051465643030
p1,Non-ROH,500,0,0,h15,8628655051465643030
p2,A,500,0,0,h15,8628655051465643030
p2,B,389,111,0,h15,8628655051465643030
p2,C,35,91,374,h15,8628655051465643030
p2,Non-ROH,500,0,0,h15,8628655051465643030
p3,A,500,0,0,h15,8628655051465643030
p3,B,440,60,0,h15,8628655051465643030
p3,C,43,66,391,h15,8628655051465643030
p3,Non-ROH,500,0,0,h15,8628655051465643030
p1,A,499,1,0,h15,8648150344556959917
p1,B,218,272,10,h15,8648150344556959917
p1,C,51,87,362,h15,8648150344556959917
p1,Non-ROH,500,0,0,h15,8648150344556959917
p2,A,500,0,0,h15,8648150344556959917
p2,B,417,83,0,h15,8648150344556959917
p2,C,34,151,315,h15,8648150344556959917
p2,Non-ROH,500,0,0,h15,8648150344556959917
p3,A,500,0,0,h15,8648150344556959917
p3,B,431,69,0,h15,8648150344556959917
p3,C,36,153,311,h15,8648150344556959917
p3,Non-ROH,500,0,0,h15,8648150344556959917
p1,A,500,0,0,h15,8653160283555924004
p1,B,211,277,12,h15,8653160283555924004
p1,C,84,38,378,h15,8653160283555924004
p1,Non-ROH,500,0,0,h15,8653160283555924004
p2,A,500,0,0,h15,8653160283555924004
p2,B,406,94,0,h15,8653160283555924004
p2,C,97,55,348,h15,8653160283555924004
p2,Non-ROH,500,0,0,h15,8653160283555924004
p3,A,500,0,0,h15,8653160283555924004
p3,B,440,60,0,h15,8653160283555924004
p3,C,98,38,364,h15,8653160283555924004
p3,Non-ROH,500,0,0,h15,8653160283555924004
p1,A,499,1,0,h15,8668041783377195260
p1,B,222,270,8,h15,8668041783377195260
p1,C,38,87,375,h15,8668041783377195260
p1,Non-ROH,500,0,0,h15,8668041783377195260
p2,A,500,0,0,h15,8668041783377195260
p2,B,420,80,0,h15,8668041783377195260
p2,C,38,79,383,h15,8668041783377195260
p2,Non-ROH,500,0,0,h15,8668041783377195260
p3,A,500,0,0,h15,8668041783377195260
p3,B,432,68,0,h15,8668041783377195260
p3,C,33,118,349,h15,8668041783377195260
p3,Non-ROH,500,0,0,h15,8668041783377195260
p1,A,500,0,0,h15,8681924271243675068
p1,B,213,272,15,h15,8681924271243675068
p1,C,71,74,355,h15,8681924271243675068
p1,Non-ROH,500,0,0,h15,8681924271243675068
p2,A,500,0,0,h15,8681924271243675068
p2,B,396,104,0,h15,8681924271243675068
p2,C,37,92,371,h15,8681924271243675068
p2,Non-ROH,500,0,0,h15,8681924271243675068
p3,A,500,0,0,h15,8681924271243675068
p3,B,451,49,0,h15,8681924271243675068
p3,C,25,107,368,h15,8681924271243675068
p3,Non-ROH,500,0,0,h15,8681924271243675068
p1,A,500,0,0,h15,8701536844832495166
p1,B,198,283,19,h15,8701536844832495166
p1,C,49,76,375,h15,8701536844832495166
p1,Non-ROH,500,0,0,h15,8701536844832495166
p2,A,500,0,0,h15,8701536844832495166
p2,B,412,88,0,h15,8701536844832495166
p2,C,41,103,356,h15,8701536844832495166
p2,Non-ROH,500,0,0,h15,8701536844832495166
p3,A,500,0,0,h15,8701536844832495166
p3,B,445,55,0,h15,8701536844832495166
p3,C,32,77,391,h15,8701536844832495166
p3,Non-ROH,500,0,0,h15,8701536844832495166
p1,A,500,0,0,h15,8715552381247793163
p1,B,221,271,8,h15,8715552381247793163
p1,C,44,82,374,h15,8715552381247793163
p1,Non-ROH,500,0,0,h15,8715552381247793163
p2,A,500,0,0,h15,8715552381247793163
p2,B,418,82,0,h15,8715552381247793163
p2,C,46,73,381,h15,8715552381247793163
p2,Non-ROH,500,0,0,h15,8715552381247793163
p3,A,500,0,0,h15,8715552381247793163
p3,B,453,47,0,h15,8715552381247793163
p3,C,34,113,353,h15,8715552381247793163
p3,Non-ROH,500,0,0,h15,8715552381247793163
p1,A,498,2,0,h15,8726753055160396304
p1,B,212,275,13,h15,8726753055160396304
p1,C,71,49,380,h15,8726753055160396304
p1,Non-ROH,500,0,0,h15,8726753055160396304
p2,A,500,0,0,h15,8726753055160396304
p2,B,401,98,1,h15,8726753055160396304
p2,C,76,41,383,h15,8726753055160396304
p2,Non-ROH,500,0,0,h15,8726753055160396304
p3,A,500,0,0,h15,8726753055160396304
p3,B,452,48,0,h15,8726753055160396304
p3,C,96,60,344,h15,8726753055160396304
p3,Non-ROH,500,0,0,h15,8726753055160396304
p1,A,500,0,0,h15,8729662628178318702
p1,B,232,254,14,h15,8729662628178318702
p1,C,85,47,368,h15,8729662628178318702
p1,Non-ROH,500,0,0,h15,8729662628178318702
p2,A,500,0,0,h15,8729662628178318702
p2,B,390,110,0,h15,8729662628178318702
p2,C,85,46,369,h15,8729662628178318702
p2,Non-ROH,500,0,0,h15,8729662628178318702
p3,A,500,0,0,h15,8729662628178318702
p3,B,436,64,0,h15,8729662628178318702
p3,C,105,30,365,h15,8729662628178318702
p3,Non-ROH,500,0,0,h15,8729662628178318702
p1,A,500,0,0,h15,8746106760729550084
p1,B,217,273,10,h15,8746106760729550084
p1,C,47,84,369,h15,8746106760729550084
p1,Non-ROH,500,0,0,h15,8746106760729550084
p2,A,500,0,0,h15,8746106760729550084
p2,B,387,113,0,h15,8746106760729550084
p2,C,33,86,381,h15,8746106760729550084
p2,Non-ROH,500,0,0,h15,8746106760729550084
p3,A,500,0,0,h15,8746106760729550084
p3,B,444,56,0,h15,8746106760729550084
p3,C,19,128,353,h15,8746106760729550084
p3,Non-ROH,500,0,0,h15,8746106760729550084
p1,A,500,0,0,h15,876319241009079445
p1,B,236,254,10,h15,876319241009079445
p1,C,57,82,361,h15,876319241009079445
p1,Non-ROH,500,0,0,h15,876319241009079445
p2,A,500,0,0,h15,876319241009079445
p2,B,415,85,0,h15,876319241009079445
p2,C,36,142,322,h15,876319241009079445
p2,Non-ROH,500,0,0,h15,876319241009079445
p3,A,500,0,0,h15,876319241009079445
p3,B,442,58,0,h15,876319241009079445
p3,C,50,118,332,h15,876319241009079445
p3,Non-ROH,500,0,0,h15,876319241009079445
p1,A,500,0,0,h15,8771087861051400048
p1,B,241,246,13,h15,8771087861051400048
p1,C,65,72,363,h15,8771087861051400048
p1,Non-ROH,500,0,0,h15,8771087861051400048
p2,A,500,0,0,h15,8771087861051400048
p2,B,448,52,0,h15,8771087861051400048
p2,C,48,63,389,h15,8771087861051400048
p2,Non-ROH,500,0,0,h15,8771087861051400048
p3,A,500,0,0,h15,8771087861051400048
p3,B,468,32,0,h15,8771087861051400048
p3,C,55,94,351,h15,8771087861051400048
p3,Non-ROH,500,0,0,h15,8771087861051400048
p1,A,500,0,0,h15,8781424533657854609
p1,B,221,260,19,h15,8781424533657854609
p1,C,50,91,359,h15,8781424533657854609
p1,Non-ROH,500,0,0,h15,8781424533657854609
p2,A,500,0,0,h15,8781424533657854609
p2,B,390,110,0,h15,8781424533657854609
p2,C,42,73,385,h15,8781424533657854609
p2,Non-ROH,500,0,0,h15,8781424533657854609
p3,A,500,0,0,h15,8781424533657854609
p3,B,449,51,0,h15,8781424533657854609
p3,C,28,115,357,h15,8781424533657854609
p3,Non-ROH,500,0,0,h15,8781424533657854609
p1,A,499,1,0,h15,8836110865322387599
p1,B,242,236,22,h15,8836110865322387599
p1,C,69,64,367,h15,8836110865322387599
p1,Non-ROH,500,0,0,h15,8836110865322387599
p2,A,500,0,0,h15,8836110865322387599
p2,B,435,65,0,h15,8836110865322387599
p2,C,55,59,386,h15,8836110865322387599
p2,Non-ROH,500,0,0,h15,8836110865322387599
p3,A,500,0,0,h15,8836110865322387599
p3,B,455,45,0,h15,8836110865322387599
p3,C,42,99,359,h15,8836110865322387599
p3,Non-ROH,500,0,0,h15,8836110865322387599
p1,A,499,1,0,h15,8849876311417254795
p1,B,238,248,14,h15,8849876311417254795
p1,C,54,72,374,h15,8849876311417254795
p1,Non-ROH,500,0,0,h15,8849876311417254795
p2,A,500,0,0,h15,8849876311417254795
p2,B,426,74,0,h15,8849876311417254795
p2,C,54,78,368,h15,8849876311417254795
p2,Non-ROH,500,0,0,h15,8849876311417254795
p3,A,500,0,0,h15,8849876311417254795
p3,B,461,39,0,h15,8849876311417254795
p3,C,49,78,373,h15,8849876311417254795
p3,Non-ROH,500,0,0,h15,8849876311417254795
p1,A,500,0,0,h15,8858722317298810294
p1,B,232,256,12,h15,8858722317298810294
p1,C,42,85,373,h15,8858722317298810294
p1,Non-ROH,500,0,0,h15,8858722317298810294
p2,A,500,0,0,h15,8858722317298810294
p2,B,389,111,0,h15,8858722317298810294
p2,C,33,91,376,h15,8858722317298810294
p2,Non-ROH,500,0,0,h15,8858722317298810294
p3,A,500,0,0,h15,8858722317298810294
p3,B,436,64,0,h15,8858722317298810294
p3,C,33,118,349,h15,8858722317298810294
p3,Non-ROH,500,0,0,h15,8858722317298810294
p1,A,500,0,0,h15,8872528350989838234
p1,B,203,281,16,h15,8872528350989838234
p1,C,38,65,397,h15,8872528350989838234
p1,Non-ROH,500,0,0,h15,8872528350989838234
p2,A,500,0,0,h15,8872528350989838234
p2,B,401,99,0,h15,8872528350989838234
p2,C,53,90,357,h15,8872528350989838234
p2,Non-ROH,500,0,0,h15,8872528350989838234
p3,A,500,0,0,h15,8872528350989838234
p3,B,452,48,0,h15,8872528350989838234
p3,C,32,105,363,h15,8872528350989838234
p3,Non-ROH,500,0,0,h15,8872528350989838234
p1,A,500,0,0,h15,8918658424473431287
p1,B,250,240,10,h15,8918658424473431287
p1,C,61,81,358,h15,8918658424473431287
p1,Non-ROH,500,0,0,h15,8918658424473431287
p2,A,500,0,0,h15,8918658424473431287
p2,B,434,66,0,h15,8918658424473431287
p2,C,43,119,338,h15,8918658424473431287
p2,Non-ROH,500,0,0,h15,8918658424473431287
p3,A,500,0,0,h15,8918658424473431287
p3,B,481,19,0,h15,8918658424473431287
p3,C,43,112,345,h15,8918658424473431287
p3,Non-ROH,500,0,0,h15,8918658424473431287
p1,A,500,0,0,h15,8952406429962899705
p1,B,213,269,18,h15,8952406429962899705
p1,C,36,73,391,h15,8952406429962899705
p1,Non-ROH,500,0,0,h15,8952406429962899705
p2,A,500,0,0,h15,8952406429962899705
p2,B,374,126,0,h15,8952406429962899705
p2,C,29,114,357,h15,8952406429962899705
p2,Non-ROH,500,0,0,h15,8952406429962899705
p3,A,500,0,0,h15,8952406429962899705
p3,B,438,62,0,h15,8952406429962899705
p3,C,28,111,361,h15,8952406429962899705
p3,Non-ROH,500,0,0,h15,8952406429962899705
p1,A,500,0,0,h15,8954063117434481013
p1,B,216,269,15,h15,8954063117434481013
p1,C,40,77,383,h15,8954063117434481013
p1,Non-ROH,500,0,0,h15,8954063117434481013
p2,A,500,0,0,h15,8954063117434481013
p2,B,396,104,0,h15,8954063117434481013
p2,C,24,113,363,h15,8954063117434481013
p2,Non-ROH,500,0,0,h15,8954063117434481013
p3,A,500,0,0,h15,8954063117434481013
p3,B,434,66,0,h15,8954063117434481013
p3,C,34,198,268,h15,8954063117434481013
p3,Non-ROH,500,0,0,h15,8954063117434481013
p1,A,499,1,0,h15,8964153301374140810
p1,B,211,269,20,h15,8964153301374140810
p1,C,65,69,366,h15,8964153301374140810
p1,Non-ROH,500,0,0,h15,8964153301374140810
p2,A,500,0,0,h15,8964153301374140810
p2,B,420,80,0,h15,8964153301374140810
p2,C,53,110,337,h15,8964153301374140810
p2,Non-ROH,500,0,0,h15,8964153301374140810
p3,A,500,0,0,h15,8964153301374140810
p3,B,440,60,0,h15,8964153301374140810
p3,C,46,87,367,h15,8964153301374140810
p3,Non-ROH,500,0,0,h15,8964153301374140810
p1,A,500,0,0,h15,9017411245857851696
p1,B,229,252,19,h15,9017411245857851696
p1,C,64,87,349,h15,9017411245857851696
p1,Non-ROH,500,0,0,h15,9017411245857851696
p2,A,500,0,0,h15,9017411245857851696
p2,B,450,50,0,h15,9017411245857851696
p2,C,45,87,368,h15,9017411245857851696
p2,Non-ROH,500,0,0,h15,9017411245857851696
p3,A,500,0,0,h15,9017411245857851696
p3,B,460,40,0,h15,9017411245857851696
p3,C,31,117,352,h15,9017411245857851696
p3,Non-ROH,500,0,0,h15,9017411245857851696
p1,A,499,1,0,h15,9022920270553145774
p1,B,216,268,16,h15,9022920270553145774
p1,C,45,87,368,h15,9022920270553145774
p1,Non-ROH,500,0,0,h15,9022920270553145774
p2,A,500,0,0,h15,9022920270553145774
p2,B,365,135,0,h15,9022920270553145774
p2,C,29,77,394,h15,9022920270553145774
p2,Non-ROH,500,0,0,h15,9022920270553145774
p3,A,500,0,0,h15,9022920270553145774
p3,B,447,53,0,h15,9022920270553145774
p3,C,31,95,374,h15,9022920270553145774
p3,Non-ROH,500,0,0,h15,9022920270553145774
p1,A,500,0,0,h15,9026590985928569878
p1,B,211,278,11,h15,9026590985928569878
p1,C,52,77,371,h15,9026590985928569878
p1,Non-ROH,500,0,0,h15,9026590985928569878
p2,A,500,0,0,h15,9026590985928569878
p2,B,398,102,0,h15,9026590985928569878
p2,C,50,87,363,h15,9026590985928569878
p2,Non-ROH,500,0,0,h15,9026590985928569878
p3,A,500,0,0,h15,9026590985928569878
p3,B,437,63,0,h15,9026590985928569878
p3,C,33,121,346,h15,9026590985928569878
p3,Non-ROH,500,0,0,h15,9026590985928569878
p1,A,500,0,0,h15,9028192568979155597
p1,B,225,258,17,h15,9028192568979155597
p1,C,50,85,365,h15,9028192568979155597
p1,Non-ROH,500,0,0,h15,9028192568979155597
p2,A,500,0,0,h15,9028192568979155597
p2,B,402,98,0,h15,9028192568979155597
p2,C,37,53,410,h15,9028192568979155597
p2,Non-ROH,500,0,0,h15,9028192568979155597
p3,A,500,0,0,h15,9028192568979155597
p3,B,469,31,0,h15,9028192568979155597
p3,C,56,85,359,h15,9028192568979155597
p3,Non-ROH,500,0,0,h15,9028192568979155597
p1,A,500,0,0,h15,9032379706717504223
p1,B,246,240,14,h15,9032379706717504223
p1,C,46,73,381,h15,9032379706717504223
p1,Non-ROH,500,0,0,h15,9032379706717504223
p2,A,500,0,0,h15,9032379706717504223
p2,B,432,68,0,h15,9032379706717504223
p2,C,38,142,320,h15,9032379706717504223
p2,Non-ROH,500,0,0,h15,9032379706717504223
p3,A,500,0,0,h15,9032379706717504223
p3,B,476,24,0,h15,9032379706717504223
p3,C,38,182,280,h15,9032379706717504223
p3,Non-ROH,500,0,0,h15,9032379706717504223
p1,A,499,1,0,h15,9039059137534777596
p1,B,210,276,14,h15,9039059137534777596
p1,C,58,72,370,h15,9039059137534777596
p1,Non-ROH,500,0,0,h15,9039059137534777596
p2,A,500,0,0,h15,9039059137534777596
p2,B,377,123,0,h15,9039059137534777596
p2,C,26,135,339,h15,9039059137534777596
p2,Non-ROH,500,0,0,h15,9039059137534777596
p3,A,500,0,0,h15,9039059137534777596
p3,B,450,50,0,h15,9039059137534777596
p3,C,29,123,348,h15,9039059137534777596
p3,Non-ROH,500,0,0,h15,9039059137534777596
p1,A,500,0,0,h15,9039366692459068810
p1,B,220,270,10,h15,9039366692459068810
p1,C,67,73,360,h15,9039366692459068810
p1,Non-ROH,500,0,0,h15,9039366692459068810
p2,A,500,0,0,h15,9039366692459068810
p2,B,412,87,1,h15,9039366692459068810
p2,C,42,121,337,h15,9039366692459068810
p2,Non-ROH,500,0,0,h15,9039366692459068810
p3,A,500,0,0,h15,9039366692459068810
p3,B,437,63,0,h15,9039366692459068810
p3,C,42,166,292,h15,9039366692459068810
p3,Non-ROH,500,0,0,h15,9039366692459068810
p1,A,499,1,0,h15,9048963239315882400
p1,B,235,248,17,h15,9048963239315882400
p1,C,51,86,363,h15,9048963239315882400
p1,Non-ROH,500,0,0,h15,9048963239315882400
p2,A,500,0,0,h15,9048963239315882400
p2,B,397,103,0,h15,9048963239315882400
p2,C,64,90,346,h15,9048963239315882400
p2,Non-ROH,500,0,0,h15,9048963239315882400
p3,A,500,0,0,h15,9048963239315882400
p3,B,456,44,0,h15,9048963239315882400
p3,C,43,110,347,h15,9048963239315882400
p3,Non-ROH,500,0,0,h15,9048963239315882400
p1,A,499,1,0,h15,9062812321199021163
p1,B,205,282,13,h15,9062812321199021163
p1,C,53,63,384,h15,9062812321199021163
p1,Non-ROH,500,0,0,h15,9062812321199021163
p2,A,500,0,0,h15,9062812321199021163
p2,B,392,108,0,h15,9062812321199021163
p2,C,44,78,378,h15,9062812321199021163
p2,Non-ROH,500,0,0,h15,9062812321199021163
p3,A,500,0,0,h15,9062812321199021163
p3,B,434,66,0,h15,9062812321199021163
p3,C,38,80,382,h15,9062812321199021163
p3,Non-ROH,500,0,0,h15,9062812321199021163
p1,A,500,0,0,h15,9075759459766164084
p1,B,240,244,16,h15,9075759459766164084
p1,C,66,68,366,h15,9075759459766164084
p1,Non-ROH,500,0,0,h15,9075759459766164084
p2,A,500,0,0,h15,9075759459766164084
p2,B,421,79,0,h15,9075759459766164084
p2,C,34,80,386,h15,9075759459766164084
p2,Non-ROH,500,0,0,h15,9075759459766164084
p3,A,500,0,0,h15,9075759459766164084
p3,B,457,43,0,h15,9075759459766164084
p3,C,42,115,343,h15,9075759459766164084
p3,Non-ROH,500,0,0,h15,9075759459766164084
p1,A,498,2,0,h15,9100695613133880151
p1,B,246,240,14,h15,9100695613133880151
p1,C,45,78,377,h15,9100695613133880151
p1,Non-ROH,500,0,0,h15,9100695613133880151
p2,A,500,0,0,h15,9100695613133880151
p2,B,411,89,0,h15,9100695613133880151
p2,C,41,140,319,h15,9100695613133880151
p2,Non-ROH,500,0,0,h15,9100695613133880151
p3,A,500,0,0,h15,9100695613133880151
p3,B,459,41,0,h15,9100695613133880151
p3,C,41,111,348,h15,9100695613133880151
p3,Non-ROH,500,0,0,h15,9100695613133880151
p1,A,500,0,0,h15,9113558638025263587
p1,B,220,266,14,h15,9113558638025263587
p1,C,50,63,387,h15,9113558638025263587
p1,Non-ROH,500,0,0,h15,9113558638025263587
p2,A,500,0,0,h15,9113558638025263587
p2,B,397,103,0,h15,9113558638025263587
p2,C,36,116,348,h15,9113558638025263587
p2,Non-ROH,500,0,0,h15,9113558638025263587
p3,A,500,0,0,h15,9113558638025263587
p3,B,438,62,0,h15,9113558638025263587
p3,C,32,117,351,h15,9113558638025263587
p3,Non-ROH,500,0,0,h15,9113558638025263587
p1,A,499,1,0,h15,9135017756001648559
p1,B,240,250,10,h15,9135017756001648559
p1,C,54,81,365,h15,9135017756001648559
p1,Non-ROH,500,0,0,h15,9135017756001648559
p2,A,500,0,0,h15,9135017756001648559
p2,B,422,78,0,h15,9135017756001648559
p2,C,47,108,345,h15,9135017756001648559
p2,Non-ROH,500,0,0,h15,9135017756001648559
p3,A,500,0,0,h15,9135017756001648559
p3,B,439,61,0,h15,9135017756001648559
p3,C,28,85,387,h15,9135017756001648559
p3,Non-ROH,500,0,0,h15,9135017756001648559
p1,A,500,0,0,h15,9145573149207959969
p1,B,224,259,17,h15,9145573149207959969
p1,C,55,57,388,h15,9145573149207959969
p1,Non-ROH,500,0,0,h15,9145573149207959969
p2,A,500,0,0,h15,9145573149207959969
p2,B,415,85,0,h15,9145573149207959969
p2,C,43,78,379,h15,9145573149207959969
p2,Non-ROH,500,0,0,h15,9145573149207959969
p3,A,500,0,0,h15,9145573149207959969
p3,B,467,33,0,h15,9145573149207959969
p3,C,59,147,294,h15,9145573149207959969
p3,Non-ROH,500,0,0,h15,9145573149207959969
p1,A,500,0,0,h15,9167727401875939325
p1,B,196,291,13,h15,9167727401875939325
p1,C,85,57,358,h15,9167727401875939325
p1,Non-ROH,500,0,0,h15,9167727401875939325
p2,A,500,0,0,h15,9167727401875939325
p2,B,352,148,0,h15,9167727401875939325
p2,C,93,71,336,h15,9167727401875939325
p2,Non-ROH,500,0,0,h15,9167727401875939325
p3,A,500,0,0,h15,9167727401875939325
p3,B,419,81,0,h15,9167727401875939325
p3,C,76,101,323,h15,9167727401875939325
p3,Non-ROH,500,0,0,h15,9167727401875939325
p1,A,500,0,0,h15,9177326994813858297
p1,B,231,257,12,h15,9177326994813858297
p1,C,56,85,359,h15,9177326994813858297
p1,Non-ROH,500,0,0,h15,9177326994813858297
p2,A,500,0,0,h15,9177326994813858297
p2,B,407,93,0,h15,9177326994813858297
p2,C,47,77,376,h15,9177326994813858297
p2,Non-ROH,500,0,0,h15,9177326994813858297
p3,A,500,0,0,h15,9177326994813858297
p3,B,442,58,0,h15,9177326994813858297
p3,C,46,144,310,h15,9177326994813858297
p3,Non-ROH,500,0,0,h15,9177326994813858297
p1,A,500,0,0,h15,9181857247859708899
p1,B,254,240,6,h15,9181857247859708899
p1,C,62,64,374,h15,9181857247859708899
p1,Non-ROH,500,0,0,h15,9181857247859708899
p2,A,500,0,0,h15,9181857247859708899
p2,B,396,104,0,h15,9181857247859708899
p2,C,41,77,382,h15,9181857247859708899
p2,Non-ROH,500,0,0,h15,9181857247859708899
p3,A,500,0,0,h15,9181857247859708899
p3,B,440,60,0,h15,9181857247859708899
p3,C,38,99,363,h15,9181857247859708899
p3,Non-ROH,500,0,0,h15,9181857247859708899
p1,A,500,0,0,h15,9192752742268389621
p1,B,203,283,14,h15,9192752742268389621
p1,C,39,96,365,h15,9192752742268389621
p1,Non-ROH,500,0,0,h15,9192752742268389621
p2,A,500,0,0,h15,9192752742268389621
p2,B,407,93,0,h15,9192752742268389621
p2,C,34,77,389,h15,9192752742268389621
p2,Non-ROH,500,0,0,h15,9192752742268389621
p3,A,500,0,0,h15,9192752742268389621
p3,B,435,65,0,h15,9192752742268389621
p3,C,41,199,260,h15,9192752742268389621
p3,Non-ROH,500,0,0,h15,9192752742268389621
p1,A,500,0,0,h15,9216844840511075425
p1,B,220,265,15,h15,9216844840511075425
p1,C,48,62,390,h15,9216844840511075425
p1,Non-ROH,500,0,0,h15,9216844840511075425
p2,A,500,0,0,h15,9216844840511075425
p2,B,384,116,0,h15,9216844840511075425
p2,C,41,85,374,h15,9216844840511075425
p2,Non-ROH,500,0,0,h15,9216844840511075425
p3,A,500,0,0,h15,9216844840511075425
p3,B,462,38,0,h15,9216844840511075425
p3,C,57,150,293,h15,9216844840511075425
p3,Non-ROH,500,0,0,h15,9216844840511075425
p1,A,500,0,0,h15,923866702323067256
p1,B,212,277,11,h15,923866702323067256
p1,C,39,84,377,h15,923866702323067256
p1,Non-ROH,500,0,0,h15,923866702323067256
p2,A,500,0,0,h15,923866702323067256
p2,B,389,111,0,h15,923866702323067256
p2,C,33,87,380,h15,923866702323067256
p2,Non-ROH,500,0,0,h15,923866702323067256
p3,A,500,0,0,h15,923866702323067256
p3,B,428,72,0,h15,923866702323067256
p3,C,32,127,341,h15,923866702323067256
p3,Non-ROH,500,0,0,h15,923866702323067256
p1,A,499,1,0,h15,93027800664978374
p1,B,243,249,8,h15,93027800664978374
p1,C,50,69,381,h15,93027800664978374
p1,Non-ROH,500,0,0,h15,93027800664978374
p2,A,500,0,0,h15,93027800664978374
p2,B,422,78,0,h15,93027800664978374
p2,C,47,73,380,h15,93027800664978374
p2,Non-ROH,500,0,0,h15,93027800664978374
p3,A,500,0,0,h15,93027800664978374
p3,B,461,39,0,h15,93027800664978374
p3,C,31,92,377,h15,93027800664978374
p3,Non-ROH,500,0,0,h15,93027800664978374
p1,A,500,0,0,h15,950840395551528531
p1,B,196,294,10,h15,950840395551528531
p1,C,50,74,376,h15,950840395551528531
p1,Non-ROH,500,0,0,h15,950840395551528531
p2,A,500,0,0,h15,950840395551528531
p2,B,385,115,0,h15,950840395551528531
p2,C,35,98,367,h15,950840395551528531
p2,Non-ROH,500,0,0,h15,950840395551528531
p3,A,500,0,0,h15,950840395551528531
p3,B,432,68,0,h15,950840395551528531
p3,C,44,116,340,h15,950840395551528531
p3,Non-ROH,500,0,0,h15,950840395551528531
p1,A,499,1,0,h15,951238275531703275
p1,B,249,242,9,h15,951238275531703275
p1,C,54,90,356,h15,951238275531703275
p1,Non-ROH,500,0,0,h15,951238275531703275
p2,A,500,0,0,h15,951238275531703275
p2,B,417,83,0,h15,951238275531703275
p2,C,40,79,381,h15,951238275531703275
p2,Non-ROH,500,0,0,h15,951238275531703275
p3,A,500,0,0,h15,951238275531703275
p3,B,447,53,0,h15,951238275531703275
p3,C,53,64,383,h15,951238275531703275
p3,Non-ROH,500,0,0,h15,951238275531703275
p1,A,499,1,0,h15,979716074687572018
p1,B,233,252,15,h15,979716074687572018
p1,C,64,56,380,h15,979716074687572018
p1,Non-ROH,500,0,0,h15,979716074687572018
p2,A,500,0,0,h15,979716074687572018
p2,B,420,80,0,h15,979716074687572018
p2,C,32,84,384,h15,979716074687572018
p2,Non-ROH,500,0,0,h15,979716074687572018
p3,A,500,0,0,h15,979716074687572018
p3,B,463,37,0,h15,979716074687572018
p3,C,40,86,374,h15,979716074687572018
p3,Non-ROH,500,0,0,h15,979716074687572018
