hXX,simID,pop,class,length_Mb,length_cM
h00,1021574717937228960,p1,A,0.03996225096361853,0.02438793999381916
h00,1021574717937228960,p1,B,0.2998024656631248,0.39904768793618
h00,1021574717937228960,p1,C,1.3943982052238806,1.9341539552238805
h00,1021574717937228960,p2,A,0.0693615223451821,0.0475805062583825
h00,1021574717937228960,p2,B,0.2568833345248552,0.36825436252765037
h00,1021574717937228960,p2,C,1.0585135333333333,1.744818927536232
h00,1021574717937228960,p3,A,0.0749807359610198,0.053589393818917024
h00,1021574717937228960,p3,B,0.25637686870871546,0.3688825517006984
h00,1021574717937228960,p3,C,0.7843366438356164,1.748258420852359
h00,1026591750036320836,p1,A,0.0405217156286641,0.024493102708186883
h00,1026591750036320836,p1,B,0.3146638664805017,0.40590987998317984
h00,1026591750036320836,p1,C,1.3096010212765956,1.8959208156028369
h00,1026591750036320836,p2,A,0.06867914356182037,0.04835728111408392
h00,1026591750036320836,p2,B,0.2552868791385854,0.3669742136167209
h00,1026591750036320836,p2,C,0.9699456990476191,1.8825895428571429
h00,1026591750036320836,p3,A,0.07435522208492577,0.053766718282424714
h00,1026591750036320836,p3,B,0.24617955773157488,0.3665405169685769
h00,1026591750036320836,p3,C,1.1046945613207546,1.8231023584905661
h00,103568543989312214,p1,A,0.039777351046266105,0.024005470394008993
h00,103568543989312214,p1,B,0.295562218007593,0.38897426987794487
h00,103568543989312214,p1,C,1.379494023809524,2.0052379894179895
h00,103568543989312214,p2,A,0.06855725041921629,0.047267151825313554
h00,103568543989312214,p2,B,0.25737182157625466,0.36507390792888317
h00,103568543989312214,p2,C,0.9323171730769231,1.5634348461538463
h00,103568543989312214,p3,A,0.07823505747301616,0.05714959497289641
h00,103568543989312214,p3,B,0.2510588941015215,0.3645158718609668
h00,103568543989312214,p3,C,1.082179337398374,1.815765325203252
h00,1059344429161942577,p1,A,0.04009275312523185,0.023509271352439246
h00,1059344429161942577,p1,B,0.3142088150266686,0.4037356052383088
h00,1059344429161942577,p1,C,1.2060685495169081,1.8438456642512078
h00,1059344429161942577,p2,A,0.0669581282267965,0.046062344530353676
h00,1059344429161942577,p2,B,0.25594115239678594,0.3678584719339765
h00,1059344429161942577,p2,C,0.9223418546099291,1.7679390780141844
h00,1059344429161942577,p3,A,0.07730699963501082,0.055112679406509525
h00,1059344429161942577,p3,B,0.25538048376048406,0.3714368624392868
h00,1059344429161942577,p3,C,1.0083518619402985,1.6375178358208955
h00,1061286463616756465,p1,A,0.039362299243662746,0.023832641545182384
h00,1061286463616756465,p1,B,0.2990088347512682,0.3952137061700213
h00,1061286463616756465,p1,C,1.4179104814814816,1.8791087268518518
h00,1061286463616756465,p2,A,0.06741189131442968,0.046904880254155984
h00,1061286463616756465,p2,B,0.25921433181975534,0.36584998465285623
h00,1061286463616756465,p2,C,0.8302139156626506,1.6959958835341367
h00,1061286463616756465,p3,A,0.0766679420503779,0.054477603943505024
h00,1061286463616756465,p3,B,0.26375449370286197,0.37207884520846846
h00,1061286463616756465,p3,C,0.8318798800813009,1.6475840142276423
h00,1077681494354284445,p1,A,0.04072637701815523,0.02427923872554004
h00,1077681494354284445,p1,B,0.30730794514280685,0.4088480965379793
h00,1077681494354284445,p1,C,1.4717898644859813,2.0625342367601247
h00,1077681494354284445,p2,A,0.06838153407196788,0.047325387743530435
h00,1077681494354284445,p2,B,0.2568547123773886,0.36503554174147806
h00,1077681494354284445,p2,C,0.9391714459161148,1.7124556070640178
h00,1077681494354284445,p3,A,0.07760856187444498,0.05505880485395648
h00,1077681494354284445,p3,B,0.24904300759758272,0.36873544935383173
h00,1077681494354284445,p3,C,0.8187361515151516,1.6004855808080807
h00,1125400568553395400,p1,A,0.040680408901370056,0.024600778564921186
h00,1125400568553395400,p1,B,0.2943868402067712,0.40087005980053236
h00,1125400568553395400,p1,C,1.2210532337092732,1.9027786466165413
h00,1125400568553395400,p2,A,0.0683618041743023,0.04826798482356862
h00,1125400568553395400,p2,B,0.2537323818520774,0.3673348124925999
h00,1125400568553395400,p2,C,1.0994212693333334,1.7574915866666667
h00,1125400568553395400,p3,A,0.07670486507058114,0.05556869336749925
h00,1125400568553395400,p3,B,0.24690619735909167,0.3693842685658471
h00,1125400568553395400,p3,C,0.8883640485347984,1.6895080952380952
h00,1125644244035275340,p1,A,0.03976228290374484,0.0239184306945383
h00,1125644244035275340,p1,B,0.31865048019865716,0.4055219183704899
h00,1125644244035275340,p1,C,1.2302446615776081,1.8892631806615774
h00,1125644244035275340,p2,A,0.06804985744497395,0.04759140011064782
h00,1125644244035275340,p2,B,0.2559795454874923,0.36279056820491934
h00,1125644244035275340,p2,C,1.1187998100775194,1.8209783333333334
h00,1125644244035275340,p3,A,0.07617968007992854,0.053530527298226875
h00,1125644244035275340,p3,B,0.24927359998714027,0.3666489693239298
h00,1125644244035275340,p3,C,0.8789322908496732,1.6234778649237471
h00,1133874929495765677,p1,A,0.04045970501800075,0.024351878927807814
h00,1133874929495765677,p1,B,0.32329406831298674,0.41125575912078716
h00,1133874929495765677,p1,C,1.2604122045454544,1.8515567727272728
h00,1133874929495765677,p2,A,0.06959669908280923,0.04817043704288542
h00,1133874929495765677,p2,B,0.257662642463908,0.36832500982262983
h00,1133874929495765677,p2,C,0.9009358052208835,1.658769387550201
h00,1133874929495765677,p3,A,0.07808898319319368,0.055222946987016436
h00,1133874929495765677,p3,B,0.2507947300839238,0.36592046600373235
h00,1133874929495765677,p3,C,0.9761336511904762,1.754091130952381
h00,1152801672532746091,p1,A,0.04071157428505888,0.024836498285201514
h00,1152801672532746091,p1,B,0.3029887906878843,0.4044729828197946
h00,1152801672532746091,p1,C,1.5053566724941725,2.0247845687645687
h00,1152801672532746091,p2,A,0.06999909440506688,0.04880278517217268
h00,1152801672532746091,p2,B,0.2595216719894973,0.3670179419199803
h00,1152801672532746091,p2,C,0.9390050182072829,1.7532924229691875
h00,1152801672532746091,p3,A,0.07694297378722731,0.05620672397857881
h00,1152801672532746091,p3,B,0.2509116512455662,0.3653543694948319
h00,1152801672532746091,p3,C,0.8906010683453237,1.647985659472422
h00,1159453151904288212,p1,A,0.04027148977137794,0.02448713482896702
h00,1159453151904288212,p1,B,0.29768210269106465,0.3997458515008102
h00,1159453151904288212,p1,C,1.3302329905913979,2.0356037096774195
h00,1159453151904288212,p2,A,0.06771527339133049,0.04838363389643688
h00,1159453151904288212,p2,B,0.25937804073423987,0.3694414360307569
h00,1159453151904288212,p2,C,0.9780939427350427,1.896958811965812
h00,1159453151904288212,p3,A,0.0743304889844667,0.05405486066336927
h00,1159453151904288212,p3,B,0.25628426236393925,0.3709855969749593
h00,1159453151904288212,p3,C,0.8694576690476191,1.6516973809523812
h00,1159482635262466889,p1,A,0.03927753810973109,0.023772251070868305
h00,1159482635262466889,p1,B,0.2935250996607914,0.40601219907975455
h00,1159482635262466889,p1,C,1.4851496505376345,2.0603522311827955
h00,1159482635262466889,p2,A,0.06820009936798102,0.04724198038791436
h00,1159482635262466889,p2,B,0.2570052301832161,0.3691337755452273
h00,1159482635262466889,p2,C,1.037104755725191,1.7617458778625954
h00,1159482635262466889,p3,A,0.07307684526216332,0.05321286922294047
h00,1159482635262466889,p3,B,0.2567292895916119,0.36736524101298795
h00,1159482635262466889,p3,C,0.9824339031007753,1.7197251033591732
h00,1187492628487565367,p1,A,0.04023522318487238,0.0245007756211447
h00,1187492628487565367,p1,B,0.303620996548993,0.4056410084489057
h00,1187492628487565367,p1,C,1.5010716818181817,2.088789053030303
h00,1187492628487565367,p2,A,0.06761527987993948,0.04709837084412311
h00,1187492628487565367,p2,B,0.2615848437185398,0.3689904761603243
h00,1187492628487565367,p2,C,0.8548810974235105,1.7835874879227054
h00,1187492628487565367,p3,A,0.07290794505737529,0.0535448268295549
h00,1187492628487565367,p3,B,0.2562223858610354,0.3700320534714148
h00,1187492628487565367,p3,C,0.914987282208589,1.6817001840490795
h00,1188344642156280027,p1,A,0.04099195361673044,0.0247071368151633
h00,1188344642156280027,p1,B,0.32067693326096147,0.4005502625
h00,1188344642156280027,p1,C,1.4691792543103448,2.009621264367816
h00,1188344642156280027,p2,A,0.07111419274595704,0.05096846272319254
h00,1188344642156280027,p2,B,0.26793257014817495,0.3682758139560308
h00,1188344642156280027,p2,C,0.8947971319444444,1.6642207638888888
h00,1188344642156280027,p3,A,0.07866839071142742,0.05616980089671388
h00,1188344642156280027,p3,B,0.262293557099872,0.37313567830429895
h00,1188344642156280027,p3,C,0.8545531693989071,1.5885434972677597
h00,1194843192800477130,p1,A,0.040174542781245694,0.024220080546605977
h00,1194843192800477130,p1,B,0.30932965153596687,0.40650493574443464
h00,1194843192800477130,p1,C,1.3196928072139302,2.041352151741293
h00,1194843192800477130,p2,A,0.07131075798594337,0.04971202413342547
h00,1194843192800477130,p2,B,0.26007250659210196,0.369436650849823
h00,1194843192800477130,p2,C,1.0277953723404256,1.8349195508274232
h00,1194843192800477130,p3,A,0.07553417561051784,0.054244418295698364
h00,1194843192800477130,p3,B,0.2520090438191319,0.3676088208778121
h00,1194843192800477130,p3,C,0.9488018864468863,1.8022972069597072
h00,1230211016193901463,p1,A,0.0404274338547541,0.024538338798299288
h00,1230211016193901463,p1,B,0.31745924396190356,0.40426979584190487
h00,1230211016193901463,p1,C,1.3434047549019608,1.8628955042016806
h00,1230211016193901463,p2,A,0.06750270735583405,0.04747263184586891
h00,1230211016193901463,p2,B,0.2512581733797179,0.3650469662336049
h00,1230211016193901463,p2,C,0.874571555876686,1.83159225433526
h00,1230211016193901463,p3,A,0.07804443896515839,0.05477392078747732
h00,1230211016193901463,p3,B,0.25575514569843444,0.37151584714922065
h00,1230211016193901463,p3,C,1.0375850755033558,1.7878074496644294
h00,1288692866185240971,p1,A,0.03997932520934059,0.023423645351510636
h00,1288692866185240971,p1,B,0.3238246740175213,0.3990452509995351
h00,1288692866185240971,p1,C,1.553867392086331,2.1251033573141487
h00,1288692866185240971,p2,A,0.06718337718037423,0.046995240429418265
h00,1288692866185240971,p2,B,0.26076145087592734,0.3685346362166291
h00,1288692866185240971,p2,C,1.1712122732843138,1.9201563602941174
h00,1288692866185240971,p3,A,0.07561407919764761,0.05368903152830872
h00,1288692866185240971,p3,B,0.2583817859041147,0.36749631691247125
h00,1288692866185240971,p3,C,0.9358544403669724,1.6579260244648317
h00,131151734433286475,p1,A,0.03957202025160452,0.023721178004582188
h00,131151734433286475,p1,B,0.3173818423881674,0.40731827354550626
h00,131151734433286475,p1,C,1.3024418687664043,1.8351031758530183
h00,131151734433286475,p2,A,0.0689006716886109,0.04665489410270944
h00,131151734433286475,p2,B,0.24898191818718893,0.36188518775195255
h00,131151734433286475,p2,C,0.8152525529801324,1.6511363907284768
h00,131151734433286475,p3,A,0.07565309496603373,0.05369647372618823
h00,131151734433286475,p3,B,0.2523508170776016,0.36525687123053213
h00,131151734433286475,p3,C,0.8360045064599484,1.506347454780362
h00,1339284857137933822,p1,A,0.040713144351032585,0.024234224069617387
h00,1339284857137933822,p1,B,0.31997075631457816,0.4053890758731029
h00,1339284857137933822,p1,C,1.7468906349862259,2.115412438016529
h00,1339284857137933822,p2,A,0.06904058197894024,0.04793689642228794
h00,1339284857137933822,p2,B,0.25701202841581067,0.3625880095106342
h00,1339284857137933822,p2,C,1.0898167124183007,1.8825575925925926
h00,1339284857137933822,p3,A,0.07425639754701942,0.05412859824092018
h00,1339284857137933822,p3,B,0.25760414679244353,0.36899251960156015
h00,1339284857137933822,p3,C,1.0393579053030304,1.7851421590909091
h00,1342378077608740105,p1,A,0.04080695751275449,0.024879430128663643
h00,1342378077608740105,p1,B,0.3188370876359723,0.39908765984422756
h00,1342378077608740105,p1,C,1.418026899691358,1.93242387345679
h00,1342378077608740105,p2,A,0.0699105962782415,0.049326967470093686
h00,1342378077608740105,p2,B,0.2528312794324447,0.36653057057177274
h00,1342378077608740105,p2,C,0.9602925901826485,1.6766126598173516
h00,1342378077608740105,p3,A,0.08013848846438312,0.057713042244757075
h00,1342378077608740105,p3,B,0.2510729124339743,0.3681622719852064
h00,1342378077608740105,p3,C,0.8727913053435115,1.5123044274809159
h00,1359395911007969527,p1,A,0.0410490484440189,0.024565717429867177
h00,1359395911007969527,p1,B,0.30389098655183777,0.4045039568272006
h00,1359395911007969527,p1,C,1.3004430013661201,1.9604812021857925
h00,1359395911007969527,p2,A,0.06955164557637457,0.048799697586293246
h00,1359395911007969527,p2,B,0.2569797021485668,0.3692465944437671
h00,1359395911007969527,p2,C,0.8573624525745257,1.5670851761517615
h00,1359395911007969527,p3,A,0.07656606129453278,0.055493707006708914
h00,1359395911007969527,p3,B,0.24881973976628544,0.3651216526727316
h00,1359395911007969527,p3,C,0.880927108384458,1.7386274233128836
h00,1364957052074976682,p1,A,0.0414875509395374,0.02549927746417742
h00,1364957052074976682,p1,B,0.31071437132852825,0.4065628470383511
h00,1364957052074976682,p1,C,1.2110042215053765,1.8071322365591398
h00,1364957052074976682,p2,A,0.06873069780237939,0.049676882169771605
h00,1364957052074976682,p2,B,0.25889528411316143,0.37090312822375987
h00,1364957052074976682,p2,C,0.8890939770992367,1.5360358396946565
h00,1364957052074976682,p3,A,0.07638570934790051,0.05656544024526224
h00,1364957052074976682,p3,B,0.2641868655952811,0.37267291232510974
h00,1364957052074976682,p3,C,0.9633751567901234,1.665727777777778
h00,1408911269877720474,p1,A,0.03983262167355881,0.02381558071689903
h00,1408911269877720474,p1,B,0.31175851241743074,0.4010599328173781
h00,1408911269877720474,p1,C,1.4903454257575757,2.232723181818182
h00,1408911269877720474,p2,A,0.06829690784020655,0.04648263308042324
h00,1408911269877720474,p2,B,0.2696111699283679,0.3708299190608266
h00,1408911269877720474,p2,C,0.9785414270833334,1.7682718055555555
h00,1408911269877720474,p3,A,0.07460102170814426,0.0529104049149891
h00,1408911269877720474,p3,B,0.2577336292928571,0.37294316210273115
h00,1408911269877720474,p3,C,0.8329383902439025,1.5700417022357722
h00,1445831990664690369,p1,A,0.03946427897502398,0.023841297947444204
h00,1445831990664690369,p1,B,0.2894977371949242,0.39699441791084633
h00,1445831990664690369,p1,C,1.2406947499999998,1.7774647321428572
h00,1445831990664690369,p2,A,0.06854327690819165,0.048644543806276114
h00,1445831990664690369,p2,B,0.25184397354484056,0.36641534118341795
h00,1445831990664690369,p2,C,1.0997846474358974,2.0423357875457873
h00,1445831990664690369,p3,A,0.07678975243091364,0.054859277109324096
h00,1445831990664690369,p3,B,0.2521336357987549,0.3707638442297225
h00,1445831990664690369,p3,C,0.9811409936868688,1.6336367045454547
h00,1457999149615807420,p1,A,0.04017222154817077,0.023849389033347115
h00,1457999149615807420,p1,B,0.30432418665133854,0.3917088730708837
h00,1457999149615807420,p1,C,1.356402979338843,1.8997605922865013
h00,1457999149615807420,p2,A,0.06941253578970533,0.04930085617958579
h00,1457999149615807420,p2,B,0.25299663727534716,0.36580623331479095
h00,1457999149615807420,p2,C,0.9344080151515152,1.7122416666666667
h00,1457999149615807420,p3,A,0.07887641097300492,0.05602831313733255
h00,1457999149615807420,p3,B,0.2608769512163785,0.3680170556301445
h00,1457999149615807420,p3,C,0.8857691725490197,1.7144322058823531
h00,1463814346912061226,p1,A,0.03997014787659993,0.02426358636955717
h00,1463814346912061226,p1,B,0.2981156692086496,0.3955814215090867
h00,1463814346912061226,p1,C,1.2521659498644986,1.9431617344173442
h00,1463814346912061226,p2,A,0.06910875513474914,0.04814695280500103
h00,1463814346912061226,p2,B,0.25468578925466884,0.36881837142027524
h00,1463814346912061226,p2,C,1.0139053993710692,1.8234583333333332
h00,1463814346912061226,p3,A,0.07818165949648267,0.056715332408094704
h00,1463814346912061226,p3,B,0.24552970986679876,0.36614463745246945
h00,1463814346912061226,p3,C,0.8910646656626505,1.681795612449799
h00,1471689743914301753,p1,A,0.0401301897668988,0.024152645951093954
h00,1471689743914301753,p1,B,0.3109804886558062,0.41424996710359235
h00,1471689743914301753,p1,C,1.502848748756219,2.0473124626865675
h00,1471689743914301753,p2,A,0.06788440784993834,0.047622572003911935
h00,1471689743914301753,p2,B,0.25162209079218495,0.3640282467912967
h00,1471689743914301753,p2,C,1.2702426707317072,1.8813730081300815
h00,1471689743914301753,p3,A,0.07421824287016472,0.05361214532881991
h00,1471689743914301753,p3,B,0.2572233880127491,0.36660553376209926
h00,1471689743914301753,p3,C,0.9609818061224491,1.6902316099773242
h00,1496704753167729159,p1,A,0.04048256154841293,0.02442201384319507
h00,1496704753167729159,p1,B,0.3175586736316083,0.39963834721484326
h00,1496704753167729159,p1,C,1.2549390774278215,1.7639145209973754
h00,1496704753167729159,p2,A,0.06877361569363433,0.0482430406805882
h00,1496704753167729159,p2,B,0.25014153334175715,0.36913519357076024
h00,1496704753167729159,p2,C,1.0482393714285714,1.6831931904761905
h00,1496704753167729159,p3,A,0.07697454910021201,0.05330978302814188
h00,1496704753167729159,p3,B,0.2554557148757382,0.36965309704506205
h00,1496704753167729159,p3,C,0.945156780651341,1.7456391379310345
h00,1509754406400523100,p1,A,0.040236352484998926,0.02423020420839142
h00,1509754406400523100,p1,B,0.30592546831162915,0.3985297849589277
h00,1509754406400523100,p1,C,1.4064555625,2.0114678125
h00,1509754406400523100,p2,A,0.06987981021459223,0.04896581435582897
h00,1509754406400523100,p2,B,0.25297228856613435,0.36760488679382464
h00,1509754406400523100,p2,C,1.0378568511904762,1.836325464285714
h00,1509754406400523100,p3,A,0.07580050842649451,0.05316131768539772
h00,1509754406400523100,p3,B,0.2552420702727403,0.37291132910203556
h00,1509754406400523100,p3,C,0.987103966302368,1.8361419672131147
h00,1513359600866312384,p1,A,0.03974621989245839,0.024429869055506315
h00,1513359600866312384,p1,B,0.31169008551381905,0.40552935550461733
h00,1513359600866312384,p1,C,1.4723483276836158,2.0543756355932206
h00,1513359600866312384,p2,A,0.06683066723862084,0.04795805308755135
h00,1513359600866312384,p2,B,0.25024394250692045,0.36712177562942744
h00,1513359600866312384,p2,C,1.1089405790754259,1.7158813746958639
h00,1513359600866312384,p3,A,0.07478922082371182,0.05282435480349624
h00,1513359600866312384,p3,B,0.24452932785045622,0.3662543758030793
h00,1513359600866312384,p3,C,0.8540102261904762,1.778295
h00,1517243854596332318,p1,A,0.040024606676687856,0.02422282770181568
h00,1517243854596332318,p1,B,0.2992383248693319,0.4022095669828305
h00,1517243854596332318,p1,C,1.278167212230216,1.977423417266187
h00,1517243854596332318,p2,A,0.06891132847159598,0.04797346428235267
h00,1517243854596332318,p2,B,0.2657859335402244,0.3743266409674205
h00,1517243854596332318,p2,C,0.8455536822612085,1.664331822612086
h00,1517243854596332318,p3,A,0.07596427370470946,0.054879245380584904
h00,1517243854596332318,p3,B,0.2632814250538941,0.36651624977107616
h00,1517243854596332318,p3,C,0.9543033968253968,1.5909020634920636
h00,155683629558891336,p1,A,0.04006380169857586,0.024058187531682176
h00,155683629558891336,p1,B,0.2949992143991973,0.40560094820230935
h00,155683629558891336,p1,C,1.1500804174311927,1.7697221712538227
h00,155683629558891336,p2,A,0.0685377168779405,0.04788547216692188
h00,155683629558891336,p2,B,0.25334117314590165,0.3669590407758473
h00,155683629558891336,p2,C,1.355079577586207,2.2304779741379313
h00,155683629558891336,p3,A,0.07706591248987127,0.05566086750807521
h00,155683629558891336,p3,B,0.25240215816335426,0.3718440206401447
h00,155683629558891336,p3,C,0.8615068137254902,1.6578747058823529
h00,1570311740684473341,p1,A,0.04035247078911946,0.024156493604477053
h00,1570311740684473341,p1,B,0.3177660238185612,0.4105802200861021
h00,1570311740684473341,p1,C,1.2312531038812786,1.7538084474885847
h00,1570311740684473341,p2,A,0.06861056331907815,0.04765738932211753
h00,1570311740684473341,p2,B,0.26565868359897654,0.3738438356090024
h00,1570311740684473341,p2,C,1.1071121538461537,1.7642221666666666
h00,1570311740684473341,p3,A,0.07568786750526797,0.055536115571846595
h00,1570311740684473341,p3,B,0.2407594697946834,0.3692929485317541
h00,1570311740684473341,p3,C,0.8200358032581454,1.5250903007518797
h00,1579713873460986888,p1,A,0.039918000794027,0.025143393627146925
h00,1579713873460986888,p1,B,0.3084516168650794,0.3979019656893004
h00,1579713873460986888,p1,C,1.2382997933884297,1.8832000275482093
h00,1579713873460986888,p2,A,0.0696539133697825,0.04941286387471672
h00,1579713873460986888,p2,B,0.2644801954750416,0.36704443247280405
h00,1579713873460986888,p2,C,0.8804795367231638,1.5540130508474574
h00,1579713873460986888,p3,A,0.07458117156578861,0.05342740503594354
h00,1579713873460986888,p3,B,0.2515885315251457,0.3651478640677195
h00,1579713873460986888,p3,C,0.6964976681096682,1.6467323737373736
h00,1640035823564240350,p1,A,0.04017185501139643,0.024196730813900533
h00,1640035823564240350,p1,B,0.31332570913012764,0.4043615341950926
h00,1640035823564240350,p1,C,1.3278000156599554,1.7989658724832214
h00,1640035823564240350,p2,A,0.06714230188218731,0.04702046099071659
h00,1640035823564240350,p2,B,0.2551519648964005,0.36659464588034335
h00,1640035823564240350,p2,C,0.9303136422764228,1.6019263414634146
h00,1640035823564240350,p3,A,0.0747353525441071,0.053596375813724374
h00,1640035823564240350,p3,B,0.2442143747352401,0.3625581367423405
h00,1640035823564240350,p3,C,0.821126451724138,1.6371895862068966
h00,1667204476426382146,p1,A,0.04040660881241232,0.02399984655058017
h00,1667204476426382146,p1,B,0.3056088100190281,0.4060288557263206
h00,1667204476426382146,p1,C,1.220030861111111,1.9911244298245614
h00,1667204476426382146,p2,A,0.06896066557364913,0.04908889066295842
h00,1667204476426382146,p2,B,0.2540179821437761,0.36757267088172324
h00,1667204476426382146,p2,C,0.985461268,1.77454792
h00,1667204476426382146,p3,A,0.07707656821900342,0.054736153346388705
h00,1667204476426382146,p3,B,0.2582833037762591,0.3716444374981867
h00,1667204476426382146,p3,C,0.9601836082089552,1.7200048880597014
h00,1675567405057576839,p1,A,0.0400444969413017,0.02424420180038781
h00,1675567405057576839,p1,B,0.308092292405681,0.4024351834760617
h00,1675567405057576839,p1,C,1.4265917924528302,1.966546289308176
h00,1675567405057576839,p2,A,0.06705069456201455,0.04602641422377176
h00,1675567405057576839,p2,B,0.25212275230553416,0.36226451901003226
h00,1675567405057576839,p2,C,1.0207448645833332,1.926326527777778
h00,1675567405057576839,p3,A,0.07489740319171523,0.053271055086771824
h00,1675567405057576839,p3,B,0.2518911050848158,0.3653827438096421
h00,1675567405057576839,p3,C,0.8303222704590818,1.848286107784431
h00,1683235848236138391,p1,A,0.0396499590345236,0.02398975039016903
h00,1683235848236138391,p1,B,0.3109120933865161,0.39973917241286205
h00,1683235848236138391,p1,C,1.2446970858085808,1.8360259570957096
h00,1683235848236138391,p2,A,0.0680074148316476,0.0471569712927126
h00,1683235848236138391,p2,B,0.2655489518977769,0.3734220501720713
h00,1683235848236138391,p2,C,1.1265160104166667,1.7175917708333333
h00,1683235848236138391,p3,A,0.07445876435657586,0.05336916958692592
h00,1683235848236138391,p3,B,0.25519624893596726,0.37007755581149193
h00,1683235848236138391,p3,C,0.8869338461538462,1.694871581196581
h00,1686481830113721127,p1,A,0.04086233826724152,0.02462172555313828
h00,1686481830113721127,p1,B,0.3236232770416379,0.4083154608210917
h00,1686481830113721127,p1,C,1.4061505068493152,1.9429772945205481
h00,1686481830113721127,p2,A,0.06755735742973669,0.046318305925419634
h00,1686481830113721127,p2,B,0.25581415375468775,0.37202122174355856
h00,1686481830113721127,p2,C,1.083184676229508,1.8196002868852459
h00,1686481830113721127,p3,A,0.07813683657879003,0.05489954640582794
h00,1686481830113721127,p3,B,0.25847178131423315,0.36841119952630796
h00,1686481830113721127,p3,C,0.857555540433925,1.737736291913215
h00,1697761245837672091,p1,A,0.03971442416133678,0.024551146323783333
h00,1697761245837672091,p1,B,0.28614872577637845,0.3971295986013129
h00,1697761245837672091,p1,C,1.3615855833333335,1.9430459154929576
h00,1697761245837672091,p2,A,0.06831283287284128,0.0472062536582401
h00,1697761245837672091,p2,B,0.2591647565406349,0.3645269899142695
h00,1697761245837672091,p2,C,0.909605899717514,1.5977932909604518
h00,1697761245837672091,p3,A,0.07772011925199768,0.055599346381621596
h00,1697761245837672091,p3,B,0.24725016437121577,0.3678960555024383
h00,1697761245837672091,p3,C,0.920348328125,1.4856016796875
h00,1741910082241347924,p1,A,0.039643571815357444,0.02435534062897505
h00,1741910082241347924,p1,B,0.3141856274337001,0.40813628262245594
h00,1741910082241347924,p1,C,1.407585067146283,2.0174864388489206
h00,1741910082241347924,p2,A,0.06742630239658488,0.04774441382070636
h00,1741910082241347924,p2,B,0.2656614483400354,0.3711967975837493
h00,1741910082241347924,p2,C,1.1024223826086956,1.7474173478260868
h00,1741910082241347924,p3,A,0.07692075747779241,0.05540939724629263
h00,1741910082241347924,p3,B,0.25331841628057594,0.3668395967121456
h00,1741910082241347924,p3,C,0.851819984,1.5757664
h00,1758916382348960481,p1,A,0.040093514945139415,0.024131314988244657
h00,1758916382348960481,p1,B,0.3142703538708886,0.4076857715701195
h00,1758916382348960481,p1,C,1.1766838000000002,1.6845804642857143
h00,1758916382348960481,p2,A,0.06906931021039767,0.04902548831765196
h00,1758916382348960481,p2,B,0.25726298611868537,0.36992205871272665
h00,1758916382348960481,p2,C,0.8527180909090909,1.6074879889807163
h00,1758916382348960481,p3,A,0.07484113089713929,0.053887071302119456
h00,1758916382348960481,p3,B,0.25274064658634426,0.3655945909481823
h00,1758916382348960481,p3,C,1.062234614790287,2.042726677704194
h00,1760919415129066732,p1,A,0.04022215425058361,0.02406892969854065
h00,1760919415129066732,p1,B,0.3091522302366194,0.40458037943514247
h00,1760919415129066732,p1,C,1.2719189911504425,2.0481232300884957
h00,1760919415129066732,p2,A,0.06748993357691335,0.0472832959043308
h00,1760919415129066732,p2,B,0.25854067771193967,0.36881189636001854
h00,1760919415129066732,p2,C,0.9252709695017182,1.7461529209621993
h00,1760919415129066732,p3,A,0.07597842210642639,0.05478497726558664
h00,1760919415129066732,p3,B,0.25143295383850256,0.3727711510440022
h00,1760919415129066732,p3,C,0.8469694851598173,1.5858981849315068
h00,1776755804422427172,p1,A,0.04061078445049923,0.02449653524288767
h00,1776755804422427172,p1,B,0.31201221461016787,0.40137565585642726
h00,1776755804422427172,p1,C,1.39285306302521,1.8865682072829133
h00,1776755804422427172,p2,A,0.07021296003687359,0.04874457562987088
h00,1776755804422427172,p2,B,0.26188327221154395,0.3688290365172519
h00,1776755804422427172,p2,C,0.911033316993464,1.6691527450980392
h00,1776755804422427172,p3,A,0.07626896084869168,0.05453973014264404
h00,1776755804422427172,p3,B,0.2528823871497103,0.3661323107858298
h00,1776755804422427172,p3,C,0.9316792250423012,1.9291228849407784
h00,1788482744701747849,p1,A,0.040664324592527355,0.024158384809409305
h00,1788482744701747849,p1,B,0.31267921290524786,0.40262212322576413
h00,1788482744701747849,p1,C,1.1841662805555555,1.8131640277777776
h00,1788482744701747849,p2,A,0.06784345569483047,0.04772024164751464
h00,1788482744701747849,p2,B,0.24947131436313894,0.36699976581281013
h00,1788482744701747849,p2,C,0.8885815559006212,1.74097900621118
h00,1788482744701747849,p3,A,0.0726759053718257,0.0519377911933657
h00,1788482744701747849,p3,B,0.25184487454991755,0.3682025752785781
h00,1788482744701747849,p3,C,0.9068520329087049,1.7694049787685775
h00,1789806920600214380,p1,A,0.040039371361662315,0.023927760772945582
h00,1789806920600214380,p1,B,0.3132781134797397,0.4075267270736797
h00,1789806920600214380,p1,C,1.2630213947368423,1.9361673245614035
h00,1789806920600214380,p2,A,0.06580808936374422,0.04543167666707123
h00,1789806920600214380,p2,B,0.26267701727875997,0.36707695965159515
h00,1789806920600214380,p2,C,1.0669822794117647,1.8577044485294119
h00,1789806920600214380,p3,A,0.07706637403829192,0.0553324878826756
h00,1789806920600214380,p3,B,0.2464238186635423,0.36107106368937586
h00,1789806920600214380,p3,C,0.8963065607064017,1.653914481236203
h00,1816372852695257818,p1,A,0.03970067525911958,0.02375470644104987
h00,1816372852695257818,p1,B,0.3277667593956423,0.40493915690213284
h00,1816372852695257818,p1,C,1.2433636680672269,1.943536218487395
h00,1816372852695257818,p2,A,0.06963355785314149,0.0486746946546188
h00,1816372852695257818,p2,B,0.25202129829039943,0.3665425186484973
h00,1816372852695257818,p2,C,1.0502145144356956,1.7340482020997374
h00,1816372852695257818,p3,A,0.07406337299035322,0.05239104735627837
h00,1816372852695257818,p3,B,0.25166477391349484,0.36831777111492364
h00,1816372852695257818,p3,C,0.8773683323412698,1.7231844146825397
h00,1818297040266038161,p1,A,0.0404593386410491,0.024033343098652845
h00,1818297040266038161,p1,B,0.30432628845098425,0.4034349471786782
h00,1818297040266038161,p1,C,1.458553727493917,2.0637123236009733
h00,1818297040266038161,p2,A,0.06815485254078081,0.0468270788149118
h00,1818297040266038161,p2,B,0.2557903574593161,0.366830174716971
h00,1818297040266038161,p2,C,1.1338029649122807,1.834525350877193
h00,1818297040266038161,p3,A,0.07535815512396507,0.054372420856936776
h00,1818297040266038161,p3,B,0.24722700105177794,0.369174619625917
h00,1818297040266038161,p3,C,0.9970931117021277,1.63493335106383
h00,1933927514968069182,p1,A,0.04002765024419678,0.024190998476399394
h00,1933927514968069182,p1,B,0.2994606015351431,0.39199648909511786
h00,1933927514968069182,p1,C,1.3681519070796462,1.9664545575221237
h00,1933927514968069182,p2,A,0.06806000963370436,0.047527650639329004
h00,1933927514968069182,p2,B,0.25136994527515655,0.36409196080905964
h00,1933927514968069182,p2,C,1.0222870194647202,1.843271301703163
h00,1933927514968069182,p3,A,0.07654227372659853,0.05535022245868904
h00,1933927514968069182,p3,B,0.2563027543902384,0.36406435143483024
h00,1933927514968069182,p3,C,0.9525381911764706,1.7051710294117646
h00,197130628104802835,p1,A,0.04030566375173871,0.024565106147597066
h00,197130628104802835,p1,B,0.32333201727286004,0.40432341593144416
h00,197130628104802835,p1,C,1.237019426075269,1.9465240322580644
h00,197130628104802835,p2,A,0.06799228458273633,0.047856463414740334
h00,197130628104802835,p2,B,0.25377380095821084,0.3663544841768319
h00,197130628104802835,p2,C,1.001094970338983,1.8842447033898306
h00,197130628104802835,p3,A,0.07566607511047442,0.055222579211503225
h00,197130628104802835,p3,B,0.25788282011152125,0.36816837321274215
h00,197130628104802835,p3,C,0.8795611220400729,1.8478871038251365
h00,2008966820864978262,p1,A,0.04043433261255208,0.024134188302395693
h00,2008966820864978262,p1,B,0.2980073810200308,0.39028148656238104
h00,2008966820864978262,p1,C,1.2350942042606516,1.8989822431077694
h00,2008966820864978262,p2,A,0.06910093730851645,0.04833018656607752
h00,2008966820864978262,p2,B,0.252994261417494,0.35909601178284084
h00,2008966820864978262,p2,C,1.0093950304054053,1.7406850225225223
h00,2008966820864978262,p3,A,0.0751171936632309,0.0541265941389597
h00,2008966820864978262,p3,B,0.2552950687227086,0.3695385502233573
h00,2008966820864978262,p3,C,0.7954343006535948,1.576382843137255
h00,2015646299244388232,p1,A,0.04002555209104537,0.024075611443208744
h00,2015646299244388232,p1,B,0.303947670667784,0.4005096657341681
h00,2015646299244388232,p1,C,1.203844037313433,1.8652161940298508
h00,2015646299244388232,p2,A,0.06864675987350106,0.04839845053496043
h00,2015646299244388232,p2,B,0.26137189374091335,0.3699074988228515
h00,2015646299244388232,p2,C,0.8955723023598819,1.6734653244837758
h00,2015646299244388232,p3,A,0.07758376016178349,0.05669554616123747
h00,2015646299244388232,p3,B,0.2546045284273547,0.3720768056530486
h00,2015646299244388232,p3,C,0.7009833448844884,1.5706650990099011
h00,2023478822450523661,p1,A,0.04013209238554439,0.024649886714940908
h00,2023478822450523661,p1,B,0.3097221911004618,0.39952284701172175
h00,2023478822450523661,p1,C,1.174412042635659,1.7273208527131783
h00,2023478822450523661,p2,A,0.06959592625806053,0.04745376986335974
h00,2023478822450523661,p2,B,0.2603913766504552,0.37457707808479285
h00,2023478822450523661,p2,C,1.0700404402035624,1.7964286132315521
h00,2023478822450523661,p3,A,0.07650282102230048,0.05418345334549673
h00,2023478822450523661,p3,B,0.2579168371224207,0.3684320915949981
h00,2023478822450523661,p3,C,1.0102183775510205,1.8265297448979592
h00,2023804910540112922,p1,A,0.039814316025599844,0.02385252277600856
h00,2023804910540112922,p1,B,0.30693845427835054,0.3988152927352316
h00,2023804910540112922,p1,C,1.3545851726618705,1.8447643045563549
h00,2023804910540112922,p2,A,0.06672442873397487,0.046652918481373234
h00,2023804910540112922,p2,B,0.26136537369801344,0.37012875450444593
h00,2023804910540112922,p2,C,1.0927506374269005,1.8585319005847953
h00,2023804910540112922,p3,A,0.07641625054071421,0.05463555614268955
h00,2023804910540112922,p3,B,0.24389084325684635,0.36328680529447477
h00,2023804910540112922,p3,C,0.9378361803278689,1.7061188524590165
h00,2029404602455467623,p1,A,0.0394357176252315,0.023667265114265076
h00,2029404602455467623,p1,B,0.3324412355880231,0.40584373361291487
h00,2029404602455467623,p1,C,1.3777176607142856,2.05615125
h00,2029404602455467623,p2,A,0.06991557527167507,0.0482411964817289
h00,2029404602455467623,p2,B,0.26270321797710017,0.3685034703428399
h00,2029404602455467623,p2,C,0.7566569130434783,1.5673926397515527
h00,2029404602455467623,p3,A,0.07599066295793137,0.053729018098093315
h00,2029404602455467623,p3,B,0.2522575763636921,0.37082046334109375
h00,2029404602455467623,p3,C,0.8748966376811594,1.5395831449275363
h00,2030134370402383281,p1,A,0.040268392361892794,0.02422876837221951
h00,2030134370402383281,p1,B,0.3086198517214017,0.40367052777620277
h00,2030134370402383281,p1,C,1.2867993037037038,1.7783638148148149
h00,2030134370402383281,p2,A,0.06841072525620673,0.047884738821320466
h00,2030134370402383281,p2,B,0.254062855490272,0.3657466128661959
h00,2030134370402383281,p2,C,0.9891689448621555,1.7956250125313284
h00,2030134370402383281,p3,A,0.07525802423179759,0.05317182633395305
h00,2030134370402383281,p3,B,0.2572922205557945,0.36766218982453996
h00,2030134370402383281,p3,C,0.7830522847826087,1.7209816449275364
h00,2031456289375906414,p1,A,0.03994210546143979,0.024359926448578782
h00,2031456289375906414,p1,B,0.2946589150636901,0.3983782685139185
h00,2031456289375906414,p1,C,1.4721460567375888,2.092345709219858
h00,2031456289375906414,p2,A,0.06966007238364975,0.04861175302528949
h00,2031456289375906414,p2,B,0.2528959626618259,0.36211552062236985
h00,2031456289375906414,p2,C,1.1678409786666666,1.9103474
h00,2031456289375906414,p3,A,0.07478474490056271,0.05353001333134168
h00,2031456289375906414,p3,B,0.24254451887940548,0.3653105177736059
h00,2031456289375906414,p3,C,0.9217315750000001,1.6467868541666668
h00,2074319997304613406,p1,A,0.040348121917131406,0.024061916099225304
h00,2074319997304613406,p1,B,0.30409247716450216,0.40180343021858195
h00,2074319997304613406,p1,C,1.204688454059829,1.9086444978632477
h00,2074319997304613406,p2,A,0.06913561248786147,0.04816335120976893
h00,2074319997304613406,p2,B,0.2552783898919568,0.3646622443170747
h00,2074319997304613406,p2,C,0.9003351084656085,1.6086589285714286
h00,2074319997304613406,p3,A,0.07609642903469552,0.05532927056456392
h00,2074319997304613406,p3,B,0.24352158648770758,0.3703695221272747
h00,2074319997304613406,p3,C,1.0498498192307693,1.6863278333333334
h00,20923183537115587,p1,A,0.03984833405984265,0.02378375408054885
h00,20923183537115587,p1,B,0.2975004796176787,0.3983012169160066
h00,20923183537115587,p1,C,1.367776295402299,1.9222848620689656
h00,20923183537115587,p2,A,0.06621412152688966,0.045779688575066375
h00,20923183537115587,p2,B,0.25178659818439253,0.3726694832489986
h00,20923183537115587,p2,C,0.9267846417910448,1.7291137313432836
h00,20923183537115587,p3,A,0.07544538508870567,0.053052959972205445
h00,20923183537115587,p3,B,0.25529115043618195,0.3660037207323736
h00,20923183537115587,p3,C,0.7769324859307359,1.5452639935064936
h00,2104317743172604597,p1,A,0.04054536586781851,0.025272266152448836
h00,2104317743172604597,p1,B,0.30528996709853,0.3994920854396858
h00,2104317743172604597,p1,C,1.2607244697986577,1.7832733221476509
h00,2104317743172604597,p2,A,0.07007113094227858,0.049749819860174425
h00,2104317743172604597,p2,B,0.24747239361682632,0.36637098168772914
h00,2104317743172604597,p2,C,1.1057006739130435,1.679064
h00,2104317743172604597,p3,A,0.07746622657977595,0.056101580010371514
h00,2104317743172604597,p3,B,0.25391084488570315,0.3701067230336254
h00,2104317743172604597,p3,C,1.0235130650406503,1.5902413414634147
h00,2110323454478545514,p1,A,0.041175891886375604,0.025065816343162833
h00,2110323454478545514,p1,B,0.3038173427898376,0.40325461948678043
h00,2110323454478545514,p1,C,1.262332882113821,1.8901038821138212
h00,2110323454478545514,p2,A,0.06947691642892649,0.04922893963158113
h00,2110323454478545514,p2,B,0.2591894695842391,0.37170611718573965
h00,2110323454478545514,p2,C,0.9326744412878788,1.7504280018939395
h00,2110323454478545514,p3,A,0.07805335273625051,0.05690390021512308
h00,2110323454478545514,p3,B,0.25707730677620233,0.3719209995659802
h00,2110323454478545514,p3,C,0.8692288588235293,1.621115843137255
h00,2115986567917414732,p1,A,0.040502539237955694,0.024337861722394445
h00,2115986567917414732,p1,B,0.2975083299081468,0.40201928578658513
h00,2115986567917414732,p1,C,1.37127331640625,2.0361051953125
h00,2115986567917414732,p2,A,0.06852193232438392,0.047547626615192615
h00,2115986567917414732,p2,B,0.2590207909563484,0.36911800311033843
h00,2115986567917414732,p2,C,0.9793309803921568,1.7531997494553375
h00,2115986567917414732,p3,A,0.07462684712336157,0.05260121856178866
h00,2115986567917414732,p3,B,0.26194260976435857,0.3699061626942801
h00,2115986567917414732,p3,C,0.8558751262327416,1.7011150098619328
h00,215278918430462039,p1,A,0.03968352665387922,0.02401515184405658
h00,215278918430462039,p1,B,0.3024365997195986,0.40335519939082387
h00,215278918430462039,p1,C,1.315522888,1.9862857733333332
h00,215278918430462039,p2,A,0.07016109622801363,0.04912026885839909
h00,215278918430462039,p2,B,0.25823855681355273,0.3719623675217044
h00,215278918430462039,p2,C,1.0827075,1.7312122047244094
h00,215278918430462039,p3,A,0.07894271600749639,0.056757950301736936
h00,215278918430462039,p3,B,0.2565066474632203,0.3693113387806849
h00,215278918430462039,p3,C,1.0202938245614035,1.7780423934837093
h00,2156816541948973614,p1,A,0.04039555305251983,0.024669474742297123
h00,2156816541948973614,p1,B,0.31028581786701526,0.40765455445831034
h00,2156816541948973614,p1,C,1.2546490130208334,1.7990713020833333
h00,2156816541948973614,p2,A,0.06784505132487825,0.04769215868917713
h00,2156816541948973614,p2,B,0.2558607606077846,0.36692735667740645
h00,2156816541948973614,p2,C,1.2783926790123457,1.8968006790123457
h00,2156816541948973614,p3,A,0.07625372473461502,0.055122391585274655
h00,2156816541948973614,p3,B,0.26130389849353447,0.3707095679424295
h00,2156816541948973614,p3,C,0.9906841581920903,1.595167358757062
h00,2174043611906189471,p1,A,0.038737322420295914,0.023813771138735368
h00,2174043611906189471,p1,B,0.30234216841989847,0.3992088030861658
h00,2174043611906189471,p1,C,1.262416320802005,1.8754019799498747
h00,2174043611906189471,p2,A,0.06899486249735412,0.047468797953169065
h00,2174043611906189471,p2,B,0.26507308200498747,0.3707311766175585
h00,2174043611906189471,p2,C,1.0169092,1.7628621304347825
h00,2174043611906189471,p3,A,0.07489963943089259,0.052426991261772846
h00,2174043611906189471,p3,B,0.2560855612404144,0.3670412077009705
h00,2174043611906189471,p3,C,0.8708261124661246,1.6848622628726286
h00,217638068633519425,p1,A,0.03962336258113068,0.024667147742998344
h00,217638068633519425,p1,B,0.2963553843932808,0.4053678313053475
h00,217638068633519425,p1,C,1.2540953234649124,1.917896524122807
h00,217638068633519425,p2,A,0.06666187226256871,0.04678153705782922
h00,217638068633519425,p2,B,0.25189306565500336,0.36292529021650377
h00,217638068633519425,p2,C,0.8581471495238094,1.7442190380952383
h00,217638068633519425,p3,A,0.0751519114452226,0.05402703436204325
h00,217638068633519425,p3,B,0.2584547342699753,0.365873889772627
h00,217638068633519425,p3,C,0.8501977688172043,1.7876316129032257
h00,2213029515177919753,p1,A,0.040076038999226994,0.024899920488534732
h00,2213029515177919753,p1,B,0.2945663977408634,0.3948891171197598
h00,2213029515177919753,p1,C,1.1989465360934184,1.907254617834395
h00,2213029515177919753,p2,A,0.06632317132098672,0.0475413336986705
h00,2213029515177919753,p2,B,0.25559387408397793,0.3720762917248587
h00,2213029515177919753,p2,C,1.0454773972431077,1.7024040852130327
h00,2213029515177919753,p3,A,0.07638426221256558,0.055189944876309995
h00,2213029515177919753,p3,B,0.2563795072903038,0.36656643100135583
h00,2213029515177919753,p3,C,0.6817598349593496,1.561549780487805
h00,2226314848128698481,p1,A,0.039889656092603004,0.023993871856735797
h00,2226314848128698481,p1,B,0.310764463957237,0.396625533528922
h00,2226314848128698481,p1,C,1.3418334032258064,1.8859786155913978
h00,2226314848128698481,p2,A,0.06849490089074883,0.04783746681817184
h00,2226314848128698481,p2,B,0.26222432546517244,0.3683258363370481
h00,2226314848128698481,p2,C,0.9887052304347826,1.7678181304347824
h00,2226314848128698481,p3,A,0.07677120854922517,0.05424731266997646
h00,2226314848128698481,p3,B,0.2494727396373951,0.37087556628287627
h00,2226314848128698481,p3,C,0.881835923076923,1.7254167094017092
h00,2231209458305127871,p1,A,0.03981643359320041,0.02369628509460122
h00,2231209458305127871,p1,B,0.3157040001084544,0.4067272519345238
h00,2231209458305127871,p1,C,1.236104326446281,1.7355738842975206
h00,2231209458305127871,p2,A,0.06668752463502259,0.04692843149142717
h00,2231209458305127871,p2,B,0.25362172226060886,0.3683200715463708
h00,2231209458305127871,p2,C,0.8806923563685637,1.7527245799457996
h00,2231209458305127871,p3,A,0.07640163004614635,0.0551956657896738
h00,2231209458305127871,p3,B,0.25670547761208656,0.36741142159341533
h00,2231209458305127871,p3,C,0.8143790350877192,1.575695298245614
h00,2248913045146814560,p1,A,0.040819494935205154,0.024657758605688595
h00,2248913045146814560,p1,B,0.31303902580750304,0.40098142285453536
h00,2248913045146814560,p1,C,1.6578626328125,1.9633822005208332
h00,2248913045146814560,p2,A,0.06761237361376195,0.047900463942678904
h00,2248913045146814560,p2,B,0.2515618156340716,0.3664057733266577
h00,2248913045146814560,p2,C,1.0925080749235474,1.726972155963303
h00,2248913045146814560,p3,A,0.07622552683152024,0.054817470884665154
h00,2248913045146814560,p3,B,0.2560033946791225,0.36881368975247447
h00,2248913045146814560,p3,C,0.8535629422764227,1.7942102764227643
h00,2261080031299322371,p1,A,0.04029234510862283,0.02459020544689355
h00,2261080031299322371,p1,B,0.30989222064399563,0.40601736714434217
h00,2261080031299322371,p1,C,1.434828835802469,2.105005851851852
h00,2261080031299322371,p2,A,0.07093901715339475,0.049826516171838905
h00,2261080031299322371,p2,B,0.2612504799605876,0.36872895363963826
h00,2261080031299322371,p2,C,0.9660999137931034,1.6155631034482758
h00,2261080031299322371,p3,A,0.0754992534488823,0.05409345002607975
h00,2261080031299322371,p3,B,0.24765059482359933,0.3661446445066171
h00,2261080031299322371,p3,C,0.8683725223097113,1.7518135433070867
h00,2270685292642668965,p1,A,0.04095794541107754,0.02453934333546918
h00,2270685292642668965,p1,B,0.3036342102315497,0.4036944853690067
h00,2270685292642668965,p1,C,1.2902065569800572,1.9964379487179487
h00,2270685292642668965,p2,A,0.06978356031119175,0.04933986123588194
h00,2270685292642668965,p2,B,0.2552001907038576,0.3689637733890868
h00,2270685292642668965,p2,C,0.9336501013888888,1.596319361111111
h00,2270685292642668965,p3,A,0.07459326987326047,0.05436633826852343
h00,2270685292642668965,p3,B,0.24962902433760037,0.3675891661183775
h00,2270685292642668965,p3,C,0.7850624221014493,1.5458069444444444
h00,2276589658571010949,p1,A,0.0400707223443194,0.02394610774196471
h00,2276589658571010949,p1,B,0.32011340299967606,0.4007116395740201
h00,2276589658571010949,p1,C,2.245934464,2.9157861200000004
h00,2276589658571010949,p2,A,0.06680098777374584,0.04714733561747617
h00,2276589658571010949,p2,B,0.25281432333251064,0.3655083711359635
h00,2276589658571010949,p2,C,0.7935671333333334,1.6342702882882885
h00,2276589658571010949,p3,A,0.07504702796047436,0.05311588215197748
h00,2276589658571010949,p3,B,0.26515547512902315,0.3697717868982774
h00,2276589658571010949,p3,C,0.8457144199669967,1.779207813531353
h00,2325391773764637243,p1,A,0.040207242771210266,0.023995121172150295
h00,2325391773764637243,p1,B,0.31333475167975783,0.4055463144804451
h00,2325391773764637243,p1,C,2.0598487652068127,2.8535414355231143
h00,2325391773764637243,p2,A,0.06838853926163259,0.04817657313415436
h00,2325391773764637243,p2,B,0.25645778866830005,0.36767373417809024
h00,2325391773764637243,p2,C,0.9687371934306569,1.6147588929440388
h00,2325391773764637243,p3,A,0.07347788207989134,0.05291284554827513
h00,2325391773764637243,p3,B,0.257358534664144,0.37183763933684477
h00,2325391773764637243,p3,C,0.8972726753731344,1.589136343283582
h00,2333974635431175188,p1,A,0.040133304266552025,0.02445395170029029
h00,2333974635431175188,p1,B,0.30697481169121255,0.4010018941654394
h00,2333974635431175188,p1,C,1.082883670940171,1.7199955555555557
h00,2333974635431175188,p2,A,0.06698715585884475,0.0469485437113119
h00,2333974635431175188,p2,B,0.25610711397620545,0.3755332739397005
h00,2333974635431175188,p2,C,0.87181731292517,1.6523492970521543
h00,2333974635431175188,p3,A,0.074528120322819,0.05304989672277031
h00,2333974635431175188,p3,B,0.24823863388784542,0.37246187879828563
h00,2333974635431175188,p3,C,0.8099855448430493,1.7491058071748877
h00,2341198055877650802,p1,A,0.04005671369411325,0.024441693893455473
h00,2341198055877650802,p1,B,0.3048553675558795,0.40351609546242306
h00,2341198055877650802,p1,C,1.224596133903134,1.7272787464387465
h00,2341198055877650802,p2,A,0.0685496271174298,0.04803849978307239
h00,2341198055877650802,p2,B,0.25296194896086305,0.36917787401725427
h00,2341198055877650802,p2,C,1.1077335663716814,1.7309349557522125
h00,2341198055877650802,p3,A,0.07670255772197905,0.05578298104270335
h00,2341198055877650802,p3,B,0.25226957406168027,0.3659275257506004
h00,2341198055877650802,p3,C,0.885228159090909,1.6498852272727274
h00,2348161418297934513,p1,A,0.04032345813840009,0.02451815395262953
h00,2348161418297934513,p1,B,0.2826593108415213,0.39066390004775076
h00,2348161418297934513,p1,C,1.1413722176870749,1.81962537414966
h00,2348161418297934513,p2,A,0.06837353972495304,0.047882789123362836
h00,2348161418297934513,p2,B,0.2603399599184568,0.3676603503958875
h00,2348161418297934513,p2,C,0.9342713084577114,1.6949959950248756
h00,2348161418297934513,p3,A,0.07439368366006512,0.05453188102087562
h00,2348161418297934513,p3,B,0.2412446610806141,0.3673264816764976
h00,2348161418297934513,p3,C,0.8679789644607844,1.5865426102941176
h00,2377990193666223348,p1,A,0.04074737458437166,0.02476497159232422
h00,2377990193666223348,p1,B,0.3058032881676109,0.40781626174324076
h00,2377990193666223348,p1,C,1.3407985260416666,1.9217128515625
h00,2377990193666223348,p2,A,0.06771819764444717,0.04706469883404416
h00,2377990193666223348,p2,B,0.26110927828962177,0.3694976374191805
h00,2377990193666223348,p2,C,1.110684353982301,1.8094001327433626
h00,2377990193666223348,p3,A,0.0776146815916431,0.055420808469368865
h00,2377990193666223348,p3,B,0.2601565281846303,0.36899981879950244
h00,2377990193666223348,p3,C,1.0109621885964912,1.6620328508771929
h00,2398732858742842846,p1,A,0.03939322086711147,0.023528662663716587
h00,2398732858742842846,p1,B,0.31503688096536503,0.40474787777453175
h00,2398732858742842846,p1,C,1.3448759285714285,1.8739553383458647
h00,2398732858742842846,p2,A,0.06937470818139228,0.04814186167356128
h00,2398732858742842846,p2,B,0.26134210381557105,0.36276614595379436
h00,2398732858742842846,p2,C,1.0724102398373985,1.8636634823848237
h00,2398732858742842846,p3,A,0.07532779899411869,0.053447048164890945
h00,2398732858742842846,p3,B,0.2538265513585399,0.36890618227607475
h00,2398732858742842846,p3,C,0.8132873935185185,1.562487453703704
h00,2402059822941775694,p1,A,0.04040649278657441,0.02457966122476559
h00,2402059822941775694,p1,B,0.32351476500971815,0.4085760023939099
h00,2402059822941775694,p1,C,1.4996366507936507,2.0188578571428573
h00,2402059822941775694,p2,A,0.06911423544927485,0.04739888788209807
h00,2402059822941775694,p2,B,0.24496067394937562,0.3671359866975414
h00,2402059822941775694,p2,C,0.9350967648261759,1.8559168302658489
h00,2402059822941775694,p3,A,0.0774155155607443,0.055317120293482104
h00,2402059822941775694,p3,B,0.24824594574903597,0.3723293097434435
h00,2402059822941775694,p3,C,0.8870765171717172,1.7168684141414143
h00,2414559306889225485,p1,A,0.03983759921074696,0.02390290278131427
h00,2414559306889225485,p1,B,0.3057489357580107,0.39652992359337363
h00,2414559306889225485,p1,C,1.2790284711286088,1.8262594488188975
h00,2414559306889225485,p2,A,0.06804960573434542,0.04677177788247662
h00,2414559306889225485,p2,B,0.24968242064796123,0.36711345617840235
h00,2414559306889225485,p2,C,0.9743031771653543,1.74386031496063
h00,2414559306889225485,p3,A,0.07660894714636593,0.05491960285660214
h00,2414559306889225485,p3,B,0.25334166125112645,0.3664972161568711
h00,2414559306889225485,p3,C,0.844179382996633,1.7809760942760942
h00,2419367695980860718,p1,A,0.040142200003699564,0.024241990906255766
h00,2419367695980860718,p1,B,0.30333717490090334,0.4019003227892231
h00,2419367695980860718,p1,C,1.648855524590164,2.1611394262295085
h00,2419367695980860718,p2,A,0.06981072993746419,0.04916735876788861
h00,2419367695980860718,p2,B,0.2571091229984912,0.36532780710621615
h00,2419367695980860718,p2,C,1.0631695849056604,1.716256650943396
h00,2419367695980860718,p3,A,0.07543093115250293,0.05353003858566223
h00,2419367695980860718,p3,B,0.249556340945631,0.3670003327980238
h00,2419367695980860718,p3,C,0.851857358974359,1.6209938461538462
h00,2421630746348809573,p1,A,0.0394298694107865,0.023397073902330288
h00,2421630746348809573,p1,B,0.3153045024281738,0.3960888661190642
h00,2421630746348809573,p1,C,1.3336215497512438,1.9449383582089552
h00,2421630746348809573,p2,A,0.06865780486842805,0.04753221169180774
h00,2421630746348809573,p2,B,0.25438321203824116,0.3680761860699525
h00,2421630746348809573,p2,C,1.0327032262872629,1.7094679674796747
h00,2421630746348809573,p3,A,0.07568091147552314,0.05421395943276359
h00,2421630746348809573,p3,B,0.25150790038371384,0.36484256105709484
h00,2421630746348809573,p3,C,1.130158534188034,1.8229927777777777
h00,2423373918653785487,p1,A,0.04017136943753388,0.02423459105352832
h00,2423373918653785487,p1,B,0.3094549212294165,0.40360213906065356
h00,2423373918653785487,p1,C,1.2248016487603306,1.7249870661157025
h00,2423373918653785487,p2,A,0.06856608433079174,0.0475365982477448
h00,2423373918653785487,p2,B,0.25571090748905495,0.36732419180179743
h00,2423373918653785487,p2,C,1.0743570325203253,1.7840655013550135
h00,2423373918653785487,p3,A,0.07426166381554208,0.054306332429098644
h00,2423373918653785487,p3,B,0.25294745701711174,0.3711206889552119
h00,2423373918653785487,p3,C,0.884371543524416,1.7164164543524414
h00,24454192000205924,p1,A,0.03926430201427287,0.023137517671482685
h00,24454192000205924,p1,B,0.3133505216586151,0.3984875032469026
h00,24454192000205924,p1,C,1.2288674087301585,1.7872367195767196
h00,24454192000205924,p2,A,0.06845737023596782,0.046912894343253936
h00,24454192000205924,p2,B,0.2557058347099718,0.36464401822500103
h00,24454192000205924,p2,C,0.8478462277777778,1.66931375
h00,24454192000205924,p3,A,0.07384970100197714,0.052194349385520616
h00,24454192000205924,p3,B,0.2573468583752169,0.3692900287770279
h00,24454192000205924,p3,C,1.0791018903508773,1.7421723684210526
h00,2447731323343121822,p1,A,0.03999247419674918,0.02383391120010065
h00,2447731323343121822,p1,B,0.30601061219395237,0.41272707074248177
h00,2447731323343121822,p1,C,1.5227090154061624,1.9546836134453782
h00,2447731323343121822,p2,A,0.06827365464450713,0.04729239998115197
h00,2447731323343121822,p2,B,0.2550051134999958,0.37071182420048737
h00,2447731323343121822,p2,C,0.8111512382246376,1.6596680344202899
h00,2447731323343121822,p3,A,0.07560753107931774,0.05356136082352458
h00,2447731323343121822,p3,B,0.25478159889706264,0.3694681690736818
h00,2447731323343121822,p3,C,0.8553156919642857,1.4736975892857143
h00,2467830197506776770,p1,A,0.039720229817960695,0.024884693278612723
h00,2467830197506776770,p1,B,0.3228401698599061,0.40329668190402845
h00,2467830197506776770,p1,C,1.278004681034483,1.9167908189655172
h00,2467830197506776770,p2,A,0.06883911489975457,0.049960662355581775
h00,2467830197506776770,p2,B,0.25439448043855245,0.3686087447931941
h00,2467830197506776770,p2,C,0.9879590335917312,1.6481443410852714
h00,2467830197506776770,p3,A,0.07757202783836556,0.05735281584014347
h00,2467830197506776770,p3,B,0.25506683366131677,0.3651257397842065
h00,2467830197506776770,p3,C,1.249094473880597,1.9000842412935324
h00,2474864708645148456,p1,A,0.040706107797118835,0.0243295818945509
h00,2474864708645148456,p1,B,0.3013003620616067,0.40244226919414605
h00,2474864708645148456,p1,C,1.524466566532258,2.1217425604838707
h00,2474864708645148456,p2,A,0.06877995599833969,0.04731997798039932
h00,2474864708645148456,p2,B,0.25980679053589584,0.37256257905153123
h00,2474864708645148456,p2,C,1.0707279036697248,1.6914087003058105
h00,2474864708645148456,p3,A,0.07721086441717978,0.0561022921882299
h00,2474864708645148456,p3,B,0.24638942149511406,0.36729881982391843
h00,2474864708645148456,p3,C,0.9353583656250001,1.81181146875
h00,2491469814547847332,p1,A,0.04057735221727789,0.02439968393475537
h00,2491469814547847332,p1,B,0.3005509192957793,0.40243615673629674
h00,2491469814547847332,p1,C,1.2874104042553192,1.9322165248226948
h00,2491469814547847332,p2,A,0.06687881867139105,0.04743639855748262
h00,2491469814547847332,p2,B,0.24339367682810978,0.3619098061275228
h00,2491469814547847332,p2,C,1.064535912202381,1.7049917261904761
h00,2491469814547847332,p3,A,0.07266002102291357,0.05194179422845314
h00,2491469814547847332,p3,B,0.24501623175033205,0.3682688483677258
h00,2491469814547847332,p3,C,0.8698219471830987,1.623207089201878
h00,2500502901733353259,p1,A,0.03968374567873497,0.023847938762605596
h00,2500502901733353259,p1,B,0.29540007121858464,0.3953772672891865
h00,2500502901733353259,p1,C,1.3237405912698412,1.8696045767195768
h00,2500502901733353259,p2,A,0.06786125808037691,0.04613790289060114
h00,2500502901733353259,p2,B,0.2579201203974328,0.3702273661176165
h00,2500502901733353259,p2,C,1.0886763738095238,1.6665258968253969
h00,2500502901733353259,p3,A,0.07451371394205196,0.05325193189565731
h00,2500502901733353259,p3,B,0.25136699124393985,0.3665653091532325
h00,2500502901733353259,p3,C,0.8800120027548209,1.7154633333333333
h00,2505890466052842857,p1,A,0.03978024860738955,0.024336083554654723
h00,2505890466052842857,p1,B,0.2984454070950025,0.40106808742048766
h00,2505890466052842857,p1,C,1.2509554265091865,1.784298937007874
h00,2505890466052842857,p2,A,0.06913150064814845,0.04784022114864083
h00,2505890466052842857,p2,B,0.25817914169862555,0.3670316707513867
h00,2505890466052842857,p2,C,0.893126935483871,1.7913027419354837
h00,2505890466052842857,p3,A,0.07531723906860446,0.054181479957734896
h00,2505890466052842857,p3,B,0.24844714320818184,0.3680064060208202
h00,2505890466052842857,p3,C,1.07260311,1.9182702999999999
h00,2531555882547941800,p1,A,0.040323531310375416,0.024088971710961193
h00,2531555882547941800,p1,B,0.312639125981751,0.39892578170478166
h00,2531555882547941800,p1,C,2.1040011289855074,2.7116545652173913
h00,2531555882547941800,p2,A,0.0685490516015579,0.04727469829616501
h00,2531555882547941800,p2,B,0.27003391341152544,0.37093824607284837
h00,2531555882547941800,p2,C,1.0309924609929078,1.7951790780141843
h00,2531555882547941800,p3,A,0.07440685014773825,0.053807778079669015
h00,2531555882547941800,p3,B,0.2553612057069601,0.37379429152620375
h00,2531555882547941800,p3,C,0.9520341007751938,1.6050429198966407
h00,2538182891345640416,p1,A,0.03914353146042439,0.023688572460864254
h00,2538182891345640416,p1,B,0.3160208479357641,0.3948563990888264
h00,2538182891345640416,p1,C,1.4009741851851854,2.0772672222222224
h00,2538182891345640416,p2,A,0.0672303093739011,0.04658459149499324
h00,2538182891345640416,p2,B,0.2607072254645856,0.3625244348353879
h00,2538182891345640416,p2,C,0.8155628333333333,1.6393609226190478
h00,2538182891345640416,p3,A,0.07549812666495592,0.05346511020652444
h00,2538182891345640416,p3,B,0.2516466495641821,0.3675119555654032
h00,2538182891345640416,p3,C,0.8926019782608696,1.5580286231884057
h00,2553817847603666864,p1,A,0.04037496813176633,0.024162164591278595
h00,2553817847603666864,p1,B,0.3102233772601794,0.4056665422212363
h00,2553817847603666864,p1,C,1.3846680135135134,1.9613188738738738
h00,2553817847603666864,p2,A,0.06834764630088876,0.04757729567058893
h00,2553817847603666864,p2,B,0.26344398101155075,0.3710718414348925
h00,2553817847603666864,p2,C,1.02337823046875,1.66281078125
h00,2553817847603666864,p3,A,0.07562268605865768,0.05448089104299419
h00,2553817847603666864,p3,B,0.25612952042406406,0.36518819844946643
h00,2553817847603666864,p3,C,0.9498542703081232,1.6546851960784312
h00,2582636653590832573,p1,A,0.04130484091470046,0.025470478180848587
h00,2582636653590832573,p1,B,0.2996019548974686,0.4017680154773955
h00,2582636653590832573,p1,C,1.2734432009345793,1.8587408878504674
h00,2582636653590832573,p2,A,0.06817769557144689,0.04888323407668917
h00,2582636653590832573,p2,B,0.24735584542575334,0.3685098880138717
h00,2582636653590832573,p2,C,0.836798245398773,1.682597627811861
h00,2582636653590832573,p3,A,0.07531298088320476,0.05545586300878123
h00,2582636653590832573,p3,B,0.2452867162869314,0.36422667829727096
h00,2582636653590832573,p3,C,0.7802769612903226,1.6111409032258066
h00,2592630812011419061,p1,A,0.04008941444853364,0.023718372151492854
h00,2592630812011419061,p1,B,0.2962388832771009,0.4029148831682808
h00,2592630812011419061,p1,C,1.3943463684210526,2.00457977443609
h00,2592630812011419061,p2,A,0.0672980617495706,0.04684037653935166
h00,2592630812011419061,p2,B,0.24828554238645234,0.3628463807374614
h00,2592630812011419061,p2,C,0.8624979071428571,1.675322011904762
h00,2592630812011419061,p3,A,0.07329556702577021,0.052546230498627514
h00,2592630812011419061,p3,B,0.251440224372948,0.3673140487508538
h00,2592630812011419061,p3,C,0.9785646038961039,1.7923199025974026
h00,2599256936468401537,p1,A,0.04064942077126102,0.025243627245143375
h00,2599256936468401537,p1,B,0.31177414749248805,0.4049129530864198
h00,2599256936468401537,p1,C,1.6831963608815428,2.1935441735537187
h00,2599256936468401537,p2,A,0.0692685123521066,0.05033701490613811
h00,2599256936468401537,p2,B,0.2533226487560074,0.3668241779411775
h00,2599256936468401537,p2,C,0.8693738814207651,1.6676703633879781
h00,2599256936468401537,p3,A,0.07543930294509073,0.05503952587300926
h00,2599256936468401537,p3,B,0.24633979657171842,0.3662627873125123
h00,2599256936468401537,p3,C,0.7034904350961538,1.6971373798076923
h00,2603773830718323133,p1,A,0.040045321996234166,0.023691096241443978
h00,2603773830718323133,p1,B,0.3057338454086318,0.401752885261708
h00,2603773830718323133,p1,C,1.1768041092342343,1.9916991554054055
h00,2603773830718323133,p2,A,0.0682957848384794,0.047393088353996235
h00,2603773830718323133,p2,B,0.26214897525356207,0.37776266158374233
h00,2603773830718323133,p2,C,0.8505664043560607,1.7720135511363637
h00,2603773830718323133,p3,A,0.07528533004057295,0.05343859251403125
h00,2603773830718323133,p3,B,0.2559561163160102,0.37006977426578674
h00,2603773830718323133,p3,C,1.0730020864583332,2.0116846041666667
h00,2642088376575620987,p1,A,0.04044918818463184,0.024580855755282904
h00,2642088376575620987,p1,B,0.3313092063966759,0.40716623311342287
h00,2642088376575620987,p1,C,1.0938676744444444,1.7333699111111112
h00,2642088376575620987,p2,A,0.06619418469584097,0.046459956685598526
h00,2642088376575620987,p2,B,0.25976725055958905,0.3728763109571926
h00,2642088376575620987,p2,C,0.9852043439849624,1.5785410338345864
h00,2642088376575620987,p3,A,0.07473230124617211,0.05330267059565708
h00,2642088376575620987,p3,B,0.2537583055959022,0.3665892046649853
h00,2642088376575620987,p3,C,0.8863487679738561,1.641462777777778
h00,2653841568400124273,p1,A,0.04000770805998245,0.024115848001751587
h00,2653841568400124273,p1,B,0.31450342917723784,0.4045387742112282
h00,2653841568400124273,p1,C,1.110479088235294,1.727426449579832
h00,2653841568400124273,p2,A,0.06888392015218346,0.04852729679927689
h00,2653841568400124273,p2,B,0.25427974176922014,0.36550025525679963
h00,2653841568400124273,p2,C,1.182169237891738,1.8991680341880344
h00,2653841568400124273,p3,A,0.07502785427169209,0.052765759415723146
h00,2653841568400124273,p3,B,0.25431409159878937,0.3682480990774674
h00,2653841568400124273,p3,C,0.8354712534246576,1.6685265068493151
h00,2655859107521200994,p1,A,0.04117960498517544,0.024717030315944282
h00,2655859107521200994,p1,B,0.3090751290991654,0.40444874243138307
h00,2655859107521200994,p1,C,1.3087154409492272,1.9130728200883
h00,2655859107521200994,p2,A,0.06941289204548119,0.04837128894192954
h00,2655859107521200994,p2,B,0.25589950477692874,0.3654233899433392
h00,2655859107521200994,p2,C,1.0396097153284671,1.7016290145985402
h00,2655859107521200994,p3,A,0.07443576325661289,0.0546496338374979
h00,2655859107521200994,p3,B,0.23942481892433276,0.36342006146234995
h00,2655859107521200994,p3,C,0.9916154018691589,1.594897570093458
h00,2664880680665600388,p1,A,0.040171226877841866,0.024555601035902534
h00,2664880680665600388,p1,B,0.3139171636949949,0.40103355914588057
h00,2664880680665600388,p1,C,1.2269289494535518,1.7688314890710382
h00,2664880680665600388,p2,A,0.06812789945580877,0.048069065041242594
h00,2664880680665600388,p2,B,0.2593522842137203,0.36610250795406213
h00,2664880680665600388,p2,C,0.9167631222222222,1.706929313131313
h00,2664880680665600388,p3,A,0.07652061638015177,0.054250977369975875
h00,2664880680665600388,p3,B,0.25506590360476733,0.3676651923286703
h00,2664880680665600388,p3,C,0.9054093380681819,1.695827537878788
h00,2671706936193863748,p1,A,0.039327812810213386,0.023872943314567886
h00,2671706936193863748,p1,B,0.3081346464667206,0.4061502573041207
h00,2671706936193863748,p1,C,1.3216728116531165,2.007146964769648
h00,2671706936193863748,p2,A,0.0675296033435123,0.046699098385417415
h00,2671706936193863748,p2,B,0.2516179834366411,0.36576516204513926
h00,2671706936193863748,p2,C,0.8033000528233151,1.714142950819672
h00,2671706936193863748,p3,A,0.07443517081241299,0.05196563833216694
h00,2671706936193863748,p3,B,0.2505793141672401,0.3684411948352606
h00,2671706936193863748,p3,C,0.750646982174688,1.6693108333333335
h00,2691141080745763637,p1,A,0.039777233394531326,0.02424816163921634
h00,2691141080745763637,p1,B,0.3141673941698445,0.4124811849149311
h00,2691141080745763637,p1,C,1.2145700170068028,1.7677988321995464
h00,2691141080745763637,p2,A,0.06831147589420425,0.04819536291285039
h00,2691141080745763637,p2,B,0.26564964413545766,0.3729682859629124
h00,2691141080745763637,p2,C,0.9394163295165395,1.5661739058524173
h00,2691141080745763637,p3,A,0.07743546466451597,0.05660829303371814
h00,2691141080745763637,p3,B,0.24929136873185878,0.3682316751089383
h00,2691141080745763637,p3,C,0.9086959488304094,1.6752390497076022
h00,270483754946125459,p1,A,0.040208966429060425,0.024615876800971884
h00,270483754946125459,p1,B,0.3229300392095644,0.4107802129420922
h00,270483754946125459,p1,C,1.4668246192307692,2.0203785384615385
h00,270483754946125459,p2,A,0.06885039665146178,0.049302844581311525
h00,270483754946125459,p2,B,0.25519410525802994,0.36616401139192317
h00,270483754946125459,p2,C,1.0242360428571429,1.8776438928571426
h00,270483754946125459,p3,A,0.07694599890423598,0.05477518463999455
h00,270483754946125459,p3,B,0.2563642739043168,0.3673624264185969
h00,270483754946125459,p3,C,0.9125857880116959,1.5983530847953218
h00,271591246254653605,p1,A,0.040389844239026994,0.024293415424486292
h00,271591246254653605,p1,B,0.312091527412731,0.41296620455901045
h00,271591246254653605,p1,C,1.250565598108747,1.8347809338061467
h00,271591246254653605,p2,A,0.0706578306288436,0.05041642654547702
h00,271591246254653605,p2,B,0.2524165876285807,0.36307801569567344
h00,271591246254653605,p2,C,0.8851063843843844,1.7512115315315315
h00,271591246254653605,p3,A,0.07664608338078152,0.0545655004313526
h00,271591246254653605,p3,B,0.25600560863563476,0.3668824595972185
h00,271591246254653605,p3,C,0.8520704682539683,1.7263049305555556
h00,2758864400102165616,p1,A,0.04031602393633482,0.02443364613053342
h00,2758864400102165616,p1,B,0.30641236349280887,0.396772042041057
h00,2758864400102165616,p1,C,1.5063310483870969,2.2130838306451612
h00,2758864400102165616,p2,A,0.06813010658889282,0.04853278550727398
h00,2758864400102165616,p2,B,0.255387663629677,0.3668708439877001
h00,2758864400102165616,p2,C,0.9556888780487806,1.6346997560975611
h00,2758864400102165616,p3,A,0.0726325261036116,0.05237844237152867
h00,2758864400102165616,p3,B,0.2516255066842838,0.36893913774487086
h00,2758864400102165616,p3,C,0.9154088295454545,1.6226773106060606
h00,2779358138066508310,p1,A,0.040744611055430334,0.025509031707956046
h00,2779358138066508310,p1,B,0.3373687941623832,0.41401073368409147
h00,2779358138066508310,p1,C,1.0840794087591241,1.7966036496350366
h00,2779358138066508310,p2,A,0.0704174214922977,0.05113650766402312
h00,2779358138066508310,p2,B,0.25733914168538674,0.36754245759129217
h00,2779358138066508310,p2,C,0.9068207505446623,1.6246131154684096
h00,2779358138066508310,p3,A,0.07703229300987308,0.05498547862816186
h00,2779358138066508310,p3,B,0.24895178464103523,0.3654873603639786
h00,2779358138066508310,p3,C,0.8703046840490798,1.7481057975460121
h00,2783379615822094480,p1,A,0.04038024611386623,0.023919796034818072
h00,2783379615822094480,p1,B,0.30625143439343566,0.40466674695577065
h00,2783379615822094480,p1,C,1.2839711477541371,1.871245378250591
h00,2783379615822094480,p2,A,0.07160134405640046,0.05065835682861997
h00,2783379615822094480,p2,B,0.24833785464778263,0.3654800184821865
h00,2783379615822094480,p2,C,0.9023094554140128,1.7001532377919322
h00,2783379615822094480,p3,A,0.07587192625568485,0.05415271340391413
h00,2783379615822094480,p3,B,0.25011240121187733,0.3689418064840411
h00,2783379615822094480,p3,C,0.9216771783854166,1.7062373307291667
h00,2787227107786957027,p1,A,0.040557027912916835,0.024332084377294238
h00,2787227107786957027,p1,B,0.30781105021641597,0.40803998754999005
h00,2787227107786957027,p1,C,1.945486580808081,2.6444193813131314
h00,2787227107786957027,p2,A,0.06900061584472901,0.04821358352984183
h00,2787227107786957027,p2,B,0.25279555560755257,0.3663921751622286
h00,2787227107786957027,p2,C,1.0398431004901962,1.7177889950980392
h00,2787227107786957027,p3,A,0.07664825275514883,0.0545391358112689
h00,2787227107786957027,p3,B,0.24350373406719325,0.3633603624609616
h00,2787227107786957027,p3,C,0.9875407719999999,1.67176008
h00,2795609852195796678,p1,A,0.04063332008938374,0.024354293401712593
h00,2795609852195796678,p1,B,0.29623375340540975,0.39082769013119534
h00,2795609852195796678,p1,C,1.982478873015873,2.431053611111111
h00,2795609852195796678,p2,A,0.06831232860408726,0.0472187062243324
h00,2795609852195796678,p2,B,0.2526234137077214,0.36414038121793096
h00,2795609852195796678,p2,C,0.8900558851851852,1.6747327654320987
h00,2795609852195796678,p3,A,0.07556553102422053,0.05502409896950166
h00,2795609852195796678,p3,B,0.24963544791486558,0.3697833609343099
h00,2795609852195796678,p3,C,0.892569172,1.7326817066666667
h00,2808630523817454920,p1,A,0.039946196329076124,0.024010124410649966
h00,2808630523817454920,p1,B,0.30873534717407186,0.40208924381516903
h00,2808630523817454920,p1,C,1.3120999181547617,1.9037687797619047
h00,2808630523817454920,p2,A,0.06847777271985953,0.047187402109597064
h00,2808630523817454920,p2,B,0.2711454631366123,0.3742379328805976
h00,2808630523817454920,p2,C,1.1910830607142857,1.8387872142857142
h00,2808630523817454920,p3,A,0.0757090710766808,0.054176977352680955
h00,2808630523817454920,p3,B,0.2537784907319529,0.3691791891349099
h00,2808630523817454920,p3,C,1.043610190184049,1.5951166257668712
h00,281200035054616547,p1,A,0.039492775279051005,0.023778987181201035
h00,281200035054616547,p1,B,0.3186577676543788,0.4120760841312239
h00,281200035054616547,p1,C,1.5013885607235142,2.0694013824289406
h00,281200035054616547,p2,A,0.0680053657815885,0.04679411918048404
h00,281200035054616547,p2,B,0.25845622065679447,0.3697878745946526
h00,281200035054616547,p2,C,0.98221489010989,1.6204564835164834
h00,281200035054616547,p3,A,0.07715855024668365,0.054650398177729965
h00,281200035054616547,p3,B,0.25319140767005244,0.36509147834045935
h00,281200035054616547,p3,C,1.1006542405660378,1.698159968553459
h00,2822220745379781803,p1,A,0.04012951497992959,0.02407315566502005
h00,2822220745379781803,p1,B,0.30570569772150663,0.4046521503000586
h00,2822220745379781803,p1,C,1.252735442982456,1.8327596052631578
h00,2822220745379781803,p2,A,0.06734937605077568,0.0476383050886759
h00,2822220745379781803,p2,B,0.26042378367803454,0.36674058150860994
h00,2822220745379781803,p2,C,1.0721162435897436,1.8016450997150997
h00,2822220745379781803,p3,A,0.07594669965038173,0.05463504994983057
h00,2822220745379781803,p3,B,0.25625229294929974,0.37258541322248795
h00,2822220745379781803,p3,C,0.935427067839196,1.8395784087102176
h00,2848035134851388027,p1,A,0.039716071741569194,0.02388703817621055
h00,2848035134851388027,p1,B,0.29773413671117405,0.40156731644420396
h00,2848035134851388027,p1,C,1.3461766553672316,2.0406113983050846
h00,2848035134851388027,p2,A,0.06795258178782772,0.04692554337959767
h00,2848035134851388027,p2,B,0.25713586112949866,0.3634446540374813
h00,2848035134851388027,p2,C,0.9378576634819532,1.7423973036093419
h00,2848035134851388027,p3,A,0.07754100630702239,0.05484654139885579
h00,2848035134851388027,p3,B,0.25643159301826457,0.3665680341446075
h00,2848035134851388027,p3,C,0.8630754172259508,1.5696466666666666
h00,2852581805686108790,p1,A,0.03990421662100896,0.02433050210309603
h00,2852581805686108790,p1,B,0.29092570392366435,0.39451830004384275
h00,2852581805686108790,p1,C,1.2057140584577115,1.7829328731343284
h00,2852581805686108790,p2,A,0.07027849514634389,0.048840291301843926
h00,2852581805686108790,p2,B,0.2656673646580917,0.37156550906664326
h00,2852581805686108790,p2,C,0.9418148616071429,1.6289371428571429
h00,2852581805686108790,p3,A,0.0753710373430141,0.053493631729032175
h00,2852581805686108790,p3,B,0.2511679151438544,0.3669277346438123
h00,2852581805686108790,p3,C,0.9492704918981482,1.6627868749999999
h00,2858835733309443672,p1,A,0.04060330519575455,0.02491959236357897
h00,2858835733309443672,p1,B,0.29857211713865267,0.39957028344126544
h00,2858835733309443672,p1,C,1.2235364621212121,1.7699865909090908
h00,2858835733309443672,p2,A,0.07078213834580069,0.049194837183820374
h00,2858835733309443672,p2,B,0.2560950224326167,0.36580751099929865
h00,2858835733309443672,p2,C,0.8752388550420168,1.5222903921568627
h00,2858835733309443672,p3,A,0.07514093960749876,0.05447675932729005
h00,2858835733309443672,p3,B,0.256886556183399,0.36895151311506574
h00,2858835733309443672,p3,C,0.8565584389671361,1.673973849765258
h00,2865146821799033060,p1,A,0.03998423967560747,0.02431764732903986
h00,2865146821799033060,p1,B,0.3068334923076923,0.3943616555134805
h00,2865146821799033060,p1,C,1.5944230979381444,2.2180969759450173
h00,2865146821799033060,p2,A,0.06732326969944336,0.04691574238173624
h00,2865146821799033060,p2,B,0.25808051065831256,0.36535322572190637
h00,2865146821799033060,p2,C,1.0180128,1.7136226543209876
h00,2865146821799033060,p3,A,0.07544181848007354,0.05401177295524181
h00,2865146821799033060,p3,B,0.25777711700771655,0.364251929897748
h00,2865146821799033060,p3,C,0.8113185943223443,1.7337645238095238
h00,2878077817887578999,p1,A,0.0401136535130938,0.024205525351547533
h00,2878077817887578999,p1,B,0.30800139735911475,0.40600334292558915
h00,2878077817887578999,p1,C,1.3107053820058998,2.004678156342183
h00,2878077817887578999,p2,A,0.07241185488945427,0.05037095515316222
h00,2878077817887578999,p2,B,0.2580625081558344,0.3726463673970539
h00,2878077817887578999,p2,C,0.8657405994623656,1.6729519086021507
h00,2878077817887578999,p3,A,0.07532185280891004,0.05403627581045511
h00,2878077817887578999,p3,B,0.25616901728026986,0.3632050687315567
h00,2878077817887578999,p3,C,0.9544878306451613,1.6190748790322582
h00,2886220092989791333,p1,A,0.04066308915504427,0.024786068242552313
h00,2886220092989791333,p1,B,0.3220651545667581,0.3974090739654778
h00,2886220092989791333,p1,C,1.3832341680327869,1.9996355737704918
h00,2886220092989791333,p2,A,0.0683619489046603,0.04706312617291791
h00,2886220092989791333,p2,B,0.25429554873915733,0.36862382441206826
h00,2886220092989791333,p2,C,1.0715864065420562,1.7427254984423677
h00,2886220092989791333,p3,A,0.07442854645797371,0.05425469948820178
h00,2886220092989791333,p3,B,0.24961954212196857,0.3704858670176589
h00,2886220092989791333,p3,C,1.0440482049180329,1.7490491803278687
h00,2888126316012786146,p1,A,0.04024918591583815,0.024799412797396586
h00,2888126316012786146,p1,B,0.30645507696908936,0.3946245812639933
h00,2888126316012786146,p1,C,1.2719021282051282,1.8275103846153846
h00,2888126316012786146,p2,A,0.07046940791995009,0.050587169574903654
h00,2888126316012786146,p2,B,0.2566334207629187,0.36582543403480183
h00,2888126316012786146,p2,C,0.8541616801242236,1.749092960662526
h00,2888126316012786146,p3,A,0.07672200302270642,0.05451469764607345
h00,2888126316012786146,p3,B,0.25820556568470004,0.3694470885248851
h00,2888126316012786146,p3,C,0.8795858185941043,1.5740248752834467
h00,2921426540513185172,p1,A,0.03940235660714317,0.024003632011510914
h00,2921426540513185172,p1,B,0.3183935828053397,0.4039337408198844
h00,2921426540513185172,p1,C,1.3589583953168043,1.8953225482093663
h00,2921426540513185172,p2,A,0.06791323340573459,0.04905368044199977
h00,2921426540513185172,p2,B,0.24097270111879157,0.36593732735487594
h00,2921426540513185172,p2,C,0.9594421844262295,1.7070514344262295
h00,2921426540513185172,p3,A,0.07467132993784649,0.053198323943020175
h00,2921426540513185172,p3,B,0.2483826748511647,0.36799270645331983
h00,2921426540513185172,p3,C,1.1134941603773585,1.6795189937106918
h00,2921933502032537214,p1,A,0.040311801380422285,0.02463234341710098
h00,2921933502032537214,p1,B,0.3169550048600883,0.4055283114899362
h00,2921933502032537214,p1,C,1.449726891727494,2.229621192214112
h00,2921933502032537214,p2,A,0.06973013459571455,0.048489872527617175
h00,2921933502032537214,p2,B,0.25777145501187143,0.3722529758373842
h00,2921933502032537214,p2,C,1.3305503702185792,1.9418859016393442
h00,2921933502032537214,p3,A,0.07490705379116808,0.054342229665931725
h00,2921933502032537214,p3,B,0.2580994266267542,0.36586940454299244
h00,2921933502032537214,p3,C,0.847878966442953,1.708525894854586
h00,2923606406820336693,p1,A,0.04013381652947894,0.024218120916641026
h00,2923606406820336693,p1,B,0.31290313101648976,0.4116775177751809
h00,2923606406820336693,p1,C,1.2412658255033557,2.1934519798657717
h00,2923606406820336693,p2,A,0.06781105157702746,0.04850600946501706
h00,2923606406820336693,p2,B,0.26296431690431643,0.3703700337701417
h00,2923606406820336693,p2,C,0.9503246165413534,1.643750864661654
h00,2923606406820336693,p3,A,0.07445192333876988,0.053995316477044385
h00,2923606406820336693,p3,B,0.2493131985595723,0.3613443777750043
h00,2923606406820336693,p3,C,0.7454967740286299,1.50997327198364
h00,2966237868303496626,p1,A,0.03983349746892148,0.023906906744554673
h00,2966237868303496626,p1,B,0.31176967425125746,0.3996702027189888
h00,2966237868303496626,p1,C,1.2513599422043011,1.890221182795699
h00,2966237868303496626,p2,A,0.0700176301358459,0.048476965302797305
h00,2966237868303496626,p2,B,0.25686497624180693,0.369492111750708
h00,2966237868303496626,p2,C,1.0456367839506173,1.877273024691358
h00,2966237868303496626,p3,A,0.07640406128878952,0.05392493989569554
h00,2966237868303496626,p3,B,0.24662938780047197,0.3696861061921189
h00,2966237868303496626,p3,C,0.8246458733974359,1.755230080128205
h00,2976638450342219709,p1,A,0.040716714259827175,0.024612276800318644
h00,2976638450342219709,p1,B,0.3324864640336326,0.4091359513555491
h00,2976638450342219709,p1,C,1.326758363768116,2.076791768115942
h00,2976638450342219709,p2,A,0.07005892674559104,0.04811693730902733
h00,2976638450342219709,p2,B,0.2624212313891495,0.3661419148199746
h00,2976638450342219709,p2,C,0.8699451176975945,1.6563864604810996
h00,2976638450342219709,p3,A,0.07719714241517556,0.05593391894943555
h00,2976638450342219709,p3,B,0.25961162170407487,0.37173888549060047
h00,2976638450342219709,p3,C,0.8451698893805311,1.5767935398230088
h00,3005586598917918993,p1,A,0.039112937879838106,0.024102796026480452
h00,3005586598917918993,p1,B,0.296513443960621,0.4020400240021562
h00,3005586598917918993,p1,C,1.346587465909091,1.8950344318181818
h00,3005586598917918993,p2,A,0.06661312726145975,0.04652401400953208
h00,3005586598917918993,p2,B,0.2548428862566301,0.36643978924744347
h00,3005586598917918993,p2,C,1.008947923076923,1.7912730536130534
h00,3005586598917918993,p3,A,0.07543910682207329,0.05429524532971405
h00,3005586598917918993,p3,B,0.24908859502717937,0.3649523300259097
h00,3005586598917918993,p3,C,0.8312411658914728,1.7498971007751938
h00,3010344131163025760,p1,A,0.0397393622403752,0.02434381520905849
h00,3010344131163025760,p1,B,0.32060762138806215,0.4043049628381283
h00,3010344131163025760,p1,C,1.4439798925233647,2.1343160747663554
h00,3010344131163025760,p2,A,0.0684546235924892,0.04685507859041295
h00,3010344131163025760,p2,B,0.2571965784899569,0.37106448640440715
h00,3010344131163025760,p2,C,0.9588601244855968,1.8539459465020576
h00,3010344131163025760,p3,A,0.07679775664745579,0.05489931594023257
h00,3010344131163025760,p3,B,0.2546195068920932,0.3659084560397859
h00,3010344131163025760,p3,C,0.8139342816220239,1.7267867857142856
h00,3010793565915229609,p1,A,0.03980967595232845,0.024023785543116103
h00,3010793565915229609,p1,B,0.3006888262192026,0.40324329842219964
h00,3010793565915229609,p1,C,1.2745140709219858,1.8520755555555555
h00,3010793565915229609,p2,A,0.0683352751384836,0.04907175775753499
h00,3010793565915229609,p2,B,0.2486378471364531,0.37210822750063094
h00,3010793565915229609,p2,C,1.0559146863636364,1.7899543939393938
h00,3010793565915229609,p3,A,0.07640445033557923,0.05522337897936045
h00,3010793565915229609,p3,B,0.2419634658590145,0.3662356387451586
h00,3010793565915229609,p3,C,0.8444628242630386,1.710229081632653
h00,3014509334178662496,p1,A,0.0395722174696494,0.023716311473516688
h00,3014509334178662496,p1,B,0.31814092619936635,0.41207143669624674
h00,3014509334178662496,p1,C,1.2332926984848485,1.8389138484848484
h00,3014509334178662496,p2,A,0.06933543727166923,0.048853059598731326
h00,3014509334178662496,p2,B,0.25014300662672906,0.3700884617270509
h00,3014509334178662496,p2,C,0.9362075186335403,1.8526778364389236
h00,3014509334178662496,p3,A,0.07573574897257862,0.05454249477407126
h00,3014509334178662496,p3,B,0.2552611799450483,0.36846127962454794
h00,3014509334178662496,p3,C,1.056964686567164,1.5640564925373135
h00,3033343945241183067,p1,A,0.040700572149682736,0.024305091446292452
h00,3033343945241183067,p1,B,0.31847306570058315,0.4028033195993593
h00,3033343945241183067,p1,C,1.3165915444444445,1.9903767361111113
h00,3033343945241183067,p2,A,0.06962187691712225,0.048371701655066525
h00,3033343945241183067,p2,B,0.25919434620099774,0.36883170704277274
h00,3033343945241183067,p2,C,0.9914836350537635,1.8392213612903228
h00,3033343945241183067,p3,A,0.0777795948745288,0.05577027076486839
h00,3033343945241183067,p3,B,0.2490314135730953,0.36382335571342517
h00,3033343945241183067,p3,C,0.8412438913764511,1.7022805555555556
h00,3038989552798495505,p1,A,0.040054162735082964,0.024603700635469763
h00,3038989552798495505,p1,B,0.313054840638343,0.4053294904590789
h00,3038989552798495505,p1,C,1.3124642322404372,1.9312452459016394
h00,3038989552798495505,p2,A,0.06720324058047222,0.04731233440806793
h00,3038989552798495505,p2,B,0.25111712984803297,0.37080437997050647
h00,3038989552798495505,p2,C,0.9094569346846847,1.7830212462462462
h00,3038989552798495505,p3,A,0.0742855814758479,0.054328741110084074
h00,3038989552798495505,p3,B,0.24891863329142877,0.3729584936571934
h00,3038989552798495505,p3,C,0.9952449418604651,1.737393850129199
h00,3061773785222534487,p1,A,0.04013898437549896,0.02390543567435646
h00,3061773785222534487,p1,B,0.3073423101211274,0.4021769267570131
h00,3061773785222534487,p1,C,2.088064407542579,2.8304527858880775
h00,3061773785222534487,p2,A,0.06579150372693947,0.045708772920005525
h00,3061773785222534487,p2,B,0.24868361797505167,0.36155375939846573
h00,3061773785222534487,p2,C,0.9974662673160173,1.8249255086580085
h00,3061773785222534487,p3,A,0.07400610014368027,0.05352996258146295
h00,3061773785222534487,p3,B,0.2475224068287072,0.36661872445261595
h00,3061773785222534487,p3,C,0.8389215687830688,1.7407021693121691
h00,3080181151794706567,p1,A,0.03985196892208916,0.02407832845101366
h00,3080181151794706567,p1,B,0.3163723760169901,0.4101180227512734
h00,3080181151794706567,p1,C,1.2234974810298105,1.9358836585365853
h00,3080181151794706567,p2,A,0.06843706215916617,0.04782792188744858
h00,3080181151794706567,p2,B,0.25628523843258433,0.36685647218547346
h00,3080181151794706567,p2,C,0.8197279790660226,1.6023804750402575
h00,3080181151794706567,p3,A,0.07703814362898324,0.05493121683476602
h00,3080181151794706567,p3,B,0.2599252148646702,0.3687895075573969
h00,3080181151794706567,p3,C,0.9330141361323155,1.7472502544529263
h00,312131574232549325,p1,A,0.040227074330915304,0.024526400705137202
h00,312131574232549325,p1,B,0.302834986596276,0.3965869494696674
h00,312131574232549325,p1,C,1.540622013381995,2.142648588807786
h00,312131574232549325,p2,A,0.06617293391326302,0.04626201541183614
h00,312131574232549325,p2,B,0.2525200466899582,0.36377663707996033
h00,312131574232549325,p2,C,0.8745302086614173,1.5645417716535435
h00,312131574232549325,p3,A,0.07564404241154248,0.05419504877113609
h00,312131574232549325,p3,B,0.2534307432267932,0.365647364461921
h00,312131574232549325,p3,C,1.0506829318181818,1.6871265
h00,3129014550563080706,p1,A,0.039514814697478765,0.023790375513160412
h00,3129014550563080706,p1,B,0.3228216237394157,0.41596950005104955
h00,3129014550563080706,p1,C,1.288106682330827,2.0222658270676694
h00,3129014550563080706,p2,A,0.07033518761418837,0.049853328012937306
h00,3129014550563080706,p2,B,0.2525980530608544,0.3660422186930812
h00,3129014550563080706,p2,C,1.0640141459627328,1.8846489440993788
h00,3129014550563080706,p3,A,0.07594396852213649,0.05452429198369041
h00,3129014550563080706,p3,B,0.25493288331255265,0.3673172368511464
h00,3129014550563080706,p3,C,0.7831217834331338,1.6131330938123754
h00,3136481499597392437,p1,A,0.0399683924301487,0.02433457709303256
h00,3136481499597392437,p1,B,0.3257953873905872,0.41199362479260565
h00,3136481499597392437,p1,C,1.3634844962406014,1.9081804887218046
h00,3136481499597392437,p2,A,0.06779510859519372,0.04687905259974416
h00,3136481499597392437,p2,B,0.25233831260339135,0.36708981414863157
h00,3136481499597392437,p2,C,0.8748209661654136,1.6721711654135338
h00,3136481499597392437,p3,A,0.07664207662192288,0.05432331818293667
h00,3136481499597392437,p3,B,0.26595881068480665,0.36650840775666876
h00,3136481499597392437,p3,C,0.925637417682927,1.7164198983739838
h00,3142169725982065825,p1,A,0.03936476629848256,0.02354779858685913
h00,3142169725982065825,p1,B,0.3113832313913841,0.40467193194819095
h00,3142169725982065825,p1,C,1.4086649223057643,1.8886491102756893
h00,3142169725982065825,p2,A,0.06878154628963881,0.04792133582442654
h00,3142169725982065825,p2,B,0.2543453617346752,0.37228238953145226
h00,3142169725982065825,p2,C,0.8993908289800995,1.6236438246268656
h00,3142169725982065825,p3,A,0.07753332124682967,0.0538528964169591
h00,3142169725982065825,p3,B,0.253183374227682,0.3650264299782689
h00,3142169725982065825,p3,C,0.8774935606060607,1.5211540633608815
h00,3144181731382867048,p1,A,0.03985182888401843,0.024287927899188523
h00,3144181731382867048,p1,B,0.309695447029946,0.39787162708394697
h00,3144181731382867048,p1,C,1.5435949166666665,2.2435740994623656
h00,3144181731382867048,p2,A,0.06851422450002123,0.0473885486662756
h00,3144181731382867048,p2,B,0.261551962494128,0.3645436622031452
h00,3144181731382867048,p2,C,0.931279353909465,1.7308567901234568
h00,3144181731382867048,p3,A,0.07584107413175609,0.054503275624319725
h00,3144181731382867048,p3,B,0.25368922911026703,0.36704408059910476
h00,3144181731382867048,p3,C,0.724800287037037,1.7787582352941178
h00,3149234040662007951,p1,A,0.0400437101231863,0.024251666358987463
h00,3149234040662007951,p1,B,0.3163147355756545,0.40393246516660775
h00,3149234040662007951,p1,C,1.3000166407103826,1.7914280737704917
h00,3149234040662007951,p2,A,0.0683822495909701,0.04922282968330392
h00,3149234040662007951,p2,B,0.25228109711057184,0.36549581936719916
h00,3149234040662007951,p2,C,1.040288369402985,1.6712973507462687
h00,3149234040662007951,p3,A,0.07548491888895374,0.053996165497533395
h00,3149234040662007951,p3,B,0.24914302659212637,0.3672762887697581
h00,3149234040662007951,p3,C,0.7843341938997821,1.6730497821350763
h00,316097434901446919,p1,A,0.04099994120062881,0.02497133722294585
h00,316097434901446919,p1,B,0.31557368277465575,0.4148374469543856
h00,316097434901446919,p1,C,1.2210247402597403,1.8852054220779222
h00,316097434901446919,p2,A,0.067595828010129,0.04626252389346479
h00,316097434901446919,p2,B,0.2630592335123879,0.3676948907918256
h00,316097434901446919,p2,C,1.0207153356164385,1.711716506849315
h00,316097434901446919,p3,A,0.07796719092479693,0.05550635983249463
h00,316097434901446919,p3,B,0.25404811586532927,0.36791920026328745
h00,316097434901446919,p3,C,0.9083065859375,1.666826484375
h00,3179534011170499778,p1,A,0.040098218145620305,0.024237256106568076
h00,3179534011170499778,p1,B,0.315745984255441,0.40536027615120274
h00,3179534011170499778,p1,C,1.5049887702205882,2.1555328676470586
h00,3179534011170499778,p2,A,0.06823299383181372,0.047953837670632625
h00,3179534011170499778,p2,B,0.2603128000428775,0.3648764328851415
h00,3179534011170499778,p2,C,0.9989308842975206,1.702601694214876
h00,3179534011170499778,p3,A,0.07370388058432054,0.05308224698812314
h00,3179534011170499778,p3,B,0.2506074009916965,0.3688301832381536
h00,3179534011170499778,p3,C,0.967446281420765,1.575527363387978
h00,3201694301304624298,p1,A,0.03963796584235531,0.02408747255181807
h00,3201694301304624298,p1,B,0.3167663151138716,0.40549941985687993
h00,3201694301304624298,p1,C,1.3054520626566415,1.9363512781954886
h00,3201694301304624298,p2,A,0.0683037131368195,0.047670327263278606
h00,3201694301304624298,p2,B,0.2713497677325766,0.3635554479927586
h00,3201694301304624298,p2,C,0.9580199963768117,1.7296116304347826
h00,3201694301304624298,p3,A,0.07439177024656501,0.0528802041679526
h00,3201694301304624298,p3,B,0.25608194058922584,0.3637413877429397
h00,3201694301304624298,p3,C,1.1362255242718446,1.773435776699029
h00,3261894297314430348,p1,A,0.04034260030842641,0.024487609734190383
h00,3261894297314430348,p1,B,0.3021195801750269,0.40890539057560055
h00,3261894297314430348,p1,C,1.1953763307086613,1.978695091863517
h00,3261894297314430348,p2,A,0.06897542367286333,0.04783076711137466
h00,3261894297314430348,p2,B,0.2575728121465835,0.3661388209209692
h00,3261894297314430348,p2,C,0.9458924471544715,1.7467076016260161
h00,3261894297314430348,p3,A,0.07741255840971258,0.05590837510781732
h00,3261894297314430348,p3,B,0.24843433791507433,0.3676444020207326
h00,3261894297314430348,p3,C,0.9070987981770833,1.5762902473958333
h00,3283206090760178577,p1,A,0.03985812326027489,0.024329081101817692
h00,3283206090760178577,p1,B,0.30462933440443923,0.3985423757041231
h00,3283206090760178577,p1,C,1.3703106056338028,1.9122324647887325
h00,3283206090760178577,p2,A,0.06884532841038812,0.04802638536867637
h00,3283206090760178577,p2,B,0.24393456589659374,0.365195284504712
h00,3283206090760178577,p2,C,0.9963246741741741,1.6380707957957958
h00,3283206090760178577,p3,A,0.07552987653862565,0.05359441345613816
h00,3283206090760178577,p3,B,0.24870029613854547,0.3711297856949718
h00,3283206090760178577,p3,C,0.9404883934426229,1.7136193852459016
h00,3289373367234797345,p1,A,0.04008667391021765,0.02433094949082078
h00,3289373367234797345,p1,B,0.3249815605203731,0.40227232001472757
h00,3289373367234797345,p1,C,1.4644817795698926,2.0647612365591397
h00,3289373367234797345,p2,A,0.06858222326377507,0.04798610797931436
h00,3289373367234797345,p2,B,0.25899138605354216,0.3692625112103513
h00,3289373367234797345,p2,C,1.0331280092592594,1.7819296913580247
h00,3289373367234797345,p3,A,0.07458777089521021,0.053272542848480375
h00,3289373367234797345,p3,B,0.24968903612123122,0.3688915362469221
h00,3289373367234797345,p3,C,0.9864955505050506,1.6782889393939395
h00,3289727879080075424,p1,A,0.04038161798628204,0.024190519732946607
h00,3289727879080075424,p1,B,0.30541657736925437,0.4028862861332241
h00,3289727879080075424,p1,C,1.370407,1.9737048048048047
h00,3289727879080075424,p2,A,0.06875331994487853,0.04861770005435759
h00,3289727879080075424,p2,B,0.26993312880446946,0.37561384232643275
h00,3289727879080075424,p2,C,1.2031248532110093,1.7591206880733945
h00,3289727879080075424,p3,A,0.07690765995433713,0.05412278047320771
h00,3289727879080075424,p3,B,0.2685233187257146,0.3716646593922224
h00,3289727879080075424,p3,C,0.8712338023809524,1.7242214047619049
h00,3307827960955054846,p1,A,0.04027960893481602,0.024561557159745503
h00,3307827960955054846,p1,B,0.30507542297187185,0.4027817974951925
h00,3307827960955054846,p1,C,1.214301905376344,1.6951421720430107
h00,3307827960955054846,p2,A,0.06908626688107822,0.048948216671901655
h00,3307827960955054846,p2,B,0.2528250398306808,0.36805358086000695
h00,3307827960955054846,p2,C,0.9573357349081365,1.5762708005249344
h00,3307827960955054846,p3,A,0.07581121728975312,0.05454571075642649
h00,3307827960955054846,p3,B,0.25480578287187755,0.36789817458978996
h00,3307827960955054846,p3,C,0.8034322118644068,1.6337425988700565
h00,3316206051838487293,p1,A,0.03982331333469799,0.024684329238278357
h00,3316206051838487293,p1,B,0.310094841935859,0.4057606856776181
h00,3316206051838487293,p1,C,1.2192313428411634,1.9090589429530203
h00,3316206051838487293,p2,A,0.06666494508871137,0.0463955146275857
h00,3316206051838487293,p2,B,0.24947978819559152,0.3662181505127797
h00,3316206051838487293,p2,C,0.8475283950276242,1.7845880662983427
h00,3316206051838487293,p3,A,0.07683671607503452,0.05431415717122814
h00,3316206051838487293,p3,B,0.25227586395645935,0.3674747411227481
h00,3316206051838487293,p3,C,0.8790848763157895,1.8195776842105265
h00,3388953417953374402,p1,A,0.03898559230894811,0.023600504971715716
h00,3388953417953374402,p1,B,0.31727125385012145,0.40453591917739845
h00,3388953417953374402,p1,C,1.3504418317901232,2.0030961882716047
h00,3388953417953374402,p2,A,0.06802109240250072,0.047469849607945674
h00,3388953417953374402,p2,B,0.2549082937587688,0.367397747776935
h00,3388953417953374402,p2,C,0.96276461875,1.8107101458333332
h00,3388953417953374402,p3,A,0.07436104782681864,0.053024358187900786
h00,3388953417953374402,p3,B,0.25376621563207236,0.37179450712194473
h00,3388953417953374402,p3,C,0.9927580153846153,1.6871911666666668
h00,3420833918723844240,p1,A,0.0407728188782798,0.02470993758951176
h00,3420833918723844240,p1,B,0.3016118916112578,0.39691572509044687
h00,3420833918723844240,p1,C,1.3205258666666668,1.9560096543209877
h00,3420833918723844240,p2,A,0.07029390166570508,0.049805613316072604
h00,3420833918723844240,p2,B,0.2562970161789391,0.3674022230763974
h00,3420833918723844240,p2,C,1.2112292273809524,1.8758449047619048
h00,3420833918723844240,p3,A,0.07783825773198597,0.05375937825966769
h00,3420833918723844240,p3,B,0.2563148568915357,0.368924302657202
h00,3420833918723844240,p3,C,0.9329622793427231,1.7257916666666668
h00,3423478990075565859,p1,A,0.04153161283064253,0.02473248104562791
h00,3423478990075565859,p1,B,0.326365540016993,0.41179333393394196
h00,3423478990075565859,p1,C,1.7365217658402203,2.300495358126722
h00,3423478990075565859,p2,A,0.0688629447585375,0.04837257516940449
h00,3423478990075565859,p2,B,0.253811491871959,0.3678174337402129
h00,3423478990075565859,p2,C,0.9584671053240741,1.6633713425925927
h00,3423478990075565859,p3,A,0.07912206807772856,0.054898904018952324
h00,3423478990075565859,p3,B,0.26073069599965487,0.3680810686612742
h00,3423478990075565859,p3,C,0.7732953085714287,1.6885123714285715
h00,3432467835900654966,p1,A,0.03995502103810474,0.024907753372013453
h00,3432467835900654966,p1,B,0.3238618121586975,0.404068390321053
h00,3432467835900654966,p1,C,1.2587300129198966,1.8567091602067183
h00,3432467835900654966,p2,A,0.06983244724235292,0.04883252973414593
h00,3432467835900654966,p2,B,0.2629920162987578,0.3780507088426057
h00,3432467835900654966,p2,C,0.8001937275641026,1.755289983974359
h00,3432467835900654966,p3,A,0.07386480029702383,0.053451563030081625
h00,3432467835900654966,p3,B,0.24902255511645013,0.3698778948905418
h00,3432467835900654966,p3,C,1.0498499903581267,1.7428980716253444
h00,3439266075144882593,p1,A,0.041638885116978386,0.02493310123215338
h00,3439266075144882593,p1,B,0.30680448264350096,0.4024553487617225
h00,3439266075144882593,p1,C,1.6277977028985506,2.1790545072463767
h00,3439266075144882593,p2,A,0.06970251744893564,0.04922205387347148
h00,3439266075144882593,p2,B,0.25372388777199906,0.36835754138042914
h00,3439266075144882593,p2,C,1.0280061904761904,1.8079958592132506
h00,3439266075144882593,p3,A,0.07533847057343149,0.053844732397403505
h00,3439266075144882593,p3,B,0.2519746963489929,0.36796897844862114
h00,3439266075144882593,p3,C,1.0390597611940298,1.6759219402985075
h00,3453325846810690203,p1,A,0.039718989745895904,0.024589812650134983
h00,3453325846810690203,p1,B,0.2992108777246531,0.39892842662191313
h00,3453325846810690203,p1,C,1.4562628593380615,2.0214168676122934
h00,3453325846810690203,p2,A,0.0663471311284565,0.04719279203796384
h00,3453325846810690203,p2,B,0.25164857288575787,0.36772819791583217
h00,3453325846810690203,p2,C,1.1418864125000001,1.8535356666666667
h00,3453325846810690203,p3,A,0.07806130766510616,0.055973299424378814
h00,3453325846810690203,p3,B,0.24556833697448896,0.36725781104557
h00,3453325846810690203,p3,C,0.8626580782828284,1.6596896590909092
h00,3471541157276798424,p1,A,0.04034568479650592,0.024350622081537758
h00,3471541157276798424,p1,B,0.3186386491947963,0.40374209208428735
h00,3471541157276798424,p1,C,1.3321049753623189,1.8898298550724637
h00,3471541157276798424,p2,A,0.06871387937446224,0.04796170591349467
h00,3471541157276798424,p2,B,0.2616343241502814,0.37203416214791873
h00,3471541157276798424,p2,C,1.0981748373015872,1.826090634920635
h00,3471541157276798424,p3,A,0.07680798460769328,0.05493611804512774
h00,3471541157276798424,p3,B,0.2524559029666457,0.3694206084386429
h00,3471541157276798424,p3,C,0.8576963503937007,1.524122375328084
h00,3483597259819132404,p1,A,0.03951908515447399,0.023861499830429678
h00,3483597259819132404,p1,B,0.302195432288287,0.3988968415801318
h00,3483597259819132404,p1,C,1.4504390033333334,2.1232232555555557
h00,3483597259819132404,p2,A,0.06848420825840702,0.04847826321140607
h00,3483597259819132404,p2,B,0.2615497061946625,0.36845203827584333
h00,3483597259819132404,p2,C,0.951500846590909,1.8096808617424243
h00,3483597259819132404,p3,A,0.0738157847150737,0.05285420788017107
h00,3483597259819132404,p3,B,0.25717163866539583,0.3695757593188894
h00,3483597259819132404,p3,C,0.7926835125272331,1.620740108932462
h00,3602606635223752655,p1,A,0.03974719541690702,0.02386433851091516
h00,3602606635223752655,p1,B,0.32060683488190406,0.41148895645396416
h00,3602606635223752655,p1,C,1.1447618914141413,1.9071775126262627
h00,3602606635223752655,p2,A,0.06783854170820716,0.04653271679143367
h00,3602606635223752655,p2,B,0.2537980022191246,0.3679225379546495
h00,3602606635223752655,p2,C,1.1384006452991453,1.8245798290598292
h00,3602606635223752655,p3,A,0.07463151643039913,0.05281278119038313
h00,3602606635223752655,p3,B,0.2495720856448271,0.3719740896729501
h00,3602606635223752655,p3,C,1.193978437007874,1.9132408923884514
h00,3620378368543051960,p1,A,0.04099851594958842,0.024810846880725084
h00,3620378368543051960,p1,B,0.30822975788629026,0.4064810007717184
h00,3620378368543051960,p1,C,1.326258245614035,1.933771453634085
h00,3620378368543051960,p2,A,0.06857701087061356,0.04751907614109135
h00,3620378368543051960,p2,B,0.24996857505039152,0.36872734583228306
h00,3620378368543051960,p2,C,0.7768814823529412,1.6471338431372549
h00,3620378368543051960,p3,A,0.07566614338055636,0.05382869236432848
h00,3620378368543051960,p3,B,0.2548525795464062,0.366349781654675
h00,3620378368543051960,p3,C,0.8938073201754385,1.7096283114035087
h00,3646809819555529717,p1,A,0.03994562973754727,0.024451032332284652
h00,3646809819555529717,p1,B,0.3061624202980709,0.3964779970480463
h00,3646809819555529717,p1,C,1.3496021976744186,2.0191589922480624
h00,3646809819555529717,p2,A,0.07045098315850087,0.050314832628787234
h00,3646809819555529717,p2,B,0.2653717566380674,0.3683996586264182
h00,3646809819555529717,p2,C,0.8873716823232323,1.6989187676767676
h00,3646809819555529717,p3,A,0.07422804703065981,0.054091953269138314
h00,3646809819555529717,p3,B,0.2515221669567741,0.3639920963850396
h00,3646809819555529717,p3,C,1.0426247986512525,1.8190848843930636
h00,370897708012610843,p1,A,0.040613890177870295,0.024288542069767365
h00,370897708012610843,p1,B,0.3008122511915069,0.40035006538453044
h00,370897708012610843,p1,C,1.2579590867208672,1.9237239701897018
h00,370897708012610843,p2,A,0.06849935500747853,0.04772478364432673
h00,370897708012610843,p2,B,0.2680463848876754,0.36284694996397154
h00,370897708012610843,p2,C,0.9643021991525424,1.7491177401129943
h00,370897708012610843,p3,A,0.07581422771933734,0.0542850727257285
h00,370897708012610843,p3,B,0.25754394682869003,0.36792278628041286
h00,370897708012610843,p3,C,0.8291956503759399,1.720583007518797
h00,3746813413018173642,p1,A,0.039214927949332096,0.023691227337944314
h00,3746813413018173642,p1,B,0.2994646964891863,0.39207494096353407
h00,3746813413018173642,p1,C,1.1545107564102564,1.8401502564102565
h00,3746813413018173642,p2,A,0.06851758927342995,0.04784184784491792
h00,3746813413018173642,p2,B,0.26173367789026025,0.3717845369110877
h00,3746813413018173642,p2,C,0.952295097505669,1.6971423015873015
h00,3746813413018173642,p3,A,0.07477649330137515,0.0545521538545263
h00,3746813413018173642,p3,B,0.2523402584108968,0.3738907258191335
h00,3746813413018173642,p3,C,0.8596739835526316,1.660242302631579
h00,374873582700968554,p1,A,0.039177112582860996,0.023941347719052014
h00,374873582700968554,p1,B,0.28565248915765157,0.3949240760847491
h00,374873582700968554,p1,C,1.4072286015037594,1.849666842105263
h00,374873582700968554,p2,A,0.06795320545846134,0.047930780636752615
h00,374873582700968554,p2,B,0.25705839129337943,0.3673485287504615
h00,374873582700968554,p2,C,0.9282807539682539,1.6562981084656085
h00,374873582700968554,p3,A,0.07587949056586021,0.05427587162926202
h00,374873582700968554,p3,B,0.25379025190932203,0.37102302250174296
h00,374873582700968554,p3,C,0.95134134375,1.6584331640625
h00,3782747150085181047,p1,A,0.040178619145679675,0.024670707151643302
h00,3782747150085181047,p1,B,0.29679160712252795,0.39908918159722223
h00,3782747150085181047,p1,C,1.2820667146464648,1.8552292297979798
h00,3782747150085181047,p2,A,0.06870594270272828,0.048858702417720126
h00,3782747150085181047,p2,B,0.2623086906519883,0.37005212898735845
h00,3782747150085181047,p2,C,0.9537557213541666,1.59559859375
h00,3782747150085181047,p3,A,0.07699761867782601,0.057013065251006426
h00,3782747150085181047,p3,B,0.251345940532784,0.36665789255198217
h00,3782747150085181047,p3,C,0.9589524891598916,1.589178997289973
h00,3783312406048574783,p1,A,0.040197175610885906,0.024650650958589034
h00,3783312406048574783,p1,B,0.3023542641209169,0.39608048880772007
h00,3783312406048574783,p1,C,1.0828519794871796,1.7933126282051282
h00,3783312406048574783,p2,A,0.06695816211251379,0.04710142127958817
h00,3783312406048574783,p2,B,0.2537799455666415,0.36743083614464084
h00,3783312406048574783,p2,C,0.9386561392276422,1.7709636991869917
h00,3783312406048574783,p3,A,0.075732994425622,0.05375410445565947
h00,3783312406048574783,p3,B,0.255266196444745,0.36490754460518726
h00,3783312406048574783,p3,C,0.7415550926966291,1.6846534550561798
h00,3857728332733070791,p1,A,0.04051876898224852,0.02411236371786799
h00,3857728332733070791,p1,B,0.3142446943324615,0.4016542647233496
h00,3857728332733070791,p1,C,1.4617992880952382,2.1394270595238094
h00,3857728332733070791,p2,A,0.06719552335542442,0.04783826084677106
h00,3857728332733070791,p2,B,0.25857343191984916,0.37066534903098775
h00,3857728332733070791,p2,C,1.0847917319444444,1.8258257083333334
h00,3857728332733070791,p3,A,0.07717368383816914,0.05580330974562098
h00,3857728332733070791,p3,B,0.24895048663287248,0.36535374075124916
h00,3857728332733070791,p3,C,0.8810448435672514,1.536523888888889
h00,3870569051277263198,p1,A,0.03978587114284465,0.02364746948137654
h00,3870569051277263198,p1,B,0.3123968543518667,0.41015845373020327
h00,3870569051277263198,p1,C,1.2560423511450383,1.853587633587786
h00,3870569051277263198,p2,A,0.06603012487205732,0.0470155085931057
h00,3870569051277263198,p2,B,0.25937731510480977,0.36579681042096546
h00,3870569051277263198,p2,C,1.0415488107142856,1.78442425
h00,3870569051277263198,p3,A,0.07749774933079628,0.05438414386388243
h00,3870569051277263198,p3,B,0.253034924768355,0.3674266632413524
h00,3870569051277263198,p3,C,0.9206343916666667,1.6593904166666666
h00,3872502974202693052,p1,A,0.03995779005850805,0.023664482507180923
h00,3872502974202693052,p1,B,0.29585323849042033,0.3991396571346413
h00,3872502974202693052,p1,C,1.234492986238532,1.7542924464831804
h00,3872502974202693052,p2,A,0.06784431372700518,0.047845814434759375
h00,3872502974202693052,p2,B,0.2555765882887959,0.3662743980642765
h00,3872502974202693052,p2,C,1.1300669716312055,2.049377411347518
h00,3872502974202693052,p3,A,0.07915737142858045,0.05638419288373689
h00,3872502974202693052,p3,B,0.2538265599379428,0.36726880266747375
h00,3872502974202693052,p3,C,0.7769809873417721,1.5689501265822785
h00,3892276675451754626,p1,A,0.040042630987039196,0.024250908091751112
h00,3892276675451754626,p1,B,0.32286752724977724,0.402708489012639
h00,3892276675451754626,p1,C,1.3098114173553719,1.843537396694215
h00,3892276675451754626,p2,A,0.06772978476424452,0.047851820990485676
h00,3892276675451754626,p2,B,0.25452913961999507,0.3681842230006356
h00,3892276675451754626,p2,C,1.0105343063063064,1.8088301501501503
h00,3892276675451754626,p3,A,0.07507433733647353,0.054322876335877436
h00,3892276675451754626,p3,B,0.25398038473947315,0.3731183334353386
h00,3892276675451754626,p3,C,0.8844363012820513,1.6314004871794872
h00,3906578313109414030,p1,A,0.039683480611582896,0.024127276489124657
h00,3906578313109414030,p1,B,0.28977851375248015,0.3990064735160384
h00,3906578313109414030,p1,C,1.341963272413793,1.9728869310344828
h00,3906578313109414030,p2,A,0.06813051676223751,0.04678589783350147
h00,3906578313109414030,p2,B,0.2609590212294099,0.37548958150821427
h00,3906578313109414030,p2,C,0.9668892333333333,1.7945218285714284
h00,3906578313109414030,p3,A,0.07372965777258601,0.05312184508775791
h00,3906578313109414030,p3,B,0.25189731220273665,0.36693099927847395
h00,3906578313109414030,p3,C,0.7754198902515723,1.8700003238993712
h00,3914451166109892882,p1,A,0.040051269899902577,0.023913172283290447
h00,3914451166109892882,p1,B,0.2963922914159971,0.40270165864769086
h00,3914451166109892882,p1,C,1.3035962257217848,1.9364948950131233
h00,3914451166109892882,p2,A,0.06949586710812465,0.04979124998538175
h00,3914451166109892882,p2,B,0.24327684729262325,0.3608902643439522
h00,3914451166109892882,p2,C,1.0495305547445255,1.8040516423357664
h00,3914451166109892882,p3,A,0.07820078516968011,0.05548141751980234
h00,3914451166109892882,p3,B,0.2594866700306155,0.36788224139393877
h00,3914451166109892882,p3,C,0.9142530043103448,1.6008427155172413
h00,3930435202843891156,p1,A,0.04023110970459543,0.024096139425740046
h00,3930435202843891156,p1,B,0.3098536006545853,0.3975374873940454
h00,3930435202843891156,p1,C,1.2012179881889764,1.7667043438320211
h00,3930435202843891156,p2,A,0.06855090501666387,0.04661508858591837
h00,3930435202843891156,p2,B,0.2511646069764541,0.36395379832545965
h00,3930435202843891156,p2,C,0.8638013487475915,1.7744056165703275
h00,3930435202843891156,p3,A,0.07732954357581927,0.05540889706667714
h00,3930435202843891156,p3,B,0.26421405666894265,0.36792582985833916
h00,3930435202843891156,p3,C,0.9448044044117648,1.5961758455882353
h00,3931579058868833233,p1,A,0.039544435408888155,0.02371892214989286
h00,3931579058868833233,p1,B,0.3132087658400843,0.4027885653708095
h00,3931579058868833233,p1,C,1.6400863215339234,2.2565630678466078
h00,3931579058868833233,p2,A,0.067753071552803,0.048110535554720724
h00,3931579058868833233,p2,B,0.2552304291859857,0.365825153790136
h00,3931579058868833233,p2,C,1.0588652826086957,1.855082739130435
h00,3931579058868833233,p3,A,0.07383335491584203,0.05290231065301424
h00,3931579058868833233,p3,B,0.24359120407230017,0.3651325953496805
h00,3931579058868833233,p3,C,1.0265103925619834,1.7274228099173554
h00,3936448565818775640,p1,A,0.04125680599171369,0.024836250273059513
h00,3936448565818775640,p1,B,0.3215347425939341,0.41292587054557456
h00,3936448565818775640,p1,C,1.1487032278177458,1.911494160671463
h00,3936448565818775640,p2,A,0.06869365515083475,0.047661535609842695
h00,3936448565818775640,p2,B,0.2535840164391744,0.36817237324611823
h00,3936448565818775640,p2,C,0.7767936129385965,1.4588179057017543
h00,3936448565818775640,p3,A,0.07625760272161058,0.05300121243084612
h00,3936448565818775640,p3,B,0.25784584125521137,0.3713068546265434
h00,3936448565818775640,p3,C,0.8462542430167598,1.59208458566108
h00,395142773015513016,p1,A,0.04057593070029466,0.02474065715107495
h00,395142773015513016,p1,B,0.3167780529315476,0.399926887255291
h00,395142773015513016,p1,C,1.1263104322033899,1.8168104237288136
h00,395142773015513016,p2,A,0.06884952276630361,0.04857773379465608
h00,395142773015513016,p2,B,0.25093619894559926,0.3634275628579794
h00,395142773015513016,p2,C,1.1465151761904762,1.8044435714285716
h00,395142773015513016,p3,A,0.07618974518041945,0.05424578940103516
h00,395142773015513016,p3,B,0.2548910319622439,0.3638948125031712
h00,395142773015513016,p3,C,0.8876845309734513,1.6825571238938053
h00,3967630831491443326,p1,A,0.03989705972421987,0.02438338266390022
h00,3967630831491443326,p1,B,0.29211551257114926,0.4025447301601518
h00,3967630831491443326,p1,C,1.135987826388889,1.7527299768518518
h00,3967630831491443326,p2,A,0.06999575169322872,0.04784840352189428
h00,3967630831491443326,p2,B,0.2547827735272861,0.36549747148591794
h00,3967630831491443326,p2,C,0.9340814562383613,1.728446322160149
h00,3967630831491443326,p3,A,0.07617015134131395,0.053372446165923716
h00,3967630831491443326,p3,B,0.2546012151818937,0.3695110336880757
h00,3967630831491443326,p3,C,0.8618594267310788,1.8299853140096618
h00,4029132440299934778,p1,A,0.03996043516057117,0.02403517588747035
h00,4029132440299934778,p1,B,0.3174691602078767,0.397483499400611
h00,4029132440299934778,p1,C,1.361637124,1.95414412
h00,4029132440299934778,p2,A,0.06728677475444828,0.046529678112443476
h00,4029132440299934778,p2,B,0.24797483271658383,0.3616765317437141
h00,4029132440299934778,p2,C,0.9939610547785547,1.738589568764569
h00,4029132440299934778,p3,A,0.0758030707936279,0.05381115590975993
h00,4029132440299934778,p3,B,0.25223887719342303,0.3643011307378163
h00,4029132440299934778,p3,C,0.8528730684754522,1.5813335142118863
h00,4050088701953919497,p1,A,0.03987092943780542,0.02414108689740644
h00,4050088701953919497,p1,B,0.2992474231416561,0.40327594904891745
h00,4050088701953919497,p1,C,1.3774952256637167,1.9633367256637166
h00,4050088701953919497,p2,A,0.06896680203869203,0.04828205325344122
h00,4050088701953919497,p2,B,0.2596758593495837,0.3679143719292256
h00,4050088701953919497,p2,C,1.001988470189702,1.6638104742547424
h00,4050088701953919497,p3,A,0.0793752051597838,0.05675584614944934
h00,4050088701953919497,p3,B,0.25144339008125793,0.3662533838701205
h00,4050088701953919497,p3,C,1.004806493872549,1.8028123406862746
h00,4068627093876524908,p1,A,0.039562722880615964,0.023901301831075295
h00,4068627093876524908,p1,B,0.2967386355268733,0.3994934764015189
h00,4068627093876524908,p1,C,1.3336405814814816,2.0664054814814814
h00,4068627093876524908,p2,A,0.06933815123857373,0.04887703833678455
h00,4068627093876524908,p2,B,0.24631697264985888,0.36825505223098975
h00,4068627093876524908,p2,C,0.9616015453333333,1.680013
h00,4068627093876524908,p3,A,0.07547060025517159,0.053734734541776755
h00,4068627093876524908,p3,B,0.2546284852478467,0.36290858433297446
h00,4068627093876524908,p3,C,0.8670421950000001,1.5601133000000003
h00,408521173642501465,p1,A,0.03998503145816225,0.023744921010025326
h00,408521173642501465,p1,B,0.31738877405089183,0.4001364896612666
h00,408521173642501465,p1,C,1.2415991199040768,1.8364661510791367
h00,408521173642501465,p2,A,0.06685296608487527,0.046044110651635946
h00,408521173642501465,p2,B,0.2562417004398696,0.3698601633906315
h00,408521173642501465,p2,C,0.9191942122395833,1.7255988151041666
h00,408521173642501465,p3,A,0.07206744124575933,0.05232303771077671
h00,408521173642501465,p3,B,0.2536650369396853,0.3703196074724277
h00,408521173642501465,p3,C,0.8507482127659575,1.5580449527186762
h00,4098198446687774258,p1,A,0.03938236524577211,0.024807764448108435
h00,4098198446687774258,p1,B,0.31400898592046045,0.4068784493706089
h00,4098198446687774258,p1,C,1.4967838685446009,2.3113384624413147
h00,4098198446687774258,p2,A,0.06843463763516888,0.04789196419438091
h00,4098198446687774258,p2,B,0.26398381325005577,0.371337262457582
h00,4098198446687774258,p2,C,1.449176751968504,2.157971587926509
h00,4098198446687774258,p3,A,0.07497514127129752,0.054596046079341806
h00,4098198446687774258,p3,B,0.25666382076984945,0.3666912188222356
h00,4098198446687774258,p3,C,0.74812721340388,1.689278553791887
h00,4123684450009118347,p1,A,0.039506346030448544,0.023919489610585515
h00,4123684450009118347,p1,B,0.30640058379874585,0.4078610725398458
h00,4123684450009118347,p1,C,1.2367203234463278,1.79040395480226
h00,4123684450009118347,p2,A,0.06750928870836718,0.0478074147058823
h00,4123684450009118347,p2,B,0.25357102873794735,0.36804960420253124
h00,4123684450009118347,p2,C,1.2282068875,1.7205917916666666
h00,4123684450009118347,p3,A,0.07753477625540085,0.055832661127829565
h00,4123684450009118347,p3,B,0.2573020839910635,0.366351639161099
h00,4123684450009118347,p3,C,0.9381682754237288,1.5923721186440678
h00,4149607403261469369,p1,A,0.040890379407177636,0.0243767973249546
h00,4149607403261469369,p1,B,0.2991207573846853,0.40878637764469117
h00,4149607403261469369,p1,C,1.3266237117794486,1.961712619047619
h00,4149607403261469369,p2,A,0.06980913446061991,0.048756721728576737
h00,4149607403261469369,p2,B,0.25635677807937657,0.36529407376817896
h00,4149607403261469369,p2,C,1.0434612115384614,1.9105342948717947
h00,4149607403261469369,p3,A,0.07906259290340416,0.056372121114803476
h00,4149607403261469369,p3,B,0.25576576781532967,0.36479492310680556
h00,4149607403261469369,p3,C,0.8624494828767123,1.6928832876712328
h00,4168685826619015799,p1,A,0.04073793561325883,0.024257294479924297
h00,4168685826619015799,p1,B,0.31883614963873214,0.39827773374723524
h00,4168685826619015799,p1,C,1.3002002258064516,1.9051125134408602
h00,4168685826619015799,p2,A,0.0674092563711394,0.04769792350956773
h00,4168685826619015799,p2,B,0.25653983427831717,0.3680372502806466
h00,4168685826619015799,p2,C,0.8694672831050229,1.6249196803652968
h00,4168685826619015799,p3,A,0.07803585788376723,0.054909414669577744
h00,4168685826619015799,p3,B,0.25559777241121345,0.37002588910574225
h00,4168685826619015799,p3,C,0.9108203624161073,1.676189932885906
h00,4186213260065274180,p1,A,0.04054820816774306,0.024524587037324314
h00,4186213260065274180,p1,B,0.3182594498633979,0.41004978557881566
h00,4186213260065274180,p1,C,1.3962628347457628,1.8864077966101696
h00,4186213260065274180,p2,A,0.06971285803528006,0.049134648759219544
h00,4186213260065274180,p2,B,0.25132499519876594,0.36516385759233044
h00,4186213260065274180,p2,C,0.9630486165501164,1.8001110722610723
h00,4186213260065274180,p3,A,0.07774999308228807,0.05630857657992129
h00,4186213260065274180,p3,B,0.24935981818920272,0.3672811497992977
h00,4186213260065274180,p3,C,0.9422737104700855,1.651271282051282
h00,4188275144287043396,p1,A,0.04073434283221755,0.02471059914991136
h00,4188275144287043396,p1,B,0.31868827067883165,0.40240656162177985
h00,4188275144287043396,p1,C,1.3161940610294118,1.9500320269607845
h00,4188275144287043396,p2,A,0.06719093607898183,0.047636733381529635
h00,4188275144287043396,p2,B,0.25189383170675506,0.373921021087208
h00,4188275144287043396,p2,C,1.0570921838624339,1.7377866269841271
h00,4188275144287043396,p3,A,0.07522677150906326,0.05403128434465785
h00,4188275144287043396,p3,B,0.2480056982857622,0.36658553889760687
h00,4188275144287043396,p3,C,0.9520157055214724,1.8268807668711657
h00,4212293438182827943,p1,A,0.04024066254169498,0.024236985987089402
h00,4212293438182827943,p1,B,0.3215392777233277,0.40580599828977326
h00,4212293438182827943,p1,C,1.2667242527322404,1.8988902049180327
h00,4212293438182827943,p2,A,0.06808024724977055,0.04825400836171822
h00,4212293438182827943,p2,B,0.2560136931329947,0.3686594751506211
h00,4212293438182827943,p2,C,1.011363991935484,1.6872205645161291
h00,4212293438182827943,p3,A,0.07875729304392161,0.05563867400279035
h00,4212293438182827943,p3,B,0.2569076536686771,0.36538025217333603
h00,4212293438182827943,p3,C,0.9489891968503936,1.5830585170603675
h00,4220763607165006847,p1,A,0.039255121147376934,0.02375424424139542
h00,4220763607165006847,p1,B,0.31002254742915575,0.4046202991844386
h00,4220763607165006847,p1,C,1.5169984152542373,2.100358403954802
h00,4220763607165006847,p2,A,0.06934717155047411,0.04879418796108366
h00,4220763607165006847,p2,B,0.25716153247359425,0.3633221563163107
h00,4220763607165006847,p2,C,1.0272082364341084,1.7301018217054263
h00,4220763607165006847,p3,A,0.07516959237267101,0.05388083418391931
h00,4220763607165006847,p3,B,0.2468510353403008,0.36626368526274206
h00,4220763607165006847,p3,C,0.9109604322033898,1.6680240254237286
h00,4235972165186563777,p1,A,0.04023808988623677,0.024250725006290167
h00,4235972165186563777,p1,B,0.31561325040011173,0.4088206607644024
h00,4235972165186563777,p1,C,1.4427165578512398,1.927961570247934
h00,4235972165186563777,p2,A,0.06753328094042355,0.04812586057427625
h00,4235972165186563777,p2,B,0.2625225633303771,0.37196637897810286
h00,4235972165186563777,p2,C,0.8951968786764706,1.6298366911764706
h00,4235972165186563777,p3,A,0.07598831220988571,0.054591038778995016
h00,4235972165186563777,p3,B,0.247614823603724,0.3671676111659799
h00,4235972165186563777,p3,C,0.802169509009009,1.6791811846846847
h00,4287375503024049342,p1,A,0.04104016647138261,0.02494982347991491
h00,4287375503024049342,p1,B,0.3221239402560516,0.4152057301276717
h00,4287375503024049342,p1,C,1.2275490166666667,2.026363533333333
h00,4287375503024049342,p2,A,0.06889523490939467,0.04786197897035957
h00,4287375503024049342,p2,B,0.25736140992802,0.36240263637009884
h00,4287375503024049342,p2,C,0.8526805364298725,1.7713280601092896
h00,4287375503024049342,p3,A,0.07576289902105553,0.05470973473080738
h00,4287375503024049342,p3,B,0.250023874344792,0.3657904879286105
h00,4287375503024049342,p3,C,0.8065667017543859,1.786517894736842
h00,4307591776055466140,p1,A,0.0395414495985633,0.024252749968891138
h00,4307591776055466140,p1,B,0.321392634693287,0.4050368883176257
h00,4307591776055466140,p1,C,1.4666523266129032,2.0455707661290323
h00,4307591776055466140,p2,A,0.06746995143460825,0.04781778943652708
h00,4307591776055466140,p2,B,0.2564167574419253,0.3684720814396452
h00,4307591776055466140,p2,C,1.0028914711538461,1.6532121153846153
h00,4307591776055466140,p3,A,0.07683471064521019,0.054668301314069266
h00,4307591776055466140,p3,B,0.25545740983585785,0.3662750782304401
h00,4307591776055466140,p3,C,0.828982698245614,1.693109956140351
h00,4310394147464451238,p1,A,0.04048042497176844,0.024500457268278042
h00,4310394147464451238,p1,B,0.32080895836591244,0.4025694488171851
h00,4310394147464451238,p1,C,1.1418175637254904,1.8972385661764708
h00,4310394147464451238,p2,A,0.06976737641631328,0.04935621992254688
h00,4310394147464451238,p2,B,0.24982062717930592,0.3678500567706261
h00,4310394147464451238,p2,C,0.9034085304761905,1.7560152238095237
h00,4310394147464451238,p3,A,0.0777608146696835,0.05621373348251294
h00,4310394147464451238,p3,B,0.2557818766916881,0.3705181777715808
h00,4310394147464451238,p3,C,0.927457724137931,1.627362172413793
h00,4336353367558390195,p1,A,0.04026660558320031,0.02414585319151184
h00,4336353367558390195,p1,B,0.3056806516906648,0.405560291086567
h00,4336353367558390195,p1,C,1.3483032028423774,1.7458971705426356
h00,4336353367558390195,p2,A,0.06748004233713252,0.04740196069133994
h00,4336353367558390195,p2,B,0.2514470161942889,0.3673591617105145
h00,4336353367558390195,p2,C,1.1498842801535087,1.892127379385965
h00,4336353367558390195,p3,A,0.07668824972268705,0.05505503366484559
h00,4336353367558390195,p3,B,0.24491219382006993,0.3689225643734041
h00,4336353367558390195,p3,C,0.7865499683426442,1.4838594227188082
h00,4352922551193965507,p1,A,0.04013279203232086,0.024393280309022644
h00,4352922551193965507,p1,B,0.30509809498032137,0.40268626961846216
h00,4352922551193965507,p1,C,1.251696390070922,1.7361501300236406
h00,4352922551193965507,p2,A,0.0701698367835772,0.04951942321256172
h00,4352922551193965507,p2,B,0.25372829822629084,0.3615125226981107
h00,4352922551193965507,p2,C,1.28602768503937,1.849502440944882
h00,4352922551193965507,p3,A,0.07871494608237214,0.05704184759132129
h00,4352922551193965507,p3,B,0.2629194858203981,0.37017571551194806
h00,4352922551193965507,p3,C,0.8823710613425926,1.6013295833333334
h00,4389468938384033211,p1,A,0.04095336581940239,0.024709169273444798
h00,4389468938384033211,p1,B,0.3030805967958809,0.39849221853272987
h00,4389468938384033211,p1,C,1.3872091033057852,2.0112521487603305
h00,4389468938384033211,p2,A,0.06791346673048129,0.04735261079606162
h00,4389468938384033211,p2,B,0.2556564428907704,0.3702616351331012
h00,4389468938384033211,p2,C,0.9651962168021679,1.8161150406504065
h00,4389468938384033211,p3,A,0.07717805715197407,0.05480732934214269
h00,4389468938384033211,p3,B,0.24984953439206264,0.3720502649033414
h00,4389468938384033211,p3,C,0.9213572841726618,1.5948646762589929
h00,4439124663978564770,p1,A,0.04004350890239709,0.02398499127123327
h00,4439124663978564770,p1,B,0.3245529240836197,0.41303427881361476
h00,4439124663978564770,p1,C,1.29098119140625,2.0499093359375
h00,4439124663978564770,p2,A,0.06776052493712438,0.04720523468894312
h00,4439124663978564770,p2,B,0.2543912235197811,0.36332431492471007
h00,4439124663978564770,p2,C,0.9227412635135135,1.7747349324324326
h00,4439124663978564770,p3,A,0.07496346895132025,0.054185911058278746
h00,4439124663978564770,p3,B,0.24914153758378096,0.3632852855306026
h00,4439124663978564770,p3,C,0.7756569945482866,1.7782494781931464
h00,4461752748252833792,p1,A,0.0402579849562526,0.024293386529565357
h00,4461752748252833792,p1,B,0.3039337072409245,0.39715149578743664
h00,4461752748252833792,p1,C,2.166019711594203,2.9658534927536233
h00,4461752748252833792,p2,A,0.06862866452126665,0.04686645053802266
h00,4461752748252833792,p2,B,0.25866081944747726,0.3683160060680301
h00,4461752748252833792,p2,C,0.9936247131147542,1.6807630601092896
h00,4461752748252833792,p3,A,0.078545502200942,0.05478804815000839
h00,4461752748252833792,p3,B,0.2555664311765004,0.3656413054094985
h00,4461752748252833792,p3,C,1.0383844002192983,1.867367138157895
h00,4466035291765894741,p1,A,0.04013948966056802,0.024169793754955305
h00,4466035291765894741,p1,B,0.3075116908828342,0.4034617879487809
h00,4466035291765894741,p1,C,1.6328576979949874,2.222239711779449
h00,4466035291765894741,p2,A,0.07223522701696869,0.05038517461262958
h00,4466035291765894741,p2,B,0.25691074766482574,0.36422824536284276
h00,4466035291765894741,p2,C,0.8093969318996416,1.7537784587813618
h00,4466035291765894741,p3,A,0.07670398056903846,0.05475970677456683
h00,4466035291765894741,p3,B,0.2458180513583112,0.3689354670847125
h00,4466035291765894741,p3,C,1.1520182552552554,1.9148672072072073
h00,4502992571183810932,p1,A,0.04094231449704127,0.024498250773401425
h00,4502992571183810932,p1,B,0.3044460623073265,0.40097468628738686
h00,4502992571183810932,p1,C,1.1833709696969696,1.7398339976689976
h00,4502992571183810932,p2,A,0.07004377962151209,0.04917192569935024
h00,4502992571183810932,p2,B,0.2498831095897717,0.3657876760972956
h00,4502992571183810932,p2,C,0.9794871559139785,1.721472688172043
h00,4502992571183810932,p3,A,0.07707583147371108,0.0546288288686637
h00,4502992571183810932,p3,B,0.2499530786822538,0.36661543655346696
h00,4502992571183810932,p3,C,1.0079668034188034,1.7537596047008548
h00,454157223138593409,p1,A,0.04082716102866909,0.025081285843710662
h00,454157223138593409,p1,B,0.2955188806114755,0.3962259903478253
h00,454157223138593409,p1,C,1.1445483441734419,1.8260993631436313
h00,454157223138593409,p2,A,0.06825623505682511,0.04711660327333467
h00,454157223138593409,p2,B,0.25685344715151187,0.368718806326269
h00,454157223138593409,p2,C,0.9800672130503144,1.8573737106918238
h00,454157223138593409,p3,A,0.07345026725860335,0.05246046289211117
h00,454157223138593409,p3,B,0.25489010504627513,0.36716819479629337
h00,454157223138593409,p3,C,1.0698626214470286,1.8574479069767442
h00,4549682241273411110,p1,A,0.04016531713552036,0.024503922201792004
h00,4549682241273411110,p1,B,0.3090371276814301,0.40077691169974655
h00,4549682241273411110,p1,C,1.199397194235589,1.7845430701754386
h00,4549682241273411110,p2,A,0.0689192050408559,0.04841067575975547
h00,4549682241273411110,p2,B,0.25634179875025215,0.3729302676006265
h00,4549682241273411110,p2,C,1.0363535974358975,1.6576046153846153
h00,4549682241273411110,p3,A,0.07485089414543755,0.055766268612688116
h00,4549682241273411110,p3,B,0.24950035886030475,0.3711639350806697
h00,4549682241273411110,p3,C,0.8264297894144145,1.644391722972973
h00,4570577085801251891,p1,A,0.03922756231306001,0.023760884415027758
h00,4570577085801251891,p1,B,0.29134123369201803,0.3963141665433181
h00,4570577085801251891,p1,C,1.4342673185185186,2.0298010185185187
h00,4570577085801251891,p2,A,0.06983444264534569,0.04932440493070344
h00,4570577085801251891,p2,B,0.256252380953136,0.37093244006351495
h00,4570577085801251891,p2,C,0.77179684375,1.6074226041666666
h00,4570577085801251891,p3,A,0.07728463766064356,0.05438361029856037
h00,4570577085801251891,p3,B,0.25934186811776594,0.37062755321710567
h00,4570577085801251891,p3,C,0.8133547515923567,1.641939755838641
h00,464330423440975915,p1,A,0.04012032229983995,0.024260056719307126
h00,464330423440975915,p1,B,0.3152826326293926,0.4050412069925322
h00,464330423440975915,p1,C,1.563715547008547,2.4719051282051283
h00,464330423440975915,p2,A,0.06955321762633346,0.048894150568397854
h00,464330423440975915,p2,B,0.24972506814148696,0.3601551122892568
h00,464330423440975915,p2,C,0.8449880064516129,1.6605859677419355
h00,464330423440975915,p3,A,0.07622361183959543,0.05561759071880545
h00,464330423440975915,p3,B,0.2609317008818505,0.3751864111016753
h00,464330423440975915,p3,C,0.8591489046052632,1.582424802631579
h00,4648256247739606371,p1,A,0.039976948583146814,0.024304340837650543
h00,4648256247739606371,p1,B,0.31666827407537473,0.41801379637585767
h00,4648256247739606371,p1,C,1.6486803718905472,2.3591061194029854
h00,4648256247739606371,p2,A,0.06973303952158147,0.04892423294594141
h00,4648256247739606371,p2,B,0.2575950409543172,0.371438286451432
h00,4648256247739606371,p2,C,1.0003052556390977,1.6386649498746868
h00,4648256247739606371,p3,A,0.07400317020127746,0.053137710178199626
h00,4648256247739606371,p3,B,0.24633587275600963,0.36744760150236355
h00,4648256247739606371,p3,C,0.8196392440860215,1.681701107526882
h00,4652625469908853471,p1,A,0.04003906422982309,0.02403862928550878
h00,4652625469908853471,p1,B,0.306067214021164,0.403263373755634
h00,4652625469908853471,p1,C,1.2790930777777776,1.8764601851851852
h00,4652625469908853471,p2,A,0.06943952048215736,0.04827618598354694
h00,4652625469908853471,p2,B,0.255737573952633,0.37004787814550166
h00,4652625469908853471,p2,C,0.9418164091954023,1.606120448275862
h00,4652625469908853471,p3,A,0.07567513581349695,0.05473579278569159
h00,4652625469908853471,p3,B,0.2510146566540753,0.372293334116037
h00,4652625469908853471,p3,C,0.7396319962686567,1.629476604477612
h00,4671950388705285656,p1,A,0.0399517277511334,0.024190060899165877
h00,4671950388705285656,p1,B,0.3246582562144033,0.4001281752472338
h00,4671950388705285656,p1,C,1.602985618066158,2.285367872773537
h00,4671950388705285656,p2,A,0.0690480482993348,0.04827482127573734
h00,4671950388705285656,p2,B,0.25922472358562965,0.36671311973689463
h00,4671950388705285656,p2,C,0.9340620717439294,1.8072594150110375
h00,4671950388705285656,p3,A,0.075346616104921,0.05400084811271113
h00,4671950388705285656,p3,B,0.252246348928718,0.3672947592446669
h00,4671950388705285656,p3,C,0.7939575,1.7536716334991709
h00,4682820477415630882,p1,A,0.040119008187443954,0.024388249728543004
h00,4682820477415630882,p1,B,0.30832795433255267,0.3951082221831902
h00,4682820477415630882,p1,C,1.225626119883041,1.7942993274853802
h00,4682820477415630882,p2,A,0.0684176154988131,0.04822474685390443
h00,4682820477415630882,p2,B,0.2598121977645104,0.362671900847629
h00,4682820477415630882,p2,C,0.9584751960784313,1.6163409943977591
h00,4682820477415630882,p3,A,0.07629745018876839,0.05377524240530235
h00,4682820477415630882,p3,B,0.2563862485084196,0.3702773691293128
h00,4682820477415630882,p3,C,0.8872477283950616,1.706688014403292
h00,4701974196630073149,p1,A,0.04003066853054106,0.024329635032319184
h00,4701974196630073149,p1,B,0.3114588556795635,0.39862946161623675
h00,4701974196630073149,p1,C,1.2375823825136612,1.9280586885245903
h00,4701974196630073149,p2,A,0.06908043090811923,0.04722919291138864
h00,4701974196630073149,p2,B,0.2590028055953274,0.3722456568046322
h00,4701974196630073149,p2,C,0.8566766747967479,1.6157266666666665
h00,4701974196630073149,p3,A,0.07449848832552987,0.052899826081802236
h00,4701974196630073149,p3,B,0.24718493234836414,0.36731535290827794
h00,4701974196630073149,p3,C,0.847632885209713,1.831860949227373
h00,4706097106558524043,p1,A,0.04055126796512873,0.024730105486116802
h00,4706097106558524043,p1,B,0.3205162542527548,0.4019378383567821
h00,4706097106558524043,p1,C,1.6505216727493917,2.391695498783455
h00,4706097106558524043,p2,A,0.06933272616032123,0.04830435912234565
h00,4706097106558524043,p2,B,0.2492628076654658,0.3637975230035211
h00,4706097106558524043,p2,C,1.0875377474226804,1.7390709278350514
h00,4706097106558524043,p3,A,0.07714158249794054,0.055746820854066924
h00,4706097106558524043,p3,B,0.261461403874879,0.3717601320951983
h00,4706097106558524043,p3,C,0.9718263036398468,1.7190888601532568
h00,4710395148153062601,p1,A,0.04051099166571639,0.024170033862935217
h00,4710395148153062601,p1,B,0.31032987700746967,0.40061329581999466
h00,4710395148153062601,p1,C,1.3851974298245615,2.108148538011696
h00,4710395148153062601,p2,A,0.06806145560934262,0.047985331065624234
h00,4710395148153062601,p2,B,0.24886142775980358,0.36813489348575645
h00,4710395148153062601,p2,C,0.9535459987745097,1.790613713235294
h00,4710395148153062601,p3,A,0.07744569427851677,0.0554272026530187
h00,4710395148153062601,p3,B,0.2597236550303769,0.36885628693965494
h00,4710395148153062601,p3,C,0.9860577484276729,1.7157196226415092
h00,4719599277082129813,p1,A,0.04007053558502429,0.02374835226523694
h00,4719599277082129813,p1,B,0.3041537022885943,0.40500160004408337
h00,4719599277082129813,p1,C,1.3059472919463089,1.9016588087248323
h00,4719599277082129813,p2,A,0.06791079878919816,0.04717274565958205
h00,4719599277082129813,p2,B,0.2591218811730287,0.36793576347089446
h00,4719599277082129813,p2,C,0.8762664710648148,1.7396263657407407
h00,4719599277082129813,p3,A,0.07387066978763701,0.0526234575735529
h00,4719599277082129813,p3,B,0.2532339950328926,0.36695936773785737
h00,4719599277082129813,p3,C,1.317265882183908,2.051829698275862
h00,4761604905378794750,p1,A,0.03995580333084896,0.024250106016861412
h00,4761604905378794750,p1,B,0.31771668413627957,0.4206851651162516
h00,4761604905378794750,p1,C,1.3711128736979166,1.9881933333333333
h00,4761604905378794750,p2,A,0.07016416597618608,0.04965777548807806
h00,4761604905378794750,p2,B,0.2544378253647277,0.3681876601471231
h00,4761604905378794750,p2,C,0.979123095890411,1.7681909589041098
h00,4761604905378794750,p3,A,0.07808137232624054,0.05575632591583777
h00,4761604905378794750,p3,B,0.24574037263806853,0.36618694277642333
h00,4761604905378794750,p3,C,0.9105520305343511,1.618369427480916
h00,4768051977963836571,p1,A,0.04030853645053855,0.02454825574612713
h00,4768051977963836571,p1,B,0.30706951524252263,0.40402776426275744
h00,4768051977963836571,p1,C,1.3265576217391304,1.931253724637681
h00,4768051977963836571,p2,A,0.06839741611138285,0.0471979745229892
h00,4768051977963836571,p2,B,0.2572855196629454,0.3659966312329705
h00,4768051977963836571,p2,C,1.0167911878787879,1.8574169393939393
h00,4768051977963836571,p3,A,0.0773215316227057,0.054503779820837664
h00,4768051977963836571,p3,B,0.24979116511703328,0.3698908240767379
h00,4768051977963836571,p3,C,0.9756211830985916,1.751324753521127
h00,4770106728149677002,p1,A,0.0409661106422077,0.024686739966738116
h00,4770106728149677002,p1,B,0.32226930931888537,0.405411780331097
h00,4770106728149677002,p1,C,1.4040285766423357,2.0906624452554743
h00,4770106728149677002,p2,A,0.06844019587013327,0.04814367193899678
h00,4770106728149677002,p2,B,0.2535819438887612,0.36630278938514255
h00,4770106728149677002,p2,C,0.8461066050724637,1.8066084903381643
h00,4770106728149677002,p3,A,0.07670989111377932,0.05444331815126299
h00,4770106728149677002,p3,B,0.25149259885541886,0.3677801409868649
h00,4770106728149677002,p3,C,0.8215935844748858,1.7150134703196347
h00,4776569912368307749,p1,A,0.03933197472101338,0.023972260536023866
h00,4776569912368307749,p1,B,0.3002047827184957,0.39696722305544396
h00,4776569912368307749,p1,C,1.0351445402621724,1.7398945973782771
h00,4776569912368307749,p2,A,0.06772235226741034,0.04792593544784856
h00,4776569912368307749,p2,B,0.25484613841218,0.3684324460718362
h00,4776569912368307749,p2,C,1.1375730882352941,1.8722808455882354
h00,4776569912368307749,p3,A,0.07631084171082864,0.05557131166534182
h00,4776569912368307749,p3,B,0.25261918595975374,0.36845325217499353
h00,4776569912368307749,p3,C,0.9034447346072186,1.7576575477707004
h00,4820676969040131206,p1,A,0.040280532246134114,0.024118464246684738
h00,4820676969040131206,p1,B,0.3212084827393175,0.4061061317509208
h00,4820676969040131206,p1,C,1.171386504032258,1.7528077284946237
h00,4820676969040131206,p2,A,0.07136235090125859,0.05068507395456611
h00,4820676969040131206,p2,B,0.2558594371458381,0.372063158562936
h00,4820676969040131206,p2,C,0.8742229989648033,1.780957370600414
h00,4820676969040131206,p3,A,0.07872099896325505,0.055094681072016115
h00,4820676969040131206,p3,B,0.25670903818164054,0.36799169777198937
h00,4820676969040131206,p3,C,0.8572822893939394,1.8667142424242424
h00,4862318640375206950,p1,A,0.04055698625365749,0.02480723198671499
h00,4862318640375206950,p1,B,0.32140084963767135,0.40403510612035537
h00,4862318640375206950,p1,C,1.0217249858757063,1.6789715536723162
h00,4862318640375206950,p2,A,0.06888833571636592,0.0478131284300526
h00,4862318640375206950,p2,B,0.25615946845727056,0.3720480094720589
h00,4862318640375206950,p2,C,0.9860016933962265,1.5217461320754717
h00,4862318640375206950,p3,A,0.07721068063652253,0.05473229272366272
h00,4862318640375206950,p3,B,0.25427296298871765,0.369449942601499
h00,4862318640375206950,p3,C,0.9215349475806452,1.5655545967741935
h00,4900454266220233383,p1,A,0.0389563044893691,0.02359233728399995
h00,4900454266220233383,p1,B,0.30309789947668647,0.39689535898809525
h00,4900454266220233383,p1,C,1.2734750833333335,1.865042125
h00,4900454266220233383,p2,A,0.06750284175572875,0.04661028115543408
h00,4900454266220233383,p2,B,0.2551712976630625,0.361617055012349
h00,4900454266220233383,p2,C,0.999516145522388,1.7137611940298507
h00,4900454266220233383,p3,A,0.07482105407787518,0.053407417525017195
h00,4900454266220233383,p3,B,0.2570729601936657,0.3695177903606299
h00,4900454266220233383,p3,C,0.900424612,1.5771016400000002
h00,4905721806287464486,p1,A,0.03956833476674654,0.02436877973900481
h00,4905721806287464486,p1,B,0.3191017400752825,0.40811072263619436
h00,4905721806287464486,p1,C,1.9880588537037038,2.7305158209876543
h00,4905721806287464486,p2,A,0.06852868661235303,0.04892170544359189
h00,4905721806287464486,p2,B,0.24966758503663486,0.36715698526175605
h00,4905721806287464486,p2,C,0.9500001666666666,1.6049924814814813
h00,4905721806287464486,p3,A,0.07552795812331513,0.055043058692408414
h00,4905721806287464486,p3,B,0.25024530198589456,0.36559578436906354
h00,4905721806287464486,p3,C,0.9757761158940398,1.744136523178808
h00,4909920547801250209,p1,A,0.04060651210045244,0.02454616795641495
h00,4909920547801250209,p1,B,0.31658920622015746,0.4106376510033553
h00,4909920547801250209,p1,C,1.0864666029082775,1.737376677852349
h00,4909920547801250209,p2,A,0.06969538919347504,0.04807296853050461
h00,4909920547801250209,p2,B,0.262660665112957,0.36713878067206174
h00,4909920547801250209,p2,C,0.7989558435828877,1.7879999732620322
h00,4909920547801250209,p3,A,0.07644218683656102,0.054690946009259354
h00,4909920547801250209,p3,B,0.26096921786797705,0.37456302886259213
h00,4909920547801250209,p3,C,0.8654773800000001,1.62506408
h00,4914366003619832907,p1,A,0.039730643387519644,0.023707128480782404
h00,4914366003619832907,p1,B,0.2970667102308352,0.4045174284716035
h00,4914366003619832907,p1,C,1.297632279376499,1.8811796163069545
h00,4914366003619832907,p2,A,0.0659856154421079,0.04619735622671733
h00,4914366003619832907,p2,B,0.2574953488899549,0.3691150862983444
h00,4914366003619832907,p2,C,1.0698429544270833,1.7634683723958333
h00,4914366003619832907,p3,A,0.07484004498405457,0.053577506100624894
h00,4914366003619832907,p3,B,0.2497742331033436,0.36943702975325354
h00,4914366003619832907,p3,C,0.86777035,1.5999531904761906
h00,4915224663294039873,p1,A,0.04012065329275333,0.024354652503804412
h00,4915224663294039873,p1,B,0.2997149000302733,0.40259821600720014
h00,4915224663294039873,p1,C,1.2521348995327102,1.8054087538940808
h00,4915224663294039873,p2,A,0.06785198111797082,0.048226326571929524
h00,4915224663294039873,p2,B,0.25976277995749947,0.3721501364897335
h00,4915224663294039873,p2,C,0.8915108401639344,1.6394178142076503
h00,4915224663294039873,p3,A,0.07740331496594566,0.05473966336838701
h00,4915224663294039873,p3,B,0.25132142026100707,0.3690723455828798
h00,4915224663294039873,p3,C,0.9366224903100775,1.7707125968992248
h00,4922505198070280850,p1,A,0.04059818803734062,0.024750780274315466
h00,4922505198070280850,p1,B,0.28934871775199106,0.3920681169204359
h00,4922505198070280850,p1,C,1.352819016,1.94328068
h00,4922505198070280850,p2,A,0.0683731007831462,0.046978191010638194
h00,4922505198070280850,p2,B,0.25201713096674144,0.36631735876801624
h00,4922505198070280850,p2,C,0.8541726834319527,1.7197778895463511
h00,4922505198070280850,p3,A,0.07572143013511899,0.053989564086723
h00,4922505198070280850,p3,B,0.25492646608051023,0.3728996902150895
h00,4922505198070280850,p3,C,0.9000624740259741,1.6528987337662338
h00,4933412016100677327,p1,A,0.04064641911309565,0.0244502150552468
h00,4933412016100677327,p1,B,0.31467103845591543,0.40439804902480564
h00,4933412016100677327,p1,C,1.4740399710144927,2.1894991787439615
h00,4933412016100677327,p2,A,0.06800830511937563,0.04721718818124082
h00,4933412016100677327,p2,B,0.2609555624153292,0.3699358771145439
h00,4933412016100677327,p2,C,0.8919650737976782,1.7620907379767827
h00,4933412016100677327,p3,A,0.07850682803072546,0.05567933046487606
h00,4933412016100677327,p3,B,0.2534915098121959,0.3687543172152769
h00,4933412016100677327,p3,C,1.1418851511387165,2.049703209109731
h00,4942833993149056767,p1,A,0.040308497876468355,0.024204593020383074
h00,4942833993149056767,p1,B,0.30737626147422786,0.40483443593201845
h00,4942833993149056767,p1,C,1.1125583297619046,1.8708946071428574
h00,4942833993149056767,p2,A,0.0669059284225454,0.04736194422210816
h00,4942833993149056767,p2,B,0.2576724616848797,0.3685583318978308
h00,4942833993149056767,p2,C,0.9384064202898551,1.751128188405797
h00,4942833993149056767,p3,A,0.07580923916454503,0.05515628752783284
h00,4942833993149056767,p3,B,0.24985543056860748,0.3665251882660648
h00,4942833993149056767,p3,C,0.8772731428571429,1.5837175000000001
h00,4945630087682338825,p1,A,0.04012863370171823,0.024127238231841465
h00,4945630087682338825,p1,B,0.31511730410308814,0.40233492990613035
h00,4945630087682338825,p1,C,1.4511794384057972,1.8783273007246375
h00,4945630087682338825,p2,A,0.06933190536608681,0.04821184957456235
h00,4945630087682338825,p2,B,0.255693408154899,0.3642024884858422
h00,4945630087682338825,p2,C,0.924356627218935,1.6873794674556213
h00,4945630087682338825,p3,A,0.07650443135919399,0.054981498935885484
h00,4945630087682338825,p3,B,0.246802891694225,0.3658667223920982
h00,4945630087682338825,p3,C,0.864646932,1.6538456
h00,495239681966857437,p1,A,0.04005536262669899,0.024404087526629422
h00,495239681966857437,p1,B,0.2975858648039999,0.3959428389546105
h00,495239681966857437,p1,C,1.3888806946564887,2.0864169847328244
h00,495239681966857437,p2,A,0.06847087192430996,0.047973305492792453
h00,495239681966857437,p2,B,0.26038331698063066,0.36892912480440726
h00,495239681966857437,p2,C,0.85246954,1.69401308
h00,495239681966857437,p3,A,0.07485843895419024,0.0534626438374071
h00,495239681966857437,p3,B,0.25536939574750445,0.37424213230418696
h00,495239681966857437,p3,C,0.8332553571428571,1.7590673544973545
h00,4957936069046283899,p1,A,0.03997150837169449,0.02459434697946986
h00,4957936069046283899,p1,B,0.3143535852444213,0.4024694125279637
h00,4957936069046283899,p1,C,1.3136710380577428,1.7427882020997376
h00,4957936069046283899,p2,A,0.06943057811392446,0.048418771516659846
h00,4957936069046283899,p2,B,0.25127923118386075,0.36917720898668616
h00,4957936069046283899,p2,C,1.0284203785211268,1.7872022887323944
h00,4957936069046283899,p3,A,0.07582634812300264,0.053953222139871554
h00,4957936069046283899,p3,B,0.24758542485322724,0.36987061653716624
h00,4957936069046283899,p3,C,1.0547526875,1.7812279427083333
h00,4960850976546984861,p1,A,0.039961540822270096,0.023779573175002386
h00,4960850976546984861,p1,B,0.32463250614878136,0.4073347696899449
h00,4960850976546984861,p1,C,1.34543688030303,1.9146039393939396
h00,4960850976546984861,p2,A,0.06843184692663697,0.04867753540033983
h00,4960850976546984861,p2,B,0.2557698170281696,0.37046628202336573
h00,4960850976546984861,p2,C,0.9965440013774104,1.6450301721763085
h00,4960850976546984861,p3,A,0.07385297293548197,0.05395181178786759
h00,4960850976546984861,p3,B,0.24944081531138793,0.3722680532363495
h00,4960850976546984861,p3,C,1.0042309141104295,1.641352218813906
h00,4999843418850662325,p1,A,0.04066189448674581,0.02451832027876914
h00,4999843418850662325,p1,B,0.3191428493922569,0.4004141499116313
h00,4999843418850662325,p1,C,1.2864345653735632,1.8094753735632185
h00,4999843418850662325,p2,A,0.06802546631422036,0.04652017049778269
h00,4999843418850662325,p2,B,0.2597132478482797,0.36397981564451315
h00,4999843418850662325,p2,C,0.8279685879629629,1.6753325925925926
h00,4999843418850662325,p3,A,0.07546911003660448,0.05394479063081969
h00,4999843418850662325,p3,B,0.2559995506505201,0.37186830931174
h00,4999843418850662325,p3,C,1.0815569713114754,1.7901409836065574
h00,500865030532099991,p1,A,0.040858945824425716,0.025306228613192393
h00,500865030532099991,p1,B,0.3103804520941373,0.405350830416239
h00,500865030532099991,p1,C,1.2925316296296296,2.0063922916666663
h00,500865030532099991,p2,A,0.07048284258811138,0.04902246446296479
h00,500865030532099991,p2,B,0.26039175901816536,0.3648747653705053
h00,500865030532099991,p2,C,0.9267378785310734,1.781055084745763
h00,500865030532099991,p3,A,0.07531702421867187,0.054012229914233774
h00,500865030532099991,p3,B,0.24897291315203784,0.368606500426945
h00,500865030532099991,p3,C,0.7734230575,1.7331562083333332
h00,5008997459668920199,p1,A,0.040491311373868986,0.024391428882308084
h00,5008997459668920199,p1,B,0.32756959039724365,0.402629990327633
h00,5008997459668920199,p1,C,1.319756830749354,1.8219298320413437
h00,5008997459668920199,p2,A,0.06756006016900432,0.04722940328547666
h00,5008997459668920199,p2,B,0.2539178001391527,0.36861708798932274
h00,5008997459668920199,p2,C,0.947961232051282,1.5028640641025641
h00,5008997459668920199,p3,A,0.07822453353554973,0.05611087602480881
h00,5008997459668920199,p3,B,0.25352554090805984,0.3685508157930006
h00,5008997459668920199,p3,C,0.8048455734265735,1.6507597086247086
h00,5013579648388910214,p1,A,0.040389282990574496,0.024531273972402158
h00,5013579648388910214,p1,B,0.2951846541096472,0.40031958128957823
h00,5013579648388910214,p1,C,1.0341117252604166,1.8180013151041667
h00,5013579648388910214,p2,A,0.06786015863000236,0.047167529584593075
h00,5013579648388910214,p2,B,0.25295136045281646,0.36800974554239035
h00,5013579648388910214,p2,C,0.9019511015037593,1.6068177819548872
h00,5013579648388910214,p3,A,0.07455215806419829,0.05315830118806068
h00,5013579648388910214,p3,B,0.24250998949115157,0.367994726526087
h00,5013579648388910214,p3,C,0.9525352445175439,1.6341772368421053
h00,5023086294497998696,p1,A,0.0404478900531165,0.02484670416210299
h00,5023086294497998696,p1,B,0.3017722525943779,0.4006827882688999
h00,5023086294497998696,p1,C,1.2105455217391305,1.8502481763285024
h00,5023086294497998696,p2,A,0.06870997665902212,0.04805487596473394
h00,5023086294497998696,p2,B,0.2517990353991808,0.37357890551819456
h00,5023086294497998696,p2,C,0.9864933898305085,1.6370332627118644
h00,5023086294497998696,p3,A,0.07595486035521119,0.054154766036017335
h00,5023086294497998696,p3,B,0.261723481320245,0.3668526163573941
h00,5023086294497998696,p3,C,0.8337047815198618,1.795398419689119
h00,5099936664436716099,p1,A,0.039729379903682444,0.02477859881664687
h00,5099936664436716099,p1,B,0.29934539289575735,0.4032228479024943
h00,5099936664436716099,p1,C,1.3114975218978102,1.8858198661800487
h00,5099936664436716099,p2,A,0.06767805039555179,0.0475388459395128
h00,5099936664436716099,p2,B,0.26536681929176326,0.36959862069596044
h00,5099936664436716099,p2,C,0.9584815390625,1.7675273307291666
h00,5099936664436716099,p3,A,0.07434384465467764,0.053684192459805755
h00,5099936664436716099,p3,B,0.24692346778151825,0.3684309821800489
h00,5099936664436716099,p3,C,0.9484124953488373,1.8951659689922482
h00,510538756595451643,p1,A,0.0405261204638246,0.02482653347721195
h00,510538756595451643,p1,B,0.3194781759965729,0.4075033175214528
h00,510538756595451643,p1,C,1.3329142267156862,1.9248756250000003
h00,510538756595451643,p2,A,0.06917327774514696,0.048575684453533836
h00,510538756595451643,p2,B,0.26128349320866134,0.3652236429779982
h00,510538756595451643,p2,C,0.8506953914473684,1.6587029934210527
h00,510538756595451643,p3,A,0.07570946801077938,0.053770931405828955
h00,510538756595451643,p3,B,0.25344149882322575,0.366127298630043
h00,510538756595451643,p3,C,0.8718870955555555,1.7559721444444445
h00,5113713841006917347,p1,A,0.04045708405891794,0.02438142570582221
h00,5113713841006917347,p1,B,0.30791300843662894,0.4074854372077773
h00,5113713841006917347,p1,C,1.1558904223057644,1.686955864661654
h00,5113713841006917347,p2,A,0.06816356364042292,0.04848155005223252
h00,5113713841006917347,p2,B,0.25061264107629666,0.36741299849522746
h00,5113713841006917347,p2,C,0.9775319712230216,1.8186794964028776
h00,5113713841006917347,p3,A,0.07394416235498878,0.05375656941625909
h00,5113713841006917347,p3,B,0.24856131700671555,0.3686476632154025
h00,5113713841006917347,p3,C,1.0906959411764705,1.958031579520697
h00,5121017319441665793,p1,A,0.040248613865856014,0.024859395456407536
h00,5121017319441665793,p1,B,0.30634217471526753,0.4047454495933563
h00,5121017319441665793,p1,C,1.389782888888889,2.0046884281842816
h00,5121017319441665793,p2,A,0.06901251279168932,0.049001717357763715
h00,5121017319441665793,p2,B,0.2508931654915893,0.3652089961296344
h00,5121017319441665793,p2,C,1.0141698834115804,1.8228579420970266
h00,5121017319441665793,p3,A,0.07461094193315487,0.0542925983510309
h00,5121017319441665793,p3,B,0.25129825006375833,0.3660818490925812
h00,5121017319441665793,p3,C,0.9605660774278215,1.5508968766404199
h00,5125311003961098146,p1,A,0.03988527703209514,0.024024455839771405
h00,5125311003961098146,p1,B,0.31952808302852537,0.4093175673266979
h00,5125311003961098146,p1,C,1.4755119522144522,2.0182417832167836
h00,5125311003961098146,p2,A,0.0683473473156464,0.04817423719310479
h00,5125311003961098146,p2,B,0.2602176752190963,0.3660425653439951
h00,5125311003961098146,p2,C,1.0037927864271456,1.7258329740518963
h00,5125311003961098146,p3,A,0.07448888327441269,0.05385600461276204
h00,5125311003961098146,p3,B,0.2553358357349766,0.37274991658380063
h00,5125311003961098146,p3,C,0.7701329871794871,1.5723355662393161
h00,5130782248403526820,p1,A,0.04023478294040458,0.02400713207254937
h00,5130782248403526820,p1,B,0.324895436654824,0.40533384112073606
h00,5130782248403526820,p1,C,1.499511048780488,2.2030944715447154
h00,5130782248403526820,p2,A,0.06903252910901073,0.04844491841597809
h00,5130782248403526820,p2,B,0.26431557510859577,0.37060554596770906
h00,5130782248403526820,p2,C,0.9090229639303483,1.6980728233830844
h00,5130782248403526820,p3,A,0.07782384707899465,0.056630199569837086
h00,5130782248403526820,p3,B,0.25430460046516506,0.3686949582888635
h00,5130782248403526820,p3,C,0.9207548045112782,1.702421992481203
h00,5131756339351306096,p1,A,0.040462448168718586,0.02501674155473856
h00,5131756339351306096,p1,B,0.30436507903564364,0.3893984333764746
h00,5131756339351306096,p1,C,1.3610476272727272,1.9687686363636363
h00,5131756339351306096,p2,A,0.06747778363755269,0.049449617683761
h00,5131756339351306096,p2,B,0.25387131217212117,0.36827261553760177
h00,5131756339351306096,p2,C,1.0072565133819953,1.6672197688564476
h00,5131756339351306096,p3,A,0.07479635311400415,0.05486637646589579
h00,5131756339351306096,p3,B,0.2519073892744567,0.3661522383671322
h00,5131756339351306096,p3,C,0.919109795751634,1.584756454248366
h00,5142132378030356315,p1,A,0.04019552470161022,0.02420990183191876
h00,5142132378030356315,p1,B,0.3110418916956609,0.4034514589063599
h00,5142132378030356315,p1,C,1.3563136534391536,1.950606798941799
h00,5142132378030356315,p2,A,0.06803315510035421,0.047685175868558936
h00,5142132378030356315,p2,B,0.2615350206020128,0.3712573747001653
h00,5142132378030356315,p2,C,0.8821711052631579,1.6344616666666667
h00,5142132378030356315,p3,A,0.07423175209814831,0.05415358011050192
h00,5142132378030356315,p3,B,0.2511522919566879,0.3671958509940108
h00,5142132378030356315,p3,C,0.8637716333333333,1.5703644642857142
h00,5175702763526995636,p1,A,0.040245059405469824,0.02415941715820499
h00,5175702763526995636,p1,B,0.3210280097308847,0.4074204250462
h00,5175702763526995636,p1,C,1.2974974780361757,1.9947346382428939
h00,5175702763526995636,p2,A,0.06808575418092203,0.04692471847302376
h00,5175702763526995636,p2,B,0.257027679317178,0.3693640000762968
h00,5175702763526995636,p2,C,0.7685330305851064,1.687036409574468
h00,5175702763526995636,p3,A,0.07676813468719763,0.0536268139118378
h00,5175702763526995636,p3,B,0.2539153194704638,0.36769431524936463
h00,5175702763526995636,p3,C,0.7792617464689267,1.7337319844632768
h00,5191752431184455540,p1,A,0.04176777455696432,0.025013152950196526
h00,5191752431184455540,p1,B,0.32635946081145073,0.4067726501943301
h00,5191752431184455540,p1,C,1.2453814474474474,1.857940870870871
h00,5191752431184455540,p2,A,0.0672673496638108,0.04802589645175637
h00,5191752431184455540,p2,B,0.25265760690827116,0.3658322489437566
h00,5191752431184455540,p2,C,1.0245441325136613,1.7471496584699453
h00,5191752431184455540,p3,A,0.07596034603159074,0.055502243914859604
h00,5191752431184455540,p3,B,0.24918715317365708,0.36134943305377176
h00,5191752431184455540,p3,C,0.815016347826087,1.6365750621118011
h00,525394873325788045,p1,A,0.03969480760729978,0.023728707333518166
h00,525394873325788045,p1,B,0.31600586947535536,0.402751666037161
h00,525394873325788045,p1,C,1.24287377259887,1.8314703531073446
h00,525394873325788045,p2,A,0.06742315715497071,0.0473892899108045
h00,525394873325788045,p2,B,0.25944866043114834,0.3688758600186937
h00,525394873325788045,p2,C,0.8828857975391499,1.66424870246085
h00,525394873325788045,p3,A,0.07341072027307657,0.05229106923007446
h00,525394873325788045,p3,B,0.251383967107217,0.36375825039720516
h00,525394873325788045,p3,C,0.8296663100775195,1.7272043798449614
h00,5269918019840730076,p1,A,0.04020244775296356,0.02460931912147863
h00,5269918019840730076,p1,B,0.30765687469145975,0.40222070922913283
h00,5269918019840730076,p1,C,1.2680638587196469,1.971095033112583
h00,5269918019840730076,p2,A,0.06661066375398002,0.04701051113542877
h00,5269918019840730076,p2,B,0.2592434970783233,0.370835258497273
h00,5269918019840730076,p2,C,0.8771244602649008,1.7053462582781458
h00,5269918019840730076,p3,A,0.07416926041830639,0.05354264852970264
h00,5269918019840730076,p3,B,0.25835744541444977,0.3644700584934326
h00,5269918019840730076,p3,C,0.7733998098591549,1.702222097026604
h00,5272992846921558164,p1,A,0.040447103356561466,0.024363027957261564
h00,5272992846921558164,p1,B,0.30080412126545913,0.4038777795371182
h00,5272992846921558164,p1,C,1.1958246365079366,1.8359306984126986
h00,5272992846921558164,p2,A,0.06961178060630438,0.05032812111439374
h00,5272992846921558164,p2,B,0.25234806695009393,0.3723359758973137
h00,5272992846921558164,p2,C,0.8803311318027212,1.664444931972789
h00,5272992846921558164,p3,A,0.0774721536803283,0.055423571057818866
h00,5272992846921558164,p3,B,0.2639186700157712,0.36617718657087794
h00,5272992846921558164,p3,C,0.830025064516129,1.7345787903225807
h00,5282344227444082682,p1,A,0.040117773563674644,0.024636610301375775
h00,5282344227444082682,p1,B,0.29769465784923926,0.40153771632664825
h00,5282344227444082682,p1,C,1.428990130952381,1.920661626984127
h00,5282344227444082682,p2,A,0.06925402892284198,0.048100655720598136
h00,5282344227444082682,p2,B,0.25181171909878325,0.36401598462475415
h00,5282344227444082682,p2,C,1.1163644322222224,1.7891854333333332
h00,5282344227444082682,p3,A,0.07587738563171315,0.05454273206784746
h00,5282344227444082682,p3,B,0.25195927700141457,0.3636457852472606
h00,5282344227444082682,p3,C,0.9005464895104894,1.747111048951049
h00,5288204790441862211,p1,A,0.04038320101154523,0.024207965398837766
h00,5288204790441862211,p1,B,0.30454464859077723,0.40024322258571343
h00,5288204790441862211,p1,C,1.4032627606837609,2.1319462393162394
h00,5288204790441862211,p2,A,0.06612837214780146,0.04697750623515017
h00,5288204790441862211,p2,B,0.2498479095762885,0.36668005318394387
h00,5288204790441862211,p2,C,0.9489168345070423,1.7280966549295775
h00,5288204790441862211,p3,A,0.07377736125350548,0.05326510873636044
h00,5288204790441862211,p3,B,0.24759701287301347,0.3755766664314565
h00,5288204790441862211,p3,C,0.8185689814814816,1.7360958089668617
h00,5294029148979271320,p1,A,0.04060141806045908,0.024290829260528782
h00,5294029148979271320,p1,B,0.3150185672286976,0.40148188091419273
h00,5294029148979271320,p1,C,1.5056881288515405,2.094265168067227
h00,5294029148979271320,p2,A,0.06590542257931341,0.04612549024527821
h00,5294029148979271320,p2,B,0.2598979681283075,0.37064290806071404
h00,5294029148979271320,p2,C,0.8681748103448276,1.6567871954022988
h00,5294029148979271320,p3,A,0.07519135610723308,0.053691335996259734
h00,5294029148979271320,p3,B,0.25539645259105476,0.3653855526043755
h00,5294029148979271320,p3,C,0.7925091857142857,1.6733573999999998
h00,5309441674361370314,p1,A,0.040608541592073756,0.024212447270579106
h00,5309441674361370314,p1,B,0.3234889005405317,0.41162154729325884
h00,5309441674361370314,p1,C,1.237613474789916,1.79622512605042
h00,5309441674361370314,p2,A,0.06849962853442965,0.047411699950023804
h00,5309441674361370314,p2,B,0.2542288680093533,0.3713130553056117
h00,5309441674361370314,p2,C,1.0530022282608698,1.7276138768115943
h00,5309441674361370314,p3,A,0.07279756228323717,0.05275672066472879
h00,5309441674361370314,p3,B,0.2426523653079822,0.37141816102904607
h00,5309441674361370314,p3,C,0.9642988664122139,1.8383870992366411
h00,5323552524682102454,p1,A,0.03996323376031258,0.02425709743640309
h00,5323552524682102454,p1,B,0.30874281419100796,0.4046884100801717
h00,5323552524682102454,p1,C,1.3092458306878307,1.8942762433862435
h00,5323552524682102454,p2,A,0.06979708503903752,0.04877571787387233
h00,5323552524682102454,p2,B,0.25296757150419497,0.36596353815227445
h00,5323552524682102454,p2,C,0.9834169349593497,1.7769494715447154
h00,5323552524682102454,p3,A,0.0741955499900568,0.05362345732237633
h00,5323552524682102454,p3,B,0.24846264166706686,0.36909649907460007
h00,5323552524682102454,p3,C,1.0507090000000001,1.84429
h00,534682968402810412,p1,A,0.04050022579087554,0.02466605581960156
h00,534682968402810412,p1,B,0.3075875929934755,0.4071741200766059
h00,534682968402810412,p1,C,1.1876117020997374,1.7233375065616798
h00,534682968402810412,p2,A,0.07007172901993108,0.05019517384869222
h00,534682968402810412,p2,B,0.2533588086597592,0.3686115005501072
h00,534682968402810412,p2,C,0.7861985076142132,1.705560304568528
h00,534682968402810412,p3,A,0.07588103832599424,0.05545491612840547
h00,534682968402810412,p3,B,0.2441057976711011,0.36575778149969257
h00,534682968402810412,p3,C,0.8374537989247313,1.6664599677419354
h00,5363488049418491823,p1,A,0.04010274566141202,0.02431296427326824
h00,5363488049418491823,p1,B,0.3120837868761076,0.4060105036173489
h00,5363488049418491823,p1,C,1.1815106384615386,1.8214216153846152
h00,5363488049418491823,p2,A,0.06854414047971866,0.04798449158378773
h00,5363488049418491823,p2,B,0.2550449138184361,0.369114385845471
h00,5363488049418491823,p2,C,1.0466158093093094,1.562188078078078
h00,5363488049418491823,p3,A,0.07626275299139793,0.054273620945335554
h00,5363488049418491823,p3,B,0.25300083058258194,0.3662098507037757
h00,5363488049418491823,p3,C,1.0314520956284152,1.6972609426229508
h00,5364969804020168958,p1,A,0.04024698615745756,0.024287140531341626
h00,5364969804020168958,p1,B,0.31450838863119934,0.4030550101511559
h00,5364969804020168958,p1,C,1.476990306763285,2.1727210990338164
h00,5364969804020168958,p2,A,0.071066192964842,0.04989520889562387
h00,5364969804020168958,p2,B,0.25801488011931545,0.36564636815619733
h00,5364969804020168958,p2,C,1.0718199264264265,1.7882435285285285
h00,5364969804020168958,p3,A,0.07657531486939655,0.05452042547730451
h00,5364969804020168958,p3,B,0.25236749125776314,0.3674414772576572
h00,5364969804020168958,p3,C,0.9656125335365854,1.846039207317073
h00,5380802345488473922,p1,A,0.040405083218491136,0.02465552150576819
h00,5380802345488473922,p1,B,0.29903539106696525,0.40319950821079625
h00,5380802345488473922,p1,C,1.1517588584474885,1.7981321575342464
h00,5380802345488473922,p2,A,0.06820423322334804,0.047788811732105
h00,5380802345488473922,p2,B,0.255659720491639,0.3687016880874475
h00,5380802345488473922,p2,C,1.0721838888888888,1.788852222222222
h00,5380802345488473922,p3,A,0.07399035823320375,0.05206133085110329
h00,5380802345488473922,p3,B,0.24532690939374857,0.36561794428784566
h00,5380802345488473922,p3,C,0.8491350555555556,1.6310618376068378
h00,5387207891766409458,p1,A,0.04008031468988311,0.024448849649075368
h00,5387207891766409458,p1,B,0.3085703419103986,0.40692531784429115
h00,5387207891766409458,p1,C,1.139056011820331,1.8190471276595743
h00,5387207891766409458,p2,A,0.07003632745160927,0.04822347049731883
h00,5387207891766409458,p2,B,0.265798417521945,0.3752022164471379
h00,5387207891766409458,p2,C,0.8627877747474747,1.8164981919191918
h00,5387207891766409458,p3,A,0.07797780664966576,0.05508322330941471
h00,5387207891766409458,p3,B,0.2580271790383063,0.3703260641960906
h00,5387207891766409458,p3,C,0.9103669666666667,1.7435324504504504
h00,540664547929555737,p1,A,0.04022858058893435,0.0241702003865131
h00,540664547929555737,p1,B,0.3300027885748721,0.4092478592114325
h00,540664547929555737,p1,C,1.3364288209459458,1.953489054054054
h00,540664547929555737,p2,A,0.06981642880326584,0.04851517334769572
h00,540664547929555737,p2,B,0.25438000453911996,0.36679570876743545
h00,540664547929555737,p2,C,1.1310134192307693,2.113114423076923
h00,540664547929555737,p3,A,0.07679921986927662,0.05422015273929582
h00,540664547929555737,p3,B,0.25380238183948894,0.37044874439630565
h00,540664547929555737,p3,C,0.8919875230496453,1.6147884397163121
h00,5412404492194880799,p1,A,0.041199109654079615,0.02488388099966713
h00,5412404492194880799,p1,B,0.31292950895215327,0.4049908816248699
h00,5412404492194880799,p1,C,1.2047053346055978,1.7321163994910942
h00,5412404492194880799,p2,A,0.07176923754660851,0.05041634882074333
h00,5412404492194880799,p2,B,0.2523203637615471,0.36325468890546575
h00,5412404492194880799,p2,C,1.1423261451612903,1.849013185483871
h00,5412404492194880799,p3,A,0.07728614914044164,0.05510039269338198
h00,5412404492194880799,p3,B,0.2444685069225457,0.36739656145906446
h00,5412404492194880799,p3,C,0.951857680878553,1.6348991860465116
h00,5494243895140297771,p1,A,0.04021761208131387,0.023847569305378943
h00,5494243895140297771,p1,B,0.320905044478769,0.40577191370805704
h00,5494243895140297771,p1,C,1.3349390437956206,1.9086946715328468
h00,5494243895140297771,p2,A,0.06908154403236155,0.048136608241934324
h00,5494243895140297771,p2,B,0.24917303478562836,0.3659611023288639
h00,5494243895140297771,p2,C,0.9890163764880953,1.6476940773809525
h00,5494243895140297771,p3,A,0.07715243888624626,0.05501432625724044
h00,5494243895140297771,p3,B,0.24665567654913143,0.3666966839902594
h00,5494243895140297771,p3,C,0.8877577077114427,1.7426242164179104
h00,5504366416798345637,p1,A,0.04055987019832004,0.024733212451510857
h00,5504366416798345637,p1,B,0.3122411279712712,0.4053139603860327
h00,5504366416798345637,p1,C,1.23028022265625,1.7877047135416666
h00,5504366416798345637,p2,A,0.06883758853259059,0.04724517532214897
h00,5504366416798345637,p2,B,0.25515104004145867,0.3760167313223154
h00,5504366416798345637,p2,C,0.8550259769503545,1.7177789539007093
h00,5504366416798345637,p3,A,0.07497054665726245,0.05439723984898624
h00,5504366416798345637,p3,B,0.24676778421583997,0.3646231833184155
h00,5504366416798345637,p3,C,0.8354882863692689,1.808480767038414
h00,5530463527378831952,p1,A,0.04075270805822367,0.024640496487454134
h00,5530463527378831952,p1,B,0.3063279516061981,0.4039703799204706
h00,5530463527378831952,p1,C,1.1846165128205128,1.8707210897435897
h00,5530463527378831952,p2,A,0.0670397660150971,0.04785351390758708
h00,5530463527378831952,p2,B,0.2541881713502877,0.3689267031378035
h00,5530463527378831952,p2,C,1.102750572327044,1.812124355345912
h00,5530463527378831952,p3,A,0.07399207034894227,0.05216937021194544
h00,5530463527378831952,p3,B,0.2619959299989074,0.371118139357655
h00,5530463527378831952,p3,C,0.9926903857142857,1.6209732857142856
h00,5555576242711617050,p1,A,0.039623057417018895,0.02441221256393069
h00,5555576242711617050,p1,B,0.3186781741947267,0.4073380789931593
h00,5555576242711617050,p1,C,1.319324936,1.90502764
h00,5555576242711617050,p2,A,0.06822959271151233,0.04818986613553864
h00,5555576242711617050,p2,B,0.2608890572866558,0.3699626680113471
h00,5555576242711617050,p2,C,1.0535955917431192,1.7291542201834862
h00,5555576242711617050,p3,A,0.07483374647830437,0.05254966468165655
h00,5555576242711617050,p3,B,0.2584498409195251,0.36997901645001874
h00,5555576242711617050,p3,C,0.8253256111111111,1.612225769230769
h00,5575988644636347335,p1,A,0.04015194318703798,0.02397224723882272
h00,5575988644636347335,p1,B,0.3136623648866949,0.40072205908170627
h00,5575988644636347335,p1,C,1.11600332748538,1.6615304824561405
h00,5575988644636347335,p2,A,0.06978039755472006,0.049696159058210905
h00,5575988644636347335,p2,B,0.2571618748278351,0.37309158495206624
h00,5575988644636347335,p2,C,0.8510335177083335,1.7670834166666665
h00,5575988644636347335,p3,A,0.07714318169656494,0.055215696539337195
h00,5575988644636347335,p3,B,0.24921402115596925,0.37152493122259467
h00,5575988644636347335,p3,C,0.9238880722610723,1.6504647785547784
h00,5577896734766994341,p1,A,0.041385590450844424,0.024616048421573163
h00,5577896734766994341,p1,B,0.3052035443820862,0.4008044984774862
h00,5577896734766994341,p1,C,1.320009943121693,1.8410822486772487
h00,5577896734766994341,p2,A,0.06894322991610483,0.048892616001480205
h00,5577896734766994341,p2,B,0.2506319329365529,0.3682246137137862
h00,5577896734766994341,p2,C,0.923790067114094,1.597806476510067
h00,5577896734766994341,p3,A,0.07789644751575686,0.05678915903500463
h00,5577896734766994341,p3,B,0.2534528126548173,0.36787330824803566
h00,5577896734766994341,p3,C,0.8673538588807785,1.555688905109489
h00,5589931410833221459,p1,A,0.03999157098278762,0.024032714007148175
h00,5589931410833221459,p1,B,0.3093638383777634,0.3968629867352617
h00,5589931410833221459,p1,C,1.3287381976190475,1.9390574523809525
h00,5589931410833221459,p2,A,0.06874707991542986,0.047291780877787314
h00,5589931410833221459,p2,B,0.24812019894137957,0.3623369129971609
h00,5589931410833221459,p2,C,1.033165912345679,1.7750801111111112
h00,5589931410833221459,p3,A,0.07850964050056838,0.05639140930029444
h00,5589931410833221459,p3,B,0.258180973366809,0.36657490903452256
h00,5589931410833221459,p3,C,0.8696986372549019,1.8079394563279858
h00,5598360236744566589,p1,A,0.039412015585623295,0.023967107279277217
h00,5598360236744566589,p1,B,0.31335299890831847,0.40642464422133306
h00,5598360236744566589,p1,C,1.349330131147541,2.019473360655738
h00,5598360236744566589,p2,A,0.07033748034216136,0.04946056825437814
h00,5598360236744566589,p2,B,0.24853875668198672,0.36838084370480784
h00,5598360236744566589,p2,C,1.0639646153846154,1.7178553846153846
h00,5598360236744566589,p3,A,0.07664801036810905,0.055303153091754334
h00,5598360236744566589,p3,B,0.2567032944411011,0.36892817772208913
h00,5598360236744566589,p3,C,0.9015245927419355,1.6381684274193546
h00,564114765938807808,p1,A,0.040122559271587636,0.02447201198955037
h00,564114765938807808,p1,B,0.31247721915007803,0.404364134370121
h00,564114765938807808,p1,C,1.3627820985449735,2.0671718981481484
h00,564114765938807808,p2,A,0.06837299076122492,0.047513616435912336
h00,564114765938807808,p2,B,0.26478696856658956,0.37036192525856665
h00,564114765938807808,p2,C,1.1137705071942445,1.8803912230215825
h00,564114765938807808,p3,A,0.07528777625268214,0.05470467559526506
h00,564114765938807808,p3,B,0.25853311321145683,0.3663401721857501
h00,564114765938807808,p3,C,0.9549307468193384,1.6851675254452927
h00,566651619964385672,p1,A,0.03952463663617293,0.023640252999496725
h00,566651619964385672,p1,B,0.32456764950376615,0.40607562773494327
h00,566651619964385672,p1,C,1.4212677120000001,1.8798528
h00,566651619964385672,p2,A,0.06866242079161086,0.048532827237181345
h00,566651619964385672,p2,B,0.2533595032357118,0.3675309266370188
h00,566651619964385672,p2,C,0.89555695323741,1.7031159712230215
h00,566651619964385672,p3,A,0.07525036466722534,0.052259386998021545
h00,566651619964385672,p3,B,0.25317946116649503,0.3683419116751814
h00,566651619964385672,p3,C,0.9714891384892087,1.7644692086330935
h00,5677124165915266368,p1,A,0.03985418525492336,0.02366260038943101
h00,5677124165915266368,p1,B,0.3119080471011291,0.40139052952135496
h00,5677124165915266368,p1,C,1.1949055376344087,1.8751000134408602
h00,5677124165915266368,p2,A,0.06711221898957517,0.04772125982970976
h00,5677124165915266368,p2,B,0.2658521029700675,0.3706486299952745
h00,5677124165915266368,p2,C,0.9057390325443787,1.689152603550296
h00,5677124165915266368,p3,A,0.07496764920764437,0.053669433514656764
h00,5677124165915266368,p3,B,0.25056740322299426,0.3654810884061214
h00,5677124165915266368,p3,C,0.9841399647201947,1.6070847201946472
h00,5684708423175688045,p1,A,0.03990936813073436,0.024057439598977496
h00,5684708423175688045,p1,B,0.31553464472661336,0.3982266935288186
h00,5684708423175688045,p1,C,1.3887811253822628,1.9868451834862386
h00,5684708423175688045,p2,A,0.06913171683649642,0.048320844088352265
h00,5684708423175688045,p2,B,0.2576553384308844,0.3664480541294722
h00,5684708423175688045,p2,C,1.012017403508772,1.7138539912280701
h00,5684708423175688045,p3,A,0.07425192249776708,0.054593404917257116
h00,5684708423175688045,p3,B,0.24664632578245735,0.36348736953815264
h00,5684708423175688045,p3,C,0.9505799962686567,1.660957325870647
h00,5695937518333762421,p1,A,0.03995009549248861,0.02387403282677711
h00,5695937518333762421,p1,B,0.3101752407645649,0.4085130646124231
h00,5695937518333762421,p1,C,1.1325270083333334,1.743742287878788
h00,5695937518333762421,p2,A,0.07034061031445195,0.04887436472463906
h00,5695937518333762421,p2,B,0.2605479203637296,0.3685698255657015
h00,5695937518333762421,p2,C,0.9128274816384181,1.6340270903954803
h00,5695937518333762421,p3,A,0.0742036995571493,0.05508739956440393
h00,5695937518333762421,p3,B,0.24932839014924638,0.36371054534648767
h00,5695937518333762421,p3,C,0.890916482078853,1.8733511200716846
h00,5735050356341273087,p1,A,0.04038155956770201,0.024133718213275066
h00,5735050356341273087,p1,B,0.2938055995851371,0.40596841115182436
h00,5735050356341273087,p1,C,1.3655015954022987,2.1672934022988506
h00,5735050356341273087,p2,A,0.07090123787402126,0.04879993939393508
h00,5735050356341273087,p2,B,0.2502709610643686,0.3654185197249085
h00,5735050356341273087,p2,C,1.0369765515350877,1.8106453728070175
h00,5735050356341273087,p3,A,0.07611108092318906,0.05432486962775276
h00,5735050356341273087,p3,B,0.2520431259352424,0.36863001493644193
h00,5735050356341273087,p3,C,1.0518468333333333,1.7371529583333334
h00,5743287625190340845,p1,A,0.03963697560466361,0.023809756684759768
h00,5743287625190340845,p1,B,0.30682536499261653,0.40418332118374845
h00,5743287625190340845,p1,C,1.38269746875,1.9728059583333333
h00,5743287625190340845,p2,A,0.06803544010950648,0.04829611001422907
h00,5743287625190340845,p2,B,0.2457732268854017,0.3616896388548263
h00,5743287625190340845,p2,C,0.8803050491071429,1.668934300595238
h00,5743287625190340845,p3,A,0.07625888951698824,0.05546426688131439
h00,5743287625190340845,p3,B,0.2514591025372126,0.36244817696464615
h00,5743287625190340845,p3,C,0.9117192056451614,1.6617793951612903
h00,5751491243944354970,p1,A,0.03983523887014455,0.02403658131484742
h00,5751491243944354970,p1,B,0.31278797344149845,0.4006402075198075
h00,5751491243944354970,p1,C,1.1729773238770687,1.840922293144208
h00,5751491243944354970,p2,A,0.06718585865867223,0.047362949822699826
h00,5751491243944354970,p2,B,0.25977873018557507,0.3649182290273
h00,5751491243944354970,p2,C,1.162754476010101,1.9601947222222222
h00,5751491243944354970,p3,A,0.07401193813979402,0.05421390181794415
h00,5751491243944354970,p3,B,0.24917682174960612,0.367694620382536
h00,5751491243944354970,p3,C,0.8749536862745099,1.6537163725490196
h00,582610902720345849,p1,A,0.04003788917049655,0.024272230445588787
h00,582610902720345849,p1,B,0.309727756734056,0.403299096652488
h00,582610902720345849,p1,C,1.2995745393518519,1.8391262962962962
h00,582610902720345849,p2,A,0.06993091679984444,0.04811061480180936
h00,582610902720345849,p2,B,0.2548743989808431,0.36412978144265173
h00,582610902720345849,p2,C,1.144062012012012,1.7656086936936937
h00,582610902720345849,p3,A,0.07767873047665881,0.05470988217750851
h00,582610902720345849,p3,B,0.2555656157158392,0.366982467263611
h00,582610902720345849,p3,C,0.8907834702380952,1.7113954523809523
h00,5877867198804483213,p1,A,0.04080158105845976,0.02440581761267291
h00,5877867198804483213,p1,B,0.3155779609407062,0.40628805709041016
h00,5877867198804483213,p1,C,1.2891959160206719,1.8486443410852713
h00,5877867198804483213,p2,A,0.06770898151906382,0.04711737948815948
h00,5877867198804483213,p2,B,0.2650168101338397,0.36883274299737073
h00,5877867198804483213,p2,C,0.8484824154228855,1.800223665008292
h00,5877867198804483213,p3,A,0.07551401796904775,0.05338522670444426
h00,5877867198804483213,p3,B,0.26041779941516136,0.3639596024878429
h00,5877867198804483213,p3,C,1.0346254014084508,1.8774950352112674
h00,5896384398177591093,p1,A,0.039454961362323376,0.023020600766743945
h00,5896384398177591093,p1,B,0.29156846824825267,0.39075059412437124
h00,5896384398177591093,p1,C,1.2360339526255708,1.883263030821918
h00,5896384398177591093,p2,A,0.06975666812878378,0.047973927828442745
h00,5896384398177591093,p2,B,0.25343102245515103,0.36551589857949934
h00,5896384398177591093,p2,C,0.8828695253623188,1.6481953985507247
h00,5896384398177591093,p3,A,0.07711038654553708,0.05477484784207198
h00,5896384398177591093,p3,B,0.24952358257996357,0.37079605768052115
h00,5896384398177591093,p3,C,0.9811433815426998,1.8110134297520661
h00,5923778632858078141,p1,A,0.04018968373601199,0.024284297806811152
h00,5923778632858078141,p1,B,0.31030122307189806,0.3994987032321282
h00,5923778632858078141,p1,C,1.2763497586206896,1.8407880603448277
h00,5923778632858078141,p2,A,0.06813173620400342,0.04765911801902675
h00,5923778632858078141,p2,B,0.2567822530545223,0.37224599918833673
h00,5923778632858078141,p2,C,0.9403769251968503,1.59309437007874
h00,5923778632858078141,p3,A,0.07671791323379365,0.05512711279681689
h00,5923778632858078141,p3,B,0.25829932209135537,0.3736455784007464
h00,5923778632858078141,p3,C,0.9537930041666667,1.6655245
h00,592565897307866256,p1,A,0.04042241235613167,0.024275368619898464
h00,592565897307866256,p1,B,0.3036471859000463,0.3976451806511655
h00,592565897307866256,p1,C,1.362331892434988,1.9476336406619383
h00,592565897307866256,p2,A,0.06825170825329001,0.0478577897696518
h00,592565897307866256,p2,B,0.25709270878991225,0.36563632554857783
h00,592565897307866256,p2,C,0.9404696035031848,1.738241374734607
h00,592565897307866256,p3,A,0.07769740620929842,0.055719355509440086
h00,592565897307866256,p3,B,0.26014916709238456,0.36895108686006883
h00,592565897307866256,p3,C,0.889440523178808,1.8167795033112584
h00,5966097897883737573,p1,A,0.039837843065027204,0.024045311504173213
h00,5966097897883737573,p1,B,0.3089911198360416,0.4047999827674856
h00,5966097897883737573,p1,C,1.573533578590786,2.132159268292683
h00,5966097897883737573,p2,A,0.0672556856657721,0.04728398977704061
h00,5966097897883737573,p2,B,0.2546974007645498,0.36735586772642725
h00,5966097897883737573,p2,C,1.0603157486979167,1.6726261067708335
h00,5966097897883737573,p3,A,0.07578632145701757,0.05395763022845839
h00,5966097897883737573,p3,B,0.24175252216843252,0.365843584088282
h00,5966097897883737573,p3,C,0.8374938810861424,1.734909288389513
h00,5967626245496002603,p1,A,0.03892630450681042,0.024318055583798136
h00,5967626245496002603,p1,B,0.3225008945345209,0.41171871090466117
h00,5967626245496002603,p1,C,1.3165556954022988,2.0893735632183907
h00,5967626245496002603,p2,A,0.06658817947076673,0.04701687772351893
h00,5967626245496002603,p2,B,0.25170070113468246,0.3709763239662033
h00,5967626245496002603,p2,C,1.0580706690647481,1.7239426258992807
h00,5967626245496002603,p3,A,0.07494728589181279,0.054133023937142526
h00,5967626245496002603,p3,B,0.2495907125439485,0.3683756704503675
h00,5967626245496002603,p3,C,0.9315625319361277,1.6846388123752494
h00,5986974206251402170,p1,A,0.04021611860492478,0.024379975099297072
h00,5986974206251402170,p1,B,0.3187542953466892,0.39721772226530566
h00,5986974206251402170,p1,C,1.283861082051282,1.806514512820513
h00,5986974206251402170,p2,A,0.06822851626876723,0.048193564808215975
h00,5986974206251402170,p2,B,0.24572199068057143,0.3645761321054077
h00,5986974206251402170,p2,C,0.8757358112745098,1.6481685171568627
h00,5986974206251402170,p3,A,0.07547509108782674,0.05454644128030443
h00,5986974206251402170,p3,B,0.2682091760315976,0.3696056556432243
h00,5986974206251402170,p3,C,0.9054275555555557,1.6890307232704402
h00,5987750805416027596,p1,A,0.04050832132327904,0.024432537275679143
h00,5987750805416027596,p1,B,0.2966895825794462,0.40135061298730806
h00,5987750805416027596,p1,C,1.2687062873563217,1.910515603448276
h00,5987750805416027596,p2,A,0.0683268777710372,0.04750702161741612
h00,5987750805416027596,p2,B,0.26204323296424276,0.36904699732421115
h00,5987750805416027596,p2,C,1.3168228793103447,1.9452142672413795
h00,5987750805416027596,p3,A,0.07756999773827146,0.0550488259724742
h00,5987750805416027596,p3,B,0.25533311494969924,0.36838539848712704
h00,5987750805416027596,p3,C,0.7891761451310861,1.6701254119850188
h00,5999603022608345824,p1,A,0.039828944330363825,0.02349199747957841
h00,5999603022608345824,p1,B,0.32358424529826957,0.40594730575234195
h00,5999603022608345824,p1,C,1.2554121341463416,1.9053180216802168
h00,5999603022608345824,p2,A,0.06849420567822198,0.04915682577900316
h00,5999603022608345824,p2,B,0.24809974602850493,0.36818627147038363
h00,5999603022608345824,p2,C,0.926042973880597,1.669887947761194
h00,5999603022608345824,p3,A,0.07697475690217005,0.05542069429170637
h00,5999603022608345824,p3,B,0.24526514434457547,0.37283097455304803
h00,5999603022608345824,p3,C,0.9020332909836066,1.647780819672131
h00,6021051998319135647,p1,A,0.03943185251722288,0.023807061849641244
h00,6021051998319135647,p1,B,0.32376395082630427,0.4095755044749409
h00,6021051998319135647,p1,C,1.302284375,1.8953401805555556
h00,6021051998319135647,p2,A,0.06641430899011302,0.04650736213131569
h00,6021051998319135647,p2,B,0.2528971291885742,0.3693082775475781
h00,6021051998319135647,p2,C,0.9767709529262087,1.8837649491094148
h00,6021051998319135647,p3,A,0.07417493738398834,0.05221997958272912
h00,6021051998319135647,p3,B,0.25019187724406666,0.3649982069729001
h00,6021051998319135647,p3,C,1.1079802878787879,1.818566645021645
h00,6057075743393249859,p1,A,0.039810082186928816,0.023779831370020557
h00,6057075743393249859,p1,B,0.3104363469462408,0.39886510156117316
h00,6057075743393249859,p1,C,1.4331891459854014,2.0879440145985404
h00,6057075743393249859,p2,A,0.06785117211775528,0.04685386087697588
h00,6057075743393249859,p2,B,0.2523075722826671,0.3701273145561252
h00,6057075743393249859,p2,C,0.9383638084415584,1.7410693614718615
h00,6057075743393249859,p3,A,0.0753827924018175,0.05329227202159834
h00,6057075743393249859,p3,B,0.25068402534217593,0.3719560398633425
h00,6057075743393249859,p3,C,0.8656097185990339,1.6869412198067633
h00,6058931797855114365,p1,A,0.0402018543873175,0.024018609407600148
h00,6058931797855114365,p1,B,0.320452903250383,0.412562589242528
h00,6058931797855114365,p1,C,1.3150783997395834,1.9641621223958334
h00,6058931797855114365,p2,A,0.06885001014165947,0.04747893749427654
h00,6058931797855114365,p2,B,0.2580201981001996,0.37032594236723704
h00,6058931797855114365,p2,C,0.9561831235431235,1.6605020046620047
h00,6058931797855114365,p3,A,0.07641646448082771,0.0551329717708372
h00,6058931797855114365,p3,B,0.2510099871375174,0.3753754011096819
h00,6058931797855114365,p3,C,0.9489676312335958,1.6187641469816272
h00,6076716814428451044,p1,A,0.04029110239107202,0.023919348057305577
h00,6076716814428451044,p1,B,0.31111410939074585,0.4046477813815112
h00,6076716814428451044,p1,C,1.3128645025445294,1.9303025954198474
h00,6076716814428451044,p2,A,0.06853121272805703,0.046470592131716414
h00,6076716814428451044,p2,B,0.2629102321307666,0.36762539923417686
h00,6076716814428451044,p2,C,0.831071181547619,1.6587363591269841
h00,6076716814428451044,p3,A,0.0742006138915662,0.052696464533292645
h00,6076716814428451044,p3,B,0.2495598952147035,0.36832518181171947
h00,6076716814428451044,p3,C,1.009653544,1.7130244000000001
h00,6091988916623446105,p1,A,0.03994309962388956,0.024562894616724687
h00,6091988916623446105,p1,B,0.31039825318868675,0.39861992918282135
h00,6091988916623446105,p1,C,1.299974968915344,2.054152361111111
h00,6091988916623446105,p2,A,0.06814843319503953,0.047729067480964275
h00,6091988916623446105,p2,B,0.2637670832473655,0.3689956982805641
h00,6091988916623446105,p2,C,1.0351493724279834,1.7780137345679012
h00,6091988916623446105,p3,A,0.07624841794389156,0.05488811248770566
h00,6091988916623446105,p3,B,0.24716502178358457,0.3642724539740359
h00,6091988916623446105,p3,C,0.9565071174242424,1.7033955303030304
h00,6096569785520920641,p1,A,0.04013874436125569,0.024256449847674645
h00,6096569785520920641,p1,B,0.30148051302353246,0.39903015104625017
h00,6096569785520920641,p1,C,1.1148300724043716,1.6980388524590164
h00,6096569785520920641,p2,A,0.06757560978120622,0.04668050487132109
h00,6096569785520920641,p2,B,0.25398212579803553,0.3691450248623195
h00,6096569785520920641,p2,C,0.7978180847222222,1.556538263888889
h00,6096569785520920641,p3,A,0.07670806762090454,0.054831415403627425
h00,6096569785520920641,p3,B,0.248969528517291,0.3649878197638856
h00,6096569785520920641,p3,C,1.0846429166666667,1.745884
h00,6102556247954396050,p1,A,0.03986883681105989,0.023837303798441036
h00,6102556247954396050,p1,B,0.3077783132655389,0.40367606273263584
h00,6102556247954396050,p1,C,1.3031439363636363,1.9902283484848484
h00,6102556247954396050,p2,A,0.06876932753805075,0.047818650214271806
h00,6102556247954396050,p2,B,0.25783663426923004,0.36859971592266316
h00,6102556247954396050,p2,C,0.902289654109589,1.5994529452054793
h00,6102556247954396050,p3,A,0.07556861287852007,0.05464830114477178
h00,6102556247954396050,p3,B,0.2500504337398252,0.37156878356521994
h00,6102556247954396050,p3,C,1.0293460277777777,1.8162472916666665
h00,6142107552244125784,p1,A,0.04006353668610054,0.023776782510039753
h00,6142107552244125784,p1,B,0.32087651499533754,0.4065838648762678
h00,6142107552244125784,p1,C,1.1801158941798942,1.77129123015873
h00,6142107552244125784,p2,A,0.07016753756022574,0.047912453839134284
h00,6142107552244125784,p2,B,0.26803648979265376,0.37073875204981754
h00,6142107552244125784,p2,C,0.9371381876247505,1.7417958483033933
h00,6142107552244125784,p3,A,0.07568888413461501,0.05333207026899018
h00,6142107552244125784,p3,B,0.25012845337040485,0.364962733694921
h00,6142107552244125784,p3,C,0.9835210547445254,1.7831294403892946
h00,6142901293428679179,p1,A,0.04018861651882047,0.024710996925546416
h00,6142901293428679179,p1,B,0.30261226061305474,0.41185152880304504
h00,6142901293428679179,p1,C,1.416909606442577,2.0700108963585433
h00,6142901293428679179,p2,A,0.0694316117522465,0.049388603317094576
h00,6142901293428679179,p2,B,0.2578375948094433,0.36539528545789796
h00,6142901293428679179,p2,C,0.9162568358974359,1.7233028333333333
h00,6142901293428679179,p3,A,0.07531494878385755,0.055161004220485026
h00,6142901293428679179,p3,B,0.2470235598300266,0.36698561921905004
h00,6142901293428679179,p3,C,0.7883467218390805,1.5494778620689655
h00,6149702160903447389,p1,A,0.04033733989008351,0.024042836827829105
h00,6149702160903447389,p1,B,0.30655095662028875,0.4011402350104514
h00,6149702160903447389,p1,C,1.4106811099033816,1.9099342512077293
h00,6149702160903447389,p2,A,0.067847954116647,0.04607003542534446
h00,6149702160903447389,p2,B,0.2538859531104475,0.366834471499752
h00,6149702160903447389,p2,C,1.0668773603603605,1.7693553941441442
h00,6149702160903447389,p3,A,0.07394806788129038,0.05330441277474994
h00,6149702160903447389,p3,B,0.24861353479837833,0.3701234263229962
h00,6149702160903447389,p3,C,0.8315419161793373,1.6424419298245614
h00,6153988684505601336,p1,A,0.04017739463128587,0.023638157031847122
h00,6153988684505601336,p1,B,0.31035464632176546,0.40910018668539877
h00,6153988684505601336,p1,C,1.314608784237726,2.0091229715762275
h00,6153988684505601336,p2,A,0.067759231026069,0.04584617373945629
h00,6153988684505601336,p2,B,0.25320625207148423,0.3629913474215878
h00,6153988684505601336,p2,C,0.8896383227513228,1.661009484126984
h00,6153988684505601336,p3,A,0.07457732125125827,0.05259688032952413
h00,6153988684505601336,p3,B,0.24997715007798035,0.3679419226917655
h00,6153988684505601336,p3,C,0.8932714714714715,1.6391386336336338
h00,6182275259578982702,p1,A,0.04003534747134372,0.024798150524044545
h00,6182275259578982702,p1,B,0.3146906870246362,0.40273177910383595
h00,6182275259578982702,p1,C,1.2921320356125356,1.7939102421652422
h00,6182275259578982702,p2,A,0.0691361102837933,0.04847039304399715
h00,6182275259578982702,p2,B,0.258212016305193,0.3711270184754093
h00,6182275259578982702,p2,C,0.9516360227272728,1.6115903787878787
h00,6182275259578982702,p3,A,0.07638365787156629,0.05571407470005957
h00,6182275259578982702,p3,B,0.24662823377134888,0.36768580582644766
h00,6182275259578982702,p3,C,0.9688609254385966,1.7039603070175438
h00,6187119608957122884,p1,A,0.03987341198124343,0.024550498870714938
h00,6187119608957122884,p1,B,0.3057194016616043,0.39843202018747137
h00,6187119608957122884,p1,C,1.2006441091127098,1.8314987410071943
h00,6187119608957122884,p2,A,0.06882657747434344,0.04858777001084078
h00,6187119608957122884,p2,B,0.2562608769408664,0.3698589260024278
h00,6187119608957122884,p2,C,1.071598096692112,1.6663112213740456
h00,6187119608957122884,p3,A,0.07580433191366526,0.054343442269549964
h00,6187119608957122884,p3,B,0.2461666064660714,0.36584736959428166
h00,6187119608957122884,p3,C,0.8204488364779875,1.7621266981132075
h00,6216102812433735615,p1,A,0.040486257835815595,0.02523280754658141
h00,6216102812433735615,p1,B,0.3250910912493006,0.4026738288893306
h00,6216102812433735615,p1,C,1.2860764406779661,1.9059428389830508
h00,6216102812433735615,p2,A,0.06820156918285918,0.047643953365641076
h00,6216102812433735615,p2,B,0.2553585200427898,0.37115958454356746
h00,6216102812433735615,p2,C,0.9496398750000001,1.6949916216216216
h00,6216102812433735615,p3,A,0.07421914197532782,0.053032395844261525
h00,6216102812433735615,p3,B,0.2538479442834665,0.3646209422992811
h00,6216102812433735615,p3,C,0.8692197902494332,1.6791086621315192
h00,6245060847863644573,p1,A,0.04087520467406545,0.02461282625544782
h00,6245060847863644573,p1,B,0.3150612768526786,0.4093505127868717
h00,6245060847863644573,p1,C,1.320537837535014,1.9380599159663865
h00,6245060847863644573,p2,A,0.06878883718023221,0.04809405688527987
h00,6245060847863644573,p2,B,0.25308856240421357,0.36450822302094565
h00,6245060847863644573,p2,C,0.977450418079096,1.8014878813559323
h00,6245060847863644573,p3,A,0.07482510517553327,0.053941718580172944
h00,6245060847863644573,p3,B,0.24892670467310563,0.36790061877974134
h00,6245060847863644573,p3,C,0.8506613320413436,1.6511523449612402
h00,6248453267288648286,p1,A,0.04107843197928229,0.02437206800383663
h00,6248453267288648286,p1,B,0.29905266611108133,0.3932125777563862
h00,6248453267288648286,p1,C,1.2763049962121213,1.982534659090909
h00,6248453267288648286,p2,A,0.06932148458581433,0.04908599392352274
h00,6248453267288648286,p2,B,0.2555339073769608,0.36474768933706475
h00,6248453267288648286,p2,C,0.9611269117647058,1.663885625
h00,6248453267288648286,p3,A,0.07898333241584718,0.05680326893179823
h00,6248453267288648286,p3,B,0.253833831935221,0.365932060882516
h00,6248453267288648286,p3,C,0.8059637671232877,1.6906625114155251
h00,6268286312611743201,p1,A,0.03969658233791529,0.02386713326738312
h00,6268286312611743201,p1,B,0.30640932000981835,0.40738386117411224
h00,6268286312611743201,p1,C,1.268226825,1.8470843750000001
h00,6268286312611743201,p2,A,0.06922152488733188,0.048110592884747574
h00,6268286312611743201,p2,B,0.25849402046742015,0.3645138514021681
h00,6268286312611743201,p2,C,1.1203876653645832,1.7847259114583334
h00,6268286312611743201,p3,A,0.07501782879513176,0.05509659068792643
h00,6268286312611743201,p3,B,0.25508699425255643,0.3681243378787741
h00,6268286312611743201,p3,C,0.983993843537415,1.7723456916099771
h00,6279418848049494834,p1,A,0.040087216441945746,0.024503740909045467
h00,6279418848049494834,p1,B,0.30010740998476,0.40141678463983466
h00,6279418848049494834,p1,C,1.4105832551020407,1.9839378571428572
h00,6279418848049494834,p2,A,0.0669070931243795,0.04642201472580463
h00,6279418848049494834,p2,B,0.2580992089710927,0.3659505057801747
h00,6279418848049494834,p2,C,0.9454881876379692,1.760848719646799
h00,6279418848049494834,p3,A,0.07592624912325568,0.055347629245567284
h00,6279418848049494834,p3,B,0.24945612698860342,0.3650602590427623
h00,6279418848049494834,p3,C,0.8430894771929826,1.756432456140351
h00,6279972912461099210,p1,A,0.04039247227469001,0.024605175529231894
h00,6279972912461099210,p1,B,0.3165284191141674,0.40235860250665484
h00,6279972912461099210,p1,C,1.5163200574494948,2.0444556502525253
h00,6279972912461099210,p2,A,0.06698499102601861,0.048965159510267676
h00,6279972912461099210,p2,B,0.2582177289058946,0.37020929311115597
h00,6279972912461099210,p2,C,1.1870676866666665,2.023103
h00,6279972912461099210,p3,A,0.07572202168426516,0.05396611534149408
h00,6279972912461099210,p3,B,0.25974864087888083,0.3707418785571303
h00,6279972912461099210,p3,C,0.9941828254716981,1.6369934905660377
h00,6294659728424314545,p1,A,0.03990262330357391,0.02451437899296906
h00,6294659728424314545,p1,B,0.3051948442146164,0.40560936547701715
h00,6294659728424314545,p1,C,1.4627522477477477,2.0743098423423425
h00,6294659728424314545,p2,A,0.06733117615915082,0.04799451267400108
h00,6294659728424314545,p2,B,0.25713392524418605,0.3644935428357234
h00,6294659728424314545,p2,C,1.133099354477612,1.8553224129353234
h00,6294659728424314545,p3,A,0.07459729546190792,0.05381122210080219
h00,6294659728424314545,p3,B,0.25174900179921367,0.3695123219721554
h00,6294659728424314545,p3,C,0.8453205502793296,1.821304925512104
h00,6298264654517554389,p1,A,0.03978788123246448,0.024016705598869103
h00,6298264654517554389,p1,B,0.3022155110572213,0.4056511710194983
h00,6298264654517554389,p1,C,1.240414314049587,1.8924980991735536
h00,6298264654517554389,p2,A,0.06830688260798945,0.04760360469320915
h00,6298264654517554389,p2,B,0.2682024471953681,0.3752009683031853
h00,6298264654517554389,p2,C,0.8197603447488585,1.6978023401826485
h00,6298264654517554389,p3,A,0.07767904336012245,0.055188438183898465
h00,6298264654517554389,p3,B,0.25034029922782697,0.3701194478179259
h00,6298264654517554389,p3,C,0.8267499746376812,1.6292250000000001
h00,6316607662922444508,p1,A,0.03950473628594071,0.023572468216713813
h00,6316607662922444508,p1,B,0.3121391003534747,0.40240385760971054
h00,6316607662922444508,p1,C,1.605325812,2.35169392
h00,6316607662922444508,p2,A,0.06810582646681355,0.047943752567245035
h00,6316607662922444508,p2,B,0.25641008261474874,0.3721727721965623
h00,6316607662922444508,p2,C,0.8597955471014493,1.5958373188405797
h00,6316607662922444508,p3,A,0.0751430129519663,0.054741927426352276
h00,6316607662922444508,p3,B,0.25517950568892944,0.3742711542669418
h00,6316607662922444508,p3,C,0.7985652132216015,1.6885543202979514
h00,631848876776257220,p1,A,0.03992175246163709,0.024050719143862125
h00,631848876776257220,p1,B,0.3141965890102322,0.4018549252246491
h00,631848876776257220,p1,C,1.287060200680272,1.9611168820861677
h00,631848876776257220,p2,A,0.06980480354058821,0.04901987809182128
h00,631848876776257220,p2,B,0.26336941659876184,0.3710338195802336
h00,631848876776257220,p2,C,1.2779520867768595,1.9702368181818182
h00,631848876776257220,p3,A,0.07720854028841498,0.05445346465874603
h00,631848876776257220,p3,B,0.2612354988141711,0.37088796145507563
h00,631848876776257220,p3,C,1.0518815042735044,1.779078717948718
h00,6321062789491697069,p1,A,0.040537277342154364,0.024745835037082425
h00,6321062789491697069,p1,B,0.3153988462367247,0.4007285770230699
h00,6321062789491697069,p1,C,1.6066603107769424,2.350120275689223
h00,6321062789491697069,p2,A,0.06859054250852577,0.04823689619013108
h00,6321062789491697069,p2,B,0.25957075285234105,0.3618713179242075
h00,6321062789491697069,p2,C,1.1496816976190478,1.8516885476190477
h00,6321062789491697069,p3,A,0.07622819330300437,0.05507855889330321
h00,6321062789491697069,p3,B,0.2502244600316,0.3663352020842617
h00,6321062789491697069,p3,C,0.8781266337868482,1.643358095238095
h00,6330842358142281215,p1,A,0.039158104238185554,0.022665670904889752
h00,6330842358142281215,p1,B,0.3209860582590262,0.40795505983219527
h00,6330842358142281215,p1,C,1.2726242236842105,1.8905083771929825
h00,6330842358142281215,p2,A,0.0662710890195108,0.04617923653901913
h00,6330842358142281215,p2,B,0.26473481890356665,0.3743453873784243
h00,6330842358142281215,p2,C,0.9604188764367817,1.7119755747126437
h00,6330842358142281215,p3,A,0.07315427907322385,0.05252849756844545
h00,6330842358142281215,p3,B,0.24956372632334525,0.36602103604731706
h00,6330842358142281215,p3,C,0.8957360075757577,1.5964432196969696
h00,6365740906042809987,p1,A,0.03976571870128528,0.02446827699179199
h00,6365740906042809987,p1,B,0.3105930023809524,0.4079774195740201
h00,6365740906042809987,p1,C,1.2057801050724637,1.8507755797101448
h00,6365740906042809987,p2,A,0.07026074609581105,0.05035399303397332
h00,6365740906042809987,p2,B,0.24459848671481868,0.3691030645119589
h00,6365740906042809987,p2,C,1.1424959550724638,1.6537372463768114
h00,6365740906042809987,p3,A,0.07566317359919839,0.054943994826103744
h00,6365740906042809987,p3,B,0.25414905629860846,0.3661272992196831
h00,6365740906042809987,p3,C,0.8564760635359115,1.8493131767955802
h00,6369446958740231179,p1,A,0.0401381717322952,0.024205243418311116
h00,6369446958740231179,p1,B,0.30779670185130864,0.4024569292363352
h00,6369446958740231179,p1,C,1.1882729357142858,1.8376364047619047
h00,6369446958740231179,p2,A,0.06708591864981603,0.04733096234700028
h00,6369446958740231179,p2,B,0.25760753732180824,0.37782395244702077
h00,6369446958740231179,p2,C,0.9440253096539162,1.8365450227686704
h00,6369446958740231179,p3,A,0.0752122386708799,0.05430739242835603
h00,6369446958740231179,p3,B,0.25172363980629586,0.37181961367538163
h00,6369446958740231179,p3,C,0.7855480008547009,1.808416811965812
h00,6388046067934644878,p1,A,0.03965160475817893,0.023323501061412795
h00,6388046067934644878,p1,B,0.3117912614676788,0.4087141472994512
h00,6388046067934644878,p1,C,1.158773231958763,1.719570859106529
h00,6388046067934644878,p2,A,0.06716765355249982,0.046308972505058436
h00,6388046067934644878,p2,B,0.2545742047245128,0.3636769359014464
h00,6388046067934644878,p2,C,1.0515485260416666,1.7878128776041666
h00,6388046067934644878,p3,A,0.07565899737949643,0.054829450676138265
h00,6388046067934644878,p3,B,0.25509298405162373,0.3663990326089286
h00,6388046067934644878,p3,C,0.8663725565891472,1.7805820465116278
h00,6390219985221663186,p1,A,0.04062061033492973,0.023794006727235053
h00,6390219985221663186,p1,B,0.32071761353174605,0.415240525630787
h00,6390219985221663186,p1,C,0.9934299596949892,1.6320669934640524
h00,6390219985221663186,p2,A,0.0694579481575559,0.04829598326236102
h00,6390219985221663186,p2,B,0.26155151396971577,0.37649195204443936
h00,6390219985221663186,p2,C,0.8369535958083832,1.6029751097804392
h00,6390219985221663186,p3,A,0.07705870780457454,0.054549159187670705
h00,6390219985221663186,p3,B,0.25520198588772025,0.36852055257306465
h00,6390219985221663186,p3,C,0.8485847781456953,1.585517715231788
h00,6401605579492917020,p1,A,0.04045738157450783,0.024412373985065256
h00,6401605579492917020,p1,B,0.3068498006190148,0.4045030008666208
h00,6401605579492917020,p1,C,1.420107757751938,1.8918337596899224
h00,6401605579492917020,p2,A,0.06715069030243385,0.04749315119059258
h00,6401605579492917020,p2,B,0.2514961018345641,0.36471821554928713
h00,6401605579492917020,p2,C,1.2714993533333334,1.7810299600000001
h00,6401605579492917020,p3,A,0.076705490661171,0.05396392603112266
h00,6401605579492917020,p3,B,0.2516749817016295,0.368585126600278
h00,6401605579492917020,p3,C,0.8331429591611479,1.7388839293598235
h00,641636437544024340,p1,A,0.04109539991932921,0.0246627027186175
h00,641636437544024340,p1,B,0.3041395097820891,0.40020135777007587
h00,641636437544024340,p1,C,1.569507128205128,2.1442378632478634
h00,641636437544024340,p2,A,0.06974287013741681,0.04802187688990918
h00,641636437544024340,p2,B,0.25449280868330737,0.3648880388281627
h00,641636437544024340,p2,C,1.0666911955380578,1.7129927559055118
h00,641636437544024340,p3,A,0.07491292642235313,0.053340089650950294
h00,641636437544024340,p3,B,0.256693066618678,0.37334241454279493
h00,641636437544024340,p3,C,0.9018268044077135,1.519821253443526
h00,643982821711063766,p1,A,0.03902283238493489,0.02343212023742935
h00,643982821711063766,p1,B,0.3125360674489097,0.4063842293634497
h00,643982821711063766,p1,C,1.1309726771653543,1.7397247047244095
h00,643982821711063766,p2,A,0.0676615080336712,0.0464988171412313
h00,643982821711063766,p2,B,0.2604528151546523,0.3676129753508587
h00,643982821711063766,p2,C,0.9733313880407124,1.628555903307888
h00,643982821711063766,p3,A,0.0746232674309473,0.05257114303369457
h00,643982821711063766,p3,B,0.25484433919046035,0.37290260474123094
h00,643982821711063766,p3,C,0.9356536139240507,1.6811483860759493
h00,647443937031552221,p1,A,0.03904160157764461,0.022857385110870307
h00,647443937031552221,p1,B,0.31006384718350755,0.40752152669376696
h00,647443937031552221,p1,C,1.4077926975308643,1.9295574444444443
h00,647443937031552221,p2,A,0.06781686391112537,0.04695510506671135
h00,647443937031552221,p2,B,0.2526308887526011,0.36894092874871715
h00,647443937031552221,p2,C,0.993143837962963,1.7817335185185186
h00,647443937031552221,p3,A,0.07427329438621615,0.05273808879481617
h00,647443937031552221,p3,B,0.2575750589975661,0.37275718597636337
h00,647443937031552221,p3,C,0.8215594691011235,1.6056101498127342
h00,6503596935745530043,p1,A,0.03947994894500786,0.02415656002638846
h00,6503596935745530043,p1,B,0.30607691716985763,0.39907071865733923
h00,6503596935745530043,p1,C,1.5105230833333332,2.0541842816091953
h00,6503596935745530043,p2,A,0.06720841686172252,0.046835228711530175
h00,6503596935745530043,p2,B,0.2581592378457331,0.36613818830797856
h00,6503596935745530043,p2,C,0.8817925357766142,1.7199097643979058
h00,6503596935745530043,p3,A,0.07524742610291858,0.054278833130224455
h00,6503596935745530043,p3,B,0.2431718583393111,0.3676990818709788
h00,6503596935745530043,p3,C,0.8521515632183908,1.614595603448276
h00,6506553296870930074,p1,A,0.03966131907671289,0.023805798418857174
h00,6506553296870930074,p1,B,0.3155322881975641,0.39943199042294764
h00,6506553296870930074,p1,C,1.244910317948718,1.881257576923077
h00,6506553296870930074,p2,A,0.06720261725870232,0.046242937167206656
h00,6506553296870930074,p2,B,0.2614290834594354,0.37274563938516975
h00,6506553296870930074,p2,C,0.9658894571428571,1.7234046785714285
h00,6506553296870930074,p3,A,0.07364405528854233,0.052933817018787216
h00,6506553296870930074,p3,B,0.2580381231712537,0.3717307601304442
h00,6506553296870930074,p3,C,0.8572180136612022,1.6429375683060108
h00,6507577593214617596,p1,A,0.04007012492200156,0.02433403907066548
h00,6507577593214617596,p1,B,0.30641211766992454,0.40067525992160186
h00,6507577593214617596,p1,C,1.2333428966942148,1.8604973966942149
h00,6507577593214617596,p2,A,0.06827339986814317,0.048618966636668565
h00,6507577593214617596,p2,B,0.25167009095432347,0.36743330529514945
h00,6507577593214617596,p2,C,1.036014076282051,1.7596751346153847
h00,6507577593214617596,p3,A,0.0762099294602119,0.05463016810445013
h00,6507577593214617596,p3,B,0.25878244228303426,0.36671897367985684
h00,6507577593214617596,p3,C,0.8857462024482109,1.6422722033898307
h00,6507597390382727529,p1,A,0.039852926001058504,0.024160617838283122
h00,6507597390382727529,p1,B,0.3170455255827563,0.40783801853464235
h00,6507597390382727529,p1,C,1.4506833177570093,1.9854393457943926
h00,6507597390382727529,p2,A,0.06706653373420687,0.04774758912367193
h00,6507597390382727529,p2,B,0.25630921624669517,0.3695043612594128
h00,6507597390382727529,p2,C,0.8236861868421053,1.820638543859649
h00,6507597390382727529,p3,A,0.07525097773529578,0.05543871239360005
h00,6507597390382727529,p3,B,0.25054022416041793,0.37163872508799295
h00,6507597390382727529,p3,C,0.9423939545454545,1.59522
h00,6519849540173404995,p1,A,0.03914418658926579,0.02347925304010339
h00,6519849540173404995,p1,B,0.31905675998558486,0.40252776641547755
h00,6519849540173404995,p1,C,1.2197393827160494,1.8976127777777778
h00,6519849540173404995,p2,A,0.06951285091567096,0.04762208308468664
h00,6519849540173404995,p2,B,0.2628032656105298,0.37275279057155253
h00,6519849540173404995,p2,C,1.0746903905109488,1.7470524452554743
h00,6519849540173404995,p3,A,0.0747852711195973,0.053422422726995863
h00,6519849540173404995,p3,B,0.2576602361048617,0.3699244075539998
h00,6519849540173404995,p3,C,0.8637946044303797,1.6176347257383967
h00,6533009675320697226,p1,A,0.04078580482819883,0.024590777590641856
h00,6533009675320697226,p1,B,0.31009765617703006,0.4020072111709629
h00,6533009675320697226,p1,C,1.4640253552971576,1.9913325322997415
h00,6533009675320697226,p2,A,0.06970164757949723,0.04802414026597799
h00,6533009675320697226,p2,B,0.24844713137277305,0.3625223653517858
h00,6533009675320697226,p2,C,1.0385090646551725,1.8391193103448276
h00,6533009675320697226,p3,A,0.07704496666348677,0.054437524732242636
h00,6533009675320697226,p3,B,0.25722362853940905,0.36662275333714883
h00,6533009675320697226,p3,C,0.9012057052845528,1.7358160060975611
h00,6545518064646104054,p1,A,0.04021676972005729,0.024238874799980156
h00,6545518064646104054,p1,B,0.3016971276633406,0.3948475603586248
h00,6545518064646104054,p1,C,1.4346809685990338,1.963029420289855
h00,6545518064646104054,p2,A,0.06847582638226243,0.04846728323929071
h00,6545518064646104054,p2,B,0.2569309456030867,0.36824906724322726
h00,6545518064646104054,p2,C,1.0506093289473684,1.5941044298245612
h00,6545518064646104054,p3,A,0.07624024404752076,0.05519040615597387
h00,6545518064646104054,p3,B,0.2572771739402875,0.37350757334476764
h00,6545518064646104054,p3,C,0.9705495397286821,1.7113855620155038
h00,6549234978829928161,p1,A,0.03947878818417877,0.023484208186955475
h00,6549234978829928161,p1,B,0.31866809837071064,0.4040684559993084
h00,6549234978829928161,p1,C,1.2960130864197532,1.961157209876543
h00,6549234978829928161,p2,A,0.06864057793914222,0.04779581482863666
h00,6549234978829928161,p2,B,0.2584907239877979,0.363985497893979
h00,6549234978829928161,p2,C,0.9629549580419581,1.5782426223776223
h00,6549234978829928161,p3,A,0.07440798142756672,0.0536331278080156
h00,6549234978829928161,p3,B,0.2444786911574522,0.3638777833120645
h00,6549234978829928161,p3,C,0.984364540960452,1.666207683615819
h00,65804915343391885,p1,A,0.04033854878450122,0.024227161869403886
h00,65804915343391885,p1,B,0.3070321732754645,0.40312688826438164
h00,65804915343391885,p1,C,1.4484694801587303,1.9850835317460318
h00,65804915343391885,p2,A,0.06868084123957248,0.04839855342197217
h00,65804915343391885,p2,B,0.2547419211239302,0.36869272120684904
h00,65804915343391885,p2,C,0.8254245769230769,1.6270660576923077
h00,65804915343391885,p3,A,0.0762018840803499,0.055571313998265134
h00,65804915343391885,p3,B,0.24628663137160053,0.36569682844782886
h00,65804915343391885,p3,C,0.844758967191601,1.4613177165354332
h00,6602777850808966930,p1,A,0.040216459920942485,0.024614731793898666
h00,6602777850808966930,p1,B,0.29831326040255274,0.39857240514973
h00,6602777850808966930,p1,C,1.3184782983870968,1.9298239650537634
h00,6602777850808966930,p2,A,0.06753669453924191,0.047874527897155794
h00,6602777850808966930,p2,B,0.26016885581523136,0.3706214759434914
h00,6602777850808966930,p2,C,0.8348467470588236,1.7060785098039215
h00,6602777850808966930,p3,A,0.07369025767503737,0.05454098808145803
h00,6602777850808966930,p3,B,0.2433668871849872,0.3690541183069066
h00,6602777850808966930,p3,C,0.9270766082089553,1.5480250746268658
h00,6614165815480497416,p1,A,0.04025228632334847,0.02394333664130286
h00,6614165815480497416,p1,B,0.28956756340528844,0.3967146356209106
h00,6614165815480497416,p1,C,1.408021084,1.90406192
h00,6614165815480497416,p2,A,0.06742047038671316,0.04631237683816233
h00,6614165815480497416,p2,B,0.2552743121584978,0.36610628463443634
h00,6614165815480497416,p2,C,1.0504905260869566,1.7424999710144928
h00,6614165815480497416,p3,A,0.07447892048465019,0.053245069714137234
h00,6614165815480497416,p3,B,0.2460372338132838,0.36853775807348343
h00,6614165815480497416,p3,C,0.836085255,1.626232425
h00,6641123762054388865,p1,A,0.040816137229960386,0.024184883469068195
h00,6641123762054388865,p1,B,0.30564244349534836,0.40167859676600504
h00,6641123762054388865,p1,C,1.248727950617284,2.059983098765432
h00,6641123762054388865,p2,A,0.06975065339034031,0.04945731059204963
h00,6641123762054388865,p2,B,0.24497444400935492,0.36756945835258586
h00,6641123762054388865,p2,C,1.1064855896551724,1.7726016206896553
h00,6641123762054388865,p3,A,0.07722585763667271,0.05506016455916824
h00,6641123762054388865,p3,B,0.25028522778519197,0.36824357605109176
h00,6641123762054388865,p3,C,0.9003980221579961,1.6880156743737955
h00,6644732085938357553,p1,A,0.04009683835289268,0.02443415168547182
h00,6644732085938357553,p1,B,0.3158542921343223,0.40501177403147326
h00,6644732085938357553,p1,C,1.1925235012077295,1.8285058333333335
h00,6644732085938357553,p2,A,0.06978445314925587,0.049081642505376
h00,6644732085938357553,p2,B,0.25741574544506923,0.3674327559797683
h00,6644732085938357553,p2,C,0.8884005066225165,1.754100761589404
h00,6644732085938357553,p3,A,0.07476982764522459,0.05394829012455461
h00,6644732085938357553,p3,B,0.2471832498800931,0.3668047625562038
h00,6644732085938357553,p3,C,0.9090609838095237,1.7136853523809523
h00,6709291199667742986,p1,A,0.0402582708048856,0.024715170883173238
h00,6709291199667742986,p1,B,0.30650107868341614,0.3977059724056221
h00,6709291199667742986,p1,C,1.1593353551912569,1.7667128142076503
h00,6709291199667742986,p2,A,0.06904178471388624,0.048784006440102175
h00,6709291199667742986,p2,B,0.26511537466385865,0.3735063968840909
h00,6709291199667742986,p2,C,0.9970004537572255,1.8403950867052024
h00,6709291199667742986,p3,A,0.07607633544315047,0.054998117044666436
h00,6709291199667742986,p3,B,0.24685507840121587,0.36724190488459907
h00,6709291199667742986,p3,C,1.3098093159722222,2.1426813194444443
h00,6709723214742769548,p1,A,0.039581084062480086,0.023986685892888215
h00,6709723214742769548,p1,B,0.29597184218011013,0.39680850824020086
h00,6709723214742769548,p1,C,1.1405354764826177,1.82834845603272
h00,6709723214742769548,p2,A,0.06902925062275442,0.047990551147947744
h00,6709723214742769548,p2,B,0.25951312950273075,0.3636569188568265
h00,6709723214742769548,p2,C,0.9618424812206574,1.7759507863849766
h00,6709723214742769548,p3,A,0.07500964237230136,0.05401458579371631
h00,6709723214742769548,p3,B,0.24497267976635595,0.3797080542113011
h00,6709723214742769548,p3,C,0.8287987770700637,1.5196476751592358
h00,6724469538051210294,p1,A,0.039719425056258466,0.023698677535034133
h00,6724469538051210294,p1,B,0.31250597062510227,0.3993022326280478
h00,6724469538051210294,p1,C,1.4645251293333332,1.94381384
h00,6724469538051210294,p2,A,0.06936281740118416,0.04862528762749777
h00,6724469538051210294,p2,B,0.2590935238726349,0.36458455342145424
h00,6724469538051210294,p2,C,0.9538864796747967,1.6836331707317074
h00,6724469538051210294,p3,A,0.07531952199548186,0.0537378122020982
h00,6724469538051210294,p3,B,0.26067453131375884,0.36976463763166534
h00,6724469538051210294,p3,C,1.018338257738095,1.5776607857142857
h00,6733800802724055226,p1,A,0.039096739620366076,0.02330988266497123
h00,6733800802724055226,p1,B,0.31676743232315746,0.39595885478742676
h00,6733800802724055226,p1,C,1.2083954763681592,1.8422788805970147
h00,6733800802724055226,p2,A,0.06673542372616031,0.046349577513065045
h00,6733800802724055226,p2,B,0.2613097053425527,0.36436106886939595
h00,6733800802724055226,p2,C,0.993229012745098,1.976293019607843
h00,6733800802724055226,p3,A,0.07540247098496405,0.0552910650330803
h00,6733800802724055226,p3,B,0.24392780063161926,0.36676540756209824
h00,6733800802724055226,p3,C,1.0232982083333333,1.781439540229885
h00,6750357892348545913,p1,A,0.04043449333064851,0.024855876781691648
h00,6750357892348545913,p1,B,0.320636374893194,0.4069382838862598
h00,6750357892348545913,p1,C,1.2188706942028986,1.8235014202898552
h00,6750357892348545913,p2,A,0.0685439373484179,0.04727247379157548
h00,6750357892348545913,p2,B,0.25574536133152365,0.3632835471362993
h00,6750357892348545913,p2,C,0.9704462060185186,1.7589906828703703
h00,6750357892348545913,p3,A,0.07473753666495293,0.0545449617695911
h00,6750357892348545913,p3,B,0.2539175863684349,0.3666665530525148
h00,6750357892348545913,p3,C,0.8714103070776256,1.647333196347032
h00,6754384401860353323,p1,A,0.04013351196557815,0.02434854252428805
h00,6754384401860353323,p1,B,0.30808399245624324,0.40300225983018806
h00,6754384401860353323,p1,C,1.3679753675213677,1.8848839743589745
h00,6754384401860353323,p2,A,0.07068699006962709,0.049821861493591614
h00,6754384401860353323,p2,B,0.2585724018008536,0.3747408280121527
h00,6754384401860353323,p2,C,1.1693846928571427,1.8090405357142856
h00,6754384401860353323,p3,A,0.07641551244658581,0.05348708941917984
h00,6754384401860353323,p3,B,0.25611123164247135,0.3634015210220392
h00,6754384401860353323,p3,C,0.8210004006410256,1.7417341666666668
h00,6766964616649572140,p1,A,0.04099646315737709,0.025155924941549654
h00,6766964616649572140,p1,B,0.3004195233132523,0.40106451713674873
h00,6766964616649572140,p1,C,1.4785223655462185,2.170542086834734
h00,6766964616649572140,p2,A,0.0705120796214199,0.0504627755275936
h00,6766964616649572140,p2,B,0.25182533812726965,0.3640045542405882
h00,6766964616649572140,p2,C,0.9192082590361446,1.7308802560240963
h00,6766964616649572140,p3,A,0.07555356063368292,0.054567158525827414
h00,6766964616649572140,p3,B,0.2529244474472937,0.37336973504424287
h00,6766964616649572140,p3,C,0.8652647846153846,1.605848769230769
h00,6834843990915817588,p1,A,0.04036511216490171,0.02459617089427919
h00,6834843990915817588,p1,B,0.3100693766290648,0.40863239187660544
h00,6834843990915817588,p1,C,1.2824054724517906,2.100189862258953
h00,6834843990915817588,p2,A,0.06883160079358147,0.049324685319622294
h00,6834843990915817588,p2,B,0.2567601576892862,0.3696986512507513
h00,6834843990915817588,p2,C,0.922325552238806,1.5788581716417909
h00,6834843990915817588,p3,A,0.0780852079838693,0.056205843543723544
h00,6834843990915817588,p3,B,0.2608986018959788,0.3765761176822388
h00,6834843990915817588,p3,C,0.9094013175675676,1.6226450675675674
h00,6862383775158143891,p1,A,0.04103535898285964,0.024860913817305232
h00,6862383775158143891,p1,B,0.30981937997627235,0.4012116700818197
h00,6862383775158143891,p1,C,1.326570993224932,1.979984105691057
h00,6862383775158143891,p2,A,0.06926339616391992,0.04999824591885001
h00,6862383775158143891,p2,B,0.2481661548733063,0.37008066274976437
h00,6862383775158143891,p2,C,1.3489107824858757,2.100107062146893
h00,6862383775158143891,p3,A,0.07447641782230684,0.05318472653233236
h00,6862383775158143891,p3,B,0.25107681643468716,0.3697800844605118
h00,6862383775158143891,p3,C,0.8867837833333334,1.6682557333333334
h00,6891911174446481591,p1,A,0.04050315303753655,0.024490576695431972
h00,6891911174446481591,p1,B,0.331808118219604,0.4072535890803469
h00,6891911174446481591,p1,C,1.3089920423728814,2.0338729237288136
h00,6891911174446481591,p2,A,0.06890088739320584,0.04824754076712219
h00,6891911174446481591,p2,B,0.25523274593768364,0.36282605109500987
h00,6891911174446481591,p2,C,1.1104210161812298,1.6447792071197411
h00,6891911174446481591,p3,A,0.0744774468289991,0.05417471360205729
h00,6891911174446481591,p3,B,0.2427261286703266,0.3665976781821782
h00,6891911174446481591,p3,C,1.0284666088709677,1.5811722580645162
h00,6893047363033742713,p1,A,0.040270244781476686,0.024538394957592552
h00,6893047363033742713,p1,B,0.3021306185706269,0.40069896259968885
h00,6893047363033742713,p1,C,1.2190773603603604,1.822372117117117
h00,6893047363033742713,p2,A,0.06795643666557162,0.04675948360729847
h00,6893047363033742713,p2,B,0.24940690707813748,0.36898126442057444
h00,6893047363033742713,p2,C,1.0482660155038759,1.822450426356589
h00,6893047363033742713,p3,A,0.07655717824695404,0.054950760293391014
h00,6893047363033742713,p3,B,0.24207961095213829,0.36541403302512526
h00,6893047363033742713,p3,C,0.9537887573696145,1.8048572222222221
h00,6921980969079321895,p1,A,0.040377012373904606,0.024512162965571155
h00,6921980969079321895,p1,B,0.3151673286496529,0.4005047073913823
h00,6921980969079321895,p1,C,1.2656158139534883,1.8749607751937984
h00,6921980969079321895,p2,A,0.06818139573279577,0.04832395217397861
h00,6921980969079321895,p2,B,0.25008161929544004,0.369654170666975
h00,6921980969079321895,p2,C,1.0186275771028037,1.7393792523364486
h00,6921980969079321895,p3,A,0.07600953678654258,0.054183457641460014
h00,6921980969079321895,p3,B,0.2452561562476754,0.3695551879619278
h00,6921980969079321895,p3,C,0.8884750178571429,1.6581191071428572
h00,692328224564536655,p1,A,0.03934004446846175,0.024202716537935376
h00,692328224564536655,p1,B,0.3028948905760226,0.39946920554738347
h00,692328224564536655,p1,C,1.2154197366412214,1.8221481679389313
h00,692328224564536655,p2,A,0.06916072143934822,0.048280768956244134
h00,692328224564536655,p2,B,0.26030354976284964,0.3743351586762072
h00,692328224564536655,p2,C,0.9839362289719626,1.5676615264797507
h00,692328224564536655,p3,A,0.07582955037371819,0.05519235877097503
h00,692328224564536655,p3,B,0.25804259875651303,0.37583228649792794
h00,692328224564536655,p3,C,0.9762116410256411,1.869666775147929
h00,6971492208501631548,p1,A,0.04113775325236273,0.0246400950538547
h00,6971492208501631548,p1,B,0.2980610173152008,0.40979037012125963
h00,6971492208501631548,p1,C,1.1071055793010753,1.8456330913978496
h00,6971492208501631548,p2,A,0.06946682638584586,0.04860516860516044
h00,6971492208501631548,p2,B,0.24509028454511494,0.36241869468170934
h00,6971492208501631548,p2,C,0.8730454724137932,1.6098895862068965
h00,6971492208501631548,p3,A,0.07653347793463937,0.054144735612031474
h00,6971492208501631548,p3,B,0.25248853920410874,0.3665999842580019
h00,6971492208501631548,p3,C,1.1290279194915254,1.7308861440677965
h00,6972189440130738959,p1,A,0.039812041323902106,0.023488020404658954
h00,6972189440130738959,p1,B,0.31543769161114377,0.4122356379809263
h00,6972189440130738959,p1,C,1.0895057242990653,1.727796261682243
h00,6972189440130738959,p2,A,0.06685082821399008,0.04717321065349232
h00,6972189440130738959,p2,B,0.2614328131361444,0.3642599535106865
h00,6972189440130738959,p2,C,0.8509986012269939,1.682851237218814
h00,6972189440130738959,p3,A,0.07752539073065416,0.05454788658461754
h00,6972189440130738959,p3,B,0.2566274000362583,0.36709194267664985
h00,6972189440130738959,p3,C,0.8074183333333333,1.7180160057471263
h00,7012783120457334628,p1,A,0.04083553530582108,0.024518279840616365
h00,7012783120457334628,p1,B,0.31807216020222895,0.4018183355479232
h00,7012783120457334628,p1,C,1.2278667838541666,1.8207010807291666
h00,7012783120457334628,p2,A,0.06893501260038212,0.0475568149497344
h00,7012783120457334628,p2,B,0.2598258803451239,0.368693743870073
h00,7012783120457334628,p2,C,0.8425754806201551,1.6223694056847544
h00,7012783120457334628,p3,A,0.07598661417808966,0.05473871425670997
h00,7012783120457334628,p3,B,0.2527464881526194,0.36855819510239995
h00,7012783120457334628,p3,C,1.0065068455555555,1.7440258444444445
h00,7012939089339419601,p1,A,0.04103260362927387,0.024643614656951907
h00,7012939089339419601,p1,B,0.3068372151580742,0.4034812602190739
h00,7012939089339419601,p1,C,1.269705167857143,1.9549828214285714
h00,7012939089339419601,p2,A,0.07004893594604852,0.0486363924179294
h00,7012939089339419601,p2,B,0.2501885043807205,0.36169141084980183
h00,7012939089339419601,p2,C,0.9035963313840156,1.8794260233918128
h00,7012939089339419601,p3,A,0.07754904717376677,0.05433230656639642
h00,7012939089339419601,p3,B,0.2555677338372993,0.3669243851446181
h00,7012939089339419601,p3,C,0.8172974901380671,1.6722028796844182
h00,7028234984784962488,p1,A,0.04017012220988446,0.02427374809873181
h00,7028234984784962488,p1,B,0.30848852861514914,0.39906516679107357
h00,7028234984784962488,p1,C,1.4593240046620046,2.125100914918415
h00,7028234984784962488,p2,A,0.06857215597654033,0.04746524734477506
h00,7028234984784962488,p2,B,0.2571037624214905,0.36880291860446435
h00,7028234984784962488,p2,C,1.0032404251497005,1.742844750499002
h00,7028234984784962488,p3,A,0.0755594163135871,0.05361431077447357
h00,7028234984784962488,p3,B,0.24810998429369152,0.36623971206598765
h00,7028234984784962488,p3,C,0.8897252884615384,1.5653153846153847
h00,7056730645515222111,p1,A,0.04081691632001647,0.024563971821657767
h00,7056730645515222111,p1,B,0.3145441065740495,0.4031143833720588
h00,7056730645515222111,p1,C,1.2413031846153846,1.9266294871794873
h00,7056730645515222111,p2,A,0.06834392698316696,0.048855250959409444
h00,7056730645515222111,p2,B,0.2450870985502248,0.3638290596591432
h00,7056730645515222111,p2,C,0.93924825,1.6326834426229508
h00,7056730645515222111,p3,A,0.07454424565271857,0.05588879284416483
h00,7056730645515222111,p3,B,0.24920029821262915,0.36709290758719176
h00,7056730645515222111,p3,C,0.9365195614035088,1.7046722368421054
h00,7070626102030733824,p1,A,0.03933499018896315,0.023446445296434155
h00,7070626102030733824,p1,B,0.3056408203852784,0.40268282473002864
h00,7070626102030733824,p1,C,1.404713708955224,2.0079241417910447
h00,7070626102030733824,p2,A,0.0677708911199132,0.04754469325776678
h00,7070626102030733824,p2,B,0.24990705870237745,0.3630321178983318
h00,7070626102030733824,p2,C,1.0366085681818182,1.7951304166666666
h00,7070626102030733824,p3,A,0.07352968683173823,0.05277177181146414
h00,7070626102030733824,p3,B,0.24454489201855745,0.36345340634339984
h00,7070626102030733824,p3,C,0.9050291989247311,1.6688751478494623
h00,7084127401146040401,p1,A,0.039852981273633126,0.024445530573212474
h00,7084127401146040401,p1,B,0.3068497078079483,0.406672060267377
h00,7084127401146040401,p1,C,1.1277037681451612,1.733687258064516
h00,7084127401146040401,p2,A,0.06798418175148047,0.04863307714504483
h00,7084127401146040401,p2,B,0.25494994687960854,0.3691540976352392
h00,7084127401146040401,p2,C,0.8971199454545454,1.801404090909091
h00,7084127401146040401,p3,A,0.07479864614191956,0.05403636442291822
h00,7084127401146040401,p3,B,0.25739182066193844,0.3663151696263857
h00,7084127401146040401,p3,C,0.8323057274633124,1.6435229874213837
h00,7086230366887684684,p1,A,0.04013011477670793,0.02418794512945169
h00,7086230366887684684,p1,B,0.30509258224960073,0.4096880209046315
h00,7086230366887684684,p1,C,1.3167502858974358,1.9806625641025641
h00,7086230366887684684,p2,A,0.06856551425216598,0.04758206123054933
h00,7086230366887684684,p2,B,0.26382224453692954,0.3683401453071995
h00,7086230366887684684,p2,C,0.8462314801324503,1.664617715231788
h00,7086230366887684684,p3,A,0.07584304278900976,0.05522097923433976
h00,7086230366887684684,p3,B,0.2502476104182796,0.36961155378796984
h00,7086230366887684684,p3,C,0.8566651373239437,1.6090499999999999
h00,7088973757696078623,p1,A,0.04044546244322093,0.024026945319968237
h00,7088973757696078623,p1,B,0.33441951382413493,0.41321500412100687
h00,7088973757696078623,p1,C,1.19371246,1.8233724533333333
h00,7088973757696078623,p2,A,0.06842877012624819,0.04832965688350333
h00,7088973757696078623,p2,B,0.26196418450507786,0.37105670657025697
h00,7088973757696078623,p2,C,1.0195155796178343,1.8082600318471336
h00,7088973757696078623,p3,A,0.0748094790153797,0.05402477031008242
h00,7088973757696078623,p3,B,0.24849183617107642,0.37199190784677755
h00,7088973757696078623,p3,C,0.8263577598039216,1.4514982965686276
h00,7091619324623027029,p1,A,0.03998045637799802,0.02409039981837793
h00,7091619324623027029,p1,B,0.3256118018409334,0.40501166561628554
h00,7091619324623027029,p1,C,1.3588596049382715,1.9334820617283952
h00,7091619324623027029,p2,A,0.0673738058594143,0.04715365586931519
h00,7091619324623027029,p2,B,0.25491004384960425,0.3691983506682944
h00,7091619324623027029,p2,C,0.972667718426501,1.8150497929606626
h00,7091619324623027029,p3,A,0.07654148288180379,0.054133406578327666
h00,7091619324623027029,p3,B,0.2528537451442845,0.36924204144275985
h00,7091619324623027029,p3,C,0.9153507713178294,1.619641976744186
h00,7137250607531919798,p1,A,0.04033007315176889,0.024536642957235563
h00,7137250607531919798,p1,B,0.3103705702648679,0.40301874937772453
h00,7137250607531919798,p1,C,1.5099717962962964,1.9663906746031745
h00,7137250607531919798,p2,A,0.07055543904951435,0.04982332421697292
h00,7137250607531919798,p2,B,0.26294973393148685,0.36596198732135776
h00,7137250607531919798,p2,C,1.5452899988095237,2.5206162976190476
h00,7137250607531919798,p3,A,0.07529163674695219,0.0546588617275892
h00,7137250607531919798,p3,B,0.24363643621835937,0.3736178030082118
h00,7137250607531919798,p3,C,0.8525376324786325,1.5734973611111112
h00,7157296070022791018,p1,A,0.04014612431273295,0.024805065519029446
h00,7157296070022791018,p1,B,0.30221445747615744,0.40014581357951357
h00,7157296070022791018,p1,C,1.4037279084507042,1.9166485680751175
h00,7157296070022791018,p2,A,0.07055365028259773,0.0492048183555992
h00,7157296070022791018,p2,B,0.2602148064222485,0.37746056897431907
h00,7157296070022791018,p2,C,0.9643750408163264,1.67140910430839
h00,7157296070022791018,p3,A,0.07690305279702392,0.056047679622205235
h00,7157296070022791018,p3,B,0.2554554373591782,0.36837562983166744
h00,7157296070022791018,p3,C,0.8511158120805369,1.6537340604026844
h00,7163536301884147900,p1,A,0.03881824589017497,0.02394757575924458
h00,7163536301884147900,p1,B,0.30981255888388254,0.39801311033549786
h00,7163536301884147900,p1,C,1.263047062865497,1.922142909356725
h00,7163536301884147900,p2,A,0.07043788712591711,0.048421080332187484
h00,7163536301884147900,p2,B,0.2574885393883767,0.3633734158516888
h00,7163536301884147900,p2,C,0.9502047099737533,1.7413986482939632
h00,7163536301884147900,p3,A,0.07598912229998495,0.054848817735535266
h00,7163536301884147900,p3,B,0.2562534492988889,0.36426206192435445
h00,7163536301884147900,p3,C,0.8418043340978593,1.8228745183486237
h00,7187639259049034522,p1,A,0.039511188672230066,0.024058365088031247
h00,7187639259049034522,p1,B,0.3128440110244574,0.40425319861192094
h00,7187639259049034522,p1,C,1.1418343552971575,1.7790672222222224
h00,7187639259049034522,p2,A,0.06906811636655646,0.04674918479878024
h00,7187639259049034522,p2,B,0.257356440861151,0.36850173926353585
h00,7187639259049034522,p2,C,1.0833882324561404,1.5989108771929823
h00,7187639259049034522,p3,A,0.07600312433033088,0.052774055656239015
h00,7187639259049034522,p3,B,0.24606624998235505,0.36547663595985935
h00,7187639259049034522,p3,C,0.9789226067961164,1.6333523786407769
h00,7207347963926256778,p1,A,0.03988920718209929,0.023619154721637586
h00,7207347963926256778,p1,B,0.3020927206609954,0.39327851303412537
h00,7207347963926256778,p1,C,1.1624525388888889,1.8056536111111112
h00,7207347963926256778,p2,A,0.06690259630994357,0.04727499175841685
h00,7207347963926256778,p2,B,0.25563073711130335,0.37056213473714006
h00,7207347963926256778,p2,C,0.8102204044834308,1.6210436257309941
h00,7207347963926256778,p3,A,0.07315178761137683,0.052342224247025705
h00,7207347963926256778,p3,B,0.2500381375927909,0.36569744604167914
h00,7207347963926256778,p3,C,0.8511231846307385,1.7463478343313372
h00,7253817427040050467,p1,A,0.04023730400525522,0.024156025277738444
h00,7253817427040050467,p1,B,0.30032482424706247,0.4006657737596077
h00,7253817427040050467,p1,C,1.3459444523809525,1.9934874089635854
h00,7253817427040050467,p2,A,0.06858968142995302,0.04819870776089434
h00,7253817427040050467,p2,B,0.26879402474143704,0.3714953448881412
h00,7253817427040050467,p2,C,1.7215457107142855,2.6772363095238094
h00,7253817427040050467,p3,A,0.07598246411857955,0.05479376387248349
h00,7253817427040050467,p3,B,0.25086386071694783,0.3700153106847709
h00,7253817427040050467,p3,C,0.9270483531249999,1.637746375
h00,7276188519562630070,p1,A,0.0405902005917399,0.02436703373598538
h00,7276188519562630070,p1,B,0.30521924048533433,0.3926880898638759
h00,7276188519562630070,p1,C,1.1761328645833333,1.7462653993055557
h00,7276188519562630070,p2,A,0.06701235859143564,0.04645665048196096
h00,7276188519562630070,p2,B,0.25781159249082364,0.36609342524773264
h00,7276188519562630070,p2,C,1.1584131166666667,1.9367742555555556
h00,7276188519562630070,p3,A,0.07448613620193051,0.05261021149410011
h00,7276188519562630070,p3,B,0.2562591422051998,0.36714788753648
h00,7276188519562630070,p3,C,0.8967614448441247,1.6707558992805756
h00,7282223881640676299,p1,A,0.039622260954638014,0.02350061919567547
h00,7282223881640676299,p1,B,0.3180843247746488,0.40685294106595177
h00,7282223881640676299,p1,C,1.2527520815602837,1.8820207446808512
h00,7282223881640676299,p2,A,0.06729029145837624,0.04636719641761157
h00,7282223881640676299,p2,B,0.2630711096750178,0.3643628351408173
h00,7282223881640676299,p2,C,1.0388313827160494,2.009871265432099
h00,7282223881640676299,p3,A,0.07664048332792318,0.05503543162235015
h00,7282223881640676299,p3,B,0.2540435467850681,0.3638009023860516
h00,7282223881640676299,p3,C,0.9525495742009132,1.7138567351598173
h00,7304884061984682152,p1,A,0.03969616953136513,0.024184835235311262
h00,7304884061984682152,p1,B,0.3301308702666886,0.41172013011813646
h00,7304884061984682152,p1,C,1.1945160413711584,1.8708493971631204
h00,7304884061984682152,p2,A,0.0667964605376225,0.04699872700398039
h00,7304884061984682152,p2,B,0.2523693299518503,0.36726954052430855
h00,7304884061984682152,p2,C,0.9101235901960785,1.8009663431372551
h00,7304884061984682152,p3,A,0.07578842076237738,0.05418590712892434
h00,7304884061984682152,p3,B,0.25216795209987325,0.36753592589759726
h00,7304884061984682152,p3,C,1.0284527559055117,1.767490065616798
h00,731778787169459261,p1,A,0.040461805309879105,0.024353024018047374
h00,731778787169459261,p1,B,0.3110022741412959,0.4081136000065053
h00,731778787169459261,p1,C,1.3751893,1.8714634285714287
h00,731778787169459261,p2,A,0.06832693012882124,0.048310944534932655
h00,731778787169459261,p2,B,0.25605345689918685,0.3697536010184629
h00,731778787169459261,p2,C,0.9549856951871658,1.8238063636363635
h00,731778787169459261,p3,A,0.07418926451261358,0.05406597751275396
h00,731778787169459261,p3,B,0.24672963003732828,0.3733138904629576
h00,731778787169459261,p3,C,0.9292045932400933,1.6028151515151514
h00,7330341303108867477,p1,A,0.04077921648703179,0.024762254905073226
h00,7330341303108867477,p1,B,0.3053094634855314,0.3986276527350964
h00,7330341303108867477,p1,C,1.382425875,2.141468173076923
h00,7330341303108867477,p2,A,0.06744741715826287,0.04742631466466697
h00,7330341303108867477,p2,B,0.25450797391780994,0.36885948665186935
h00,7330341303108867477,p2,C,0.883516424796748,1.72779412601626
h00,7330341303108867477,p3,A,0.07609370991589536,0.05443567297981422
h00,7330341303108867477,p3,B,0.2526093580361184,0.3657780749059452
h00,7330341303108867477,p3,C,0.9551880994397759,1.6583935994397758
h00,7331702996590870865,p1,A,0.040070320931717966,0.024102441608388862
h00,7331702996590870865,p1,B,0.3035033959918348,0.4066456892449178
h00,7331702996590870865,p1,C,1.552775972440945,2.0413028215223097
h00,7331702996590870865,p2,A,0.06813287601619046,0.04720933959490684
h00,7331702996590870865,p2,B,0.2535034567414026,0.36805218249977606
h00,7331702996590870865,p2,C,1.1271794136904763,1.9132884226190476
h00,7331702996590870865,p3,A,0.0755289315696767,0.053655739775573426
h00,7331702996590870865,p3,B,0.25403940413608983,0.36790645013665646
h00,7331702996590870865,p3,C,0.8404420434027777,1.7304890017361112
h00,7336963978818366824,p1,A,0.04092554592128643,0.02491719759361453
h00,7336963978818366824,p1,B,0.3081314890238913,0.39524128146375387
h00,7336963978818366824,p1,C,1.2336702530864196,1.820326888888889
h00,7336963978818366824,p2,A,0.07008107764872748,0.051314491869136204
h00,7336963978818366824,p2,B,0.24998832966437967,0.3639007107471668
h00,7336963978818366824,p2,C,1.0383743466076696,1.7226179498525072
h00,7336963978818366824,p3,A,0.07665705020284626,0.05552130680996002
h00,7336963978818366824,p3,B,0.257003216850099,0.36402961041742077
h00,7336963978818366824,p3,C,0.8163253921568627,1.667554934640523
h00,7337409826029250569,p1,A,0.040438502885594536,0.02474231067976744
h00,7337409826029250569,p1,B,0.30370551253231876,0.4058203265087547
h00,7337409826029250569,p1,C,1.4781779110275688,2.061227180451128
h00,7337409826029250569,p2,A,0.06973907500872378,0.04917635449634555
h00,7337409826029250569,p2,B,0.2684405136335918,0.36660788155445134
h00,7337409826029250569,p2,C,1.8190289572580645,2.5292889112903225
h00,7337409826029250569,p3,A,0.07343981382456054,0.05388193760307754
h00,7337409826029250569,p3,B,0.24753604028536214,0.3667341903641053
h00,7337409826029250569,p3,C,0.9378750913461539,1.598272548076923
h00,7344156821422071061,p1,A,0.03930033098413564,0.023438538815561856
h00,7344156821422071061,p1,B,0.31234785844237833,0.40312652505329266
h00,7344156821422071061,p1,C,1.3316793189655174,1.8096842385057472
h00,7344156821422071061,p2,A,0.06833697571736669,0.04856408563627629
h00,7344156821422071061,p2,B,0.26367950978068805,0.36433448840979793
h00,7344156821422071061,p2,C,1.2070494866071428,1.8590745089285714
h00,7344156821422071061,p3,A,0.07460741676363396,0.05466055947845062
h00,7344156821422071061,p3,B,0.24876219321541548,0.3683737518266776
h00,7344156821422071061,p3,C,1.0728061366666666,1.8801626666666669
h00,7351765613849292698,p1,A,0.040119193339152356,0.023875118223208296
h00,7351765613849292698,p1,B,0.308400101341824,0.40230637179781986
h00,7351765613849292698,p1,C,1.2579828097014925,1.9356689552238806
h00,7351765613849292698,p2,A,0.06742143079221859,0.04728582568888212
h00,7351765613849292698,p2,B,0.2527560724574109,0.3675407018852463
h00,7351765613849292698,p2,C,0.8271580376344085,1.7641615130568358
h00,7351765613849292698,p3,A,0.07626345771535169,0.054139532055301136
h00,7351765613849292698,p3,B,0.25761759617057123,0.3709293766537879
h00,7351765613849292698,p3,C,0.9297563236994221,1.6470725433526012
h00,7380331902355262973,p1,A,0.039827436809149824,0.024039879948771357
h00,7380331902355262973,p1,B,0.30256433323191345,0.39472775796548504
h00,7380331902355262973,p1,C,1.3101811435897435,1.938077858974359
h00,7380331902355262973,p2,A,0.06975778935792702,0.04846964745885729
h00,7380331902355262973,p2,B,0.2625260870856046,0.3716002679780346
h00,7380331902355262973,p2,C,0.8917095878378378,1.606066587837838
h00,7380331902355262973,p3,A,0.07511577904952743,0.05395881924738931
h00,7380331902355262973,p3,B,0.2470351054336957,0.36606873824513037
h00,7380331902355262973,p3,C,0.955204392033543,1.7550492348008384
h00,7381613772574883665,p1,A,0.04102921469395142,0.024528178391285
h00,7381613772574883665,p1,B,0.3101563851968645,0.4064883711930837
h00,7381613772574883665,p1,C,1.5445581910569106,2.0835185772357723
h00,7381613772574883665,p2,A,0.06887704442643368,0.04906261571846594
h00,7381613772574883665,p2,B,0.2563517408580254,0.3643567746385925
h00,7381613772574883665,p2,C,1.1075691911314984,1.7774563455657493
h00,7381613772574883665,p3,A,0.07550992073572449,0.05436847452661668
h00,7381613772574883665,p3,B,0.2550235307850588,0.3688806209692806
h00,7381613772574883665,p3,C,0.8701181145833333,1.6326571180555556
h00,7385212419273013375,p1,A,0.040991135577575,0.02473253373566003
h00,7385212419273013375,p1,B,0.312470343053106,0.40859365118884317
h00,7385212419273013375,p1,C,1.632877128440367,2.395984633027523
h00,7385212419273013375,p2,A,0.06802852745074298,0.04650346188015426
h00,7385212419273013375,p2,B,0.2580632687559926,0.3678225700858777
h00,7385212419273013375,p2,C,0.9322723375,1.7234995729166667
h00,7385212419273013375,p3,A,0.07560524273350401,0.05421994338602986
h00,7385212419273013375,p3,B,0.2491533899330825,0.3670866233025161
h00,7385212419273013375,p3,C,0.89841975,1.8429284959349594
h00,7399684465983197950,p1,A,0.04065674586759747,0.024727449496186764
h00,7399684465983197950,p1,B,0.3111816215157402,0.4072591091469084
h00,7399684465983197950,p1,C,1.5493120040983606,2.2516556147540983
h00,7399684465983197950,p2,A,0.06859109892737354,0.04841123898692903
h00,7399684465983197950,p2,B,0.2547378794762345,0.36968850237852824
h00,7399684465983197950,p2,C,1.0988315260416666,1.6772993229166666
h00,7399684465983197950,p3,A,0.07544638096289394,0.0539824168602384
h00,7399684465983197950,p3,B,0.24657259845772578,0.36566186335324347
h00,7399684465983197950,p3,C,0.9500137797202797,1.5361682867132866
h00,7413841783320754802,p1,A,0.040824600657324746,0.025177040036404266
h00,7413841783320754802,p1,B,0.2860923565386742,0.4022732920122626
h00,7413841783320754802,p1,C,1.2099054673423424,1.7836880067567566
h00,7413841783320754802,p2,A,0.0685801958451709,0.048004717330331834
h00,7413841783320754802,p2,B,0.25854434472358767,0.3665142270949838
h00,7413841783320754802,p2,C,0.8832471387434556,1.7132116579406633
h00,7413841783320754802,p3,A,0.07629030374550518,0.05443583718990198
h00,7413841783320754802,p3,B,0.25984894967049005,0.372082485600667
h00,7413841783320754802,p3,C,0.9002963030303031,1.584823080808081
h00,7414523646869633419,p1,A,0.04062797953520825,0.024692895271652592
h00,7414523646869633419,p1,B,0.31155662631596104,0.39525601664874027
h00,7414523646869633419,p1,C,1.4795803504273506,1.9694619658119659
h00,7414523646869633419,p2,A,0.06783758264741452,0.047372517864380924
h00,7414523646869633419,p2,B,0.2552371258489834,0.370083446023383
h00,7414523646869633419,p2,C,1.0243446301369863,1.7062648630136985
h00,7414523646869633419,p3,A,0.07585768096562864,0.05452065645643218
h00,7414523646869633419,p3,B,0.25152663185554014,0.36787028480342754
h00,7414523646869633419,p3,C,0.8325778196517413,1.6256689179104478
h00,7439394794247071750,p1,A,0.039618097245765885,0.024019465605570816
h00,7439394794247071750,p1,B,0.31226930657293095,0.4050353923892808
h00,7439394794247071750,p1,C,1.2211600162601626,1.7956553116531164
h00,7439394794247071750,p2,A,0.06864218774048383,0.04725110880163523
h00,7439394794247071750,p2,B,0.2547290566326011,0.36437053135935815
h00,7439394794247071750,p2,C,0.8982082139175258,1.848703032646048
h00,7439394794247071750,p3,A,0.0763315832717114,0.05343870601521578
h00,7439394794247071750,p3,B,0.2573766143256524,0.3672289226685432
h00,7439394794247071750,p3,C,0.7505007063492064,1.5883928911564624
h00,7473469869254133156,p1,A,0.039474343090856456,0.024359129736007124
h00,7473469869254133156,p1,B,0.31989076424958235,0.40023306667789177
h00,7473469869254133156,p1,C,1.3258322135416667,2.0214163020833333
h00,7473469869254133156,p2,A,0.06922944581018182,0.04833062952979605
h00,7473469869254133156,p2,B,0.25267262777084376,0.3652737285498393
h00,7473469869254133156,p2,C,0.949812689453125,1.8292627734375
h00,7473469869254133156,p3,A,0.07784164956086485,0.05483969602181966
h00,7473469869254133156,p3,B,0.2526197835334457,0.3671590371287415
h00,7473469869254133156,p3,C,0.774214428030303,1.5758300189393941
h00,7489332420735831496,p1,A,0.04028692058972802,0.024130912804465186
h00,7489332420735831496,p1,B,0.31016228498307535,0.404797931903776
h00,7489332420735831496,p1,C,1.547107592457421,2.1289035523114355
h00,7489332420735831496,p2,A,0.06776022158538658,0.04749396155899443
h00,7489332420735831496,p2,B,0.2552353603851082,0.36156610796498484
h00,7489332420735831496,p2,C,1.0503925413533834,1.770021127819549
h00,7489332420735831496,p3,A,0.07521618739733799,0.05405918981898391
h00,7489332420735831496,p3,B,0.2513852196385025,0.36861539751533845
h00,7489332420735831496,p3,C,0.9128255103519669,1.772509099378882
h00,7492281159528610269,p1,A,0.040412158033250656,0.02476215640795296
h00,7492281159528610269,p1,B,0.3051738516798942,0.3970796298139881
h00,7492281159528610269,p1,C,1.183574754830918,1.8453422222222222
h00,7492281159528610269,p2,A,0.06752020282174144,0.048007840265722794
h00,7492281159528610269,p2,B,0.2460962410651163,0.36258568001311015
h00,7492281159528610269,p2,C,0.9626922055555556,1.644597
h00,7492281159528610269,p3,A,0.07640294399664688,0.056168733951871
h00,7492281159528610269,p3,B,0.24612614240681427,0.36602821378661377
h00,7492281159528610269,p3,C,0.871637293968254,1.8919132746031746
h00,7510017443374212299,p1,A,0.04010424018352255,0.024262741454526705
h00,7510017443374212299,p1,B,0.3175044957614447,0.40359885076900326
h00,7510017443374212299,p1,C,1.297776561465721,1.7661371867612292
h00,7510017443374212299,p2,A,0.06817776979952953,0.048851484999486695
h00,7510017443374212299,p2,B,0.24899951623210828,0.37016120003208985
h00,7510017443374212299,p2,C,0.8321145967365968,1.513607459207459
h00,7510017443374212299,p3,A,0.0740416768815837,0.052708949192140905
h00,7510017443374212299,p3,B,0.2545214613548651,0.3665632697470871
h00,7510017443374212299,p3,C,0.7951081723163842,1.6360662994350281
h00,7575364469277083538,p1,A,0.04013063240875428,0.024141220504762154
h00,7575364469277083538,p1,B,0.3096744351895852,0.39621863369138366
h00,7575364469277083538,p1,C,1.1794542983870968,1.7887756048387098
h00,7575364469277083538,p2,A,0.07012928183004569,0.04827844163704674
h00,7575364469277083538,p2,B,0.2601692145395157,0.3674085590979428
h00,7575364469277083538,p2,C,0.9617554618736384,1.8468613616557734
h00,7575364469277083538,p3,A,0.07545845571433625,0.053310060852737436
h00,7575364469277083538,p3,B,0.25322061869019263,0.3669422836188393
h00,7575364469277083538,p3,C,0.8440618760416667,1.60249346875
h00,7596600659096589567,p1,A,0.040250195073238154,0.023992852290990404
h00,7596600659096589567,p1,B,0.3061822398985436,0.4048730502929144
h00,7596600659096589567,p1,C,1.4138728544444445,2.0439192555555556
h00,7596600659096589567,p2,A,0.06841072296308771,0.048236395564284724
h00,7596600659096589567,p2,B,0.2641289694232798,0.37217232549757573
h00,7596600659096589567,p2,C,1.1516004822695036,1.6483031914893618
h00,7596600659096589567,p3,A,0.07809888670969801,0.05551562152243057
h00,7596600659096589567,p3,B,0.25164837699134135,0.3693911985657662
h00,7596600659096589567,p3,C,0.856426932330827,1.664377619047619
h00,7640468002792745424,p1,A,0.04057537587173599,0.02469746400913398
h00,7640468002792745424,p1,B,0.30232017875233425,0.4109433662631719
h00,7640468002792745424,p1,C,1.6099814195906432,2.282572675438596
h00,7640468002792745424,p2,A,0.0707408597712083,0.04860503272471758
h00,7640468002792745424,p2,B,0.2532090264982237,0.3710593414417651
h00,7640468002792745424,p2,C,0.9409641167883211,1.6677108272506083
h00,7640468002792745424,p3,A,0.07917522498518084,0.05639970197838838
h00,7640468002792745424,p3,B,0.24295832029716713,0.36511992184386294
h00,7640468002792745424,p3,C,0.8918194421768707,1.701473492063492
h00,7640924825233081351,p1,A,0.040171118095563015,0.023765358792982704
h00,7640924825233081351,p1,B,0.2959865365045685,0.4035640789566531
h00,7640924825233081351,p1,C,1.2555937030864197,1.8066898765432098
h00,7640924825233081351,p2,A,0.0692543938380689,0.047623524705446535
h00,7640924825233081351,p2,B,0.25838321272279285,0.37031075100854893
h00,7640924825233081351,p2,C,0.894333637703252,1.7069974288617888
h00,7640924825233081351,p3,A,0.07398432061720439,0.05339275221114581
h00,7640924825233081351,p3,B,0.2539184985204626,0.36782735917237386
h00,7640924825233081351,p3,C,0.899521955615942,1.7211473278985507
h00,7669602547746765903,p1,A,0.04029817081579765,0.024407411181156583
h00,7669602547746765903,p1,B,0.30315512856548943,0.4037567662842126
h00,7669602547746765903,p1,C,1.3244789365079366,1.9942368934240364
h00,7669602547746765903,p2,A,0.06840348232088857,0.04815224991822862
h00,7669602547746765903,p2,B,0.2624389567176359,0.3679961203644283
h00,7669602547746765903,p2,C,1.0145191219512195,1.8421768292682927
h00,7669602547746765903,p3,A,0.075262995736967,0.053860822819067074
h00,7669602547746765903,p3,B,0.25051578894855436,0.3667974526840987
h00,7669602547746765903,p3,C,1.0512905982142857,1.7728436160714285
h00,7670967728798457551,p1,A,0.03941490973259103,0.02351003231214938
h00,7670967728798457551,p1,B,0.3152841363228591,0.4103309630985444
h00,7670967728798457551,p1,C,1.4017270916030535,1.982834796437659
h00,7670967728798457551,p2,A,0.0692309282710525,0.04816605465519871
h00,7670967728798457551,p2,B,0.2674963441903073,0.37092438908410846
h00,7670967728798457551,p2,C,1.1831924460784313,1.9083258455882353
h00,7670967728798457551,p3,A,0.0751166395427203,0.0531275231306926
h00,7670967728798457551,p3,B,0.2555200449615446,0.36818111999162156
h00,7670967728798457551,p3,C,0.820139920221169,1.6145598104265404
h00,7681282347561624791,p1,A,0.039781590570781886,0.023557184600693473
h00,7681282347561624791,p1,B,0.3123267306572014,0.39935892654420374
h00,7681282347561624791,p1,C,1.420559900900901,1.9894061711711712
h00,7681282347561624791,p2,A,0.06696075484357591,0.046635859656218005
h00,7681282347561624791,p2,B,0.25692560969266265,0.36881873950957106
h00,7681282347561624791,p2,C,0.879340600973236,1.5787233819951338
h00,7681282347561624791,p3,A,0.07523720343089725,0.0530734022009623
h00,7681282347561624791,p3,B,0.24792379949392374,0.36917981248787923
h00,7681282347561624791,p3,C,0.8692335216049383,1.6965720061728395
h00,7689060740259911737,p1,A,0.040007896514566,0.024306969973214687
h00,7689060740259911737,p1,B,0.3172674844193623,0.40015459499164424
h00,7689060740259911737,p1,C,1.3168304159292037,1.9601441150442478
h00,7689060740259911737,p2,A,0.06905102454695723,0.0486344334013318
h00,7689060740259911737,p2,B,0.2522808464716713,0.3682113409718467
h00,7689060740259911737,p2,C,1.1446548619047618,1.9003615
h00,7689060740259911737,p3,A,0.07791104762614116,0.05569713882130686
h00,7689060740259911737,p3,B,0.2513545047502099,0.3630440660393573
h00,7689060740259911737,p3,C,0.8626575550314465,1.8339416037735847
h00,7694801790239217915,p1,A,0.040246706736772,0.024459092336317143
h00,7694801790239217915,p1,B,0.3212386542061862,0.4035390851919755
h00,7694801790239217915,p1,C,1.3655231327683617,1.8704382627118643
h00,7694801790239217915,p2,A,0.06877322332751512,0.04756218975876939
h00,7694801790239217915,p2,B,0.2575469393236618,0.3699689025011564
h00,7694801790239217915,p2,C,1.1173892361111113,1.8946974537037038
h00,7694801790239217915,p3,A,0.07518249730046193,0.05355416268476937
h00,7694801790239217915,p3,B,0.24847750514565536,0.36387109996599387
h00,7694801790239217915,p3,C,1.0841349314641744,1.5880697040498444
h00,7702412575777826027,p1,A,0.040263667799045555,0.024244295870049906
h00,7702412575777826027,p1,B,0.3030539794166257,0.4058236607952872
h00,7702412575777826027,p1,C,1.2551667855297157,1.7970387984496123
h00,7702412575777826027,p2,A,0.07007193395113015,0.04909240383843915
h00,7702412575777826027,p2,B,0.2568034488917667,0.358992331643966
h00,7702412575777826027,p2,C,1.024564764084507,1.7659384507042253
h00,7702412575777826027,p3,A,0.07173619077060261,0.05120128358356262
h00,7702412575777826027,p3,B,0.24555460758931702,0.3688500868415747
h00,7702412575777826027,p3,C,1.0668131576576576,1.6679567567567568
h00,7705097774128820863,p1,A,0.039796456356103314,0.023874851722576407
h00,7705097774128820863,p1,B,0.30740846164267643,0.40151156224079004
h00,7705097774128820863,p1,C,1.4573456654676258,2.074108237410072
h00,7705097774128820863,p2,A,0.06778684914183318,0.04742312522807335
h00,7705097774128820863,p2,B,0.25690827408601025,0.3721143768668651
h00,7705097774128820863,p2,C,1.1094191082089553,2.012058233830846
h00,7705097774128820863,p3,A,0.0769746454801029,0.05489109878713269
h00,7705097774128820863,p3,B,0.25520414424803056,0.36598499885560354
h00,7705097774128820863,p3,C,1.0536963657407408,1.752466909722222
h00,7754204663126548307,p1,A,0.040564431117588146,0.02395129566645446
h00,7754204663126548307,p1,B,0.30733139044319047,0.40467376406296407
h00,7754204663126548307,p1,C,1.2697310286885246,1.8440259836065573
h00,7754204663126548307,p2,A,0.0709822239742147,0.04984942129626394
h00,7754204663126548307,p2,B,0.24959578832788878,0.3658397811663357
h00,7754204663126548307,p2,C,0.8926693297872341,1.6806802836879433
h00,7754204663126548307,p3,A,0.07424691585454772,0.05288444439764954
h00,7754204663126548307,p3,B,0.2564914672378315,0.3675107945045181
h00,7754204663126548307,p3,C,1.1250311721311477,1.840687267759563
h00,7755256581793677928,p1,A,0.04026310513745878,0.024278202374114714
h00,7755256581793677928,p1,B,0.3225838240412739,0.41644320719031946
h00,7755256581793677928,p1,C,1.1655388897637795,1.8010935695538057
h00,7755256581793677928,p2,A,0.06745124270637391,0.04665734499773703
h00,7755256581793677928,p2,B,0.2532131195479828,0.37193201588251606
h00,7755256581793677928,p2,C,0.8720995215827338,1.6702707194244604
h00,7755256581793677928,p3,A,0.0745527150003991,0.05324309163913419
h00,7755256581793677928,p3,B,0.25502553850837767,0.36884441390138123
h00,7755256581793677928,p3,C,0.9862250590909091,1.6772880909090908
h00,7761268545753577354,p1,A,0.04034112142279148,0.02402988550984668
h00,7761268545753577354,p1,B,0.2913489845261345,0.39064728279333283
h00,7761268545753577354,p1,C,1.3334999123563218,1.8669438074712643
h00,7761268545753577354,p2,A,0.06929095473760807,0.04740892495823824
h00,7761268545753577354,p2,B,0.25810551175703406,0.3693292858301796
h00,7761268545753577354,p2,C,1.120393611111111,1.798511414141414
h00,7761268545753577354,p3,A,0.0757539058800714,0.05315629514819559
h00,7761268545753577354,p3,B,0.25882565669767116,0.368898234674214
h00,7761268545753577354,p3,C,0.9221015719424461,1.633657050359712
h00,7774033729568193838,p1,A,0.04073593062429767,0.024775679184264255
h00,7774033729568193838,p1,B,0.31091543356427265,0.4004957600295993
h00,7774033729568193838,p1,C,1.3475562385057474,1.8712634051724137
h00,7774033729568193838,p2,A,0.07052881462431654,0.049794988764496256
h00,7774033729568193838,p2,B,0.2555341231035607,0.3701115603700257
h00,7774033729568193838,p2,C,0.9681030267639902,1.7172396350364965
h00,7774033729568193838,p3,A,0.07643952282903202,0.05508504545680782
h00,7774033729568193838,p3,B,0.25531181775998857,0.3700050452349677
h00,7774033729568193838,p3,C,1.116749607526882,1.835677634408602
h00,7788896702398618105,p1,A,0.03999688705214105,0.02456944552218077
h00,7788896702398618105,p1,B,0.32241523240299663,0.4037818450917252
h00,7788896702398618105,p1,C,1.2126031564327486,1.8807405555555556
h00,7788896702398618105,p2,A,0.06929217032923297,0.048329120013668354
h00,7788896702398618105,p2,B,0.25323043692576286,0.36464029154331457
h00,7788896702398618105,p2,C,0.8462463003472221,1.7777598524305553
h00,7788896702398618105,p3,A,0.07649573680678906,0.053952844457494445
h00,7788896702398618105,p3,B,0.2569664218697502,0.3670865262021583
h00,7788896702398618105,p3,C,0.8764069187763713,1.766446571729958
h00,7800683719019325863,p1,A,0.03968674454528734,0.023553065582084524
h00,7800683719019325863,p1,B,0.30407313166305183,0.4139595485008005
h00,7800683719019325863,p1,C,1.3066662493827161,1.9343003950617286
h00,7800683719019325863,p2,A,0.06853682235513799,0.04766717687639334
h00,7800683719019325863,p2,B,0.25583481205162345,0.36598442378278073
h00,7800683719019325863,p2,C,0.888100035787321,1.7805133333333334
h00,7800683719019325863,p3,A,0.07484275834005408,0.05339780401199401
h00,7800683719019325863,p3,B,0.25377317908070635,0.3706520591150247
h00,7800683719019325863,p3,C,0.8723896062378167,1.818675701754386
h00,7825142619493849787,p1,A,0.04024086248330948,0.0244627949155583
h00,7825142619493849787,p1,B,0.29475947840560346,0.39348401853214354
h00,7825142619493849787,p1,C,1.3616734025641024,1.957443
h00,7825142619493849787,p2,A,0.06813217031733984,0.04679786513925815
h00,7825142619493849787,p2,B,0.25479817824709855,0.36917669161863986
h00,7825142619493849787,p2,C,0.8323553669871795,1.672186233974359
h00,7825142619493849787,p3,A,0.07667346427298906,0.05523397644738001
h00,7825142619493849787,p3,B,0.2586223789911839,0.37073188403702223
h00,7825142619493849787,p3,C,0.9121926005434782,1.7227900543478258
h00,7844115379435679961,p1,A,0.04003135436805566,0.024405201902541532
h00,7844115379435679961,p1,B,0.30269394870343375,0.4026696366626174
h00,7844115379435679961,p1,C,1.1890591743002545,1.7395336259541985
h00,7844115379435679961,p2,A,0.06789821613919653,0.047660794962826804
h00,7844115379435679961,p2,B,0.2566713873905586,0.36565078769649456
h00,7844115379435679961,p2,C,0.951502326446281,1.6271662396694215
h00,7844115379435679961,p3,A,0.07746415905741497,0.05482638008649194
h00,7844115379435679961,p3,B,0.2562805928614948,0.37234008564221643
h00,7844115379435679961,p3,C,0.8357302798053527,1.651289586374696
h00,7845649049148242428,p1,A,0.04042188015562791,0.024244786961523514
h00,7845649049148242428,p1,B,0.31155906124014027,0.4027181329705911
h00,7845649049148242428,p1,C,1.101398798941799,1.6974760449735449
h00,7845649049148242428,p2,A,0.0702646709941805,0.05038867677890571
h00,7845649049148242428,p2,B,0.2591257282470463,0.36629178887457065
h00,7845649049148242428,p2,C,1.002676520661157,1.6940623140495867
h00,7845649049148242428,p3,A,0.07475000027290425,0.05340644538868373
h00,7845649049148242428,p3,B,0.25779446671223993,0.3652520556638931
h00,7845649049148242428,p3,C,0.8386918559523809,1.705768119047619
h00,7872656261944607829,p1,A,0.04012675183958947,0.024352015700102873
h00,7872656261944607829,p1,B,0.321557785089525,0.402181679847675
h00,7872656261944607829,p1,C,1.3142113672086722,1.8660831842818428
h00,7872656261944607829,p2,A,0.06651051699740476,0.047616616872670846
h00,7872656261944607829,p2,B,0.250511493984584,0.36446020170218824
h00,7872656261944607829,p2,C,1.0354893664383562,1.7595467123287671
h00,7872656261944607829,p3,A,0.0775664704762283,0.05630334397284905
h00,7872656261944607829,p3,B,0.25251753088308443,0.3733945298242586
h00,7872656261944607829,p3,C,0.9468844300254453,1.6021410050890585
h00,7899557489426013408,p1,A,0.03983126934166008,0.024059419030425667
h00,7899557489426013408,p1,B,0.32140179983630957,0.40665668827050266
h00,7899557489426013408,p1,C,1.102684033923304,1.7730406637168143
h00,7899557489426013408,p2,A,0.06791822438798722,0.04796399460405944
h00,7899557489426013408,p2,B,0.26082542756304083,0.3679693733044811
h00,7899557489426013408,p2,C,0.9883172763157896,1.6799145488721803
h00,7899557489426013408,p3,A,0.07606791546264308,0.05417138400210258
h00,7899557489426013408,p3,B,0.255009398953225,0.36611527666289506
h00,7899557489426013408,p3,C,0.9120473888888889,1.7031376041666666
h00,7912128486606305112,p1,A,0.03973982160896652,0.023940941779820826
h00,7912128486606305112,p1,B,0.31429470071494164,0.402632069992949
h00,7912128486606305112,p1,C,1.2111993600973237,1.82832300486618
h00,7912128486606305112,p2,A,0.06632672717245607,0.04589256428811478
h00,7912128486606305112,p2,B,0.25430010188743557,0.367443095971725
h00,7912128486606305112,p2,C,0.9243487647058822,1.688309843137255
h00,7912128486606305112,p3,A,0.07512549600640474,0.05425672793018175
h00,7912128486606305112,p3,B,0.24917718012592108,0.3716982525026347
h00,7912128486606305112,p3,C,1.0338145652173913,1.663868304347826
h00,7918121088649361103,p1,A,0.04023485118067255,0.023966424719004117
h00,7918121088649361103,p1,B,0.3181279234773543,0.40464971824831086
h00,7918121088649361103,p1,C,1.2429591956018518,1.9629084953703702
h00,7918121088649361103,p2,A,0.06784281110798451,0.04849251894534075
h00,7918121088649361103,p2,B,0.24189917514285295,0.3676347580409335
h00,7918121088649361103,p2,C,0.9172381818181818,1.7363332634032635
h00,7918121088649361103,p3,A,0.07483104957018505,0.05416208868314486
h00,7918121088649361103,p3,B,0.2488050619725862,0.3641712425160719
h00,7918121088649361103,p3,C,1.1979055743801652,1.844702520661157
h00,7919405651962967992,p1,A,0.040071210108671755,0.024349178510913526
h00,7919405651962967992,p1,B,0.30572115545758416,0.40304934147895677
h00,7919405651962967992,p1,C,1.56593493030303,2.197447878787879
h00,7919405651962967992,p2,A,0.069855361848651,0.04798856707952213
h00,7919405651962967992,p2,B,0.2657930211017937,0.36960495921833586
h00,7919405651962967992,p2,C,0.9701873674540683,1.6916157611548557
h00,7919405651962967992,p3,A,0.0769501407293333,0.054445692985137184
h00,7919405651962967992,p3,B,0.266433198578686,0.37426624703936645
h00,7919405651962967992,p3,C,0.9948070350877192,1.7202785282651072
h00,7935763740681700891,p1,A,0.04010966148226133,0.023609686307801653
h00,7935763740681700891,p1,B,0.3099990898463218,0.4069141629681236
h00,7935763740681700891,p1,C,1.491607471153846,1.9827365384615385
h00,7935763740681700891,p2,A,0.0668766412547623,0.046516419053798545
h00,7935763740681700891,p2,B,0.2643753072985335,0.37186255574195115
h00,7935763740681700891,p2,C,0.8826751386666666,1.6139556800000001
h00,7935763740681700891,p3,A,0.07416717093307906,0.05312862238311199
h00,7935763740681700891,p3,B,0.2565990496301493,0.3663487458527513
h00,7935763740681700891,p3,C,0.9945629148148148,1.7444355185185185
h00,7944209325752561383,p1,A,0.04112327338635418,0.024433667665382654
h00,7944209325752561383,p1,B,0.31031101911306624,0.409663340019717
h00,7944209325752561383,p1,C,1.3796841894586893,1.9841551566951567
h00,7944209325752561383,p2,A,0.06542630839675562,0.046012278216288297
h00,7944209325752561383,p2,B,0.2526241636070474,0.3696121200004599
h00,7944209325752561383,p2,C,1.049323408783784,1.6838376013513514
h00,7944209325752561383,p3,A,0.07655252115241795,0.05510639728087615
h00,7944209325752561383,p3,B,0.24910116491004702,0.36648251890562644
h00,7944209325752561383,p3,C,0.8871741542288557,1.831054788557214
h00,7987663683338581749,p1,A,0.04028140038152654,0.024545848015185376
h00,7987663683338581749,p1,B,0.3190294780574332,0.40454221189234263
h00,7987663683338581749,p1,C,1.3123422947845806,1.9395027210884352
h00,7987663683338581749,p2,A,0.07009960284939575,0.050377792955769114
h00,7987663683338581749,p2,B,0.2532669935689532,0.3724781893739005
h00,7987663683338581749,p2,C,0.9336541583333333,1.7217193452380952
h00,7987663683338581749,p3,A,0.07962356596927056,0.05693757474955037
h00,7987663683338581749,p3,B,0.25320145662505533,0.3676173058924728
h00,7987663683338581749,p3,C,1.325380273989899,2.0082366035353534
h00,8014274278194106210,p1,A,0.0410026452084013,0.02463996453314751
h00,8014274278194106210,p1,B,0.31810406306095557,0.40545012157645666
h00,8014274278194106210,p1,C,1.3430437884615385,1.8191252948717949
h00,8014274278194106210,p2,A,0.06933415631735258,0.04768906070108983
h00,8014274278194106210,p2,B,0.2649456697895533,0.36659991425674854
h00,8014274278194106210,p2,C,0.9921675527777778,1.687341263888889
h00,8014274278194106210,p3,A,0.07740481723915,0.055810136639897895
h00,8014274278194106210,p3,B,0.24986250398969673,0.36497977535033604
h00,8014274278194106210,p3,C,0.7902605686936937,1.5611450225225225
h00,8021517949117524351,p1,A,0.039819901638721386,0.024485067830294183
h00,8021517949117524351,p1,B,0.30284117185554577,0.3960964018667905
h00,8021517949117524351,p1,C,1.8411483347826085,2.7092543913043476
h00,8021517949117524351,p2,A,0.0656902562324628,0.04606307595059028
h00,8021517949117524351,p2,B,0.25986273857766773,0.3679507321385762
h00,8021517949117524351,p2,C,0.9975783026960784,1.6437092340686275
h00,8021517949117524351,p3,A,0.07520756100940698,0.05410921560090971
h00,8021517949117524351,p3,B,0.25455749979725,0.36750811575955206
h00,8021517949117524351,p3,C,0.8842873447204969,1.8531625051759837
h00,8061281235594563954,p1,A,0.039763030111132906,0.023788642922680747
h00,8061281235594563954,p1,B,0.30758301430776014,0.3955248823992423
h00,8061281235594563954,p1,C,1.7745087971576226,2.411828643410853
h00,8061281235594563954,p2,A,0.06854338356330496,0.04807181881957555
h00,8061281235594563954,p2,B,0.25250132022433025,0.3628914270854073
h00,8061281235594563954,p2,C,1.0354644661458334,1.7727858593749999
h00,8061281235594563954,p3,A,0.07721275077088557,0.054524106675511864
h00,8061281235594563954,p3,B,0.2561072603409138,0.36761753766137756
h00,8061281235594563954,p3,C,1.1400590989304813,2.117740614973262
h00,807106994577424742,p1,A,0.03966800534398232,0.023860755146972897
h00,807106994577424742,p1,B,0.3014603280262036,0.3966743347287813
h00,807106994577424742,p1,C,1.6053592647849462,2.2839339784946238
h00,807106994577424742,p2,A,0.06769863241390676,0.04781427742886518
h00,807106994577424742,p2,B,0.24643157993532358,0.36480954637192453
h00,807106994577424742,p2,C,0.9615917279411765,1.6805672916666667
h00,807106994577424742,p3,A,0.07615592809684617,0.054348198047973445
h00,807106994577424742,p3,B,0.25841409914347124,0.36751201055289967
h00,807106994577424742,p3,C,0.8096945477941176,1.635470992647059
h00,8073559371014580251,p1,A,0.040119117224194686,0.02394170607888933
h00,8073559371014580251,p1,B,0.3095884575206058,0.4024437836606809
h00,8073559371014580251,p1,C,1.2029804390243903,1.7627856097560977
h00,8073559371014580251,p2,A,0.06558543244152139,0.045391106886668316
h00,8073559371014580251,p2,B,0.25566638467456915,0.3678587502299276
h00,8073559371014580251,p2,C,0.8276233615136876,1.775460845410628
h00,8073559371014580251,p3,A,0.07558406634259307,0.05407147721029976
h00,8073559371014580251,p3,B,0.2517826346525923,0.3714802316842414
h00,8073559371014580251,p3,C,1.0068964348290597,1.751415299145299
h00,8085227859060869184,p1,A,0.04030949142031025,0.024050732570319693
h00,8085227859060869184,p1,B,0.30831625124810647,0.40554121461832315
h00,8085227859060869184,p1,C,1.621871013422819,2.2640055592841164
h00,8085227859060869184,p2,A,0.06793429580093185,0.04675453759248883
h00,8085227859060869184,p2,B,0.24359465197422503,0.3670950690695443
h00,8085227859060869184,p2,C,1.0160710398230088,1.6949245132743362
h00,8085227859060869184,p3,A,0.07495750989365083,0.053866386352288076
h00,8085227859060869184,p3,B,0.25504396211851865,0.36815361056882306
h00,8085227859060869184,p3,C,1.0098334362416108,1.6876763087248323
h00,8102853888876117400,p1,A,0.03909537219293694,0.023861702549848037
h00,8102853888876117400,p1,B,0.3100485692861606,0.4016619617138989
h00,8102853888876117400,p1,C,1.389702673553719,2.000019008264463
h00,8102853888876117400,p2,A,0.06673964818812189,0.047121165881452036
h00,8102853888876117400,p2,B,0.25226391957029043,0.36987406773156944
h00,8102853888876117400,p2,C,0.800311243902439,1.6490888821138212
h00,8102853888876117400,p3,A,0.07593058978952552,0.053520625766274484
h00,8102853888876117400,p3,B,0.25765760532862836,0.3702924678915182
h00,8102853888876117400,p3,C,0.8811961222222222,1.6158276333333332
h00,810515107963077594,p1,A,0.03995556807563305,0.024456765121345064
h00,810515107963077594,p1,B,0.3154494452777778,0.408468443324425
h00,810515107963077594,p1,C,1.426237424119241,1.9318930216802168
h00,810515107963077594,p2,A,0.06861637676897646,0.04804270793749245
h00,810515107963077594,p2,B,0.2642842420039046,0.36699112920091187
h00,810515107963077594,p2,C,0.8238777337278106,1.7290377218934911
h00,810515107963077594,p3,A,0.07539021517130517,0.054346255964096354
h00,810515107963077594,p3,B,0.2555302015955769,0.36620425486289726
h00,810515107963077594,p3,C,0.871444796460177,1.5407969469026548
h00,810614871690771956,p1,A,0.04064388460989446,0.024460221763878697
h00,810614871690771956,p1,B,0.3064256617096424,0.4002858732801488
h00,810614871690771956,p1,C,1.2192931968503937,1.7833327559055119
h00,810614871690771956,p2,A,0.06855295265032231,0.04799858217754143
h00,810614871690771956,p2,B,0.2630076902357644,0.3651939586663414
h00,810614871690771956,p2,C,0.9839724226907631,1.8427960943775101
h00,810614871690771956,p3,A,0.07434124363804848,0.054205466242358696
h00,810614871690771956,p3,B,0.24494758974731776,0.3625046242146383
h00,810614871690771956,p3,C,0.8059980204841714,1.719506815642458
h00,8141761060821422002,p1,A,0.04032048663906115,0.024427841584372847
h00,8141761060821422002,p1,B,0.30094644539159976,0.4038093559433993
h00,8141761060821422002,p1,C,1.1403849900497511,1.811776131840796
h00,8141761060821422002,p2,A,0.06936637877404138,0.0487749683808505
h00,8141761060821422002,p2,B,0.2502391727192533,0.36697105406367747
h00,8141761060821422002,p2,C,1.2285547858880779,1.8550241484184915
h00,8141761060821422002,p3,A,0.07636631483481779,0.05486741036208742
h00,8141761060821422002,p3,B,0.25199833748064027,0.3728173477950407
h00,8141761060821422002,p3,C,0.8034942957650273,1.7574829166666666
h00,818472327660073236,p1,A,0.04071365266363577,0.024536137235308453
h00,818472327660073236,p1,B,0.32267399385376505,0.40701341362766524
h00,818472327660073236,p1,C,1.3688788645833334,2.023350875
h00,818472327660073236,p2,A,0.06820400537517031,0.046856574006129956
h00,818472327660073236,p2,B,0.260925949258893,0.3683636074666073
h00,818472327660073236,p2,C,0.889403472406181,1.8026139845474614
h00,818472327660073236,p3,A,0.0750470505074009,0.05245763987398395
h00,818472327660073236,p3,B,0.24849764332306848,0.3691839453380151
h00,818472327660073236,p3,C,0.8595926054421769,1.648118968253968
h00,8189701162810878588,p1,A,0.03983102450418476,0.024089712276542035
h00,8189701162810878588,p1,B,0.30038491644889664,0.4057748845673635
h00,8189701162810878588,p1,C,1.2975935651629074,1.865563471177945
h00,8189701162810878588,p2,A,0.0690604485774792,0.04847095046369121
h00,8189701162810878588,p2,B,0.26308340565577637,0.36528678099435674
h00,8189701162810878588,p2,C,0.9406657134292565,1.658273752997602
h00,8189701162810878588,p3,A,0.07476761187927332,0.053216442535798186
h00,8189701162810878588,p3,B,0.2478132085081465,0.3672681230066083
h00,8189701162810878588,p3,C,0.9259203618618618,1.6248378078078078
h00,819516485579700465,p1,A,0.041503457869855535,0.025292679405570204
h00,819516485579700465,p1,B,0.30662689135738835,0.39721987837506134
h00,819516485579700465,p1,C,1.3525200568181819,2.033995037878788
h00,819516485579700465,p2,A,0.07033996546967275,0.048969733280277344
h00,819516485579700465,p2,B,0.25862026133146776,0.3668765978782695
h00,819516485579700465,p2,C,0.8898030900900901,1.6870126576576576
h00,819516485579700465,p3,A,0.07527012440631542,0.054052221493109495
h00,819516485579700465,p3,B,0.24878229539391408,0.3652442196803883
h00,819516485579700465,p3,C,0.9149049270833333,1.7835670370370371
h00,8222179486658101296,p1,A,0.039961248589258105,0.02447960080733218
h00,8222179486658101296,p1,B,0.310731167740399,0.401467392659508
h00,8222179486658101296,p1,C,1.1981221758530185,1.8400393963254593
h00,8222179486658101296,p2,A,0.06947369184849564,0.04846580134448934
h00,8222179486658101296,p2,B,0.24611759499494673,0.3698268554986478
h00,8222179486658101296,p2,C,0.9458279224806202,1.6261093023255815
h00,8222179486658101296,p3,A,0.0775429838222635,0.05569476743185279
h00,8222179486658101296,p3,B,0.2512236325820952,0.37223018874178515
h00,8222179486658101296,p3,C,0.8552056393442623,1.6907707103825138
h00,8232276829008192175,p1,A,0.03998225210184548,0.023930364469728436
h00,8232276829008192175,p1,B,0.3210789591973491,0.4019580310963836
h00,8232276829008192175,p1,C,1.339507308219178,1.9545306164383562
h00,8232276829008192175,p2,A,0.06549835376862248,0.04654682759073731
h00,8232276829008192175,p2,B,0.2447429111922221,0.368742103366618
h00,8232276829008192175,p2,C,0.9766669825870647,1.7492774378109452
h00,8232276829008192175,p3,A,0.07418665406519337,0.05309457301190577
h00,8232276829008192175,p3,B,0.2491455495489909,0.3656310561999139
h00,8232276829008192175,p3,C,0.9381724781021897,1.7493973236009732
h00,8245785795119165813,p1,A,0.04053421911708436,0.02399722199847821
h00,8245785795119165813,p1,B,0.31531667924480444,0.39921566819423987
h00,8245785795119165813,p1,C,1.4472207629629628,2.245359703703704
h00,8245785795119165813,p2,A,0.06913237966946237,0.04675621022165678
h00,8245785795119165813,p2,B,0.2576640487283688,0.36673461734602314
h00,8245785795119165813,p2,C,0.9136445058479532,1.6666875
h00,8245785795119165813,p3,A,0.07443561666256163,0.052749104052681
h00,8245785795119165813,p3,B,0.2550531205242511,0.366931628001711
h00,8245785795119165813,p3,C,0.8016362458333333,1.5899589166666668
h00,8247888529918945527,p1,A,0.04043581725029442,0.024268665785412955
h00,8247888529918945527,p1,B,0.3071055981774376,0.40501900374352123
h00,8247888529918945527,p1,C,1.3212886443569554,1.9859557086614172
h00,8247888529918945527,p2,A,0.06702553680931633,0.047328453605541713
h00,8247888529918945527,p2,B,0.26435423047327267,0.368627309666586
h00,8247888529918945527,p2,C,0.8584378659217877,1.720359469273743
h00,8247888529918945527,p3,A,0.07439674162123128,0.05345431436607223
h00,8247888529918945527,p3,B,0.25088291398596885,0.36856706107341414
h00,8247888529918945527,p3,C,0.975553419236417,1.7908408002936858
h00,826663596041234252,p1,A,0.03924022290401021,0.02270812269216777
h00,826663596041234252,p1,B,0.3217531879181425,0.41096297142447197
h00,826663596041234252,p1,C,1.1750364289405686,1.743211976744186
h00,826663596041234252,p2,A,0.0682552327415772,0.046954429236118506
h00,826663596041234252,p2,B,0.2587117914349306,0.37343411506396434
h00,826663596041234252,p2,C,0.8877784329896907,1.670700949312715
h00,826663596041234252,p3,A,0.07498806631249744,0.05295802498879632
h00,826663596041234252,p3,B,0.25631941680227543,0.3721273890309891
h00,826663596041234252,p3,C,0.8401305787401575,1.7104383858267715
h00,8295570130475967972,p1,A,0.040408850348770856,0.025176424337278538
h00,8295570130475967972,p1,B,0.3001281599952446,0.40526622572150073
h00,8295570130475967972,p1,C,1.2043573017660043,1.9270450993377484
h00,8295570130475967972,p2,A,0.0664476826404642,0.046692398967063675
h00,8295570130475967972,p2,B,0.26302983154156706,0.3722018307204203
h00,8295570130475967972,p2,C,0.7112334925287356,1.7292923275862069
h00,8295570130475967972,p3,A,0.07562760694637015,0.055295137259014554
h00,8295570130475967972,p3,B,0.2535141057829021,0.37245360307497993
h00,8295570130475967972,p3,C,0.8927883425925927,1.6165334259259259
h00,8302840173262926033,p1,A,0.04052791359341749,0.024447806254943315
h00,8302840173262926033,p1,B,0.311213363811796,0.4094144907512903
h00,8302840173262926033,p1,C,1.743198527131783,2.13118503875969
h00,8302840173262926033,p2,A,0.06925770830314007,0.04765685857512123
h00,8302840173262926033,p2,B,0.2524898465770887,0.36611882811185364
h00,8302840173262926033,p2,C,0.9682696394230769,1.6653420673076922
h00,8302840173262926033,p3,A,0.07651895389675248,0.05480237135180095
h00,8302840173262926033,p3,B,0.2511914802210132,0.3648155181398196
h00,8302840173262926033,p3,C,0.79215266875,1.6925276875000002
h00,8324314100380763628,p1,A,0.040821019814235346,0.024865114557034013
h00,8324314100380763628,p1,B,0.31057696867283546,0.40391328277200284
h00,8324314100380763628,p1,C,1.1182000638297873,1.8136268794326242
h00,8324314100380763628,p2,A,0.06840718585653414,0.04803302471727537
h00,8324314100380763628,p2,B,0.2561543644889725,0.37407294355346
h00,8324314100380763628,p2,C,1.2145246300813008,1.8705064498644985
h00,8324314100380763628,p3,A,0.07249794383424754,0.0530792394779138
h00,8324314100380763628,p3,B,0.24425804428738015,0.3681270612871382
h00,8324314100380763628,p3,C,1.0213385053333333,1.70386708
h00,8333265495632237597,p1,A,0.04111228831817388,0.025150294718210394
h00,8333265495632237597,p1,B,0.3178475553353275,0.4074479843435825
h00,8333265495632237597,p1,C,1.3526578133903133,1.8869118233618234
h00,8333265495632237597,p2,A,0.06869251090470689,0.04810020421073587
h00,8333265495632237597,p2,B,0.2523333172316816,0.3703804842560643
h00,8333265495632237597,p2,C,1.1452914033613446,1.736764831932773
h00,8333265495632237597,p3,A,0.07694175750137183,0.054619345446911036
h00,8333265495632237597,p3,B,0.2490333447173634,0.3699265595623204
h00,8333265495632237597,p3,C,1.0813703095238094,1.5984414550264552
h00,8337948553890895361,p1,A,0.04078590463641518,0.024679199111681354
h00,8337948553890895361,p1,B,0.302849236725646,0.39945652864794917
h00,8337948553890895361,p1,C,1.6583128782051282,2.277868782051282
h00,8337948553890895361,p2,A,0.06887576254649383,0.04865457144283465
h00,8337948553890895361,p2,B,0.2567055901502253,0.36737807294111563
h00,8337948553890895361,p2,C,1.1312496089238846,1.6691173097112861
h00,8337948553890895361,p3,A,0.07461713851902604,0.05440135133342696
h00,8337948553890895361,p3,B,0.25435182000322265,0.3687023031981827
h00,8337948553890895361,p3,C,0.7211620468164794,1.5580604400749065
h00,8348040649235703653,p1,A,0.040444185480224104,0.024417828890587457
h00,8348040649235703653,p1,B,0.3144806679263372,0.40110897010387486
h00,8348040649235703653,p1,C,1.9557617654867256,2.839232809734513
h00,8348040649235703653,p2,A,0.06947744988190335,0.048802290759625035
h00,8348040649235703653,p2,B,0.247707230222018,0.3643547686549538
h00,8348040649235703653,p2,C,0.9504268375,1.6075159583333334
h00,8348040649235703653,p3,A,0.07583867351735603,0.05302820055279795
h00,8348040649235703653,p3,B,0.2577099941908703,0.37239640565594195
h00,8348040649235703653,p3,C,0.9950361134453781,1.773515
h00,8352329479800466435,p1,A,0.04047451390786987,0.024506115837773144
h00,8352329479800466435,p1,B,0.3241276340534381,0.4010049868473798
h00,8352329479800466435,p1,C,1.1843445398550725,1.7267676449275362
h00,8352329479800466435,p2,A,0.06980495289790505,0.04901507975709819
h00,8352329479800466435,p2,B,0.2637665019338476,0.3725356002372013
h00,8352329479800466435,p2,C,0.8719578758865248,1.6420599290780142
h00,8352329479800466435,p3,A,0.07789482901301431,0.05616836873524256
h00,8352329479800466435,p3,B,0.24724596054778708,0.3660959546474288
h00,8352329479800466435,p3,C,1.110747204954955,1.9090914977477478
h00,8359675198807336655,p1,A,0.03931012020489563,0.0236825826375672
h00,8359675198807336655,p1,B,0.3217402010166601,0.41831723116473174
h00,8359675198807336655,p1,C,1.5587377477876105,2.1008766371681413
h00,8359675198807336655,p2,A,0.06543465653863197,0.046310948649001545
h00,8359675198807336655,p2,B,0.25653813078065285,0.3654551658839972
h00,8359675198807336655,p2,C,1.0963931086956522,1.609654043478261
h00,8359675198807336655,p3,A,0.07513805166221998,0.05433605430996443
h00,8359675198807336655,p3,B,0.2540319673522366,0.36514980121247165
h00,8359675198807336655,p3,C,0.9232469809160306,1.6097554198473283
h00,8360854972556069990,p1,A,0.040638012020275595,0.02443538455582626
h00,8360854972556069990,p1,B,0.30817747622402225,0.39128091497054496
h00,8360854972556069990,p1,C,1.4123872694444444,1.974625388888889
h00,8360854972556069990,p2,A,0.06861054234393732,0.04886143804608591
h00,8360854972556069990,p2,B,0.24945210499054965,0.36384410793769134
h00,8360854972556069990,p2,C,1.0158698209876542,1.777652386831276
h00,8360854972556069990,p3,A,0.07374410053733234,0.053887379636648886
h00,8360854972556069990,p3,B,0.2510557415010927,0.3636129338801309
h00,8360854972556069990,p3,C,0.795874,1.7121214627659573
h00,8442228576838349543,p1,A,0.0403634218059088,0.024049235391213963
h00,8442228576838349543,p1,B,0.30594039200993284,0.40592828323595287
h00,8442228576838349543,p1,C,1.0688821354166667,1.7143052678571429
h00,8442228576838349543,p2,A,0.06816762036947835,0.048592551430172555
h00,8442228576838349543,p2,B,0.24909977516079498,0.364174890186605
h00,8442228576838349543,p2,C,1.163679973765432,1.724022924382716
h00,8442228576838349543,p3,A,0.0766990411919513,0.05548861437371242
h00,8442228576838349543,p3,B,0.24901894657698012,0.3693993370391981
h00,8442228576838349543,p3,C,1.0315498433908046,1.6620376005747126
h00,8461703215665630037,p1,A,0.039867370139376544,0.023835018420768326
h00,8461703215665630037,p1,B,0.3032242583676269,0.40589818565794633
h00,8461703215665630037,p1,C,1.785205563421829,2.3591470501474925
h00,8461703215665630037,p2,A,0.0693897789414506,0.04751181969930371
h00,8461703215665630037,p2,B,0.2544777558520313,0.3683451214144749
h00,8461703215665630037,p2,C,0.9877639707792208,1.8141086363636363
h00,8461703215665630037,p3,A,0.07673533223697154,0.054718516559563946
h00,8461703215665630037,p3,B,0.25385806135525224,0.368528857504632
h00,8461703215665630037,p3,C,0.7989119837398374,1.6421689227642275
h00,8478393171942172038,p1,A,0.03975665392012238,0.02421630496975542
h00,8478393171942172038,p1,B,0.29444852943219224,0.39580273650319564
h00,8478393171942172038,p1,C,1.9259125670289854,2.571664438405797
h00,8478393171942172038,p2,A,0.06961096705429821,0.0486210740389003
h00,8478393171942172038,p2,B,0.2527518921151288,0.3665151777249926
h00,8478393171942172038,p2,C,0.8815629379251702,1.702439719387755
h00,8478393171942172038,p3,A,0.07475931172001916,0.05408427760245682
h00,8478393171942172038,p3,B,0.26198401259927573,0.37254402882709226
h00,8478393171942172038,p3,C,0.7692174545454545,1.5625817676767677
h00,8483146405762354839,p1,A,0.04056704804327774,0.02458828923274757
h00,8483146405762354839,p1,B,0.3067076252153124,0.4101653934229302
h00,8483146405762354839,p1,C,1.5080612962962963,2.063567098765432
h00,8483146405762354839,p2,A,0.06881436581880637,0.04939069339032142
h00,8483146405762354839,p2,B,0.24704142958681935,0.3640162776468598
h00,8483146405762354839,p2,C,0.8981218063872256,1.6666771057884233
h00,8483146405762354839,p3,A,0.07706906983218101,0.05543216820349212
h00,8483146405762354839,p3,B,0.2542706037279652,0.3664160148652593
h00,8483146405762354839,p3,C,0.90329009079602,1.763464776119403
h00,8493033608607173646,p1,A,0.04017785076346305,0.024305343707991315
h00,8493033608607173646,p1,B,0.31572144064713065,0.3996418093172983
h00,8493033608607173646,p1,C,1.2069426585365854,1.8839053658536586
h00,8493033608607173646,p2,A,0.06907401450310446,0.04812888767333876
h00,8493033608607173646,p2,B,0.25151890462048665,0.36886521722508125
h00,8493033608607173646,p2,C,0.8880316041666667,1.736576730072464
h00,8493033608607173646,p3,A,0.07768307713332599,0.05510950506412874
h00,8493033608607173646,p3,B,0.25716619686934306,0.3704630132816903
h00,8493033608607173646,p3,C,0.8052107644927536,1.819634970355731
h00,8500782308606723157,p1,A,0.04066760486388555,0.024520893653962594
h00,8500782308606723157,p1,B,0.30933329724961256,0.4031018185882933
h00,8500782308606723157,p1,C,1.4377502474747474,2.0717765025252524
h00,8500782308606723157,p2,A,0.06948188368551093,0.04907815721698016
h00,8500782308606723157,p2,B,0.2616653962070096,0.37029658582392516
h00,8500782308606723157,p2,C,0.9838087966101695,1.7184293220338984
h00,8500782308606723157,p3,A,0.07617018336581291,0.05466916433460678
h00,8500782308606723157,p3,B,0.2603649072165912,0.36756115285530466
h00,8500782308606723157,p3,C,0.8340664450651768,1.714888407821229
h00,8508939634912935656,p1,A,0.039497625388156495,0.02411415025894934
h00,8508939634912935656,p1,B,0.3339862630735634,0.4123120594026687
h00,8508939634912935656,p1,C,1.204175496062992,1.8194772047244097
h00,8508939634912935656,p2,A,0.07039261435269015,0.04883762837065656
h00,8508939634912935656,p2,B,0.26552314806732397,0.36764921279994445
h00,8508939634912935656,p2,C,1.1152843864942528,1.726095804597701
h00,8508939634912935656,p3,A,0.0759938707788659,0.05379664528012968
h00,8508939634912935656,p3,B,0.24827488775930348,0.36832980163211243
h00,8508939634912935656,p3,C,0.9596812064102563,1.757562641025641
h00,8523785738886911657,p1,A,0.039771152564015665,0.024266273149547792
h00,8523785738886911657,p1,B,0.31646875057569746,0.40642726260356543
h00,8523785738886911657,p1,C,1.6162654018087854,2.067502609819121
h00,8523785738886911657,p2,A,0.0704499190487675,0.04882738068616392
h00,8523785738886911657,p2,B,0.2667163754973977,0.3646126794585783
h00,8523785738886911657,p2,C,0.932657781512605,1.5917659663865547
h00,8523785738886911657,p3,A,0.07633193197563526,0.0542964298756756
h00,8523785738886911657,p3,B,0.2518720776046748,0.3686450937027996
h00,8523785738886911657,p3,C,0.9706462386666667,1.7310036533333335
h00,8552931170002909542,p1,A,0.03949725109928581,0.022371006461325487
h00,8552931170002909542,p1,B,0.31986488884663816,0.4141044175390198
h00,8552931170002909542,p1,C,1.6436490714285714,2.251241127819549
h00,8552931170002909542,p2,A,0.06743412540385164,0.04688962221291634
h00,8552931170002909542,p2,B,0.2558667271324936,0.36658049042666524
h00,8552931170002909542,p2,C,1.0092422142857143,1.8513488
h00,8552931170002909542,p3,A,0.07371424682068997,0.05310309039612494
h00,8552931170002909542,p3,B,0.24320174902863775,0.36958959119374085
h00,8552931170002909542,p3,C,0.9671655518867924,1.5461715251572328
h00,8554301335803309257,p1,A,0.04063406296855013,0.025030052322390275
h00,8554301335803309257,p1,B,0.28490112016302016,0.39692820301110304
h00,8554301335803309257,p1,C,1.4952207086956522,1.9133914492753623
h00,8554301335803309257,p2,A,0.06957792401471348,0.04870544167104392
h00,8554301335803309257,p2,B,0.26068482377020624,0.36760988716593196
h00,8554301335803309257,p2,C,1.14641275,1.855220893719807
h00,8554301335803309257,p3,A,0.07640088309487006,0.05426700700729998
h00,8554301335803309257,p3,B,0.25453581667791814,0.3674468742801914
h00,8554301335803309257,p3,C,1.2236375839416058,1.8224572506082726
h00,8560776890993356324,p1,A,0.04021058034870282,0.024413278356002745
h00,8560776890993356324,p1,B,0.30910524918916704,0.39717779765586647
h00,8560776890993356324,p1,C,1.2883189010416667,1.8424429166666667
h00,8560776890993356324,p2,A,0.06810965816780279,0.04818645944243706
h00,8560776890993356324,p2,B,0.25660113902685616,0.3698316296545907
h00,8560776890993356324,p2,C,1.029616958041958,1.8529381118881119
h00,8560776890993356324,p3,A,0.07413251065550006,0.05338900846359778
h00,8560776890993356324,p3,B,0.2548609594912265,0.36780046218897955
h00,8560776890993356324,p3,C,0.8570560399449035,1.6919481818181819
h00,8564784666695813541,p1,A,0.04061651346070258,0.024242733432818898
h00,8564784666695813541,p1,B,0.32468424827811077,0.4100655531314136
h00,8564784666695813541,p1,C,1.4010775961538462,1.9508105384615384
h00,8564784666695813541,p2,A,0.0710753765923675,0.04853502148244577
h00,8564784666695813541,p2,B,0.2524643688104058,0.36730475263988455
h00,8564784666695813541,p2,C,0.835324030952381,1.6146885714285715
h00,8564784666695813541,p3,A,0.07590892813908212,0.054309707283574704
h00,8564784666695813541,p3,B,0.25159088623837084,0.3727591174888701
h00,8564784666695813541,p3,C,0.938967025925926,1.5523814814814814
h00,8567655874984429224,p1,A,0.039026807473709534,0.024228534054391765
h00,8567655874984429224,p1,B,0.3023313148675076,0.4008390437999087
h00,8567655874984429224,p1,C,1.3235790869565216,2.0644898405797103
h00,8567655874984429224,p2,A,0.0664853095590676,0.04627741455254935
h00,8567655874984429224,p2,B,0.26218760149743187,0.3614795516302437
h00,8567655874984429224,p2,C,1.1642259373333335,1.88093488
h00,8567655874984429224,p3,A,0.07340247327702376,0.052515270519794675
h00,8567655874984429224,p3,B,0.2532213310722084,0.36773081553988873
h00,8567655874984429224,p3,C,0.8466785327380952,1.6714016964285714
h00,8570553499106319936,p1,A,0.04019412034404987,0.024706931158601644
h00,8570553499106319936,p1,B,0.3034227982153642,0.4096757937628122
h00,8570553499106319936,p1,C,1.397970355324074,2.0348506134259257
h00,8570553499106319936,p2,A,0.06824072606416022,0.048259869706343515
h00,8570553499106319936,p2,B,0.258443299741787,0.37125985564645414
h00,8570553499106319936,p2,C,1.1519318333333335,1.9396631467661694
h00,8570553499106319936,p3,A,0.0759244245540132,0.05451957749670404
h00,8570553499106319936,p3,B,0.2558799620198782,0.3700572811644888
h00,8570553499106319936,p3,C,0.7923459947013488,1.7398642148362236
h00,8586589245206037151,p1,A,0.03974238554542287,0.023838227548411257
h00,8586589245206037151,p1,B,0.2968286940605766,0.3972816810560415
h00,8586589245206037151,p1,C,1.3644454019607843,1.9084066666666668
h00,8586589245206037151,p2,A,0.06813444703447011,0.047159478581739
h00,8586589245206037151,p2,B,0.2630623353549822,0.3648964441479704
h00,8586589245206037151,p2,C,0.9790061963824289,1.6661799741602068
h00,8586589245206037151,p3,A,0.0756565911668137,0.05505843455748999
h00,8586589245206037151,p3,B,0.24798377426931556,0.3672318028937312
h00,8586589245206037151,p3,C,0.8711755526881719,1.6385605913978494
h00,8588449633077665015,p1,A,0.040239298967292385,0.02439704762894596
h00,8588449633077665015,p1,B,0.30287500067740897,0.3962329634984768
h00,8588449633077665015,p1,C,1.5268333926767677,2.1543555808080805
h00,8588449633077665015,p2,A,0.06932502951845464,0.04789537156868574
h00,8588449633077665015,p2,B,0.2648916067711,0.3746556173793677
h00,8588449633077665015,p2,C,0.9441418373655914,1.5426160349462366
h00,8588449633077665015,p3,A,0.07519900820476084,0.05267303257506418
h00,8588449633077665015,p3,B,0.25203362645382116,0.3705827934015569
h00,8588449633077665015,p3,C,0.8034619549319728,1.7537532653061223
h00,8609678236052231559,p1,A,0.040076896726255064,0.02437571536238154
h00,8609678236052231559,p1,B,0.30447004065701194,0.4072091868082147
h00,8609678236052231559,p1,C,1.2973428838797816,1.888631038251366
h00,8609678236052231559,p2,A,0.06952632501366066,0.047891958300774334
h00,8609678236052231559,p2,B,0.2579501960444603,0.36887718269219427
h00,8609678236052231559,p2,C,0.9659141206896552,1.7504263103448277
h00,8609678236052231559,p3,A,0.07589015636319309,0.05378937542193873
h00,8609678236052231559,p3,B,0.25133187653327776,0.3657466687418462
h00,8609678236052231559,p3,C,0.8702864364640884,1.7665287292817677
h00,8618909334375501049,p1,A,0.0404938664743081,0.024759935930886684
h00,8618909334375501049,p1,B,0.321764317334129,0.4062001617249806
h00,8618909334375501049,p1,C,1.1927010959595958,1.8933055555555556
h00,8618909334375501049,p2,A,0.06728238268441214,0.046920348401343036
h00,8618909334375501049,p2,B,0.2555212483946571,0.3639142538618454
h00,8618909334375501049,p2,C,1.0264170516934046,1.9045722459893049
h00,8618909334375501049,p3,A,0.07605395500876132,0.05430176384383113
h00,8618909334375501049,p3,B,0.2501073274989234,0.369793325171016
h00,8618909334375501049,p3,C,0.8197275300546448,1.78885087431694
h00,863818492425618087,p1,A,0.04027192434195061,0.024373487405128895
h00,863818492425618087,p1,B,0.31056212372559566,0.40450790970470324
h00,863818492425618087,p1,C,1.2899172247474746,1.9333373106060605
h00,863818492425618087,p2,A,0.0705150382710917,0.049116145374306
h00,863818492425618087,p2,B,0.2481924960044452,0.3659869006879218
h00,863818492425618087,p2,C,1.058875167832168,1.6303193356643355
h00,863818492425618087,p3,A,0.07762415600384409,0.05496151105914328
h00,863818492425618087,p3,B,0.25945881364283885,0.3687024808676592
h00,863818492425618087,p3,C,0.7844293147208122,1.7507360575296107
h00,8701012430488510716,p1,A,0.039654106433383345,0.02403243927025864
h00,8701012430488510716,p1,B,0.2961014983298595,0.3975892788497111
h00,8701012430488510716,p1,C,1.230122941834452,1.9675496085011186
h00,8701012430488510716,p2,A,0.07010750609547198,0.04870667329442249
h00,8701012430488510716,p2,B,0.2523326963140206,0.36783577418217583
h00,8701012430488510716,p2,C,1.181449203539823,1.8018951327433628
h00,8701012430488510716,p3,A,0.07758243587209412,0.05630619664907322
h00,8701012430488510716,p3,B,0.2543000725050615,0.36835228122401514
h00,8701012430488510716,p3,C,0.9281099241293532,1.7487248880597015
h00,8704777689146286217,p1,A,0.04059434875508064,0.024141131174636156
h00,8704777689146286217,p1,B,0.30925178206667336,0.3980426237341772
h00,8704777689146286217,p1,C,1.5383191411290322,2.2520889919354836
h00,8704777689146286217,p2,A,0.07192876824779518,0.050689246327225795
h00,8704777689146286217,p2,B,0.2543146134541155,0.36441477490040114
h00,8704777689146286217,p2,C,1.0208508304347825,1.7669392173913046
h00,8704777689146286217,p3,A,0.07664909823843434,0.05500171590663485
h00,8704777689146286217,p3,B,0.2469764840326413,0.3702952970047022
h00,8704777689146286217,p3,C,1.0311243078231294,1.632156768707483
h00,8735585828959391809,p1,A,0.040585030805014875,0.025334449546575193
h00,8735585828959391809,p1,B,0.3066215120962485,0.397241423399661
h00,8735585828959391809,p1,C,1.3423930378250593,1.981238439716312
h00,8735585828959391809,p2,A,0.06985108072305753,0.04975814151547359
h00,8735585828959391809,p2,B,0.25945311195607373,0.36611648641287775
h00,8735585828959391809,p2,C,0.871587649691358,1.8568737808641975
h00,8735585828959391809,p3,A,0.07527473749207753,0.05490984491548908
h00,8735585828959391809,p3,B,0.25013171417591,0.3676966772990675
h00,8735585828959391809,p3,C,1.0273270319999999,1.6480279599999998
h00,8762662111126417730,p1,A,0.040277740257649276,0.02424693331759385
h00,8762662111126417730,p1,B,0.29985439698236793,0.3965183201350876
h00,8762662111126417730,p1,C,1.526537731707317,2.076210853658537
h00,8762662111126417730,p2,A,0.06882437225498596,0.04925292044355434
h00,8762662111126417730,p2,B,0.24452725087595165,0.3610218690293816
h00,8762662111126417730,p2,C,1.079491899122807,1.7188119590643274
h00,8762662111126417730,p3,A,0.07480327676506089,0.05519994658813842
h00,8762662111126417730,p3,B,0.2513583554281579,0.37172949643372405
h00,8762662111126417730,p3,C,0.9286212817745804,1.5936223741007194
h00,876485116545318603,p1,A,0.039870676984158034,0.023853992075436894
h00,876485116545318603,p1,B,0.31607406528983967,0.4053560841382714
h00,876485116545318603,p1,C,1.4240208226950355,1.996024657210402
h00,876485116545318603,p2,A,0.06648040317979799,0.04595047600298931
h00,876485116545318603,p2,B,0.2604091290632688,0.36904082117924686
h00,876485116545318603,p2,C,0.9526919330601092,1.6498802049180328
h00,876485116545318603,p3,A,0.0756734550723703,0.05346902492306506
h00,876485116545318603,p3,B,0.248509649751172,0.3639036760577844
h00,876485116545318603,p3,C,0.7994157608225109,1.5980594372294372
h00,8805579582604427677,p1,A,0.039712510843021985,0.024089311163027892
h00,8805579582604427677,p1,B,0.3229582815089672,0.4018011572466756
h00,8805579582604427677,p1,C,1.2027080283687943,1.8040893262411348
h00,8805579582604427677,p2,A,0.06937594776135131,0.04853067571455277
h00,8805579582604427677,p2,B,0.2561542918705229,0.3664902069701106
h00,8805579582604427677,p2,C,1.129225496350365,1.8996453649635037
h00,8805579582604427677,p3,A,0.07645278174033708,0.054718007415690426
h00,8805579582604427677,p3,B,0.25790401464644486,0.3710065582614508
h00,8805579582604427677,p3,C,0.8466462067039106,1.674387355679702
h00,8808334681185287544,p1,A,0.040242693906373486,0.024406284460726697
h00,8808334681185287544,p1,B,0.2972877059079008,0.4059975695512563
h00,8808334681185287544,p1,C,1.2661266286764705,1.9199604044117649
h00,8808334681185287544,p2,A,0.06798388733201238,0.04822370139475402
h00,8808334681185287544,p2,B,0.26064509831677596,0.3639505521116746
h00,8808334681185287544,p2,C,0.9681736461538462,1.6186910384615385
h00,8808334681185287544,p3,A,0.07559676919529035,0.05405483172993743
h00,8808334681185287544,p3,B,0.2497880948159727,0.3651989518703239
h00,8808334681185287544,p3,C,0.8382541858974359,1.8261944871794873
h00,8825972710391913049,p1,A,0.0397736611669234,0.023886511873366163
h00,8825972710391913049,p1,B,0.3214528558229907,0.4045244242041292
h00,8825972710391913049,p1,C,1.2965934389269407,1.937978424657534
h00,8825972710391913049,p2,A,0.07008560708602733,0.050102342972991896
h00,8825972710391913049,p2,B,0.24999562858359337,0.36338581930894664
h00,8825972710391913049,p2,C,0.8584242626582278,1.719504841772152
h00,8825972710391913049,p3,A,0.07513521557675358,0.05399946835829504
h00,8825972710391913049,p3,B,0.2464817132206866,0.36742440658780523
h00,8825972710391913049,p3,C,0.8082325639412997,1.622058637316562
h00,8828759419088930041,p1,A,0.040011039162885335,0.023762973130799243
h00,8828759419088930041,p1,B,0.308408780026455,0.39925661155887476
h00,8828759419088930041,p1,C,1.318347212121212,1.9048656060606062
h00,8828759419088930041,p2,A,0.06744548654854576,0.048410035627213105
h00,8828759419088930041,p2,B,0.27285280716199295,0.3750317181110926
h00,8828759419088930041,p2,C,0.9606081107456139,1.6591259649122807
h00,8828759419088930041,p3,A,0.07615698964203049,0.05428788359383979
h00,8828759419088930041,p3,B,0.2643258742612533,0.37031144305098096
h00,8828759419088930041,p3,C,0.9284502098321342,1.7281552637889688
h00,885482525036881327,p1,A,0.040764477101279034,0.024962772985040498
h00,885482525036881327,p1,B,0.30403188506955625,0.4040022575718818
h00,885482525036881327,p1,C,1.5528120950617286,2.117602185185185
h00,885482525036881327,p2,A,0.06958322066851803,0.047976011310256035
h00,885482525036881327,p2,B,0.25684948724209855,0.3667258437327179
h00,885482525036881327,p2,C,1.1458262227272729,1.6554387727272728
h00,885482525036881327,p3,A,0.07913615438260461,0.05601613246357945
h00,885482525036881327,p3,B,0.2509450183658434,0.36744859853162015
h00,885482525036881327,p3,C,0.8535563702594811,1.7437158183632733
h00,8881322863864966793,p1,A,0.039594587675939236,0.023948408704902755
h00,8881322863864966793,p1,B,0.29779778451726396,0.4008323952863689
h00,8881322863864966793,p1,C,1.4585309720394737,2.128901787280702
h00,8881322863864966793,p2,A,0.07069196619850347,0.050256217084119904
h00,8881322863864966793,p2,B,0.24504658139916982,0.372681943642542
h00,8881322863864966793,p2,C,1.014863371681416,1.6951808849557521
h00,8881322863864966793,p3,A,0.07636296010663245,0.054580718914752295
h00,8881322863864966793,p3,B,0.249786316269444,0.3682377927782238
h00,8881322863864966793,p3,C,0.8374655121212122,1.5855213636363636
h00,8898323182163987376,p1,A,0.040096193981211004,0.024332613374450446
h00,8898323182163987376,p1,B,0.33342240336653706,0.40717023811872366
h00,8898323182163987376,p1,C,1.2957013550724636,1.8778531449275362
h00,8898323182163987376,p2,A,0.067900830978672,0.04734836866047262
h00,8898323182163987376,p2,B,0.2590626134945985,0.36709709420678754
h00,8898323182163987376,p2,C,0.9812702994987469,1.6263622807017544
h00,8898323182163987376,p3,A,0.07603138599289408,0.0548318925181224
h00,8898323182163987376,p3,B,0.2529176110898861,0.3670217437637447
h00,8898323182163987376,p3,C,0.9234623953488372,1.7042693023255815
h00,892201126536219185,p1,A,0.040481990545692736,0.024247274404433927
h00,892201126536219185,p1,B,0.3251541355654854,0.40849280267036414
h00,892201126536219185,p1,C,1.5021337676767677,2.076604987373737
h00,892201126536219185,p2,A,0.06906939587065669,0.047440172718675074
h00,892201126536219185,p2,B,0.2680817269558886,0.371247364739441
h00,892201126536219185,p2,C,0.9992671506410256,1.9233509401709403
h00,892201126536219185,p3,A,0.07656924304447116,0.053392324893802856
h00,892201126536219185,p3,B,0.25539556692745424,0.36812918354861457
h00,892201126536219185,p3,C,0.8718398625954199,1.6221282061068703
h00,892849211236969083,p1,A,0.040813504956106535,0.024497148919238394
h00,892849211236969083,p1,B,0.3033921697767653,0.4009552358816709
h00,892849211236969083,p1,C,1.386235193430657,1.8126326520681264
h00,892849211236969083,p2,A,0.06922894128633056,0.04747942611406439
h00,892849211236969083,p2,B,0.26595136289282695,0.3730078898982109
h00,892849211236969083,p2,C,1.0677116366120218,1.6740753415300547
h00,892849211236969083,p3,A,0.07575633881570588,0.054095459329386884
h00,892849211236969083,p3,B,0.25751207615848415,0.366432386167061
h00,892849211236969083,p3,C,0.9872011606606607,1.6874661111111111
h00,8937232098722504595,p1,A,0.040224379484553464,0.0250830579952423
h00,8937232098722504595,p1,B,0.31257604789145854,0.3975653318541829
h00,8937232098722504595,p1,C,1.260871207070707,1.8358065909090908
h00,8937232098722504595,p2,A,0.0686456314525154,0.04790768724920666
h00,8937232098722504595,p2,B,0.26174740217638137,0.3681984776279325
h00,8937232098722504595,p2,C,0.8756945262626263,1.6503004747474748
h00,8937232098722504595,p3,A,0.07591324786555922,0.0549565204500686
h00,8937232098722504595,p3,B,0.2597206314515119,0.3677554730112062
h00,8937232098722504595,p3,C,0.8073699849340865,1.670484077212806
h00,8961844850661227179,p1,A,0.04030993133653962,0.02461230518040265
h00,8961844850661227179,p1,B,0.30625704462173176,0.40417122505716274
h00,8961844850661227179,p1,C,1.334989690821256,1.8163836352657006
h00,8961844850661227179,p2,A,0.06967866709109387,0.04875392731874523
h00,8961844850661227179,p2,B,0.2534117742310599,0.3717558831456763
h00,8961844850661227179,p2,C,1.2013145330578512,2.0057212396694215
h00,8961844850661227179,p3,A,0.07534358404114952,0.05578754811154339
h00,8961844850661227179,p3,B,0.24657308648190232,0.3663834843745013
h00,8961844850661227179,p3,C,0.8958240081967214,1.541724180327869
h00,8969014853050447058,p1,A,0.040706559577483384,0.02442422001129158
h00,8969014853050447058,p1,B,0.3305775037292846,0.40914958413416946
h00,8969014853050447058,p1,C,1.599498794871795,2.122943974358974
h00,8969014853050447058,p2,A,0.06939304783973381,0.047752459219138135
h00,8969014853050447058,p2,B,0.2669786509830648,0.3723915571192155
h00,8969014853050447058,p2,C,1.0490426910569106,1.7664647967479674
h00,8969014853050447058,p3,A,0.07750632649060311,0.05498318268238644
h00,8969014853050447058,p3,B,0.26244109660540343,0.37390543234677226
h00,8969014853050447058,p3,C,0.9122013757961784,1.7774015286624203
h00,8970040591604040971,p1,A,0.04032732204926133,0.02474130971265608
h00,8970040591604040971,p1,B,0.30420614586167805,0.4044266389201091
h00,8970040591604040971,p1,C,1.364983708029197,1.8981482116788322
h00,8970040591604040971,p2,A,0.07176452694255532,0.051366609469702756
h00,8970040591604040971,p2,B,0.2603224354135926,0.3705290521795437
h00,8970040591604040971,p2,C,1.0719900907960198,1.7237673134328357
h00,8970040591604040971,p3,A,0.07716599630007037,0.05564273972731549
h00,8970040591604040971,p3,B,0.25365717524483544,0.372044323177363
h00,8970040591604040971,p3,C,0.8450319955555556,1.6309763
h00,8977154241724772450,p1,A,0.0397762906922188,0.023980143740898834
h00,8977154241724772450,p1,B,0.31219188441694,0.40453691063475494
h00,8977154241724772450,p1,C,1.4172726,2.063054253968254
h00,8977154241724772450,p2,A,0.07128546712866317,0.048106674378716005
h00,8977154241724772450,p2,B,0.26030080905706965,0.36701989973116267
h00,8977154241724772450,p2,C,0.9484766727493917,1.7457605839416057
h00,8977154241724772450,p3,A,0.07682517877084592,0.05394297062065552
h00,8977154241724772450,p3,B,0.2524854410564636,0.37120309534706475
h00,8977154241724772450,p3,C,1.002314531446541,1.6834102096436057
h00,8981014070999155818,p1,A,0.04025018116047584,0.023795440704225023
h00,8981014070999155818,p1,B,0.31260787797940875,0.40115204579164493
h00,8981014070999155818,p1,C,1.3428508474462366,1.8647517809139784
h00,8981014070999155818,p2,A,0.06789755465986329,0.04729198085124424
h00,8981014070999155818,p2,B,0.24888432651029496,0.36790135851562655
h00,8981014070999155818,p2,C,0.8573637134703196,1.607505296803653
h00,8981014070999155818,p3,A,0.07716377142511045,0.054531189003971706
h00,8981014070999155818,p3,B,0.25396996091548657,0.3678429729323574
h00,8981014070999155818,p3,C,0.8831640365853658,1.6195423577235772
h00,8987739109041825911,p1,A,0.04004135716669265,0.024049882632101727
h00,8987739109041825911,p1,B,0.3256919438471439,0.4036289362777613
h00,8987739109041825911,p1,C,1.3727079375,2.3314311328125
h00,8987739109041825911,p2,A,0.0687952091288339,0.04726630320878752
h00,8987739109041825911,p2,B,0.25536482282895934,0.36723114574892163
h00,8987739109041825911,p2,C,1.0022386976744186,1.7313931782945735
h00,8987739109041825911,p3,A,0.07751796997570237,0.05502634876922365
h00,8987739109041825911,p3,B,0.2580807637296419,0.3721362033439501
h00,8987739109041825911,p3,C,0.8705807512437811,1.752266131840796
h00,8988768191470560045,p1,A,0.040138113162690815,0.0240063462372627
h00,8988768191470560045,p1,B,0.31975129396717844,0.4150961856732065
h00,8988768191470560045,p1,C,1.2827920222222222,1.7805540833333333
h00,8988768191470560045,p2,A,0.06823163144143786,0.04684838445868924
h00,8988768191470560045,p2,B,0.25310819045713984,0.3642338511694823
h00,8988768191470560045,p2,C,0.9157482200736649,1.8810129189686926
h00,8988768191470560045,p3,A,0.07402181507543615,0.054089345335076894
h00,8988768191470560045,p3,B,0.25148609435952973,0.3720387253747489
h00,8988768191470560045,p3,C,0.8468470575980392,1.652538774509804
h00,9045931849552291715,p1,A,0.03998416377197133,0.023854938592696637
h00,9045931849552291715,p1,B,0.3077555391588603,0.4067376569574551
h00,9045931849552291715,p1,C,1.2661255894308945,1.896837398373984
h00,9045931849552291715,p2,A,0.06823721364003102,0.04692062375557588
h00,9045931849552291715,p2,B,0.24980223656486042,0.36462419274094976
h00,9045931849552291715,p2,C,1.021373254237288,1.7257336299435029
h00,9045931849552291715,p3,A,0.07525162266088775,0.05254949095482469
h00,9045931849552291715,p3,B,0.25092957833247653,0.3709917892686977
h00,9045931849552291715,p3,C,0.7615991646706587,1.6000084431137724
h00,9046417628191875030,p1,A,0.040828150854421846,0.02440633579149581
h00,9046417628191875030,p1,B,0.32012982145599733,0.40213501056133644
h00,9046417628191875030,p1,C,1.4145924302832242,2.1095614270152505
h00,9046417628191875030,p2,A,0.07011513346125867,0.04910297218289946
h00,9046417628191875030,p2,B,0.24870532521294608,0.3690018696261463
h00,9046417628191875030,p2,C,1.043710056910569,1.6830437398373983
h00,9046417628191875030,p3,A,0.07526548712371575,0.052904251802187816
h00,9046417628191875030,p3,B,0.24620845500874897,0.36567036730854946
h00,9046417628191875030,p3,C,0.9669771605392157,1.6919695159313726
h00,9063079763754185006,p1,A,0.04050948236075202,0.024150346476556946
h00,9063079763754185006,p1,B,0.3167256171290897,0.41048631906462585
h00,9063079763754185006,p1,C,1.210251472,1.7412057466666668
h00,9063079763754185006,p2,A,0.06859714574922068,0.04662505012630588
h00,9063079763754185006,p2,B,0.2555906938598313,0.3723173309212165
h00,9063079763754185006,p2,C,0.9315810838509316,1.779544409937888
h00,9063079763754185006,p3,A,0.07689067358017229,0.055206869086971685
h00,9063079763754185006,p3,B,0.2552076523904404,0.37018706640948773
h00,9063079763754185006,p3,C,0.9982011284403669,1.7928883486238532
h00,9084112811632084047,p1,A,0.04012847389304521,0.02456733005736684
h00,9084112811632084047,p1,B,0.31007446603634947,0.3988237279353571
h00,9084112811632084047,p1,C,1.2475274840686275,1.8095588602941177
h00,9084112811632084047,p2,A,0.06796016710693939,0.047088898671798815
h00,9084112811632084047,p2,B,0.25551666181167026,0.36439636206386744
h00,9084112811632084047,p2,C,1.2131100240112995,1.9315364830508475
h00,9084112811632084047,p3,A,0.0759570094582198,0.053685038018313154
h00,9084112811632084047,p3,B,0.25608375481916973,0.3702785021478996
h00,9084112811632084047,p3,C,0.9507934190476189,1.6251923333333333
h00,9113704351732084032,p1,A,0.04044491997891551,0.024223085591316758
h00,9113704351732084032,p1,B,0.3086054182791229,0.4106020597760335
h00,9113704351732084032,p1,C,1.3541375350877194,1.9944690789473685
h00,9113704351732084032,p2,A,0.0704122884801291,0.04923542673049855
h00,9113704351732084032,p2,B,0.2645377027417576,0.37046444397920875
h00,9113704351732084032,p2,C,0.9282212638888888,1.5843637037037037
h00,9113704351732084032,p3,A,0.07328674769283824,0.053041644333301254
h00,9113704351732084032,p3,B,0.24620528542938191,0.36869056754090385
h00,9113704351732084032,p3,C,0.8237982265625,1.529855390625
h00,9120897301394250832,p1,A,0.04030303362349061,0.024698898947098875
h00,9120897301394250832,p1,B,0.2988609388637323,0.3980691157521018
h00,9120897301394250832,p1,C,1.4611163805774279,2.1085019291338583
h00,9120897301394250832,p2,A,0.06811126056009374,0.04768107031585432
h00,9120897301394250832,p2,B,0.2605357061843661,0.3693172834506244
h00,9120897301394250832,p2,C,0.9183386206467662,1.6943919527363183
h00,9120897301394250832,p3,A,0.07489926708716123,0.05336834435423682
h00,9120897301394250832,p3,B,0.26408086724015,0.36844067979392453
h00,9120897301394250832,p3,C,0.8711404571596244,1.7223789377934273
h00,9131753557599879226,p1,A,0.040556999296251006,0.02412655392853239
h00,9131753557599879226,p1,B,0.30867510398376774,0.4042985551750604
h00,9131753557599879226,p1,C,1.3935781082089551,1.831520708955224
h00,9131753557599879226,p2,A,0.06897466544559115,0.04710516647147785
h00,9131753557599879226,p2,B,0.25167349791735655,0.36888279561375015
h00,9131753557599879226,p2,C,0.8992657399999999,1.6983442444444443
h00,9131753557599879226,p3,A,0.07594309826361889,0.055542135799217185
h00,9131753557599879226,p3,B,0.2502760324174291,0.37042136686994287
h00,9131753557599879226,p3,C,1.0770055042735043,1.717354131054131
h00,913400200492355452,p1,A,0.04046368769101002,0.02453202038099706
h00,913400200492355452,p1,B,0.32749506027135616,0.40013529372488965
h00,913400200492355452,p1,C,1.2705942319347319,1.9699051631701632
h00,913400200492355452,p2,A,0.06769075572191206,0.04749706276774488
h00,913400200492355452,p2,B,0.25420752870147273,0.36545239365066357
h00,913400200492355452,p2,C,1.0808609227642276,1.7438508536585364
h00,913400200492355452,p3,A,0.07589089356913226,0.055011250113923854
h00,913400200492355452,p3,B,0.25072194543674314,0.3645153361925324
h00,913400200492355452,p3,C,1.047081884180791,1.7911718785310735
h00,9147380939632197605,p1,A,0.04023058894665459,0.024786571504675007
h00,9147380939632197605,p1,B,0.3072953208455428,0.40439371572517463
h00,9147380939632197605,p1,C,1.3291597849872774,1.9068575572519084
h00,9147380939632197605,p2,A,0.06767187815175323,0.04808676874652342
h00,9147380939632197605,p2,B,0.2513318545994344,0.36938659189170336
h00,9147380939632197605,p2,C,0.9240213050847458,1.652866525423729
h00,9147380939632197605,p3,A,0.07617502929827089,0.054614631816713013
h00,9147380939632197605,p3,B,0.24812595754213246,0.3671993750511485
h00,9147380939632197605,p3,C,0.8707281025641025,1.7433071561771563
h00,9160051777519494854,p1,A,0.040434704399564626,0.024542416587682442
h00,9160051777519494854,p1,B,0.3177248351764309,0.4056769138170579
h00,9160051777519494854,p1,C,1.2882940362318842,1.8747061352657006
h00,9160051777519494854,p2,A,0.06787586880638635,0.04691965566298777
h00,9160051777519494854,p2,B,0.25974784150442437,0.36650103448587984
h00,9160051777519494854,p2,C,0.99376116796875,1.6187548828125
h00,9160051777519494854,p3,A,0.07551851781298187,0.05491973250189352
h00,9160051777519494854,p3,B,0.2515197504074355,0.3652961570057551
h00,9160051777519494854,p3,C,0.8923935340038315,1.7985540996168583
h00,916465942571193031,p1,A,0.04092594479420296,0.024703883662770675
h00,916465942571193031,p1,B,0.31048319131429886,0.4025032706069288
h00,916465942571193031,p1,C,1.3598563757062148,1.9614629519774012
h00,916465942571193031,p2,A,0.06707795992658949,0.04673538296665159
h00,916465942571193031,p2,B,0.2562408603477765,0.3744354668615449
h00,916465942571193031,p2,C,0.9836415493589744,1.749867730769231
h00,916465942571193031,p3,A,0.08012900258804401,0.05708252763567233
h00,916465942571193031,p3,B,0.24676761361521582,0.36986952904889053
h00,916465942571193031,p3,C,0.8924152732240437,1.5717388797814207
h00,9169805848763918647,p1,A,0.04044404313565813,0.02463984835717367
h00,9169805848763918647,p1,B,0.30177196429727016,0.3994971434959747
h00,9169805848763918647,p1,C,1.3892749652173912,1.9321274782608695
h00,9169805848763918647,p2,A,0.06975302714157952,0.048483033204181084
h00,9169805848763918647,p2,B,0.26448145029282455,0.36785637778958297
h00,9169805848763918647,p2,C,0.9759005986842105,1.6384264144736842
h00,9169805848763918647,p3,A,0.07840031636500014,0.055861718690252235
h00,9169805848763918647,p3,B,0.25278151216458783,0.3700646459263598
h00,9169805848763918647,p3,C,0.7823756380952381,1.601899738095238
h00,918088812864975177,p1,A,0.040020229208930815,0.024081110435509024
h00,918088812864975177,p1,B,0.3072167642972165,0.4028988215739919
h00,918088812864975177,p1,C,1.3142488193384223,1.923783765903308
h00,918088812864975177,p2,A,0.06906621089680763,0.048906792676129074
h00,918088812864975177,p2,B,0.25446162247072823,0.3679843479835038
h00,918088812864975177,p2,C,1.0643620447761195,1.796698606965174
h00,918088812864975177,p3,A,0.07634114861325728,0.05473521143910894
h00,918088812864975177,p3,B,0.24542084403984818,0.373508471873779
h00,918088812864975177,p3,C,0.937566625,1.738374375
h00,9199449143051999835,p1,A,0.04054390240899822,0.02449319380529521
h00,9199449143051999835,p1,B,0.3104835308035431,0.39617540973065485
h00,9199449143051999835,p1,C,1.2819519078947368,1.9456389327485382
h00,9199449143051999835,p2,A,0.06912324257607794,0.04884455851055764
h00,9199449143051999835,p2,B,0.25178644846668846,0.36993254309275136
h00,9199449143051999835,p2,C,1.0396660977366254,1.8650447839506172
h00,9199449143051999835,p3,A,0.07557893187903958,0.05468034936634993
h00,9199449143051999835,p3,B,0.2547100932485437,0.37003756350125316
h00,9199449143051999835,p3,C,0.9779046356837606,1.655704049145299
h00,9222986121209035511,p1,A,0.040486945456878365,0.02459545773345014
h00,9222986121209035511,p1,B,0.31465770733715337,0.40445891970542713
h00,9222986121209035511,p1,C,1.1386787543859649,1.69190335839599
h00,9222986121209035511,p2,A,0.07179801076921993,0.05129457383924138
h00,9222986121209035511,p2,B,0.25571676056143045,0.3689679807158985
h00,9222986121209035511,p2,C,0.9474784646799116,1.7193337306843268
h00,9222986121209035511,p3,A,0.07528927522283256,0.05446556645661525
h00,9222986121209035511,p3,B,0.24698099404452978,0.3689933468650367
h00,9222986121209035511,p3,C,0.908568510233918,1.6850313011695908
h00,940373528300762006,p1,A,0.03957893874691847,0.023640209979359277
h00,940373528300762006,p1,B,0.31416958605101103,0.4013211936647896
h00,940373528300762006,p1,C,1.5756153666666666,2.0178029166666667
h00,940373528300762006,p2,A,0.06974588522098388,0.049004405877797204
h00,940373528300762006,p2,B,0.2690613684759287,0.36957682566638245
h00,940373528300762006,p2,C,1.1742652070175439,1.9935278596491226
h00,940373528300762006,p3,A,0.07577504148118712,0.0546028825541395
h00,940373528300762006,p3,B,0.26162419306102097,0.3711711704558594
h00,940373528300762006,p3,C,0.85315885,1.5445429615384614
h00,947506197669724471,p1,A,0.04040622201672735,0.024761294461636506
h00,947506197669724471,p1,B,0.29776973448788296,0.3998019285820432
h00,947506197669724471,p1,C,1.2669666718750001,1.955468359375
h00,947506197669724471,p2,A,0.06979178595147827,0.0497766160804828
h00,947506197669724471,p2,B,0.2639833654883377,0.36554509800753593
h00,947506197669724471,p2,C,1.0851707061403508,1.6314043421052633
h00,947506197669724471,p3,A,0.07641356697370205,0.05491489938763271
h00,947506197669724471,p3,B,0.25336104571019663,0.3660865873368349
h00,947506197669724471,p3,C,0.9582431511627907,1.599376046511628
h00,970080044080034050,p1,A,0.039928688750274784,0.02358464802562559
h00,970080044080034050,p1,B,0.30425028772829915,0.40196945728647804
h00,970080044080034050,p1,C,1.8908951732283465,2.592859842519685
h00,970080044080034050,p2,A,0.06850178416079765,0.046609947679226035
h00,970080044080034050,p2,B,0.2535489947248271,0.3667779465133432
h00,970080044080034050,p2,C,0.9202420725806452,1.7192370564516128
h00,970080044080034050,p3,A,0.07736360215690266,0.05474553857533852
h00,970080044080034050,p3,B,0.25098353861988215,0.3674392072642278
h00,970080044080034050,p3,C,0.8290167845528456,1.7399024796747966
h00,973586120252853667,p1,A,0.041807711258151706,0.025107023718811426
h00,973586120252853667,p1,B,0.30978209981541116,0.40859356897036825
h00,973586120252853667,p1,C,1.35505126,1.9364575199999998
h00,973586120252853667,p2,A,0.07076521585031134,0.04861971117083777
h00,973586120252853667,p2,B,0.2586248040619306,0.36717033924615067
h00,973586120252853667,p2,C,1.1026988985507247,1.7644545289855071
h00,973586120252853667,p3,A,0.07516288470458844,0.05361305001303432
h00,973586120252853667,p3,B,0.2500526627576719,0.36664087840935755
h00,973586120252853667,p3,C,0.8387047258064516,1.5960597983870968
h00,983308728926166689,p1,A,0.039878397673120174,0.02378574821183457
h00,983308728926166689,p1,B,0.30492762733493073,0.3964103613113053
h00,983308728926166689,p1,C,1.3762457432795698,1.8406615322580646
h00,983308728926166689,p2,A,0.06725036756120359,0.046894339504856775
h00,983308728926166689,p2,B,0.25965668901768346,0.3759299135953685
h00,983308728926166689,p2,C,1.0188933569739953,1.7685296808510638
h00,983308728926166689,p3,A,0.075043990812327,0.0529215774550087
h00,983308728926166689,p3,B,0.2583932931089656,0.3656142719698965
h00,983308728926166689,p3,C,0.8916430722222223,1.7334145222222224
h00,991512821208445178,p1,A,0.040068793785389356,0.024643840749338227
h00,991512821208445178,p1,B,0.31570028529887173,0.40166378758122395
h00,991512821208445178,p1,C,1.2835083723958334,1.8040475
h00,991512821208445178,p2,A,0.06758897575210066,0.047638813492574664
h00,991512821208445178,p2,B,0.2580566660837574,0.366355950034964
h00,991512821208445178,p2,C,1.204682958677686,1.7890960743801654
h00,991512821208445178,p3,A,0.07436026833439331,0.05512698741255426
h00,991512821208445178,p3,B,0.2498706617311446,0.3666187377491664
h00,991512821208445178,p3,C,1.068849980952381,1.8622483809523809
h00,998901623164914020,p1,A,0.04049173653385245,0.024581839320158345
h00,998901623164914020,p1,B,0.30372437065277375,0.3984812361906385
h00,998901623164914020,p1,C,1.3219248771929826,1.934533471177945
h00,998901623164914020,p2,A,0.06942809835925043,0.04889223900301413
h00,998901623164914020,p2,B,0.2629339674716612,0.3672019119287267
h00,998901623164914020,p2,C,1.4064541981132077,2.00261143081761
h00,998901623164914020,p3,A,0.07745704606320261,0.056570813051558415
h00,998901623164914020,p3,B,0.24623167313698102,0.3677755133429236
h00,998901623164914020,p3,C,1.0312692751937984,1.679685503875969
