hXX,replicate,pop,A_0,A_1,A_2,A_nan,B_0,B_1,B_2,B_nan,C_0,C_1,C_2,C_nan,NONE_0,NONE_1,NONE_2,NONE_nan
h00,1021574717937228960,p1,0,0,500,0,16,33,451,0,366,8,126,0,0,0,500,0
h00,1021574717937228960,p2,0,0,500,0,0,1,499,0,385,9,106,0,0,0,500,0
h00,1021574717937228960,p3,0,0,500,0,0,0,500,0,281,32,187,0,0,0,500,0
h00,1026591750036320836,p1,0,0,500,0,14,52,434,0,359,11,130,0,0,0,500,0
h00,1026591750036320836,p2,0,0,500,0,0,1,499,0,325,4,171,0,0,0,500,0
h00,1026591750036320836,p3,0,0,500,0,0,0,500,0,394,12,94,0,0,0,500,0
h00,103568543989312214,p1,0,0,500,0,19,53,428,0,374,28,98,0,0,0,500,0
h00,103568543989312214,p2,0,0,500,0,0,1,499,0,370,55,75,0,0,0,500,0
h00,103568543989312214,p3,0,0,500,0,0,0,500,0,377,39,84,0,0,0,500,0
h00,1059344429161942577,p1,0,0,500,0,14,36,450,0,362,16,122,0,0,0,500,0
h00,1059344429161942577,p2,0,0,500,0,0,0,500,0,359,7,134,0,0,0,500,0
h00,1059344429161942577,p3,0,0,500,0,0,0,500,0,366,24,110,0,0,0,500,0
h00,1061286463616756465,p1,0,0,500,0,15,56,429,0,356,15,129,0,0,0,500,0
h00,1061286463616756465,p2,0,0,500,0,0,1,499,0,334,20,146,0,0,0,500,0
h00,1061286463616756465,p3,0,0,500,0,0,0,500,0,336,53,111,0,0,0,500,0
h00,1077681494354284445,p1,0,0,500,0,12,46,442,0,393,23,84,0,0,0,500,0
h00,1077681494354284445,p2,0,0,500,0,0,1,499,0,349,63,88,0,0,0,500,0
h00,1077681494354284445,p3,0,0,500,0,0,0,500,0,302,69,129,0,0,0,500,0
h00,1125400568553395400,p1,0,0,500,0,11,44,445,0,367,34,99,0,0,0,500,0
h00,1125400568553395400,p2,0,0,500,0,0,0,500,0,375,33,92,0,0,0,500,0
h00,1125400568553395400,p3,0,0,500,0,0,0,500,0,318,63,119,0,0,0,500,0
h00,1125644244035275340,p1,0,0,500,0,13,47,440,0,369,19,112,0,0,0,500,0
h00,1125644244035275340,p2,0,0,500,0,0,1,499,0,371,17,112,0,0,0,500,0
h00,1125644244035275340,p3,0,0,500,0,0,0,500,0,347,16,137,0,0,0,500,0
h00,1133874929495765677,p1,0,0,500,0,11,41,448,0,390,7,103,0,0,0,500,0
h00,1133874929495765677,p2,0,0,500,0,0,0,500,0,334,9,157,0,0,0,500,0
h00,1133874929495765677,p3,0,0,500,0,0,0,500,0,360,9,131,0,0,0,500,0
h00,1152801672532746091,p1,0,0,500,0,7,55,438,0,357,24,119,0,0,0,500,0
h00,1152801672532746091,p2,0,0,500,0,1,0,499,0,381,33,86,0,0,0,500,0
h00,1152801672532746091,p3,0,0,500,0,0,0,500,0,361,47,92,0,0,0,500,0
h00,1159453151904288212,p1,0,0,500,0,12,44,444,0,376,15,109,0,0,0,500,0
h00,1159453151904288212,p2,0,0,500,0,0,1,499,0,305,10,185,0,0,0,500,0
h00,1159453151904288212,p3,0,0,500,0,0,0,500,0,360,62,78,0,0,0,500,0
h00,1159482635262466889,p1,0,0,500,0,11,44,445,0,376,12,112,0,0,0,500,0
h00,1159482635262466889,p2,0,0,500,0,0,0,500,0,369,6,125,0,0,0,500,0
h00,1159482635262466889,p3,0,0,500,0,0,0,500,0,371,4,125,0,0,0,500,0
h00,1187492628487565367,p1,0,0,500,0,9,47,444,0,368,26,106,0,0,0,500,0
h00,1187492628487565367,p2,0,0,500,0,0,0,500,0,293,117,90,0,0,0,500,0
h00,1187492628487565367,p3,0,0,500,0,0,0,500,0,337,67,96,0,0,0,500,0
h00,1188344642156280027,p1,0,0,500,0,12,42,446,0,384,7,109,0,0,0,500,0
h00,1188344642156280027,p2,0,0,500,0,0,0,500,0,356,14,130,0,0,0,500,0
h00,1188344642156280027,p3,0,0,500,0,0,0,500,0,317,45,138,0,0,0,500,0
h00,1194843192800477130,p1,0,0,500,0,13,46,441,0,366,10,124,0,0,0,500,0
h00,1194843192800477130,p2,0,0,500,0,0,1,499,0,359,11,130,0,0,0,500,0
h00,1194843192800477130,p3,0,0,500,0,0,0,500,0,318,10,172,0,0,0,500,0
h00,1230211016193901463,p1,0,0,500,0,16,52,432,0,381,5,114,0,0,0,500,0
h00,1230211016193901463,p2,0,0,500,0,0,1,499,0,327,21,152,0,0,0,500,0
h00,1230211016193901463,p3,0,0,500,0,0,0,500,0,351,13,136,0,0,0,500,0
h00,1288692866185240971,p1,0,0,500,0,22,41,437,0,361,35,104,0,0,0,500,0
h00,1288692866185240971,p2,0,0,500,0,0,1,499,0,364,54,82,0,0,0,500,0
h00,1288692866185240971,p3,0,0,500,0,0,0,500,0,391,41,68,0,0,0,500,0
h00,131151734433286475,p1,0,0,500,0,26,50,424,0,373,6,121,0,0,0,500,0
h00,131151734433286475,p2,0,0,500,0,0,2,498,0,349,24,127,0,0,0,500,0
h00,131151734433286475,p3,0,0,500,0,0,0,500,0,371,20,109,0,0,0,500,0
h00,1339284857137933822,p1,0,0,500,0,9,61,430,0,379,25,96,0,0,0,500,0
h00,1339284857137933822,p2,0,0,500,0,0,1,499,0,347,73,80,0,0,0,500,0
h00,1339284857137933822,p3,0,0,500,0,0,0,500,0,368,64,68,0,0,0,500,0
h00,1342378077608740105,p1,0,0,500,0,17,41,442,0,392,18,90,0,0,0,500,0
h00,1342378077608740105,p2,0,0,500,0,0,0,500,0,354,68,78,0,0,0,500,0
h00,1342378077608740105,p3,0,0,500,0,0,0,500,0,369,50,81,0,0,0,500,0
h00,1359395911007969527,p1,0,0,500,0,16,39,445,0,378,29,93,0,0,0,500,0
h00,1359395911007969527,p2,0,0,500,0,0,0,500,0,377,53,70,0,0,0,500,0
h00,1359395911007969527,p3,0,0,500,0,0,0,500,0,337,65,98,0,0,0,500,0
h00,1364957052074976682,p1,0,0,500,0,15,42,443,0,345,52,103,0,0,0,500,0
h00,1364957052074976682,p2,0,0,500,0,0,1,499,0,369,56,75,0,0,0,500,0
h00,1364957052074976682,p3,0,0,500,0,0,0,500,0,365,52,83,0,0,0,500,0
h00,1408911269877720474,p1,0,0,500,0,17,44,439,0,390,10,100,0,0,0,500,0
h00,1408911269877720474,p2,0,0,500,0,0,0,500,0,356,5,139,0,0,0,500,0
h00,1408911269877720474,p3,0,0,500,0,0,0,500,0,336,33,131,0,0,0,500,0
h00,1445831990664690369,p1,0,0,500,0,15,42,443,0,388,15,97,0,0,0,500,0
h00,1445831990664690369,p2,0,0,500,0,0,1,499,0,318,81,101,0,0,0,500,0
h00,1445831990664690369,p3,0,0,500,0,0,0,500,0,368,61,71,0,0,0,500,0
h00,1457999149615807420,p1,0,0,500,0,18,39,443,0,379,18,103,0,0,0,500,0
h00,1457999149615807420,p2,0,0,500,0,0,0,500,0,379,4,117,0,0,0,500,0
h00,1457999149615807420,p3,0,0,500,0,0,0,500,0,330,13,157,0,0,0,500,0
h00,1463814346912061226,p1,0,0,500,0,17,52,431,0,377,8,115,0,0,0,500,0
h00,1463814346912061226,p2,0,0,500,0,0,2,498,0,341,9,150,0,0,0,500,0
h00,1463814346912061226,p3,0,0,500,0,0,0,500,0,334,9,157,0,0,0,500,0
h00,1471689743914301753,p1,0,0,500,0,25,43,432,0,366,17,117,0,0,0,500,0
h00,1471689743914301753,p2,0,0,500,0,0,1,499,0,377,6,117,0,0,0,500,0
h00,1471689743914301753,p3,0,0,500,0,0,1,499,0,353,24,123,0,0,0,500,0
h00,1496704753167729159,p1,0,0,500,0,16,55,429,0,373,12,115,0,0,0,500,0
h00,1496704753167729159,p2,0,0,500,0,0,1,499,0,395,6,99,0,0,0,500,0
h00,1496704753167729159,p3,0,0,500,0,0,1,499,0,326,13,161,0,0,0,500,0
h00,1509754406400523100,p1,0,0,500,0,12,38,450,0,372,14,114,0,0,0,500,0
h00,1509754406400523100,p2,0,0,500,0,0,0,500,0,360,10,130,0,0,0,500,0
h00,1509754406400523100,p3,0,0,500,0,0,0,500,0,317,9,174,0,0,0,500,0
h00,1513359600866312384,p1,0,0,500,0,17,40,443,0,382,12,106,0,0,0,500,0
h00,1513359600866312384,p2,0,0,500,0,0,1,499,0,363,9,128,0,0,0,500,0
h00,1513359600866312384,p3,0,0,500,0,0,0,500,0,332,19,149,0,0,0,500,0
h00,1517243854596332318,p1,0,0,500,0,9,63,428,0,361,6,133,0,0,0,500,0
h00,1517243854596332318,p2,0,0,500,0,0,0,500,0,329,21,150,0,0,0,500,0
h00,1517243854596332318,p3,0,0,500,0,0,1,499,0,374,15,111,0,0,0,500,0
h00,155683629558891336,p1,0,0,500,0,6,51,443,0,391,2,107,0,0,0,500,0
h00,155683629558891336,p2,0,0,500,0,0,1,499,0,384,9,107,0,0,0,500,0
h00,155683629558891336,p3,0,0,500,0,0,0,500,0,347,15,138,0,0,0,500,0
h00,1570311740684473341,p1,0,0,500,0,17,40,443,0,354,11,135,0,0,0,500,0
h00,1570311740684473341,p2,0,0,500,0,0,0,500,0,370,10,120,0,0,0,500,0
h00,1570311740684473341,p3,0,0,500,0,0,0,500,0,367,24,109,0,0,0,500,0
h00,1579713873460986888,p1,0,0,500,0,14,36,450,0,379,26,95,0,0,0,500,0
h00,1579713873460986888,p2,0,0,500,0,0,1,499,0,382,48,70,0,0,0,500,0
h00,1579713873460986888,p3,0,0,500,0,0,1,499,0,269,168,63,0,0,0,500,0
h00,1640035823564240350,p1,0,0,500,0,18,45,437,0,351,14,135,0,0,0,500,0
h00,1640035823564240350,p2,0,0,500,0,0,1,499,0,377,12,111,0,0,0,500,0
h00,1640035823564240350,p3,0,0,500,0,0,0,500,0,355,12,133,0,0,0,500,0
h00,1667204476426382146,p1,0,0,500,0,12,59,429,0,386,9,105,0,0,0,500,0
h00,1667204476426382146,p2,0,0,500,0,0,3,497,0,375,10,115,0,0,0,500,0
h00,1667204476426382146,p3,0,0,500,0,0,0,500,0,366,19,115,0,0,0,500,0
h00,1675567405057576839,p1,0,0,500,0,18,50,432,0,394,14,92,0,0,0,500,0
h00,1675567405057576839,p2,0,0,500,0,0,1,499,0,356,6,138,0,0,0,500,0
h00,1675567405057576839,p3,0,0,500,0,0,0,500,0,333,10,157,0,0,0,500,0
h00,1683235848236138391,p1,0,0,500,0,15,49,436,0,399,31,70,0,0,0,500,0
h00,1683235848236138391,p2,0,0,500,0,0,2,498,0,372,47,81,0,0,0,500,0
h00,1683235848236138391,p3,0,0,500,0,0,0,500,0,383,52,65,0,0,0,500,0
h00,1686481830113721127,p1,0,0,500,0,17,49,434,0,354,9,137,0,0,0,500,0
h00,1686481830113721127,p2,0,0,500,0,0,1,499,0,378,10,112,0,0,0,500,0
h00,1686481830113721127,p3,0,0,500,0,0,0,500,0,331,5,164,0,0,0,500,0
h00,1697761245837672091,p1,0,0,500,0,14,46,440,0,358,7,135,0,0,0,500,0
h00,1697761245837672091,p2,0,0,500,0,0,0,500,0,382,10,108,0,0,0,500,0
h00,1697761245837672091,p3,0,0,500,0,0,0,500,0,372,7,121,0,0,0,500,0
h00,1741910082241347924,p1,0,0,500,0,11,43,446,0,361,19,120,0,0,0,500,0
h00,1741910082241347924,p2,0,0,500,0,0,0,500,0,385,17,98,0,0,0,500,0
h00,1741910082241347924,p3,0,0,500,0,0,0,500,0,375,31,94,0,0,0,500,0
h00,1758916382348960481,p1,0,0,500,0,15,48,437,0,360,20,120,0,0,0,500,0
h00,1758916382348960481,p2,0,0,500,0,0,1,499,0,379,16,105,0,0,0,500,0
h00,1758916382348960481,p3,0,0,500,0,0,1,499,0,349,11,140,0,0,0,500,0
h00,1760919415129066732,p1,0,0,500,0,16,34,450,0,387,24,89,0,0,0,500,0
h00,1760919415129066732,p2,0,0,500,0,0,0,500,0,306,116,78,0,0,0,500,0
h00,1760919415129066732,p3,0,0,500,0,0,0,500,0,354,62,84,0,0,0,500,0
h00,1776755804422427172,p1,0,0,500,0,12,56,432,0,381,26,93,0,0,0,500,0
h00,1776755804422427172,p2,0,0,500,0,0,0,500,0,347,53,100,0,0,0,500,0
h00,1776755804422427172,p3,0,0,500,0,0,0,500,0,303,60,137,0,0,0,500,0
h00,1788482744701747849,p1,0,0,500,0,16,44,440,0,380,16,104,0,0,0,500,0
h00,1788482744701747849,p2,0,0,500,0,0,1,499,0,339,45,116,0,0,0,500,0
h00,1788482744701747849,p3,0,0,500,0,0,0,500,0,343,45,112,0,0,0,500,0
h00,1789806920600214380,p1,0,0,500,0,17,53,430,0,386,10,104,0,0,0,500,0
h00,1789806920600214380,p2,0,0,500,0,0,0,500,0,364,3,133,0,0,0,500,0
h00,1789806920600214380,p3,0,0,500,0,0,0,500,0,349,13,138,0,0,0,500,0
h00,1816372852695257818,p1,0,0,500,0,17,50,433,0,381,8,111,0,0,0,500,0
h00,1816372852695257818,p2,0,0,500,0,1,0,499,0,373,17,110,0,0,0,500,0
h00,1816372852695257818,p3,0,0,500,0,0,0,500,0,332,15,153,0,0,0,500,0
h00,1818297040266038161,p1,0,0,500,0,17,48,435,0,363,38,99,0,0,0,500,0
h00,1818297040266038161,p2,0,0,500,0,0,1,499,0,367,57,76,0,0,0,500,0
h00,1818297040266038161,p3,0,0,500,0,0,0,500,0,406,39,55,0,0,0,500,0
h00,1933927514968069182,p1,0,0,500,0,20,47,433,0,387,11,102,0,0,0,500,0
h00,1933927514968069182,p2,0,0,500,0,0,0,500,0,363,15,122,0,0,0,500,0
h00,1933927514968069182,p3,0,0,500,0,0,0,500,0,364,15,121,0,0,0,500,0
h00,197130628104802835,p1,0,0,500,0,11,38,451,0,376,30,94,0,0,0,500,0
h00,197130628104802835,p2,0,0,500,0,0,0,500,0,382,65,53,0,0,0,500,0
h00,197130628104802835,p3,0,0,500,0,0,0,500,0,317,114,69,0,0,0,500,0
h00,2008966820864978262,p1,0,0,500,0,11,61,428,0,367,8,125,0,0,0,500,0
h00,2008966820864978262,p2,0,0,500,0,0,1,499,0,352,24,124,0,0,0,500,0
h00,2008966820864978262,p3,0,0,500,0,0,0,500,0,296,11,193,0,0,0,500,0
h00,2015646299244388232,p1,0,0,500,0,17,44,439,0,366,10,124,0,0,0,500,0
h00,2015646299244388232,p2,0,0,500,0,0,0,500,0,387,10,103,0,0,0,500,0
h00,2015646299244388232,p3,0,0,500,0,0,0,500,0,298,30,172,0,0,0,500,0
h00,2023478822450523661,p1,0,0,500,0,21,59,420,0,371,5,124,0,0,0,500,0
h00,2023478822450523661,p2,0,0,500,0,0,0,500,0,369,5,126,0,0,0,500,0
h00,2023478822450523661,p3,0,0,500,0,1,0,499,0,304,6,190,0,0,0,500,0
h00,2023804910540112922,p1,0,0,500,0,15,50,435,0,361,29,110,0,0,0,500,0
h00,2023804910540112922,p2,0,0,500,0,0,1,499,0,386,31,83,0,0,0,500,0
h00,2023804910540112922,p3,0,0,500,0,0,0,500,0,378,21,101,0,0,0,500,0
h00,2029404602455467623,p1,0,0,500,0,16,47,437,0,374,7,119,0,0,0,500,0
h00,2029404602455467623,p2,0,0,500,0,0,1,499,0,339,92,69,0,0,0,500,0
h00,2029404602455467623,p3,0,0,500,0,0,0,500,0,385,28,87,0,0,0,500,0
h00,2030134370402383281,p1,0,0,500,0,19,57,424,0,365,14,121,0,0,0,500,0
h00,2030134370402383281,p2,0,0,500,0,0,0,500,0,367,5,128,0,0,0,500,0
h00,2030134370402383281,p3,0,0,500,0,0,0,500,0,270,23,207,0,0,0,500,0
h00,2031456289375906414,p1,0,0,500,0,19,44,437,0,359,9,132,0,0,0,500,0
h00,2031456289375906414,p2,0,0,500,0,0,0,500,0,375,34,91,0,0,0,500,0
h00,2031456289375906414,p3,0,0,500,0,0,0,500,0,340,40,120,0,0,0,500,0
h00,2074319997304613406,p1,0,0,500,0,16,61,423,0,344,12,144,0,0,0,500,0
h00,2074319997304613406,p2,0,0,500,0,0,0,500,0,374,5,121,0,0,0,500,0
h00,2074319997304613406,p3,0,0,500,0,0,0,500,0,370,8,122,0,0,0,500,0
h00,20923183537115587,p1,0,0,500,0,13,48,439,0,355,8,137,0,0,0,500,0
h00,20923183537115587,p2,0,0,500,0,0,0,500,0,366,27,107,0,0,0,500,0
h00,20923183537115587,p3,0,0,500,0,0,0,500,0,346,20,134,0,0,0,500,0
h00,2104317743172604597,p1,0,0,500,0,13,39,448,0,351,29,120,0,0,0,500,0
h00,2104317743172604597,p2,0,0,500,0,0,0,500,0,385,27,88,0,0,0,500,0
h00,2104317743172604597,p3,0,0,500,0,0,0,500,0,377,14,109,0,0,0,500,0
h00,2110323454478545514,p1,0,0,500,0,16,48,436,0,377,8,115,0,0,0,500,0
h00,2110323454478545514,p2,0,0,500,0,0,1,499,0,324,9,167,0,0,0,500,0
h00,2110323454478545514,p3,0,0,500,0,0,0,500,0,330,11,159,0,0,0,500,0
h00,2115986567917414732,p1,0,0,500,0,17,46,437,0,372,6,122,0,0,0,500,0
h00,2115986567917414732,p2,0,0,500,0,0,1,499,0,347,8,145,0,0,0,500,0
h00,2115986567917414732,p3,0,0,500,0,0,0,500,0,331,2,167,0,0,0,500,0
h00,215278918430462039,p1,0,0,500,0,16,36,448,0,375,44,81,0,0,0,500,0
h00,215278918430462039,p2,0,0,500,0,0,0,500,0,373,47,80,0,0,0,500,0
h00,215278918430462039,p3,0,0,500,0,0,0,500,0,367,62,71,0,0,0,500,0
h00,2156816541948973614,p1,0,0,500,0,14,47,439,0,372,8,120,0,0,0,500,0
h00,2156816541948973614,p2,0,0,500,0,0,1,499,0,392,4,104,0,0,0,500,0
h00,2156816541948973614,p3,0,0,500,0,0,0,500,0,382,5,113,0,0,0,500,0
h00,2174043611906189471,p1,0,0,500,0,18,40,442,0,367,8,125,0,0,0,500,0
h00,2174043611906189471,p2,0,0,500,0,0,1,499,0,385,11,104,0,0,0,500,0
h00,2174043611906189471,p3,0,0,500,0,0,0,500,0,377,10,113,0,0,0,500,0
h00,217638068633519425,p1,0,0,500,0,18,30,452,0,348,8,144,0,0,0,500,0
h00,217638068633519425,p2,0,0,500,0,0,0,500,0,325,8,167,0,0,0,500,0
h00,217638068633519425,p3,0,0,500,0,0,0,500,0,345,5,150,0,0,0,500,0
h00,2213029515177919753,p1,0,0,500,0,12,49,439,0,343,46,111,0,0,0,500,0
h00,2213029515177919753,p2,0,0,500,0,0,0,500,0,367,39,94,0,0,0,500,0
h00,2213029515177919753,p3,0,0,500,0,0,0,500,0,295,138,67,0,0,0,500,0
h00,2226314848128698481,p1,0,0,500,0,19,63,418,0,376,15,109,0,0,0,500,0
h00,2226314848128698481,p2,0,0,500,0,0,1,499,0,385,55,60,0,0,0,500,0
h00,2226314848128698481,p3,0,0,500,0,0,2,498,0,383,17,100,0,0,0,500,0
h00,2231209458305127871,p1,0,0,500,0,28,54,418,0,379,9,112,0,0,0,500,0
h00,2231209458305127871,p2,0,0,500,0,1,0,499,0,377,21,102,0,0,0,500,0
h00,2231209458305127871,p3,0,0,500,0,0,0,500,0,310,109,81,0,0,0,500,0
h00,2248913045146814560,p1,0,0,500,0,13,34,453,0,372,22,106,0,0,0,500,0
h00,2248913045146814560,p2,0,0,500,0,0,1,499,0,391,44,65,0,0,0,500,0
h00,2248913045146814560,p3,0,0,500,0,0,0,500,0,295,137,68,0,0,0,500,0
h00,2261080031299322371,p1,0,0,500,0,19,38,443,0,365,15,120,0,0,0,500,0
h00,2261080031299322371,p2,0,0,500,0,0,1,499,0,384,21,95,0,0,0,500,0
h00,2261080031299322371,p3,0,0,500,0,0,1,499,0,373,4,123,0,0,0,500,0
h00,2270685292642668965,p1,0,0,500,0,15,39,446,0,383,11,106,0,0,0,500,0
h00,2270685292642668965,p2,0,0,500,0,0,0,500,0,380,6,114,0,0,0,500,0
h00,2270685292642668965,p3,0,0,500,0,0,0,500,0,362,13,125,0,0,0,500,0
h00,2276589658571010949,p1,0,0,500,0,10,38,452,0,375,10,115,0,0,0,500,0
h00,2276589658571010949,p2,0,0,500,0,0,0,500,0,315,18,167,0,0,0,500,0
h00,2276589658571010949,p3,0,0,500,0,0,0,500,0,298,21,181,0,0,0,500,0
h00,2325391773764637243,p1,0,0,500,0,15,43,442,0,363,34,103,0,0,0,500,0
h00,2325391773764637243,p2,0,0,500,0,0,1,499,0,363,58,79,0,0,0,500,0
h00,2325391773764637243,p3,0,0,500,0,0,0,500,0,366,57,77,0,0,0,500,0
h00,2333974635431175188,p1,0,0,500,0,15,42,443,0,383,22,95,0,0,0,500,0
h00,2333974635431175188,p2,0,0,500,0,0,0,500,0,353,50,97,0,0,0,500,0
h00,2333974635431175188,p3,0,0,500,0,0,0,500,0,277,100,123,0,0,0,500,0
h00,2341198055877650802,p1,0,0,500,0,10,44,446,0,383,29,88,0,0,0,500,0
h00,2341198055877650802,p2,0,0,500,0,0,1,499,0,387,44,69,0,0,0,500,0
h00,2341198055877650802,p3,0,0,500,0,0,1,499,0,368,54,78,0,0,0,500,0
h00,2348161418297934513,p1,0,0,500,0,18,50,432,0,353,13,134,0,0,0,500,0
h00,2348161418297934513,p2,0,0,500,0,0,1,499,0,366,11,123,0,0,0,500,0
h00,2348161418297934513,p3,0,0,500,0,0,1,499,0,364,6,130,0,0,0,500,0
h00,2377990193666223348,p1,0,0,500,0,14,50,436,0,372,10,118,0,0,0,500,0
h00,2377990193666223348,p2,0,0,500,0,0,0,500,0,387,7,106,0,0,0,500,0
h00,2377990193666223348,p3,0,0,500,0,0,0,500,0,386,4,110,0,0,0,500,0
h00,2398732858742842846,p1,0,0,500,0,11,58,431,0,367,40,93,0,0,0,500,0
h00,2398732858742842846,p2,0,0,500,0,0,1,499,0,377,53,70,0,0,0,500,0
h00,2398732858742842846,p3,0,0,500,0,0,0,500,0,392,54,54,0,0,0,500,0
h00,2402059822941775694,p1,0,0,500,0,10,45,445,0,374,28,98,0,0,0,500,0
h00,2402059822941775694,p2,0,0,500,0,0,1,499,0,337,66,97,0,0,0,500,0
h00,2402059822941775694,p3,0,0,500,0,0,0,500,0,335,64,101,0,0,0,500,0
h00,2414559306889225485,p1,0,0,500,0,19,41,440,0,373,8,119,0,0,0,500,0
h00,2414559306889225485,p2,0,0,500,0,1,3,496,0,373,13,114,0,0,0,500,0
h00,2414559306889225485,p3,0,0,500,0,0,1,499,0,302,5,193,0,0,0,500,0
h00,2419367695980860718,p1,0,0,500,0,13,48,439,0,378,6,116,0,0,0,500,0
h00,2419367695980860718,p2,0,0,500,0,0,0,500,0,394,11,95,0,0,0,500,0
h00,2419367695980860718,p3,0,0,500,0,0,0,500,0,383,7,110,0,0,0,500,0
h00,2421630746348809573,p1,0,0,500,0,21,55,424,0,366,11,123,0,0,0,500,0
h00,2421630746348809573,p2,0,0,500,0,0,1,499,0,377,10,113,0,0,0,500,0
h00,2421630746348809573,p3,0,0,500,0,0,0,500,0,383,8,109,0,0,0,500,0
h00,2423373918653785487,p1,0,0,500,0,14,47,439,0,379,5,116,0,0,0,500,0
h00,2423373918653785487,p2,0,0,500,0,0,1,499,0,377,14,109,0,0,0,500,0
h00,2423373918653785487,p3,0,0,500,0,0,0,500,0,343,40,117,0,0,0,500,0
h00,24454192000205924,p1,0,0,500,0,17,44,439,0,374,10,116,0,0,0,500,0
h00,24454192000205924,p2,0,0,500,0,0,0,500,0,320,15,165,0,0,0,500,0
h00,24454192000205924,p3,0,0,500,0,0,0,500,0,386,14,100,0,0,0,500,0
h00,2447731323343121822,p1,0,0,500,0,11,54,435,0,381,22,97,0,0,0,500,0
h00,2447731323343121822,p2,0,0,500,0,0,0,500,0,316,106,78,0,0,0,500,0
h00,2447731323343121822,p3,0,0,500,0,0,0,500,0,388,39,73,0,0,0,500,0
h00,2467830197506776770,p1,0,0,500,0,18,45,437,0,384,8,108,0,0,0,500,0
h00,2467830197506776770,p2,0,0,500,0,0,0,500,0,371,6,123,0,0,0,500,0
h00,2467830197506776770,p3,0,0,500,0,0,0,500,0,366,11,123,0,0,0,500,0
h00,2474864708645148456,p1,0,0,500,0,14,38,448,0,376,8,116,0,0,0,500,0
h00,2474864708645148456,p2,0,0,500,0,0,2,498,0,391,7,102,0,0,0,500,0
h00,2474864708645148456,p3,0,0,500,0,0,0,500,0,340,10,150,0,0,0,500,0
h00,2491469814547847332,p1,0,0,500,0,19,47,434,0,359,11,130,0,0,0,500,0
h00,2491469814547847332,p2,0,0,500,0,0,0,500,0,388,8,104,0,0,0,500,0
h00,2491469814547847332,p3,0,0,500,0,0,0,500,0,358,8,134,0,0,0,500,0
h00,2500502901733353259,p1,0,0,500,0,20,47,433,0,374,14,112,0,0,0,500,0
h00,2500502901733353259,p2,0,0,500,0,0,0,500,0,395,11,94,0,0,0,500,0
h00,2500502901733353259,p3,0,0,500,0,0,1,499,0,379,9,112,0,0,0,500,0
h00,2505890466052842857,p1,0,0,500,0,10,40,450,0,373,16,111,0,0,0,500,0
h00,2505890466052842857,p2,0,0,500,0,0,0,500,0,314,60,126,0,0,0,500,0
h00,2505890466052842857,p3,0,0,500,0,0,0,500,0,350,64,86,0,0,0,500,0
h00,2531555882547941800,p1,0,0,500,0,19,55,426,0,385,10,105,0,0,0,500,0
h00,2531555882547941800,p2,0,0,500,0,0,0,500,0,359,7,134,0,0,0,500,0
h00,2531555882547941800,p3,0,0,500,0,0,0,500,0,371,19,110,0,0,0,500,0
h00,2538182891345640416,p1,0,0,500,0,15,50,435,0,383,11,106,0,0,0,500,0
h00,2538182891345640416,p2,0,0,500,0,0,0,500,0,332,27,141,0,0,0,500,0
h00,2538182891345640416,p3,0,0,500,0,0,0,500,0,362,29,109,0,0,0,500,0
h00,2553817847603666864,p1,0,0,500,0,17,57,426,0,389,11,100,0,0,0,500,0
h00,2553817847603666864,p2,0,0,500,0,0,1,499,0,372,8,120,0,0,0,500,0
h00,2553817847603666864,p3,0,0,500,0,0,0,500,0,381,6,113,0,0,0,500,0
h00,2582636653590832573,p1,0,0,500,0,21,34,445,0,393,6,101,0,0,0,500,0
h00,2582636653590832573,p2,0,0,500,0,0,0,500,0,337,12,151,0,0,0,500,0
h00,2582636653590832573,p3,0,0,500,0,0,0,500,0,345,32,123,0,0,0,500,0
h00,2592630812011419061,p1,0,0,500,0,15,52,433,0,367,12,121,0,0,0,500,0
h00,2592630812011419061,p2,0,0,500,0,0,2,498,0,360,72,68,0,0,0,500,0
h00,2592630812011419061,p3,0,0,500,0,0,0,500,0,346,31,123,0,0,0,500,0
h00,2599256936468401537,p1,0,0,500,0,14,62,424,0,379,28,93,0,0,0,500,0
h00,2599256936468401537,p2,0,0,500,0,0,2,498,0,378,59,63,0,0,0,500,0
h00,2599256936468401537,p3,0,0,500,0,0,0,500,0,292,115,93,0,0,0,500,0
h00,2603773830718323133,p1,0,0,500,0,16,42,442,0,352,23,125,0,0,0,500,0
h00,2603773830718323133,p2,0,0,500,0,0,0,500,0,324,4,172,0,0,0,500,0
h00,2603773830718323133,p3,0,0,500,0,0,0,500,0,340,22,138,0,0,0,500,0
h00,2642088376575620987,p1,0,0,500,0,10,48,442,0,350,33,117,0,0,0,500,0
h00,2642088376575620987,p2,0,0,500,0,0,1,499,0,367,27,106,0,0,0,500,0
h00,2642088376575620987,p3,0,0,500,0,0,0,500,0,347,70,83,0,0,0,500,0
h00,2653841568400124273,p1,0,0,500,0,12,47,441,0,381,9,110,0,0,0,500,0
h00,2653841568400124273,p2,0,0,500,0,0,0,500,0,383,2,115,0,0,0,500,0
h00,2653841568400124273,p3,0,0,500,0,0,0,500,0,354,25,121,0,0,0,500,0
h00,2655859107521200994,p1,0,0,500,0,15,44,441,0,349,23,128,0,0,0,500,0
h00,2655859107521200994,p2,0,0,500,0,0,2,498,0,363,45,92,0,0,0,500,0
h00,2655859107521200994,p3,0,0,500,0,0,0,500,0,393,16,91,0,0,0,500,0
h00,2664880680665600388,p1,0,0,500,0,17,45,438,0,378,10,112,0,0,0,500,0
h00,2664880680665600388,p2,0,0,500,0,0,0,500,0,335,30,135,0,0,0,500,0
h00,2664880680665600388,p3,0,0,500,0,0,0,500,0,324,34,142,0,0,0,500,0
h00,2671706936193863748,p1,0,0,500,0,13,46,441,0,377,33,90,0,0,0,500,0
h00,2671706936193863748,p2,0,0,500,0,0,1,499,0,317,88,95,0,0,0,500,0
h00,2671706936193863748,p3,0,0,500,0,0,0,500,0,313,87,100,0,0,0,500,0
h00,2691141080745763637,p1,0,0,500,0,13,47,440,0,353,30,117,0,0,0,500,0
h00,2691141080745763637,p2,0,0,500,0,0,1,499,0,369,28,103,0,0,0,500,0
h00,2691141080745763637,p3,0,0,500,0,0,0,500,0,386,30,84,0,0,0,500,0
h00,270483754946125459,p1,0,0,500,0,31,49,420,0,370,23,107,0,0,0,500,0
h00,270483754946125459,p2,0,0,500,0,0,1,499,0,360,13,127,0,0,0,500,0
h00,270483754946125459,p3,0,0,500,0,0,0,500,0,386,10,104,0,0,0,500,0
h00,271591246254653605,p1,0,0,500,0,13,49,438,0,359,9,132,0,0,0,500,0
h00,271591246254653605,p2,0,0,500,0,1,0,499,0,389,8,103,0,0,0,500,0
h00,271591246254653605,p3,0,0,500,0,0,0,500,0,332,18,150,0,0,0,500,0
h00,2758864400102165616,p1,0,0,500,0,16,51,433,0,376,5,119,0,0,0,500,0
h00,2758864400102165616,p2,0,0,500,0,0,1,499,0,377,3,120,0,0,0,500,0
h00,2758864400102165616,p3,0,0,500,0,0,0,500,0,368,4,128,0,0,0,500,0
h00,2779358138066508310,p1,0,0,500,0,9,31,460,0,363,31,106,0,0,0,500,0
h00,2779358138066508310,p2,0,0,500,0,0,1,499,0,347,22,131,0,0,0,500,0
h00,2779358138066508310,p3,0,0,500,0,0,0,500,0,337,101,62,0,0,0,500,0
h00,2783379615822094480,p1,0,0,500,0,13,41,446,0,359,12,129,0,0,0,500,0
h00,2783379615822094480,p2,0,0,500,0,0,3,497,0,343,11,146,0,0,0,500,0
h00,2783379615822094480,p3,0,0,500,0,0,0,500,0,372,8,120,0,0,0,500,0
h00,2787227107786957027,p1,0,0,500,0,14,49,437,0,368,17,115,0,0,0,500,0
h00,2787227107786957027,p2,0,0,500,0,0,0,500,0,364,48,88,0,0,0,500,0
h00,2787227107786957027,p3,0,0,500,0,0,0,500,0,375,43,82,0,0,0,500,0
h00,2795609852195796678,p1,0,0,500,0,10,47,443,0,374,30,96,0,0,0,500,0
h00,2795609852195796678,p2,0,0,500,0,0,1,499,0,365,41,94,0,0,0,500,0
h00,2795609852195796678,p3,0,0,500,0,0,0,500,0,375,48,77,0,0,0,500,0
h00,2808630523817454920,p1,0,0,500,0,22,51,427,0,388,28,84,0,0,0,500,0
h00,2808630523817454920,p2,0,0,500,0,0,0,500,0,360,62,78,0,0,0,500,0
h00,2808630523817454920,p3,0,0,500,0,0,0,500,0,337,52,111,0,0,0,500,0
h00,281200035054616547,p1,0,0,500,0,15,40,445,0,371,26,103,0,0,0,500,0
h00,281200035054616547,p2,0,0,500,0,0,1,499,0,409,34,57,0,0,0,500,0
h00,281200035054616547,p3,0,0,500,0,0,0,500,0,394,36,70,0,0,0,500,0
h00,2822220745379781803,p1,0,0,500,0,12,46,442,0,386,5,109,0,0,0,500,0
h00,2822220745379781803,p2,0,0,500,0,0,2,498,0,383,14,103,0,0,0,500,0
h00,2822220745379781803,p3,0,0,500,0,0,1,499,0,301,24,175,0,0,0,500,0
h00,2848035134851388027,p1,0,0,500,0,14,55,431,0,382,28,90,0,0,0,500,0
h00,2848035134851388027,p2,0,0,500,0,0,0,500,0,343,85,72,0,0,0,500,0
h00,2848035134851388027,p3,0,0,500,0,0,0,500,0,351,79,70,0,0,0,500,0
h00,2852581805686108790,p1,0,0,500,0,17,39,444,0,366,32,102,0,0,0,500,0
h00,2852581805686108790,p2,0,0,500,0,0,0,500,0,388,17,95,0,0,0,500,0
h00,2852581805686108790,p3,0,0,500,0,0,0,500,0,356,64,80,0,0,0,500,0
h00,2858835733309443672,p1,0,0,500,0,17,46,437,0,368,32,100,0,0,0,500,0
h00,2858835733309443672,p2,0,0,500,0,0,1,499,0,381,53,66,0,0,0,500,0
h00,2858835733309443672,p3,0,0,500,0,0,0,500,0,358,79,63,0,0,0,500,0
h00,2865146821799033060,p1,0,0,500,0,19,45,436,0,403,7,90,0,0,0,500,0
h00,2865146821799033060,p2,0,0,500,0,0,3,497,0,365,19,116,0,0,0,500,0
h00,2865146821799033060,p3,0,0,500,0,0,0,500,0,318,17,165,0,0,0,500,0
h00,2878077817887578999,p1,0,0,500,0,13,55,432,0,387,7,106,0,0,0,500,0
h00,2878077817887578999,p2,0,0,500,0,0,0,500,0,314,24,162,0,0,0,500,0
h00,2878077817887578999,p3,0,0,500,0,0,0,500,0,376,14,110,0,0,0,500,0
h00,2886220092989791333,p1,0,0,500,0,14,43,443,0,378,25,97,0,0,0,500,0
h00,2886220092989791333,p2,0,0,500,0,0,2,498,0,393,54,53,0,0,0,500,0
h00,2886220092989791333,p3,0,0,500,0,0,0,500,0,378,47,75,0,0,0,500,0
h00,2888126316012786146,p1,0,0,500,0,25,36,439,0,383,25,92,0,0,0,500,0
h00,2888126316012786146,p2,0,0,500,0,0,1,499,0,339,73,88,0,0,0,500,0
h00,2888126316012786146,p3,0,0,500,0,0,0,500,0,353,78,69,0,0,0,500,0
h00,2921426540513185172,p1,0,0,500,0,22,49,429,0,379,28,93,0,0,0,500,0
h00,2921426540513185172,p2,0,0,500,0,0,0,500,0,378,43,79,0,0,0,500,0
h00,2921426540513185172,p3,0,0,500,0,0,0,500,0,394,44,62,0,0,0,500,0
h00,2921933502032537214,p1,0,0,500,0,15,45,440,0,363,11,126,0,0,0,500,0
h00,2921933502032537214,p2,0,0,500,0,0,1,499,0,378,11,111,0,0,0,500,0
h00,2921933502032537214,p3,0,0,500,0,0,0,500,0,351,16,133,0,0,0,500,0
h00,2923606406820336693,p1,0,0,500,0,11,55,434,0,351,11,138,0,0,0,500,0
h00,2923606406820336693,p2,0,0,500,0,0,2,498,0,367,4,129,0,0,0,500,0
h00,2923606406820336693,p3,0,0,500,0,0,0,500,0,337,16,147,0,0,0,500,0
h00,2966237868303496626,p1,0,0,500,0,14,46,440,0,376,12,112,0,0,0,500,0
h00,2966237868303496626,p2,0,0,500,0,0,1,499,0,365,18,117,0,0,0,500,0
h00,2966237868303496626,p3,0,0,500,0,0,0,500,0,292,65,143,0,0,0,500,0
h00,2976638450342219709,p1,0,0,500,0,12,48,440,0,385,24,91,0,0,0,500,0
h00,2976638450342219709,p2,0,0,500,0,0,1,499,0,306,116,78,0,0,0,500,0
h00,2976638450342219709,p3,0,0,500,0,0,0,500,0,387,53,60,0,0,0,500,0
h00,3005586598917918993,p1,0,0,500,0,18,45,437,0,368,16,116,0,0,0,500,0
h00,3005586598917918993,p2,0,0,500,0,0,1,499,0,357,62,81,0,0,0,500,0
h00,3005586598917918993,p3,0,0,500,0,0,0,500,0,285,24,191,0,0,0,500,0
h00,3010344131163025760,p1,0,0,500,0,20,40,440,0,393,7,100,0,0,0,500,0
h00,3010344131163025760,p2,0,0,500,0,0,0,500,0,338,23,139,0,0,0,500,0
h00,3010344131163025760,p3,0,0,500,0,0,1,499,0,276,30,194,0,0,0,500,0
h00,3010793565915229609,p1,0,0,500,0,14,60,426,0,359,12,129,0,0,0,500,0
h00,3010793565915229609,p2,0,0,500,0,0,1,499,0,390,8,102,0,0,0,500,0
h00,3010793565915229609,p3,0,0,500,0,0,0,500,0,353,20,127,0,0,0,500,0
h00,3014509334178662496,p1,0,0,500,0,9,40,451,0,390,6,104,0,0,0,500,0
h00,3014509334178662496,p2,0,0,500,0,0,0,500,0,339,14,147,0,0,0,500,0
h00,3014509334178662496,p3,0,0,500,0,0,0,500,0,366,20,114,0,0,0,500,0
h00,3033343945241183067,p1,0,0,500,0,14,46,440,0,380,17,103,0,0,0,500,0
h00,3033343945241183067,p2,0,0,500,0,0,0,500,0,345,32,123,0,0,0,500,0
h00,3033343945241183067,p3,0,0,500,0,1,0,499,0,299,60,141,0,0,0,500,0
h00,3038989552798495505,p1,0,0,500,0,13,37,450,0,378,11,111,0,0,0,500,0
h00,3038989552798495505,p2,0,0,500,0,0,0,500,0,278,21,201,0,0,0,500,0
h00,3038989552798495505,p3,0,0,500,0,0,0,500,0,371,12,117,0,0,0,500,0
h00,3061773785222534487,p1,1,0,499,0,23,40,437,0,363,10,127,0,0,1,499,0
h00,3061773785222534487,p2,0,0,500,0,0,0,500,0,346,6,148,0,0,0,500,0
h00,3061773785222534487,p3,0,0,500,0,0,0,500,0,311,5,184,0,0,0,500,0
h00,3080181151794706567,p1,0,0,500,0,13,40,447,0,377,7,116,0,0,0,500,0
h00,3080181151794706567,p2,0,0,500,0,0,1,499,0,293,54,153,0,0,0,500,0
h00,3080181151794706567,p3,0,0,500,0,0,0,500,0,369,2,129,0,0,0,500,0
h00,312131574232549325,p1,0,0,500,0,12,32,456,0,363,17,120,0,0,0,500,0
h00,312131574232549325,p2,0,0,500,0,0,2,498,0,373,17,110,0,0,0,500,0
h00,312131574232549325,p3,0,0,500,0,0,0,500,0,390,16,94,0,0,0,500,0
h00,3129014550563080706,p1,0,0,500,0,23,36,441,0,367,15,118,0,0,0,500,0
h00,3129014550563080706,p2,0,0,500,0,0,2,498,0,339,21,140,0,0,0,500,0
h00,3129014550563080706,p3,0,0,500,0,0,0,500,0,333,89,78,0,0,0,500,0
h00,3136481499597392437,p1,0,0,500,0,14,49,437,0,367,26,107,0,0,0,500,0
h00,3136481499597392437,p2,0,0,500,0,0,2,498,0,367,53,80,0,0,0,500,0
h00,3136481499597392437,p3,0,0,500,0,0,0,500,0,336,85,79,0,0,0,500,0
h00,3142169725982065825,p1,0,0,500,0,13,53,434,0,367,8,125,0,0,0,500,0
h00,3142169725982065825,p2,0,0,500,0,0,0,500,0,366,35,99,0,0,0,500,0
h00,3142169725982065825,p3,0,0,500,0,0,0,500,0,379,59,62,0,0,0,500,0
h00,3144181731382867048,p1,0,0,500,0,15,48,437,0,376,23,101,0,0,0,500,0
h00,3144181731382867048,p2,0,0,500,0,0,1,499,0,338,52,110,0,0,0,500,0
h00,3144181731382867048,p3,0,0,500,0,0,0,500,0,194,241,65,0,0,0,500,0
h00,3149234040662007951,p1,0,0,500,0,10,47,443,0,378,12,110,0,0,0,500,0
h00,3149234040662007951,p2,0,0,500,0,0,0,500,0,366,7,127,0,0,0,500,0
h00,3149234040662007951,p3,0,0,500,0,0,0,500,0,347,13,140,0,0,0,500,0
h00,316097434901446919,p1,0,0,500,0,17,32,451,0,346,9,145,0,0,0,500,0
h00,316097434901446919,p2,0,0,500,0,0,1,499,0,354,3,143,0,0,0,500,0
h00,316097434901446919,p3,0,0,500,0,0,0,500,0,372,10,118,0,0,0,500,0
h00,3179534011170499778,p1,0,0,500,0,15,45,440,0,364,16,120,0,0,0,500,0
h00,3179534011170499778,p2,0,0,500,0,0,0,500,0,379,7,114,0,0,0,500,0
h00,3179534011170499778,p3,0,0,500,0,0,0,500,0,378,4,118,0,0,0,500,0
h00,3201694301304624298,p1,0,0,500,0,17,33,450,0,367,10,123,0,0,0,500,0
h00,3201694301304624298,p2,0,0,500,0,0,3,497,0,362,17,121,0,0,0,500,0
h00,3201694301304624298,p3,0,0,500,0,0,0,500,0,397,7,96,0,0,0,500,0
h00,3261894297314430348,p1,0,0,500,0,13,50,437,0,373,13,114,0,0,0,500,0
h00,3261894297314430348,p2,0,0,500,0,0,1,499,0,377,19,104,0,0,0,500,0
h00,3261894297314430348,p3,0,0,500,0,0,0,500,0,372,11,117,0,0,0,500,0
h00,3283206090760178577,p1,0,0,500,0,8,53,439,0,358,26,116,0,0,0,500,0
h00,3283206090760178577,p2,0,0,500,0,0,1,499,0,389,23,88,0,0,0,500,0
h00,3283206090760178577,p3,0,0,500,0,0,0,500,0,378,26,96,0,0,0,500,0
h00,3289373367234797345,p1,0,0,500,0,15,52,433,0,376,22,102,0,0,0,500,0
h00,3289373367234797345,p2,0,0,500,0,0,1,499,0,392,20,88,0,0,0,500,0
h00,3289373367234797345,p3,0,0,500,0,0,0,500,0,401,5,94,0,0,0,500,0
h00,3289727879080075424,p1,0,0,500,0,22,40,438,0,389,18,93,0,0,0,500,0
h00,3289727879080075424,p2,0,0,500,0,0,0,500,0,391,18,91,0,0,0,500,0
h00,3289727879080075424,p3,0,0,500,0,0,0,500,0,290,54,156,0,0,0,500,0
h00,3307827960955054846,p1,0,0,500,0,13,37,450,0,345,16,139,0,0,0,500,0
h00,3307827960955054846,p2,0,0,500,0,0,1,499,0,373,14,113,0,0,0,500,0
h00,3307827960955054846,p3,0,0,500,0,0,0,500,0,323,37,140,0,0,0,500,0
h00,3316206051838487293,p1,0,0,500,0,13,35,452,0,351,9,140,0,0,0,500,0
h00,3316206051838487293,p2,0,0,500,0,0,0,500,0,319,10,171,0,0,0,500,0
h00,3316206051838487293,p3,0,0,500,0,0,0,500,0,310,3,187,0,0,0,500,0
h00,3388953417953374402,p1,0,0,500,0,23,39,438,0,392,8,100,0,0,0,500,0
h00,3388953417953374402,p2,0,0,500,0,0,0,500,0,340,14,146,0,0,0,500,0
h00,3388953417953374402,p3,0,0,500,0,0,0,500,0,370,4,126,0,0,0,500,0
h00,3420833918723844240,p1,0,0,500,0,13,40,447,0,365,12,123,0,0,0,500,0
h00,3420833918723844240,p2,0,0,500,0,0,0,500,0,360,10,130,0,0,0,500,0
h00,3420833918723844240,p3,0,0,500,0,0,0,500,0,358,16,126,0,0,0,500,0
h00,3423478990075565859,p1,0,0,500,0,13,38,449,0,379,8,113,0,0,0,500,0
h00,3423478990075565859,p2,0,0,500,0,0,2,498,0,356,35,109,0,0,0,500,0
h00,3423478990075565859,p3,0,0,500,0,0,0,500,0,325,10,165,0,0,0,500,0
h00,3432467835900654966,p1,0,0,500,0,14,37,449,0,371,35,94,0,0,0,500,0
h00,3432467835900654966,p2,0,0,500,0,1,1,498,0,292,142,66,0,0,0,500,0
h00,3432467835900654966,p3,0,0,500,0,0,0,500,0,379,53,68,0,0,0,500,0
h00,3439266075144882593,p1,0,0,500,0,17,53,430,0,385,11,104,0,0,0,500,0
h00,3439266075144882593,p2,0,0,500,0,0,0,500,0,339,7,154,0,0,0,500,0
h00,3439266075144882593,p3,0,0,500,0,0,0,500,0,366,6,128,0,0,0,500,0
h00,3453325846810690203,p1,0,0,500,0,7,47,446,0,359,12,129,0,0,0,500,0
h00,3453325846810690203,p2,0,0,500,0,0,2,498,0,380,15,105,0,0,0,500,0
h00,3453325846810690203,p3,0,0,500,0,0,0,500,0,368,17,115,0,0,0,500,0
h00,3471541157276798424,p1,0,0,500,0,16,47,437,0,385,23,92,0,0,0,500,0
h00,3471541157276798424,p2,0,0,500,0,0,0,500,0,374,20,106,0,0,0,500,0
h00,3471541157276798424,p3,0,0,500,0,0,0,500,0,373,12,115,0,0,0,500,0
h00,3483597259819132404,p1,0,0,500,0,21,50,429,0,350,14,136,0,0,0,500,0
h00,3483597259819132404,p2,0,0,500,0,0,1,499,0,324,12,164,0,0,0,500,0
h00,3483597259819132404,p3,0,0,500,0,0,0,500,0,347,25,128,0,0,0,500,0
h00,3602606635223752655,p1,0,0,500,0,11,42,447,0,368,50,82,0,0,0,500,0
h00,3602606635223752655,p2,0,0,500,0,0,0,500,0,383,53,64,0,0,0,500,0
h00,3602606635223752655,p3,0,0,500,0,0,0,500,0,373,60,67,0,0,0,500,0
h00,3620378368543051960,p1,0,0,500,0,23,41,436,0,367,11,122,0,0,0,500,0
h00,3620378368543051960,p2,0,0,500,0,0,1,499,0,330,40,130,0,0,0,500,0
h00,3620378368543051960,p3,0,0,500,0,0,0,500,0,348,11,141,0,0,0,500,0
h00,3646809819555529717,p1,0,0,500,0,17,55,428,0,371,31,98,0,0,0,500,0
h00,3646809819555529717,p2,0,0,500,0,0,0,500,0,335,96,69,0,0,0,500,0
h00,3646809819555529717,p3,0,0,500,0,0,0,500,0,327,62,111,0,0,0,500,0
h00,370897708012610843,p1,0,0,500,0,10,52,438,0,377,13,110,0,0,0,500,0
h00,370897708012610843,p2,0,0,500,0,0,1,499,0,382,18,100,0,0,0,500,0
h00,370897708012610843,p3,0,0,500,0,0,0,500,0,367,15,118,0,0,0,500,0
h00,3746813413018173642,p1,0,0,500,0,9,46,445,0,383,10,107,0,0,0,500,0
h00,3746813413018173642,p2,0,0,500,0,0,2,498,0,353,10,137,0,0,0,500,0
h00,3746813413018173642,p3,0,0,500,0,0,0,500,0,348,7,145,0,0,0,500,0
h00,374873582700968554,p1,0,0,500,0,9,51,440,0,367,14,119,0,0,0,500,0
h00,374873582700968554,p2,0,0,500,0,0,0,500,0,374,16,110,0,0,0,500,0
h00,374873582700968554,p3,0,0,500,0,0,0,500,0,372,7,121,0,0,0,500,0
h00,3782747150085181047,p1,0,0,500,0,12,59,429,0,368,22,110,0,0,0,500,0
h00,3782747150085181047,p2,0,0,500,0,0,0,500,0,372,43,85,0,0,0,500,0
h00,3782747150085181047,p3,0,0,500,0,0,0,500,0,377,7,116,0,0,0,500,0
h00,3783312406048574783,p1,0,0,500,0,16,43,441,0,370,39,91,0,0,0,500,0
h00,3783312406048574783,p2,0,0,500,0,0,0,500,0,336,54,110,0,0,0,500,0
h00,3783312406048574783,p3,0,0,500,0,0,0,500,0,322,109,69,0,0,0,500,0
h00,3857728332733070791,p1,0,0,500,0,20,55,425,0,360,35,105,0,0,0,500,0
h00,3857728332733070791,p2,0,0,500,0,0,3,497,0,380,42,78,0,0,0,500,0
h00,3857728332733070791,p3,0,0,500,0,0,0,500,0,386,27,87,0,0,0,500,0
h00,3870569051277263198,p1,0,0,500,0,14,50,436,0,369,8,123,0,0,0,500,0
h00,3870569051277263198,p2,0,0,500,0,0,0,500,0,360,7,133,0,0,0,500,0
h00,3870569051277263198,p3,0,0,500,0,0,0,500,0,380,9,111,0,0,0,500,0
h00,3872502974202693052,p1,0,0,500,0,17,44,439,0,391,31,78,0,0,0,500,0
h00,3872502974202693052,p2,0,0,500,0,0,1,499,0,359,42,99,0,0,0,500,0
h00,3872502974202693052,p3,0,0,500,0,0,0,500,0,342,93,65,0,0,0,500,0
h00,3892276675451754626,p1,0,0,500,0,19,37,444,0,379,6,115,0,0,0,500,0
h00,3892276675451754626,p2,0,0,500,0,0,1,499,0,389,50,61,0,0,0,500,0
h00,3892276675451754626,p3,0,0,500,0,0,0,500,0,370,20,110,0,0,0,500,0
h00,3906578313109414030,p1,0,0,500,0,20,52,428,0,355,17,128,0,0,0,500,0
h00,3906578313109414030,p2,0,0,500,0,0,1,499,0,325,18,157,0,0,0,500,0
h00,3906578313109414030,p3,0,0,500,0,0,0,500,0,235,81,184,0,0,0,500,0
h00,3914451166109892882,p1,0,0,500,0,14,43,443,0,373,27,100,0,0,0,500,0
h00,3914451166109892882,p2,0,0,500,0,0,2,498,0,363,34,103,0,0,0,500,0
h00,3914451166109892882,p3,0,0,500,0,0,0,500,0,384,32,84,0,0,0,500,0
h00,3930435202843891156,p1,0,0,500,0,16,60,424,0,373,16,111,0,0,0,500,0
h00,3930435202843891156,p2,0,0,500,0,0,2,498,0,327,9,164,0,0,0,500,0
h00,3930435202843891156,p3,0,0,500,0,0,0,500,0,364,9,127,0,0,0,500,0
h00,3931579058868833233,p1,0,0,500,0,18,29,453,0,387,34,79,0,0,0,500,0
h00,3931579058868833233,p2,0,0,500,0,0,1,499,0,385,38,77,0,0,0,500,0
h00,3931579058868833233,p3,0,0,500,0,0,0,500,0,379,56,65,0,0,0,500,0
h00,3936448565818775640,p1,0,0,500,0,7,43,450,0,361,13,126,0,0,0,500,0
h00,3936448565818775640,p2,0,0,500,0,0,1,499,0,348,18,134,0,0,0,500,0
h00,3936448565818775640,p3,0,0,500,0,0,0,500,0,321,18,161,0,0,0,500,0
h00,395142773015513016,p1,0,0,500,0,20,43,437,0,382,16,102,0,0,0,500,0
h00,395142773015513016,p2,0,0,500,0,0,0,500,0,395,15,90,0,0,0,500,0
h00,395142773015513016,p3,0,0,500,0,0,0,500,0,387,19,94,0,0,0,500,0
h00,3967630831491443326,p1,0,0,500,0,12,36,452,0,356,17,127,0,0,0,500,0
h00,3967630831491443326,p2,0,0,500,0,0,0,500,0,321,32,147,0,0,0,500,0
h00,3967630831491443326,p3,0,0,500,0,0,0,500,0,293,12,195,0,0,0,500,0
h00,4029132440299934778,p1,0,0,500,0,22,57,421,0,375,6,119,0,0,0,500,0
h00,4029132440299934778,p2,0,0,500,0,0,2,498,0,357,6,137,0,0,0,500,0
h00,4029132440299934778,p3,0,0,500,0,0,0,500,0,371,16,113,0,0,0,500,0
h00,4050088701953919497,p1,0,0,500,0,11,47,442,0,387,5,108,0,0,0,500,0
h00,4050088701953919497,p2,0,0,500,0,0,0,500,0,377,9,114,0,0,0,500,0
h00,4050088701953919497,p3,0,0,500,0,0,0,500,0,364,5,131,0,0,0,500,0
h00,4068627093876524908,p1,0,0,500,0,13,38,449,0,365,12,123,0,0,0,500,0
h00,4068627093876524908,p2,0,0,500,0,0,0,500,0,375,25,100,0,0,0,500,0
h00,4068627093876524908,p3,0,0,500,0,0,2,498,0,400,10,90,0,0,0,500,0
h00,408521173642501465,p1,0,0,500,0,15,40,445,0,361,8,131,0,0,0,500,0
h00,408521173642501465,p2,0,0,500,0,0,2,498,0,372,14,114,0,0,0,500,0
h00,408521173642501465,p3,0,0,500,0,0,0,500,0,359,10,131,0,0,0,500,0
h00,4098198446687774258,p1,0,0,500,0,12,40,448,0,358,23,119,0,0,0,500,0
h00,4098198446687774258,p2,0,0,500,0,0,1,499,0,373,8,119,0,0,0,500,0
h00,4098198446687774258,p3,0,0,500,0,0,0,500,0,311,3,186,0,0,0,500,0
h00,4123684450009118347,p1,0,0,500,0,14,36,450,0,382,11,107,0,0,0,500,0
h00,4123684450009118347,p2,0,0,500,0,0,0,500,0,380,5,115,0,0,0,500,0
h00,4123684450009118347,p3,0,0,500,0,0,0,500,0,382,13,105,0,0,0,500,0
h00,4149607403261469369,p1,0,0,500,0,11,51,438,0,367,26,107,0,0,0,500,0
h00,4149607403261469369,p2,0,0,500,0,0,0,500,0,344,73,83,0,0,0,500,0
h00,4149607403261469369,p3,0,0,500,0,0,0,500,0,354,87,59,0,0,0,500,0
h00,4168685826619015799,p1,0,0,500,0,12,47,441,0,376,9,115,0,0,0,500,0
h00,4168685826619015799,p2,0,0,500,0,0,0,500,0,354,76,70,0,0,0,500,0
h00,4168685826619015799,p3,0,0,500,0,0,0,500,0,351,74,75,0,0,0,500,0
h00,4186213260065274180,p1,0,0,500,0,22,48,430,0,382,14,104,0,0,0,500,0
h00,4186213260065274180,p2,0,0,500,0,0,1,499,0,357,24,119,0,0,0,500,0
h00,4186213260065274180,p3,0,0,500,0,0,0,500,0,344,12,144,0,0,0,500,0
h00,4188275144287043396,p1,0,0,500,0,12,36,452,0,364,9,127,0,0,0,500,0
h00,4188275144287043396,p2,0,0,500,0,0,1,499,0,374,11,115,0,0,0,500,0
h00,4188275144287043396,p3,0,0,500,0,0,0,500,0,337,6,157,0,0,0,500,0
h00,4212293438182827943,p1,0,0,500,0,19,42,439,0,378,8,114,0,0,0,500,0
h00,4212293438182827943,p2,0,0,500,0,0,1,499,0,376,19,105,0,0,0,500,0
h00,4212293438182827943,p3,0,0,500,0,0,2,498,0,373,10,117,0,0,0,500,0
h00,4220763607165006847,p1,0,0,500,0,11,68,421,0,382,28,90,0,0,0,500,0
h00,4220763607165006847,p2,0,0,500,0,0,0,500,0,371,60,69,0,0,0,500,0
h00,4220763607165006847,p3,0,0,500,0,0,0,500,0,382,59,59,0,0,0,500,0
h00,4235972165186563777,p1,0,0,500,0,17,51,432,0,379,20,101,0,0,0,500,0
h00,4235972165186563777,p2,0,0,500,0,0,1,499,0,364,61,75,0,0,0,500,0
h00,4235972165186563777,p3,0,0,500,0,0,0,500,0,315,105,80,0,0,0,500,0
h00,4287375503024049342,p1,0,0,500,0,11,30,459,0,350,12,138,0,0,0,500,0
h00,4287375503024049342,p2,0,0,500,0,0,1,499,0,317,7,176,0,0,0,500,0
h00,4287375503024049342,p3,0,0,500,0,0,0,500,0,272,5,223,0,0,0,500,0
h00,4307591776055466140,p1,0,0,500,0,20,36,444,0,376,8,116,0,0,0,500,0
h00,4307591776055466140,p2,0,0,500,0,0,2,498,0,396,6,98,0,0,0,500,0
h00,4307591776055466140,p3,0,0,500,0,0,0,500,0,310,12,178,0,0,0,500,0
h00,4310394147464451238,p1,0,0,500,0,15,49,436,0,364,9,127,0,0,0,500,0
h00,4310394147464451238,p2,0,0,500,0,0,0,500,0,325,24,151,0,0,0,500,0
h00,4310394147464451238,p3,0,0,500,0,0,0,500,0,355,19,126,0,0,0,500,0
h00,4336353367558390195,p1,0,0,500,0,8,41,451,0,371,9,120,0,0,0,500,0
h00,4336353367558390195,p2,0,0,500,0,0,2,498,0,348,6,146,0,0,0,500,0
h00,4336353367558390195,p3,0,0,500,0,0,0,500,0,321,42,137,0,0,0,500,0
h00,4352922551193965507,p1,0,0,500,0,12,44,444,0,359,35,106,0,0,0,500,0
h00,4352922551193965507,p2,0,0,500,0,0,0,500,0,373,31,96,0,0,0,500,0
h00,4352922551193965507,p3,0,0,500,0,0,0,500,0,356,50,94,0,0,0,500,0
h00,4389468938384033211,p1,0,0,500,0,16,45,439,0,379,6,115,0,0,0,500,0
h00,4389468938384033211,p2,0,0,500,0,0,0,500,0,377,10,113,0,0,0,500,0
h00,4389468938384033211,p3,0,0,500,0,0,0,500,0,361,14,125,0,0,0,500,0
h00,4439124663978564770,p1,0,0,500,0,15,36,449,0,372,49,79,0,0,0,500,0
h00,4439124663978564770,p2,0,0,500,0,0,0,500,0,352,74,74,0,0,0,500,0
h00,4439124663978564770,p3,0,0,500,0,0,0,500,0,286,141,73,0,0,0,500,0
h00,4461752748252833792,p1,0,0,500,0,17,40,443,0,385,13,102,0,0,0,500,0
h00,4461752748252833792,p2,0,0,500,0,1,0,499,0,378,15,107,0,0,0,500,0
h00,4461752748252833792,p3,0,0,500,0,0,0,500,0,348,4,148,0,0,0,500,0
h00,4466035291765894741,p1,0,0,500,0,15,52,433,0,367,32,101,0,0,0,500,0
h00,4466035291765894741,p2,0,0,500,0,0,0,500,0,314,116,70,0,0,0,500,0
h00,4466035291765894741,p3,0,0,500,0,0,0,500,0,389,24,87,0,0,0,500,0
h00,4502992571183810932,p1,0,0,500,0,16,47,437,0,357,10,133,0,0,0,500,0
h00,4502992571183810932,p2,0,0,500,0,0,0,500,0,376,19,105,0,0,0,500,0
h00,4502992571183810932,p3,0,0,500,0,0,0,500,0,344,31,125,0,0,0,500,0
h00,454157223138593409,p1,0,0,500,0,11,49,440,0,377,10,113,0,0,0,500,0
h00,454157223138593409,p2,0,0,500,0,0,0,500,0,288,6,206,0,0,0,500,0
h00,454157223138593409,p3,0,0,500,0,0,0,500,0,371,6,123,0,0,0,500,0
h00,4549682241273411110,p1,0,0,500,0,11,52,437,0,367,10,123,0,0,0,500,0
h00,4549682241273411110,p2,0,0,500,0,0,0,500,0,370,16,114,0,0,0,500,0
h00,4549682241273411110,p3,0,0,500,0,0,1,499,0,352,9,139,0,0,0,500,0
h00,4570577085801251891,p1,0,0,500,0,11,34,455,0,365,8,127,0,0,0,500,0
h00,4570577085801251891,p2,0,0,500,0,0,1,499,0,388,8,104,0,0,0,500,0
h00,4570577085801251891,p3,0,0,500,0,0,0,500,0,343,5,152,0,0,0,500,0
h00,464330423440975915,p1,0,0,500,0,9,68,423,0,383,9,108,0,0,0,500,0
h00,464330423440975915,p2,0,0,500,0,0,1,499,0,345,11,144,0,0,0,500,0
h00,464330423440975915,p3,0,0,500,0,0,0,500,0,348,7,145,0,0,0,500,0
h00,4648256247739606371,p1,0,0,500,0,10,34,456,0,366,7,127,0,0,0,500,0
h00,4648256247739606371,p2,0,0,500,0,0,0,500,0,367,15,118,0,0,0,500,0
h00,4648256247739606371,p3,0,0,500,0,0,0,500,0,345,8,147,0,0,0,500,0
h00,4652625469908853471,p1,0,0,500,0,14,47,439,0,365,14,121,0,0,0,500,0
h00,4652625469908853471,p2,0,0,500,0,0,0,500,0,355,36,109,0,0,0,500,0
h00,4652625469908853471,p3,0,0,500,0,0,0,500,0,299,31,170,0,0,0,500,0
h00,4671950388705285656,p1,0,0,500,0,17,63,420,0,369,10,121,0,0,0,500,0
h00,4671950388705285656,p2,0,0,500,0,0,2,498,0,349,9,142,0,0,0,500,0
h00,4671950388705285656,p3,0,0,500,0,0,0,500,0,299,32,169,0,0,0,500,0
h00,4682820477415630882,p1,0,0,500,0,12,59,429,0,386,31,83,0,0,0,500,0
h00,4682820477415630882,p2,0,0,500,0,0,1,499,0,381,49,70,0,0,0,500,0
h00,4682820477415630882,p3,0,0,500,0,0,0,500,0,338,85,77,0,0,0,500,0
h00,4701974196630073149,p1,0,0,500,0,20,46,434,0,378,13,109,0,0,0,500,0
h00,4701974196630073149,p2,0,0,500,0,0,0,500,0,377,16,107,0,0,0,500,0
h00,4701974196630073149,p3,0,0,500,0,0,0,500,0,349,10,141,0,0,0,500,0
h00,4706097106558524043,p1,0,0,500,0,16,53,431,0,363,35,102,0,0,0,500,0
h00,4706097106558524043,p2,0,0,500,0,0,0,500,0,403,35,62,0,0,0,500,0
h00,4706097106558524043,p3,0,0,500,0,0,0,500,0,326,87,87,0,0,0,500,0
h00,4710395148153062601,p1,0,0,500,0,24,38,438,0,386,24,90,0,0,0,500,0
h00,4710395148153062601,p2,0,0,500,0,0,0,500,0,364,53,83,0,0,0,500,0
h00,4710395148153062601,p3,0,0,500,0,0,0,500,0,394,13,93,0,0,0,500,0
h00,4719599277082129813,p1,0,0,500,0,18,65,417,0,351,34,115,0,0,0,500,0
h00,4719599277082129813,p2,0,0,500,0,0,0,500,0,356,36,108,0,0,0,500,0
h00,4719599277082129813,p3,0,0,500,0,0,0,500,0,384,24,92,0,0,0,500,0
h00,4761604905378794750,p1,0,0,500,0,11,53,436,0,372,17,111,0,0,0,500,0
h00,4761604905378794750,p2,0,0,500,0,0,0,500,0,354,5,141,0,0,0,500,0
h00,4761604905378794750,p3,0,0,500,0,0,0,500,0,369,4,127,0,0,0,500,0
h00,4768051977963836571,p1,0,0,500,0,16,39,445,0,385,21,94,0,0,0,500,0
h00,4768051977963836571,p2,0,0,500,0,0,0,500,0,335,10,155,0,0,0,500,0
h00,4768051977963836571,p3,0,0,500,0,0,0,500,0,358,28,114,0,0,0,500,0
h00,4770106728149677002,p1,0,0,500,0,18,47,435,0,363,12,125,0,0,0,500,0
h00,4770106728149677002,p2,0,0,500,0,0,1,499,0,362,19,119,0,0,0,500,0
h00,4770106728149677002,p3,0,0,500,0,0,0,500,0,354,10,136,0,0,0,500,0
h00,4776569912368307749,p1,0,0,500,0,15,50,435,0,322,80,98,0,0,0,500,0
h00,4776569912368307749,p2,0,0,500,0,0,1,499,0,364,62,74,0,0,0,500,0
h00,4776569912368307749,p3,0,0,500,0,0,0,500,0,343,57,100,0,0,0,500,0
h00,4820676969040131206,p1,0,0,500,0,13,56,431,0,376,13,111,0,0,0,500,0
h00,4820676969040131206,p2,0,0,500,0,0,1,499,0,339,35,126,0,0,0,500,0
h00,4820676969040131206,p3,0,0,500,0,0,0,500,0,280,26,194,0,0,0,500,0
h00,4862318640375206950,p1,0,0,500,0,20,51,429,0,382,33,85,0,0,0,500,0
h00,4862318640375206950,p2,0,0,500,0,0,1,499,0,394,40,66,0,0,0,500,0
h00,4862318640375206950,p3,0,0,500,0,0,0,500,0,376,50,74,0,0,0,500,0
h00,4900454266220233383,p1,0,0,500,0,20,36,444,0,380,36,84,0,0,0,500,0
h00,4900454266220233383,p2,0,0,500,0,0,1,499,0,366,64,70,0,0,0,500,0
h00,4900454266220233383,p3,0,0,500,0,0,0,500,0,375,45,80,0,0,0,500,0
h00,4905721806287464486,p1,0,0,500,0,14,30,456,0,365,11,124,0,0,0,500,0
h00,4905721806287464486,p2,0,0,500,0,0,0,500,0,365,11,124,0,0,0,500,0
h00,4905721806287464486,p3,0,0,500,0,0,0,500,0,349,20,131,0,0,0,500,0
h00,4909920547801250209,p1,0,0,500,0,8,44,448,0,351,19,130,0,0,0,500,0
h00,4909920547801250209,p2,0,0,500,0,0,1,499,0,313,100,87,0,0,0,500,0
h00,4909920547801250209,p3,0,0,500,0,0,1,499,0,375,30,95,0,0,0,500,0
h00,4914366003619832907,p1,0,0,500,0,19,50,431,0,361,12,127,0,0,0,500,0
h00,4914366003619832907,p2,0,0,500,0,0,3,497,0,372,6,122,0,0,0,500,0
h00,4914366003619832907,p3,0,0,500,0,0,0,500,0,360,8,132,0,0,0,500,0
h00,4915224663294039873,p1,0,0,500,0,15,39,446,0,393,8,99,0,0,0,500,0
h00,4915224663294039873,p2,0,0,500,0,0,0,500,0,378,35,87,0,0,0,500,0
h00,4915224663294039873,p3,0,0,500,0,0,0,500,0,328,54,118,0,0,0,500,0
h00,4922505198070280850,p1,0,0,500,0,7,53,440,0,375,13,112,0,0,0,500,0
h00,4922505198070280850,p2,0,0,500,0,0,2,498,0,331,23,146,0,0,0,500,0
h00,4922505198070280850,p3,0,0,500,0,0,0,500,0,346,12,142,0,0,0,500,0
h00,4933412016100677327,p1,0,0,500,0,6,37,457,0,362,7,131,0,0,0,500,0
h00,4933412016100677327,p2,0,0,500,0,0,1,499,0,299,19,182,0,0,0,500,0
h00,4933412016100677327,p3,0,0,500,0,0,0,500,0,339,10,151,0,0,0,500,0
h00,4942833993149056767,p1,0,0,500,0,11,49,440,0,360,38,102,0,0,0,500,0
h00,4942833993149056767,p2,0,0,500,0,0,2,498,0,362,76,62,0,0,0,500,0
h00,4942833993149056767,p3,0,0,500,0,0,0,500,0,374,60,66,0,0,0,500,0
h00,4945630087682338825,p1,0,0,500,0,16,45,439,0,362,15,123,0,0,0,500,0
h00,4945630087682338825,p2,0,0,500,0,0,1,499,0,331,6,163,0,0,0,500,0
h00,4945630087682338825,p3,0,0,500,0,0,0,500,0,375,22,103,0,0,0,500,0
h00,495239681966857437,p1,0,0,500,0,23,43,434,0,369,7,124,0,0,0,500,0
h00,495239681966857437,p2,0,0,500,0,0,1,499,0,375,8,117,0,0,0,500,0
h00,495239681966857437,p3,0,0,500,0,0,0,500,0,311,5,184,0,0,0,500,0
h00,4957936069046283899,p1,0,0,500,0,13,46,441,0,373,19,108,0,0,0,500,0
h00,4957936069046283899,p2,0,0,500,0,0,0,500,0,358,65,77,0,0,0,500,0
h00,4957936069046283899,p3,0,0,500,0,0,0,500,0,372,39,89,0,0,0,500,0
h00,4960850976546984861,p1,0,0,500,0,7,51,442,0,390,29,81,0,0,0,500,0
h00,4960850976546984861,p2,0,0,500,0,0,0,500,0,379,52,69,0,0,0,500,0
h00,4960850976546984861,p3,0,0,500,0,0,0,500,0,337,74,89,0,0,0,500,0
h00,4999843418850662325,p1,0,0,500,0,24,43,433,0,384,8,108,0,0,0,500,0
h00,4999843418850662325,p2,0,0,500,0,0,1,499,0,338,14,148,0,0,0,500,0
h00,4999843418850662325,p3,0,0,500,0,0,0,500,0,378,6,116,0,0,0,500,0
h00,500865030532099991,p1,0,0,500,0,15,55,430,0,356,17,127,0,0,0,500,0
h00,500865030532099991,p2,0,0,500,0,0,0,500,0,323,17,160,0,0,0,500,0
h00,500865030532099991,p3,0,0,500,0,0,0,500,0,300,33,167,0,0,0,500,0
h00,5008997459668920199,p1,0,0,500,0,17,47,436,0,371,15,114,0,0,0,500,0
h00,5008997459668920199,p2,0,0,500,0,0,1,499,0,370,30,100,0,0,0,500,0
h00,5008997459668920199,p3,0,0,500,0,0,0,500,0,357,37,106,0,0,0,500,0
h00,5013579648388910214,p1,0,0,500,0,16,50,434,0,372,10,118,0,0,0,500,0
h00,5013579648388910214,p2,0,0,500,0,0,1,499,0,367,12,121,0,0,0,500,0
h00,5013579648388910214,p3,0,0,500,0,0,0,500,0,348,7,145,0,0,0,500,0
h00,5023086294497998696,p1,0,0,500,0,11,50,439,0,362,24,114,0,0,0,500,0
h00,5023086294497998696,p2,0,0,500,0,0,0,500,0,382,25,93,0,0,0,500,0
h00,5023086294497998696,p3,0,0,500,0,0,0,500,0,307,71,122,0,0,0,500,0
h00,5099936664436716099,p1,0,0,500,0,17,52,431,0,363,15,122,0,0,0,500,0
h00,5099936664436716099,p2,0,0,500,0,1,2,497,0,372,9,119,0,0,0,500,0
h00,5099936664436716099,p3,0,0,500,0,0,0,500,0,285,8,207,0,0,0,500,0
h00,510538756595451643,p1,0,0,500,0,12,56,432,0,364,6,130,0,0,0,500,0
h00,510538756595451643,p2,0,0,500,0,0,2,498,0,348,10,142,0,0,0,500,0
h00,510538756595451643,p3,0,0,500,0,0,0,500,0,350,12,138,0,0,0,500,0
h00,5113713841006917347,p1,0,0,500,0,17,41,442,0,367,11,122,0,0,0,500,0
h00,5113713841006917347,p2,0,0,500,0,0,1,499,0,361,4,135,0,0,0,500,0
h00,5113713841006917347,p3,0,0,500,0,0,0,500,0,347,5,148,0,0,0,500,0
h00,5121017319441665793,p1,0,0,500,0,15,49,436,0,377,8,115,0,0,0,500,0
h00,5121017319441665793,p2,0,0,500,0,0,0,500,0,287,25,188,0,0,0,500,0
h00,5121017319441665793,p3,0,0,500,0,0,0,500,0,373,21,106,0,0,0,500,0
h00,5125311003961098146,p1,0,0,500,0,17,62,421,0,357,30,113,0,0,0,500,0
h00,5125311003961098146,p2,0,0,500,0,0,0,500,0,333,80,87,0,0,0,500,0
h00,5125311003961098146,p3,0,0,500,0,0,0,500,0,344,93,63,0,0,0,500,0
h00,5130782248403526820,p1,0,0,500,0,12,46,442,0,377,3,120,0,0,0,500,0
h00,5130782248403526820,p2,0,0,500,0,0,0,500,0,366,11,123,0,0,0,500,0
h00,5130782248403526820,p3,0,0,500,0,0,0,500,0,367,22,111,0,0,0,500,0
h00,5131756339351306096,p1,0,0,500,0,15,47,438,0,390,15,95,0,0,0,500,0
h00,5131756339351306096,p2,0,0,500,0,0,1,499,0,363,23,114,0,0,0,500,0
h00,5131756339351306096,p3,0,0,500,0,0,0,500,0,398,9,93,0,0,0,500,0
h00,5142132378030356315,p1,0,0,500,0,16,47,437,0,374,42,84,0,0,0,500,0
h00,5142132378030356315,p2,0,0,500,0,0,0,500,0,367,73,60,0,0,0,500,0
h00,5142132378030356315,p3,0,0,500,0,0,1,499,0,360,51,89,0,0,0,500,0
h00,5175702763526995636,p1,0,0,500,0,19,44,437,0,371,19,110,0,0,0,500,0
h00,5175702763526995636,p2,0,0,500,0,0,0,500,0,312,4,184,0,0,0,500,0
h00,5175702763526995636,p3,0,0,500,0,0,0,500,0,264,20,216,0,0,0,500,0
h00,5191752431184455540,p1,0,0,500,0,14,28,458,0,389,9,102,0,0,0,500,0
h00,5191752431184455540,p2,0,0,500,0,0,0,500,0,378,19,103,0,0,0,500,0
h00,5191752431184455540,p3,0,0,500,0,0,0,500,0,339,85,76,0,0,0,500,0
h00,525394873325788045,p1,0,0,500,0,11,43,446,0,382,8,110,0,0,0,500,0
h00,525394873325788045,p2,0,0,500,0,0,0,500,0,351,15,134,0,0,0,500,0
h00,525394873325788045,p3,0,0,500,0,0,0,500,0,328,5,167,0,0,0,500,0
h00,5269918019840730076,p1,0,0,500,0,15,39,446,0,349,21,130,0,0,0,500,0
h00,5269918019840730076,p2,0,0,500,0,0,0,500,0,349,13,138,0,0,0,500,0
h00,5269918019840730076,p3,0,0,500,0,0,0,500,0,287,31,182,0,0,0,500,0
h00,5272992846921558164,p1,0,0,500,0,11,45,444,0,395,16,89,0,0,0,500,0
h00,5272992846921558164,p2,0,0,500,0,0,0,500,0,304,44,152,0,0,0,500,0
h00,5272992846921558164,p3,0,0,500,0,0,0,500,0,314,35,151,0,0,0,500,0
h00,5282344227444082682,p1,0,0,500,0,18,49,433,0,374,14,112,0,0,0,500,0
h00,5282344227444082682,p2,0,0,500,0,0,1,499,0,350,14,136,0,0,0,500,0
h00,5282344227444082682,p3,0,0,500,0,0,0,500,0,357,7,136,0,0,0,500,0
h00,5288204790441862211,p1,0,0,500,0,13,45,442,0,383,9,108,0,0,0,500,0
h00,5288204790441862211,p2,0,0,500,0,0,3,497,0,358,22,120,0,0,0,500,0
h00,5288204790441862211,p3,0,0,500,0,0,0,500,0,329,18,153,0,0,0,500,0
h00,5294029148979271320,p1,0,0,500,0,22,53,425,0,381,21,98,0,0,0,500,0
h00,5294029148979271320,p2,0,0,500,0,2,1,497,0,355,76,69,0,0,0,500,0
h00,5294029148979271320,p3,0,0,500,0,0,0,500,0,325,84,91,0,0,0,500,0
h00,5309441674361370314,p1,0,0,500,0,14,38,448,0,381,4,115,0,0,0,500,0
h00,5309441674361370314,p2,0,0,500,0,0,1,499,0,362,15,123,0,0,0,500,0
h00,5309441674361370314,p3,0,0,500,0,0,0,500,0,369,11,120,0,0,0,500,0
h00,5323552524682102454,p1,0,0,500,0,17,62,421,0,374,6,120,0,0,0,500,0
h00,5323552524682102454,p2,0,0,500,0,0,1,499,0,377,20,103,0,0,0,500,0
h00,5323552524682102454,p3,0,0,500,0,0,0,500,0,380,6,114,0,0,0,500,0
h00,534682968402810412,p1,0,0,500,0,11,42,447,0,373,25,102,0,0,0,500,0
h00,534682968402810412,p2,0,0,500,0,0,1,499,0,303,92,105,0,0,0,500,0
h00,534682968402810412,p3,0,0,500,0,0,0,500,0,345,42,113,0,0,0,500,0
h00,5363488049418491823,p1,0,0,500,0,9,49,442,0,370,11,119,0,0,0,500,0
h00,5363488049418491823,p2,0,0,500,0,0,0,500,0,389,30,81,0,0,0,500,0
h00,5363488049418491823,p3,0,0,500,0,0,0,500,0,378,9,113,0,0,0,500,0
h00,5364969804020168958,p1,0,0,500,0,18,43,439,0,362,33,105,0,0,0,500,0
h00,5364969804020168958,p2,0,0,500,0,0,1,499,0,389,48,63,0,0,0,500,0
h00,5364969804020168958,p3,0,0,500,0,0,0,500,0,336,100,64,0,0,0,500,0
h00,5380802345488473922,p1,0,0,500,0,11,35,454,0,354,9,137,0,0,0,500,0
h00,5380802345488473922,p2,0,0,500,0,0,1,499,0,365,12,123,0,0,0,500,0
h00,5380802345488473922,p3,0,0,500,0,0,0,500,0,383,5,112,0,0,0,500,0
h00,5387207891766409458,p1,0,0,500,0,20,45,435,0,359,38,103,0,0,0,500,0
h00,5387207891766409458,p2,0,0,500,0,0,0,500,0,335,101,64,0,0,0,500,0
h00,5387207891766409458,p3,0,0,500,0,0,0,500,0,315,110,75,0,0,0,500,0
h00,540664547929555737,p1,0,0,500,0,16,50,434,0,352,11,137,0,0,0,500,0
h00,540664547929555737,p2,0,0,500,0,0,1,499,0,370,9,121,0,0,0,500,0
h00,540664547929555737,p3,0,0,500,0,0,0,500,0,359,70,71,0,0,0,500,0
h00,5412404492194880799,p1,0,0,500,0,12,45,443,0,369,13,118,0,0,0,500,0
h00,5412404492194880799,p2,0,0,500,0,0,0,500,0,376,6,118,0,0,0,500,0
h00,5412404492194880799,p3,0,0,500,0,0,0,500,0,371,9,120,0,0,0,500,0
h00,5494243895140297771,p1,0,0,500,0,26,39,435,0,363,13,124,0,0,0,500,0
h00,5494243895140297771,p2,0,0,500,0,0,0,500,0,388,14,98,0,0,0,500,0
h00,5494243895140297771,p3,0,0,500,0,0,0,500,0,366,15,119,0,0,0,500,0
h00,5504366416798345637,p1,0,0,500,0,16,41,443,0,372,7,121,0,0,0,500,0
h00,5504366416798345637,p2,0,0,500,0,0,1,499,0,312,9,179,0,0,0,500,0
h00,5504366416798345637,p3,0,0,500,0,0,0,500,0,231,5,264,0,0,0,500,0
h00,5530463527378831952,p1,0,0,500,0,17,46,437,0,370,15,115,0,0,0,500,0
h00,5530463527378831952,p2,0,0,500,0,0,1,499,0,394,7,99,0,0,0,500,0
h00,5530463527378831952,p3,0,0,500,0,0,0,500,0,395,7,98,0,0,0,500,0
h00,5555576242711617050,p1,0,0,500,0,22,45,433,0,375,10,115,0,0,0,500,0
h00,5555576242711617050,p2,0,0,500,0,0,0,500,0,391,5,104,0,0,0,500,0
h00,5555576242711617050,p3,0,0,500,0,0,0,500,0,344,21,135,0,0,0,500,0
h00,5575988644636347335,p1,0,0,500,0,10,38,452,0,386,7,107,0,0,0,500,0
h00,5575988644636347335,p2,0,0,500,0,0,1,499,0,340,20,140,0,0,0,500,0
h00,5575988644636347335,p3,0,0,500,0,0,0,500,0,357,6,137,0,0,0,500,0
h00,5577896734766994341,p1,0,0,500,0,10,52,438,0,374,6,120,0,0,0,500,0
h00,5577896734766994341,p2,0,0,500,0,0,1,499,0,351,17,132,0,0,0,500,0
h00,5577896734766994341,p3,0,0,500,0,0,0,500,0,363,8,129,0,0,0,500,0
h00,5589931410833221459,p1,0,0,500,0,19,52,429,0,360,12,128,0,0,0,500,0
h00,5589931410833221459,p2,0,0,500,0,0,1,499,0,365,16,119,0,0,0,500,0
h00,5589931410833221459,p3,0,0,500,0,0,0,500,0,313,13,174,0,0,0,500,0
h00,5598360236744566589,p1,0,0,500,0,18,44,438,0,378,7,115,0,0,0,500,0
h00,5598360236744566589,p2,0,0,500,0,0,0,500,0,383,8,109,0,0,0,500,0
h00,5598360236744566589,p3,0,0,500,0,0,0,500,0,376,14,110,0,0,0,500,0
h00,564114765938807808,p1,0,0,500,0,12,41,447,0,374,14,112,0,0,0,500,0
h00,564114765938807808,p2,0,0,500,0,0,1,499,0,361,11,128,0,0,0,500,0
h00,564114765938807808,p3,0,0,500,0,0,0,500,0,369,20,111,0,0,0,500,0
h00,566651619964385672,p1,0,0,500,0,9,59,432,0,375,31,94,0,0,0,500,0
h00,566651619964385672,p2,0,0,500,0,0,3,497,0,361,66,73,0,0,0,500,0
h00,566651619964385672,p3,0,0,500,0,0,0,500,0,361,69,70,0,0,0,500,0
h00,5677124165915266368,p1,0,0,500,0,15,47,438,0,376,16,108,0,0,0,500,0
h00,5677124165915266368,p2,0,0,500,0,0,3,497,0,331,20,149,0,0,0,500,0
h00,5677124165915266368,p3,0,0,500,0,0,1,499,0,363,25,112,0,0,0,500,0
h00,5684708423175688045,p1,0,0,500,0,12,39,449,0,391,6,103,0,0,0,500,0
h00,5684708423175688045,p2,0,0,500,0,0,0,500,0,386,11,103,0,0,0,500,0
h00,5684708423175688045,p3,0,0,500,0,0,0,500,0,366,3,131,0,0,0,500,0
h00,5695937518333762421,p1,0,0,500,0,21,40,439,0,390,9,101,0,0,0,500,0
h00,5695937518333762421,p2,0,0,500,0,0,1,499,0,382,6,112,0,0,0,500,0
h00,5695937518333762421,p3,0,0,500,0,0,0,500,0,314,7,179,0,0,0,500,0
h00,5735050356341273087,p1,0,0,500,0,10,58,432,0,355,8,137,0,0,0,500,0
h00,5735050356341273087,p2,0,0,500,0,0,1,499,0,348,7,145,0,0,0,500,0
h00,5735050356341273087,p3,0,0,500,0,0,0,500,0,380,3,117,0,0,0,500,0
h00,5743287625190340845,p1,0,0,500,0,20,45,435,0,380,8,112,0,0,0,500,0
h00,5743287625190340845,p2,0,0,500,0,0,0,500,0,388,16,96,0,0,0,500,0
h00,5743287625190340845,p3,0,0,500,0,0,0,500,0,376,5,119,0,0,0,500,0
h00,5751491243944354970,p1,0,0,500,0,19,47,434,0,359,16,125,0,0,0,500,0
h00,5751491243944354970,p2,0,0,500,0,0,1,499,0,368,10,122,0,0,0,500,0
h00,5751491243944354970,p3,0,0,500,0,0,0,500,0,398,20,82,0,0,0,500,0
h00,582610902720345849,p1,0,0,500,0,12,47,441,0,356,12,132,0,0,0,500,0
h00,582610902720345849,p2,0,0,500,0,0,2,498,0,389,17,94,0,0,0,500,0
h00,582610902720345849,p3,0,0,500,0,0,0,500,0,360,9,131,0,0,0,500,0
h00,5877867198804483213,p1,0,0,500,0,21,58,421,0,371,9,120,0,0,0,500,0
h00,5877867198804483213,p2,0,0,500,0,0,1,499,0,299,12,189,0,0,0,500,0
h00,5877867198804483213,p3,0,0,500,0,0,0,500,0,358,13,129,0,0,0,500,0
h00,5896384398177591093,p1,0,0,500,0,14,44,442,0,354,34,112,0,0,0,500,0
h00,5896384398177591093,p2,0,0,500,0,0,0,500,0,362,64,74,0,0,0,500,0
h00,5896384398177591093,p3,0,0,500,0,0,0,500,0,379,63,58,0,0,0,500,0
h00,5923778632858078141,p1,0,0,500,0,19,43,438,0,384,11,105,0,0,0,500,0
h00,5923778632858078141,p2,0,0,500,0,0,2,498,0,373,20,107,0,0,0,500,0
h00,5923778632858078141,p3,0,0,500,0,0,0,500,0,380,8,112,0,0,0,500,0
h00,592565897307866256,p1,0,0,500,0,11,52,437,0,359,45,96,0,0,0,500,0
h00,592565897307866256,p2,0,0,500,0,0,0,500,0,343,70,87,0,0,0,500,0
h00,592565897307866256,p3,0,0,500,0,0,1,499,0,349,87,64,0,0,0,500,0
h00,5966097897883737573,p1,0,0,500,0,17,54,429,0,377,11,112,0,0,0,500,0
h00,5966097897883737573,p2,0,0,500,0,0,0,500,0,372,10,118,0,0,0,500,0
h00,5966097897883737573,p3,0,0,500,0,0,1,499,0,322,80,98,0,0,0,500,0
h00,5967626245496002603,p1,0,0,500,0,13,45,442,0,355,28,117,0,0,0,500,0
h00,5967626245496002603,p2,0,0,500,0,0,0,500,0,361,24,115,0,0,0,500,0
h00,5967626245496002603,p3,0,0,500,0,0,0,500,0,333,35,132,0,0,0,500,0
h00,5986974206251402170,p1,0,0,500,0,11,53,436,0,370,17,113,0,0,0,500,0
h00,5986974206251402170,p2,0,0,500,0,0,0,500,0,364,15,121,0,0,0,500,0
h00,5986974206251402170,p3,0,0,500,0,0,0,500,0,341,18,141,0,0,0,500,0
h00,5987750805416027596,p1,0,0,500,0,11,41,448,0,384,13,103,0,0,0,500,0
h00,5987750805416027596,p2,0,0,500,0,0,0,500,0,384,8,108,0,0,0,500,0
h00,5987750805416027596,p3,0,0,500,0,0,0,500,0,322,17,161,0,0,0,500,0
h00,5999603022608345824,p1,0,0,500,0,12,43,445,0,377,11,112,0,0,0,500,0
h00,5999603022608345824,p2,0,0,500,0,0,0,500,0,366,6,128,0,0,0,500,0
h00,5999603022608345824,p3,0,0,500,0,0,1,499,0,378,11,111,0,0,0,500,0
h00,6021051998319135647,p1,0,0,500,0,15,42,443,0,380,6,114,0,0,0,500,0
h00,6021051998319135647,p2,0,0,500,0,0,1,499,0,369,16,115,0,0,0,500,0
h00,6021051998319135647,p3,0,0,500,0,0,0,500,0,346,12,142,0,0,0,500,0
h00,6057075743393249859,p1,0,0,500,0,14,48,438,0,363,12,125,0,0,0,500,0
h00,6057075743393249859,p2,0,0,500,0,0,1,499,0,346,39,115,0,0,0,500,0
h00,6057075743393249859,p3,0,0,500,0,0,0,500,0,362,44,94,0,0,0,500,0
h00,6058931797855114365,p1,0,0,500,0,13,42,445,0,372,21,107,0,0,0,500,0
h00,6058931797855114365,p2,0,0,500,0,0,0,500,0,357,13,130,0,0,0,500,0
h00,6058931797855114365,p3,0,0,500,0,0,0,500,0,373,27,100,0,0,0,500,0
h00,6076716814428451044,p1,0,0,500,0,12,45,443,0,369,17,114,0,0,0,500,0
h00,6076716814428451044,p2,0,0,500,0,1,1,498,0,332,27,141,0,0,0,500,0
h00,6076716814428451044,p3,0,0,500,0,0,0,500,0,375,6,119,0,0,0,500,0
h00,6091988916623446105,p1,0,0,500,0,21,44,435,0,374,16,110,0,0,0,500,0
h00,6091988916623446105,p2,0,0,500,0,0,1,499,0,338,36,126,0,0,0,500,0
h00,6091988916623446105,p3,0,0,500,0,0,0,500,0,368,10,122,0,0,0,500,0
h00,6096569785520920641,p1,0,0,500,0,13,55,432,0,378,6,116,0,0,0,500,0
h00,6096569785520920641,p2,0,0,500,0,0,1,499,0,380,10,110,0,0,0,500,0
h00,6096569785520920641,p3,0,0,500,0,0,1,499,0,380,11,109,0,0,0,500,0
h00,6102556247954396050,p1,0,0,500,0,13,53,434,0,390,12,98,0,0,0,500,0
h00,6102556247954396050,p2,0,0,500,0,0,1,499,0,354,21,125,0,0,0,500,0
h00,6102556247954396050,p3,0,0,500,0,0,0,500,0,356,4,140,0,0,0,500,0
h00,6142107552244125784,p1,0,0,500,0,11,38,451,0,374,7,119,0,0,0,500,0
h00,6142107552244125784,p2,0,0,500,0,0,1,499,0,333,24,143,0,0,0,500,0
h00,6142107552244125784,p3,0,0,500,0,0,0,500,0,363,11,126,0,0,0,500,0
h00,6142901293428679179,p1,0,0,500,0,10,38,452,0,381,33,86,0,0,0,500,0
h00,6142901293428679179,p2,0,0,500,0,0,1,499,0,370,67,63,0,0,0,500,0
h00,6142901293428679179,p3,0,0,500,0,0,1,499,0,355,71,74,0,0,0,500,0
h00,6149702160903447389,p1,0,0,500,0,14,48,438,0,362,27,111,0,0,0,500,0
h00,6149702160903447389,p2,0,0,500,0,0,2,498,0,352,73,75,0,0,0,500,0
h00,6149702160903447389,p3,0,0,500,0,0,0,500,0,329,101,70,0,0,0,500,0
h00,6153988684505601336,p1,0,0,500,0,17,32,451,0,371,7,122,0,0,0,500,0
h00,6153988684505601336,p2,0,0,500,0,0,0,500,0,374,4,122,0,0,0,500,0
h00,6153988684505601336,p3,0,0,500,0,0,1,499,0,389,6,105,0,0,0,500,0
h00,6182275259578982702,p1,0,0,500,0,20,39,441,0,383,10,107,0,0,0,500,0
h00,6182275259578982702,p2,0,0,500,0,0,1,499,0,368,20,112,0,0,0,500,0
h00,6182275259578982702,p3,0,0,500,0,0,0,500,0,386,14,100,0,0,0,500,0
h00,6187119608957122884,p1,0,0,500,0,14,50,436,0,361,8,131,0,0,0,500,0
h00,6187119608957122884,p2,0,0,500,0,0,0,500,0,369,24,107,0,0,0,500,0
h00,6187119608957122884,p3,0,0,500,0,0,0,500,0,288,53,159,0,0,0,500,0
h00,6216102812433735615,p1,0,0,500,0,10,48,442,0,382,12,106,0,0,0,500,0
h00,6216102812433735615,p2,0,0,500,0,0,0,500,0,352,25,123,0,0,0,500,0
h00,6216102812433735615,p3,0,0,500,0,0,0,500,0,353,24,123,0,0,0,500,0
h00,6245060847863644573,p1,0,0,500,0,20,59,421,0,381,10,109,0,0,0,500,0
h00,6245060847863644573,p2,0,0,500,0,0,1,499,0,323,8,169,0,0,0,500,0
h00,6245060847863644573,p3,0,0,500,0,0,0,500,0,371,15,114,0,0,0,500,0
h00,6248453267288648286,p1,0,0,500,0,16,49,435,0,368,6,126,0,0,0,500,0
h00,6248453267288648286,p2,0,0,500,0,0,0,500,0,364,12,124,0,0,0,500,0
h00,6248453267288648286,p3,0,0,500,0,0,0,500,0,354,17,129,0,0,0,500,0
h00,6268286312611743201,p1,0,0,500,0,15,38,447,0,380,23,97,0,0,0,500,0
h00,6268286312611743201,p2,0,0,500,0,0,1,499,0,372,43,85,0,0,0,500,0
h00,6268286312611743201,p3,0,0,500,0,0,0,500,0,353,62,85,0,0,0,500,0
h00,6279418848049494834,p1,0,0,500,0,19,57,424,0,353,7,140,0,0,0,500,0
h00,6279418848049494834,p2,0,0,500,0,0,0,500,0,349,3,148,0,0,0,500,0
h00,6279418848049494834,p3,0,0,500,0,0,0,500,0,310,13,177,0,0,0,500,0
h00,6279972912461099210,p1,0,0,500,0,17,55,428,0,368,5,127,0,0,0,500,0
h00,6279972912461099210,p2,0,0,500,0,0,0,500,0,350,24,126,0,0,0,500,0
h00,6279972912461099210,p3,0,0,500,0,0,0,500,0,394,43,63,0,0,0,500,0
h00,6294659728424314545,p1,0,0,500,0,20,54,426,0,352,28,120,0,0,0,500,0
h00,6294659728424314545,p2,0,0,500,0,0,1,499,0,366,48,86,0,0,0,500,0
h00,6294659728424314545,p3,0,0,500,0,0,0,500,0,321,63,116,0,0,0,500,0
h00,6298264654517554389,p1,0,0,500,0,14,58,428,0,379,12,109,0,0,0,500,0
h00,6298264654517554389,p2,0,0,500,0,0,0,500,0,354,4,142,0,0,0,500,0
h00,6298264654517554389,p3,0,0,500,0,0,0,500,0,362,17,121,0,0,0,500,0
h00,6316607662922444508,p1,0,0,500,0,24,52,424,0,375,16,109,0,0,0,500,0
h00,6316607662922444508,p2,0,0,500,0,0,0,500,0,362,20,118,0,0,0,500,0
h00,6316607662922444508,p3,0,0,500,0,0,0,500,0,321,7,172,0,0,0,500,0
h00,631848876776257220,p1,0,0,500,0,16,37,447,0,353,7,140,0,0,0,500,0
h00,631848876776257220,p2,0,0,500,0,0,2,498,0,379,5,116,0,0,0,500,0
h00,631848876776257220,p3,0,0,500,0,0,0,500,0,383,6,111,0,0,0,500,0
h00,6321062789491697069,p1,0,0,500,0,22,45,433,0,367,8,125,0,0,0,500,0
h00,6321062789491697069,p2,0,0,500,0,0,0,500,0,360,4,136,0,0,0,500,0
h00,6321062789491697069,p3,0,0,500,0,0,0,500,0,353,21,126,0,0,0,500,0
h00,6330842358142281215,p1,0,0,500,0,15,52,433,0,386,29,85,0,0,0,500,0
h00,6330842358142281215,p2,0,0,500,0,0,1,499,0,326,49,125,0,0,0,500,0
h00,6330842358142281215,p3,0,0,500,0,0,0,500,0,368,54,78,0,0,0,500,0
h00,6365740906042809987,p1,0,0,500,0,10,42,448,0,362,16,122,0,0,0,500,0
h00,6365740906042809987,p2,0,0,500,0,0,0,500,0,385,12,103,0,0,0,500,0
h00,6365740906042809987,p3,0,0,500,0,0,0,500,0,319,3,178,0,0,0,500,0
h00,6369446958740231179,p1,0,0,500,0,13,45,442,0,360,9,131,0,0,0,500,0
h00,6369446958740231179,p2,0,0,500,0,0,2,498,0,317,5,178,0,0,0,500,0
h00,6369446958740231179,p3,0,0,500,0,0,0,500,0,305,11,184,0,0,0,500,0
h00,6388046067934644878,p1,0,0,500,0,17,46,437,0,403,7,90,0,0,0,500,0
h00,6388046067934644878,p2,0,0,500,0,0,1,499,0,372,15,113,0,0,0,500,0
h00,6388046067934644878,p3,0,0,500,0,0,1,499,0,285,16,199,0,0,0,500,0
h00,6390219985221663186,p1,0,0,500,0,20,48,432,0,347,18,135,0,0,0,500,0
h00,6390219985221663186,p2,0,0,500,0,0,0,500,0,333,6,161,0,0,0,500,0
h00,6390219985221663186,p3,0,0,500,0,0,0,500,0,349,21,130,0,0,0,500,0
h00,6401605579492917020,p1,0,0,500,0,16,48,436,0,371,9,120,0,0,0,500,0
h00,6401605579492917020,p2,0,0,500,0,0,1,499,0,375,16,109,0,0,0,500,0
h00,6401605579492917020,p3,0,0,500,0,0,0,500,0,349,8,143,0,0,0,500,0
h00,641636437544024340,p1,0,0,500,0,11,43,446,0,383,7,110,0,0,0,500,0
h00,641636437544024340,p2,0,0,500,0,0,0,500,0,373,10,117,0,0,0,500,0
h00,641636437544024340,p3,0,0,500,0,0,0,500,0,379,10,111,0,0,0,500,0
h00,643982821711063766,p1,0,0,500,0,13,57,430,0,373,18,109,0,0,0,500,0
h00,643982821711063766,p2,0,0,500,0,0,1,499,0,369,9,122,0,0,0,500,0
h00,643982821711063766,p3,0,0,500,0,0,0,500,0,342,25,133,0,0,0,500,0
h00,647443937031552221,p1,0,0,500,0,8,57,435,0,365,14,121,0,0,0,500,0
h00,647443937031552221,p2,0,0,500,0,0,1,499,0,392,14,94,0,0,0,500,0
h00,647443937031552221,p3,0,0,500,0,0,0,500,0,322,4,174,0,0,0,500,0
h00,6503596935745530043,p1,0,0,500,0,15,41,444,0,384,5,111,0,0,0,500,0
h00,6503596935745530043,p2,0,0,500,0,0,1,499,0,309,4,187,0,0,0,500,0
h00,6503596935745530043,p3,0,0,500,0,0,0,500,0,326,26,148,0,0,0,500,0
h00,6506553296870930074,p1,0,0,500,0,23,46,431,0,370,17,113,0,0,0,500,0
h00,6506553296870930074,p2,0,0,500,0,0,0,500,0,360,8,132,0,0,0,500,0
h00,6506553296870930074,p3,0,0,500,0,0,0,500,0,378,8,114,0,0,0,500,0
h00,6507577593214617596,p1,0,0,500,0,15,47,438,0,379,9,112,0,0,0,500,0
h00,6507577593214617596,p2,0,0,500,0,0,1,499,0,370,13,117,0,0,0,500,0
h00,6507577593214617596,p3,0,0,500,0,0,0,500,0,323,14,163,0,0,0,500,0
h00,6507597390382727529,p1,0,0,500,0,13,49,438,0,393,27,80,0,0,0,500,0
h00,6507597390382727529,p2,0,0,500,0,0,1,499,0,310,126,64,0,0,0,500,0
h00,6507597390382727529,p3,0,0,500,0,0,0,500,0,368,50,82,0,0,0,500,0
h00,6519849540173404995,p1,0,0,500,0,14,50,436,0,338,44,118,0,0,0,500,0
h00,6519849540173404995,p2,0,0,500,0,0,2,498,0,363,55,82,0,0,0,500,0
h00,6519849540173404995,p3,0,0,500,0,0,0,500,0,342,57,101,0,0,0,500,0
h00,6533009675320697226,p1,0,0,500,0,16,45,439,0,371,10,119,0,0,0,500,0
h00,6533009675320697226,p2,0,0,500,0,0,0,500,0,384,16,100,0,0,0,500,0
h00,6533009675320697226,p3,0,0,500,0,0,0,500,0,336,20,144,0,0,0,500,0
h00,6545518064646104054,p1,0,0,500,0,18,45,437,0,362,19,119,0,0,0,500,0
h00,6545518064646104054,p2,0,0,500,0,0,0,500,0,386,38,76,0,0,0,500,0
h00,6545518064646104054,p3,0,0,500,0,0,1,499,0,328,93,79,0,0,0,500,0
h00,6549234978829928161,p1,0,0,500,0,18,43,439,0,365,13,122,0,0,0,500,0
h00,6549234978829928161,p2,0,0,500,0,0,0,500,0,357,17,126,0,0,0,500,0
h00,6549234978829928161,p3,0,0,500,0,0,1,499,0,382,17,101,0,0,0,500,0
h00,65804915343391885,p1,0,0,500,0,15,52,433,0,374,9,117,0,0,0,500,0
h00,65804915343391885,p2,0,0,500,0,0,3,497,0,344,96,60,0,0,0,500,0
h00,65804915343391885,p3,0,0,500,0,0,0,500,0,373,32,95,0,0,0,500,0
h00,6602777850808966930,p1,0,0,500,0,15,43,442,0,376,14,110,0,0,0,500,0
h00,6602777850808966930,p2,0,0,500,0,0,4,496,0,330,21,149,0,0,0,500,0
h00,6602777850808966930,p3,0,0,500,0,0,0,500,0,366,28,106,0,0,0,500,0
h00,6614165815480497416,p1,0,0,500,0,19,60,421,0,375,8,117,0,0,0,500,0
h00,6614165815480497416,p2,0,0,500,0,0,0,500,0,385,16,99,0,0,0,500,0
h00,6614165815480497416,p3,0,0,500,0,0,0,500,0,300,43,157,0,0,0,500,0
h00,6641123762054388865,p1,0,0,500,0,8,30,462,0,365,16,119,0,0,0,500,0
h00,6641123762054388865,p2,0,0,500,0,0,2,498,0,355,19,126,0,0,0,500,0
h00,6641123762054388865,p3,0,0,500,0,0,0,500,0,327,72,101,0,0,0,500,0
h00,6644732085938357553,p1,0,0,500,0,8,47,445,0,362,32,106,0,0,0,500,0
h00,6644732085938357553,p2,0,0,500,0,0,0,500,0,349,26,125,0,0,0,500,0
h00,6644732085938357553,p3,0,0,500,0,0,0,500,0,325,53,122,0,0,0,500,0
h00,6709291199667742986,p1,0,0,500,0,11,54,435,0,378,17,105,0,0,0,500,0
h00,6709291199667742986,p2,0,0,500,0,0,0,500,0,327,24,149,0,0,0,500,0
h00,6709291199667742986,p3,0,0,500,0,0,0,500,0,356,4,140,0,0,0,500,0
h00,6709723214742769548,p1,0,0,500,0,10,46,444,0,337,42,121,0,0,0,500,0
h00,6709723214742769548,p2,0,0,500,0,0,1,499,0,358,49,93,0,0,0,500,0
h00,6709723214742769548,p3,0,0,500,0,0,0,500,0,343,84,73,0,0,0,500,0
h00,6724469538051210294,p1,0,0,500,0,15,39,446,0,375,5,120,0,0,0,500,0
h00,6724469538051210294,p2,0,0,500,0,0,1,499,0,377,9,114,0,0,0,500,0
h00,6724469538051210294,p3,0,0,500,0,0,0,500,0,360,4,136,0,0,0,500,0
h00,6733800802724055226,p1,0,0,500,0,18,53,429,0,366,10,124,0,0,0,500,0
h00,6733800802724055226,p2,0,0,500,0,0,1,499,0,330,6,164,0,0,0,500,0
h00,6733800802724055226,p3,0,0,500,0,0,0,500,0,384,9,107,0,0,0,500,0
h00,6750357892348545913,p1,0,0,500,0,17,51,432,0,385,13,102,0,0,0,500,0
h00,6750357892348545913,p2,0,0,500,0,0,0,500,0,356,21,123,0,0,0,500,0
h00,6750357892348545913,p3,0,0,500,0,0,0,500,0,354,29,117,0,0,0,500,0
h00,6754384401860353323,p1,0,0,500,0,13,48,439,0,383,6,111,0,0,0,500,0
h00,6754384401860353323,p2,0,0,500,0,0,0,500,0,360,10,130,0,0,0,500,0
h00,6754384401860353323,p3,0,0,500,0,0,0,500,0,344,16,140,0,0,0,500,0
h00,6766964616649572140,p1,0,0,500,0,11,40,449,0,381,16,103,0,0,0,500,0
h00,6766964616649572140,p2,0,0,500,0,0,0,500,0,334,35,131,0,0,0,500,0
h00,6766964616649572140,p3,0,0,500,0,0,0,500,0,370,20,110,0,0,0,500,0
h00,6834843990915817588,p1,0,0,500,0,18,60,422,0,379,10,111,0,0,0,500,0
h00,6834843990915817588,p2,0,0,500,0,0,2,498,0,366,29,105,0,0,0,500,0
h00,6834843990915817588,p3,0,0,500,0,0,0,500,0,352,6,142,0,0,0,500,0
h00,6862383775158143891,p1,0,0,500,0,15,65,420,0,377,11,112,0,0,0,500,0
h00,6862383775158143891,p2,0,0,500,0,0,1,499,0,382,20,98,0,0,0,500,0
h00,6862383775158143891,p3,0,0,500,0,0,0,500,0,350,10,140,0,0,0,500,0
h00,6891911174446481591,p1,0,0,500,0,15,42,443,0,382,10,108,0,0,0,500,0
h00,6891911174446481591,p2,0,0,500,0,0,1,499,0,397,11,92,0,0,0,500,0
h00,6891911174446481591,p3,0,0,500,0,0,0,500,0,376,9,115,0,0,0,500,0
h00,6893047363033742713,p1,0,0,500,0,14,38,448,0,389,5,106,0,0,0,500,0
h00,6893047363033742713,p2,0,0,500,0,0,0,500,0,371,2,127,0,0,0,500,0
h00,6893047363033742713,p3,0,0,500,0,0,0,500,0,353,5,142,0,0,0,500,0
h00,6921980969079321895,p1,0,0,500,0,13,48,439,0,371,33,96,0,0,0,500,0
h00,6921980969079321895,p2,0,0,500,0,0,1,499,0,393,11,96,0,0,0,500,0
h00,6921980969079321895,p3,0,0,500,0,0,0,500,0,360,15,125,0,0,0,500,0
h00,692328224564536655,p1,0,0,500,0,10,46,444,0,369,9,122,0,0,0,500,0
h00,692328224564536655,p2,0,0,500,0,0,0,500,0,393,18,89,0,0,0,500,0
h00,692328224564536655,p3,0,0,500,0,0,0,500,0,331,11,158,0,0,0,500,0
h00,6971492208501631548,p1,0,0,500,0,14,51,435,0,376,12,112,0,0,0,500,0
h00,6971492208501631548,p2,0,0,500,0,0,1,499,0,355,13,132,0,0,0,500,0
h00,6971492208501631548,p3,0,0,500,0,0,0,500,0,382,12,106,0,0,0,500,0
h00,6972189440130738959,p1,0,0,500,0,14,30,456,0,393,9,98,0,0,0,500,0
h00,6972189440130738959,p2,0,0,500,0,0,1,499,0,337,13,150,0,0,0,500,0
h00,6972189440130738959,p3,0,0,500,0,0,0,500,0,326,8,166,0,0,0,500,0
h00,7012783120457334628,p1,0,0,500,0,16,47,437,0,372,14,114,0,0,0,500,0
h00,7012783120457334628,p2,0,0,500,0,0,2,498,0,371,12,117,0,0,0,500,0
h00,7012783120457334628,p3,0,0,500,0,0,0,500,0,350,13,137,0,0,0,500,0
h00,7012939089339419601,p1,0,0,500,0,16,45,439,0,360,34,106,0,0,0,500,0
h00,7012939089339419601,p2,0,0,500,0,0,0,500,0,329,80,91,0,0,0,500,0
h00,7012939089339419601,p3,0,0,500,0,0,0,500,0,331,69,100,0,0,0,500,0
h00,7028234984784962488,p1,0,0,500,0,14,50,436,0,357,10,133,0,0,0,500,0
h00,7028234984784962488,p2,0,0,500,0,0,0,500,0,333,8,159,0,0,0,500,0
h00,7028234984784962488,p3,0,0,500,0,0,0,500,0,396,5,99,0,0,0,500,0
h00,7056730645515222111,p1,0,0,500,0,10,51,439,0,370,39,91,0,0,0,500,0
h00,7056730645515222111,p2,0,0,500,0,0,2,498,0,378,26,96,0,0,0,500,0
h00,7056730645515222111,p3,0,0,500,0,0,0,500,0,386,36,78,0,0,0,500,0
h00,7070626102030733824,p1,0,0,500,0,12,46,442,0,366,33,101,0,0,0,500,0
h00,7070626102030733824,p2,0,0,500,0,0,0,500,0,368,35,97,0,0,0,500,0
h00,7070626102030733824,p3,0,0,500,0,0,0,500,0,376,39,85,0,0,0,500,0
h00,7084127401146040401,p1,0,0,500,0,21,39,440,0,376,27,97,0,0,0,500,0
h00,7084127401146040401,p2,0,0,500,0,0,1,499,0,335,13,152,0,0,0,500,0
h00,7084127401146040401,p3,0,0,500,0,0,0,500,0,341,10,149,0,0,0,500,0
h00,7086230366887684684,p1,0,0,500,0,13,55,432,0,370,18,112,0,0,0,500,0
h00,7086230366887684684,p2,0,0,500,0,0,2,498,0,349,6,145,0,0,0,500,0
h00,7086230366887684684,p3,0,0,500,0,0,0,500,0,358,10,132,0,0,0,500,0
h00,7088973757696078623,p1,0,0,500,0,22,39,439,0,375,9,116,0,0,0,500,0
h00,7088973757696078623,p2,0,0,500,0,0,0,500,0,343,1,156,0,0,0,500,0
h00,7088973757696078623,p3,0,0,500,0,0,0,500,0,364,24,112,0,0,0,500,0
h00,7091619324623027029,p1,0,0,500,0,11,44,445,0,365,5,130,0,0,0,500,0
h00,7091619324623027029,p2,0,0,500,0,0,0,500,0,339,5,156,0,0,0,500,0
h00,7091619324623027029,p3,0,0,500,0,0,0,500,0,371,19,110,0,0,0,500,0
h00,7137250607531919798,p1,0,0,500,0,23,35,442,0,374,29,97,0,0,0,500,0
h00,7137250607531919798,p2,0,0,500,0,1,1,498,0,360,51,89,0,0,0,500,0
h00,7137250607531919798,p3,0,0,500,0,0,0,500,0,344,68,88,0,0,0,500,0
h00,7157296070022791018,p1,0,0,500,0,19,42,439,0,358,38,104,0,0,0,500,0
h00,7157296070022791018,p2,0,0,500,0,1,1,498,0,353,58,89,0,0,0,500,0
h00,7157296070022791018,p3,0,0,500,0,0,0,500,0,351,73,76,0,0,0,500,0
h00,7163536301884147900,p1,0,0,500,0,10,42,448,0,386,24,90,0,0,0,500,0
h00,7163536301884147900,p2,0,0,500,0,0,0,500,0,373,31,96,0,0,0,500,0
h00,7163536301884147900,p3,0,0,500,0,0,0,500,0,282,9,209,0,0,0,500,0
h00,7187639259049034522,p1,0,0,500,0,10,60,430,0,371,10,119,0,0,0,500,0
h00,7187639259049034522,p2,0,0,500,0,0,3,497,0,386,33,81,0,0,0,500,0
h00,7187639259049034522,p3,0,0,500,0,0,0,500,0,397,10,93,0,0,0,500,0
h00,7207347963926256778,p1,0,0,500,0,13,56,431,0,380,34,86,0,0,0,500,0
h00,7207347963926256778,p2,0,0,500,0,0,1,499,0,329,28,143,0,0,0,500,0
h00,7207347963926256778,p3,0,0,500,0,0,0,500,0,333,41,126,0,0,0,500,0
h00,7253817427040050467,p1,0,0,500,0,10,51,439,0,381,29,90,0,0,0,500,0
h00,7253817427040050467,p2,1,0,499,0,1,2,497,0,360,63,77,0,0,1,499,0
h00,7253817427040050467,p3,0,0,500,0,0,0,500,0,340,92,68,0,0,0,500,0
h00,7276188519562630070,p1,0,0,500,0,12,59,429,0,356,14,130,0,0,0,500,0
h00,7276188519562630070,p2,0,0,500,0,0,2,498,0,350,10,140,0,0,0,500,0
h00,7276188519562630070,p3,0,0,500,0,0,0,500,0,361,7,132,0,0,0,500,0
h00,7282223881640676299,p1,0,0,500,0,14,52,434,0,359,18,123,0,0,0,500,0
h00,7282223881640676299,p2,0,0,500,0,0,0,500,0,338,8,154,0,0,0,500,0
h00,7282223881640676299,p3,0,0,500,0,0,0,500,0,354,10,136,0,0,0,500,0
h00,7304884061984682152,p1,0,0,500,0,13,48,439,0,359,13,128,0,0,0,500,0
h00,7304884061984682152,p2,0,0,500,0,0,1,499,0,330,12,158,0,0,0,500,0
h00,7304884061984682152,p3,0,0,500,0,0,0,500,0,373,13,114,0,0,0,500,0
h00,731778787169459261,p1,0,0,500,0,12,44,444,0,360,20,120,0,0,0,500,0
h00,731778787169459261,p2,0,0,500,0,0,2,498,0,313,9,178,0,0,0,500,0
h00,731778787169459261,p3,0,0,500,0,0,0,500,0,357,7,136,0,0,0,500,0
h00,7330341303108867477,p1,0,0,500,0,14,45,441,0,396,8,96,0,0,0,500,0
h00,7330341303108867477,p2,0,0,500,0,0,1,499,0,336,21,143,0,0,0,500,0
h00,7330341303108867477,p3,0,0,500,0,0,0,500,0,381,14,105,0,0,0,500,0
h00,7331702996590870865,p1,0,0,500,0,11,40,449,0,373,8,119,0,0,0,500,0
h00,7331702996590870865,p2,0,0,500,0,0,0,500,0,332,13,155,0,0,0,500,0
h00,7331702996590870865,p3,0,0,500,0,0,0,500,0,308,25,167,0,0,0,500,0
h00,7336963978818366824,p1,0,0,500,0,15,49,436,0,365,14,121,0,0,0,500,0
h00,7336963978818366824,p2,0,0,500,0,0,0,500,0,387,15,98,0,0,0,500,0
h00,7336963978818366824,p3,0,0,500,0,0,0,500,0,347,40,113,0,0,0,500,0
h00,7337409826029250569,p1,0,0,500,0,15,52,433,0,367,25,108,0,0,0,500,0
h00,7337409826029250569,p2,0,0,500,0,0,0,500,0,376,28,96,0,0,0,500,0
h00,7337409826029250569,p3,0,0,500,0,0,0,500,0,396,36,68,0,0,0,500,0
h00,7344156821422071061,p1,0,0,500,0,16,43,441,0,384,13,103,0,0,0,500,0
h00,7344156821422071061,p2,0,0,500,0,0,0,500,0,388,15,97,0,0,0,500,0
h00,7344156821422071061,p3,0,0,500,0,0,0,500,0,350,19,131,0,0,0,500,0
h00,7351765613849292698,p1,0,0,500,0,15,64,421,0,366,54,80,0,0,0,500,0
h00,7351765613849292698,p2,0,0,500,0,0,0,500,0,283,133,84,0,0,0,500,0
h00,7351765613849292698,p3,0,0,500,0,0,0,500,0,327,79,94,0,0,0,500,0
h00,7380331902355262973,p1,0,0,500,0,7,38,455,0,370,22,108,0,0,0,500,0
h00,7380331902355262973,p2,0,0,500,0,0,1,499,0,352,37,111,0,0,0,500,0
h00,7380331902355262973,p3,0,0,500,0,0,0,500,0,341,12,147,0,0,0,500,0
h00,7381613772574883665,p1,0,0,500,0,13,58,429,0,377,6,117,0,0,0,500,0
h00,7381613772574883665,p2,0,0,500,0,0,0,500,0,391,9,100,0,0,0,500,0
h00,7381613772574883665,p3,0,0,500,0,0,0,500,0,356,9,135,0,0,0,500,0
h00,7385212419273013375,p1,0,0,500,0,14,46,440,0,391,6,103,0,0,0,500,0
h00,7385212419273013375,p2,0,0,500,0,0,1,499,0,340,25,135,0,0,0,500,0
h00,7385212419273013375,p3,0,0,500,0,0,0,500,0,336,5,159,0,0,0,500,0
h00,7399684465983197950,p1,0,0,500,0,22,45,433,0,378,14,108,0,0,0,500,0
h00,7399684465983197950,p2,0,0,500,0,0,1,499,0,404,7,89,0,0,0,500,0
h00,7399684465983197950,p3,0,0,500,0,0,0,500,0,357,16,127,0,0,0,500,0
h00,7413841783320754802,p1,0,0,500,0,12,48,440,0,352,19,129,0,0,0,500,0
h00,7413841783320754802,p2,0,0,500,0,0,1,499,0,309,48,143,0,0,0,500,0
h00,7413841783320754802,p3,0,0,500,0,0,1,499,0,368,10,122,0,0,0,500,0
h00,7414523646869633419,p1,0,0,500,0,13,42,445,0,383,10,107,0,0,0,500,0
h00,7414523646869633419,p2,0,0,500,0,0,2,498,0,354,15,131,0,0,0,500,0
h00,7414523646869633419,p3,0,0,500,0,0,0,500,0,366,15,119,0,0,0,500,0
h00,7439394794247071750,p1,0,0,500,0,14,37,449,0,377,5,118,0,0,0,500,0
h00,7439394794247071750,p2,0,0,500,0,0,1,499,0,306,0,194,0,0,0,500,0
h00,7439394794247071750,p3,0,0,500,0,0,0,500,0,353,4,143,0,0,0,500,0
h00,7473469869254133156,p1,0,0,500,0,12,37,451,0,372,7,121,0,0,0,500,0
h00,7473469869254133156,p2,0,0,500,0,0,2,498,0,372,5,123,0,0,0,500,0
h00,7473469869254133156,p3,0,0,500,0,0,0,500,0,324,5,171,0,0,0,500,0
h00,7489332420735831496,p1,0,0,500,0,17,32,451,0,363,11,126,0,0,0,500,0
h00,7489332420735831496,p2,0,0,500,0,0,0,500,0,367,15,118,0,0,0,500,0
h00,7489332420735831496,p3,0,0,500,0,0,0,500,0,339,34,127,0,0,0,500,0
h00,7492281159528610269,p1,0,0,500,0,20,44,436,0,362,6,132,0,0,0,500,0
h00,7492281159528610269,p2,0,0,500,0,0,2,498,0,380,11,109,0,0,0,500,0
h00,7492281159528610269,p3,0,0,500,0,0,0,500,0,290,6,204,0,0,0,500,0
h00,7510017443374212299,p1,0,0,500,0,17,45,438,0,359,12,129,0,0,0,500,0
h00,7510017443374212299,p2,0,0,500,0,0,0,500,0,357,54,89,0,0,0,500,0
h00,7510017443374212299,p3,0,0,500,0,0,0,500,0,323,28,149,0,0,0,500,0
h00,7575364469277083538,p1,0,0,500,0,19,40,441,0,376,31,93,0,0,0,500,0
h00,7575364469277083538,p2,0,0,500,0,0,0,500,0,347,82,71,0,0,0,500,0
h00,7575364469277083538,p3,0,0,500,0,0,0,500,0,340,92,68,0,0,0,500,0
h00,7596600659096589567,p1,0,0,500,0,15,39,446,0,350,32,118,0,0,0,500,0
h00,7596600659096589567,p2,0,0,500,0,0,2,498,0,406,5,89,0,0,0,500,0
h00,7596600659096589567,p3,0,0,500,0,0,0,500,0,367,16,117,0,0,0,500,0
h00,7640468002792745424,p1,0,0,500,0,24,60,416,0,386,7,107,0,0,0,500,0
h00,7640468002792745424,p2,0,0,500,0,0,1,499,0,363,12,125,0,0,0,500,0
h00,7640468002792745424,p3,0,0,500,0,0,0,500,0,353,13,134,0,0,0,500,0
h00,7640924825233081351,p1,0,0,500,0,18,53,429,0,365,10,125,0,0,0,500,0
h00,7640924825233081351,p2,0,0,500,0,0,0,500,0,336,11,153,0,0,0,500,0
h00,7640924825233081351,p3,0,0,500,0,0,0,500,0,316,22,162,0,0,0,500,0
h00,7669602547746765903,p1,0,0,500,0,8,54,438,0,353,12,135,0,0,0,500,0
h00,7669602547746765903,p2,0,0,500,0,0,0,500,0,336,6,158,0,0,0,500,0
h00,7669602547746765903,p3,0,0,500,0,0,0,500,0,388,5,107,0,0,0,500,0
h00,7670967728798457551,p1,0,0,500,0,9,50,441,0,369,8,123,0,0,0,500,0
h00,7670967728798457551,p2,0,0,500,0,0,1,499,0,364,12,124,0,0,0,500,0
h00,7670967728798457551,p3,0,0,500,0,0,0,500,0,289,59,152,0,0,0,500,0
h00,7681282347561624791,p1,0,0,500,0,12,40,448,0,389,28,83,0,0,0,500,0
h00,7681282347561624791,p2,0,0,500,0,0,0,500,0,363,62,75,0,0,0,500,0
h00,7681282347561624791,p3,0,0,500,0,0,0,500,0,338,52,110,0,0,0,500,0
h00,7689060740259911737,p1,0,0,500,0,13,57,430,0,387,9,104,0,0,0,500,0
h00,7689060740259911737,p2,0,0,500,0,0,3,497,0,360,18,122,0,0,0,500,0
h00,7689060740259911737,p3,0,0,500,0,0,0,500,0,288,31,181,0,0,0,500,0
h00,7694801790239217915,p1,0,0,500,0,13,35,452,0,382,17,101,0,0,0,500,0
h00,7694801790239217915,p2,0,0,500,0,0,0,500,0,356,65,79,0,0,0,500,0
h00,7694801790239217915,p3,0,0,500,0,0,0,500,0,393,41,66,0,0,0,500,0
h00,7702412575777826027,p1,0,0,500,0,15,54,431,0,371,8,121,0,0,0,500,0
h00,7702412575777826027,p2,0,0,500,0,0,0,500,0,358,68,74,0,0,0,500,0
h00,7702412575777826027,p3,0,0,500,0,0,0,500,0,389,37,74,0,0,0,500,0
h00,7705097774128820863,p1,0,0,500,0,17,36,447,0,361,11,128,0,0,0,500,0
h00,7705097774128820863,p2,0,0,500,0,0,1,499,0,366,20,114,0,0,0,500,0
h00,7705097774128820863,p3,0,0,500,0,0,0,500,0,356,16,128,0,0,0,500,0
h00,7754204663126548307,p1,0,0,500,0,19,40,441,0,378,7,115,0,0,0,500,0
h00,7754204663126548307,p2,0,0,500,0,0,0,500,0,359,14,127,0,0,0,500,0
h00,7754204663126548307,p3,0,0,500,0,0,0,500,0,378,8,114,0,0,0,500,0
h00,7755256581793677928,p1,0,0,500,0,17,41,442,0,373,8,119,0,0,0,500,0
h00,7755256581793677928,p2,0,0,500,0,0,1,499,0,361,3,136,0,0,0,500,0
h00,7755256581793677928,p3,0,0,500,0,0,0,500,0,390,8,102,0,0,0,500,0
h00,7761268545753577354,p1,0,0,500,0,19,45,436,0,384,10,106,0,0,0,500,0
h00,7761268545753577354,p2,0,0,500,0,0,2,498,0,401,43,56,0,0,0,500,0
h00,7761268545753577354,p3,0,0,500,0,0,0,500,0,361,20,119,0,0,0,500,0
h00,7774033729568193838,p1,0,0,500,0,12,40,448,0,384,11,105,0,0,0,500,0
h00,7774033729568193838,p2,0,0,500,0,0,1,499,0,363,4,133,0,0,0,500,0
h00,7774033729568193838,p3,0,0,500,0,0,0,500,0,376,12,112,0,0,0,500,0
h00,7788896702398618105,p1,0,0,500,0,12,53,435,0,386,11,103,0,0,0,500,0
h00,7788896702398618105,p2,0,0,500,0,0,0,500,0,308,13,179,0,0,0,500,0
h00,7788896702398618105,p3,0,0,500,0,0,0,500,0,342,9,149,0,0,0,500,0
h00,7800683719019325863,p1,0,0,500,0,7,38,455,0,365,15,120,0,0,0,500,0
h00,7800683719019325863,p2,0,0,500,0,0,0,500,0,337,14,149,0,0,0,500,0
h00,7800683719019325863,p3,0,0,500,0,1,0,499,0,329,10,161,0,0,0,500,0
h00,7825142619493849787,p1,0,0,500,0,19,50,431,0,370,40,90,0,0,0,500,0
h00,7825142619493849787,p2,0,0,500,0,0,0,500,0,292,78,130,0,0,0,500,0
h00,7825142619493849787,p3,0,0,500,0,0,0,500,0,316,88,96,0,0,0,500,0
h00,7844115379435679961,p1,0,0,500,0,10,56,434,0,369,35,96,0,0,0,500,0
h00,7844115379435679961,p2,0,0,500,0,0,3,497,0,379,45,76,0,0,0,500,0
h00,7844115379435679961,p3,0,0,500,0,0,0,500,0,363,69,68,0,0,0,500,0
h00,7845649049148242428,p1,0,0,500,0,11,56,433,0,374,25,101,0,0,0,500,0
h00,7845649049148242428,p2,0,0,500,0,0,0,500,0,379,36,85,0,0,0,500,0
h00,7845649049148242428,p3,0,0,500,0,0,0,500,0,360,49,91,0,0,0,500,0
h00,7872656261944607829,p1,0,0,500,0,10,42,448,0,377,7,116,0,0,0,500,0
h00,7872656261944607829,p2,0,0,500,0,0,0,500,0,354,7,139,0,0,0,500,0
h00,7872656261944607829,p3,0,0,500,0,0,0,500,0,369,8,123,0,0,0,500,0
h00,7899557489426013408,p1,0,0,500,0,20,47,433,0,387,17,96,0,0,0,500,0
h00,7899557489426013408,p2,0,0,500,0,0,0,500,0,367,64,69,0,0,0,500,0
h00,7899557489426013408,p3,0,0,500,0,0,0,500,0,356,23,121,0,0,0,500,0
h00,7912128486606305112,p1,0,0,500,0,16,44,440,0,363,25,112,0,0,0,500,0
h00,7912128486606305112,p2,0,0,500,0,0,0,500,0,330,86,84,0,0,0,500,0
h00,7912128486606305112,p3,0,0,500,0,0,0,500,0,385,50,65,0,0,0,500,0
h00,7918121088649361103,p1,0,0,500,0,9,48,443,0,356,46,98,0,0,0,500,0
h00,7918121088649361103,p2,0,0,500,0,0,1,499,0,357,74,69,0,0,0,500,0
h00,7918121088649361103,p3,0,0,500,0,0,0,500,0,379,53,68,0,0,0,500,0
h00,7919405651962967992,p1,0,0,500,0,18,58,424,0,390,9,101,0,0,0,500,0
h00,7919405651962967992,p2,0,0,500,0,0,1,499,0,373,11,116,0,0,0,500,0
h00,7919405651962967992,p3,0,0,500,0,0,0,500,0,329,24,147,0,0,0,500,0
h00,7935763740681700891,p1,0,0,500,0,13,58,429,0,396,17,87,0,0,0,500,0
h00,7935763740681700891,p2,0,0,500,0,0,1,499,0,375,21,104,0,0,0,500,0
h00,7935763740681700891,p3,0,0,500,0,0,0,500,0,365,24,111,0,0,0,500,0
h00,7944209325752561383,p1,0,0,500,0,21,63,416,0,383,22,95,0,0,0,500,0
h00,7944209325752561383,p2,0,0,500,0,0,2,498,0,352,60,88,0,0,0,500,0
h00,7944209325752561383,p3,0,0,500,0,0,0,500,0,366,47,87,0,0,0,500,0
h00,7987663683338581749,p1,0,0,500,0,12,38,450,0,353,14,133,0,0,0,500,0
h00,7987663683338581749,p2,0,0,500,0,0,0,500,0,360,7,133,0,0,0,500,0
h00,7987663683338581749,p3,0,0,500,0,0,1,499,0,368,3,129,0,0,0,500,0
h00,8014274278194106210,p1,0,0,500,0,17,43,440,0,370,11,119,0,0,0,500,0
h00,8014274278194106210,p2,0,0,500,0,1,3,496,0,380,6,114,0,0,0,500,0
h00,8014274278194106210,p3,0,0,500,0,0,0,500,0,352,22,126,0,0,0,500,0
h00,8021517949117524351,p1,0,0,500,0,13,44,443,0,385,2,113,0,0,0,500,0
h00,8021517949117524351,p2,0,0,500,0,0,0,500,0,364,9,127,0,0,0,500,0
h00,8021517949117524351,p3,0,0,500,0,0,0,500,0,339,2,159,0,0,0,500,0
h00,8061281235594563954,p1,0,0,500,0,14,44,442,0,371,5,124,0,0,0,500,0
h00,8061281235594563954,p2,0,0,500,0,0,0,500,0,372,18,110,0,0,0,500,0
h00,8061281235594563954,p3,0,0,500,0,0,0,500,0,313,13,174,0,0,0,500,0
h00,807106994577424742,p1,0,0,500,0,16,46,438,0,376,12,112,0,0,0,500,0
h00,807106994577424742,p2,0,0,500,0,0,0,500,0,364,15,121,0,0,0,500,0
h00,807106994577424742,p3,0,0,500,0,0,0,500,0,364,14,122,0,0,0,500,0
h00,8073559371014580251,p1,0,0,500,0,14,41,445,0,377,17,106,0,0,0,500,0
h00,8073559371014580251,p2,0,0,500,0,0,1,499,0,293,3,204,0,0,0,500,0
h00,8073559371014580251,p3,0,0,500,0,0,0,500,0,344,9,147,0,0,0,500,0
h00,8085227859060869184,p1,0,0,500,0,18,41,441,0,351,13,136,0,0,0,500,0
h00,8085227859060869184,p2,0,0,500,0,0,2,498,0,387,9,104,0,0,0,500,0
h00,8085227859060869184,p3,0,0,500,0,0,0,500,0,351,19,130,0,0,0,500,0
h00,8102853888876117400,p1,0,0,500,0,15,32,453,0,379,14,107,0,0,0,500,0
h00,8102853888876117400,p2,0,0,500,0,0,1,499,0,336,64,100,0,0,0,500,0
h00,8102853888876117400,p3,0,0,500,0,0,0,500,0,350,23,127,0,0,0,500,0
h00,810515107963077594,p1,0,0,500,0,10,47,443,0,377,8,115,0,0,0,500,0
h00,810515107963077594,p2,0,0,500,0,0,1,499,0,331,10,159,0,0,0,500,0
h00,810515107963077594,p3,0,0,500,0,0,0,500,0,387,8,105,0,0,0,500,0
h00,810614871690771956,p1,0,0,500,0,18,55,427,0,373,41,86,0,0,0,500,0
h00,810614871690771956,p2,0,0,500,0,0,1,499,0,334,61,105,0,0,0,500,0
h00,810614871690771956,p3,0,0,500,0,0,0,500,0,321,56,123,0,0,0,500,0
h00,8141761060821422002,p1,0,0,500,0,14,50,436,0,366,28,106,0,0,0,500,0
h00,8141761060821422002,p2,0,0,500,0,0,0,500,0,363,19,118,0,0,0,500,0
h00,8141761060821422002,p3,0,0,500,0,0,0,500,0,256,125,119,0,0,0,500,0
h00,818472327660073236,p1,0,0,500,0,12,54,434,0,380,14,106,0,0,0,500,0
h00,818472327660073236,p2,0,0,500,0,0,0,500,0,349,8,143,0,0,0,500,0
h00,818472327660073236,p3,0,0,500,0,0,0,500,0,353,6,141,0,0,0,500,0
h00,8189701162810878588,p1,0,0,500,0,8,34,458,0,367,33,100,0,0,0,500,0
h00,8189701162810878588,p2,0,0,500,0,0,0,500,0,361,52,87,0,0,0,500,0
h00,8189701162810878588,p3,0,0,500,0,0,0,500,0,389,41,70,0,0,0,500,0
h00,819516485579700465,p1,0,0,500,0,15,44,441,0,368,12,120,0,0,0,500,0
h00,819516485579700465,p2,0,0,500,0,0,1,499,0,352,19,129,0,0,0,500,0
h00,819516485579700465,p3,0,0,500,0,0,0,500,0,356,9,135,0,0,0,500,0
h00,8222179486658101296,p1,0,0,500,0,13,40,447,0,373,10,117,0,0,0,500,0
h00,8222179486658101296,p2,0,0,500,0,0,1,499,0,371,18,111,0,0,0,500,0
h00,8222179486658101296,p3,0,0,500,0,0,0,500,0,317,12,171,0,0,0,500,0
h00,8232276829008192175,p1,0,0,500,0,15,42,443,0,354,20,126,0,0,0,500,0
h00,8232276829008192175,p2,0,0,500,0,1,0,499,0,366,19,115,0,0,0,500,0
h00,8232276829008192175,p3,0,0,500,0,0,0,500,0,363,17,120,0,0,0,500,0
h00,8245785795119165813,p1,0,0,500,0,15,50,435,0,365,16,119,0,0,0,500,0
h00,8245785795119165813,p2,0,0,500,0,0,1,499,0,386,8,106,0,0,0,500,0
h00,8245785795119165813,p3,0,0,500,0,0,0,500,0,380,12,108,0,0,0,500,0
h00,8247888529918945527,p1,0,0,500,0,10,50,440,0,373,7,120,0,0,0,500,0
h00,8247888529918945527,p2,0,0,500,0,0,0,500,0,321,8,171,0,0,0,500,0
h00,8247888529918945527,p3,0,0,500,0,0,0,500,0,273,3,224,0,0,0,500,0
h00,826663596041234252,p1,0,0,500,0,16,56,428,0,371,13,116,0,0,0,500,0
h00,826663596041234252,p2,0,0,500,0,0,0,500,0,306,7,187,0,0,0,500,0
h00,826663596041234252,p3,0,0,500,0,0,0,500,0,373,6,121,0,0,0,500,0
h00,8295570130475967972,p1,0,0,500,0,16,54,430,0,349,34,117,0,0,0,500,0
h00,8295570130475967972,p2,0,0,500,0,0,1,499,0,210,23,267,0,0,0,500,0
h00,8295570130475967972,p3,0,0,500,0,0,0,500,0,392,14,94,0,0,0,500,0
h00,8302840173262926033,p1,0,0,500,0,11,48,441,0,371,23,106,0,0,0,500,0
h00,8302840173262926033,p2,0,0,500,0,0,0,500,0,396,27,77,0,0,0,500,0
h00,8302840173262926033,p3,0,0,500,0,0,0,500,0,340,69,91,0,0,0,500,0
h00,8324314100380763628,p1,0,0,500,0,9,59,432,0,359,23,118,0,0,0,500,0
h00,8324314100380763628,p2,0,0,500,0,0,0,500,0,377,24,99,0,0,0,500,0
h00,8324314100380763628,p3,0,0,500,0,0,0,500,0,375,13,112,0,0,0,500,0
h00,8333265495632237597,p1,0,0,500,0,13,59,428,0,383,9,108,0,0,0,500,0
h00,8333265495632237597,p2,0,0,500,0,0,0,500,0,381,18,101,0,0,0,500,0
h00,8333265495632237597,p3,0,0,500,0,0,0,500,0,374,43,83,0,0,0,500,0
h00,8337948553890895361,p1,0,0,500,0,13,43,444,0,370,10,120,0,0,0,500,0
h00,8337948553890895361,p2,0,0,500,0,0,0,500,0,373,15,112,0,0,0,500,0
h00,8337948553890895361,p3,0,0,500,0,0,0,500,0,322,27,151,0,0,0,500,0
h00,8348040649235703653,p1,0,0,500,0,24,49,427,0,387,11,102,0,0,0,500,0
h00,8348040649235703653,p2,0,0,500,0,0,1,499,0,380,10,110,0,0,0,500,0
h00,8348040649235703653,p3,0,0,500,0,0,0,500,0,381,11,108,0,0,0,500,0
h00,8352329479800466435,p1,0,0,500,0,9,42,449,0,362,13,125,0,0,0,500,0
h00,8352329479800466435,p2,0,0,500,0,0,0,500,0,359,18,123,0,0,0,500,0
h00,8352329479800466435,p3,0,0,500,0,0,0,500,0,352,11,137,0,0,0,500,0
h00,8359675198807336655,p1,0,0,500,0,16,38,446,0,387,6,107,0,0,0,500,0
h00,8359675198807336655,p2,0,0,500,0,0,0,500,0,385,9,106,0,0,0,500,0
h00,8359675198807336655,p3,0,0,500,0,0,0,500,0,369,13,118,0,0,0,500,0
h00,8360854972556069990,p1,0,0,500,0,15,56,429,0,380,2,118,0,0,0,500,0
h00,8360854972556069990,p2,0,0,500,0,0,0,500,0,338,6,156,0,0,0,500,0
h00,8360854972556069990,p3,0,0,500,0,0,0,500,0,312,4,184,0,0,0,500,0
h00,8442228576838349543,p1,0,0,500,0,11,51,438,0,388,22,90,0,0,0,500,0
h00,8442228576838349543,p2,0,0,500,0,0,0,500,0,392,13,95,0,0,0,500,0
h00,8442228576838349543,p3,0,0,500,0,0,0,500,0,384,17,99,0,0,0,500,0
h00,8461703215665630037,p1,0,0,500,0,14,37,449,0,387,15,98,0,0,0,500,0
h00,8461703215665630037,p2,0,0,500,0,0,1,499,0,346,19,135,0,0,0,500,0
h00,8461703215665630037,p3,0,0,500,0,0,0,500,0,336,13,151,0,0,0,500,0
h00,8478393171942172038,p1,0,0,500,0,13,48,439,0,362,22,116,0,0,0,500,0
h00,8478393171942172038,p2,0,0,500,0,1,0,499,0,304,61,135,0,0,0,500,0
h00,8478393171942172038,p3,0,0,500,0,0,0,500,0,302,93,105,0,0,0,500,0
h00,8483146405762354839,p1,0,0,500,0,12,38,450,0,365,13,122,0,0,0,500,0
h00,8483146405762354839,p2,0,0,500,0,0,0,500,0,333,37,130,0,0,0,500,0
h00,8483146405762354839,p3,0,0,500,0,0,0,500,0,366,5,129,0,0,0,500,0
h00,8493033608607173646,p1,0,0,500,0,10,42,448,0,377,13,110,0,0,0,500,0
h00,8493033608607173646,p2,0,0,500,0,0,1,499,0,316,7,177,0,0,0,500,0
h00,8493033608607173646,p3,0,0,500,0,0,0,500,0,247,3,250,0,0,0,500,0
h00,8500782308606723157,p1,0,0,500,0,14,44,442,0,368,9,123,0,0,0,500,0
h00,8500782308606723157,p2,0,0,500,0,0,0,500,0,382,16,102,0,0,0,500,0
h00,8500782308606723157,p3,0,0,500,0,0,0,500,0,321,3,176,0,0,0,500,0
h00,8508939634912935656,p1,0,0,500,0,14,43,443,0,373,16,111,0,0,0,500,0
h00,8508939634912935656,p2,0,0,500,0,0,2,498,0,384,5,111,0,0,0,500,0
h00,8508939634912935656,p3,0,0,500,0,0,0,500,0,370,6,124,0,0,0,500,0
h00,8523785738886911657,p1,0,0,500,0,20,53,427,0,371,9,120,0,0,0,500,0
h00,8523785738886911657,p2,0,0,500,0,0,1,499,0,381,13,106,0,0,0,500,0
h00,8523785738886911657,p3,0,0,500,0,0,0,500,0,375,9,116,0,0,0,500,0
h00,8552931170002909542,p1,0,0,500,0,21,48,431,0,367,8,125,0,0,0,500,0
h00,8552931170002909542,p2,0,0,500,0,0,0,500,0,325,31,144,0,0,0,500,0
h00,8552931170002909542,p3,0,0,500,0,0,0,500,0,394,17,89,0,0,0,500,0
h00,8554301335803309257,p1,0,0,500,0,19,48,433,0,385,7,108,0,0,0,500,0
h00,8554301335803309257,p2,0,0,500,0,0,2,498,0,362,4,134,0,0,0,500,0
h00,8554301335803309257,p3,0,0,500,0,0,0,500,0,363,10,127,0,0,0,500,0
h00,8560776890993356324,p1,0,0,500,0,15,42,443,0,372,4,124,0,0,0,500,0
h00,8560776890993356324,p2,0,0,500,0,0,0,500,0,357,13,130,0,0,0,500,0
h00,8560776890993356324,p3,0,0,500,0,0,0,500,0,379,11,110,0,0,0,500,0
h00,8564784666695813541,p1,0,0,500,0,14,32,454,0,370,8,122,0,0,0,500,0
h00,8564784666695813541,p2,0,0,500,0,0,0,500,0,360,18,122,0,0,0,500,0
h00,8564784666695813541,p3,0,0,500,0,0,0,500,0,365,11,124,0,0,0,500,0
h00,8567655874984429224,p1,0,0,500,0,13,58,429,0,385,4,111,0,0,0,500,0
h00,8567655874984429224,p2,0,0,500,0,0,0,500,0,375,17,108,0,0,0,500,0
h00,8567655874984429224,p3,0,0,500,0,0,0,500,0,332,27,141,0,0,0,500,0
h00,8570553499106319936,p1,0,0,500,0,15,54,431,0,356,22,122,0,0,0,500,0
h00,8570553499106319936,p2,0,0,500,0,0,1,499,0,366,34,100,0,0,0,500,0
h00,8570553499106319936,p3,0,0,500,0,0,0,500,0,327,56,117,0,0,0,500,0
h00,8586589245206037151,p1,0,0,500,0,10,52,438,0,364,26,110,0,0,0,500,0
h00,8586589245206037151,p2,0,0,500,0,0,0,500,0,371,26,103,0,0,0,500,0
h00,8586589245206037151,p3,0,0,500,0,0,0,500,0,345,56,99,0,0,0,500,0
h00,8588449633077665015,p1,0,0,500,0,5,52,443,0,368,11,121,0,0,0,500,0
h00,8588449633077665015,p2,0,0,500,0,0,1,499,0,376,19,105,0,0,0,500,0
h00,8588449633077665015,p3,0,0,500,0,0,0,500,0,304,20,176,0,0,0,500,0
h00,8609678236052231559,p1,0,0,500,0,15,40,445,0,378,5,117,0,0,0,500,0
h00,8609678236052231559,p2,0,0,500,0,0,1,499,0,355,14,131,0,0,0,500,0
h00,8609678236052231559,p3,0,0,500,0,0,0,500,0,319,2,179,0,0,0,500,0
h00,8618909334375501049,p1,0,0,500,0,14,41,445,0,368,15,117,0,0,0,500,0
h00,8618909334375501049,p2,0,0,500,0,0,3,497,0,313,9,178,0,0,0,500,0
h00,8618909334375501049,p3,0,0,500,0,0,0,500,0,317,16,167,0,0,0,500,0
h00,863818492425618087,p1,0,0,500,0,13,50,437,0,368,8,124,0,0,0,500,0
h00,863818492425618087,p2,0,0,500,0,0,1,499,0,357,15,128,0,0,0,500,0
h00,863818492425618087,p3,0,0,500,0,0,0,500,0,303,9,188,0,0,0,500,0
h00,8701012430488510716,p1,0,0,500,0,14,36,450,0,351,9,140,0,0,0,500,0
h00,8701012430488510716,p2,0,0,500,0,0,0,500,0,387,7,106,0,0,0,500,0
h00,8701012430488510716,p3,0,0,500,0,0,0,500,0,366,7,127,0,0,0,500,0
h00,8704777689146286217,p1,0,0,500,0,26,54,420,0,376,11,113,0,0,0,500,0
h00,8704777689146286217,p2,0,0,500,0,0,0,500,0,385,29,86,0,0,0,500,0
h00,8704777689146286217,p3,0,0,500,0,0,0,500,0,353,28,119,0,0,0,500,0
h00,8735585828959391809,p1,0,0,500,0,13,48,439,0,359,29,112,0,0,0,500,0
h00,8735585828959391809,p2,0,0,500,0,0,1,499,0,284,65,151,0,0,0,500,0
h00,8735585828959391809,p3,0,0,500,0,0,0,500,0,375,28,97,0,0,0,500,0
h00,8762662111126417730,p1,0,0,500,0,16,49,435,0,377,21,102,0,0,0,500,0
h00,8762662111126417730,p2,0,0,500,0,0,0,500,0,386,38,76,0,0,0,500,0
h00,8762662111126417730,p3,0,0,500,0,0,0,500,0,361,40,99,0,0,0,500,0
h00,876485116545318603,p1,0,0,500,0,11,47,442,0,359,29,112,0,0,0,500,0
h00,876485116545318603,p2,0,0,500,0,0,0,500,0,378,50,72,0,0,0,500,0
h00,876485116545318603,p3,0,0,500,0,0,0,500,0,346,73,81,0,0,0,500,0
h00,8805579582604427677,p1,0,0,500,0,17,34,449,0,359,25,116,0,0,0,500,0
h00,8805579582604427677,p2,0,0,500,0,0,0,500,0,363,26,111,0,0,0,500,0
h00,8805579582604427677,p3,0,0,500,0,0,0,500,0,321,9,170,0,0,0,500,0
h00,8808334681185287544,p1,0,0,500,0,15,55,430,0,364,25,111,0,0,0,500,0
h00,8808334681185287544,p2,0,0,500,0,0,1,499,0,370,31,99,0,0,0,500,0
h00,8808334681185287544,p3,0,0,500,0,0,0,500,0,292,114,94,0,0,0,500,0
h00,8825972710391913049,p1,0,0,500,0,20,36,444,0,354,16,130,0,0,0,500,0
h00,8825972710391913049,p2,0,0,500,0,0,0,500,0,342,5,153,0,0,0,500,0
h00,8825972710391913049,p3,0,0,500,0,0,0,500,0,341,22,137,0,0,0,500,0
h00,8828759419088930041,p1,0,0,500,0,17,50,433,0,368,16,116,0,0,0,500,0
h00,8828759419088930041,p2,0,0,500,0,0,1,499,0,348,34,118,0,0,0,500,0
h00,8828759419088930041,p3,0,0,500,0,0,0,500,0,361,28,111,0,0,0,500,0
h00,885482525036881327,p1,0,0,500,0,16,31,453,0,365,15,120,0,0,0,500,0
h00,885482525036881327,p2,0,0,500,0,0,2,498,0,390,6,104,0,0,0,500,0
h00,885482525036881327,p3,0,0,500,0,0,0,500,0,333,5,162,0,0,0,500,0
h00,8881322863864966793,p1,0,0,500,0,15,39,446,0,348,14,138,0,0,0,500,0
h00,8881322863864966793,p2,0,0,500,0,0,0,500,0,387,11,102,0,0,0,500,0
h00,8881322863864966793,p3,0,0,500,0,0,0,500,0,335,36,129,0,0,0,500,0
h00,8898323182163987376,p1,0,0,500,0,10,33,457,0,385,8,107,0,0,0,500,0
h00,8898323182163987376,p2,0,0,500,0,0,2,498,0,367,11,122,0,0,0,500,0
h00,8898323182163987376,p3,0,0,500,0,0,0,500,0,371,11,118,0,0,0,500,0
h00,892201126536219185,p1,0,0,500,0,11,54,435,0,368,8,124,0,0,0,500,0
h00,892201126536219185,p2,0,0,500,0,0,1,499,0,344,88,68,0,0,0,500,0
h00,892201126536219185,p3,0,0,500,0,0,0,500,0,369,69,62,0,0,0,500,0
h00,892849211236969083,p1,0,0,500,0,14,44,442,0,363,38,99,0,0,0,500,0
h00,892849211236969083,p2,0,0,500,0,0,0,500,0,378,32,90,0,0,0,500,0
h00,892849211236969083,p3,0,0,500,0,0,0,500,0,389,46,65,0,0,0,500,0
h00,8937232098722504595,p1,0,0,500,0,12,39,449,0,368,28,104,0,0,0,500,0
h00,8937232098722504595,p2,0,0,500,0,0,0,500,0,335,52,113,0,0,0,500,0
h00,8937232098722504595,p3,0,0,500,0,0,0,500,0,323,81,96,0,0,0,500,0
h00,8961844850661227179,p1,0,0,500,0,21,37,442,0,362,7,131,0,0,0,500,0
h00,8961844850661227179,p2,0,0,500,0,0,1,499,0,379,3,118,0,0,0,500,0
h00,8961844850661227179,p3,0,0,500,0,0,0,500,0,378,8,114,0,0,0,500,0
h00,8969014853050447058,p1,0,0,500,0,13,43,444,0,383,20,97,0,0,0,500,0
h00,8969014853050447058,p2,0,0,500,0,0,1,499,0,377,14,109,0,0,0,500,0
h00,8969014853050447058,p3,0,0,500,0,0,0,500,0,343,5,152,0,0,0,500,0
h00,8970040591604040971,p1,0,0,500,0,17,50,433,0,363,10,127,0,0,0,500,0
h00,8970040591604040971,p2,0,0,500,0,0,1,499,0,366,25,109,0,0,0,500,0
h00,8970040591604040971,p3,0,0,500,0,0,0,500,0,350,17,133,0,0,0,500,0
h00,8977154241724772450,p1,0,0,500,0,21,44,435,0,395,5,100,0,0,0,500,0
h00,8977154241724772450,p2,0,0,500,0,0,3,497,0,363,10,127,0,0,0,500,0
h00,8977154241724772450,p3,0,0,500,0,0,0,500,0,341,6,153,0,0,0,500,0
h00,8981014070999155818,p1,0,0,500,0,18,42,440,0,376,14,110,0,0,0,500,0
h00,8981014070999155818,p2,0,0,500,0,0,2,498,0,354,26,120,0,0,0,500,0
h00,8981014070999155818,p3,0,0,500,0,0,0,500,0,377,12,111,0,0,0,500,0
h00,8987739109041825911,p1,0,0,500,0,19,39,442,0,372,45,83,0,0,0,500,0
h00,8987739109041825911,p2,0,0,500,0,0,1,499,0,371,43,86,0,0,0,500,0
h00,8987739109041825911,p3,0,0,500,0,0,0,500,0,366,72,62,0,0,0,500,0
h00,8988768191470560045,p1,0,0,500,0,17,39,444,0,380,11,109,0,0,0,500,0
h00,8988768191470560045,p2,0,0,500,0,0,2,498,0,319,84,97,0,0,0,500,0
h00,8988768191470560045,p3,0,0,500,0,0,0,500,0,364,35,101,0,0,0,500,0
h00,9045931849552291715,p1,0,0,500,0,12,40,448,0,377,14,109,0,0,0,500,0
h00,9045931849552291715,p2,0,0,500,0,0,1,499,0,382,10,108,0,0,0,500,0
h00,9045931849552291715,p3,0,0,500,0,0,0,500,0,333,36,131,0,0,0,500,0
h00,9046417628191875030,p1,0,0,500,0,12,46,442,0,347,19,134,0,0,0,500,0
h00,9046417628191875030,p2,0,0,500,0,0,0,500,0,377,6,117,0,0,0,500,0
h00,9046417628191875030,p3,0,0,500,0,0,0,500,0,364,6,130,0,0,0,500,0
h00,9063079763754185006,p1,0,0,500,0,10,51,439,0,375,12,113,0,0,0,500,0
h00,9063079763754185006,p2,0,0,500,0,0,1,499,0,339,24,137,0,0,0,500,0
h00,9063079763754185006,p3,0,0,500,0,0,0,500,0,391,3,106,0,0,0,500,0
h00,9084112811632084047,p1,0,0,500,0,11,39,450,0,364,13,123,0,0,0,500,0
h00,9084112811632084047,p2,0,0,500,0,0,1,499,0,382,16,102,0,0,0,500,0
h00,9084112811632084047,p3,0,0,500,0,0,0,500,0,360,13,127,0,0,0,500,0
h00,9113704351732084032,p1,0,0,500,0,21,55,424,0,386,16,98,0,0,0,500,0
h00,9113704351732084032,p2,0,0,500,0,0,1,499,0,392,29,79,0,0,0,500,0
h00,9113704351732084032,p3,0,0,500,0,0,0,500,0,372,31,97,0,0,0,500,0
h00,9120897301394250832,p1,0,0,500,0,11,52,437,0,373,8,119,0,0,0,500,0
h00,9120897301394250832,p2,0,0,500,0,0,0,500,0,366,6,128,0,0,0,500,0
h00,9120897301394250832,p3,0,0,500,0,0,0,500,0,358,9,133,0,0,0,500,0
h00,9131753557599879226,p1,0,0,500,0,14,56,430,0,366,8,126,0,0,0,500,0
h00,9131753557599879226,p2,0,0,500,0,0,2,498,0,350,21,129,0,0,0,500,0
h00,9131753557599879226,p3,0,0,500,0,0,0,500,0,383,11,106,0,0,0,500,0
h00,913400200492355452,p1,0,0,500,0,18,41,441,0,357,20,123,0,0,0,500,0
h00,913400200492355452,p2,0,0,500,0,0,0,500,0,377,8,115,0,0,0,500,0
h00,913400200492355452,p3,0,0,500,0,0,0,500,0,382,10,108,0,0,0,500,0
h00,9147380939632197605,p1,0,0,500,0,11,48,441,0,369,30,101,0,0,0,500,0
h00,9147380939632197605,p2,0,0,500,0,1,2,497,0,382,43,75,0,0,0,500,0
h00,9147380939632197605,p3,0,0,500,0,0,0,500,0,357,61,82,0,0,0,500,0
h00,9160051777519494854,p1,0,0,500,0,13,43,444,0,362,23,115,0,0,0,500,0
h00,9160051777519494854,p2,0,0,500,0,0,0,500,0,372,34,94,0,0,0,500,0
h00,9160051777519494854,p3,0,0,500,0,0,0,500,0,326,45,129,0,0,0,500,0
h00,916465942571193031,p1,0,0,500,0,18,48,434,0,382,8,110,0,0,0,500,0
h00,916465942571193031,p2,0,0,500,0,0,0,500,0,370,17,113,0,0,0,500,0
h00,916465942571193031,p3,0,0,500,0,0,0,500,0,378,44,78,0,0,0,500,0
h00,9169805848763918647,p1,0,0,500,0,13,48,439,0,385,16,99,0,0,0,500,0
h00,9169805848763918647,p2,0,0,500,0,0,0,500,0,348,42,110,0,0,0,500,0
h00,9169805848763918647,p3,0,0,500,0,0,0,500,0,360,26,114,0,0,0,500,0
h00,918088812864975177,p1,0,0,500,0,17,38,445,0,369,11,120,0,0,0,500,0
h00,918088812864975177,p2,0,0,500,0,0,0,500,0,366,11,123,0,0,0,500,0
h00,918088812864975177,p3,0,0,500,0,0,0,500,0,340,12,148,0,0,0,500,0
h00,9199449143051999835,p1,0,0,500,0,23,33,444,0,386,13,101,0,0,0,500,0
h00,9199449143051999835,p2,0,0,500,0,0,1,499,0,338,47,115,0,0,0,500,0
h00,9199449143051999835,p3,0,0,500,0,0,0,500,0,344,24,132,0,0,0,500,0
h00,9222986121209035511,p1,0,0,500,0,18,35,447,0,367,23,110,0,0,0,500,0
h00,9222986121209035511,p2,0,0,500,0,0,0,500,0,349,11,140,0,0,0,500,0
h00,9222986121209035511,p3,0,0,500,0,0,0,500,0,386,15,99,0,0,0,500,0
h00,940373528300762006,p1,0,0,500,0,18,36,446,0,360,14,126,0,0,0,500,0
h00,940373528300762006,p2,0,0,500,0,0,1,499,0,405,5,90,0,0,0,500,0
h00,940373528300762006,p3,0,0,500,0,0,0,500,0,370,12,118,0,0,0,500,0
h00,947506197669724471,p1,0,0,500,0,14,56,430,0,372,38,90,0,0,0,500,0
h00,947506197669724471,p2,0,0,500,0,0,0,500,0,386,9,105,0,0,0,500,0
h00,947506197669724471,p3,0,0,500,0,0,0,500,0,371,18,111,0,0,0,500,0
h00,970080044080034050,p1,0,0,500,0,22,55,423,0,373,5,122,0,0,0,500,0
h00,970080044080034050,p2,0,0,500,0,0,0,500,0,376,6,118,0,0,0,500,0
h00,970080044080034050,p3,0,0,500,0,0,0,500,0,336,10,154,0,0,0,500,0
h00,973586120252853667,p1,0,0,500,0,12,47,441,0,375,7,118,0,0,0,500,0
h00,973586120252853667,p2,0,0,500,0,0,0,500,0,362,9,129,0,0,0,500,0
h00,973586120252853667,p3,0,0,500,0,0,0,500,0,376,8,116,0,0,0,500,0
h00,983308728926166689,p1,0,0,500,0,14,48,438,0,376,7,117,0,0,0,500,0
h00,983308728926166689,p2,0,0,500,0,0,0,500,0,359,6,135,0,0,0,500,0
h00,983308728926166689,p3,0,0,500,0,1,0,499,0,350,28,122,0,0,0,500,0
h00,991512821208445178,p1,0,0,500,0,9,50,441,0,372,9,119,0,0,0,500,0
h00,991512821208445178,p2,0,0,500,0,0,1,499,0,379,4,117,0,0,0,500,0
h00,991512821208445178,p3,0,0,500,0,0,0,500,0,395,14,91,0,0,0,500,0
h00,998901623164914020,p1,0,0,500,0,11,47,442,0,367,9,124,0,0,0,500,0
h00,998901623164914020,p2,0,0,500,0,0,1,499,0,394,5,101,0,0,0,500,0
h00,998901623164914020,p3,0,0,500,0,0,0,500,0,371,8,121,0,0,0,500,0
h05,1016222860425175782,p1,0,0,500,0,16,50,434,0,366,33,101,0,0,0,500,0
h05,1016222860425175782,p2,0,0,500,0,0,1,499,0,365,44,91,0,0,0,500,0
h05,1016222860425175782,p3,0,0,500,0,0,0,500,0,362,51,87,0,0,0,500,0
h05,1044925868286936893,p1,0,0,500,0,21,43,436,0,365,11,124,0,0,0,500,0
h05,1044925868286936893,p2,0,0,500,0,0,0,500,0,383,9,108,0,0,0,500,0
h05,1044925868286936893,p3,0,0,500,0,0,0,500,0,379,8,113,0,0,0,500,0
h05,1068320408325871245,p1,0,0,500,0,18,48,434,0,379,10,111,0,0,0,500,0
h05,1068320408325871245,p2,0,0,500,0,0,1,499,0,356,10,134,0,0,0,500,0
h05,1068320408325871245,p3,0,0,500,0,0,0,500,0,390,9,101,0,0,0,500,0
h05,1075596764364027174,p1,0,0,500,0,13,82,405,0,361,12,127,0,0,0,500,0
h05,1075596764364027174,p2,0,0,500,0,0,1,499,0,384,11,105,0,0,0,500,0
h05,1075596764364027174,p3,0,0,500,0,0,0,500,0,367,40,93,0,0,0,500,0
h05,1102172386766988392,p1,0,0,500,0,7,39,454,0,388,13,99,0,0,0,500,0
h05,1102172386766988392,p2,0,0,500,0,0,1,499,0,298,15,187,0,0,0,500,0
h05,1102172386766988392,p3,0,0,500,0,0,0,500,0,365,28,107,0,0,0,500,0
h05,1119248656264676339,p1,0,0,500,0,14,41,445,0,362,13,125,0,0,0,500,0
h05,1119248656264676339,p2,0,0,500,0,0,1,499,0,381,8,111,0,0,0,500,0
h05,1119248656264676339,p3,0,0,500,0,0,1,499,0,338,8,154,0,0,0,500,0
h05,1141794509654982754,p1,0,0,500,0,20,38,442,0,387,26,87,0,0,0,500,0
h05,1141794509654982754,p2,0,0,500,0,0,0,500,0,398,38,64,0,0,0,500,0
h05,1141794509654982754,p3,0,0,500,0,0,0,500,0,359,59,82,0,0,0,500,0
h05,1167661324597895153,p1,0,0,500,0,19,52,429,0,373,22,105,0,0,0,500,0
h05,1167661324597895153,p2,0,0,500,0,0,0,500,0,310,6,184,0,0,0,500,0
h05,1167661324597895153,p3,0,0,500,0,0,0,500,0,289,34,177,0,0,0,500,0
h05,1185190056737090375,p1,0,0,500,0,18,42,440,0,359,28,113,0,0,0,500,0
h05,1185190056737090375,p2,0,0,500,0,0,2,498,0,375,48,77,0,0,0,500,0
h05,1185190056737090375,p3,0,0,500,0,0,1,499,0,340,87,73,0,0,0,500,0
h05,1230162842297416335,p1,0,0,500,0,8,45,447,0,379,19,102,0,0,0,500,0
h05,1230162842297416335,p2,0,0,500,0,0,1,499,0,329,52,119,0,0,0,500,0
h05,1230162842297416335,p3,0,0,500,0,0,0,500,0,325,9,166,0,0,0,500,0
h05,1237229632974671180,p1,0,0,500,0,18,52,430,0,370,44,86,0,0,0,500,0
h05,1237229632974671180,p2,0,0,500,0,0,2,498,0,385,39,76,0,0,0,500,0
h05,1237229632974671180,p3,0,0,500,0,0,0,500,0,359,80,61,0,0,0,500,0
h05,1273077629472787725,p1,0,0,500,0,8,45,447,0,391,10,99,0,0,0,500,0
h05,1273077629472787725,p2,0,0,500,0,0,0,500,0,369,5,126,0,0,0,500,0
h05,1273077629472787725,p3,0,0,500,0,0,0,500,0,337,3,160,0,0,0,500,0
h05,1288620110985989366,p1,0,0,500,0,10,63,427,0,360,13,127,0,0,0,500,0
h05,1288620110985989366,p2,0,0,500,0,0,4,496,0,367,6,127,0,0,0,500,0
h05,1288620110985989366,p3,0,0,500,0,0,0,500,0,361,18,121,0,0,0,500,0
h05,1293082097569055036,p1,0,0,500,0,17,42,441,0,347,26,127,0,0,0,500,0
h05,1293082097569055036,p2,0,0,500,0,0,0,500,0,367,24,109,0,0,0,500,0
h05,1293082097569055036,p3,0,0,500,0,0,0,500,0,312,13,175,0,0,0,500,0
h05,130100008647773760,p1,0,0,500,0,13,51,436,0,379,10,111,0,0,0,500,0
h05,130100008647773760,p2,0,0,500,0,1,1,498,0,341,30,129,0,0,0,500,0
h05,130100008647773760,p3,0,0,500,0,0,0,500,0,346,25,129,0,0,0,500,0
h05,1310092479884381886,p1,0,0,500,0,19,41,440,0,382,9,109,0,0,0,500,0
h05,1310092479884381886,p2,0,0,500,0,0,2,498,0,370,14,116,0,0,0,500,0
h05,1310092479884381886,p3,0,0,500,0,0,0,500,0,356,63,81,0,0,0,500,0
h05,13140534111571587,p1,0,0,500,0,12,41,447,0,380,17,103,0,0,0,500,0
h05,13140534111571587,p2,0,0,500,0,0,0,500,0,378,7,115,0,0,0,500,0
h05,13140534111571587,p3,0,0,500,0,0,0,500,0,357,5,138,0,0,0,500,0
h05,1326687900884774118,p1,0,0,500,0,12,38,450,0,385,8,107,0,0,0,500,0
h05,1326687900884774118,p2,0,0,500,0,0,1,499,0,376,5,119,0,0,0,500,0
h05,1326687900884774118,p3,0,0,500,0,0,0,500,0,347,13,140,0,0,0,500,0
h05,1364472538958108470,p1,0,0,500,0,13,49,438,0,366,36,98,0,0,0,500,0
h05,1364472538958108470,p2,0,0,500,0,0,1,499,0,391,41,68,0,0,0,500,0
h05,1364472538958108470,p3,0,0,500,0,0,0,500,0,362,52,86,0,0,0,500,0
h05,1405442266060743962,p1,0,0,500,0,12,49,439,0,369,8,123,0,0,0,500,0
h05,1405442266060743962,p2,0,0,500,0,0,2,498,0,356,8,136,0,0,0,500,0
h05,1405442266060743962,p3,0,0,500,0,0,0,500,0,375,9,116,0,0,0,500,0
h05,1406115186973936958,p1,0,0,500,0,11,47,442,0,388,10,102,0,0,0,500,0
h05,1406115186973936958,p2,0,0,500,0,0,0,500,0,387,18,95,0,0,0,500,0
h05,1406115186973936958,p3,0,0,500,0,0,0,500,0,346,8,146,0,0,0,500,0
h05,1410871317181049370,p1,0,0,500,0,13,54,433,0,385,13,102,0,0,0,500,0
h05,1410871317181049370,p2,0,0,500,0,0,1,499,0,370,16,114,0,0,0,500,0
h05,1410871317181049370,p3,0,0,500,0,0,1,499,0,338,23,139,0,0,0,500,0
h05,1445287144514026263,p1,0,0,500,0,17,48,435,0,380,15,105,0,0,0,500,0
h05,1445287144514026263,p2,0,0,500,0,0,1,499,0,375,16,109,0,0,0,500,0
h05,1445287144514026263,p3,0,0,500,0,0,1,499,0,381,14,105,0,0,0,500,0
h05,1453620472743434751,p1,0,0,500,0,10,52,438,0,375,8,117,0,0,0,500,0
h05,1453620472743434751,p2,0,0,500,0,0,1,499,0,377,16,107,0,0,0,500,0
h05,1453620472743434751,p3,0,0,500,0,0,0,500,0,366,12,122,0,0,0,500,0
h05,1455876525285143988,p1,0,0,500,0,14,59,427,0,379,12,109,0,0,0,500,0
h05,1455876525285143988,p2,0,0,500,0,0,1,499,0,339,24,137,0,0,0,500,0
h05,1455876525285143988,p3,0,0,500,0,0,0,500,0,366,11,123,0,0,0,500,0
h05,1471122461657744917,p1,0,0,500,0,21,49,430,0,372,33,95,0,0,0,500,0
h05,1471122461657744917,p2,0,0,500,0,0,0,500,0,376,6,118,0,0,0,500,0
h05,1471122461657744917,p3,0,0,500,0,0,0,500,0,352,16,132,0,0,0,500,0
h05,1479147959489444654,p1,0,0,500,0,22,42,436,0,366,6,128,0,0,0,500,0
h05,1479147959489444654,p2,0,0,500,0,0,0,500,0,309,98,93,0,0,0,500,0
h05,1479147959489444654,p3,0,0,500,0,0,0,500,0,344,28,128,0,0,0,500,0
h05,1484155497122323042,p1,0,0,500,0,17,47,436,0,367,13,120,0,0,0,500,0
h05,1484155497122323042,p2,0,0,500,0,0,2,498,0,359,15,126,0,0,0,500,0
h05,1484155497122323042,p3,0,0,500,0,0,0,500,0,381,7,112,0,0,0,500,0
h05,1487709032117485537,p1,0,0,500,0,11,49,440,0,351,14,135,0,0,0,500,0
h05,1487709032117485537,p2,0,0,500,0,0,0,500,0,343,17,140,0,0,0,500,0
h05,1487709032117485537,p3,0,0,500,0,0,0,500,0,290,17,193,0,0,0,500,0
h05,1519488294889118655,p1,0,0,500,0,22,58,420,0,369,19,112,0,0,0,500,0
h05,1519488294889118655,p2,0,0,500,0,1,1,498,0,356,24,120,0,0,0,500,0
h05,1519488294889118655,p3,0,0,500,0,0,0,500,0,343,24,133,0,0,0,500,0
h05,1533005286116646433,p1,0,0,500,0,10,54,436,0,378,20,102,0,0,0,500,0
h05,1533005286116646433,p2,0,0,500,0,0,0,500,0,364,47,89,0,0,0,500,0
h05,1533005286116646433,p3,0,0,500,0,0,0,500,0,367,24,109,0,0,0,500,0
h05,154290695271280531,p1,0,0,500,0,9,47,444,0,376,27,97,0,0,0,500,0
h05,154290695271280531,p2,0,0,500,0,0,0,500,0,320,104,76,0,0,0,500,0
h05,154290695271280531,p3,0,0,500,0,0,0,500,0,379,59,62,0,0,0,500,0
h05,1565019962701827065,p1,0,0,500,0,10,45,445,0,369,17,114,0,0,0,500,0
h05,1565019962701827065,p2,0,0,500,0,0,0,500,0,374,27,99,0,0,0,500,0
h05,1565019962701827065,p3,0,0,500,0,0,0,500,0,344,93,63,0,0,0,500,0
h05,1574986924920696886,p1,0,0,500,0,14,49,437,0,360,9,131,0,0,0,500,0
h05,1574986924920696886,p2,0,0,500,0,0,1,499,0,383,6,111,0,0,0,500,0
h05,1574986924920696886,p3,0,0,500,0,0,0,500,0,384,7,109,0,0,0,500,0
h05,1580349572671575590,p1,0,0,500,0,20,62,418,0,361,28,111,0,0,0,500,0
h05,1580349572671575590,p2,0,0,500,0,0,1,499,0,368,6,126,0,0,0,500,0
h05,1580349572671575590,p3,0,0,500,0,0,0,500,0,376,14,110,0,0,0,500,0
h05,1598982521497360455,p1,0,0,500,0,17,54,429,0,354,16,130,0,0,0,500,0
h05,1598982521497360455,p2,0,0,500,0,0,0,500,0,315,36,149,0,0,0,500,0
h05,1598982521497360455,p3,0,0,500,0,0,0,500,0,272,37,191,0,0,0,500,0
h05,1603482522434575725,p1,0,0,500,0,18,59,423,0,372,9,119,0,0,0,500,0
h05,1603482522434575725,p2,0,0,500,0,0,1,499,0,353,9,138,0,0,0,500,0
h05,1603482522434575725,p3,0,0,500,0,0,0,500,0,364,9,127,0,0,0,500,0
h05,1604681021256874423,p1,0,0,500,0,12,43,445,0,366,19,115,0,0,0,500,0
h05,1604681021256874423,p2,0,0,500,0,0,3,497,0,371,11,118,0,0,0,500,0
h05,1604681021256874423,p3,0,0,500,0,0,0,500,0,332,41,127,0,0,0,500,0
h05,1615819314104942434,p1,0,0,500,0,24,52,424,0,373,9,118,0,0,0,500,0
h05,1615819314104942434,p2,0,0,500,0,1,1,498,0,389,4,107,0,0,0,500,0
h05,1615819314104942434,p3,0,0,500,0,0,0,500,0,315,24,161,0,0,0,500,0
h05,1619664180015500196,p1,0,0,500,0,11,52,437,0,395,19,86,0,0,0,500,0
h05,1619664180015500196,p2,0,0,500,0,0,0,500,0,367,69,64,0,0,0,500,0
h05,1619664180015500196,p3,0,0,500,0,0,0,500,0,303,106,91,0,0,0,500,0
h05,1623295449045941515,p1,0,0,500,0,16,50,434,0,353,24,123,0,0,0,500,0
h05,1623295449045941515,p2,0,0,500,0,0,0,500,0,396,9,95,0,0,0,500,0
h05,1623295449045941515,p3,0,0,500,0,0,0,500,0,386,9,105,0,0,0,500,0
h05,1634236169178787339,p1,0,0,500,0,17,51,432,0,379,29,92,0,0,0,500,0
h05,1634236169178787339,p2,0,0,500,0,0,0,500,0,371,54,75,0,0,0,500,0
h05,1634236169178787339,p3,0,0,500,0,0,0,500,0,335,84,81,0,0,0,500,0
h05,1655396935501401630,p1,0,0,500,0,19,49,432,0,371,12,117,0,0,0,500,0
h05,1655396935501401630,p2,0,0,500,0,0,1,499,0,324,3,173,0,0,0,500,0
h05,1655396935501401630,p3,0,0,500,0,0,0,500,0,382,8,110,0,0,0,500,0
h05,1658739413120076468,p1,0,0,500,0,17,47,436,0,389,10,101,0,0,0,500,0
h05,1658739413120076468,p2,0,0,500,0,0,2,498,0,382,8,110,0,0,0,500,0
h05,1658739413120076468,p3,0,0,500,0,0,0,500,0,360,12,128,0,0,0,500,0
h05,1672594961519705124,p1,0,0,500,0,14,50,436,0,365,13,122,0,0,0,500,0
h05,1672594961519705124,p2,0,0,500,0,0,0,500,0,354,10,136,0,0,0,500,0
h05,1672594961519705124,p3,0,0,500,0,0,0,500,0,372,5,123,0,0,0,500,0
h05,1763285806016433646,p1,0,0,500,0,17,49,434,0,370,7,123,0,0,0,500,0
h05,1763285806016433646,p2,0,0,500,0,0,1,499,0,344,6,150,0,0,0,500,0
h05,1763285806016433646,p3,0,0,500,0,0,0,500,0,373,4,123,0,0,0,500,0
h05,1786475875956838267,p1,0,0,500,0,11,43,446,0,345,33,122,0,0,0,500,0
h05,1786475875956838267,p2,0,0,500,0,0,0,500,0,332,47,121,0,0,0,500,0
h05,1786475875956838267,p3,0,0,500,0,0,0,500,0,367,15,118,0,0,0,500,0
h05,1792714074386981780,p1,0,0,500,0,15,43,442,0,373,12,115,0,0,0,500,0
h05,1792714074386981780,p2,0,0,500,0,0,1,499,0,370,5,125,0,0,0,500,0
h05,1792714074386981780,p3,0,0,500,0,0,1,499,0,384,7,109,0,0,0,500,0
h05,1817791909450168358,p1,0,0,500,0,17,41,442,0,368,34,98,0,0,0,500,0
h05,1817791909450168358,p2,0,0,500,0,0,1,499,0,342,92,66,0,0,0,500,0
h05,1817791909450168358,p3,0,0,500,0,0,0,500,0,377,38,85,0,0,0,500,0
h05,1827693092105995524,p1,0,0,500,0,22,53,425,0,379,32,89,0,0,0,500,0
h05,1827693092105995524,p2,0,0,500,0,0,0,500,0,366,61,73,0,0,0,500,0
h05,1827693092105995524,p3,0,0,500,0,0,0,500,0,337,96,67,0,0,0,500,0
h05,1831696679398629868,p1,0,0,500,0,15,41,444,0,381,8,111,0,0,0,500,0
h05,1831696679398629868,p2,0,0,500,0,0,0,500,0,300,8,192,0,0,0,500,0
h05,1831696679398629868,p3,0,0,500,0,0,0,500,0,343,12,145,0,0,0,500,0
h05,1831757781164456331,p1,0,0,500,0,13,42,445,0,382,10,108,0,0,0,500,0
h05,1831757781164456331,p2,0,0,500,0,1,1,498,0,379,21,100,0,0,0,500,0
h05,1831757781164456331,p3,0,0,500,0,0,0,500,0,385,16,99,0,0,0,500,0
h05,1835493084086831041,p1,0,0,500,0,12,45,443,0,355,54,91,0,0,0,500,0
h05,1835493084086831041,p2,0,0,500,0,0,0,500,0,363,45,92,0,0,0,500,0
h05,1835493084086831041,p3,0,0,500,0,0,0,500,0,273,153,74,0,0,0,500,0
h05,1835603583948599021,p1,0,0,500,0,15,54,431,0,362,25,113,0,0,0,500,0
h05,1835603583948599021,p2,0,0,500,0,0,0,500,0,349,67,84,0,0,0,500,0
h05,1835603583948599021,p3,0,0,500,0,0,0,500,0,307,80,113,0,0,0,500,0
h05,1850311416494250713,p1,0,0,500,0,16,60,424,0,357,30,113,0,0,0,500,0
h05,1850311416494250713,p2,0,0,500,0,0,0,500,0,359,70,71,0,0,0,500,0
h05,1850311416494250713,p3,0,0,500,0,0,0,500,0,327,52,121,0,0,0,500,0
h05,1872782207674529856,p1,0,0,500,0,16,49,435,0,369,16,115,0,0,0,500,0
h05,1872782207674529856,p2,0,0,500,0,0,0,500,0,340,9,151,0,0,0,500,0
h05,1872782207674529856,p3,0,0,500,0,0,0,500,0,327,10,163,0,0,0,500,0
h05,1890430071228034980,p1,0,0,500,0,15,42,443,0,368,16,116,0,0,0,500,0
h05,1890430071228034980,p2,0,0,500,0,0,2,498,0,394,20,86,0,0,0,500,0
h05,1890430071228034980,p3,0,0,500,0,0,0,500,0,331,19,150,0,0,0,500,0
h05,1894195556906630430,p1,0,0,500,0,10,60,430,0,390,22,88,0,0,0,500,0
h05,1894195556906630430,p2,0,0,500,0,0,1,499,0,365,49,86,0,0,0,500,0
h05,1894195556906630430,p3,0,0,500,0,0,0,500,0,338,89,73,0,0,0,500,0
h05,1912308451502797870,p1,0,0,500,0,23,46,431,0,383,16,101,0,0,0,500,0
h05,1912308451502797870,p2,0,0,500,0,0,2,498,0,298,6,196,0,0,0,500,0
h05,1912308451502797870,p3,0,0,500,0,0,0,500,0,333,80,87,0,0,0,500,0
h05,1955415757962736301,p1,0,0,500,0,23,61,416,0,365,21,114,0,0,0,500,0
h05,1955415757962736301,p2,0,0,500,0,0,0,500,0,330,62,108,0,0,0,500,0
h05,1955415757962736301,p3,0,0,500,0,0,0,500,0,387,27,86,0,0,0,500,0
h05,1982907247669806159,p1,0,0,500,0,8,42,450,0,386,25,89,0,0,0,500,0
h05,1982907247669806159,p2,0,0,500,0,0,0,500,0,364,28,108,0,0,0,500,0
h05,1982907247669806159,p3,0,0,500,0,0,1,499,0,328,47,125,0,0,0,500,0
h05,2015925084329406584,p1,0,0,500,0,9,49,442,0,363,14,123,0,0,0,500,0
h05,2015925084329406584,p2,0,0,500,0,0,1,499,0,352,12,136,0,0,0,500,0
h05,2015925084329406584,p3,0,0,500,0,0,0,500,0,383,9,108,0,0,0,500,0
h05,2022156699881960729,p1,0,0,500,0,20,53,427,0,367,13,120,0,0,0,500,0
h05,2022156699881960729,p2,0,0,500,0,0,1,499,0,341,95,64,0,0,0,500,0
h05,2022156699881960729,p3,0,0,500,0,0,0,500,0,373,33,94,0,0,0,500,0
h05,2033317270591491129,p1,0,0,500,0,13,45,442,0,392,6,102,0,0,0,500,0
h05,2033317270591491129,p2,0,0,500,0,0,3,497,0,383,9,108,0,0,0,500,0
h05,2033317270591491129,p3,0,0,500,0,0,0,500,0,304,7,189,0,0,0,500,0
h05,2049443784227955374,p1,0,0,500,0,10,55,435,0,355,16,129,0,0,0,500,0
h05,2049443784227955374,p2,0,0,500,0,0,0,500,0,382,27,91,0,0,0,500,0
h05,2049443784227955374,p3,0,0,500,0,0,0,500,0,376,10,114,0,0,0,500,0
h05,2051787133214203401,p1,0,0,500,0,13,54,433,0,367,15,118,0,0,0,500,0
h05,2051787133214203401,p2,0,0,500,0,0,0,500,0,379,10,111,0,0,0,500,0
h05,2051787133214203401,p3,0,0,500,0,0,0,500,0,318,33,149,0,0,0,500,0
h05,2071198562187270285,p1,0,0,500,0,16,53,431,0,374,31,95,0,0,0,500,0
h05,2071198562187270285,p2,0,0,500,0,1,0,499,0,346,73,81,0,0,0,500,0
h05,2071198562187270285,p3,0,0,500,0,0,0,500,0,360,73,67,0,0,0,500,0
h05,2084407245631035981,p1,0,0,500,0,13,53,434,0,366,37,97,0,0,0,500,0
h05,2084407245631035981,p2,0,0,500,0,0,1,499,0,383,36,81,0,0,0,500,0
h05,2084407245631035981,p3,0,0,500,0,0,0,500,0,368,52,80,0,0,0,500,0
h05,2109796282722423065,p1,0,0,500,0,16,38,446,0,371,36,93,0,0,0,500,0
h05,2109796282722423065,p2,0,0,500,0,0,1,499,0,374,61,65,0,0,0,500,0
h05,2109796282722423065,p3,0,0,500,0,0,0,500,0,300,105,95,0,0,0,500,0
h05,2111044634361609688,p1,0,0,500,0,11,49,440,0,395,22,83,0,0,0,500,0
h05,2111044634361609688,p2,0,0,500,0,0,1,499,0,393,35,72,0,0,0,500,0
h05,2111044634361609688,p3,0,0,500,0,0,0,500,0,340,90,70,0,0,0,500,0
h05,2134373124147706442,p1,0,0,500,0,14,49,437,0,385,9,106,0,0,0,500,0
h05,2134373124147706442,p2,0,0,500,0,0,0,500,0,323,6,171,0,0,0,500,0
h05,2134373124147706442,p3,0,0,500,0,0,0,500,0,375,18,107,0,0,0,500,0
h05,2150159936165665157,p1,0,0,500,0,22,49,429,0,385,30,85,0,0,0,500,0
h05,2150159936165665157,p2,0,0,500,0,0,2,498,0,351,84,65,0,0,0,500,0
h05,2150159936165665157,p3,0,0,500,0,0,0,500,0,368,10,122,0,0,0,500,0
h05,2157857166034569084,p1,0,0,500,0,13,65,422,0,371,6,123,0,0,0,500,0
h05,2157857166034569084,p2,0,0,500,0,0,0,500,0,352,24,124,0,0,0,500,0
h05,2157857166034569084,p3,0,0,500,0,0,0,500,0,381,25,94,0,0,0,500,0
h05,2172333262748770943,p1,0,0,500,0,13,71,416,0,380,14,106,0,0,0,500,0
h05,2172333262748770943,p2,0,0,500,0,0,0,500,0,370,11,119,0,0,0,500,0
h05,2172333262748770943,p3,0,0,500,0,0,0,500,0,321,11,168,0,0,0,500,0
h05,218992786585519762,p1,0,0,500,0,11,52,437,0,353,12,135,0,0,0,500,0
h05,218992786585519762,p2,0,0,500,0,0,0,500,0,367,17,116,0,0,0,500,0
h05,218992786585519762,p3,0,0,500,0,0,0,500,0,352,12,136,0,0,0,500,0
h05,2194664491335904575,p1,0,0,500,0,12,46,442,0,385,34,81,0,0,0,500,0
h05,2194664491335904575,p2,0,0,500,0,0,1,499,0,360,64,76,0,0,0,500,0
h05,2194664491335904575,p3,0,0,500,0,0,0,500,0,346,76,78,0,0,0,500,0
h05,2211615964893912798,p1,0,0,500,0,11,49,440,0,371,12,117,0,0,0,500,0
h05,2211615964893912798,p2,0,0,500,0,0,2,498,0,389,8,103,0,0,0,500,0
h05,2211615964893912798,p3,0,0,500,0,0,0,500,0,383,11,106,0,0,0,500,0
h05,2215070330670534269,p1,0,0,500,0,12,63,425,0,361,54,85,0,0,0,500,0
h05,2215070330670534269,p2,0,0,500,0,0,0,500,0,394,35,71,0,0,0,500,0
h05,2215070330670534269,p3,0,0,500,0,0,0,500,0,286,113,101,0,0,0,500,0
h05,2228771183941944748,p1,0,0,500,0,14,47,439,0,379,16,105,0,0,0,500,0
h05,2228771183941944748,p2,0,0,500,0,0,0,500,0,352,32,116,0,0,0,500,0
h05,2228771183941944748,p3,0,0,500,0,0,0,500,0,387,16,97,0,0,0,500,0
h05,2234244814687274129,p1,0,0,500,0,18,51,431,0,377,8,115,0,0,0,500,0
h05,2234244814687274129,p2,0,0,500,0,0,0,500,0,364,26,110,0,0,0,500,0
h05,2234244814687274129,p3,0,0,500,0,0,0,500,0,381,12,107,0,0,0,500,0
h05,2245883088762896338,p1,0,0,500,0,13,37,450,0,367,6,127,0,0,0,500,0
h05,2245883088762896338,p2,0,0,500,0,0,0,500,0,389,13,98,0,0,0,500,0
h05,2245883088762896338,p3,0,0,500,0,0,0,500,0,355,19,126,0,0,0,500,0
h05,2288303028313800114,p1,0,0,500,0,12,50,438,0,357,19,124,0,0,0,500,0
h05,2288303028313800114,p2,0,0,500,0,0,0,500,0,297,18,185,0,0,0,500,0
h05,2288303028313800114,p3,0,0,500,0,0,1,499,0,312,8,180,0,0,0,500,0
h05,23146925379839194,p1,0,0,500,0,16,55,429,0,385,7,108,0,0,0,500,0
h05,23146925379839194,p2,0,0,500,0,0,1,499,0,320,5,175,0,0,0,500,0
h05,23146925379839194,p3,0,0,500,0,0,0,500,0,270,7,223,0,0,0,500,0
h05,2315684253322038264,p1,0,0,500,0,18,60,422,0,377,32,91,0,0,0,500,0
h05,2315684253322038264,p2,0,0,500,0,0,0,500,0,385,39,76,0,0,0,500,0
h05,2315684253322038264,p3,0,0,500,0,0,0,500,0,327,97,76,0,0,0,500,0
h05,2316003991078191534,p1,0,0,500,0,16,62,422,0,383,10,107,0,0,0,500,0
h05,2316003991078191534,p2,0,0,500,0,0,0,500,0,357,70,73,0,0,0,500,0
h05,2316003991078191534,p3,0,0,500,0,0,0,500,0,372,57,71,0,0,0,500,0
h05,2324854691930503959,p1,0,0,500,0,9,46,445,0,377,36,87,0,0,0,500,0
h05,2324854691930503959,p2,0,0,500,0,0,0,500,0,330,48,122,0,0,0,500,0
h05,2324854691930503959,p3,0,0,500,0,0,0,500,0,343,87,70,0,0,0,500,0
h05,2329092494424995999,p1,0,0,500,0,12,54,434,0,369,46,85,0,0,0,500,0
h05,2329092494424995999,p2,0,0,500,0,0,2,498,0,365,25,110,0,0,0,500,0
h05,2329092494424995999,p3,0,0,500,0,0,0,500,0,334,45,121,0,0,0,500,0
h05,2353390558278663037,p1,0,0,500,0,20,47,433,0,372,6,122,0,0,0,500,0
h05,2353390558278663037,p2,0,0,500,0,0,0,500,0,373,13,114,0,0,0,500,0
h05,2353390558278663037,p3,0,0,500,0,0,0,500,0,260,45,195,0,0,0,500,0
h05,2363439723728621014,p1,0,0,500,0,5,51,444,0,383,13,104,0,0,0,500,0
h05,2363439723728621014,p2,0,0,500,0,0,0,500,0,372,21,107,0,0,0,500,0
h05,2363439723728621014,p3,0,0,500,0,0,0,500,0,360,35,105,0,0,0,500,0
h05,236522125182876818,p1,0,0,500,0,18,38,444,0,359,13,128,0,0,0,500,0
h05,236522125182876818,p2,0,0,500,0,0,0,500,0,356,10,134,0,0,0,500,0
h05,236522125182876818,p3,0,0,500,0,0,0,500,0,323,31,146,0,0,0,500,0
h05,2385682336494085482,p1,0,0,500,0,18,42,440,0,379,8,113,0,0,0,500,0
h05,2385682336494085482,p2,0,0,500,0,0,0,500,0,331,7,162,0,0,0,500,0
h05,2385682336494085482,p3,0,0,500,0,0,0,500,0,345,73,82,0,0,0,500,0
h05,240590294240973223,p1,0,0,500,0,13,48,439,0,373,14,113,0,0,0,500,0
h05,240590294240973223,p2,0,0,500,0,0,1,499,0,353,10,137,0,0,0,500,0
h05,240590294240973223,p3,0,0,500,0,0,0,500,0,344,7,149,0,0,0,500,0
h05,2415650474673207329,p1,0,0,500,0,10,46,444,0,384,32,84,0,0,0,500,0
h05,2415650474673207329,p2,0,0,500,0,0,1,499,0,394,32,74,0,0,0,500,0
h05,2415650474673207329,p3,0,0,500,0,0,0,500,0,326,105,69,0,0,0,500,0
h05,2441310548404372499,p1,0,0,500,0,13,58,429,0,377,8,115,0,0,0,500,0
h05,2441310548404372499,p2,0,0,500,0,0,0,500,0,343,10,147,0,0,0,500,0
h05,2441310548404372499,p3,0,0,500,0,0,0,500,0,347,26,127,0,0,0,500,0
h05,2502214477749922901,p1,0,0,500,0,16,54,430,0,376,6,118,0,0,0,500,0
h05,2502214477749922901,p2,0,0,500,0,0,2,498,0,376,15,109,0,0,0,500,0
h05,2502214477749922901,p3,0,0,500,0,0,0,500,0,306,10,184,0,0,0,500,0
h05,2513348774362333501,p1,0,0,500,0,22,64,414,0,376,15,109,0,0,0,500,0
h05,2513348774362333501,p2,0,0,500,0,0,0,500,0,363,30,107,0,0,0,500,0
h05,2513348774362333501,p3,0,0,500,0,0,0,500,0,338,14,148,0,0,0,500,0
h05,2514026999351602161,p1,0,0,500,0,14,61,425,0,379,29,92,0,0,0,500,0
h05,2514026999351602161,p2,0,0,500,0,0,2,498,0,385,42,73,0,0,0,500,0
h05,2514026999351602161,p3,0,0,500,0,0,0,500,0,373,40,87,0,0,0,500,0
h05,2556206719640530903,p1,0,0,500,0,13,44,443,0,375,20,105,0,0,0,500,0
h05,2556206719640530903,p2,0,0,500,0,0,2,498,0,377,12,111,0,0,0,500,0
h05,2556206719640530903,p3,0,0,500,0,0,0,500,0,365,18,117,0,0,0,500,0
h05,2561284945642648354,p1,0,0,500,0,14,53,433,0,373,24,103,0,0,0,500,0
h05,2561284945642648354,p2,0,0,500,0,0,1,499,0,373,44,83,0,0,0,500,0
h05,2561284945642648354,p3,0,0,500,0,0,1,499,0,356,43,101,0,0,0,500,0
h05,2594160632475613918,p1,0,0,500,0,18,41,441,0,390,16,94,0,0,0,500,0
h05,2594160632475613918,p2,0,0,500,0,0,2,498,0,374,20,106,0,0,0,500,0
h05,2594160632475613918,p3,0,0,500,0,0,0,500,0,335,34,131,0,0,0,500,0
h05,2594930482647574356,p1,0,0,500,0,11,64,425,0,374,12,114,0,0,0,500,0
h05,2594930482647574356,p2,0,0,500,0,0,2,498,0,373,8,119,0,0,0,500,0
h05,2594930482647574356,p3,0,0,500,0,0,0,500,0,302,46,152,0,0,0,500,0
h05,263368955851692831,p1,0,0,500,0,11,44,445,0,381,9,110,0,0,0,500,0
h05,263368955851692831,p2,0,0,500,0,0,0,500,0,400,9,91,0,0,0,500,0
h05,263368955851692831,p3,0,0,500,0,0,2,498,0,386,5,109,0,0,0,500,0
h05,2643665608221132916,p1,0,0,500,0,14,41,445,0,385,34,81,0,0,0,500,0
h05,2643665608221132916,p2,0,0,500,0,0,0,500,0,372,38,90,0,0,0,500,0
h05,2643665608221132916,p3,0,0,500,0,0,1,499,0,384,43,73,0,0,0,500,0
h05,2648611874961412935,p1,0,0,500,0,13,48,439,0,363,38,99,0,0,0,500,0
h05,2648611874961412935,p2,0,0,500,0,0,0,500,0,339,84,77,0,0,0,500,0
h05,2648611874961412935,p3,0,0,500,0,0,0,500,0,339,93,68,0,0,0,500,0
h05,2657134930824662940,p1,0,0,500,0,12,54,434,0,317,87,96,0,0,0,500,0
h05,2657134930824662940,p2,0,0,500,0,0,2,498,0,386,43,71,0,0,0,500,0
h05,2657134930824662940,p3,0,0,500,0,0,0,500,0,381,55,64,0,0,0,500,0
h05,266536880896168669,p1,0,0,500,0,19,57,424,0,391,29,80,0,0,0,500,0
h05,266536880896168669,p2,0,0,500,0,0,4,496,0,402,39,59,0,0,0,500,0
h05,266536880896168669,p3,0,0,500,0,0,0,500,0,355,69,76,0,0,0,500,0
h05,272858877937442746,p1,0,0,500,0,19,46,435,0,378,37,85,0,0,0,500,0
h05,272858877937442746,p2,0,0,500,0,0,2,498,0,353,66,81,0,0,0,500,0
h05,272858877937442746,p3,0,0,500,0,0,0,500,0,341,94,65,0,0,0,500,0
h05,2748535386780944677,p1,0,0,500,0,20,46,434,0,352,15,133,0,0,0,500,0
h05,2748535386780944677,p2,0,0,500,0,0,1,499,0,379,14,107,0,0,0,500,0
h05,2748535386780944677,p3,0,0,500,0,0,0,500,0,350,23,127,0,0,0,500,0
h05,2768013358589572946,p1,0,0,500,0,19,51,430,0,358,11,131,0,0,0,500,0
h05,2768013358589572946,p2,0,0,500,0,0,3,497,0,350,14,136,0,0,0,500,0
h05,2768013358589572946,p3,0,0,500,0,0,0,500,0,342,9,149,0,0,0,500,0
h05,2769887300915530433,p1,0,0,500,0,11,34,455,0,378,8,114,0,0,0,500,0
h05,2769887300915530433,p2,0,0,500,0,0,1,499,0,332,25,143,0,0,0,500,0
h05,2769887300915530433,p3,0,0,500,0,0,0,500,0,352,4,144,0,0,0,500,0
h05,2793711213639074442,p1,0,0,500,0,13,49,438,0,387,12,101,0,0,0,500,0
h05,2793711213639074442,p2,0,0,500,0,0,2,498,0,356,14,130,0,0,0,500,0
h05,2793711213639074442,p3,0,0,500,0,0,0,500,0,359,11,130,0,0,0,500,0
h05,2819096609779749247,p1,0,0,500,0,18,41,441,0,383,24,93,0,0,0,500,0
h05,2819096609779749247,p2,0,0,500,0,0,3,497,0,358,68,74,0,0,0,500,0
h05,2819096609779749247,p3,0,0,500,0,0,0,500,0,347,77,76,0,0,0,500,0
h05,2852478797854467960,p1,0,0,500,0,21,50,429,0,386,8,106,0,0,0,500,0
h05,2852478797854467960,p2,0,0,500,0,0,1,499,0,371,8,121,0,0,0,500,0
h05,2852478797854467960,p3,0,0,500,0,0,0,500,0,312,31,157,0,0,0,500,0
h05,2868243242050593548,p1,0,0,500,0,11,56,433,0,364,14,122,0,0,0,500,0
h05,2868243242050593548,p2,0,0,500,0,0,3,497,0,364,4,132,0,0,0,500,0
h05,2868243242050593548,p3,0,0,500,0,0,0,500,0,352,21,127,0,0,0,500,0
h05,2873793647919478335,p1,0,0,500,0,13,44,443,0,373,30,97,0,0,0,500,0
h05,2873793647919478335,p2,0,0,500,0,0,0,500,0,374,57,69,0,0,0,500,0
h05,2873793647919478335,p3,0,0,500,0,0,0,500,0,323,120,57,0,0,0,500,0
h05,2875096199980571401,p1,0,0,500,0,9,39,452,0,364,9,127,0,0,0,500,0
h05,2875096199980571401,p2,0,0,500,0,0,0,500,0,387,49,64,0,0,0,500,0
h05,2875096199980571401,p3,0,0,500,0,0,0,500,0,376,9,115,0,0,0,500,0
h05,2877962110587491459,p1,0,0,500,0,16,42,442,0,369,30,101,0,0,0,500,0
h05,2877962110587491459,p2,0,0,500,0,0,1,499,0,372,56,72,0,0,0,500,0
h05,2877962110587491459,p3,0,0,500,0,0,0,500,0,376,56,68,0,0,0,500,0
h05,2878018892401122246,p1,0,0,500,0,10,50,440,0,347,42,111,0,0,0,500,0
h05,2878018892401122246,p2,0,0,500,0,0,0,500,0,338,99,63,0,0,0,500,0
h05,2878018892401122246,p3,0,0,500,0,0,0,500,0,361,64,75,0,0,0,500,0
h05,2881712073384680095,p1,0,0,500,0,14,59,427,0,387,35,78,0,0,0,500,0
h05,2881712073384680095,p2,0,0,500,0,0,1,499,0,389,46,65,0,0,0,500,0
h05,2881712073384680095,p3,0,0,500,0,0,0,500,0,367,65,68,0,0,0,500,0
h05,2886475517365525834,p1,0,0,500,0,28,48,424,0,370,14,116,0,0,0,500,0
h05,2886475517365525834,p2,0,0,500,0,0,0,500,0,383,24,93,0,0,0,500,0
h05,2886475517365525834,p3,0,0,500,0,0,0,500,0,361,25,114,0,0,0,500,0
h05,2890181523104987576,p1,0,0,500,0,11,53,436,0,360,25,115,0,0,0,500,0
h05,2890181523104987576,p2,0,0,500,0,0,1,499,0,340,22,138,0,0,0,500,0
h05,2890181523104987576,p3,0,0,500,0,0,0,500,0,238,7,255,0,0,0,500,0
h05,2941719576958868389,p1,0,0,500,0,18,58,424,0,368,6,126,0,0,0,500,0
h05,2941719576958868389,p2,0,0,500,0,0,0,500,0,360,18,122,0,0,0,500,0
h05,2941719576958868389,p3,0,0,500,0,0,0,500,0,311,24,165,0,0,0,500,0
h05,294206744387707502,p1,0,0,500,0,17,49,434,0,376,12,112,0,0,0,500,0
h05,294206744387707502,p2,0,0,500,0,0,0,500,0,356,19,125,0,0,0,500,0
h05,294206744387707502,p3,0,0,500,0,0,0,500,0,339,2,159,0,0,0,500,0
h05,2949824631752874456,p1,0,0,500,0,11,46,443,0,367,54,79,0,0,0,500,0
h05,2949824631752874456,p2,0,0,500,0,0,1,499,0,364,59,77,0,0,0,500,0
h05,2949824631752874456,p3,0,0,500,0,0,0,500,0,363,72,65,0,0,0,500,0
h05,2983972839640826529,p1,0,0,500,0,25,46,429,0,348,18,134,0,0,0,500,0
h05,2983972839640826529,p2,0,0,500,0,0,4,496,0,346,16,138,0,0,0,500,0
h05,2983972839640826529,p3,0,0,500,0,0,0,500,0,358,22,120,0,0,0,500,0
h05,3005050390121271868,p1,0,0,500,0,15,48,437,0,364,24,112,0,0,0,500,0
h05,3005050390121271868,p2,0,0,500,0,0,1,499,0,342,10,148,0,0,0,500,0
h05,3005050390121271868,p3,0,0,500,0,0,0,500,0,384,25,91,0,0,0,500,0
h05,3048685216672930222,p1,0,0,500,0,12,47,441,0,356,10,134,0,0,0,500,0
h05,3048685216672930222,p2,0,0,500,0,0,2,498,0,277,83,140,0,0,0,500,0
h05,3048685216672930222,p3,0,0,500,0,0,0,500,0,340,31,129,0,0,0,500,0
h05,3094750602436115619,p1,0,0,500,0,16,39,445,0,362,35,103,0,0,0,500,0
h05,3094750602436115619,p2,0,0,500,0,0,1,499,0,307,122,71,0,0,0,500,0
h05,3094750602436115619,p3,0,0,500,0,0,0,500,0,302,121,77,0,0,0,500,0
h05,3102087033776832206,p1,0,0,500,0,18,43,439,0,376,11,113,0,0,0,500,0
h05,3102087033776832206,p2,0,0,500,0,1,1,498,0,358,10,132,0,0,0,500,0
h05,3102087033776832206,p3,0,0,500,0,0,0,500,0,295,6,199,0,0,0,500,0
h05,3154478712643722168,p1,0,0,500,0,17,60,423,0,377,43,80,0,0,0,500,0
h05,3154478712643722168,p2,0,0,500,0,0,0,500,0,364,71,65,0,0,0,500,0
h05,3154478712643722168,p3,0,0,500,0,0,0,500,0,386,46,68,0,0,0,500,0
h05,3156338250560751663,p1,0,0,500,0,10,40,450,0,368,7,125,0,0,0,500,0
h05,3156338250560751663,p2,0,0,500,0,0,1,499,0,362,37,101,0,0,0,500,0
h05,3156338250560751663,p3,0,0,500,0,0,0,500,0,334,24,142,0,0,0,500,0
h05,3168617480241716285,p1,0,0,500,0,8,48,444,0,382,9,109,0,0,0,500,0
h05,3168617480241716285,p2,0,0,500,0,0,0,500,0,380,5,115,0,0,0,500,0
h05,3168617480241716285,p3,0,0,500,0,0,0,500,0,357,16,127,0,0,0,500,0
h05,3183773561331794744,p1,0,0,500,0,17,38,445,0,372,11,117,0,0,0,500,0
h05,3183773561331794744,p2,0,0,500,0,0,0,500,0,391,13,96,0,0,0,500,0
h05,3183773561331794744,p3,0,0,500,0,0,0,500,0,355,25,120,0,0,0,500,0
h05,3190795366140374516,p1,0,0,500,0,16,49,435,0,354,12,134,0,0,0,500,0
h05,3190795366140374516,p2,0,0,500,0,0,0,500,0,329,22,149,0,0,0,500,0
h05,3190795366140374516,p3,0,0,500,0,0,0,500,0,320,9,171,0,0,0,500,0
h05,3194215750625306473,p1,0,0,500,0,14,46,440,0,375,27,98,0,0,0,500,0
h05,3194215750625306473,p2,0,0,500,0,0,0,500,0,354,54,92,0,0,0,500,0
h05,3194215750625306473,p3,0,0,500,0,0,0,500,0,404,32,64,0,0,0,500,0
h05,3227664716567157262,p1,0,0,500,0,13,45,442,0,359,4,137,0,0,0,500,0
h05,3227664716567157262,p2,0,0,500,0,0,0,500,0,315,8,177,0,0,0,500,0
h05,3227664716567157262,p3,0,0,500,0,0,0,500,0,360,9,131,0,0,0,500,0
h05,3236963627778638242,p1,0,0,500,0,17,62,421,0,361,50,89,0,0,0,500,0
h05,3236963627778638242,p2,0,0,500,0,0,0,500,0,391,40,69,0,0,0,500,0
h05,3236963627778638242,p3,0,0,500,0,0,0,500,0,391,47,62,0,0,0,500,0
h05,3241383371450880742,p1,0,0,500,0,12,48,440,0,364,8,128,0,0,0,500,0
h05,3241383371450880742,p2,0,0,500,0,0,0,500,0,366,12,122,0,0,0,500,0
h05,3241383371450880742,p3,0,0,500,0,0,0,500,0,338,11,151,0,0,0,500,0
h05,3242636241902565926,p1,0,0,500,0,16,47,437,0,387,12,101,0,0,0,500,0
h05,3242636241902565926,p2,0,0,500,0,0,0,500,0,329,47,124,0,0,0,500,0
h05,3242636241902565926,p3,0,0,500,0,0,0,500,0,302,119,79,0,0,0,500,0
h05,3245000264646322590,p1,0,0,500,0,10,44,446,0,381,9,110,0,0,0,500,0
h05,3245000264646322590,p2,0,0,500,0,0,0,500,0,354,5,141,0,0,0,500,0
h05,3245000264646322590,p3,0,0,500,0,0,0,500,0,367,32,101,0,0,0,500,0
h05,3250084756891238329,p1,0,0,500,0,16,64,420,0,374,18,108,0,0,0,500,0
h05,3250084756891238329,p2,0,0,500,0,0,0,500,0,324,17,159,0,0,0,500,0
h05,3250084756891238329,p3,0,0,500,0,0,0,500,0,356,4,140,0,0,0,500,0
h05,3266500550218017543,p1,0,0,500,0,10,45,445,0,384,12,104,0,0,0,500,0
h05,3266500550218017543,p2,0,0,500,0,0,3,497,0,329,14,157,0,0,0,500,0
h05,3266500550218017543,p3,0,0,500,0,0,0,500,0,333,5,162,0,0,0,500,0
h05,3267388951636920434,p1,0,0,500,0,18,43,439,0,385,33,82,0,0,0,500,0
h05,3267388951636920434,p2,0,0,500,0,0,1,499,0,379,66,55,0,0,0,500,0
h05,3267388951636920434,p3,0,0,500,0,0,0,500,0,328,92,80,0,0,0,500,0
h05,327693866498517178,p1,0,0,500,0,12,52,436,0,357,25,118,0,0,0,500,0
h05,327693866498517178,p2,0,0,500,0,0,0,500,0,353,24,123,0,0,0,500,0
h05,327693866498517178,p3,0,0,500,0,0,1,499,0,335,21,144,0,0,0,500,0
h05,3288853020649340908,p1,0,0,500,0,11,47,442,0,375,35,90,0,0,0,500,0
h05,3288853020649340908,p2,0,0,500,0,0,1,499,0,357,76,67,0,0,0,500,0
h05,3288853020649340908,p3,0,0,500,0,0,0,500,0,316,91,93,0,0,0,500,0
h05,3324021796230440556,p1,0,0,500,0,21,38,441,0,370,16,114,0,0,0,500,0
h05,3324021796230440556,p2,0,0,500,0,0,1,499,0,383,24,93,0,0,0,500,0
h05,3324021796230440556,p3,0,0,500,0,0,0,500,0,321,37,142,0,0,0,500,0
h05,3324665535878053762,p1,0,0,500,0,3,51,446,0,375,33,92,0,0,0,500,0
h05,3324665535878053762,p2,0,0,500,0,0,1,499,0,355,57,88,0,0,0,500,0
h05,3324665535878053762,p3,0,0,500,0,0,0,500,0,349,86,65,0,0,0,500,0
h05,3326514799269308837,p1,0,0,500,0,17,44,439,0,382,14,104,0,0,0,500,0
h05,3326514799269308837,p2,0,0,500,0,0,1,499,0,344,8,148,0,0,0,500,0
h05,3326514799269308837,p3,0,0,500,0,0,0,500,0,370,11,119,0,0,0,500,0
h05,3330728579753376144,p1,0,0,500,0,15,56,429,0,385,5,110,0,0,0,500,0
h05,3330728579753376144,p2,0,0,500,0,0,0,500,0,313,20,167,0,0,0,500,0
h05,3330728579753376144,p3,0,0,500,0,0,0,500,0,385,18,97,0,0,0,500,0
h05,3362260376092385178,p1,0,0,500,0,20,49,431,0,378,14,108,0,0,0,500,0
h05,3362260376092385178,p2,0,0,500,0,0,1,499,0,322,21,157,0,0,0,500,0
h05,3362260376092385178,p3,0,0,500,0,0,0,500,0,323,36,141,0,0,0,500,0
h05,3373045206563189524,p1,0,0,500,0,11,53,436,0,356,21,123,0,0,0,500,0
h05,3373045206563189524,p2,0,0,500,0,0,0,500,0,367,34,99,0,0,0,500,0
h05,3373045206563189524,p3,0,0,500,0,0,0,500,0,331,102,67,0,0,0,500,0
h05,3407223520862521737,p1,0,0,500,0,19,59,422,0,370,31,99,0,0,0,500,0
h05,3407223520862521737,p2,0,0,500,0,0,2,498,0,382,56,62,0,0,0,500,0
h05,3407223520862521737,p3,0,0,500,0,0,0,500,0,345,82,73,0,0,0,500,0
h05,3461153620878424070,p1,0,0,500,0,15,56,429,0,345,40,115,0,0,0,500,0
h05,3461153620878424070,p2,0,0,500,0,0,0,500,0,384,50,66,0,0,0,500,0
h05,3461153620878424070,p3,0,0,500,0,0,0,500,0,321,78,101,0,0,0,500,0
h05,3461961311160285679,p1,0,0,500,0,15,38,447,0,379,28,93,0,0,0,500,0
h05,3461961311160285679,p2,0,0,500,0,0,0,500,0,303,126,71,0,0,0,500,0
h05,3461961311160285679,p3,0,0,500,0,0,0,500,0,375,44,81,0,0,0,500,0
h05,3464658352616882037,p1,0,0,500,0,14,50,436,0,375,8,117,0,0,0,500,0
h05,3464658352616882037,p2,0,0,500,0,0,0,500,0,296,6,198,0,0,0,500,0
h05,3464658352616882037,p3,0,0,500,0,0,0,500,0,336,17,147,0,0,0,500,0
h05,3464772875341652782,p1,0,0,500,0,18,39,443,0,399,8,93,0,0,0,500,0
h05,3464772875341652782,p2,0,0,500,0,0,1,499,0,354,15,131,0,0,0,500,0
h05,3464772875341652782,p3,0,0,500,0,0,0,500,0,380,10,110,0,0,0,500,0
h05,3468527084758718009,p1,0,0,500,0,15,44,441,0,368,14,118,0,0,0,500,0
h05,3468527084758718009,p2,0,0,500,0,0,1,499,0,319,110,71,0,0,0,500,0
h05,3468527084758718009,p3,0,0,500,0,0,0,500,0,350,20,130,0,0,0,500,0
h05,3472101264269831400,p1,0,0,500,0,13,38,449,0,366,7,127,0,0,0,500,0
h05,3472101264269831400,p2,0,0,500,0,0,0,500,0,364,36,100,0,0,0,500,0
h05,3472101264269831400,p3,0,0,500,0,0,0,500,0,354,12,134,0,0,0,500,0
h05,3483914507240149866,p1,0,0,500,0,14,41,445,0,389,10,101,0,0,0,500,0
h05,3483914507240149866,p2,0,0,500,0,0,0,500,0,335,84,81,0,0,0,500,0
h05,3483914507240149866,p3,0,0,500,0,0,0,500,0,388,40,72,0,0,0,500,0
h05,3508644083957044848,p1,0,0,500,0,12,50,438,0,369,36,95,0,0,0,500,0
h05,3508644083957044848,p2,0,0,500,0,0,2,498,0,383,47,70,0,0,0,500,0
h05,3508644083957044848,p3,0,0,500,0,0,0,500,0,365,65,70,0,0,0,500,0
h05,3516512626352426233,p1,0,0,500,0,15,43,442,0,365,15,120,0,0,0,500,0
h05,3516512626352426233,p2,0,0,500,0,0,0,500,0,381,9,110,0,0,0,500,0
h05,3516512626352426233,p3,0,0,500,0,0,0,500,0,325,29,146,0,0,0,500,0
h05,3528402505503618290,p1,0,0,500,0,12,39,449,0,373,11,116,0,0,0,500,0
h05,3528402505503618290,p2,0,0,500,0,0,0,500,0,376,26,98,0,0,0,500,0
h05,3528402505503618290,p3,0,0,500,0,0,0,500,0,348,23,129,0,0,0,500,0
h05,3540262657286518291,p1,0,0,500,0,27,48,425,0,370,12,118,0,0,0,500,0
h05,3540262657286518291,p2,0,0,500,0,0,0,500,0,304,30,166,0,0,0,500,0
h05,3540262657286518291,p3,0,0,500,0,0,0,500,0,357,9,134,0,0,0,500,0
h05,3540456257748157535,p1,0,0,500,0,7,48,445,0,356,13,131,0,0,0,500,0
h05,3540456257748157535,p2,0,0,500,0,0,1,499,0,294,35,171,0,0,0,500,0
h05,3540456257748157535,p3,0,0,500,0,0,0,500,0,367,9,124,0,0,0,500,0
h05,3544710007468744904,p1,0,0,500,0,12,50,438,0,361,20,119,0,0,0,500,0
h05,3544710007468744904,p2,0,0,500,0,0,1,499,0,365,3,132,0,0,0,500,0
h05,3544710007468744904,p3,0,0,500,0,0,1,499,0,354,26,120,0,0,0,500,0
h05,3551272699908572124,p1,0,0,500,0,11,46,443,0,366,11,123,0,0,0,500,0
h05,3551272699908572124,p2,0,0,500,0,0,1,499,0,370,9,121,0,0,0,500,0
h05,3551272699908572124,p3,0,0,500,0,0,0,500,0,367,11,122,0,0,0,500,0
h05,3591561836621665688,p1,0,0,500,0,15,46,439,0,368,19,113,0,0,0,500,0
h05,3591561836621665688,p2,0,0,500,0,0,0,500,0,345,22,133,0,0,0,500,0
h05,3591561836621665688,p3,0,0,500,0,0,0,500,0,341,28,131,0,0,0,500,0
h05,3600462931228260834,p1,0,0,500,0,15,43,442,0,371,6,123,0,0,0,500,0
h05,3600462931228260834,p2,0,0,500,0,0,0,500,0,339,21,140,0,0,0,500,0
h05,3600462931228260834,p3,0,0,500,0,0,0,500,0,338,37,125,0,0,0,500,0
h05,3628011086725781549,p1,0,0,500,0,16,52,432,0,358,51,91,0,0,0,500,0
h05,3628011086725781549,p2,0,0,500,0,0,1,499,0,373,48,79,0,0,0,500,0
h05,3628011086725781549,p3,0,0,500,0,0,0,500,0,356,71,73,0,0,0,500,0
h05,366504081612037806,p1,0,0,500,0,9,50,441,0,389,8,103,0,0,0,500,0
h05,366504081612037806,p2,0,0,500,0,0,1,499,0,324,8,168,0,0,0,500,0
h05,366504081612037806,p3,0,0,500,0,0,0,500,0,366,13,121,0,0,0,500,0
h05,3683354837660023714,p1,0,0,500,0,13,52,435,0,370,9,121,0,0,0,500,0
h05,3683354837660023714,p2,0,0,500,0,0,1,499,0,376,23,101,0,0,0,500,0
h05,3683354837660023714,p3,0,0,500,0,0,0,500,0,375,15,110,0,0,0,500,0
h05,3697800141377835930,p1,0,0,500,0,10,50,440,0,384,7,109,0,0,0,500,0
h05,3697800141377835930,p2,0,0,500,0,0,2,498,0,353,9,138,0,0,0,500,0
h05,3697800141377835930,p3,0,0,500,0,0,0,500,0,369,22,109,0,0,0,500,0
h05,3728243172029813616,p1,0,0,500,0,13,59,428,0,378,5,117,0,0,0,500,0
h05,3728243172029813616,p2,0,0,500,0,0,3,497,0,329,23,148,0,0,0,500,0
h05,3728243172029813616,p3,0,0,500,0,0,0,500,0,361,11,128,0,0,0,500,0
h05,374255776926745252,p1,0,0,500,0,10,46,444,0,365,9,126,0,0,0,500,0
h05,374255776926745252,p2,0,0,500,0,0,1,499,0,409,5,86,0,0,0,500,0
h05,374255776926745252,p3,0,0,500,0,0,0,500,0,297,3,200,0,0,0,500,0
h05,3742697547847462045,p1,0,0,500,0,21,41,438,0,365,30,105,0,0,0,500,0
h05,3742697547847462045,p2,0,0,500,0,0,1,499,0,356,48,96,0,0,0,500,0
h05,3742697547847462045,p3,0,0,500,0,0,0,500,0,373,64,63,0,0,0,500,0
h05,3815688738649623074,p1,0,0,500,0,8,52,440,0,381,12,107,0,0,0,500,0
h05,3815688738649623074,p2,0,0,500,0,0,1,499,0,371,8,121,0,0,0,500,0
h05,3815688738649623074,p3,0,0,500,0,0,0,500,0,363,10,127,0,0,0,500,0
h05,382052450610395805,p1,0,0,500,0,22,49,429,0,372,7,121,0,0,0,500,0
h05,382052450610395805,p2,0,0,500,0,0,0,500,0,373,10,117,0,0,0,500,0
h05,382052450610395805,p3,0,0,500,0,0,0,500,0,376,3,121,0,0,0,500,0
h05,383812516780300523,p1,0,0,500,0,11,38,451,0,360,28,112,0,0,0,500,0
h05,383812516780300523,p2,0,0,500,0,1,1,498,0,401,10,89,0,0,0,500,0
h05,383812516780300523,p3,0,0,500,0,0,0,500,0,341,59,100,0,0,0,500,0
h05,3855555172309214120,p1,0,0,500,0,16,46,438,0,379,22,99,0,0,0,500,0
h05,3855555172309214120,p2,0,0,500,0,0,0,500,0,339,58,103,0,0,0,500,0
h05,3855555172309214120,p3,0,0,500,0,0,0,500,0,387,25,88,0,0,0,500,0
h05,3862019942008193973,p1,0,0,500,0,14,61,425,0,375,33,92,0,0,0,500,0
h05,3862019942008193973,p2,0,0,500,0,0,1,499,0,383,58,59,0,0,0,500,0
h05,3862019942008193973,p3,0,0,500,0,0,0,500,0,323,107,70,0,0,0,500,0
h05,3907362529183351269,p1,0,0,500,0,8,42,450,0,391,4,105,0,0,0,500,0
h05,3907362529183351269,p2,0,0,500,0,0,1,499,0,381,11,108,0,0,0,500,0
h05,3907362529183351269,p3,0,0,500,0,0,1,499,0,361,13,126,0,0,0,500,0
h05,3921468097767567940,p1,0,0,500,0,13,55,432,0,399,21,80,0,0,0,500,0
h05,3921468097767567940,p2,0,0,500,0,0,0,500,0,358,36,106,0,0,0,500,0
h05,3921468097767567940,p3,0,0,500,0,0,0,500,0,325,86,89,0,0,0,500,0
h05,3922945914693752804,p1,0,0,500,0,12,54,434,0,373,9,118,0,0,0,500,0
h05,3922945914693752804,p2,0,0,500,0,0,2,498,0,355,4,141,0,0,0,500,0
h05,3922945914693752804,p3,0,0,500,0,0,0,500,0,356,9,135,0,0,0,500,0
h05,4021405358324808277,p1,0,0,500,0,11,69,420,0,350,25,125,0,0,0,500,0
h05,4021405358324808277,p2,0,0,500,0,0,0,500,0,334,15,151,0,0,0,500,0
h05,4021405358324808277,p3,0,0,500,0,0,0,500,0,346,7,147,0,0,0,500,0
h05,4023023869728563480,p1,0,0,500,0,14,58,428,0,372,29,99,0,0,0,500,0
h05,4023023869728563480,p2,0,0,500,0,0,1,499,0,374,43,83,0,0,0,500,0
h05,4023023869728563480,p3,0,0,500,0,0,0,500,0,337,100,63,0,0,0,500,0
h05,4024473645260195300,p1,0,0,500,0,17,49,434,0,368,12,120,0,0,0,500,0
h05,4024473645260195300,p2,0,0,500,0,0,0,500,0,337,21,142,0,0,0,500,0
h05,4024473645260195300,p3,0,0,500,0,0,0,500,0,354,22,124,0,0,0,500,0
h05,403757262444406996,p1,0,0,500,0,12,52,436,0,370,8,122,0,0,0,500,0
h05,403757262444406996,p2,0,0,500,0,0,2,498,0,310,28,162,0,0,0,500,0
h05,403757262444406996,p3,0,0,500,0,0,0,500,0,393,6,101,0,0,0,500,0
h05,4071624422373318317,p1,0,0,500,0,21,47,432,0,389,4,107,0,0,0,500,0
h05,4071624422373318317,p2,0,0,500,0,0,4,496,0,388,8,104,0,0,0,500,0
h05,4071624422373318317,p3,0,0,500,0,0,0,500,0,368,9,123,0,0,0,500,0
h05,4107426017595271929,p1,0,0,500,0,24,47,429,0,374,16,110,0,0,0,500,0
h05,4107426017595271929,p2,0,0,500,0,0,0,500,0,323,94,83,0,0,0,500,0
h05,4107426017595271929,p3,0,0,500,0,0,0,500,0,352,23,125,0,0,0,500,0
h05,4151196931492531905,p1,0,0,500,0,13,43,444,0,367,7,126,0,0,0,500,0
h05,4151196931492531905,p2,0,0,500,0,0,1,499,0,385,46,69,0,0,0,500,0
h05,4151196931492531905,p3,0,0,500,0,0,0,500,0,378,5,117,0,0,0,500,0
h05,415509680525057690,p1,0,0,500,0,13,64,423,0,360,10,130,0,0,0,500,0
h05,415509680525057690,p2,0,0,500,0,0,2,498,0,359,10,131,0,0,0,500,0
h05,415509680525057690,p3,0,0,500,0,0,0,500,0,386,3,111,0,0,0,500,0
h05,4199866318404237823,p1,0,0,500,0,15,54,431,0,373,8,119,0,0,0,500,0
h05,4199866318404237823,p2,0,0,500,0,0,0,500,0,364,22,114,0,0,0,500,0
h05,4199866318404237823,p3,0,0,500,0,0,0,500,0,316,10,174,0,0,0,500,0
h05,4217258082257466843,p1,0,0,500,0,16,50,434,0,379,26,95,0,0,0,500,0
h05,4217258082257466843,p2,0,0,500,0,0,1,499,0,345,70,85,0,0,0,500,0
h05,4217258082257466843,p3,0,0,500,0,0,0,500,0,387,47,66,0,0,0,500,0
h05,4243639856503260845,p1,0,0,500,0,13,44,443,0,371,36,93,0,0,0,500,0
h05,4243639856503260845,p2,0,0,500,0,0,1,499,0,394,43,63,0,0,0,500,0
h05,4243639856503260845,p3,0,0,500,0,0,0,500,0,367,65,68,0,0,0,500,0
h05,4269184530108768655,p1,0,0,500,0,12,38,450,0,381,25,94,0,0,0,500,0
h05,4269184530108768655,p2,0,0,500,0,0,0,500,0,364,49,87,0,0,0,500,0
h05,4269184530108768655,p3,0,0,500,0,0,0,500,0,358,61,81,0,0,0,500,0
h05,4274219321748408892,p1,0,0,500,0,22,51,427,0,356,13,131,0,0,0,500,0
h05,4274219321748408892,p2,0,0,500,0,0,2,498,0,334,17,149,0,0,0,500,0
h05,4274219321748408892,p3,0,0,500,0,0,0,500,0,347,4,149,0,0,0,500,0
h05,4276586841675123098,p1,0,0,500,0,16,46,438,0,351,19,130,0,0,0,500,0
h05,4276586841675123098,p2,0,0,500,0,0,0,500,0,386,5,109,0,0,0,500,0
h05,4276586841675123098,p3,0,0,500,0,0,0,500,0,347,12,141,0,0,0,500,0
h05,4315457210739725962,p1,0,0,500,0,16,54,430,0,390,20,90,0,0,0,500,0
h05,4315457210739725962,p2,0,0,500,0,0,0,500,0,368,18,114,0,0,0,500,0
h05,4315457210739725962,p3,0,0,500,0,0,1,499,0,266,94,140,0,0,0,500,0
h05,4316845743002647991,p1,0,0,500,0,14,39,447,0,352,18,130,0,0,0,500,0
h05,4316845743002647991,p2,0,0,500,0,0,1,499,0,388,9,103,0,0,0,500,0
h05,4316845743002647991,p3,0,0,500,0,0,0,500,0,360,13,127,0,0,0,500,0
h05,4343855387814708950,p1,0,0,500,0,16,48,436,0,378,11,111,0,0,0,500,0
h05,4343855387814708950,p2,0,0,500,0,0,0,500,0,366,4,130,0,0,0,500,0
h05,4343855387814708950,p3,0,0,500,0,0,0,500,0,354,16,130,0,0,0,500,0
h05,4403479374755923533,p1,0,0,500,0,19,45,436,0,375,11,114,0,0,0,500,0
h05,4403479374755923533,p2,0,0,500,0,0,1,499,0,357,17,126,0,0,0,500,0
h05,4403479374755923533,p3,0,0,500,0,0,1,499,0,367,29,104,0,0,0,500,0
h05,4406719065744804837,p1,0,0,500,0,24,54,422,0,371,29,100,0,0,0,500,0
h05,4406719065744804837,p2,0,0,500,0,0,0,500,0,306,135,59,0,0,0,500,0
h05,4406719065744804837,p3,0,0,500,0,0,0,500,0,398,43,59,0,0,0,500,0
h05,4477183177417822048,p1,0,0,500,0,14,46,440,0,362,24,114,0,0,0,500,0
h05,4477183177417822048,p2,0,0,500,0,0,0,500,0,294,59,147,0,0,0,500,0
h05,4477183177417822048,p3,0,0,500,0,0,0,500,0,365,12,123,0,0,0,500,0
h05,4479200413237549825,p1,0,0,500,0,16,47,437,0,351,39,110,0,0,0,500,0
h05,4479200413237549825,p2,0,0,500,0,0,0,500,0,396,41,63,0,0,0,500,0
h05,4479200413237549825,p3,0,0,500,0,0,1,499,0,246,157,97,0,0,0,500,0
h05,4490163956328203052,p1,0,0,500,0,13,48,439,0,361,28,111,0,0,0,500,0
h05,4490163956328203052,p2,0,0,500,0,0,0,500,0,387,40,73,0,0,0,500,0
h05,4490163956328203052,p3,0,0,500,0,0,0,500,0,311,105,84,0,0,0,500,0
h05,4514138950989720371,p1,0,0,500,0,17,58,425,0,377,11,112,0,0,0,500,0
h05,4514138950989720371,p2,0,0,500,0,0,0,500,0,383,3,114,0,0,0,500,0
h05,4514138950989720371,p3,0,0,500,0,0,0,500,0,321,27,152,0,0,0,500,0
h05,4518586242242537823,p1,0,0,500,0,18,56,426,0,366,17,117,0,0,0,500,0
h05,4518586242242537823,p2,0,0,500,0,0,1,499,0,360,17,123,0,0,0,500,0
h05,4518586242242537823,p3,0,0,500,0,0,0,500,0,272,10,218,0,0,0,500,0
h05,4543630476713318513,p1,0,0,500,0,19,40,441,0,371,13,116,0,0,0,500,0
h05,4543630476713318513,p2,0,0,500,0,0,1,499,0,369,5,126,0,0,0,500,0
h05,4543630476713318513,p3,0,0,500,0,0,0,500,0,358,3,139,0,0,0,500,0
h05,4640263965897753022,p1,0,0,500,0,14,55,431,0,377,26,97,0,0,0,500,0
h05,4640263965897753022,p2,0,0,500,0,0,0,500,0,384,34,82,0,0,0,500,0
h05,4640263965897753022,p3,0,0,500,0,0,0,500,0,380,35,85,0,0,0,500,0
h05,4641652776492766432,p1,0,0,500,0,12,58,430,0,377,10,113,0,0,0,500,0
h05,4641652776492766432,p2,0,0,500,0,0,2,498,0,384,29,87,0,0,0,500,0
h05,4641652776492766432,p3,0,0,500,0,0,0,500,0,347,25,128,0,0,0,500,0
h05,4642251915054137583,p1,0,0,500,0,10,50,440,0,358,36,106,0,0,0,500,0
h05,4642251915054137583,p2,0,0,500,0,0,0,500,0,358,7,135,0,0,0,500,0
h05,4642251915054137583,p3,0,0,500,0,0,0,500,0,360,21,119,0,0,0,500,0
h05,4649062185974838267,p1,0,0,500,0,10,41,449,0,369,13,118,0,0,0,500,0
h05,4649062185974838267,p2,0,0,500,0,0,0,500,0,323,16,161,0,0,0,500,0
h05,4649062185974838267,p3,0,0,500,0,0,0,500,0,330,6,164,0,0,0,500,0
h05,4659632312080209380,p1,0,0,500,0,19,49,432,0,375,17,108,0,0,0,500,0
h05,4659632312080209380,p2,0,0,500,0,0,1,499,0,367,44,89,0,0,0,500,0
h05,4659632312080209380,p3,0,0,500,0,0,0,500,0,344,61,95,0,0,0,500,0
h05,4659844892738446005,p1,0,0,500,0,17,50,433,0,386,8,106,0,0,0,500,0
h05,4659844892738446005,p2,0,0,500,0,0,3,497,0,377,52,71,0,0,0,500,0
h05,4659844892738446005,p3,0,0,500,0,0,0,500,0,350,80,70,0,0,0,500,0
h05,4672388265675621449,p1,0,0,500,0,16,38,446,0,376,32,92,0,0,0,500,0
h05,4672388265675621449,p2,0,0,500,0,1,0,499,0,365,25,110,0,0,0,500,0
h05,4672388265675621449,p3,0,0,500,0,0,0,500,0,323,78,99,0,0,0,500,0
h05,46776481903394413,p1,0,0,500,0,13,46,441,0,367,33,100,0,0,0,500,0
h05,46776481903394413,p2,0,0,500,0,0,3,497,0,388,49,63,0,0,0,500,0
h05,46776481903394413,p3,0,0,500,0,0,0,500,0,365,58,77,0,0,0,500,0
h05,4701581933444510068,p1,0,0,500,0,13,47,440,0,375,18,107,0,0,0,500,0
h05,4701581933444510068,p2,0,0,500,0,0,1,499,0,384,38,78,0,0,0,500,0
h05,4701581933444510068,p3,0,0,500,0,0,0,500,0,370,41,89,0,0,0,500,0
h05,4744928120450129002,p1,0,0,500,0,13,53,434,0,369,8,123,0,0,0,500,0
h05,4744928120450129002,p2,0,0,500,0,0,3,497,0,358,9,133,0,0,0,500,0
h05,4744928120450129002,p3,0,0,500,0,0,0,500,0,335,8,157,0,0,0,500,0
h05,4760341090812991199,p1,0,0,500,0,16,47,437,0,384,14,102,0,0,0,500,0
h05,4760341090812991199,p2,0,0,500,0,0,2,498,0,349,25,126,0,0,0,500,0
h05,4760341090812991199,p3,0,0,500,0,0,0,500,0,380,32,88,0,0,0,500,0
h05,4768151197073274901,p1,0,0,500,0,8,49,443,0,385,4,111,0,0,0,500,0
h05,4768151197073274901,p2,0,0,500,0,0,0,500,0,384,13,103,0,0,0,500,0
h05,4768151197073274901,p3,0,0,500,0,0,0,500,0,332,45,123,0,0,0,500,0
h05,4855135173166218285,p1,0,0,500,0,18,38,444,0,382,28,90,0,0,0,500,0
h05,4855135173166218285,p2,0,0,500,0,0,0,500,0,326,96,78,0,0,0,500,0
h05,4855135173166218285,p3,0,0,500,0,0,0,500,0,360,68,72,0,0,0,500,0
h05,4865973548592476853,p1,0,0,500,0,16,54,430,0,368,14,118,0,0,0,500,0
h05,4865973548592476853,p2,0,0,500,0,0,2,498,0,373,2,125,0,0,0,500,0
h05,4865973548592476853,p3,0,0,500,0,0,0,500,0,349,13,138,0,0,0,500,0
h05,4882316451110667710,p1,0,0,500,0,15,49,436,0,378,16,106,0,0,0,500,0
h05,4882316451110667710,p2,0,0,500,0,0,0,500,0,323,23,154,0,0,0,500,0
h05,4882316451110667710,p3,0,0,500,0,0,0,500,0,327,17,156,0,0,0,500,0
h05,4885587909071073087,p1,0,0,500,0,14,46,440,0,367,11,122,0,0,0,500,0
h05,4885587909071073087,p2,0,0,500,0,0,0,500,0,369,14,117,0,0,0,500,0
h05,4885587909071073087,p3,0,0,500,0,0,0,500,0,356,8,136,0,0,0,500,0
h05,4892011688749506227,p1,0,0,500,0,12,49,439,0,388,9,103,0,0,0,500,0
h05,4892011688749506227,p2,0,0,500,0,0,0,500,0,387,8,105,0,0,0,500,0
h05,4892011688749506227,p3,0,0,500,0,0,0,500,0,379,8,113,0,0,0,500,0
h05,4907768078644548372,p1,0,0,500,0,17,39,444,0,368,32,100,0,0,0,500,0
h05,4907768078644548372,p2,0,0,500,0,0,0,500,0,362,70,68,0,0,0,500,0
h05,4907768078644548372,p3,0,0,500,0,0,1,499,0,342,97,61,0,0,0,500,0
h05,4935413743855788662,p1,0,0,500,0,18,49,433,0,366,15,119,0,0,0,500,0
h05,4935413743855788662,p2,0,0,500,0,0,1,499,0,371,15,114,0,0,0,500,0
h05,4935413743855788662,p3,0,0,500,0,0,1,499,0,381,15,104,0,0,0,500,0
h05,49498118787098719,p1,0,0,500,0,13,54,433,0,377,35,88,0,0,0,500,0
h05,49498118787098719,p2,0,0,500,0,0,1,499,0,338,102,60,0,0,0,500,0
h05,49498118787098719,p3,0,0,500,0,0,0,500,0,349,63,88,0,0,0,500,0
h05,4962566445985271905,p1,0,0,500,0,12,52,436,0,360,8,132,0,0,0,500,0
h05,4962566445985271905,p2,0,0,500,0,0,1,499,0,367,10,123,0,0,0,500,0
h05,4962566445985271905,p3,0,0,500,0,0,0,500,0,260,9,231,0,0,0,500,0
h05,4979514301502894308,p1,0,0,500,0,16,51,433,0,363,6,131,0,0,0,500,0
h05,4979514301502894308,p2,0,0,500,0,0,0,500,0,334,4,162,0,0,0,500,0
h05,4979514301502894308,p3,0,0,500,0,0,0,500,0,336,13,151,0,0,0,500,0
h05,4981997705506057588,p1,0,0,500,0,10,32,458,0,380,9,111,0,0,0,500,0
h05,4981997705506057588,p2,0,0,500,0,0,1,499,0,310,21,169,0,0,0,500,0
h05,4981997705506057588,p3,0,0,500,0,0,0,500,0,283,26,191,0,0,0,500,0
h05,5005685740854779223,p1,0,0,500,0,13,50,437,0,362,9,129,0,0,0,500,0
h05,5005685740854779223,p2,0,0,500,0,0,0,500,0,375,12,113,0,0,0,500,0
h05,5005685740854779223,p3,0,0,500,0,0,0,500,0,398,15,87,0,0,0,500,0
h05,5016381076377166430,p1,0,0,500,0,14,50,436,0,365,25,110,0,0,0,500,0
h05,5016381076377166430,p2,0,0,500,0,0,0,500,0,334,43,123,0,0,0,500,0
h05,5016381076377166430,p3,0,0,500,0,0,0,500,0,339,24,137,0,0,0,500,0
h05,5027935979187462285,p1,0,0,500,0,17,39,444,0,382,26,92,0,0,0,500,0
h05,5027935979187462285,p2,0,0,500,0,0,0,500,0,356,74,70,0,0,0,500,0
h05,5027935979187462285,p3,0,0,500,0,0,0,500,0,351,64,85,0,0,0,500,0
h05,5034700294504926618,p1,0,0,500,0,20,39,441,0,371,39,90,0,0,0,500,0
h05,5034700294504926618,p2,0,0,500,0,0,1,499,0,343,101,56,0,0,0,500,0
h05,5034700294504926618,p3,0,0,500,0,0,1,499,0,364,60,76,0,0,0,500,0
h05,5059387016013432696,p1,0,0,500,0,21,40,439,0,379,11,110,0,0,0,500,0
h05,5059387016013432696,p2,0,0,500,0,0,0,500,0,341,15,144,0,0,0,500,0
h05,5059387016013432696,p3,0,0,500,0,0,0,500,0,366,49,85,0,0,0,500,0
h05,5074771005273330755,p1,0,0,500,0,23,52,425,0,356,11,133,0,0,0,500,0
h05,5074771005273330755,p2,0,0,500,0,0,0,500,0,354,17,129,0,0,0,500,0
h05,5074771005273330755,p3,0,0,500,0,0,0,500,0,345,67,88,0,0,0,500,0
h05,5110911512471953580,p1,0,0,500,0,8,59,433,0,368,17,115,0,0,0,500,0
h05,5110911512471953580,p2,0,0,500,0,0,3,497,0,401,14,85,0,0,0,500,0
h05,5110911512471953580,p3,0,0,500,0,0,0,500,0,376,21,103,0,0,0,500,0
h05,5128933891181202049,p1,0,0,500,0,22,42,436,0,358,8,134,0,0,0,500,0
h05,5128933891181202049,p2,0,0,500,0,0,2,498,0,319,14,167,0,0,0,500,0
h05,5128933891181202049,p3,0,0,500,0,0,0,500,0,337,21,142,0,0,0,500,0
h05,5138890421275279549,p1,0,0,500,0,18,53,429,0,391,13,96,0,0,0,500,0
h05,5138890421275279549,p2,0,0,500,0,0,0,500,0,360,16,124,0,0,0,500,0
h05,5138890421275279549,p3,0,0,500,0,0,1,499,0,320,30,150,0,0,0,500,0
h05,5145570196022951240,p1,0,0,500,0,9,41,450,0,358,18,124,0,0,0,500,0
h05,5145570196022951240,p2,0,0,500,0,0,1,499,0,340,35,125,0,0,0,500,0
h05,5145570196022951240,p3,0,0,500,0,0,0,500,0,366,42,92,0,0,0,500,0
h05,5149670368733949067,p1,0,0,500,0,17,43,440,0,358,16,126,0,0,0,500,0
h05,5149670368733949067,p2,0,0,500,0,0,0,500,0,338,66,96,0,0,0,500,0
h05,5149670368733949067,p3,0,0,500,0,0,0,500,0,317,61,122,0,0,0,500,0
h05,515008602958262028,p1,0,0,500,0,13,37,450,0,376,6,118,0,0,0,500,0
h05,515008602958262028,p2,0,0,500,0,0,0,500,0,333,4,163,0,0,0,500,0
h05,515008602958262028,p3,0,0,500,0,0,0,500,0,400,7,93,0,0,0,500,0
h05,516003122491781593,p1,0,0,500,0,11,51,438,0,358,8,134,0,0,0,500,0
h05,516003122491781593,p2,0,0,500,0,1,2,497,0,382,22,96,0,0,0,500,0
h05,516003122491781593,p3,0,0,500,0,0,1,499,0,373,6,121,0,0,0,500,0
h05,5168632705598258018,p1,0,0,500,0,21,60,419,0,358,9,133,0,0,0,500,0
h05,5168632705598258018,p2,0,0,500,0,0,0,500,0,378,11,111,0,0,0,500,0
h05,5168632705598258018,p3,0,0,500,0,0,0,500,0,360,6,134,0,0,0,500,0
h05,5178642993811784901,p1,0,0,500,0,17,42,441,0,358,22,120,0,0,0,500,0
h05,5178642993811784901,p2,0,0,500,0,0,1,499,0,356,62,82,0,0,0,500,0
h05,5178642993811784901,p3,0,0,500,0,0,0,500,0,354,54,92,0,0,0,500,0
h05,5179764543417121339,p1,0,0,500,0,16,44,440,0,392,16,92,0,0,0,500,0
h05,5179764543417121339,p2,0,0,500,0,0,0,500,0,353,11,136,0,0,0,500,0
h05,5179764543417121339,p3,0,0,500,0,0,0,500,0,368,3,129,0,0,0,500,0
h05,521415146012075792,p1,0,0,500,0,17,48,435,0,382,38,80,0,0,0,500,0
h05,521415146012075792,p2,0,0,500,0,0,2,498,0,364,76,60,0,0,0,500,0
h05,521415146012075792,p3,0,0,500,0,0,0,500,0,381,44,75,0,0,0,500,0
h05,5218895024614505396,p1,0,0,500,0,7,45,448,0,345,10,145,0,0,0,500,0
h05,5218895024614505396,p2,0,0,500,0,0,0,500,0,343,20,137,0,0,0,500,0
h05,5218895024614505396,p3,0,0,500,0,0,0,500,0,373,20,107,0,0,0,500,0
h05,521961045307979818,p1,0,0,500,0,10,47,443,0,347,10,143,0,0,0,500,0
h05,521961045307979818,p2,0,0,500,0,0,0,500,0,359,9,132,0,0,0,500,0
h05,521961045307979818,p3,0,0,500,0,0,0,500,0,300,30,170,0,0,0,500,0
h05,5220876126616775968,p1,0,0,500,0,15,46,439,0,383,11,106,0,0,0,500,0
h05,5220876126616775968,p2,0,0,500,0,0,2,498,0,362,16,122,0,0,0,500,0
h05,5220876126616775968,p3,0,0,500,0,0,0,500,0,390,10,100,0,0,0,500,0
h05,5222475215889473490,p1,0,0,500,0,5,50,445,0,378,27,95,0,0,0,500,0
h05,5222475215889473490,p2,0,0,500,0,0,1,499,0,376,23,101,0,0,0,500,0
h05,5222475215889473490,p3,0,0,500,0,0,0,500,0,358,33,109,0,0,0,500,0
h05,52466460427952811,p1,0,0,500,0,16,48,436,0,371,17,112,0,0,0,500,0
h05,52466460427952811,p2,0,0,500,0,0,0,500,0,327,20,153,0,0,0,500,0
h05,52466460427952811,p3,0,0,500,0,0,0,500,0,341,17,142,0,0,0,500,0
h05,525628231267382934,p1,0,0,500,0,9,44,447,0,363,16,121,0,0,0,500,0
h05,525628231267382934,p2,0,0,500,0,0,2,498,0,353,69,78,0,0,0,500,0
h05,525628231267382934,p3,0,0,500,0,0,0,500,0,346,104,50,0,0,0,500,0
h05,5259897309470172358,p1,0,0,500,0,13,48,439,0,393,8,99,0,0,0,500,0
h05,5259897309470172358,p2,0,0,500,0,0,0,500,0,330,32,138,0,0,0,500,0
h05,5259897309470172358,p3,0,0,500,0,0,0,500,0,352,15,133,0,0,0,500,0
h05,5279248286688346340,p1,0,0,500,0,19,47,434,0,376,25,99,0,0,0,500,0
h05,5279248286688346340,p2,0,0,500,0,0,1,499,0,365,49,86,0,0,0,500,0
h05,5279248286688346340,p3,0,0,500,0,0,0,500,0,366,31,103,0,0,0,500,0
h05,5287885514566529737,p1,0,0,500,0,14,39,447,0,375,11,114,0,0,0,500,0
h05,5287885514566529737,p2,0,0,500,0,0,0,500,0,310,28,162,0,0,0,500,0
h05,5287885514566529737,p3,0,0,500,0,0,0,500,0,305,11,184,0,0,0,500,0
h05,5321111605651693543,p1,0,0,500,0,17,57,426,0,383,8,109,0,0,0,500,0
h05,5321111605651693543,p2,0,0,500,0,0,1,499,0,381,11,108,0,0,0,500,0
h05,5321111605651693543,p3,0,0,500,0,0,0,500,0,330,6,164,0,0,0,500,0
h05,5325867723659974948,p1,0,0,500,0,18,45,437,0,385,27,88,0,0,0,500,0
h05,5325867723659974948,p2,0,0,500,0,0,3,497,0,365,70,65,0,0,0,500,0
h05,5325867723659974948,p3,0,0,500,0,0,0,500,0,332,85,83,0,0,0,500,0
h05,5328993542336413893,p1,0,0,500,0,13,36,451,0,393,4,103,0,0,0,500,0
h05,5328993542336413893,p2,0,0,500,0,0,1,499,0,371,24,105,0,0,0,500,0
h05,5328993542336413893,p3,0,0,500,0,0,1,499,0,368,9,123,0,0,0,500,0
h05,5351055543107799445,p1,0,0,500,0,17,41,442,0,365,51,84,0,0,0,500,0
h05,5351055543107799445,p2,0,0,500,0,0,2,498,0,373,55,72,0,0,0,500,0
h05,5351055543107799445,p3,0,0,500,0,0,0,500,0,367,64,69,0,0,0,500,0
h05,5404324942141664933,p1,0,0,500,0,21,44,435,0,378,36,86,0,0,0,500,0
h05,5404324942141664933,p2,0,0,500,0,0,4,496,0,381,51,68,0,0,0,500,0
h05,5404324942141664933,p3,0,0,500,0,0,0,500,0,352,77,71,0,0,0,500,0
h05,5416466279299963351,p1,0,0,500,0,15,52,433,0,356,7,137,0,0,0,500,0
h05,5416466279299963351,p2,0,0,500,0,0,1,499,0,377,11,112,0,0,0,500,0
h05,5416466279299963351,p3,0,0,500,0,0,0,500,0,350,12,138,0,0,0,500,0
h05,5477896550466317077,p1,0,0,500,0,9,46,445,0,368,18,114,0,0,0,500,0
h05,5477896550466317077,p2,0,0,500,0,0,0,500,0,340,28,132,0,0,0,500,0
h05,5477896550466317077,p3,0,0,500,0,0,0,500,0,358,24,118,0,0,0,500,0
h05,550593148562692389,p1,0,0,500,0,18,33,449,0,385,34,81,0,0,0,500,0
h05,550593148562692389,p2,0,0,500,0,0,1,499,0,354,76,70,0,0,0,500,0
h05,550593148562692389,p3,0,0,500,0,0,0,500,0,337,56,107,0,0,0,500,0
h05,5549279712805692226,p1,0,0,500,0,10,52,438,0,382,20,98,0,0,0,500,0
h05,5549279712805692226,p2,0,0,500,0,0,3,497,0,352,45,103,0,0,0,500,0
h05,5549279712805692226,p3,0,0,500,0,0,0,500,0,367,52,81,0,0,0,500,0
h05,5590050282961127893,p1,0,0,500,0,16,53,431,0,359,11,130,0,0,0,500,0
h05,5590050282961127893,p2,0,0,500,0,0,1,499,0,285,45,170,0,0,0,500,0
h05,5590050282961127893,p3,0,0,500,0,0,0,500,0,338,31,131,0,0,0,500,0
h05,5618324778672298600,p1,0,0,500,0,12,51,437,0,366,32,102,0,0,0,500,0
h05,5618324778672298600,p2,0,0,500,0,0,0,500,0,347,56,97,0,0,0,500,0
h05,5618324778672298600,p3,0,0,500,0,0,0,500,0,351,45,104,0,0,0,500,0
h05,5629355748189371673,p1,0,0,500,0,17,45,438,0,360,19,121,0,0,0,500,0
h05,5629355748189371673,p2,0,0,500,0,0,1,499,0,354,7,139,0,0,0,500,0
h05,5629355748189371673,p3,0,0,500,0,0,0,500,0,365,11,124,0,0,0,500,0
h05,5657222748237468029,p1,0,0,500,0,14,46,440,0,372,10,118,0,0,0,500,0
h05,5657222748237468029,p2,0,0,500,0,0,1,499,0,368,15,117,0,0,0,500,0
h05,5657222748237468029,p3,0,0,500,0,0,0,500,0,376,18,106,0,0,0,500,0
h05,5665536150066744679,p1,0,0,500,0,17,36,447,0,369,37,94,0,0,0,500,0
h05,5665536150066744679,p2,0,0,500,0,0,0,500,0,382,15,103,0,0,0,500,0
h05,5665536150066744679,p3,0,0,500,0,0,0,500,0,349,38,113,0,0,0,500,0
h05,5666112355758542491,p1,0,0,500,0,14,57,429,0,390,7,103,0,0,0,500,0
h05,5666112355758542491,p2,0,0,500,0,0,1,499,0,378,14,108,0,0,0,500,0
h05,5666112355758542491,p3,0,0,500,0,0,0,500,0,342,9,149,0,0,0,500,0
h05,5677179467086418543,p1,0,0,500,0,15,63,422,0,359,37,104,0,0,0,500,0
h05,5677179467086418543,p2,0,0,500,0,0,1,499,0,335,76,89,0,0,0,500,0
h05,5677179467086418543,p3,0,0,500,0,0,0,500,0,383,52,65,0,0,0,500,0
h05,5677721759601185255,p1,0,0,500,0,14,39,447,0,372,13,115,0,0,0,500,0
h05,5677721759601185255,p2,0,0,500,0,0,0,500,0,336,38,126,0,0,0,500,0
h05,5677721759601185255,p3,0,0,500,0,0,0,500,0,336,9,155,0,0,0,500,0
h05,5747486467172661902,p1,0,0,500,0,16,54,430,0,373,9,118,0,0,0,500,0
h05,5747486467172661902,p2,0,0,500,0,0,1,499,0,395,8,97,0,0,0,500,0
h05,5747486467172661902,p3,0,0,500,0,0,0,500,0,385,5,110,0,0,0,500,0
h05,5785224554950662289,p1,0,0,500,0,10,49,441,0,392,16,92,0,0,0,500,0
h05,5785224554950662289,p2,0,0,500,0,0,0,500,0,373,38,89,0,0,0,500,0
h05,5785224554950662289,p3,0,0,500,0,1,1,498,0,359,60,81,0,0,0,500,0
h05,5794561277294199634,p1,0,0,500,0,16,54,430,0,382,17,101,0,0,0,500,0
h05,5794561277294199634,p2,0,0,500,0,0,0,500,0,363,14,123,0,0,0,500,0
h05,5794561277294199634,p3,0,0,500,0,0,0,500,0,377,8,115,0,0,0,500,0
h05,5814122908386359525,p1,0,0,500,0,18,54,428,0,358,26,116,0,0,0,500,0
h05,5814122908386359525,p2,0,0,500,0,0,0,500,0,352,33,115,0,0,0,500,0
h05,5814122908386359525,p3,0,0,500,0,0,0,500,0,377,7,116,0,0,0,500,0
h05,5828700400654754478,p1,0,0,500,0,13,49,438,0,386,6,108,0,0,0,500,0
h05,5828700400654754478,p2,0,0,500,0,0,0,500,0,371,25,104,0,0,0,500,0
h05,5828700400654754478,p3,0,0,500,0,0,0,500,0,289,37,174,0,0,0,500,0
h05,583812592013726529,p1,0,0,500,0,17,56,427,0,381,43,76,0,0,0,500,0
h05,583812592013726529,p2,0,0,500,0,0,0,500,0,382,45,73,0,0,0,500,0
h05,583812592013726529,p3,0,0,500,0,0,0,500,0,310,126,64,0,0,0,500,0
h05,5841188069441203633,p1,0,0,500,0,14,47,439,0,376,11,113,0,0,0,500,0
h05,5841188069441203633,p2,0,0,500,0,0,2,498,0,369,14,117,0,0,0,500,0
h05,5841188069441203633,p3,0,0,500,0,0,0,500,0,312,15,173,0,0,0,500,0
h05,5848173141518302012,p1,0,0,500,0,13,51,436,0,373,11,116,0,0,0,500,0
h05,5848173141518302012,p2,0,0,500,0,0,0,500,0,333,20,147,0,0,0,500,0
h05,5848173141518302012,p3,0,0,500,0,0,0,500,0,390,25,85,0,0,0,500,0
h05,5848644430535034521,p1,0,0,500,0,20,55,425,0,375,14,111,0,0,0,500,0
h05,5848644430535034521,p2,0,0,500,0,0,1,499,0,380,46,74,0,0,0,500,0
h05,5848644430535034521,p3,0,0,500,0,0,0,500,0,338,45,117,0,0,0,500,0
h05,5855555527093840024,p1,0,0,500,0,5,52,443,0,381,9,110,0,0,0,500,0
h05,5855555527093840024,p2,0,0,500,0,0,0,500,0,388,17,95,0,0,0,500,0
h05,5855555527093840024,p3,0,0,500,0,0,0,500,0,369,10,121,0,0,0,500,0
h05,5920128977949083823,p1,0,0,500,0,15,51,434,0,380,32,88,0,0,0,500,0
h05,5920128977949083823,p2,0,0,500,0,0,0,500,0,377,22,101,0,0,0,500,0
h05,5920128977949083823,p3,0,0,500,0,0,0,500,0,375,45,80,0,0,0,500,0
h05,5958012612206039567,p1,0,0,500,0,15,62,423,0,376,34,90,0,0,0,500,0
h05,5958012612206039567,p2,0,0,500,0,0,1,499,0,366,42,92,0,0,0,500,0
h05,5958012612206039567,p3,0,0,500,0,0,0,500,0,380,48,72,0,0,0,500,0
h05,6062055455431550870,p1,0,0,500,0,14,36,450,0,380,4,116,0,0,0,500,0
h05,6062055455431550870,p2,0,0,500,0,0,1,499,0,339,7,154,0,0,0,500,0
h05,6062055455431550870,p3,0,0,500,0,0,0,500,0,385,13,102,0,0,0,500,0
h05,6063031193005542634,p1,0,0,500,0,13,47,440,0,381,35,84,0,0,0,500,0
h05,6063031193005542634,p2,0,0,500,0,0,0,500,0,351,64,85,0,0,0,500,0
h05,6063031193005542634,p3,0,0,500,0,0,0,500,0,335,94,71,0,0,0,500,0
h05,6063555342635056454,p1,0,0,500,0,9,44,447,0,359,10,131,0,0,0,500,0
h05,6063555342635056454,p2,0,0,500,0,0,0,500,0,398,10,92,0,0,0,500,0
h05,6063555342635056454,p3,0,0,500,0,0,0,500,0,343,26,131,0,0,0,500,0
h05,6076618018894063058,p1,0,0,500,0,13,49,438,0,353,5,142,0,0,0,500,0
h05,6076618018894063058,p2,0,0,500,0,0,0,500,0,402,9,89,0,0,0,500,0
h05,6076618018894063058,p3,0,0,500,0,0,0,500,0,361,18,121,0,0,0,500,0
h05,6102137021035793007,p1,0,0,500,0,24,37,439,0,367,10,123,0,0,0,500,0
h05,6102137021035793007,p2,0,0,500,0,0,2,498,0,359,17,124,0,0,0,500,0
h05,6102137021035793007,p3,0,0,500,0,0,0,500,0,340,78,82,0,0,0,500,0
h05,610580235128279076,p1,0,0,500,0,16,62,422,0,359,46,95,0,0,0,500,0
h05,610580235128279076,p2,0,0,500,0,0,3,497,0,368,58,74,0,0,0,500,0
h05,610580235128279076,p3,0,0,500,0,0,0,500,0,331,111,58,0,0,0,500,0
h05,6113248539369500837,p1,0,0,500,0,10,48,442,0,374,6,120,0,0,0,500,0
h05,6113248539369500837,p2,0,0,500,0,0,1,499,0,367,12,121,0,0,0,500,0
h05,6113248539369500837,p3,0,0,500,0,0,0,500,0,369,17,114,0,0,0,500,0
h05,6149743942695773794,p1,0,0,500,0,14,43,443,0,391,24,85,0,0,0,500,0
h05,6149743942695773794,p2,0,0,500,0,0,5,495,0,395,40,65,0,0,0,500,0
h05,6149743942695773794,p3,0,0,500,0,0,0,500,0,378,52,70,0,0,0,500,0
h05,6157817861879498832,p1,0,0,500,0,17,51,432,0,381,34,85,0,0,0,500,0
h05,6157817861879498832,p2,0,0,500,0,0,1,499,0,394,35,71,0,0,0,500,0
h05,6157817861879498832,p3,0,0,500,0,0,1,499,0,383,44,73,0,0,0,500,0
h05,6180439601154596448,p1,0,0,500,0,12,39,449,0,366,6,128,0,0,0,500,0
h05,6180439601154596448,p2,0,0,500,0,0,0,500,0,376,5,119,0,0,0,500,0
h05,6180439601154596448,p3,0,0,500,0,0,0,500,0,325,7,168,0,0,0,500,0
h05,6185281076390416818,p1,0,0,500,0,16,40,444,0,382,35,83,0,0,0,500,0
h05,6185281076390416818,p2,0,0,500,0,0,0,500,0,381,55,64,0,0,0,500,0
h05,6185281076390416818,p3,0,0,500,0,0,2,498,0,377,57,66,0,0,0,500,0
h05,619662499847961628,p1,0,0,500,0,8,54,438,0,372,11,117,0,0,0,500,0
h05,619662499847961628,p2,0,0,500,0,0,1,499,0,360,6,134,0,0,0,500,0
h05,619662499847961628,p3,0,0,500,0,0,0,500,0,381,12,107,0,0,0,500,0
h05,621819158775010275,p1,0,0,500,0,13,47,440,0,400,9,91,0,0,0,500,0
h05,621819158775010275,p2,0,0,500,0,0,2,498,0,378,21,101,0,0,0,500,0
h05,621819158775010275,p3,0,0,500,0,0,0,500,0,378,8,114,0,0,0,500,0
h05,6221122836189980790,p1,0,0,500,0,21,59,420,0,367,6,127,0,0,0,500,0
h05,6221122836189980790,p2,0,0,500,0,0,0,500,0,380,8,112,0,0,0,500,0
h05,6221122836189980790,p3,0,0,500,0,0,0,500,0,360,41,99,0,0,0,500,0
h05,6227334254311367435,p1,0,0,500,0,23,51,426,0,342,18,140,0,0,0,500,0
h05,6227334254311367435,p2,0,0,500,0,0,0,500,0,340,16,144,0,0,0,500,0
h05,6227334254311367435,p3,0,0,500,0,0,0,500,0,355,21,124,0,0,0,500,0
h05,6231007166210585585,p1,0,0,500,0,19,53,428,0,366,10,124,0,0,0,500,0
h05,6231007166210585585,p2,0,0,500,0,0,1,499,0,361,20,119,0,0,0,500,0
h05,6231007166210585585,p3,0,0,500,0,0,0,500,0,353,24,123,0,0,0,500,0
h05,6232542818093009819,p1,0,0,500,0,8,50,442,0,350,10,140,0,0,0,500,0
h05,6232542818093009819,p2,0,0,500,0,0,1,499,0,315,9,176,0,0,0,500,0
h05,6232542818093009819,p3,0,0,500,0,0,0,500,0,301,12,187,0,0,0,500,0
h05,6246712317612346056,p1,0,0,500,0,8,49,443,0,378,22,100,0,0,0,500,0
h05,6246712317612346056,p2,0,0,500,0,0,1,499,0,326,53,121,0,0,0,500,0
h05,6246712317612346056,p3,0,0,500,0,0,0,500,0,330,90,80,0,0,0,500,0
h05,6259645267454809915,p1,0,0,500,0,16,50,434,0,371,12,117,0,0,0,500,0
h05,6259645267454809915,p2,0,0,500,0,0,1,499,0,346,16,138,0,0,0,500,0
h05,6259645267454809915,p3,0,0,500,0,0,0,500,0,375,14,111,0,0,0,500,0
h05,6265919475365982559,p1,0,0,500,0,14,43,443,0,360,35,105,0,0,0,500,0
h05,6265919475365982559,p2,0,0,500,0,0,0,500,0,297,121,82,0,0,0,500,0
h05,6265919475365982559,p3,0,0,500,0,0,0,500,0,381,54,65,0,0,0,500,0
h05,6269168236526572803,p1,0,0,500,0,14,45,441,0,370,42,88,0,0,0,500,0
h05,6269168236526572803,p2,0,0,500,0,0,0,500,0,365,71,64,0,0,0,500,0
h05,6269168236526572803,p3,0,0,500,0,0,0,500,0,332,99,69,0,0,0,500,0
h05,6269182381565030363,p1,0,0,500,0,11,47,442,0,362,13,125,0,0,0,500,0
h05,6269182381565030363,p2,0,0,500,0,0,0,500,0,362,9,129,0,0,0,500,0
h05,6269182381565030363,p3,0,0,500,0,0,0,500,0,349,11,140,0,0,0,500,0
h05,6284185519829674114,p1,0,0,500,0,16,49,435,0,375,14,111,0,0,0,500,0
h05,6284185519829674114,p2,0,0,500,0,0,0,500,0,323,20,157,0,0,0,500,0
h05,6284185519829674114,p3,0,0,500,0,0,0,500,0,338,9,153,0,0,0,500,0
h05,6290296284238542354,p1,0,0,500,0,20,65,415,0,381,14,105,0,0,0,500,0
h05,6290296284238542354,p2,0,0,500,0,0,0,500,0,395,5,100,0,0,0,500,0
h05,6290296284238542354,p3,0,0,500,0,0,0,500,0,366,32,102,0,0,0,500,0
h05,6357666026212735585,p1,0,0,500,0,20,47,433,0,370,7,123,0,0,0,500,0
h05,6357666026212735585,p2,0,0,500,0,0,0,500,0,387,10,103,0,0,0,500,0
h05,6357666026212735585,p3,0,0,500,0,0,0,500,0,379,12,109,0,0,0,500,0
h05,6362344980448189509,p1,0,0,500,0,19,42,439,0,367,10,123,0,0,0,500,0
h05,6362344980448189509,p2,0,0,500,0,0,0,500,0,351,19,130,0,0,0,500,0
h05,6362344980448189509,p3,0,0,500,0,0,0,500,0,376,21,103,0,0,0,500,0
h05,6368216155042099914,p1,0,0,500,0,20,43,437,0,370,11,119,0,0,0,500,0
h05,6368216155042099914,p2,0,0,500,0,0,0,500,0,362,5,133,0,0,0,500,0
h05,6368216155042099914,p3,0,0,500,0,0,1,499,0,377,11,112,0,0,0,500,0
h05,6385278253246509117,p1,0,0,500,0,15,44,441,0,398,24,78,0,0,0,500,0
h05,6385278253246509117,p2,0,0,500,0,0,1,499,0,335,16,149,0,0,0,500,0
h05,6385278253246509117,p3,0,0,500,0,0,0,500,0,322,16,162,0,0,0,500,0
h05,6390009141172198261,p1,0,0,500,0,13,47,440,0,363,17,120,0,0,0,500,0
h05,6390009141172198261,p2,0,0,500,0,0,2,498,0,359,20,121,0,0,0,500,0
h05,6390009141172198261,p3,0,0,500,0,0,0,500,0,305,36,159,0,0,0,500,0
h05,6421028996539312449,p1,0,0,500,0,15,58,427,0,373,15,112,0,0,0,500,0
h05,6421028996539312449,p2,0,0,500,0,0,0,500,0,347,45,108,0,0,0,500,0
h05,6421028996539312449,p3,0,0,500,0,0,0,500,0,348,40,112,0,0,0,500,0
h05,6439465633329069027,p1,0,0,500,0,9,40,451,0,366,12,122,0,0,0,500,0
h05,6439465633329069027,p2,0,0,500,0,0,1,499,0,351,15,134,0,0,0,500,0
h05,6439465633329069027,p3,0,0,500,0,0,0,500,0,336,8,156,0,0,0,500,0
h05,6448491319381278082,p1,0,0,500,0,11,35,454,0,374,12,114,0,0,0,500,0
h05,6448491319381278082,p2,0,0,500,0,0,0,500,0,339,30,131,0,0,0,500,0
h05,6448491319381278082,p3,0,0,500,0,0,0,500,0,336,29,135,0,0,0,500,0
h05,6451332265907184009,p1,0,0,500,0,16,51,433,0,351,44,105,0,0,0,500,0
h05,6451332265907184009,p2,0,0,500,0,1,0,499,0,355,68,77,0,0,0,500,0
h05,6451332265907184009,p3,0,0,500,0,0,0,500,0,335,99,66,0,0,0,500,0
h05,6452150494491919559,p1,0,0,500,0,11,39,450,0,378,8,114,0,0,0,500,0
h05,6452150494491919559,p2,0,0,500,0,0,0,500,0,387,23,90,0,0,0,500,0
h05,6452150494491919559,p3,0,0,500,0,0,0,500,0,376,12,112,0,0,0,500,0
h05,6455604518832527548,p1,0,0,500,0,22,57,421,0,360,36,104,0,0,0,500,0
h05,6455604518832527548,p2,0,0,500,0,0,2,498,0,347,68,85,0,0,0,500,0
h05,6455604518832527548,p3,0,0,500,0,0,0,500,0,332,42,126,0,0,0,500,0
h05,6496334684957736092,p1,0,0,500,0,13,46,441,0,374,9,117,0,0,0,500,0
h05,6496334684957736092,p2,0,0,500,0,1,0,499,0,374,11,115,0,0,0,500,0
h05,6496334684957736092,p3,0,0,500,0,0,0,500,0,359,20,121,0,0,0,500,0
h05,6508288144275989490,p1,0,0,500,0,20,41,439,0,336,16,148,0,0,0,500,0
h05,6508288144275989490,p2,0,0,500,0,0,3,497,0,336,10,154,0,0,0,500,0
h05,6508288144275989490,p3,0,0,500,0,0,0,500,0,393,4,103,0,0,0,500,0
h05,6516360367092738441,p1,0,0,500,0,18,39,443,0,382,7,111,0,0,0,500,0
h05,6516360367092738441,p2,0,0,500,0,0,0,500,0,389,5,106,0,0,0,500,0
h05,6516360367092738441,p3,0,0,500,0,0,0,500,0,357,10,133,0,0,0,500,0
h05,6523041603552075949,p1,0,0,500,0,18,49,433,0,367,9,124,0,0,0,500,0
h05,6523041603552075949,p2,0,0,500,0,0,0,500,0,380,15,105,0,0,0,500,0
h05,6523041603552075949,p3,0,0,500,0,0,0,500,0,291,14,195,0,0,0,500,0
h05,6558516962071440584,p1,0,0,500,0,16,55,429,0,363,9,128,0,0,0,500,0
h05,6558516962071440584,p2,0,0,500,0,0,1,499,0,365,8,127,0,0,0,500,0
h05,6558516962071440584,p3,0,0,500,0,0,0,500,0,265,22,213,0,0,0,500,0
h05,65745047219222110,p1,0,0,500,0,12,53,435,0,342,10,148,0,0,0,500,0
h05,65745047219222110,p2,0,0,500,0,0,1,499,0,402,27,71,0,0,0,500,0
h05,65745047219222110,p3,0,0,500,0,0,0,500,0,377,10,113,0,0,0,500,0
h05,6576878391904262212,p1,0,0,500,0,19,50,431,0,374,6,120,0,0,0,500,0
h05,6576878391904262212,p2,0,0,500,0,0,0,500,0,350,15,135,0,0,0,500,0
h05,6576878391904262212,p3,0,0,500,0,0,0,500,0,329,5,166,0,0,0,500,0
h05,6581483238120903606,p1,0,0,500,0,8,47,445,0,359,10,131,0,0,0,500,0
h05,6581483238120903606,p2,0,0,500,0,0,2,498,0,378,10,112,0,0,0,500,0
h05,6581483238120903606,p3,0,0,500,0,0,0,500,0,353,22,125,0,0,0,500,0
h05,6604297736428864712,p1,0,0,500,0,10,33,457,0,347,16,137,0,0,0,500,0
h05,6604297736428864712,p2,0,0,500,0,1,0,499,0,392,7,101,0,0,0,500,0
h05,6604297736428864712,p3,0,0,500,0,0,1,499,0,350,31,119,0,0,0,500,0
h05,6606734994208560545,p1,0,0,500,0,26,44,430,0,377,14,109,0,0,0,500,0
h05,6606734994208560545,p2,0,0,500,0,0,0,500,0,386,14,100,0,0,0,500,0
h05,6606734994208560545,p3,0,0,500,0,0,1,499,0,304,56,140,0,0,0,500,0
h05,6620162662716944765,p1,0,0,500,0,13,50,437,0,378,15,107,0,0,0,500,0
h05,6620162662716944765,p2,0,0,500,0,0,0,500,0,316,4,180,0,0,0,500,0
h05,6620162662716944765,p3,0,0,500,0,0,0,500,0,363,3,134,0,0,0,500,0
h05,6626455237405270801,p1,0,0,500,0,18,41,441,0,380,19,101,0,0,0,500,0
h05,6626455237405270801,p2,0,0,500,0,0,0,500,0,368,32,100,0,0,0,500,0
h05,6626455237405270801,p3,0,0,500,0,0,0,500,0,337,14,149,0,0,0,500,0
h05,6664075371792418457,p1,0,0,500,0,16,48,436,0,371,35,94,0,0,0,500,0
h05,6664075371792418457,p2,0,0,500,0,0,1,499,0,369,54,77,0,0,0,500,0
h05,6664075371792418457,p3,0,0,500,0,0,0,500,0,324,87,89,0,0,0,500,0
h05,6673403092828770641,p1,0,0,500,0,13,39,448,0,366,8,126,0,0,0,500,0
h05,6673403092828770641,p2,0,0,500,0,1,0,499,0,345,14,141,0,0,0,500,0
h05,6673403092828770641,p3,0,0,500,0,0,0,500,0,341,19,140,0,0,0,500,0
h05,6684605955085993198,p1,0,0,500,0,14,42,444,0,353,56,91,0,0,0,500,0
h05,6684605955085993198,p2,0,0,500,0,0,2,498,0,373,62,65,0,0,0,500,0
h05,6684605955085993198,p3,0,0,500,0,0,0,500,0,387,52,61,0,0,0,500,0
h05,6692783105292690747,p1,0,0,500,0,12,58,430,0,367,36,97,0,0,0,500,0
h05,6692783105292690747,p2,0,0,500,0,0,0,500,0,392,25,83,0,0,0,500,0
h05,6692783105292690747,p3,0,0,500,0,0,0,500,0,356,78,66,0,0,0,500,0
h05,6708904773458108485,p1,0,0,500,0,15,37,448,0,359,19,122,0,0,0,500,0
h05,6708904773458108485,p2,0,0,500,0,0,0,500,0,347,34,119,0,0,0,500,0
h05,6708904773458108485,p3,0,0,500,0,0,0,500,0,331,7,162,0,0,0,500,0
h05,6746574326061134356,p1,0,0,500,0,21,49,430,0,390,36,74,0,0,0,500,0
h05,6746574326061134356,p2,0,0,500,0,0,1,499,0,324,86,90,0,0,0,500,0
h05,6746574326061134356,p3,0,0,500,0,0,0,500,0,360,51,89,0,0,0,500,0
h05,6748278152601279719,p1,0,0,500,0,17,47,436,0,380,14,106,0,0,0,500,0
h05,6748278152601279719,p2,0,0,500,0,0,1,499,0,365,31,104,0,0,0,500,0
h05,6748278152601279719,p3,0,0,500,0,0,0,500,0,263,46,191,0,0,0,500,0
h05,6753742325627365866,p1,0,0,500,0,13,47,440,0,355,20,125,0,0,0,500,0
h05,6753742325627365866,p2,0,0,500,0,0,1,499,0,387,6,107,0,0,0,500,0
h05,6753742325627365866,p3,0,0,500,0,0,0,500,0,325,14,161,0,0,0,500,0
h05,6758853345369921110,p1,0,0,500,0,10,50,440,0,364,34,102,0,0,0,500,0
h05,6758853345369921110,p2,0,0,500,0,0,2,498,0,375,48,77,0,0,0,500,0
h05,6758853345369921110,p3,0,0,500,0,0,0,500,0,374,55,71,0,0,0,500,0
h05,6801199864283869829,p1,0,0,500,0,23,36,441,0,360,13,127,0,0,0,500,0
h05,6801199864283869829,p2,0,0,500,0,0,0,500,0,385,5,110,0,0,0,500,0
h05,6801199864283869829,p3,0,0,500,0,0,0,500,0,362,9,129,0,0,0,500,0
h05,6804097373554630521,p1,0,0,500,0,18,62,420,0,366,18,116,0,0,0,500,0
h05,6804097373554630521,p2,0,0,500,0,0,0,500,0,357,15,128,0,0,0,500,0
h05,6804097373554630521,p3,0,0,500,0,0,0,500,0,367,16,117,0,0,0,500,0
h05,6807585274805409300,p1,0,0,500,0,11,55,434,0,368,13,119,0,0,0,500,0
h05,6807585274805409300,p2,0,0,500,0,0,0,500,0,363,22,115,0,0,0,500,0
h05,6807585274805409300,p3,0,0,500,0,0,0,500,0,374,16,110,0,0,0,500,0
h05,6837487739968676223,p1,0,0,500,0,14,40,446,0,366,14,120,0,0,0,500,0
h05,6837487739968676223,p2,0,0,500,0,0,1,499,0,368,17,115,0,0,0,500,0
h05,6837487739968676223,p3,0,0,500,0,0,0,500,0,360,8,132,0,0,0,500,0
h05,6846412051261217456,p1,0,0,500,0,17,63,420,0,368,12,120,0,0,0,500,0
h05,6846412051261217456,p2,0,0,500,0,0,0,500,0,385,12,103,0,0,0,500,0
h05,6846412051261217456,p3,0,0,500,0,0,0,500,0,394,3,103,0,0,0,500,0
h05,6854365311082777985,p1,0,0,500,0,16,54,430,0,350,19,131,0,0,0,500,0
h05,6854365311082777985,p2,0,0,500,0,0,1,499,0,373,8,119,0,0,0,500,0
h05,6854365311082777985,p3,0,0,500,0,0,0,500,0,322,39,139,0,0,0,500,0
h05,6857999241476515947,p1,0,0,500,0,13,39,448,0,352,20,128,0,0,0,500,0
h05,6857999241476515947,p2,0,0,500,0,0,0,500,0,331,2,167,0,0,0,500,0
h05,6857999241476515947,p3,0,0,500,0,0,0,500,0,389,20,91,0,0,0,500,0
h05,6867685611363217168,p1,0,0,500,0,18,56,426,0,364,42,94,0,0,0,500,0
h05,6867685611363217168,p2,0,0,500,0,0,0,500,0,382,46,72,0,0,0,500,0
h05,6867685611363217168,p3,0,0,500,0,0,0,500,0,271,164,65,0,0,0,500,0
h05,6967905875137337728,p1,0,0,500,0,14,49,437,0,377,32,91,0,0,0,500,0
h05,6967905875137337728,p2,0,0,500,0,0,1,499,0,406,29,65,0,0,0,500,0
h05,6967905875137337728,p3,0,0,500,0,0,0,500,0,350,47,103,0,0,0,500,0
h05,6990352202813107772,p1,0,0,500,0,17,39,444,0,367,10,123,0,0,0,500,0
h05,6990352202813107772,p2,0,0,500,0,0,1,499,0,357,18,125,0,0,0,500,0
h05,6990352202813107772,p3,0,0,500,0,0,0,500,0,376,7,117,0,0,0,500,0
h05,6999224030951637593,p1,0,0,500,0,14,48,438,0,375,21,104,0,0,0,500,0
h05,6999224030951637593,p2,0,0,500,0,0,0,500,0,376,12,112,0,0,0,500,0
h05,6999224030951637593,p3,0,0,500,0,0,0,500,0,353,16,131,0,0,0,500,0
h05,7001998184227675245,p1,0,0,500,0,18,36,446,0,361,12,127,0,0,0,500,0
h05,7001998184227675245,p2,0,0,500,0,0,2,498,0,342,16,142,0,0,0,500,0
h05,7001998184227675245,p3,0,0,500,0,0,0,500,0,318,45,137,0,0,0,500,0
h05,7022494102257959673,p1,0,0,500,0,17,39,444,0,367,22,111,0,0,0,500,0
h05,7022494102257959673,p2,0,0,500,0,0,1,499,0,406,38,56,0,0,0,500,0
h05,7022494102257959673,p3,0,0,500,0,0,0,500,0,370,46,84,0,0,0,500,0
h05,7024825114201618952,p1,0,0,500,0,10,44,446,0,364,39,97,0,0,0,500,0
h05,7024825114201618952,p2,0,0,500,0,0,0,500,0,349,42,109,0,0,0,500,0
h05,7024825114201618952,p3,0,0,500,0,0,0,500,0,388,32,80,0,0,0,500,0
h05,7026012457387303602,p1,0,0,500,0,15,47,438,0,375,32,93,0,0,0,500,0
h05,7026012457387303602,p2,0,0,500,0,0,1,499,0,379,52,69,0,0,0,500,0
h05,7026012457387303602,p3,0,0,500,0,0,0,500,0,334,89,77,0,0,0,500,0
h05,702866826919678922,p1,0,0,500,0,13,60,427,0,381,23,96,0,0,0,500,0
h05,702866826919678922,p2,0,0,500,0,0,0,500,0,383,28,89,0,0,0,500,0
h05,702866826919678922,p3,0,0,500,0,0,0,500,0,360,73,67,0,0,0,500,0
h05,7040873979892159498,p1,0,0,500,0,16,60,424,0,376,7,117,0,0,0,500,0
h05,7040873979892159498,p2,0,0,500,0,0,0,500,0,346,24,130,0,0,0,500,0
h05,7040873979892159498,p3,0,0,500,0,0,0,500,0,320,11,169,0,0,0,500,0
h05,7047073392724299905,p1,0,0,500,0,21,49,430,0,382,10,108,0,0,0,500,0
h05,7047073392724299905,p2,0,0,500,0,0,0,500,0,370,7,123,0,0,0,500,0
h05,7047073392724299905,p3,0,0,500,0,0,0,500,0,348,8,144,0,0,0,500,0
h05,7064175879779554059,p1,0,0,500,0,17,41,442,0,386,8,106,0,0,0,500,0
h05,7064175879779554059,p2,0,0,500,0,1,0,499,0,343,15,142,0,0,0,500,0
h05,7064175879779554059,p3,0,0,500,0,0,0,500,0,377,11,112,0,0,0,500,0
h05,7066261505938673149,p1,0,0,500,0,8,50,442,0,368,14,118,0,0,0,500,0
h05,7066261505938673149,p2,0,0,500,0,0,0,500,0,357,37,106,0,0,0,500,0
h05,7066261505938673149,p3,0,0,500,0,0,0,500,0,323,48,129,0,0,0,500,0
h05,7068912131551755293,p1,0,0,500,0,9,33,458,0,376,17,107,0,0,0,500,0
h05,7068912131551755293,p2,0,0,500,0,0,2,498,0,342,84,74,0,0,0,500,0
h05,7068912131551755293,p3,0,0,500,0,0,0,500,0,376,52,72,0,0,0,500,0
h05,708598414843601433,p1,0,0,500,0,16,52,432,0,386,16,98,0,0,0,500,0
h05,708598414843601433,p2,0,0,500,0,0,1,499,0,330,38,132,0,0,0,500,0
h05,708598414843601433,p3,0,0,500,0,0,0,500,0,369,57,74,0,0,0,500,0
h05,7090392351816283814,p1,0,0,500,0,15,63,422,0,391,22,87,0,0,0,500,0
h05,7090392351816283814,p2,0,0,500,0,0,1,499,0,388,5,107,0,0,0,500,0
h05,7090392351816283814,p3,0,0,500,0,0,0,500,0,380,10,110,0,0,0,500,0
h05,7094009697117592830,p1,0,0,500,0,5,47,448,0,364,4,132,0,0,0,500,0
h05,7094009697117592830,p2,0,0,500,0,0,3,497,0,337,5,158,0,0,0,500,0
h05,7094009697117592830,p3,0,0,500,0,0,0,500,0,359,4,137,0,0,0,500,0
h05,7096354102309646186,p1,0,0,500,0,21,50,429,0,381,10,109,0,0,0,500,0
h05,7096354102309646186,p2,0,0,500,0,0,2,498,0,354,57,89,0,0,0,500,0
h05,7096354102309646186,p3,0,0,500,0,0,0,500,0,361,76,63,0,0,0,500,0
h05,7098150741460012523,p1,0,0,500,0,20,57,423,0,363,45,92,0,0,0,500,0
h05,7098150741460012523,p2,0,0,500,0,0,0,500,0,304,122,74,0,0,0,500,0
h05,7098150741460012523,p3,0,0,500,0,0,0,500,0,326,103,71,0,0,0,500,0
h05,7108966408127510530,p1,0,0,500,0,9,55,436,0,365,9,126,0,0,0,500,0
h05,7108966408127510530,p2,0,0,500,0,0,0,500,0,342,4,154,0,0,0,500,0
h05,7108966408127510530,p3,0,0,500,0,0,1,499,0,350,8,142,0,0,0,500,0
h05,7128957838161443484,p1,0,0,500,0,8,38,454,0,365,18,117,0,0,0,500,0
h05,7128957838161443484,p2,0,0,500,0,0,1,499,0,375,21,104,0,0,0,500,0
h05,7128957838161443484,p3,0,0,500,0,0,0,500,0,335,19,146,0,0,0,500,0
h05,714482021211796882,p1,0,0,500,0,12,58,430,0,367,9,124,0,0,0,500,0
h05,714482021211796882,p2,0,0,500,0,0,0,500,0,353,39,108,0,0,0,500,0
h05,714482021211796882,p3,0,0,500,0,0,0,500,0,296,21,183,0,0,0,500,0
h05,7157284801700828225,p1,0,0,500,0,17,55,428,0,345,18,137,0,0,0,500,0
h05,7157284801700828225,p2,0,0,500,0,0,1,499,0,374,53,73,0,0,0,500,0
h05,7157284801700828225,p3,0,0,500,0,0,0,500,0,360,54,86,0,0,0,500,0
h05,7176453052980385458,p1,0,0,500,0,16,46,438,0,387,17,96,0,0,0,500,0
h05,7176453052980385458,p2,0,0,500,0,0,0,500,0,364,31,105,0,0,0,500,0
h05,7176453052980385458,p3,0,0,500,0,0,0,500,0,304,86,110,0,0,0,500,0
h05,7189834021343857135,p1,0,0,500,0,16,55,429,0,355,7,138,0,0,0,500,0
h05,7189834021343857135,p2,0,0,500,0,0,1,499,0,383,13,104,0,0,0,500,0
h05,7189834021343857135,p3,0,0,500,0,0,0,500,0,329,5,166,0,0,0,500,0
h05,7190431898777044429,p1,0,0,500,0,11,51,438,0,373,34,93,0,0,0,500,0
h05,7190431898777044429,p2,0,0,500,0,0,1,499,0,344,32,124,0,0,0,500,0
h05,7190431898777044429,p3,0,0,500,0,0,0,500,0,326,66,108,0,0,0,500,0
h05,7200917081641086426,p1,0,0,500,0,11,48,441,0,359,13,128,0,0,0,500,0
h05,7200917081641086426,p2,0,0,500,0,0,0,500,0,387,3,110,0,0,0,500,0
h05,7200917081641086426,p3,0,0,500,0,0,0,500,0,370,12,118,0,0,0,500,0
h05,7201333657579785171,p1,0,0,500,0,15,47,438,0,365,9,126,0,0,0,500,0
h05,7201333657579785171,p2,0,0,500,0,0,0,500,0,352,9,139,0,0,0,500,0
h05,7201333657579785171,p3,0,0,500,0,0,0,500,0,340,12,148,0,0,0,500,0
h05,7207765655411287474,p1,0,0,500,0,16,44,440,0,382,11,107,0,0,0,500,0
h05,7207765655411287474,p2,0,0,500,0,0,4,496,0,355,27,118,0,0,0,500,0
h05,7207765655411287474,p3,0,0,500,0,0,0,500,0,318,39,143,0,0,0,500,0
h05,7227517267945620979,p1,0,0,500,0,16,34,450,0,373,36,91,0,0,0,500,0
h05,7227517267945620979,p2,0,0,500,0,0,0,500,0,371,62,67,0,0,0,500,0
h05,7227517267945620979,p3,0,0,500,0,0,0,500,0,368,67,65,0,0,0,500,0
h05,7228881330803135393,p1,0,0,500,0,16,56,428,0,377,6,117,0,0,0,500,0
h05,7228881330803135393,p2,0,0,500,0,0,1,499,0,351,10,139,0,0,0,500,0
h05,7228881330803135393,p3,0,0,500,0,0,0,500,0,371,5,124,0,0,0,500,0
h05,7238293042385148941,p1,0,0,500,0,13,69,418,0,390,19,91,0,0,0,500,0
h05,7238293042385148941,p2,0,0,500,0,0,1,499,0,343,102,55,0,0,0,500,0
h05,7238293042385148941,p3,0,0,500,0,0,1,499,0,372,60,68,0,0,0,500,0
h05,7249368341075405742,p1,0,0,500,0,20,40,440,0,380,21,99,0,0,0,500,0
h05,7249368341075405742,p2,0,0,500,0,0,0,500,0,372,52,76,0,0,0,500,0
h05,7249368341075405742,p3,0,0,500,0,0,0,500,0,331,66,103,0,0,0,500,0
h05,72558806676291982,p1,0,0,500,0,25,47,428,0,370,10,120,0,0,0,500,0
h05,72558806676291982,p2,0,0,500,0,0,1,499,0,368,20,112,0,0,0,500,0
h05,72558806676291982,p3,0,0,500,0,0,0,500,0,334,1,165,0,0,0,500,0
h05,7263600261614512967,p1,0,0,500,0,10,44,446,0,359,37,104,0,0,0,500,0
h05,7263600261614512967,p2,0,0,500,0,0,0,500,0,363,43,94,0,0,0,500,0
h05,7263600261614512967,p3,0,0,500,0,0,0,500,0,375,11,114,0,0,0,500,0
h05,7264026044483713541,p1,0,0,500,0,18,51,431,0,361,26,113,0,0,0,500,0
h05,7264026044483713541,p2,0,0,500,0,0,0,500,0,395,6,99,0,0,0,500,0
h05,7264026044483713541,p3,0,0,500,0,0,0,500,0,387,8,105,0,0,0,500,0
h05,7271157830985353908,p1,0,0,500,0,13,47,440,0,347,27,126,0,0,0,500,0
h05,7271157830985353908,p2,0,0,500,0,0,1,499,0,375,43,82,0,0,0,500,0
h05,7271157830985353908,p3,0,0,500,0,0,0,500,0,341,46,113,0,0,0,500,0
h05,7299273936685164460,p1,0,0,500,0,14,46,440,0,359,40,101,0,0,0,500,0
h05,7299273936685164460,p2,0,0,500,0,0,1,499,0,379,6,115,0,0,0,500,0
h05,7299273936685164460,p3,0,0,500,0,0,0,500,0,356,6,138,0,0,0,500,0
h05,7309593434670133100,p1,0,0,500,0,19,58,423,0,363,50,87,0,0,0,500,0
h05,7309593434670133100,p2,0,0,500,0,0,2,498,0,306,116,78,0,0,0,500,0
h05,7309593434670133100,p3,0,0,500,0,0,0,500,0,370,68,62,0,0,0,500,0
h05,732123568986224844,p1,0,0,500,0,21,41,438,0,381,11,108,0,0,0,500,0
h05,732123568986224844,p2,0,0,500,0,0,2,498,0,344,16,140,0,0,0,500,0
h05,732123568986224844,p3,0,0,500,0,0,0,500,0,388,3,109,0,0,0,500,0
h05,7328303731035577296,p1,0,0,500,0,14,51,435,0,385,11,104,0,0,0,500,0
h05,7328303731035577296,p2,0,0,500,0,0,3,497,0,352,16,132,0,0,0,500,0
h05,7328303731035577296,p3,0,0,500,0,0,0,500,0,342,22,136,0,0,0,500,0
h05,7328563272180724307,p1,0,0,500,0,17,48,435,0,378,9,113,0,0,0,500,0
h05,7328563272180724307,p2,0,0,500,0,0,0,500,0,374,9,117,0,0,0,500,0
h05,7328563272180724307,p3,0,0,500,0,0,0,500,0,359,7,134,0,0,0,500,0
h05,7355281502063941619,p1,0,0,500,0,12,53,435,0,370,27,103,0,0,0,500,0
h05,7355281502063941619,p2,0,0,500,0,0,0,500,0,375,59,66,0,0,0,500,0
h05,7355281502063941619,p3,0,0,500,0,0,0,500,0,359,78,63,0,0,0,500,0
h05,7363175772284391542,p1,0,0,500,0,15,45,440,0,364,16,120,0,0,0,500,0
h05,7363175772284391542,p2,0,0,500,0,0,1,499,0,368,13,119,0,0,0,500,0
h05,7363175772284391542,p3,0,0,500,0,0,0,500,0,365,9,126,0,0,0,500,0
h05,7376243174258400955,p1,0,0,500,0,16,44,440,0,392,22,86,0,0,0,500,0
h05,7376243174258400955,p2,0,0,500,0,0,0,500,0,363,41,96,0,0,0,500,0
h05,7376243174258400955,p3,0,0,500,0,0,0,500,0,350,34,116,0,0,0,500,0
h05,7388570329277724215,p1,0,0,500,0,21,39,440,0,376,38,86,0,0,0,500,0
h05,7388570329277724215,p2,0,0,500,0,0,0,500,0,363,60,77,0,0,0,500,0
h05,7388570329277724215,p3,0,0,500,0,1,0,499,0,359,65,76,0,0,0,500,0
h05,7395065787584697851,p1,0,0,500,0,16,44,440,0,374,30,96,0,0,0,500,0
h05,7395065787584697851,p2,0,0,500,0,0,2,498,0,363,31,106,0,0,0,500,0
h05,7395065787584697851,p3,0,0,500,0,0,0,500,0,325,5,170,0,0,0,500,0
h05,7426926727897974448,p1,0,0,500,0,17,43,440,0,363,17,120,0,0,0,500,0
h05,7426926727897974448,p2,0,0,500,0,0,3,497,0,357,12,131,0,0,0,500,0
h05,7426926727897974448,p3,0,0,500,0,0,0,500,0,342,9,149,0,0,0,500,0
h05,7446151698120709382,p1,0,0,500,0,20,46,434,0,369,9,122,0,0,0,500,0
h05,7446151698120709382,p2,0,0,500,0,0,1,499,0,342,6,152,0,0,0,500,0
h05,7446151698120709382,p3,0,0,500,0,0,0,500,0,369,17,114,0,0,0,500,0
h05,7477625729820776183,p1,0,0,500,0,9,48,443,0,381,38,81,0,0,0,500,0
h05,7477625729820776183,p2,0,0,500,0,0,0,500,0,342,69,89,0,0,0,500,0
h05,7477625729820776183,p3,0,0,500,0,0,0,500,0,378,54,68,0,0,0,500,0
h05,7492649668554811806,p1,0,0,500,0,15,61,424,0,369,35,96,0,0,0,500,0
h05,7492649668554811806,p2,0,0,500,0,0,0,500,0,333,40,127,0,0,0,500,0
h05,7492649668554811806,p3,0,0,500,0,0,0,500,0,354,20,126,0,0,0,500,0
h05,7493187211263497198,p1,0,0,500,0,20,59,421,0,373,11,116,0,0,0,500,0
h05,7493187211263497198,p2,0,0,500,0,0,1,499,0,357,18,125,0,0,0,500,0
h05,7493187211263497198,p3,0,0,500,0,0,0,500,0,374,4,122,0,0,0,500,0
h05,7507588180911929477,p1,0,0,500,0,8,50,442,0,366,15,119,0,0,0,500,0
h05,7507588180911929477,p2,0,0,500,0,0,1,499,0,286,8,206,0,0,0,500,0
h05,7507588180911929477,p3,0,0,500,0,0,0,500,0,345,8,147,0,0,0,500,0
h05,7547871346025002741,p1,0,0,500,0,26,30,444,0,380,19,101,0,0,0,500,0
h05,7547871346025002741,p2,0,0,500,0,0,0,500,0,360,19,121,0,0,0,500,0
h05,7547871346025002741,p3,0,0,500,0,0,0,500,0,363,21,116,0,0,0,500,0
h05,7577839241770188201,p1,0,0,500,0,11,52,437,0,370,18,112,0,0,0,500,0
h05,7577839241770188201,p2,0,0,500,0,0,0,500,0,356,5,139,0,0,0,500,0
h05,7577839241770188201,p3,0,0,500,0,0,0,500,0,349,22,129,0,0,0,500,0
h05,7583261330632035837,p1,0,0,500,0,14,49,437,0,375,25,100,0,0,0,500,0
h05,7583261330632035837,p2,0,0,500,0,0,0,500,0,351,44,105,0,0,0,500,0
h05,7583261330632035837,p3,0,0,500,0,0,0,500,0,305,83,112,0,0,0,500,0
h05,7585769548781915971,p1,0,0,500,0,17,43,440,0,372,10,118,0,0,0,500,0
h05,7585769548781915971,p2,0,0,500,0,0,2,498,0,377,15,108,0,0,0,500,0
h05,7585769548781915971,p3,0,0,500,0,0,0,500,0,302,54,144,0,0,0,500,0
h05,759975353548817479,p1,0,0,500,0,16,46,438,0,385,40,75,0,0,0,500,0
h05,759975353548817479,p2,0,0,500,0,0,2,498,0,351,70,79,0,0,0,500,0
h05,759975353548817479,p3,0,0,500,0,0,0,500,0,371,66,63,0,0,0,500,0
h05,7603385580995117409,p1,0,0,500,0,16,33,451,0,355,30,115,0,0,0,500,0
h05,7603385580995117409,p2,0,0,500,0,0,1,499,0,392,34,74,0,0,0,500,0
h05,7603385580995117409,p3,0,0,500,0,0,0,500,0,356,74,70,0,0,0,500,0
h05,7612725865805291794,p1,0,0,500,0,11,49,440,0,360,18,122,0,0,0,500,0
h05,7612725865805291794,p2,0,0,500,0,0,1,499,0,374,53,73,0,0,0,500,0
h05,7612725865805291794,p3,0,0,500,0,0,0,500,0,392,9,99,0,0,0,500,0
h05,7616069688669602163,p1,0,0,500,0,16,44,440,0,365,6,129,0,0,0,500,0
h05,7616069688669602163,p2,0,0,500,0,0,0,500,0,397,19,84,0,0,0,500,0
h05,7616069688669602163,p3,0,0,500,0,0,1,499,0,328,71,101,0,0,0,500,0
h05,7627577147239527988,p1,0,0,500,0,10,40,450,0,362,30,108,0,0,0,500,0
h05,7627577147239527988,p2,0,0,500,0,0,1,499,0,363,50,87,0,0,0,500,0
h05,7627577147239527988,p3,0,0,500,0,0,0,500,0,348,57,95,0,0,0,500,0
h05,7628503750351822091,p1,0,0,500,0,12,56,432,0,375,9,116,0,0,0,500,0
h05,7628503750351822091,p2,0,0,500,0,0,0,500,0,363,14,123,0,0,0,500,0
h05,7628503750351822091,p3,0,0,500,0,0,0,500,0,317,13,170,0,0,0,500,0
h05,7631934003847310214,p1,0,0,500,0,24,36,440,0,371,25,104,0,0,0,500,0
h05,7631934003847310214,p2,0,0,500,0,0,0,500,0,367,7,126,0,0,0,500,0
h05,7631934003847310214,p3,0,0,500,0,0,0,500,0,369,33,98,0,0,0,500,0
h05,7680885593040147937,p1,0,0,500,0,22,50,428,0,358,38,104,0,0,0,500,0
h05,7680885593040147937,p2,0,0,500,0,0,2,498,0,328,96,76,0,0,0,500,0
h05,7680885593040147937,p3,0,0,500,0,0,0,500,0,394,46,60,0,0,0,500,0
h05,7697447255970539265,p1,0,0,500,0,7,59,434,0,358,9,133,0,0,0,500,0
h05,7697447255970539265,p2,0,0,500,0,0,0,500,0,321,4,175,0,0,0,500,0
h05,7697447255970539265,p3,0,0,500,0,0,0,500,0,349,21,130,0,0,0,500,0
h05,7702576646334203760,p1,0,0,500,0,16,52,432,0,370,30,100,0,0,0,500,0
h05,7702576646334203760,p2,0,0,500,0,0,0,500,0,344,18,138,0,0,0,500,0
h05,7702576646334203760,p3,0,0,500,0,0,0,500,0,356,62,82,0,0,0,500,0
h05,7710950485072423480,p1,0,0,500,0,14,43,443,0,371,10,119,0,0,0,500,0
h05,7710950485072423480,p2,0,0,500,0,0,1,499,0,378,13,109,0,0,0,500,0
h05,7710950485072423480,p3,0,0,500,0,0,0,500,0,366,15,119,0,0,0,500,0
h05,7739737952787506607,p1,0,0,500,0,18,50,432,0,379,32,89,0,0,0,500,0
h05,7739737952787506607,p2,0,0,500,0,0,0,500,0,376,41,83,0,0,0,500,0
h05,7739737952787506607,p3,0,0,500,0,0,0,500,0,381,43,76,0,0,0,500,0
h05,7741356042426346360,p1,0,0,500,0,15,54,431,0,360,14,126,0,0,0,500,0
h05,7741356042426346360,p2,0,0,500,0,0,2,498,0,391,6,103,0,0,0,500,0
h05,7741356042426346360,p3,0,0,500,0,0,0,500,0,381,10,109,0,0,0,500,0
h05,7745777900515622099,p1,0,0,500,0,21,53,426,0,365,34,101,0,0,0,500,0
h05,7745777900515622099,p2,0,0,500,0,0,1,499,0,378,13,109,0,0,0,500,0
h05,7745777900515622099,p3,0,0,500,0,0,0,500,0,306,6,188,0,0,0,500,0
h05,7763191183106554283,p1,0,0,500,0,12,54,434,0,374,16,110,0,0,0,500,0
h05,7763191183106554283,p2,0,0,500,0,0,1,499,0,373,33,94,0,0,0,500,0
h05,7763191183106554283,p3,0,0,500,0,0,0,500,0,383,31,86,0,0,0,500,0
h05,7766565889407157996,p1,0,0,500,0,18,47,435,0,371,11,118,0,0,0,500,0
h05,7766565889407157996,p2,0,0,500,0,0,2,498,0,303,9,188,0,0,0,500,0
h05,7766565889407157996,p3,0,0,500,0,0,1,499,0,282,11,207,0,0,0,500,0
h05,7766760940478392292,p1,0,0,500,0,15,52,433,0,359,10,131,0,0,0,500,0
h05,7766760940478392292,p2,0,0,500,0,1,0,499,0,304,12,184,0,0,0,500,0
h05,7766760940478392292,p3,0,0,500,0,0,0,500,0,255,43,202,0,0,0,500,0
h05,7767717960016566987,p1,0,0,500,0,13,38,449,0,375,24,101,0,0,0,500,0
h05,7767717960016566987,p2,0,0,500,0,0,1,499,0,377,54,69,0,0,0,500,0
h05,7767717960016566987,p3,0,0,500,0,0,0,500,0,353,75,72,0,0,0,500,0
h05,7813640055095501791,p1,0,0,500,0,14,60,426,0,384,15,101,0,0,0,500,0
h05,7813640055095501791,p2,0,0,500,0,0,1,499,0,311,18,171,0,0,0,500,0
h05,7813640055095501791,p3,0,0,500,0,0,0,500,0,370,15,115,0,0,0,500,0
h05,7819668059817420738,p1,0,0,500,0,14,37,449,0,381,7,112,0,0,0,500,0
h05,7819668059817420738,p2,0,0,500,0,0,0,500,0,353,14,133,0,0,0,500,0
h05,7819668059817420738,p3,0,0,500,0,0,0,500,0,367,2,131,0,0,0,500,0
h05,782715407785398484,p1,0,0,500,0,17,57,426,0,358,21,121,0,0,0,500,0
h05,782715407785398484,p2,0,0,500,0,0,2,498,0,391,46,63,0,0,0,500,0
h05,782715407785398484,p3,0,0,500,0,0,0,500,0,390,43,67,0,0,0,500,0
h05,7886383867975856199,p1,0,0,500,0,12,40,448,0,355,12,133,0,0,0,500,0
h05,7886383867975856199,p2,0,0,500,0,0,0,500,0,377,16,107,0,0,0,500,0
h05,7886383867975856199,p3,0,0,500,0,0,0,500,0,367,10,123,0,0,0,500,0
h05,789820720348623301,p1,0,0,500,0,11,42,447,0,367,9,124,0,0,0,500,0
h05,789820720348623301,p2,0,0,500,0,0,0,500,0,378,24,98,0,0,0,500,0
h05,789820720348623301,p3,0,0,500,0,0,0,500,0,380,15,105,0,0,0,500,0
h05,7914069603673341289,p1,0,0,500,0,16,58,426,0,394,28,78,0,0,0,500,0
h05,7914069603673341289,p2,0,0,500,0,0,0,500,0,360,57,83,0,0,0,500,0
h05,7914069603673341289,p3,0,0,500,0,0,0,500,0,325,48,127,0,0,0,500,0
h05,7941927555130490809,p1,0,0,500,0,14,48,438,0,373,44,83,0,0,0,500,0
h05,7941927555130490809,p2,0,0,500,0,0,3,497,0,294,136,70,0,0,0,500,0
h05,7941927555130490809,p3,0,0,500,0,0,0,500,0,253,182,65,0,0,0,500,0
h05,7989271955400716670,p1,0,0,500,0,11,48,441,0,373,18,109,0,0,0,500,0
h05,7989271955400716670,p2,0,0,500,0,0,0,500,0,362,6,132,0,0,0,500,0
h05,7989271955400716670,p3,0,0,500,0,0,0,500,0,346,42,112,0,0,0,500,0
h05,7994687227022533437,p1,0,0,500,0,16,36,448,0,368,7,125,0,0,0,500,0
h05,7994687227022533437,p2,0,0,500,0,0,0,500,0,392,9,99,0,0,0,500,0
h05,7994687227022533437,p3,0,0,500,0,0,0,500,0,369,14,117,0,0,0,500,0
h05,8035289827142344450,p1,0,0,500,0,17,39,444,0,386,10,104,0,0,0,500,0
h05,8035289827142344450,p2,0,0,500,0,0,0,500,0,306,55,139,0,0,0,500,0
h05,8035289827142344450,p3,0,0,500,0,0,0,500,0,289,1,210,0,0,0,500,0
h05,8131290447005176716,p1,0,0,500,0,13,43,444,0,359,10,131,0,0,0,500,0
h05,8131290447005176716,p2,0,0,500,0,0,0,500,0,353,22,125,0,0,0,500,0
h05,8131290447005176716,p3,0,0,500,0,0,0,500,0,373,17,110,0,0,0,500,0
h05,8139759912762408824,p1,0,0,500,0,13,54,433,0,360,31,109,0,0,0,500,0
h05,8139759912762408824,p2,0,0,500,0,0,1,499,0,396,49,55,0,0,0,500,0
h05,8139759912762408824,p3,0,0,500,0,0,0,500,0,383,14,103,0,0,0,500,0
h05,8187264050021526278,p1,0,0,500,0,11,39,450,0,361,31,108,0,0,0,500,0
h05,8187264050021526278,p2,0,0,500,0,1,0,499,0,369,56,75,0,0,0,500,0
h05,8187264050021526278,p3,0,0,500,0,0,0,500,0,384,58,58,0,0,0,500,0
h05,8205955662219549030,p1,0,0,500,0,15,43,442,0,371,13,116,0,0,0,500,0
h05,8205955662219549030,p2,0,0,500,0,0,0,500,0,368,19,113,0,0,0,500,0
h05,8205955662219549030,p3,0,0,500,0,0,0,500,0,361,11,128,0,0,0,500,0
h05,8231051119178140570,p1,0,0,500,0,10,37,453,0,362,14,124,0,0,0,500,0
h05,8231051119178140570,p2,0,0,500,0,0,1,499,0,309,33,158,0,0,0,500,0
h05,8231051119178140570,p3,0,0,500,0,0,0,500,0,377,12,111,0,0,0,500,0
h05,8234365436410764891,p1,0,0,500,0,13,50,437,0,353,30,117,0,0,0,500,0
h05,8234365436410764891,p2,0,0,500,0,0,1,499,0,340,42,118,0,0,0,500,0
h05,8234365436410764891,p3,0,0,500,0,0,0,500,0,380,49,71,0,0,0,500,0
h05,8276803164960157305,p1,0,0,500,0,18,48,434,0,369,11,120,0,0,0,500,0
h05,8276803164960157305,p2,0,0,500,0,0,1,499,0,369,8,123,0,0,0,500,0
h05,8276803164960157305,p3,0,0,500,0,0,0,500,0,341,10,149,0,0,0,500,0
h05,8279292073101695808,p1,0,0,500,0,15,46,439,0,370,12,118,0,0,0,500,0
h05,8279292073101695808,p2,0,0,500,0,0,2,498,0,395,6,99,0,0,0,500,0
h05,8279292073101695808,p3,0,0,500,0,0,0,500,0,375,33,92,0,0,0,500,0
h05,8280936041857702321,p1,0,0,500,0,11,37,452,0,367,43,90,0,0,0,500,0
h05,8280936041857702321,p2,0,0,500,0,0,1,499,0,387,57,56,0,0,0,500,0
h05,8280936041857702321,p3,0,0,500,0,0,0,500,0,356,81,63,0,0,0,500,0
h05,8281759776119406356,p1,0,0,500,0,16,72,412,0,372,39,89,0,0,0,500,0
h05,8281759776119406356,p2,0,0,500,0,0,2,498,0,377,64,59,0,0,0,500,0
h05,8281759776119406356,p3,0,0,500,0,0,0,500,0,398,36,66,0,0,0,500,0
h05,8294241451103574004,p1,0,0,500,0,9,46,445,0,351,8,141,0,0,0,500,0
h05,8294241451103574004,p2,0,0,500,0,0,1,499,0,311,44,145,0,0,0,500,0
h05,8294241451103574004,p3,0,0,500,0,0,0,500,0,353,4,143,0,0,0,500,0
h05,831196551623061231,p1,0,0,500,0,16,54,430,0,364,21,115,0,0,0,500,0
h05,831196551623061231,p2,0,0,500,0,0,2,498,0,382,9,109,0,0,0,500,0
h05,831196551623061231,p3,0,0,500,0,0,0,500,0,347,20,133,0,0,0,500,0
h05,8323163050576594498,p1,0,0,500,0,19,44,437,0,373,7,120,0,0,0,500,0
h05,8323163050576594498,p2,0,0,500,0,0,3,497,0,367,23,110,0,0,0,500,0
h05,8323163050576594498,p3,0,0,500,0,0,0,500,0,334,15,151,0,0,0,500,0
h05,8381209423555594519,p1,0,0,500,0,10,44,446,0,359,27,114,0,0,0,500,0
h05,8381209423555594519,p2,0,0,500,0,0,4,496,0,364,34,102,0,0,0,500,0
h05,8381209423555594519,p3,0,0,500,0,0,0,500,0,364,39,97,0,0,0,500,0
h05,8387972485611123846,p1,0,0,500,0,20,42,438,0,377,19,104,0,0,0,500,0
h05,8387972485611123846,p2,0,0,500,0,0,0,500,0,364,28,108,0,0,0,500,0
h05,8387972485611123846,p3,0,0,500,0,0,0,500,0,343,41,116,0,0,0,500,0
h05,839727686575287168,p1,0,0,500,0,9,51,440,0,367,23,110,0,0,0,500,0
h05,839727686575287168,p2,0,0,500,0,0,0,500,0,338,66,96,0,0,0,500,0
h05,839727686575287168,p3,0,0,500,0,0,0,500,0,361,41,98,0,0,0,500,0
h05,8411104897201108463,p1,0,0,500,0,20,54,426,0,385,10,105,0,0,0,500,0
h05,8411104897201108463,p2,0,0,500,0,0,0,500,0,375,14,111,0,0,0,500,0
h05,8411104897201108463,p3,0,0,500,0,0,0,500,0,392,2,106,0,0,0,500,0
h05,8421230191803540944,p1,0,0,500,0,21,40,439,0,375,26,99,0,0,0,500,0
h05,8421230191803540944,p2,0,0,500,0,0,1,499,0,367,68,65,0,0,0,500,0
h05,8421230191803540944,p3,0,0,500,0,0,0,500,0,369,77,54,0,0,0,500,0
h05,8424666883640148607,p1,0,0,500,0,10,49,441,0,366,10,124,0,0,0,500,0
h05,8424666883640148607,p2,0,0,500,0,0,1,499,0,317,36,147,0,0,0,500,0
h05,8424666883640148607,p3,0,0,500,0,0,0,500,0,376,19,105,0,0,0,500,0
h05,8427098655187780345,p1,0,0,500,0,12,62,426,0,362,9,129,0,0,0,500,0
h05,8427098655187780345,p2,0,0,500,0,1,1,498,0,373,15,112,0,0,0,500,0
h05,8427098655187780345,p3,0,0,500,0,0,0,500,0,340,41,119,0,0,0,500,0
h05,8428763564114601506,p1,0,0,500,0,13,51,436,0,368,38,94,0,0,0,500,0
h05,8428763564114601506,p2,0,0,500,0,0,2,498,0,328,79,93,0,0,0,500,0
h05,8428763564114601506,p3,0,0,500,0,0,0,500,0,366,58,76,0,0,0,500,0
h05,845645771187161554,p1,0,0,500,0,21,53,426,0,373,9,118,0,0,0,500,0
h05,845645771187161554,p2,0,0,500,0,0,1,499,0,372,13,115,0,0,0,500,0
h05,845645771187161554,p3,0,0,500,0,0,1,499,0,387,13,100,0,0,0,500,0
h05,8500106890460997578,p1,0,0,500,0,15,38,447,0,367,23,110,0,0,0,500,0
h05,8500106890460997578,p2,0,0,500,0,0,1,499,0,384,20,96,0,0,0,500,0
h05,8500106890460997578,p3,0,0,500,0,0,0,500,0,343,59,98,0,0,0,500,0
h05,8528870719031707883,p1,0,0,500,0,12,54,434,0,376,5,119,0,0,0,500,0
h05,8528870719031707883,p2,0,0,500,0,0,0,500,0,309,14,177,0,0,0,500,0
h05,8528870719031707883,p3,0,0,500,0,0,0,500,0,336,10,154,0,0,0,500,0
h05,8546011504781572604,p1,0,0,500,0,18,62,420,0,372,9,119,0,0,0,500,0
h05,8546011504781572604,p2,0,0,500,0,0,0,500,0,371,21,108,0,0,0,500,0
h05,8546011504781572604,p3,0,0,500,0,0,0,500,0,374,4,122,0,0,0,500,0
h05,8555411596248810492,p1,0,0,500,0,17,47,436,0,373,14,113,0,0,0,500,0
h05,8555411596248810492,p2,0,0,500,0,0,1,499,0,347,23,130,0,0,0,500,0
h05,8555411596248810492,p3,0,0,500,0,0,0,500,0,338,36,126,0,0,0,500,0
h05,8560227140097453607,p1,0,0,500,0,13,41,446,0,372,35,93,0,0,0,500,0
h05,8560227140097453607,p2,0,0,500,0,0,2,498,0,345,42,113,0,0,0,500,0
h05,8560227140097453607,p3,0,0,500,0,0,0,500,0,345,47,108,0,0,0,500,0
h05,8594093329816328041,p1,0,0,500,0,13,51,436,0,374,13,113,0,0,0,500,0
h05,8594093329816328041,p2,0,0,500,0,0,0,500,0,353,17,130,0,0,0,500,0
h05,8594093329816328041,p3,0,0,500,0,0,0,500,0,315,93,92,0,0,0,500,0
h05,859553486951519006,p1,0,0,500,0,17,42,441,0,362,11,127,0,0,0,500,0
h05,859553486951519006,p2,0,0,500,0,0,1,499,0,399,11,90,0,0,0,500,0
h05,859553486951519006,p3,0,0,500,0,0,0,500,0,356,8,136,0,0,0,500,0
h05,8646318340625091403,p1,0,0,500,0,11,41,448,0,374,13,113,0,0,0,500,0
h05,8646318340625091403,p2,0,0,500,0,0,0,500,0,390,49,61,0,0,0,500,0
h05,8646318340625091403,p3,0,0,500,0,0,0,500,0,340,77,83,0,0,0,500,0
h05,8657466658496276441,p1,0,0,500,0,17,50,433,0,370,11,119,0,0,0,500,0
h05,8657466658496276441,p2,0,0,500,0,0,0,500,0,398,10,92,0,0,0,500,0
h05,8657466658496276441,p3,0,0,500,0,0,0,500,0,312,24,164,0,0,0,500,0
h05,8683698783869719457,p1,0,0,500,0,8,49,443,0,386,10,104,0,0,0,500,0
h05,8683698783869719457,p2,0,0,500,0,0,2,498,0,382,18,100,0,0,0,500,0
h05,8683698783869719457,p3,0,0,500,0,0,0,500,0,359,11,130,0,0,0,500,0
h05,8686948471766063294,p1,0,0,500,0,9,45,446,0,370,13,117,0,0,0,500,0
h05,8686948471766063294,p2,0,0,500,0,0,0,500,0,376,25,99,0,0,0,500,0
h05,8686948471766063294,p3,0,0,500,0,0,0,500,0,309,16,175,0,0,0,500,0
h05,8698390962763588885,p1,0,0,500,0,13,52,435,0,349,15,136,0,0,0,500,0
h05,8698390962763588885,p2,0,0,500,0,0,2,498,0,368,63,69,0,0,0,500,0
h05,8698390962763588885,p3,0,0,500,0,0,0,500,0,339,106,55,0,0,0,500,0
h05,8701198892612959469,p1,0,0,500,0,13,48,439,0,385,12,103,0,0,0,500,0
h05,8701198892612959469,p2,0,0,500,0,0,0,500,0,337,33,130,0,0,0,500,0
h05,8701198892612959469,p3,0,0,500,0,0,0,500,0,354,9,137,0,0,0,500,0
h05,8701481152807228601,p1,0,0,500,0,9,41,450,0,371,33,96,0,0,0,500,0
h05,8701481152807228601,p2,0,0,500,0,0,1,499,0,350,70,80,0,0,0,500,0
h05,8701481152807228601,p3,0,0,500,0,0,0,500,0,387,36,77,0,0,0,500,0
h05,8720359783257394599,p1,0,0,500,0,17,56,427,0,381,13,106,0,0,0,500,0
h05,8720359783257394599,p2,0,0,500,0,0,2,498,0,347,9,144,0,0,0,500,0
h05,8720359783257394599,p3,0,0,500,0,0,0,500,0,322,22,156,0,0,0,500,0
h05,8729524276419458742,p1,0,0,500,0,14,48,438,0,370,13,117,0,0,0,500,0
h05,8729524276419458742,p2,0,0,500,0,0,1,499,0,339,48,113,0,0,0,500,0
h05,8729524276419458742,p3,0,0,500,0,0,0,500,0,386,10,104,0,0,0,500,0
h05,8730090253537624701,p1,0,0,500,0,14,43,443,0,386,22,92,0,0,0,500,0
h05,8730090253537624701,p2,0,0,500,0,0,0,500,0,391,45,64,0,0,0,500,0
h05,8730090253537624701,p3,0,0,500,0,0,0,500,0,380,49,71,0,0,0,500,0
h05,8746770271772577838,p1,0,0,500,0,11,59,430,0,382,8,110,0,0,0,500,0
h05,8746770271772577838,p2,0,0,500,0,0,0,500,0,362,4,134,0,0,0,500,0
h05,8746770271772577838,p3,0,0,500,0,0,0,500,0,367,20,113,0,0,0,500,0
h05,876402258899938551,p1,0,0,500,0,15,46,439,0,389,8,103,0,0,0,500,0
h05,876402258899938551,p2,0,0,500,0,0,0,500,0,357,6,137,0,0,0,500,0
h05,876402258899938551,p3,0,0,500,0,0,0,500,0,374,6,120,0,0,0,500,0
h05,8777609553505757530,p1,0,0,500,0,9,60,431,0,377,30,93,0,0,0,500,0
h05,8777609553505757530,p2,0,0,500,0,0,0,500,0,313,67,120,0,0,0,500,0
h05,8777609553505757530,p3,0,0,500,0,0,0,500,0,334,56,110,0,0,0,500,0
h05,8780703641827475216,p1,0,0,500,0,18,48,434,0,380,6,114,0,0,0,500,0
h05,8780703641827475216,p2,0,0,500,0,0,1,499,0,339,8,153,0,0,0,500,0
h05,8780703641827475216,p3,0,0,500,0,0,0,500,0,340,8,152,0,0,0,500,0
h05,8802171469649364521,p1,0,0,500,0,14,57,429,0,370,12,118,0,0,0,500,0
h05,8802171469649364521,p2,0,0,500,0,0,2,498,0,375,19,106,0,0,0,500,0
h05,8802171469649364521,p3,0,0,500,0,0,0,500,0,377,13,110,0,0,0,500,0
h05,8822248914057960763,p1,0,0,500,0,16,63,421,0,353,13,134,0,0,0,500,0
h05,8822248914057960763,p2,0,0,500,0,0,1,499,0,300,57,143,0,0,0,500,0
h05,8822248914057960763,p3,0,0,500,0,0,0,500,0,318,9,173,0,0,0,500,0
h05,8871426415579442404,p1,0,0,500,0,19,56,425,0,360,28,112,0,0,0,500,0
h05,8871426415579442404,p2,0,0,500,0,0,0,500,0,351,53,96,0,0,0,500,0
h05,8871426415579442404,p3,0,0,500,0,0,0,500,0,361,68,71,0,0,0,500,0
h05,8908194772766622485,p1,0,0,500,0,15,40,445,0,388,37,75,0,0,0,500,0
h05,8908194772766622485,p2,0,0,500,0,0,2,498,0,404,11,85,0,0,0,500,0
h05,8908194772766622485,p3,0,0,500,0,0,0,500,0,333,66,101,0,0,0,500,0
h05,8938345698069309366,p1,0,0,500,0,11,52,437,0,377,20,103,0,0,0,500,0
h05,8938345698069309366,p2,0,0,500,0,0,0,500,0,387,34,79,0,0,0,500,0
h05,8938345698069309366,p3,0,0,500,0,0,1,499,0,356,27,117,0,0,0,500,0
h05,8947885427583216599,p1,0,0,500,0,18,54,428,0,384,4,112,0,0,0,500,0
h05,8947885427583216599,p2,0,0,500,0,0,1,499,0,337,16,147,0,0,0,500,0
h05,8947885427583216599,p3,0,0,500,0,0,0,500,0,325,8,167,0,0,0,500,0
h05,8952644029368289163,p1,0,0,500,0,17,53,430,0,349,48,103,0,0,0,500,0
h05,8952644029368289163,p2,0,0,500,0,0,1,499,0,323,88,89,0,0,0,500,0
h05,8952644029368289163,p3,0,0,500,0,0,1,499,0,357,80,63,0,0,0,500,0
h05,8958853549996762177,p1,0,0,500,0,19,43,438,0,359,13,128,0,0,0,500,0
h05,8958853549996762177,p2,0,0,500,0,0,0,500,0,373,17,110,0,0,0,500,0
h05,8958853549996762177,p3,0,0,500,0,0,0,500,0,380,7,113,0,0,0,500,0
h05,8963778252331415450,p1,0,0,500,0,13,54,433,0,388,14,98,0,0,0,500,0
h05,8963778252331415450,p2,0,0,500,0,0,2,498,0,360,34,106,0,0,0,500,0
h05,8963778252331415450,p3,0,0,500,0,0,0,500,0,350,20,130,0,0,0,500,0
h05,8964390602618974280,p1,0,0,500,0,16,53,431,0,378,35,87,0,0,0,500,0
h05,8964390602618974280,p2,0,0,500,0,0,1,499,0,366,46,88,0,0,0,500,0
h05,8964390602618974280,p3,0,0,500,0,0,0,500,0,370,47,83,0,0,0,500,0
h05,8979447912470564123,p1,0,0,500,0,15,40,445,0,365,6,129,0,0,0,500,0
h05,8979447912470564123,p2,0,0,500,0,0,0,500,0,376,6,118,0,0,0,500,0
h05,8979447912470564123,p3,0,0,500,0,0,0,500,0,362,5,133,0,0,0,500,0
h05,8982671853758597525,p1,0,0,500,0,20,44,436,0,388,30,82,0,0,0,500,0
h05,8982671853758597525,p2,0,0,500,0,0,0,500,0,393,43,64,0,0,0,500,0
h05,8982671853758597525,p3,0,0,500,0,0,0,500,0,373,53,74,0,0,0,500,0
h05,8992072124870367708,p1,0,0,500,0,17,53,430,0,364,40,96,0,0,0,500,0
h05,8992072124870367708,p2,0,0,500,0,0,0,500,0,319,34,147,0,0,0,500,0
h05,8992072124870367708,p3,0,0,500,0,0,1,499,0,310,51,139,0,0,0,500,0
h05,8998319615032918245,p1,0,0,500,0,10,45,445,0,390,10,100,0,0,0,500,0
h05,8998319615032918245,p2,0,0,500,0,0,1,499,0,330,9,161,0,0,0,500,0
h05,8998319615032918245,p3,0,0,500,0,0,0,500,0,331,18,151,0,0,0,500,0
h05,9031157274208818424,p1,0,0,500,0,14,52,434,0,377,10,113,0,0,0,500,0
h05,9031157274208818424,p2,0,0,500,0,0,1,499,0,319,34,147,0,0,0,500,0
h05,9031157274208818424,p3,0,0,500,0,0,0,500,0,334,11,155,0,0,0,500,0
h05,9072033406375937098,p1,0,0,500,0,19,48,433,0,363,7,130,0,0,0,500,0
h05,9072033406375937098,p2,0,0,500,0,0,1,499,0,359,34,107,0,0,0,500,0
h05,9072033406375937098,p3,0,0,500,0,0,0,500,0,379,14,107,0,0,0,500,0
h05,9073701853848177054,p1,0,0,500,0,10,61,429,0,359,22,119,0,0,0,500,0
h05,9073701853848177054,p2,0,0,500,0,0,1,499,0,368,3,129,0,0,0,500,0
h05,9073701853848177054,p3,0,0,500,0,0,0,500,0,303,4,193,0,0,0,500,0
h05,9077553547053618809,p1,0,0,500,0,13,45,442,0,372,34,94,0,0,0,500,0
h05,9077553547053618809,p2,0,0,500,0,0,1,499,0,385,38,77,0,0,0,500,0
h05,9077553547053618809,p3,0,0,500,0,0,0,500,0,382,54,64,0,0,0,500,0
h05,9091404105904698470,p1,0,0,500,0,16,54,430,0,369,8,123,0,0,0,500,0
h05,9091404105904698470,p2,0,0,500,0,0,1,499,0,387,5,108,0,0,0,500,0
h05,9091404105904698470,p3,0,0,500,0,0,0,500,0,385,11,104,0,0,0,500,0
h05,9094635800883539673,p1,0,0,500,0,9,49,442,0,367,15,118,0,0,0,500,0
h05,9094635800883539673,p2,0,0,500,0,0,0,500,0,321,28,151,0,0,0,500,0
h05,9094635800883539673,p3,0,0,500,0,0,0,500,0,356,28,116,0,0,0,500,0
h05,9095671929785691461,p1,0,0,500,0,15,48,437,0,381,33,86,0,0,0,500,0
h05,9095671929785691461,p2,0,0,500,0,0,2,498,0,367,62,71,0,0,0,500,0
h05,9095671929785691461,p3,0,0,500,0,0,0,500,0,357,63,80,0,0,0,500,0
h05,9195153261481784320,p1,0,0,500,0,16,54,430,0,387,8,105,0,0,0,500,0
h05,9195153261481784320,p2,0,0,500,0,0,1,499,0,374,11,115,0,0,0,500,0
h05,9195153261481784320,p3,0,0,500,0,0,0,500,0,388,14,98,0,0,0,500,0
h05,974142711462634409,p1,0,0,500,0,11,49,440,0,386,12,102,0,0,0,500,0
h05,974142711462634409,p2,0,0,500,0,1,0,499,0,365,9,126,0,0,0,500,0
h05,974142711462634409,p3,0,0,500,0,0,0,500,0,308,29,163,0,0,0,500,0
h10,1012618836326683912,p1,0,0,500,0,10,40,450,0,367,11,122,0,0,0,500,0
h10,1012618836326683912,p2,0,0,500,0,0,1,499,0,348,28,124,0,0,0,500,0
h10,1012618836326683912,p3,0,0,500,0,0,0,500,0,364,6,130,0,0,0,500,0
h10,1026564289552693026,p1,0,0,500,0,17,59,424,0,397,24,79,0,0,0,500,0
h10,1026564289552693026,p2,0,0,500,0,0,0,500,0,340,30,130,0,0,0,500,0
h10,1026564289552693026,p3,0,0,500,0,0,0,500,0,368,64,68,0,0,0,500,0
h10,1026958658037135184,p1,0,0,500,0,7,52,441,0,341,13,146,0,0,0,500,0
h10,1026958658037135184,p2,0,0,500,0,0,0,500,0,406,6,88,0,0,0,500,0
h10,1026958658037135184,p3,0,0,500,0,0,0,500,0,267,2,231,0,0,0,500,0
h10,1048714029496110229,p1,0,0,500,0,11,46,443,0,361,15,124,0,0,0,500,0
h10,1048714029496110229,p2,0,0,500,0,0,0,500,0,361,15,124,0,0,0,500,0
h10,1048714029496110229,p3,0,0,500,0,1,0,499,0,361,13,126,0,0,0,500,0
h10,1059147586327691307,p1,0,0,500,0,18,50,432,0,367,8,125,0,0,0,500,0
h10,1059147586327691307,p2,0,0,500,0,0,1,499,0,371,8,121,0,0,0,500,0
h10,1059147586327691307,p3,0,0,500,0,0,0,500,0,357,34,109,0,0,0,500,0
h10,107017587312358064,p1,0,0,500,0,15,53,432,0,384,5,111,0,0,0,500,0
h10,107017587312358064,p2,0,0,500,0,0,0,500,0,346,16,138,0,0,0,500,0
h10,107017587312358064,p3,0,0,500,0,0,0,500,0,379,20,101,0,0,0,500,0
h10,1116551563473035952,p1,0,0,500,0,13,44,443,0,384,8,108,0,0,0,500,0
h10,1116551563473035952,p2,0,0,500,0,0,0,500,0,386,11,103,0,0,0,500,0
h10,1116551563473035952,p3,0,0,500,0,0,0,500,0,358,12,130,0,0,0,500,0
h10,1151244692888941698,p1,0,0,500,0,8,32,460,0,363,13,124,0,0,0,500,0
h10,1151244692888941698,p2,0,0,500,0,0,1,499,0,408,4,88,0,0,0,500,0
h10,1151244692888941698,p3,0,0,500,0,0,0,500,0,376,9,115,0,0,0,500,0
h10,1153989827650484475,p1,0,0,500,0,18,43,439,0,371,29,100,0,0,0,500,0
h10,1153989827650484475,p2,0,0,500,0,1,1,498,0,346,38,116,0,0,0,500,0
h10,1153989827650484475,p3,0,0,500,0,0,0,500,0,371,36,93,0,0,0,500,0
h10,1157659746044055472,p1,0,0,500,0,9,56,435,0,362,26,112,0,0,0,500,0
h10,1157659746044055472,p2,0,0,500,0,0,1,499,0,353,19,128,0,0,0,500,0
h10,1157659746044055472,p3,0,0,500,0,0,0,500,0,368,41,91,0,0,0,500,0
h10,1175073028833530932,p1,0,0,500,0,13,49,438,0,366,9,125,0,0,0,500,0
h10,1175073028833530932,p2,0,0,500,0,0,2,498,0,368,11,121,0,0,0,500,0
h10,1175073028833530932,p3,0,0,500,0,0,0,500,0,369,10,121,0,0,0,500,0
h10,1176707235945229063,p1,0,0,500,0,17,54,429,0,391,26,83,0,0,0,500,0
h10,1176707235945229063,p2,0,0,500,0,0,0,500,0,340,69,91,0,0,0,500,0
h10,1176707235945229063,p3,0,0,500,0,0,0,500,0,327,40,133,0,0,0,500,0
h10,1232030183765563702,p1,0,0,500,0,21,40,439,0,373,10,117,0,0,0,500,0
h10,1232030183765563702,p2,0,0,500,0,0,0,500,0,345,17,138,0,0,0,500,0
h10,1232030183765563702,p3,0,0,500,0,0,0,500,0,304,20,176,0,0,0,500,0
h10,1235969967620143229,p1,0,0,500,0,12,53,435,0,386,11,103,0,0,0,500,0
h10,1235969967620143229,p2,0,0,500,0,0,3,497,0,352,2,146,0,0,0,500,0
h10,1235969967620143229,p3,0,0,500,0,0,0,500,0,316,26,158,0,0,0,500,0
h10,124966211410855255,p1,0,0,500,0,29,39,432,0,370,27,103,0,0,0,500,0
h10,124966211410855255,p2,0,0,500,0,0,0,500,0,356,76,68,0,0,0,500,0
h10,124966211410855255,p3,0,0,500,0,0,0,500,0,377,66,57,0,0,0,500,0
h10,12585793717375436,p1,0,0,500,0,9,41,450,0,377,7,116,0,0,0,500,0
h10,12585793717375436,p2,0,0,500,0,0,0,500,0,379,8,113,0,0,0,500,0
h10,12585793717375436,p3,0,0,500,0,0,1,499,0,362,10,128,0,0,0,500,0
h10,1262797677683580703,p1,0,0,500,0,15,51,434,0,376,12,112,0,0,0,500,0
h10,1262797677683580703,p2,0,0,500,0,0,0,500,0,372,7,121,0,0,0,500,0
h10,1262797677683580703,p3,0,0,500,0,0,0,500,0,349,5,146,0,0,0,500,0
h10,1292842379370415372,p1,0,0,500,0,10,42,448,0,360,7,133,0,0,0,500,0
h10,1292842379370415372,p2,0,0,500,0,0,2,498,0,301,2,197,0,0,0,500,0
h10,1292842379370415372,p3,0,0,500,0,0,0,500,0,356,11,133,0,0,0,500,0
h10,1324106717765155468,p1,0,0,500,0,12,66,422,0,370,11,119,0,0,0,500,0
h10,1324106717765155468,p2,0,0,500,0,0,0,500,0,377,57,66,0,0,0,500,0
h10,1324106717765155468,p3,0,0,500,0,0,0,500,0,384,55,61,0,0,0,500,0
h10,1325227854816930920,p1,0,0,500,0,11,39,450,0,343,7,150,0,0,0,500,0
h10,1325227854816930920,p2,0,0,500,0,0,1,499,0,374,12,114,0,0,0,500,0
h10,1325227854816930920,p3,0,0,500,0,0,0,500,0,384,11,105,0,0,0,500,0
h10,1341658944922663820,p1,0,0,500,0,13,52,435,0,388,28,84,0,0,0,500,0
h10,1341658944922663820,p2,0,0,500,0,0,2,498,0,344,57,99,0,0,0,500,0
h10,1341658944922663820,p3,0,0,500,0,0,0,500,0,363,32,105,0,0,0,500,0
h10,1342555950548395655,p1,0,0,500,0,24,60,416,0,365,27,108,0,0,0,500,0
h10,1342555950548395655,p2,0,0,500,0,0,0,500,0,349,50,101,0,0,0,500,0
h10,1342555950548395655,p3,0,0,500,0,0,0,500,0,352,52,96,0,0,0,500,0
h10,1362976890963625099,p1,0,0,500,0,19,59,422,0,375,31,94,0,0,0,500,0
h10,1362976890963625099,p2,0,0,500,0,0,0,500,0,361,72,67,0,0,0,500,0
h10,1362976890963625099,p3,0,0,500,0,0,0,500,0,345,79,76,0,0,0,500,0
h10,1367937539674468921,p1,0,0,500,0,18,45,437,0,367,12,121,0,0,0,500,0
h10,1367937539674468921,p2,0,0,500,0,0,1,499,0,368,52,80,0,0,0,500,0
h10,1367937539674468921,p3,0,0,500,0,0,0,500,0,342,9,149,0,0,0,500,0
h10,1426162982195921554,p1,0,0,500,0,15,56,429,0,375,15,110,0,0,0,500,0
h10,1426162982195921554,p2,0,0,500,0,0,3,497,0,390,40,70,0,0,0,500,0
h10,1426162982195921554,p3,0,0,500,0,0,0,500,0,312,43,145,0,0,0,500,0
h10,1430307755999799038,p1,0,0,500,0,11,48,441,0,377,16,107,0,0,0,500,0
h10,1430307755999799038,p2,0,0,500,0,0,0,500,0,367,14,119,0,0,0,500,0
h10,1430307755999799038,p3,0,0,500,0,0,0,500,0,327,14,159,0,0,0,500,0
h10,1441771503623372442,p1,0,0,500,0,16,52,432,0,366,30,104,0,0,0,500,0
h10,1441771503623372442,p2,0,0,500,0,0,0,500,0,389,58,53,0,0,0,500,0
h10,1441771503623372442,p3,0,0,500,0,0,0,500,0,360,68,72,0,0,0,500,0
h10,1443851936976180138,p1,0,0,500,0,10,47,443,0,360,8,132,0,0,0,500,0
h10,1443851936976180138,p2,0,0,500,0,0,1,499,0,379,13,108,0,0,0,500,0
h10,1443851936976180138,p3,0,0,500,0,0,0,500,0,336,12,152,0,0,0,500,0
h10,1445419942631170083,p1,0,0,500,0,14,37,449,0,369,10,121,0,0,0,500,0
h10,1445419942631170083,p2,0,0,500,0,0,2,498,0,362,20,118,0,0,0,500,0
h10,1445419942631170083,p3,0,0,500,0,0,0,500,0,382,10,108,0,0,0,500,0
h10,1445901201543432693,p1,0,0,500,0,18,48,434,0,366,9,125,0,0,0,500,0
h10,1445901201543432693,p2,0,0,500,0,0,1,499,0,392,13,95,0,0,0,500,0
h10,1445901201543432693,p3,0,0,500,0,0,0,500,0,369,5,126,0,0,0,500,0
h10,1448547974085249144,p1,0,0,500,0,14,44,442,0,390,7,103,0,0,0,500,0
h10,1448547974085249144,p2,0,0,500,0,0,1,499,0,402,13,85,0,0,0,500,0
h10,1448547974085249144,p3,0,0,500,0,0,1,499,0,389,34,77,0,0,0,500,0
h10,1509914642853444501,p1,0,0,500,0,10,49,441,0,361,16,123,0,0,0,500,0
h10,1509914642853444501,p2,0,0,500,0,0,2,498,0,365,7,128,0,0,0,500,0
h10,1509914642853444501,p3,0,0,500,0,0,0,500,0,368,21,111,0,0,0,500,0
h10,1545277645358783464,p1,0,0,500,0,15,45,440,0,376,21,103,0,0,0,500,0
h10,1545277645358783464,p2,0,0,500,0,0,1,499,0,354,66,80,0,0,0,500,0
h10,1545277645358783464,p3,0,0,500,0,0,0,500,0,366,63,71,0,0,0,500,0
h10,1549511113490125657,p1,0,0,500,0,21,63,416,0,374,12,114,0,0,0,500,0
h10,1549511113490125657,p2,0,0,500,0,0,0,500,0,387,37,76,0,0,0,500,0
h10,1549511113490125657,p3,0,0,500,0,0,0,500,0,295,7,198,0,0,0,500,0
h10,154976249168926341,p1,0,0,500,0,19,42,439,0,364,9,127,0,0,0,500,0
h10,154976249168926341,p2,0,0,500,0,0,2,498,0,359,25,116,0,0,0,500,0
h10,154976249168926341,p3,0,0,500,0,0,0,500,0,359,9,132,0,0,0,500,0
h10,1552593388316938624,p1,0,0,500,0,20,42,438,0,360,8,132,0,0,0,500,0
h10,1552593388316938624,p2,0,0,500,0,0,1,499,0,379,7,114,0,0,0,500,0
h10,1552593388316938624,p3,0,0,500,0,0,0,500,0,380,6,114,0,0,0,500,0
h10,1602855807995796450,p1,0,0,500,0,11,48,441,0,370,25,105,0,0,0,500,0
h10,1602855807995796450,p2,0,0,500,0,0,3,497,0,383,26,91,0,0,0,500,0
h10,1602855807995796450,p3,0,0,500,0,0,0,500,0,365,70,65,0,0,0,500,0
h10,1669057736365589103,p1,0,0,500,0,18,50,432,0,380,32,88,0,0,0,500,0
h10,1669057736365589103,p2,0,0,500,0,0,0,500,0,286,111,103,0,0,0,500,0
h10,1669057736365589103,p3,0,0,500,0,0,0,500,0,314,111,75,0,0,0,500,0
h10,1723238753758795348,p1,0,0,500,0,17,47,436,0,382,11,107,0,0,0,500,0
h10,1723238753758795348,p2,0,0,500,0,1,0,499,0,332,25,143,0,0,0,500,0
h10,1723238753758795348,p3,0,0,500,0,0,0,500,0,349,37,114,0,0,0,500,0
h10,1725361983498964955,p1,0,0,500,0,13,62,425,0,368,24,108,0,0,0,500,0
h10,1725361983498964955,p2,0,0,500,0,0,0,500,0,379,33,88,0,0,0,500,0
h10,1725361983498964955,p3,0,0,500,0,0,0,500,0,355,49,96,0,0,0,500,0
h10,1729008289816919154,p1,0,0,500,0,7,51,442,0,357,19,124,0,0,0,500,0
h10,1729008289816919154,p2,0,0,500,0,0,2,498,0,348,40,112,0,0,0,500,0
h10,1729008289816919154,p3,0,0,500,0,0,0,500,0,339,44,117,0,0,0,500,0
h10,1743245726827303525,p1,0,0,500,0,12,59,429,0,391,8,101,0,0,0,500,0
h10,1743245726827303525,p2,0,0,500,0,0,2,498,0,340,16,144,0,0,0,500,0
h10,1743245726827303525,p3,0,0,500,0,0,0,500,0,338,13,149,0,0,0,500,0
h10,1755703797568845287,p1,0,0,500,0,17,51,432,0,367,24,109,0,0,0,500,0
h10,1755703797568845287,p2,0,0,500,0,0,0,500,0,355,46,99,0,0,0,500,0
h10,1755703797568845287,p3,0,0,500,0,0,0,500,0,369,30,101,0,0,0,500,0
h10,1778004071931966452,p1,0,0,500,0,13,45,442,0,376,6,118,0,0,0,500,0
h10,1778004071931966452,p2,0,0,500,0,0,2,498,0,387,14,99,0,0,0,500,0
h10,1778004071931966452,p3,0,0,500,0,0,0,500,0,377,18,105,0,0,0,500,0
h10,1778278019751840967,p1,0,0,500,0,11,48,441,0,362,22,116,0,0,0,500,0
h10,1778278019751840967,p2,0,0,500,0,0,1,499,0,364,36,100,0,0,0,500,0
h10,1778278019751840967,p3,0,0,500,0,0,0,500,0,330,33,137,0,0,0,500,0
h10,1787581137280623868,p1,0,0,500,0,14,68,418,0,368,35,97,0,0,0,500,0
h10,1787581137280623868,p2,0,0,500,0,0,0,500,0,373,51,76,0,0,0,500,0
h10,1787581137280623868,p3,0,0,500,0,0,0,500,0,359,69,72,0,0,0,500,0
h10,1789307750411376887,p1,0,0,500,0,14,63,423,0,364,16,120,0,0,0,500,0
h10,1789307750411376887,p2,0,0,500,0,0,0,500,0,365,15,120,0,0,0,500,0
h10,1789307750411376887,p3,0,0,500,0,0,0,500,0,388,10,102,0,0,0,500,0
h10,1835495332622025351,p1,0,0,500,0,14,50,436,0,376,17,107,0,0,0,500,0
h10,1835495332622025351,p2,0,0,500,0,0,1,499,0,384,10,106,0,0,0,500,0
h10,1835495332622025351,p3,0,0,500,0,0,0,500,0,372,23,105,0,0,0,500,0
h10,1848446807853635934,p1,0,0,500,0,13,56,431,0,367,52,81,0,0,0,500,0
h10,1848446807853635934,p2,0,0,500,0,0,1,499,0,350,83,67,0,0,0,500,0
h10,1848446807853635934,p3,0,0,500,0,0,0,500,0,307,120,73,0,0,0,500,0
h10,188669567936463757,p1,0,0,500,0,15,43,442,0,392,7,101,0,0,0,500,0
h10,188669567936463757,p2,0,0,500,0,0,0,500,0,337,13,150,0,0,0,500,0
h10,188669567936463757,p3,0,0,500,0,0,0,500,0,379,13,108,0,0,0,500,0
h10,1891693020442965712,p1,0,0,500,0,17,42,441,0,376,30,94,0,0,0,500,0
h10,1891693020442965712,p2,0,0,500,0,0,1,499,0,377,41,82,0,0,0,500,0
h10,1891693020442965712,p3,0,0,500,0,0,0,500,0,363,84,53,0,0,0,500,0
h10,18979846889525186,p1,0,0,500,0,7,38,455,0,356,12,132,0,0,0,500,0
h10,18979846889525186,p2,0,0,500,0,0,0,500,0,327,6,167,0,0,0,500,0
h10,18979846889525186,p3,0,0,500,0,0,0,500,0,333,21,146,0,0,0,500,0
h10,1902011476580300920,p1,0,0,500,0,19,47,434,0,356,14,130,0,0,0,500,0
h10,1902011476580300920,p2,0,0,500,0,0,2,498,0,347,18,135,0,0,0,500,0
h10,1902011476580300920,p3,0,0,500,0,0,0,500,0,310,33,157,0,0,0,500,0
h10,1910055771298086959,p1,0,0,500,0,16,55,429,0,369,33,98,0,0,0,500,0
h10,1910055771298086959,p2,0,0,500,0,0,2,498,0,391,38,71,0,0,0,500,0
h10,1910055771298086959,p3,0,0,500,0,0,0,500,0,372,36,92,0,0,0,500,0
h10,1942850984822029135,p1,0,0,500,0,11,42,447,0,371,9,120,0,0,0,500,0
h10,1942850984822029135,p2,0,0,500,0,0,1,499,0,335,16,149,0,0,0,500,0
h10,1942850984822029135,p3,0,0,500,0,0,0,500,0,361,68,71,0,0,0,500,0
h10,1960685429726741693,p1,0,0,500,0,18,69,413,0,383,32,85,0,0,0,500,0
h10,1960685429726741693,p2,0,0,500,0,0,1,499,0,394,39,67,0,0,0,500,0
h10,1960685429726741693,p3,0,0,500,0,0,0,500,0,335,90,75,0,0,0,500,0
h10,1963097838898246514,p1,0,0,500,0,21,55,424,0,375,21,104,0,0,0,500,0
h10,1963097838898246514,p2,0,0,500,0,0,0,500,0,383,34,83,0,0,0,500,0
h10,1963097838898246514,p3,0,0,500,0,0,0,500,0,369,27,104,0,0,0,500,0
h10,1989200961355284090,p1,0,0,500,0,13,49,438,0,389,5,106,0,0,0,500,0
h10,1989200961355284090,p2,0,0,500,0,0,0,500,0,381,7,112,0,0,0,500,0
h10,1989200961355284090,p3,0,0,500,0,0,0,500,0,382,10,108,0,0,0,500,0
h10,2067970342924480294,p1,0,0,500,0,15,45,440,0,374,6,120,0,0,0,500,0
h10,2067970342924480294,p2,0,0,500,0,0,3,497,0,350,30,120,0,0,0,500,0
h10,2067970342924480294,p3,0,0,500,0,0,0,500,0,352,40,108,0,0,0,500,0
h10,2086079987907891091,p1,0,0,500,0,17,45,438,0,364,29,107,0,0,0,500,0
h10,2086079987907891091,p2,0,0,500,0,0,0,500,0,355,43,102,0,0,0,500,0
h10,2086079987907891091,p3,0,0,500,0,0,0,500,0,364,71,65,0,0,0,500,0
h10,2088317823166026460,p1,0,0,500,0,6,47,447,0,326,31,143,0,0,0,500,0
h10,2088317823166026460,p2,0,0,500,0,1,1,498,0,374,11,115,0,0,0,500,0
h10,2088317823166026460,p3,0,0,500,0,0,0,500,0,382,8,110,0,0,0,500,0
h10,2120015333636602866,p1,0,0,500,0,19,55,426,0,366,6,128,0,0,0,500,0
h10,2120015333636602866,p2,0,0,500,0,0,0,500,0,378,9,113,0,0,0,500,0
h10,2120015333636602866,p3,0,0,500,0,0,0,500,0,367,12,121,0,0,0,500,0
h10,213435615966778079,p1,0,0,500,0,15,50,435,0,369,22,109,0,0,0,500,0
h10,213435615966778079,p2,0,0,500,0,0,0,500,0,328,98,74,0,0,0,500,0
h10,213435615966778079,p3,0,0,500,0,0,0,500,0,365,55,80,0,0,0,500,0
h10,214858307029431604,p1,0,0,500,0,15,60,425,0,375,7,118,0,0,0,500,0
h10,214858307029431604,p2,0,0,500,0,0,1,499,0,367,6,127,0,0,0,500,0
h10,214858307029431604,p3,0,0,500,0,0,0,500,0,348,6,146,0,0,0,500,0
h10,2157168057173588686,p1,0,0,500,0,18,47,435,0,369,12,119,0,0,0,500,0
h10,2157168057173588686,p2,0,0,500,0,0,2,498,0,351,29,120,0,0,0,500,0
h10,2157168057173588686,p3,0,0,500,0,0,0,500,0,368,21,111,0,0,0,500,0
h10,2170046573815725772,p1,0,0,500,0,17,53,430,0,368,42,90,0,0,0,500,0
h10,2170046573815725772,p2,0,0,500,0,0,0,500,0,317,52,131,0,0,0,500,0
h10,2170046573815725772,p3,0,0,500,0,0,0,500,0,297,33,170,0,0,0,500,0
h10,2180760889923183150,p1,0,0,500,0,15,57,428,0,359,34,107,0,0,0,500,0
h10,2180760889923183150,p2,0,0,500,0,0,0,500,0,340,81,79,0,0,0,500,0
h10,2180760889923183150,p3,0,0,500,0,0,0,500,0,350,62,88,0,0,0,500,0
h10,2205178927185015817,p1,0,0,500,0,19,48,433,0,357,11,132,0,0,0,500,0
h10,2205178927185015817,p2,0,0,500,0,0,1,499,0,402,4,94,0,0,0,500,0
h10,2205178927185015817,p3,0,0,500,0,0,0,500,0,339,4,157,0,0,0,500,0
h10,2245925325132679270,p1,0,0,500,0,19,48,433,0,365,13,122,0,0,0,500,0
h10,2245925325132679270,p2,0,0,500,0,0,1,499,0,351,15,134,0,0,0,500,0
h10,2245925325132679270,p3,0,0,500,0,0,1,499,0,361,12,127,0,0,0,500,0
h10,2281994803326665267,p1,0,0,500,0,21,37,442,0,365,12,123,0,0,0,500,0
h10,2281994803326665267,p2,0,0,500,0,0,0,500,0,259,10,231,0,0,0,500,0
h10,2281994803326665267,p3,0,0,500,0,0,1,499,0,385,9,106,0,0,0,500,0
h10,2287414817159536582,p1,0,0,500,0,18,49,433,0,400,10,90,0,0,0,500,0
h10,2287414817159536582,p2,0,0,500,0,0,0,500,0,376,11,113,0,0,0,500,0
h10,2287414817159536582,p3,0,0,500,0,0,0,500,0,370,9,121,0,0,0,500,0
h10,2296001920092644526,p1,0,0,500,0,16,37,447,0,362,28,110,0,0,0,500,0
h10,2296001920092644526,p2,0,0,500,0,0,0,500,0,350,42,108,0,0,0,500,0
h10,2296001920092644526,p3,0,0,500,0,0,0,500,0,328,64,108,0,0,0,500,0
h10,2297310092502383377,p1,0,0,500,0,12,55,433,0,377,22,101,0,0,0,500,0
h10,2297310092502383377,p2,0,0,500,0,0,3,497,0,383,12,105,0,0,0,500,0
h10,2297310092502383377,p3,0,0,500,0,0,0,500,0,377,12,111,0,0,0,500,0
h10,2299066120733924076,p1,0,0,500,0,17,53,430,0,373,22,105,0,0,0,500,0
h10,2299066120733924076,p2,0,0,500,0,0,1,499,0,383,49,68,0,0,0,500,0
h10,2299066120733924076,p3,0,0,500,0,0,0,500,0,361,56,83,0,0,0,500,0
h10,2311964674000974674,p1,0,0,500,0,10,60,430,0,352,21,127,0,0,0,500,0
h10,2311964674000974674,p2,0,0,500,0,0,4,496,0,351,11,138,0,0,0,500,0
h10,2311964674000974674,p3,0,0,500,0,0,0,500,0,348,34,118,0,0,0,500,0
h10,2329007392430375664,p1,0,0,500,0,15,53,432,0,372,29,99,0,0,0,500,0
h10,2329007392430375664,p2,0,0,500,0,0,1,499,0,377,48,75,0,0,0,500,0
h10,2329007392430375664,p3,0,0,500,0,0,0,500,0,289,95,116,0,0,0,500,0
h10,234921801251453869,p1,0,0,500,0,21,51,428,0,360,48,92,0,0,0,500,0
h10,234921801251453869,p2,0,0,500,0,0,1,499,0,341,93,66,0,0,0,500,0
h10,234921801251453869,p3,0,0,500,0,0,0,500,0,355,64,81,0,0,0,500,0
h10,2354544519747105301,p1,0,0,500,0,14,60,426,0,351,40,109,0,0,0,500,0
h10,2354544519747105301,p2,0,0,500,0,0,1,499,0,346,88,66,0,0,0,500,0
h10,2354544519747105301,p3,0,0,500,0,0,1,499,0,339,85,76,0,0,0,500,0
h10,2357356116961837130,p1,0,0,500,0,24,52,424,0,369,11,120,0,0,0,500,0
h10,2357356116961837130,p2,0,0,500,0,0,1,499,0,372,31,97,0,0,0,500,0
h10,2357356116961837130,p3,0,0,500,0,0,0,500,0,377,25,98,0,0,0,500,0
h10,2374712119957615693,p1,0,0,500,0,19,60,421,0,371,11,118,0,0,0,500,0
h10,2374712119957615693,p2,0,0,500,0,0,2,498,0,365,4,131,0,0,0,500,0
h10,2374712119957615693,p3,0,0,500,0,0,0,500,0,380,9,111,0,0,0,500,0
h10,2378223484633022671,p1,0,0,500,0,9,49,442,0,380,10,110,0,0,0,500,0
h10,2378223484633022671,p2,0,0,500,0,0,1,499,0,362,10,128,0,0,0,500,0
h10,2378223484633022671,p3,0,0,500,0,0,0,500,0,353,9,138,0,0,0,500,0
h10,2405974824152589709,p1,0,0,500,0,15,46,439,0,367,33,100,0,0,0,500,0
h10,2405974824152589709,p2,0,0,500,0,1,1,498,0,374,36,90,0,0,0,500,0
h10,2405974824152589709,p3,0,0,500,0,0,0,500,0,394,45,61,0,0,0,500,0
h10,2408888981758523933,p1,0,0,500,0,8,42,450,0,366,6,128,0,0,0,500,0
h10,2408888981758523933,p2,0,0,500,0,0,1,499,0,363,16,121,0,0,0,500,0
h10,2408888981758523933,p3,0,0,500,0,0,0,500,0,374,7,119,0,0,0,500,0
h10,2411177555993782872,p1,0,0,500,0,9,63,428,0,383,8,109,0,0,0,500,0
h10,2411177555993782872,p2,0,0,500,0,0,0,500,0,374,16,110,0,0,0,500,0
h10,2411177555993782872,p3,0,0,500,0,0,0,500,0,349,82,69,0,0,0,500,0
h10,2442927368246943371,p1,0,0,500,0,13,49,438,0,372,32,96,0,0,0,500,0
h10,2442927368246943371,p2,0,0,500,0,0,0,500,0,342,87,71,0,0,0,500,0
h10,2442927368246943371,p3,0,0,500,0,0,0,500,0,337,71,92,0,0,0,500,0
h10,2470422899851277686,p1,0,0,500,0,11,45,444,0,350,15,135,0,0,0,500,0
h10,2470422899851277686,p2,0,0,500,0,0,0,500,0,356,17,127,0,0,0,500,0
h10,2470422899851277686,p3,0,0,500,0,0,0,500,0,387,3,110,0,0,0,500,0
h10,2480779890822572341,p1,0,0,500,0,15,61,424,0,372,38,90,0,0,0,500,0
h10,2480779890822572341,p2,0,0,500,0,0,0,500,0,396,41,63,0,0,0,500,0
h10,2480779890822572341,p3,0,0,500,0,0,0,500,0,355,76,69,0,0,0,500,0
h10,2483178009446175964,p1,0,0,500,0,22,49,429,0,379,9,112,0,0,0,500,0
h10,2483178009446175964,p2,0,0,500,0,0,0,500,0,353,14,133,0,0,0,500,0
h10,2483178009446175964,p3,0,0,500,0,0,0,500,0,365,16,119,0,0,0,500,0
h10,2488402134754094352,p1,0,0,500,0,7,51,442,0,383,4,113,0,0,0,500,0
h10,2488402134754094352,p2,0,0,500,0,0,1,499,0,346,25,129,0,0,0,500,0
h10,2488402134754094352,p3,0,0,500,0,0,0,500,0,368,11,121,0,0,0,500,0
h10,2515545305029161790,p1,0,0,500,0,10,47,443,0,356,48,96,0,0,0,500,0
h10,2515545305029161790,p2,0,0,500,0,0,2,498,0,355,77,68,0,0,0,500,0
h10,2515545305029161790,p3,0,0,500,0,0,0,500,0,308,118,74,0,0,0,500,0
h10,2530554541687735636,p1,0,0,500,0,8,63,429,0,353,19,128,0,0,0,500,0
h10,2530554541687735636,p2,0,0,500,0,0,3,497,0,333,65,102,0,0,0,500,0
h10,2530554541687735636,p3,0,0,500,0,0,0,500,0,343,51,106,0,0,0,500,0
h10,2542975459646688792,p1,0,0,500,0,10,47,443,0,381,4,115,0,0,0,500,0
h10,2542975459646688792,p2,0,0,500,0,0,1,499,0,391,28,81,0,0,0,500,0
h10,2542975459646688792,p3,0,0,500,0,0,0,500,0,273,27,200,0,0,0,500,0
h10,2543418921934646807,p1,0,0,500,0,17,31,452,0,360,40,100,0,0,0,500,0
h10,2543418921934646807,p2,0,0,500,0,0,0,500,0,355,78,67,0,0,0,500,0
h10,2543418921934646807,p3,0,0,500,0,0,0,500,0,302,113,85,0,0,0,500,0
h10,2545628064653092717,p1,0,0,500,0,12,36,452,0,380,12,108,0,0,0,500,0
h10,2545628064653092717,p2,0,0,500,0,0,1,499,0,343,77,80,0,0,0,500,0
h10,2545628064653092717,p3,0,0,500,0,0,0,500,0,373,14,113,0,0,0,500,0
h10,2587277278725201249,p1,0,0,500,0,18,49,433,0,387,14,99,0,0,0,500,0
h10,2587277278725201249,p2,0,0,500,0,0,0,500,0,391,7,102,0,0,0,500,0
h10,2587277278725201249,p3,0,0,500,0,0,1,499,0,373,24,103,0,0,0,500,0
h10,2589666695797247849,p1,0,0,500,0,14,39,447,0,369,15,116,0,0,0,500,0
h10,2589666695797247849,p2,0,0,500,0,0,4,496,0,382,17,101,0,0,0,500,0
h10,2589666695797247849,p3,0,0,500,0,0,0,500,0,369,29,102,0,0,0,500,0
h10,2592575050671657058,p1,0,0,500,0,20,49,431,0,388,11,101,0,0,0,500,0
h10,2592575050671657058,p2,0,0,500,0,0,3,497,0,371,11,118,0,0,0,500,0
h10,2592575050671657058,p3,0,0,500,0,1,0,499,0,378,5,117,0,0,0,500,0
h10,2608944351480602300,p1,0,0,500,0,8,46,446,0,357,18,125,0,0,0,500,0
h10,2608944351480602300,p2,0,0,500,0,0,1,499,0,336,21,143,0,0,0,500,0
h10,2608944351480602300,p3,0,0,500,0,0,0,500,0,318,16,166,0,0,0,500,0
h10,2615303255337001889,p1,0,0,500,0,13,51,436,0,368,21,111,0,0,0,500,0
h10,2615303255337001889,p2,0,0,500,0,0,0,500,0,358,10,132,0,0,0,500,0
h10,2615303255337001889,p3,0,0,500,0,0,0,500,0,336,21,143,0,0,0,500,0
h10,2627987376296409316,p1,0,0,500,0,11,51,438,0,382,9,109,0,0,0,500,0
h10,2627987376296409316,p2,0,0,500,0,0,1,499,0,367,8,125,0,0,0,500,0
h10,2627987376296409316,p3,0,0,500,0,0,1,499,0,347,6,147,0,0,0,500,0
h10,2634635786269550136,p1,0,0,500,0,14,74,412,0,374,40,86,0,0,0,500,0
h10,2634635786269550136,p2,0,0,500,0,0,0,500,0,373,60,67,0,0,0,500,0
h10,2634635786269550136,p3,0,0,500,0,0,0,500,0,341,83,76,0,0,0,500,0
h10,2640645837997350044,p1,0,0,500,0,17,44,439,0,343,18,139,0,0,0,500,0
h10,2640645837997350044,p2,0,0,500,0,0,0,500,0,353,32,115,0,0,0,500,0
h10,2640645837997350044,p3,0,0,500,0,0,0,500,0,374,20,106,0,0,0,500,0
h10,26572078936003951,p1,0,0,500,0,18,53,429,0,363,13,124,0,0,0,500,0
h10,26572078936003951,p2,0,0,500,0,0,2,498,0,328,24,148,0,0,0,500,0
h10,26572078936003951,p3,0,0,500,0,0,1,499,0,368,7,125,0,0,0,500,0
h10,2673334396525110524,p1,0,0,500,0,18,49,433,0,374,17,109,0,0,0,500,0
h10,2673334396525110524,p2,0,0,500,0,0,1,499,0,355,6,139,0,0,0,500,0
h10,2673334396525110524,p3,0,0,500,0,0,0,500,0,376,6,118,0,0,0,500,0
h10,2678601504428787096,p1,0,0,500,0,17,65,418,0,377,27,96,0,0,0,500,0
h10,2678601504428787096,p2,0,0,500,0,1,3,496,0,366,63,71,0,0,0,500,0
h10,2678601504428787096,p3,0,0,500,0,0,0,500,0,312,119,69,0,0,0,500,0
h10,2680246031557722019,p1,0,0,500,0,15,56,429,0,349,44,107,0,0,0,500,0
h10,2680246031557722019,p2,0,0,500,0,0,0,500,0,329,109,62,0,0,0,500,0
h10,2680246031557722019,p3,0,0,500,0,0,0,500,0,377,53,70,0,0,0,500,0
h10,2683736121873444619,p1,0,0,500,0,10,50,440,0,366,26,108,0,0,0,500,0
h10,2683736121873444619,p2,0,0,500,0,0,2,498,0,335,30,135,0,0,0,500,0
h10,2683736121873444619,p3,0,0,500,0,0,1,499,0,337,39,124,0,0,0,500,0
h10,2683925884209795121,p1,0,0,500,0,14,49,437,0,376,15,109,0,0,0,500,0
h10,2683925884209795121,p2,0,0,500,0,0,0,500,0,328,41,131,0,0,0,500,0
h10,2683925884209795121,p3,0,0,500,0,0,0,500,0,377,7,116,0,0,0,500,0
h10,2692003651916499146,p1,0,0,500,0,11,57,432,0,381,13,106,0,0,0,500,0
h10,2692003651916499146,p2,0,0,500,0,0,1,499,0,300,22,178,0,0,0,500,0
h10,2692003651916499146,p3,0,0,500,0,0,0,500,0,323,9,168,0,0,0,500,0
h10,2693217448839198223,p1,0,0,500,0,9,54,437,0,364,43,93,0,0,0,500,0
h10,2693217448839198223,p2,0,0,500,0,0,0,500,0,393,39,68,0,0,0,500,0
h10,2693217448839198223,p3,0,0,500,0,0,0,500,0,337,88,75,0,0,0,500,0
h10,2700233424834892782,p1,0,0,500,0,11,46,443,0,374,30,96,0,0,0,500,0
h10,2700233424834892782,p2,0,0,500,0,0,0,500,0,328,55,117,0,0,0,500,0
h10,2700233424834892782,p3,0,0,500,0,0,0,500,0,304,47,149,0,0,0,500,0
h10,2701110544888040191,p1,0,0,500,0,17,43,440,0,378,6,116,0,0,0,500,0
h10,2701110544888040191,p2,0,0,500,0,0,0,500,0,388,16,96,0,0,0,500,0
h10,2701110544888040191,p3,0,0,500,0,0,0,500,0,374,6,120,0,0,0,500,0
h10,2719693331215119480,p1,0,0,500,0,12,62,426,0,373,39,88,0,0,0,500,0
h10,2719693331215119480,p2,0,0,500,0,0,2,498,0,398,41,61,0,0,0,500,0
h10,2719693331215119480,p3,0,0,500,0,0,0,500,0,351,75,74,0,0,0,500,0
h10,2724964245490892322,p1,0,0,500,0,15,52,433,0,371,10,119,0,0,0,500,0
h10,2724964245490892322,p2,0,0,500,0,0,1,499,0,380,9,111,0,0,0,500,0
h10,2724964245490892322,p3,0,0,500,0,0,0,500,0,374,21,105,0,0,0,500,0
h10,2733825921183942051,p1,0,0,500,0,14,58,428,0,363,16,121,0,0,0,500,0
h10,2733825921183942051,p2,0,0,500,0,0,2,498,0,353,27,120,0,0,0,500,0
h10,2733825921183942051,p3,0,0,500,0,0,0,500,0,335,15,150,0,0,0,500,0
h10,2741311680829526052,p1,0,0,500,0,14,46,440,0,368,27,105,0,0,0,500,0
h10,2741311680829526052,p2,0,0,500,0,0,0,500,0,404,3,93,0,0,0,500,0
h10,2741311680829526052,p3,0,0,500,0,0,0,500,0,374,27,99,0,0,0,500,0
h10,2778977508188489553,p1,0,0,500,0,11,43,446,0,367,12,121,0,0,0,500,0
h10,2778977508188489553,p2,0,0,500,0,0,1,499,0,316,4,180,0,0,0,500,0
h10,2778977508188489553,p3,0,0,500,0,0,1,499,0,282,7,211,0,0,0,500,0
h10,282000006729790948,p1,0,0,500,0,22,48,430,0,347,11,142,0,0,0,500,0
h10,282000006729790948,p2,0,0,500,0,0,2,498,0,329,20,151,0,0,0,500,0
h10,282000006729790948,p3,0,0,500,0,0,0,500,0,346,5,149,0,0,0,500,0
h10,2876466854622737300,p1,0,0,500,0,18,52,430,0,385,13,102,0,0,0,500,0
h10,2876466854622737300,p2,0,0,500,0,0,1,499,0,335,12,153,0,0,0,500,0
h10,2876466854622737300,p3,0,0,500,0,0,0,500,0,301,4,195,0,0,0,500,0
h10,2882196157522119301,p1,0,0,500,0,14,54,432,0,357,33,110,0,0,0,500,0
h10,2882196157522119301,p2,0,0,500,0,0,0,500,0,392,18,90,0,0,0,500,0
h10,2882196157522119301,p3,0,0,500,0,0,0,500,0,384,50,66,0,0,0,500,0
h10,2918504161726419167,p1,0,0,500,0,19,52,429,0,378,25,97,0,0,0,500,0
h10,2918504161726419167,p2,0,0,500,0,0,0,500,0,327,47,126,0,0,0,500,0
h10,2918504161726419167,p3,0,0,500,0,0,0,500,0,327,56,117,0,0,0,500,0
h10,293327602814131482,p1,0,0,500,0,12,45,443,0,379,7,114,0,0,0,500,0
h10,293327602814131482,p2,0,0,500,0,0,0,500,0,368,23,109,0,0,0,500,0
h10,293327602814131482,p3,0,0,500,0,0,0,500,0,410,10,80,0,0,0,500,0
h10,2933850206923310489,p1,0,0,500,0,16,50,434,0,375,43,82,0,0,0,500,0
h10,2933850206923310489,p2,0,0,500,0,0,2,498,0,341,94,65,0,0,0,500,0
h10,2933850206923310489,p3,0,0,500,0,0,0,500,0,299,128,73,0,0,0,500,0
h10,2948163112851511947,p1,0,0,500,0,10,44,446,0,376,21,103,0,0,0,500,0
h10,2948163112851511947,p2,0,0,500,0,0,1,499,0,362,19,119,0,0,0,500,0
h10,2948163112851511947,p3,0,0,500,0,0,0,500,0,374,21,105,0,0,0,500,0
h10,2964995880732550197,p1,0,0,500,0,16,44,440,0,377,31,92,0,0,0,500,0
h10,2964995880732550197,p2,0,0,500,0,0,2,498,0,334,101,65,0,0,0,500,0
h10,2964995880732550197,p3,0,0,500,0,0,1,499,0,353,82,65,0,0,0,500,0
h10,2981467198318407553,p1,0,0,500,0,16,52,432,0,374,16,110,0,0,0,500,0
h10,2981467198318407553,p2,0,0,500,0,0,0,500,0,314,55,131,0,0,0,500,0
h10,2981467198318407553,p3,0,0,500,0,0,0,500,0,315,70,115,0,0,0,500,0
h10,2993820833564648610,p1,0,0,500,0,17,64,419,0,377,29,94,0,0,0,500,0
h10,2993820833564648610,p2,0,0,500,0,0,3,497,0,348,66,86,0,0,0,500,0
h10,2993820833564648610,p3,0,0,500,0,0,0,500,0,357,52,91,0,0,0,500,0
h10,3015445553629977739,p1,0,0,500,0,11,50,439,0,372,8,120,0,0,0,500,0
h10,3015445553629977739,p2,0,0,500,0,0,3,497,0,375,12,113,0,0,0,500,0
h10,3015445553629977739,p3,0,0,500,0,0,0,500,0,334,10,156,0,0,0,500,0
h10,3022082044499067502,p1,0,0,500,0,22,44,434,0,367,38,95,0,0,0,500,0
h10,3022082044499067502,p2,0,0,500,0,0,0,500,0,373,37,90,0,0,0,500,0
h10,3022082044499067502,p3,0,0,500,0,0,0,500,0,344,64,92,0,0,0,500,0
h10,3036786816992325347,p1,0,0,500,0,19,42,439,0,391,9,100,0,0,0,500,0
h10,3036786816992325347,p2,0,0,500,0,0,1,499,0,388,7,105,0,0,0,500,0
h10,3036786816992325347,p3,0,0,500,0,0,0,500,0,375,9,116,0,0,0,500,0
h10,30421535319184460,p1,0,0,500,0,12,59,429,0,369,42,89,0,0,0,500,0
h10,30421535319184460,p2,0,0,500,0,0,3,497,0,305,128,67,0,0,0,500,0
h10,30421535319184460,p3,0,0,500,0,0,0,500,0,337,92,71,0,0,0,500,0
h10,30426964758616093,p1,0,0,500,0,12,45,443,0,384,8,108,0,0,0,500,0
h10,30426964758616093,p2,0,0,500,0,0,1,499,0,372,7,121,0,0,0,500,0
h10,30426964758616093,p3,0,0,500,0,0,0,500,0,298,5,197,0,0,0,500,0
h10,3051763574395870744,p1,0,0,500,0,15,57,428,0,358,14,128,0,0,0,500,0
h10,3051763574395870744,p2,0,0,500,0,0,1,499,0,344,8,148,0,0,0,500,0
h10,3051763574395870744,p3,0,0,500,0,0,0,500,0,333,6,161,0,0,0,500,0
h10,3080594008690481032,p1,0,0,500,0,18,53,429,0,375,7,118,0,0,0,500,0
h10,3080594008690481032,p2,0,0,500,0,0,1,499,0,405,6,89,0,0,0,500,0
h10,3080594008690481032,p3,0,0,500,0,0,0,500,0,354,11,135,0,0,0,500,0
h10,3110634309294556210,p1,0,0,500,0,19,47,434,0,369,9,122,0,0,0,500,0
h10,3110634309294556210,p2,0,0,500,0,0,2,498,0,337,3,160,0,0,0,500,0
h10,3110634309294556210,p3,0,0,500,0,0,0,500,0,398,5,97,0,0,0,500,0
h10,3144453090301631355,p1,0,0,500,0,17,55,428,0,359,9,132,0,0,0,500,0
h10,3144453090301631355,p2,0,0,500,0,0,0,500,0,392,7,101,0,0,0,500,0
h10,3144453090301631355,p3,0,0,500,0,0,1,499,0,376,11,113,0,0,0,500,0
h10,314990335271014427,p1,0,0,500,0,17,45,438,0,370,26,104,0,0,0,500,0
h10,314990335271014427,p2,0,0,500,0,0,0,500,0,365,32,103,0,0,0,500,0
h10,314990335271014427,p3,0,0,500,0,0,0,500,0,314,63,123,0,0,0,500,0
h10,3177396057719697434,p1,0,0,500,0,12,52,436,0,389,7,104,0,0,0,500,0
h10,3177396057719697434,p2,0,0,500,0,0,2,498,0,340,14,146,0,0,0,500,0
h10,3177396057719697434,p3,0,0,500,0,0,0,500,0,288,36,176,0,0,0,500,0
h10,3194283932650524706,p1,0,0,500,0,11,47,442,0,382,12,106,0,0,0,500,0
h10,3194283932650524706,p2,0,0,500,0,0,0,500,0,378,6,116,0,0,0,500,0
h10,3194283932650524706,p3,0,0,500,0,0,0,500,0,362,7,131,0,0,0,500,0
h10,3213470343179578591,p1,0,0,500,0,16,55,429,0,376,12,112,0,0,0,500,0
h10,3213470343179578591,p2,0,0,500,0,0,1,499,0,360,13,127,0,0,0,500,0
h10,3213470343179578591,p3,0,0,500,0,0,0,500,0,359,5,136,0,0,0,500,0
h10,3227493857604512410,p1,0,0,500,0,12,36,452,0,381,13,106,0,0,0,500,0
h10,3227493857604512410,p2,0,0,500,0,0,1,499,0,350,15,135,0,0,0,500,0
h10,3227493857604512410,p3,0,0,500,0,0,0,500,0,307,21,172,0,0,0,500,0
h10,3231053329382936729,p1,0,0,500,0,11,50,439,0,378,27,95,0,0,0,500,0
h10,3231053329382936729,p2,0,0,500,0,0,0,500,0,343,82,75,0,0,0,500,0
h10,3231053329382936729,p3,0,0,500,0,0,0,500,0,349,80,71,0,0,0,500,0
h10,3233926439603110354,p1,0,0,500,0,11,57,432,0,374,11,115,0,0,0,500,0
h10,3233926439603110354,p2,0,0,500,0,0,0,500,0,359,24,117,0,0,0,500,0
h10,3233926439603110354,p3,0,0,500,0,0,0,500,0,325,15,160,0,0,0,500,0
h10,3247278440354634060,p1,0,0,500,0,16,57,427,0,363,13,124,0,0,0,500,0
h10,3247278440354634060,p2,0,0,500,0,0,0,500,0,351,6,143,0,0,0,500,0
h10,3247278440354634060,p3,0,0,500,0,0,0,500,0,310,14,176,0,0,0,500,0
h10,3259279647590401931,p1,0,0,500,0,15,38,447,0,385,8,107,0,0,0,500,0
h10,3259279647590401931,p2,0,0,500,0,0,0,500,0,370,26,104,0,0,0,500,0
h10,3259279647590401931,p3,0,0,500,0,0,0,500,0,323,53,124,0,0,0,500,0
h10,3302071645020837928,p1,0,0,500,0,12,46,442,0,352,25,123,0,0,0,500,0
h10,3302071645020837928,p2,0,0,500,0,0,2,498,0,335,54,111,0,0,0,500,0
h10,3302071645020837928,p3,0,0,500,0,0,0,500,0,396,16,88,0,0,0,500,0
h10,3328402514371753017,p1,0,0,500,0,13,49,438,0,376,32,92,0,0,0,500,0
h10,3328402514371753017,p2,0,0,500,0,2,1,497,0,350,42,108,0,0,0,500,0
h10,3328402514371753017,p3,0,0,500,0,0,0,500,0,336,38,126,0,0,0,500,0
h10,340979323962834709,p1,0,0,500,0,17,51,432,0,384,10,106,0,0,0,500,0
h10,340979323962834709,p2,0,0,500,0,0,0,500,0,374,21,105,0,0,0,500,0
h10,340979323962834709,p3,0,0,500,0,0,0,500,0,374,6,120,0,0,0,500,0
h10,342566792181413855,p1,0,0,500,0,12,60,428,0,352,32,116,0,0,0,500,0
h10,342566792181413855,p2,0,0,500,0,0,1,499,0,380,5,115,0,0,0,500,0
h10,342566792181413855,p3,0,0,500,0,0,0,500,0,301,6,193,0,0,0,500,0
h10,3442639218023726317,p1,0,0,500,0,17,44,439,0,393,27,80,0,0,0,500,0
h10,3442639218023726317,p2,0,0,500,0,0,0,500,0,357,33,110,0,0,0,500,0
h10,3442639218023726317,p3,0,0,500,0,0,1,499,0,378,50,72,0,0,0,500,0
h10,345072202720539208,p1,0,0,500,0,12,60,428,0,373,10,117,0,0,0,500,0
h10,345072202720539208,p2,0,0,500,0,0,1,499,0,372,20,108,0,0,0,500,0
h10,345072202720539208,p3,0,0,500,0,0,0,500,0,352,20,128,0,0,0,500,0
h10,345290825526112128,p1,0,0,500,0,15,49,436,0,386,12,102,0,0,0,500,0
h10,345290825526112128,p2,0,0,500,0,1,1,498,0,353,12,135,0,0,0,500,0
h10,345290825526112128,p3,0,0,500,0,0,0,500,0,391,14,95,0,0,0,500,0
h10,3478593587835989243,p1,0,0,500,0,18,57,425,0,368,11,121,0,0,0,500,0
h10,3478593587835989243,p2,0,0,500,0,0,1,499,0,363,10,127,0,0,0,500,0
h10,3478593587835989243,p3,0,0,500,0,0,0,500,0,374,8,118,0,0,0,500,0
h10,3492466372648127952,p1,0,0,500,0,24,37,439,0,368,10,122,0,0,0,500,0
h10,3492466372648127952,p2,0,0,500,0,0,1,499,0,379,21,100,0,0,0,500,0
h10,3492466372648127952,p3,0,0,500,0,0,0,500,0,394,11,95,0,0,0,500,0
h10,3510427881162541047,p1,0,0,500,0,10,40,450,0,393,8,99,0,0,0,500,0
h10,3510427881162541047,p2,0,0,500,0,0,1,499,0,347,15,138,0,0,0,500,0
h10,3510427881162541047,p3,0,0,500,0,0,0,500,0,357,9,134,0,0,0,500,0
h10,3515310703773236102,p1,0,0,500,0,14,54,432,0,369,21,110,0,0,0,500,0
h10,3515310703773236102,p2,0,0,500,0,0,2,498,0,381,11,108,0,0,0,500,0
h10,3515310703773236102,p3,0,0,500,0,0,0,500,0,346,17,137,0,0,0,500,0
h10,3525202916451603638,p1,0,0,500,0,14,54,432,0,393,13,94,0,0,0,500,0
h10,3525202916451603638,p2,0,0,500,0,0,0,500,0,382,19,99,0,0,0,500,0
h10,3525202916451603638,p3,0,0,500,0,0,0,500,0,308,30,162,0,0,0,500,0
h10,3535825091353232225,p1,0,0,500,0,18,56,426,0,380,14,106,0,0,0,500,0
h10,3535825091353232225,p2,0,0,500,0,0,0,500,0,361,16,123,0,0,0,500,0
h10,3535825091353232225,p3,0,0,500,0,0,0,500,0,366,15,119,0,0,0,500,0
h10,3549830803760933217,p1,0,0,500,0,13,47,440,0,381,11,108,0,0,0,500,0
h10,3549830803760933217,p2,0,0,500,0,0,2,498,0,351,10,139,0,0,0,500,0
h10,3549830803760933217,p3,0,0,500,0,0,0,500,0,333,62,105,0,0,0,500,0
h10,3570967265604779907,p1,0,0,500,0,16,57,427,0,356,25,119,0,0,0,500,0
h10,3570967265604779907,p2,0,0,500,0,0,1,499,0,357,14,129,0,0,0,500,0
h10,3570967265604779907,p3,0,0,500,0,0,0,500,0,357,28,115,0,0,0,500,0
h10,359694017906808707,p1,0,0,500,0,14,57,429,0,369,13,118,0,0,0,500,0
h10,359694017906808707,p2,0,0,500,0,0,2,498,0,350,9,141,0,0,0,500,0
h10,359694017906808707,p3,0,0,500,0,0,0,500,0,338,22,140,0,0,0,500,0
h10,3597153204059771281,p1,0,0,500,0,13,58,429,0,365,8,127,0,0,0,500,0
h10,3597153204059771281,p2,0,0,500,0,0,0,500,0,356,9,135,0,0,0,500,0
h10,3597153204059771281,p3,0,0,500,0,0,0,500,0,350,17,133,0,0,0,500,0
h10,3604425597620500274,p1,0,0,500,0,12,57,431,0,372,11,117,0,0,0,500,0
h10,3604425597620500274,p2,0,0,500,0,0,0,500,0,302,99,99,0,0,0,500,0
h10,3604425597620500274,p3,0,0,500,0,0,0,500,0,313,51,136,0,0,0,500,0
h10,3607617081739144586,p1,0,0,500,0,16,45,439,0,365,24,111,0,0,0,500,0
h10,3607617081739144586,p2,0,0,500,0,0,0,500,0,347,65,88,0,0,0,500,0
h10,3607617081739144586,p3,0,0,500,0,0,0,500,0,380,13,107,0,0,0,500,0
h10,3616519850239724504,p1,0,0,500,0,18,56,426,0,360,15,125,0,0,0,500,0
h10,3616519850239724504,p2,0,0,500,0,0,0,500,0,370,23,107,0,0,0,500,0
h10,3616519850239724504,p3,0,0,500,0,0,0,500,0,381,11,108,0,0,0,500,0
h10,362852213953116869,p1,0,0,500,0,16,47,437,0,376,9,115,0,0,0,500,0
h10,362852213953116869,p2,0,0,500,0,0,1,499,0,332,11,157,0,0,0,500,0
h10,362852213953116869,p3,0,0,500,0,0,0,500,0,349,10,141,0,0,0,500,0
h10,363126182234890510,p1,0,0,500,0,19,47,434,0,353,18,129,0,0,0,500,0
h10,363126182234890510,p2,0,0,500,0,0,1,499,0,341,69,90,0,0,0,500,0
h10,363126182234890510,p3,0,0,500,0,0,0,500,0,306,43,151,0,0,0,500,0
h10,3652918838938183809,p1,0,0,500,0,14,45,441,0,376,5,119,0,0,0,500,0
h10,3652918838938183809,p2,0,0,500,0,0,1,499,0,385,12,103,0,0,0,500,0
h10,3652918838938183809,p3,0,0,500,0,0,0,500,0,392,11,97,0,0,0,500,0
h10,3665964007175483442,p1,0,0,500,0,9,49,442,0,388,23,89,0,0,0,500,0
h10,3665964007175483442,p2,0,0,500,0,0,2,498,0,362,68,70,0,0,0,500,0
h10,3665964007175483442,p3,0,0,500,0,0,0,500,0,349,56,95,0,0,0,500,0
h10,3694111826312185667,p1,0,0,500,0,17,50,433,0,368,29,103,0,0,0,500,0
h10,3694111826312185667,p2,0,0,500,0,0,2,498,0,328,72,100,0,0,0,500,0
h10,3694111826312185667,p3,0,0,500,0,0,0,500,0,386,12,102,0,0,0,500,0
h10,370979875412372043,p1,0,0,500,0,16,42,442,0,387,11,102,0,0,0,500,0
h10,370979875412372043,p2,0,0,500,0,0,1,499,0,293,10,197,0,0,0,500,0
h10,370979875412372043,p3,0,0,500,0,0,0,500,0,384,9,107,0,0,0,500,0
h10,3743949025601524074,p1,0,0,500,0,18,52,430,0,363,13,124,0,0,0,500,0
h10,3743949025601524074,p2,0,0,500,0,0,0,500,0,305,46,149,0,0,0,500,0
h10,3743949025601524074,p3,0,0,500,0,0,1,499,0,335,32,133,0,0,0,500,0
h10,3762068953909526468,p1,0,0,500,0,11,58,431,0,391,29,80,0,0,0,500,0
h10,3762068953909526468,p2,0,0,500,0,0,0,500,0,378,41,81,0,0,0,500,0
h10,3762068953909526468,p3,0,0,500,0,0,0,500,0,381,42,77,0,0,0,500,0
h10,3767282456917893649,p1,0,0,500,0,14,61,425,0,387,11,102,0,0,0,500,0
h10,3767282456917893649,p2,0,0,500,0,0,1,499,0,380,7,113,0,0,0,500,0
h10,3767282456917893649,p3,0,0,500,0,0,0,500,0,378,12,110,0,0,0,500,0
h10,3773869745490374435,p1,0,0,500,0,8,48,444,0,380,13,107,0,0,0,500,0
h10,3773869745490374435,p2,0,0,500,0,0,0,500,0,381,9,110,0,0,0,500,0
h10,3773869745490374435,p3,0,0,500,0,0,1,499,0,383,8,109,0,0,0,500,0
h10,3792675460443327982,p1,0,0,500,0,8,51,441,0,373,25,102,0,0,0,500,0
h10,3792675460443327982,p2,0,0,500,0,0,1,499,0,358,57,85,0,0,0,500,0
h10,3792675460443327982,p3,0,0,500,0,0,0,500,0,370,53,77,0,0,0,500,0
h10,3794599103920556640,p1,0,0,500,0,15,58,427,0,383,7,110,0,0,0,500,0
h10,3794599103920556640,p2,0,0,500,0,0,0,500,0,394,7,99,0,0,0,500,0
h10,3794599103920556640,p3,0,0,500,0,0,0,500,0,322,39,139,0,0,0,500,0
h10,3809849392544341668,p1,0,0,500,0,10,64,426,0,368,14,118,0,0,0,500,0
h10,3809849392544341668,p2,0,0,500,0,0,2,498,0,365,16,119,0,0,0,500,0
h10,3809849392544341668,p3,0,0,500,0,0,0,500,0,349,11,140,0,0,0,500,0
h10,3814054020251346733,p1,0,0,500,0,12,38,450,0,373,9,118,0,0,0,500,0
h10,3814054020251346733,p2,0,0,500,0,0,0,500,0,349,24,127,0,0,0,500,0
h10,3814054020251346733,p3,0,0,500,0,0,0,500,0,337,6,157,0,0,0,500,0
h10,3818319660638604125,p1,0,0,500,0,10,42,448,0,373,11,116,0,0,0,500,0
h10,3818319660638604125,p2,0,0,500,0,0,2,498,0,318,64,118,0,0,0,500,0
h10,3818319660638604125,p3,0,0,500,0,0,0,500,0,364,58,78,0,0,0,500,0
h10,3874096620129047923,p1,0,0,500,0,12,57,431,0,375,51,74,0,0,0,500,0
h10,3874096620129047923,p2,0,0,500,0,0,0,500,0,387,48,65,0,0,0,500,0
h10,3874096620129047923,p3,0,0,500,0,1,0,499,0,364,69,67,0,0,0,500,0
h10,3913324801739798008,p1,0,0,500,0,13,45,442,0,365,13,122,0,0,0,500,0
h10,3913324801739798008,p2,0,0,500,0,0,0,500,0,374,8,118,0,0,0,500,0
h10,3913324801739798008,p3,0,0,500,0,0,0,500,0,332,9,159,0,0,0,500,0
h10,3916530029150230865,p1,0,0,500,0,17,58,425,0,341,12,147,0,0,0,500,0
h10,3916530029150230865,p2,0,0,500,0,0,1,499,0,331,15,154,0,0,0,500,0
h10,3916530029150230865,p3,0,0,500,0,1,0,499,0,368,9,123,0,0,0,500,0
h10,3938124145422105887,p1,0,0,500,0,19,44,437,0,353,24,123,0,0,0,500,0
h10,3938124145422105887,p2,0,0,500,0,0,2,498,0,318,98,84,0,0,0,500,0
h10,3938124145422105887,p3,0,0,500,0,0,0,500,0,382,55,63,0,0,0,500,0
h10,3948790931757877940,p1,0,0,500,0,7,59,434,0,376,11,113,0,0,0,500,0
h10,3948790931757877940,p2,0,0,500,0,0,1,499,0,337,16,147,0,0,0,500,0
h10,3948790931757877940,p3,0,0,500,0,0,0,500,0,354,11,135,0,0,0,500,0
h10,3954792011518871870,p1,0,0,500,0,18,45,437,0,380,11,109,0,0,0,500,0
h10,3954792011518871870,p2,0,0,500,0,0,0,500,0,337,14,149,0,0,0,500,0
h10,3954792011518871870,p3,0,0,500,0,0,0,500,0,332,8,160,0,0,0,500,0
h10,3971930751344835335,p1,0,0,500,0,15,61,424,0,362,42,96,0,0,0,500,0
h10,3971930751344835335,p2,0,0,500,0,0,2,498,0,374,65,61,0,0,0,500,0
h10,3971930751344835335,p3,0,0,500,0,0,0,500,0,382,44,74,0,0,0,500,0
h10,404187056829021925,p1,0,0,500,0,12,47,441,0,381,22,97,0,0,0,500,0
h10,404187056829021925,p2,0,0,500,0,0,0,500,0,374,41,85,0,0,0,500,0
h10,404187056829021925,p3,0,0,500,0,0,0,500,0,376,45,79,0,0,0,500,0
h10,4046471832101842570,p1,0,0,500,0,16,47,437,0,365,29,106,0,0,0,500,0
h10,4046471832101842570,p2,0,0,500,0,0,1,499,0,342,56,102,0,0,0,500,0
h10,4046471832101842570,p3,0,0,500,0,0,0,500,0,364,63,73,0,0,0,500,0
h10,4058745851736216057,p1,0,0,500,0,14,62,424,0,372,13,115,0,0,0,500,0
h10,4058745851736216057,p2,0,0,500,0,0,2,498,0,370,18,112,0,0,0,500,0
h10,4058745851736216057,p3,0,0,500,0,0,0,500,0,322,13,165,0,0,0,500,0
h10,4090144998140291029,p1,0,0,500,0,29,33,438,0,375,7,118,0,0,0,500,0
h10,4090144998140291029,p2,0,0,500,0,0,0,500,0,346,5,149,0,0,0,500,0
h10,4090144998140291029,p3,0,0,500,0,0,0,500,0,361,5,134,0,0,0,500,0
h10,413304926230838406,p1,0,0,500,0,19,45,436,0,364,28,108,0,0,0,500,0
h10,413304926230838406,p2,0,0,500,0,0,0,500,0,373,30,97,0,0,0,500,0
h10,413304926230838406,p3,0,0,500,0,0,0,500,0,350,66,84,0,0,0,500,0
h10,4157312116037548159,p1,0,0,500,0,20,50,430,0,364,41,95,0,0,0,500,0
h10,4157312116037548159,p2,0,0,500,0,0,0,500,0,402,36,62,0,0,0,500,0
h10,4157312116037548159,p3,0,0,500,0,0,0,500,0,374,49,77,0,0,0,500,0
h10,4177140041642262334,p1,0,0,500,0,13,54,433,0,366,11,123,0,0,0,500,0
h10,4177140041642262334,p2,0,0,500,0,0,1,499,0,376,10,114,0,0,0,500,0
h10,4177140041642262334,p3,0,0,500,0,0,0,500,0,366,23,111,0,0,0,500,0
h10,4188532059663769285,p1,0,0,500,0,13,50,437,0,347,5,148,0,0,0,500,0
h10,4188532059663769285,p2,0,0,500,0,0,1,499,0,394,8,98,0,0,0,500,0
h10,4188532059663769285,p3,0,0,500,0,0,0,500,0,386,5,109,0,0,0,500,0
h10,4194406875143932514,p1,0,0,500,0,14,41,445,0,362,11,127,0,0,0,500,0
h10,4194406875143932514,p2,0,0,500,0,0,0,500,0,385,12,103,0,0,0,500,0
h10,4194406875143932514,p3,0,0,500,0,0,0,500,0,403,7,90,0,0,0,500,0
h10,4195727619608596429,p1,0,0,500,0,14,49,437,0,376,8,116,0,0,0,500,0
h10,4195727619608596429,p2,0,0,500,0,0,0,500,0,332,1,167,0,0,0,500,0
h10,4195727619608596429,p3,0,0,500,0,0,0,500,0,369,7,124,0,0,0,500,0
h10,42166289132561572,p1,0,0,500,0,18,56,426,0,386,6,108,0,0,0,500,0
h10,42166289132561572,p2,0,0,500,0,0,0,500,0,346,6,148,0,0,0,500,0
h10,42166289132561572,p3,0,0,500,0,0,0,500,0,364,7,129,0,0,0,500,0
h10,4244901996051818562,p1,0,0,500,0,11,46,443,0,373,11,116,0,0,0,500,0
h10,4244901996051818562,p2,0,0,500,0,0,0,500,0,385,25,90,0,0,0,500,0
h10,4244901996051818562,p3,0,0,500,0,0,0,500,0,355,5,140,0,0,0,500,0
h10,4278457999579394267,p1,0,0,500,0,14,46,440,0,364,25,111,0,0,0,500,0
h10,4278457999579394267,p2,0,0,500,0,0,1,499,0,326,93,81,0,0,0,500,0
h10,4278457999579394267,p3,0,0,500,0,0,0,500,0,285,113,102,0,0,0,500,0
h10,433204020074094804,p1,0,0,500,0,11,49,440,0,378,25,97,0,0,0,500,0
h10,433204020074094804,p2,0,0,500,0,0,1,499,0,386,40,74,0,0,0,500,0
h10,433204020074094804,p3,0,0,500,0,0,0,500,0,320,106,74,0,0,0,500,0
h10,4345349737809629597,p1,0,0,500,0,17,51,432,0,364,42,94,0,0,0,500,0
h10,4345349737809629597,p2,0,0,500,0,0,5,495,0,327,83,90,0,0,0,500,0
h10,4345349737809629597,p3,0,0,500,0,0,0,500,0,279,154,67,0,0,0,500,0
h10,4361793046382718442,p1,0,0,500,0,11,56,433,0,349,30,121,0,0,0,500,0
h10,4361793046382718442,p2,0,0,500,0,0,0,500,0,322,40,138,0,0,0,500,0
h10,4361793046382718442,p3,0,0,500,0,0,0,500,0,307,85,108,0,0,0,500,0
h10,4365375339386103969,p1,0,0,500,0,14,40,446,0,365,6,129,0,0,0,500,0
h10,4365375339386103969,p2,0,0,500,0,0,1,499,0,385,7,108,0,0,0,500,0
h10,4365375339386103969,p3,0,0,500,0,0,0,500,0,366,20,114,0,0,0,500,0
h10,4399065134072947773,p1,0,0,500,0,14,36,450,0,373,22,105,0,0,0,500,0
h10,4399065134072947773,p2,0,0,500,0,0,0,500,0,357,11,132,0,0,0,500,0
h10,4399065134072947773,p3,0,0,500,0,0,0,500,0,343,7,150,0,0,0,500,0
h10,4423263171116527435,p1,0,0,500,0,22,38,440,0,370,34,96,0,0,0,500,0
h10,4423263171116527435,p2,0,0,500,0,0,1,499,0,384,38,78,0,0,0,500,0
h10,4423263171116527435,p3,0,0,500,0,0,0,500,0,371,61,68,0,0,0,500,0
h10,4438783225372010719,p1,0,0,500,0,16,60,424,0,374,16,110,0,0,0,500,0
h10,4438783225372010719,p2,0,0,500,0,0,2,498,0,351,64,85,0,0,0,500,0
h10,4438783225372010719,p3,0,0,500,0,0,0,500,0,376,67,57,0,0,0,500,0
h10,4443744613238794199,p1,0,0,500,0,15,47,438,0,386,10,104,0,0,0,500,0
h10,4443744613238794199,p2,0,0,500,0,0,2,498,0,362,7,131,0,0,0,500,0
h10,4443744613238794199,p3,0,0,500,0,0,0,500,0,355,16,129,0,0,0,500,0
h10,4473068787800223782,p1,0,0,500,0,15,62,423,0,380,9,111,0,0,0,500,0
h10,4473068787800223782,p2,0,0,500,0,0,4,496,0,322,9,169,0,0,0,500,0
h10,4473068787800223782,p3,0,0,500,0,0,0,500,0,359,6,135,0,0,0,500,0
h10,4476948680415221754,p1,0,0,500,0,8,51,441,0,369,36,95,0,0,0,500,0
h10,4476948680415221754,p2,0,0,500,0,0,0,500,0,302,98,100,0,0,0,500,0
h10,4476948680415221754,p3,0,0,500,0,0,0,500,0,357,43,100,0,0,0,500,0
h10,448319367688946302,p1,0,0,500,0,14,53,433,0,373,10,117,0,0,0,500,0
h10,448319367688946302,p2,0,0,500,0,0,0,500,0,327,21,152,0,0,0,500,0
h10,448319367688946302,p3,0,0,500,0,0,0,500,0,303,38,159,0,0,0,500,0
h10,4494227658266820746,p1,0,0,500,0,22,49,429,0,371,32,97,0,0,0,500,0
h10,4494227658266820746,p2,0,0,500,0,0,1,499,0,375,35,90,0,0,0,500,0
h10,4494227658266820746,p3,0,0,500,0,0,0,500,0,340,48,112,0,0,0,500,0
h10,4498646663778846355,p1,0,0,500,0,19,68,413,0,379,10,111,0,0,0,500,0
h10,4498646663778846355,p2,0,0,500,0,0,0,500,0,344,14,142,0,0,0,500,0
h10,4498646663778846355,p3,0,0,500,0,0,0,500,0,360,6,134,0,0,0,500,0
h10,450063676179171794,p1,0,0,500,0,12,40,448,0,370,29,101,0,0,0,500,0
h10,450063676179171794,p2,0,0,500,0,0,1,499,0,404,38,58,0,0,0,500,0
h10,450063676179171794,p3,0,0,500,0,0,0,500,0,300,123,77,0,0,0,500,0
h10,4514687463963706410,p1,0,0,500,0,17,42,441,0,378,9,113,0,0,0,500,0
h10,4514687463963706410,p2,0,0,500,0,0,0,500,0,386,23,91,0,0,0,500,0
h10,4514687463963706410,p3,0,0,500,0,0,0,500,0,379,54,67,0,0,0,500,0
h10,4553298222200008364,p1,0,0,500,0,13,41,446,0,375,10,115,0,0,0,500,0
h10,4553298222200008364,p2,0,0,500,0,0,3,497,0,384,6,110,0,0,0,500,0
h10,4553298222200008364,p3,0,0,500,0,0,0,500,0,357,13,130,0,0,0,500,0
h10,4574202581484452387,p1,0,0,500,0,11,50,439,0,374,11,115,0,0,0,500,0
h10,4574202581484452387,p2,0,0,500,0,0,1,499,0,371,18,111,0,0,0,500,0
h10,4574202581484452387,p3,0,0,500,0,0,0,500,0,336,9,155,0,0,0,500,0
h10,4594924353409803531,p1,0,0,500,0,19,42,439,0,378,37,85,0,0,0,500,0
h10,4594924353409803531,p2,0,0,500,0,0,2,498,0,340,51,109,0,0,0,500,0
h10,4594924353409803531,p3,0,0,500,0,0,0,500,0,322,96,82,0,0,0,500,0
h10,4615420545380417451,p1,0,0,500,0,22,45,433,0,362,35,103,0,0,0,500,0
h10,4615420545380417451,p2,0,0,500,0,0,0,500,0,389,38,73,0,0,0,500,0
h10,4615420545380417451,p3,0,0,500,0,0,0,500,0,342,83,75,0,0,0,500,0
h10,4619991974135121451,p1,0,0,500,0,8,47,445,0,364,14,122,0,0,0,500,0
h10,4619991974135121451,p2,0,0,500,0,0,3,497,0,377,3,120,0,0,0,500,0
h10,4619991974135121451,p3,0,0,500,0,0,0,500,0,361,12,127,0,0,0,500,0
h10,4620390927830805090,p1,0,0,500,0,10,49,441,0,360,15,125,0,0,0,500,0
h10,4620390927830805090,p2,0,0,500,0,0,1,499,0,337,18,145,0,0,0,500,0
h10,4620390927830805090,p3,0,0,500,0,0,0,500,0,311,18,171,0,0,0,500,0
h10,4659460054176917637,p1,0,0,500,0,15,48,437,0,375,28,97,0,0,0,500,0
h10,4659460054176917637,p2,0,0,500,0,0,0,500,0,380,29,91,0,0,0,500,0
h10,4659460054176917637,p3,0,0,500,0,0,0,500,0,289,25,186,0,0,0,500,0
h10,4686093148506042527,p1,0,0,500,0,17,45,438,0,372,16,112,0,0,0,500,0
h10,4686093148506042527,p2,0,0,500,0,0,0,500,0,368,9,123,0,0,0,500,0
h10,4686093148506042527,p3,0,0,500,0,0,0,500,0,310,109,81,0,0,0,500,0
h10,470364510336656344,p1,0,0,500,0,12,50,438,0,368,42,90,0,0,0,500,0
h10,470364510336656344,p2,0,0,500,0,0,1,499,0,342,57,101,0,0,0,500,0
h10,470364510336656344,p3,0,0,500,0,0,0,500,0,384,36,80,0,0,0,500,0
h10,4710513113243944819,p1,0,0,500,0,13,52,435,0,378,13,109,0,0,0,500,0
h10,4710513113243944819,p2,0,0,500,0,0,2,498,0,342,67,91,0,0,0,500,0
h10,4710513113243944819,p3,0,0,500,0,0,0,500,0,372,47,81,0,0,0,500,0
h10,4730877321784219845,p1,0,0,500,0,14,35,451,0,381,20,99,0,0,0,500,0
h10,4730877321784219845,p2,0,0,500,0,0,0,500,0,392,30,78,0,0,0,500,0
h10,4730877321784219845,p3,0,0,500,0,1,0,499,0,317,80,103,0,0,0,500,0
h10,474035048815352913,p1,0,0,500,0,15,68,417,0,372,44,84,0,0,0,500,0
h10,474035048815352913,p2,0,0,500,0,0,0,500,0,340,76,84,0,0,0,500,0
h10,474035048815352913,p3,0,0,500,0,0,0,500,0,377,63,60,0,0,0,500,0
h10,4756977248518332605,p1,0,0,500,0,10,48,442,0,349,3,148,0,0,0,500,0
h10,4756977248518332605,p2,0,0,500,0,0,0,500,0,320,26,154,0,0,0,500,0
h10,4756977248518332605,p3,0,0,500,0,0,0,500,0,347,21,132,0,0,0,500,0
h10,4762515350250062894,p1,0,0,500,0,18,43,439,0,382,11,107,0,0,0,500,0
h10,4762515350250062894,p2,0,0,500,0,0,1,499,0,369,4,127,0,0,0,500,0
h10,4762515350250062894,p3,0,0,500,0,0,0,500,0,377,15,108,0,0,0,500,0
h10,4795502238501318052,p1,0,0,500,0,13,53,434,0,392,8,100,0,0,0,500,0
h10,4795502238501318052,p2,0,0,500,0,0,2,498,0,363,11,126,0,0,0,500,0
h10,4795502238501318052,p3,0,0,500,0,0,0,500,0,336,14,150,0,0,0,500,0
h10,4795977977712072574,p1,0,0,500,0,16,48,436,0,351,15,134,0,0,0,500,0
h10,4795977977712072574,p2,0,0,500,0,0,1,499,0,382,7,111,0,0,0,500,0
h10,4795977977712072574,p3,0,0,500,0,0,0,500,0,335,10,155,0,0,0,500,0
h10,4797634794137905999,p1,0,0,500,0,9,45,446,0,376,8,116,0,0,0,500,0
h10,4797634794137905999,p2,0,0,500,0,0,0,500,0,367,48,85,0,0,0,500,0
h10,4797634794137905999,p3,0,0,500,0,0,0,500,0,360,55,85,0,0,0,500,0
h10,4830906885164551185,p1,0,0,500,0,10,53,437,0,352,14,134,0,0,0,500,0
h10,4830906885164551185,p2,0,0,500,0,0,1,499,0,375,17,108,0,0,0,500,0
h10,4830906885164551185,p3,0,0,500,0,0,0,500,0,363,7,130,0,0,0,500,0
h10,4845795528335143196,p1,0,0,500,0,7,60,433,0,361,40,99,0,0,0,500,0
h10,4845795528335143196,p2,0,0,500,0,0,0,500,0,383,45,72,0,0,0,500,0
h10,4845795528335143196,p3,0,0,500,0,0,0,500,0,370,69,61,0,0,0,500,0
h10,4849410443457070360,p1,0,0,500,0,11,41,448,0,360,39,101,0,0,0,500,0
h10,4849410443457070360,p2,0,0,500,0,0,0,500,0,370,10,120,0,0,0,500,0
h10,4849410443457070360,p3,0,0,500,0,0,0,500,0,386,18,96,0,0,0,500,0
h10,4850558830048620362,p1,0,0,500,0,10,42,448,0,388,18,94,0,0,0,500,0
h10,4850558830048620362,p2,0,0,500,0,0,2,498,0,350,42,108,0,0,0,500,0
h10,4850558830048620362,p3,0,0,500,0,0,0,500,0,346,56,98,0,0,0,500,0
h10,4852282232302163742,p1,0,0,500,0,15,52,433,0,367,5,128,0,0,0,500,0
h10,4852282232302163742,p2,0,0,500,0,0,0,500,0,363,6,131,0,0,0,500,0
h10,4852282232302163742,p3,0,0,500,0,0,0,500,0,378,12,110,0,0,0,500,0
h10,4868924792313273115,p1,0,0,500,0,11,64,425,0,368,12,120,0,0,0,500,0
h10,4868924792313273115,p2,0,0,500,0,0,0,500,0,347,53,100,0,0,0,500,0
h10,4868924792313273115,p3,0,0,500,0,0,0,500,0,331,60,109,0,0,0,500,0
h10,487199993161505439,p1,0,0,500,0,12,49,439,0,373,20,107,0,0,0,500,0
h10,487199993161505439,p2,0,0,500,0,0,0,500,0,394,21,85,0,0,0,500,0
h10,487199993161505439,p3,0,0,500,0,0,1,499,0,380,52,68,0,0,0,500,0
h10,4918888134740033738,p1,0,0,500,0,14,41,445,0,365,9,126,0,0,0,500,0
h10,4918888134740033738,p2,0,0,500,0,0,1,499,0,377,20,103,0,0,0,500,0
h10,4918888134740033738,p3,0,0,500,0,0,0,500,0,373,7,120,0,0,0,500,0
h10,4927006382653365011,p1,0,0,500,0,18,42,440,0,360,7,133,0,0,0,500,0
h10,4927006382653365011,p2,0,0,500,0,0,0,500,0,362,13,125,0,0,0,500,0
h10,4927006382653365011,p3,0,0,500,0,0,0,500,0,320,33,147,0,0,0,500,0
h10,4955140481114490279,p1,0,0,500,0,8,60,432,0,374,7,119,0,0,0,500,0
h10,4955140481114490279,p2,0,0,500,0,0,1,499,0,376,24,100,0,0,0,500,0
h10,4955140481114490279,p3,0,0,500,0,0,0,500,0,345,10,145,0,0,0,500,0
h10,5000120933718423305,p1,0,0,500,0,10,51,439,0,360,26,114,0,0,0,500,0
h10,5000120933718423305,p2,0,0,500,0,0,0,500,0,283,79,138,0,0,0,500,0
h10,5000120933718423305,p3,0,0,500,0,0,0,500,0,343,65,92,0,0,0,500,0
h10,5016169799560615181,p1,0,0,500,0,16,48,436,0,375,16,109,0,0,0,500,0
h10,5016169799560615181,p2,0,0,500,0,0,5,495,0,309,6,185,0,0,0,500,0
h10,5016169799560615181,p3,0,0,500,0,0,0,500,0,336,10,154,0,0,0,500,0
h10,5017315413834082190,p1,0,0,500,0,15,46,439,0,384,24,92,0,0,0,500,0
h10,5017315413834082190,p2,0,0,500,0,0,2,498,0,355,38,107,0,0,0,500,0
h10,5017315413834082190,p3,0,0,500,0,0,0,500,0,291,100,109,0,0,0,500,0
h10,5056379344872519593,p1,0,0,500,0,11,55,434,0,368,9,123,0,0,0,500,0
h10,5056379344872519593,p2,0,0,500,0,0,0,500,0,374,5,121,0,0,0,500,0
h10,5056379344872519593,p3,0,0,500,0,0,0,500,0,372,29,99,0,0,0,500,0
h10,5076677696586693625,p1,0,0,500,0,14,58,428,0,384,41,75,0,0,0,500,0
h10,5076677696586693625,p2,0,0,500,0,0,0,500,0,379,36,85,0,0,0,500,0
h10,5076677696586693625,p3,0,0,500,0,0,0,500,0,293,71,136,0,0,0,500,0
h10,5121883498430826956,p1,0,0,500,0,19,48,433,0,380,13,107,0,0,0,500,0
h10,5121883498430826956,p2,0,0,500,0,1,0,499,0,385,53,62,0,0,0,500,0
h10,5121883498430826956,p3,0,0,500,0,0,0,500,0,377,9,114,0,0,0,500,0
h10,512911821176251127,p1,0,0,500,0,9,54,437,0,374,21,105,0,0,0,500,0
h10,512911821176251127,p2,0,0,500,0,0,2,498,0,318,82,100,0,0,0,500,0
h10,512911821176251127,p3,0,0,500,0,0,0,500,0,340,49,111,0,0,0,500,0
h10,5134361700411916887,p1,0,0,500,0,15,58,427,0,376,39,85,0,0,0,500,0
h10,5134361700411916887,p2,0,0,500,0,0,2,498,0,353,72,75,0,0,0,500,0
h10,5134361700411916887,p3,0,0,500,0,0,0,500,0,279,146,75,0,0,0,500,0
h10,5147792078566193376,p1,0,0,500,0,17,62,421,0,374,22,104,0,0,0,500,0
h10,5147792078566193376,p2,0,0,500,0,0,0,500,0,357,52,91,0,0,0,500,0
h10,5147792078566193376,p3,0,0,500,0,0,0,500,0,308,68,124,0,0,0,500,0
h10,5165950171889090812,p1,0,0,500,0,18,55,427,0,377,10,113,0,0,0,500,0
h10,5165950171889090812,p2,0,0,500,0,0,1,499,0,343,4,153,0,0,0,500,0
h10,5165950171889090812,p3,0,0,500,0,0,0,500,0,371,9,120,0,0,0,500,0
h10,5248723138258037889,p1,0,0,500,0,12,50,438,0,377,8,115,0,0,0,500,0
h10,5248723138258037889,p2,0,0,500,0,0,4,496,0,368,6,126,0,0,0,500,0
h10,5248723138258037889,p3,0,0,500,0,0,0,500,0,381,16,103,0,0,0,500,0
h10,5258030842608414135,p1,0,0,500,0,18,40,442,0,367,7,126,0,0,0,500,0
h10,5258030842608414135,p2,0,0,500,0,0,1,499,0,388,9,103,0,0,0,500,0
h10,5258030842608414135,p3,0,0,500,0,0,0,500,0,367,6,127,0,0,0,500,0
h10,5263677576522977279,p1,0,0,500,0,14,53,433,0,361,11,128,0,0,0,500,0
h10,5263677576522977279,p2,0,0,500,0,0,0,500,0,314,32,154,0,0,0,500,0
h10,5263677576522977279,p3,0,0,500,0,0,0,500,0,314,38,148,0,0,0,500,0
h10,5265828099727968869,p1,0,0,500,0,10,53,437,0,370,19,111,0,0,0,500,0
h10,5265828099727968869,p2,0,0,500,0,0,0,500,0,393,25,82,0,0,0,500,0
h10,5265828099727968869,p3,0,0,500,0,0,0,500,0,344,38,118,0,0,0,500,0
h10,5274109265370950004,p1,0,0,500,0,14,58,428,0,388,12,100,0,0,0,500,0
h10,5274109265370950004,p2,0,0,500,0,0,1,499,0,263,40,197,0,0,0,500,0
h10,5274109265370950004,p3,0,0,500,0,0,0,500,0,380,17,103,0,0,0,500,0
h10,5297164339263925889,p1,0,0,500,0,22,53,425,0,377,17,106,0,0,0,500,0
h10,5297164339263925889,p2,0,0,500,0,0,0,500,0,353,71,76,0,0,0,500,0
h10,5297164339263925889,p3,0,0,500,0,0,0,500,0,383,55,62,0,0,0,500,0
h10,5331927497105869940,p1,0,0,500,0,15,46,439,0,358,13,129,0,0,0,500,0
h10,5331927497105869940,p2,0,0,500,0,0,0,500,0,374,8,118,0,0,0,500,0
h10,5331927497105869940,p3,0,0,500,0,0,0,500,0,347,4,149,0,0,0,500,0
h10,5339386763701380224,p1,0,0,500,0,13,41,446,0,375,24,101,0,0,0,500,0
h10,5339386763701380224,p2,0,0,500,0,0,1,499,0,349,68,83,0,0,0,500,0
h10,5339386763701380224,p3,0,0,500,0,0,0,500,0,380,43,77,0,0,0,500,0
h10,5342040010608070842,p1,0,0,500,0,15,43,442,0,369,12,119,0,0,0,500,0
h10,5342040010608070842,p2,0,0,500,0,0,0,500,0,366,23,111,0,0,0,500,0
h10,5342040010608070842,p3,0,0,500,0,0,0,500,0,332,24,144,0,0,0,500,0
h10,5343512657107917358,p1,0,0,500,0,22,46,432,0,384,36,80,0,0,0,500,0
h10,5343512657107917358,p2,0,0,500,0,0,0,500,0,373,49,78,0,0,0,500,0
h10,5343512657107917358,p3,0,0,500,0,0,0,500,0,372,51,77,0,0,0,500,0
h10,5362953680254159070,p1,0,0,500,0,16,47,437,0,380,32,88,0,0,0,500,0
h10,5362953680254159070,p2,0,0,500,0,0,2,498,0,329,78,93,0,0,0,500,0
h10,5362953680254159070,p3,0,0,500,0,0,0,500,0,323,94,83,0,0,0,500,0
h10,5374254783209721048,p1,0,0,500,0,18,54,428,0,374,18,108,0,0,0,500,0
h10,5374254783209721048,p2,0,0,500,0,0,2,498,0,379,46,75,0,0,0,500,0
h10,5374254783209721048,p3,0,0,500,0,0,1,499,0,351,81,68,0,0,0,500,0
h10,5414085648090891360,p1,0,0,500,0,11,47,442,0,383,10,107,0,0,0,500,0
h10,5414085648090891360,p2,0,0,500,0,0,0,500,0,380,13,107,0,0,0,500,0
h10,5414085648090891360,p3,0,0,500,0,0,0,500,0,335,16,149,0,0,0,500,0
h10,5421833462022767528,p1,0,0,500,0,12,53,435,0,389,14,97,0,0,0,500,0
h10,5421833462022767528,p2,0,0,500,0,0,0,500,0,353,37,110,0,0,0,500,0
h10,5421833462022767528,p3,0,0,500,0,0,0,500,0,357,42,101,0,0,0,500,0
h10,5458485898700185052,p1,0,0,500,0,16,54,430,0,370,10,120,0,0,0,500,0
h10,5458485898700185052,p2,0,0,500,0,0,1,499,0,343,18,139,0,0,0,500,0
h10,5458485898700185052,p3,0,0,500,0,0,0,500,0,334,4,162,0,0,0,500,0
h10,5463794420916038582,p1,0,0,500,0,15,43,442,0,364,9,127,0,0,0,500,0
h10,5463794420916038582,p2,0,0,500,0,0,2,498,0,318,14,168,0,0,0,500,0
h10,5463794420916038582,p3,0,0,500,0,0,0,500,0,323,61,116,0,0,0,500,0
h10,5470871204689864801,p1,0,0,500,0,12,54,434,0,388,8,104,0,0,0,500,0
h10,5470871204689864801,p2,0,0,500,0,0,0,500,0,360,7,133,0,0,0,500,0
h10,5470871204689864801,p3,0,0,500,0,0,0,500,0,370,12,118,0,0,0,500,0
h10,5506175811139030266,p1,0,0,500,0,14,64,422,0,386,28,86,0,0,0,500,0
h10,5506175811139030266,p2,0,0,500,0,0,2,498,0,342,49,109,0,0,0,500,0
h10,5506175811139030266,p3,0,0,500,0,0,1,499,0,356,54,90,0,0,0,500,0
h10,5521960898859274935,p1,0,0,500,0,16,57,427,0,377,5,118,0,0,0,500,0
h10,5521960898859274935,p2,0,0,500,0,0,1,499,0,378,13,109,0,0,0,500,0
h10,5521960898859274935,p3,0,0,500,0,0,0,500,0,377,5,118,0,0,0,500,0
h10,5537204068693706449,p1,0,0,500,0,13,44,443,0,358,10,132,0,0,0,500,0
h10,5537204068693706449,p2,0,0,500,0,0,1,499,0,337,6,157,0,0,0,500,0
h10,5537204068693706449,p3,0,0,500,0,1,0,499,0,368,7,125,0,0,0,500,0
h10,5554294917168311578,p1,0,0,500,0,6,58,436,0,364,22,114,0,0,0,500,0
h10,5554294917168311578,p2,0,0,500,0,0,0,500,0,369,5,126,0,0,0,500,0
h10,5554294917168311578,p3,0,0,500,0,0,0,500,0,333,26,141,0,0,0,500,0
h10,5562803913828242684,p1,0,0,500,0,14,43,443,0,385,5,110,0,0,0,500,0
h10,5562803913828242684,p2,0,0,500,0,0,0,500,0,352,18,130,0,0,0,500,0
h10,5562803913828242684,p3,0,0,500,0,0,0,500,0,364,12,124,0,0,0,500,0
h10,5575146831837021422,p1,0,0,500,0,18,48,434,0,368,9,123,0,0,0,500,0
h10,5575146831837021422,p2,0,0,500,0,0,0,500,0,348,16,136,0,0,0,500,0
h10,5575146831837021422,p3,0,0,500,0,0,0,500,0,340,30,130,0,0,0,500,0
h10,5600440511139099678,p1,0,0,500,0,19,37,444,0,365,12,123,0,0,0,500,0
h10,5600440511139099678,p2,0,0,500,0,0,0,500,0,362,14,124,0,0,0,500,0
h10,5600440511139099678,p3,0,0,500,0,0,0,500,0,369,30,101,0,0,0,500,0
h10,5605318612676977748,p1,0,0,500,0,12,49,439,0,362,7,131,0,0,0,500,0
h10,5605318612676977748,p2,0,0,500,0,0,1,499,0,361,24,115,0,0,0,500,0
h10,5605318612676977748,p3,0,0,500,0,0,1,499,0,322,18,160,0,0,0,500,0
h10,5626192711407275230,p1,0,0,500,0,20,62,418,0,400,29,71,0,0,0,500,0
h10,5626192711407275230,p2,0,0,500,0,0,1,499,0,374,54,72,0,0,0,500,0
h10,5626192711407275230,p3,0,0,500,0,0,0,500,0,379,59,62,0,0,0,500,0
h10,5644757578152911222,p1,0,0,500,0,19,50,431,0,356,23,121,0,0,0,500,0
h10,5644757578152911222,p2,0,0,500,0,0,0,500,0,376,49,75,0,0,0,500,0
h10,5644757578152911222,p3,0,0,500,0,0,0,500,0,366,46,88,0,0,0,500,0
h10,5656736143569408736,p1,0,0,500,0,11,41,448,0,372,7,121,0,0,0,500,0
h10,5656736143569408736,p2,0,0,500,0,0,1,499,0,374,8,118,0,0,0,500,0
h10,5656736143569408736,p3,0,0,500,0,0,0,500,0,360,11,129,0,0,0,500,0
h10,5718400152233850204,p1,0,0,500,0,20,52,428,0,365,9,126,0,0,0,500,0
h10,5718400152233850204,p2,0,0,500,0,0,0,500,0,391,11,98,0,0,0,500,0
h10,5718400152233850204,p3,0,0,500,0,0,0,500,0,312,63,125,0,0,0,500,0
h10,5723224187625833097,p1,0,0,500,0,23,43,434,0,376,12,112,0,0,0,500,0
h10,5723224187625833097,p2,0,0,500,0,0,1,499,0,327,8,165,0,0,0,500,0
h10,5723224187625833097,p3,0,0,500,0,0,0,500,0,382,24,94,0,0,0,500,0
h10,5727766127715878701,p1,0,0,500,0,16,40,444,0,375,16,109,0,0,0,500,0
h10,5727766127715878701,p2,0,0,500,0,0,0,500,0,398,30,72,0,0,0,500,0
h10,5727766127715878701,p3,0,0,500,0,0,0,500,0,402,14,84,0,0,0,500,0
h10,5733218310564656796,p1,0,0,500,0,9,41,450,0,356,8,136,0,0,0,500,0
h10,5733218310564656796,p2,0,0,500,0,0,1,499,0,358,27,115,0,0,0,500,0
h10,5733218310564656796,p3,0,0,500,0,0,0,500,0,360,21,119,0,0,0,500,0
h10,5771069738746243712,p1,0,0,500,0,8,50,442,0,341,10,149,0,0,0,500,0
h10,5771069738746243712,p2,0,0,500,0,0,3,497,0,400,3,97,0,0,0,500,0
h10,5771069738746243712,p3,0,0,500,0,0,0,500,0,384,7,109,0,0,0,500,0
h10,5816005353171047795,p1,0,0,500,0,19,43,438,0,393,27,80,0,0,0,500,0
h10,5816005353171047795,p2,0,0,500,0,0,1,499,0,378,38,84,0,0,0,500,0
h10,5816005353171047795,p3,0,0,500,0,0,0,500,0,374,65,61,0,0,0,500,0
h10,5827221298626431803,p1,0,0,500,0,14,37,449,0,358,34,108,0,0,0,500,0
h10,5827221298626431803,p2,0,0,500,0,0,1,499,0,367,55,78,0,0,0,500,0
h10,5827221298626431803,p3,0,0,500,0,0,0,500,0,376,46,78,0,0,0,500,0
h10,5838201929844935134,p1,0,0,500,0,13,36,451,0,369,20,111,0,0,0,500,0
h10,5838201929844935134,p2,0,0,500,0,0,2,498,0,335,41,124,0,0,0,500,0
h10,5838201929844935134,p3,0,0,500,0,0,0,500,0,312,7,181,0,0,0,500,0
h10,5857574074887295776,p1,0,0,500,0,22,56,422,0,353,12,135,0,0,0,500,0
h10,5857574074887295776,p2,0,0,500,0,0,0,500,0,363,10,127,0,0,0,500,0
h10,5857574074887295776,p3,0,0,500,0,0,0,500,0,369,22,109,0,0,0,500,0
h10,5885653611489435434,p1,0,0,500,0,12,69,419,0,366,28,106,0,0,0,500,0
h10,5885653611489435434,p2,0,0,500,0,0,2,498,0,360,47,93,0,0,0,500,0
h10,5885653611489435434,p3,0,0,500,0,0,0,500,0,367,39,94,0,0,0,500,0
h10,5930756333165445548,p1,0,0,500,0,14,52,434,0,371,20,109,0,0,0,500,0
h10,5930756333165445548,p2,0,0,500,0,0,0,500,0,365,52,83,0,0,0,500,0
h10,5930756333165445548,p3,0,0,500,0,0,0,500,0,309,100,91,0,0,0,500,0
h10,5951390942956363787,p1,0,0,500,0,17,48,435,0,384,30,86,0,0,0,500,0
h10,5951390942956363787,p2,0,0,500,0,0,2,498,0,385,55,60,0,0,0,500,0
h10,5951390942956363787,p3,0,0,500,0,0,0,500,0,354,51,95,0,0,0,500,0
h10,5954603343834938336,p1,0,0,500,0,12,52,436,0,359,22,119,0,0,0,500,0
h10,5954603343834938336,p2,0,0,500,0,0,1,499,0,359,55,86,0,0,0,500,0
h10,5954603343834938336,p3,0,0,500,0,0,0,500,0,316,63,121,0,0,0,500,0
h10,5968416971980520543,p1,0,0,500,0,14,50,436,0,389,27,84,0,0,0,500,0
h10,5968416971980520543,p2,0,0,500,0,0,0,500,0,410,31,59,0,0,0,500,0
h10,5968416971980520543,p3,0,0,500,0,0,1,499,0,371,56,73,0,0,0,500,0
h10,5991427652628417586,p1,0,0,500,0,17,47,436,0,370,18,112,0,0,0,500,0
h10,5991427652628417586,p2,0,0,500,0,0,0,500,0,322,64,114,0,0,0,500,0
h10,5991427652628417586,p3,0,0,500,0,0,0,500,0,374,45,81,0,0,0,500,0
h10,600976585557656977,p1,0,0,500,0,18,48,434,0,359,12,129,0,0,0,500,0
h10,600976585557656977,p2,0,0,500,0,0,0,500,0,373,7,120,0,0,0,500,0
h10,600976585557656977,p3,0,0,500,0,0,0,500,0,304,5,191,0,0,0,500,0
h10,6033744414164909258,p1,0,0,500,0,10,47,443,0,372,21,107,0,0,0,500,0
h10,6033744414164909258,p2,0,0,500,0,0,3,497,0,362,11,127,0,0,0,500,0
h10,6033744414164909258,p3,0,0,500,0,0,0,500,0,353,23,124,0,0,0,500,0
h10,6067249672066659593,p1,0,0,500,0,12,47,441,0,385,8,107,0,0,0,500,0
h10,6067249672066659593,p2,0,0,500,0,0,0,500,0,369,12,119,0,0,0,500,0
h10,6067249672066659593,p3,0,0,500,0,0,0,500,0,374,19,107,0,0,0,500,0
h10,6086232460473241812,p1,0,0,500,0,18,42,440,0,390,8,102,0,0,0,500,0
h10,6086232460473241812,p2,0,0,500,0,0,1,499,0,370,26,104,0,0,0,500,0
h10,6086232460473241812,p3,0,0,500,0,0,0,500,0,302,129,69,0,0,0,500,0
h10,6101300901121653867,p1,0,0,500,0,18,45,437,0,379,21,100,0,0,0,500,0
h10,6101300901121653867,p2,0,0,500,0,0,0,500,0,355,23,122,0,0,0,500,0
h10,6101300901121653867,p3,0,0,500,0,0,0,500,0,338,7,155,0,0,0,500,0
h10,6101696202919688963,p1,0,0,500,0,19,59,422,0,369,36,95,0,0,0,500,0
h10,6101696202919688963,p2,0,0,500,0,0,2,498,0,349,56,95,0,0,0,500,0
h10,6101696202919688963,p3,0,0,500,0,0,0,500,0,337,61,102,0,0,0,500,0
h10,610212378968289478,p1,0,0,500,0,12,68,420,0,351,31,118,0,0,0,500,0
h10,610212378968289478,p2,0,0,500,0,0,0,500,0,386,13,101,0,0,0,500,0
h10,610212378968289478,p3,0,0,500,0,0,1,499,0,309,16,175,0,0,0,500,0
h10,6108219098766146739,p1,0,0,500,0,8,51,441,0,360,19,121,0,0,0,500,0
h10,6108219098766146739,p2,0,0,500,0,0,0,500,0,363,8,129,0,0,0,500,0
h10,6108219098766146739,p3,0,0,500,0,0,0,500,0,366,6,128,0,0,0,500,0
h10,6110961482001302286,p1,0,0,500,0,15,50,435,0,386,11,103,0,0,0,500,0
h10,6110961482001302286,p2,0,0,500,0,0,2,498,0,378,9,113,0,0,0,500,0
h10,6110961482001302286,p3,0,0,500,0,0,0,500,0,349,13,138,0,0,0,500,0
h10,6124166059669064808,p1,0,0,500,0,17,60,423,0,369,39,92,0,0,0,500,0
h10,6124166059669064808,p2,0,0,500,0,0,3,497,0,389,40,71,0,0,0,500,0
h10,6124166059669064808,p3,0,0,500,0,0,0,500,0,348,77,75,0,0,0,500,0
h10,6149830984495804229,p1,0,0,500,0,11,50,439,0,351,18,131,0,0,0,500,0
h10,6149830984495804229,p2,0,0,500,0,0,0,500,0,369,25,106,0,0,0,500,0
h10,6149830984495804229,p3,0,0,500,0,0,0,500,0,330,52,118,0,0,0,500,0
h10,6152729287407863543,p1,0,0,500,0,15,51,434,0,374,21,105,0,0,0,500,0
h10,6152729287407863543,p2,0,0,500,0,0,0,500,0,376,26,98,0,0,0,500,0
h10,6152729287407863543,p3,0,0,500,0,0,0,500,0,334,38,128,0,0,0,500,0
h10,6156965083092227138,p1,0,0,500,0,17,50,433,0,359,14,127,0,0,0,500,0
h10,6156965083092227138,p2,0,0,500,0,0,0,500,0,332,22,146,0,0,0,500,0
h10,6156965083092227138,p3,0,0,500,0,0,0,500,0,393,8,99,0,0,0,500,0
h10,6171075150083580820,p1,0,0,500,0,17,57,426,0,377,7,116,0,0,0,500,0
h10,6171075150083580820,p2,0,0,500,0,0,2,498,0,388,11,101,0,0,0,500,0
h10,6171075150083580820,p3,0,0,500,0,0,0,500,0,317,73,110,0,0,0,500,0
h10,6188044840387267334,p1,0,0,500,0,17,38,445,0,363,17,120,0,0,0,500,0
h10,6188044840387267334,p2,0,0,500,0,0,0,500,0,374,19,107,0,0,0,500,0
h10,6188044840387267334,p3,0,0,500,0,0,0,500,0,397,12,91,0,0,0,500,0
h10,619624841030582555,p1,0,0,500,0,18,37,445,0,370,3,127,0,0,0,500,0
h10,619624841030582555,p2,0,0,500,0,0,1,499,0,381,10,109,0,0,0,500,0
h10,619624841030582555,p3,0,0,500,0,0,1,499,0,284,6,210,0,0,0,500,0
h10,6197777730050959470,p1,0,0,500,0,18,43,439,0,372,12,116,0,0,0,500,0
h10,6197777730050959470,p2,0,0,500,0,0,1,499,0,331,49,120,0,0,0,500,0
h10,6197777730050959470,p3,0,0,500,0,0,0,500,0,346,20,134,0,0,0,500,0
h10,6206865270555710685,p1,0,0,500,0,11,56,433,0,382,12,106,0,0,0,500,0
h10,6206865270555710685,p2,0,0,500,0,0,0,500,0,361,9,130,0,0,0,500,0
h10,6206865270555710685,p3,0,0,500,0,0,0,500,0,350,10,140,0,0,0,500,0
h10,6213478880350127749,p1,0,0,500,0,15,57,428,0,373,45,82,0,0,0,500,0
h10,6213478880350127749,p2,0,0,500,0,0,2,498,0,364,62,74,0,0,0,500,0
h10,6213478880350127749,p3,0,0,500,0,0,0,500,0,367,54,79,0,0,0,500,0
h10,6225800373350866827,p1,0,0,500,0,17,50,433,0,372,12,116,0,0,0,500,0
h10,6225800373350866827,p2,0,0,500,0,0,3,497,0,319,3,178,0,0,0,500,0
h10,6225800373350866827,p3,0,0,500,0,0,0,500,0,376,16,108,0,0,0,500,0
h10,6233101665352243292,p1,0,0,500,0,19,52,429,0,377,34,89,0,0,0,500,0
h10,6233101665352243292,p2,0,0,500,0,0,0,500,0,352,74,74,0,0,0,500,0
h10,6233101665352243292,p3,0,0,500,0,0,0,500,0,369,64,67,0,0,0,500,0
h10,62388325581565674,p1,0,0,500,0,10,52,438,0,369,19,112,0,0,0,500,0
h10,62388325581565674,p2,0,0,500,0,0,1,499,0,393,8,99,0,0,0,500,0
h10,62388325581565674,p3,0,0,500,0,0,0,500,0,315,10,175,0,0,0,500,0
h10,6263884963239804569,p1,0,0,500,0,13,41,446,0,378,33,89,0,0,0,500,0
h10,6263884963239804569,p2,0,0,500,0,0,0,500,0,324,68,108,0,0,0,500,0
h10,6263884963239804569,p3,0,0,500,0,0,0,500,0,315,80,105,0,0,0,500,0
h10,6266781973737884493,p1,0,0,500,0,7,50,443,0,367,11,122,0,0,0,500,0
h10,6266781973737884493,p2,0,0,500,0,0,0,500,0,340,13,147,0,0,0,500,0
h10,6266781973737884493,p3,0,0,500,0,0,0,500,0,327,31,142,0,0,0,500,0
h10,6270482577841999821,p1,0,0,500,0,24,56,420,0,360,11,129,0,0,0,500,0
h10,6270482577841999821,p2,0,0,500,0,0,1,499,0,386,8,106,0,0,0,500,0
h10,6270482577841999821,p3,0,0,500,0,0,0,500,0,371,6,123,0,0,0,500,0
h10,6286278017952310707,p1,0,0,500,0,11,53,436,0,349,16,135,0,0,0,500,0
h10,6286278017952310707,p2,0,0,500,0,0,0,500,0,366,6,128,0,0,0,500,0
h10,6286278017952310707,p3,0,0,500,0,0,1,499,0,365,10,125,0,0,0,500,0
h10,6302525653538235986,p1,0,0,500,0,19,53,428,0,370,44,86,0,0,0,500,0
h10,6302525653538235986,p2,0,0,500,0,0,0,500,0,337,77,86,0,0,0,500,0
h10,6302525653538235986,p3,0,0,500,0,0,1,499,0,299,126,75,0,0,0,500,0
h10,6304312116432078501,p1,0,0,500,0,13,55,432,0,358,40,102,0,0,0,500,0
h10,6304312116432078501,p2,0,0,500,0,0,0,500,0,395,32,73,0,0,0,500,0
h10,6304312116432078501,p3,0,0,500,0,0,0,500,0,366,72,62,0,0,0,500,0
h10,6319546427358746835,p1,0,0,500,0,19,46,435,0,387,26,87,0,0,0,500,0
h10,6319546427358746835,p2,0,0,500,0,0,1,499,0,361,64,75,0,0,0,500,0
h10,6319546427358746835,p3,0,0,500,0,0,0,500,0,362,66,72,0,0,0,500,0
h10,6345780253915298361,p1,0,0,500,0,19,57,424,0,367,46,87,0,0,0,500,0
h10,6345780253915298361,p2,0,0,500,0,0,0,500,0,397,40,63,0,0,0,500,0
h10,6345780253915298361,p3,0,0,500,0,0,0,500,0,348,95,57,0,0,0,500,0
h10,6350526839753235210,p1,0,0,500,0,12,44,444,0,382,8,110,0,0,0,500,0
h10,6350526839753235210,p2,0,0,500,0,0,0,500,0,385,9,106,0,0,0,500,0
h10,6350526839753235210,p3,0,0,500,0,0,1,499,0,360,5,135,0,0,0,500,0
h10,6363737224850558885,p1,0,0,500,0,15,49,436,0,379,32,89,0,0,0,500,0
h10,6363737224850558885,p2,0,0,500,0,0,0,500,0,392,39,69,0,0,0,500,0
h10,6363737224850558885,p3,0,0,500,0,0,0,500,0,333,101,66,0,0,0,500,0
h10,6380853950195279381,p1,0,0,500,0,9,51,440,0,373,27,100,0,0,0,500,0
h10,6380853950195279381,p2,0,0,500,0,0,1,499,0,318,109,73,0,0,0,500,0
h10,6380853950195279381,p3,0,0,500,0,0,1,499,0,333,90,77,0,0,0,500,0
h10,6400265666741422804,p1,0,0,500,0,17,58,425,0,373,12,115,0,0,0,500,0
h10,6400265666741422804,p2,0,0,500,0,0,1,499,0,390,10,100,0,0,0,500,0
h10,6400265666741422804,p3,0,0,500,0,0,0,500,0,360,6,134,0,0,0,500,0
h10,6405309118927914857,p1,0,0,500,0,15,55,430,0,377,38,85,0,0,0,500,0
h10,6405309118927914857,p2,0,0,500,0,0,0,500,0,380,45,75,0,0,0,500,0
h10,6405309118927914857,p3,0,0,500,0,0,0,500,0,278,142,80,0,0,0,500,0
h10,640864942368226396,p1,0,0,500,0,13,45,442,0,382,36,82,0,0,0,500,0
h10,640864942368226396,p2,0,0,500,0,0,0,500,0,381,33,86,0,0,0,500,0
h10,640864942368226396,p3,0,0,500,0,0,0,500,0,351,54,95,0,0,0,500,0
h10,6413302536028230327,p1,0,0,500,0,14,47,439,0,380,15,105,0,0,0,500,0
h10,6413302536028230327,p2,0,0,500,0,1,0,499,0,366,26,108,0,0,0,500,0
h10,6413302536028230327,p3,0,0,500,0,0,0,500,0,321,93,86,0,0,0,500,0
h10,6468964418824540290,p1,0,0,500,0,16,42,442,0,358,15,127,0,0,0,500,0
h10,6468964418824540290,p2,0,0,500,0,0,1,499,0,344,6,150,0,0,0,500,0
h10,6468964418824540290,p3,0,0,500,0,0,0,500,0,336,28,136,0,0,0,500,0
h10,6471366822032080756,p1,0,0,500,0,12,50,438,0,389,38,73,0,0,0,500,0
h10,6471366822032080756,p2,0,0,500,0,0,5,495,0,398,44,58,0,0,0,500,0
h10,6471366822032080756,p3,0,0,500,0,0,0,500,0,359,73,68,0,0,0,500,0
h10,6521868254132059654,p1,0,0,500,0,15,58,427,0,375,5,120,0,0,0,500,0
h10,6521868254132059654,p2,0,0,500,0,0,1,499,0,332,11,157,0,0,0,500,0
h10,6521868254132059654,p3,0,0,500,0,0,0,500,0,365,24,111,0,0,0,500,0
h10,6542073822433313950,p1,0,0,500,0,12,48,440,0,358,33,109,0,0,0,500,0
h10,6542073822433313950,p2,0,0,500,0,0,0,500,0,351,27,122,0,0,0,500,0
h10,6542073822433313950,p3,0,0,500,0,0,0,500,0,341,54,105,0,0,0,500,0
h10,6564996635567695069,p1,0,0,500,0,9,49,442,0,368,50,82,0,0,0,500,0
h10,6564996635567695069,p2,0,0,500,0,0,0,500,0,351,83,66,0,0,0,500,0
h10,6564996635567695069,p3,0,0,500,0,0,0,500,0,364,70,66,0,0,0,500,0
h10,6580389883628661033,p1,0,0,500,0,18,51,431,0,370,15,115,0,0,0,500,0
h10,6580389883628661033,p2,0,0,500,0,0,1,499,0,357,6,137,0,0,0,500,0
h10,6580389883628661033,p3,0,0,500,0,0,0,500,0,355,19,126,0,0,0,500,0
h10,6595661886594101471,p1,0,0,500,0,11,35,454,0,365,14,121,0,0,0,500,0
h10,6595661886594101471,p2,0,0,500,0,0,1,499,0,381,17,102,0,0,0,500,0
h10,6595661886594101471,p3,0,0,500,0,0,0,500,0,316,17,167,0,0,0,500,0
h10,6608809089552297484,p1,0,0,500,0,9,45,446,0,378,9,113,0,0,0,500,0
h10,6608809089552297484,p2,0,0,500,0,0,1,499,0,373,19,108,0,0,0,500,0
h10,6608809089552297484,p3,0,0,500,0,0,1,499,0,334,6,160,0,0,0,500,0
h10,6641884518601195670,p1,0,0,500,0,13,58,429,0,360,7,133,0,0,0,500,0
h10,6641884518601195670,p2,0,0,500,0,0,1,499,0,370,16,114,0,0,0,500,0
h10,6641884518601195670,p3,0,0,500,0,1,0,499,0,330,7,163,0,0,0,500,0
h10,6653552891111426127,p1,0,0,500,0,16,49,435,0,371,18,111,0,0,0,500,0
h10,6653552891111426127,p2,0,0,500,0,0,0,500,0,340,18,142,0,0,0,500,0
h10,6653552891111426127,p3,0,0,500,0,0,0,500,0,342,8,150,0,0,0,500,0
h10,6653571569432246723,p1,0,0,500,0,8,47,445,0,378,16,106,0,0,0,500,0
h10,6653571569432246723,p2,0,0,500,0,0,0,500,0,303,7,190,0,0,0,500,0
h10,6653571569432246723,p3,0,0,500,0,0,0,500,0,296,26,178,0,0,0,500,0
h10,6675585181627138478,p1,0,0,500,0,21,59,420,0,382,22,96,0,0,0,500,0
h10,6675585181627138478,p2,0,0,500,0,0,1,499,0,374,19,107,0,0,0,500,0
h10,6675585181627138478,p3,0,0,500,0,0,1,499,0,349,30,121,0,0,0,500,0
h10,6682180956363210862,p1,0,0,500,0,13,50,437,0,371,10,119,0,0,0,500,0
h10,6682180956363210862,p2,0,0,500,0,0,2,498,0,336,33,131,0,0,0,500,0
h10,6682180956363210862,p3,0,0,500,0,0,0,500,0,352,25,123,0,0,0,500,0
h10,668514022658497051,p1,0,0,500,0,19,54,427,0,369,7,124,0,0,0,500,0
h10,668514022658497051,p2,0,0,500,0,0,1,499,0,393,3,104,0,0,0,500,0
h10,668514022658497051,p3,0,0,500,0,0,0,500,0,373,3,124,0,0,0,500,0
h10,6686484661086235967,p1,0,0,500,0,17,61,422,0,375,24,101,0,0,0,500,0
h10,6686484661086235967,p2,0,0,500,0,0,0,500,0,344,40,116,0,0,0,500,0
h10,6686484661086235967,p3,0,0,500,0,0,0,500,0,373,34,93,0,0,0,500,0
h10,6721650940977808213,p1,0,0,500,0,12,45,443,0,381,10,109,0,0,0,500,0
h10,6721650940977808213,p2,0,0,500,0,0,2,498,0,380,6,114,0,0,0,500,0
h10,6721650940977808213,p3,0,0,500,0,0,0,500,0,349,26,125,0,0,0,500,0
h10,6725062127071495749,p1,0,0,500,0,13,63,424,0,367,56,77,0,0,0,500,0
h10,6725062127071495749,p2,0,0,500,0,0,0,500,0,391,27,82,0,0,0,500,0
h10,6725062127071495749,p3,0,0,500,0,0,0,500,0,256,13,231,0,0,0,500,0
h10,676035330908438030,p1,0,0,500,0,5,51,444,0,367,12,121,0,0,0,500,0
h10,676035330908438030,p2,0,0,500,0,0,0,500,0,365,10,125,0,0,0,500,0
h10,676035330908438030,p3,0,0,500,0,0,0,500,0,362,16,122,0,0,0,500,0
h10,6767195749530879428,p1,0,0,500,0,18,57,425,0,371,14,115,0,0,0,500,0
h10,6767195749530879428,p2,0,0,500,0,0,2,498,0,391,9,100,0,0,0,500,0
h10,6767195749530879428,p3,0,0,500,0,0,0,500,0,332,12,156,0,0,0,500,0
h10,6778355494835533152,p1,0,0,500,0,14,40,446,0,375,15,110,0,0,0,500,0
h10,6778355494835533152,p2,0,0,500,0,0,0,500,0,379,7,114,0,0,0,500,0
h10,6778355494835533152,p3,0,0,500,0,0,0,500,0,374,8,118,0,0,0,500,0
h10,6794857817259638120,p1,0,0,500,0,14,53,433,0,366,23,111,0,0,0,500,0
h10,6794857817259638120,p2,0,0,500,0,0,0,500,0,293,44,163,0,0,0,500,0
h10,6794857817259638120,p3,0,0,500,0,0,0,500,0,280,121,99,0,0,0,500,0
h10,6805308891829717615,p1,0,0,500,0,16,58,426,0,370,13,117,0,0,0,500,0
h10,6805308891829717615,p2,0,0,500,0,0,1,499,0,381,16,103,0,0,0,500,0
h10,6805308891829717615,p3,0,0,500,0,0,0,500,0,330,30,140,0,0,0,500,0
h10,6806079421604775778,p1,0,0,500,0,18,50,432,0,363,18,119,0,0,0,500,0
h10,6806079421604775778,p2,0,0,500,0,0,1,499,0,377,37,86,0,0,0,500,0
h10,6806079421604775778,p3,0,0,500,0,0,0,500,0,387,14,99,0,0,0,500,0
h10,6839958203059671357,p1,0,0,500,0,11,51,438,0,368,47,85,0,0,0,500,0
h10,6839958203059671357,p2,0,0,500,0,0,0,500,0,380,52,68,0,0,0,500,0
h10,6839958203059671357,p3,0,0,500,0,0,0,500,0,365,40,95,0,0,0,500,0
h10,6868753200873327328,p1,0,0,500,0,14,38,448,0,364,25,111,0,0,0,500,0
h10,6868753200873327328,p2,0,0,500,0,0,1,499,0,326,62,112,0,0,0,500,0
h10,6868753200873327328,p3,0,0,500,0,0,0,500,0,320,69,111,0,0,0,500,0
h10,687515189984373041,p1,0,0,500,0,10,46,444,0,381,37,82,0,0,0,500,0
h10,687515189984373041,p2,0,0,500,0,0,0,500,0,359,78,63,0,0,0,500,0
h10,687515189984373041,p3,0,0,500,0,0,0,500,0,379,12,109,0,0,0,500,0
h10,6898102233494692954,p1,0,0,500,0,15,58,427,0,344,35,121,0,0,0,500,0
h10,6898102233494692954,p2,0,0,500,0,0,0,500,0,370,32,98,0,0,0,500,0
h10,6898102233494692954,p3,0,0,500,0,0,0,500,0,278,117,105,0,0,0,500,0
h10,6950854716342065280,p1,0,0,500,0,12,42,446,0,376,30,94,0,0,0,500,0
h10,6950854716342065280,p2,0,0,500,0,0,1,499,0,358,69,73,0,0,0,500,0
h10,6950854716342065280,p3,0,0,500,0,0,0,500,0,371,48,81,0,0,0,500,0
h10,6982498551150246415,p1,0,0,500,0,19,42,439,0,356,49,95,0,0,0,500,0
h10,6982498551150246415,p2,0,0,500,0,0,1,499,0,319,105,76,0,0,0,500,0
h10,6982498551150246415,p3,0,0,500,0,0,0,500,0,345,86,69,0,0,0,500,0
h10,6982878628916527953,p1,0,0,500,0,18,47,435,0,384,9,107,0,0,0,500,0
h10,6982878628916527953,p2,0,0,500,0,0,3,497,0,389,14,97,0,0,0,500,0
h10,6982878628916527953,p3,0,0,500,0,0,0,500,0,325,8,167,0,0,0,500,0
h10,6987973245034708872,p1,0,0,500,0,23,51,426,0,364,10,126,0,0,0,500,0
h10,6987973245034708872,p2,0,0,500,0,0,3,497,0,351,6,143,0,0,0,500,0
h10,6987973245034708872,p3,0,0,500,0,0,0,500,0,363,9,128,0,0,0,500,0
h10,7002330520356708386,p1,0,0,500,0,18,52,430,0,364,9,127,0,0,0,500,0
h10,7002330520356708386,p2,0,0,500,0,0,0,500,0,381,11,108,0,0,0,500,0
h10,7002330520356708386,p3,0,0,500,0,0,0,500,0,364,18,118,0,0,0,500,0
h10,7002394389388026964,p1,0,0,500,0,15,37,448,0,371,9,120,0,0,0,500,0
h10,7002394389388026964,p2,0,0,500,0,0,0,500,0,388,15,97,0,0,0,500,0
h10,7002394389388026964,p3,0,0,500,0,0,0,500,0,383,11,106,0,0,0,500,0
h10,7043408453602655993,p1,0,0,500,0,13,45,442,0,386,8,106,0,0,0,500,0
h10,7043408453602655993,p2,0,0,500,0,0,1,499,0,367,4,129,0,0,0,500,0
h10,7043408453602655993,p3,0,0,500,0,0,0,500,0,323,8,169,0,0,0,500,0
h10,7065385466176995646,p1,0,0,500,0,17,41,442,0,373,6,121,0,0,0,500,0
h10,7065385466176995646,p2,0,0,500,0,0,2,498,0,378,19,103,0,0,0,500,0
h10,7065385466176995646,p3,0,0,500,0,0,0,500,0,374,8,118,0,0,0,500,0
h10,7067217479657550778,p1,0,0,500,0,8,52,440,0,373,10,117,0,0,0,500,0
h10,7067217479657550778,p2,0,0,500,0,0,1,499,0,378,5,117,0,0,0,500,0
h10,7067217479657550778,p3,0,0,500,0,0,0,500,0,284,31,185,0,0,0,500,0
h10,7101029447650996512,p1,0,0,500,0,7,47,446,0,362,15,123,0,0,0,500,0
h10,7101029447650996512,p2,0,0,500,0,0,1,499,0,386,6,108,0,0,0,500,0
h10,7101029447650996512,p3,0,0,500,0,0,0,500,0,381,22,97,0,0,0,500,0
h10,7109568077106525684,p1,0,0,500,0,18,53,429,0,365,9,126,0,0,0,500,0
h10,7109568077106525684,p2,0,0,500,0,0,2,498,0,347,48,105,0,0,0,500,0
h10,7109568077106525684,p3,0,0,500,0,0,1,499,0,356,8,136,0,0,0,500,0
h10,7115043997102468705,p1,0,0,500,0,12,49,439,0,364,13,123,0,0,0,500,0
h10,7115043997102468705,p2,0,0,500,0,0,0,500,0,367,20,113,0,0,0,500,0
h10,7115043997102468705,p3,0,0,500,0,0,0,500,0,336,28,136,0,0,0,500,0
h10,7121666655417947514,p1,0,0,500,0,14,66,420,0,367,45,88,0,0,0,500,0
h10,7121666655417947514,p2,0,0,500,0,0,1,499,0,378,54,68,0,0,0,500,0
h10,7121666655417947514,p3,0,0,500,0,0,0,500,0,333,95,72,0,0,0,500,0
h10,7130027541133706723,p1,0,0,500,0,11,46,443,0,376,10,114,0,0,0,500,0
h10,7130027541133706723,p2,0,0,500,0,0,0,500,0,334,51,115,0,0,0,500,0
h10,7130027541133706723,p3,0,0,500,0,0,0,500,0,349,12,139,0,0,0,500,0
h10,7161415418635995876,p1,0,0,500,0,16,62,422,0,377,34,89,0,0,0,500,0
h10,7161415418635995876,p2,0,0,500,0,0,1,499,0,360,74,66,0,0,0,500,0
h10,7161415418635995876,p3,0,0,500,0,0,0,500,0,352,81,67,0,0,0,500,0
h10,7165066339570139810,p1,0,0,500,0,18,34,448,0,367,21,112,0,0,0,500,0
h10,7165066339570139810,p2,0,0,500,0,0,3,497,0,336,22,142,0,0,0,500,0
h10,7165066339570139810,p3,0,0,500,0,0,0,500,0,372,23,105,0,0,0,500,0
h10,716531998885254618,p1,0,0,500,0,31,62,407,0,394,7,99,0,0,0,500,0
h10,716531998885254618,p2,0,0,500,0,0,1,499,0,358,4,138,0,0,0,500,0
h10,716531998885254618,p3,0,0,500,0,0,0,500,0,356,13,131,0,0,0,500,0
h10,7169142924721882020,p1,0,0,500,0,11,47,442,0,364,16,120,0,0,0,500,0
h10,7169142924721882020,p2,0,0,500,0,0,0,500,0,315,69,116,0,0,0,500,0
h10,7169142924721882020,p3,0,0,500,0,0,0,500,0,335,49,116,0,0,0,500,0
h10,7190375542432072695,p1,0,0,500,0,15,49,436,0,374,10,116,0,0,0,500,0
h10,7190375542432072695,p2,0,0,500,0,0,0,500,0,365,14,121,0,0,0,500,0
h10,7190375542432072695,p3,0,0,500,0,0,0,500,0,352,31,117,0,0,0,500,0
h10,719629301056120332,p1,0,0,500,0,15,49,436,0,369,31,100,0,0,0,500,0
h10,719629301056120332,p2,0,0,500,0,0,1,499,0,331,64,105,0,0,0,500,0
h10,719629301056120332,p3,0,0,500,0,0,0,500,0,364,39,97,0,0,0,500,0
h10,7235530420902678226,p1,0,0,500,0,12,62,426,0,363,18,119,0,0,0,500,0
h10,7235530420902678226,p2,0,0,500,0,0,0,500,0,369,24,107,0,0,0,500,0
h10,7235530420902678226,p3,0,0,500,0,0,0,500,0,347,27,126,0,0,0,500,0
h10,7255157952621009682,p1,0,0,500,0,19,42,439,0,379,11,110,0,0,0,500,0
h10,7255157952621009682,p2,0,0,500,0,0,0,500,0,371,16,113,0,0,0,500,0
h10,7255157952621009682,p3,0,0,500,0,0,0,500,0,357,18,125,0,0,0,500,0
h10,7282538293252517669,p1,0,0,500,0,10,52,438,0,362,9,129,0,0,0,500,0
h10,7282538293252517669,p2,0,0,500,0,0,2,498,0,364,2,134,0,0,0,500,0
h10,7282538293252517669,p3,0,0,500,0,0,0,500,0,361,21,118,0,0,0,500,0
h10,7295372283654610366,p1,0,0,500,0,13,48,439,0,387,24,89,0,0,0,500,0
h10,7295372283654610366,p2,0,0,500,0,0,0,500,0,364,20,116,0,0,0,500,0
h10,7295372283654610366,p3,0,0,500,0,0,0,500,0,343,25,132,0,0,0,500,0
h10,7298939453274469766,p1,0,0,500,0,17,57,426,0,362,7,131,0,0,0,500,0
h10,7298939453274469766,p2,0,0,500,0,0,1,499,0,371,14,115,0,0,0,500,0
h10,7298939453274469766,p3,0,0,500,0,0,1,499,0,344,19,137,0,0,0,500,0
h10,7310177629327166012,p1,0,0,500,0,14,53,433,0,387,28,85,0,0,0,500,0
h10,7310177629327166012,p2,0,0,500,0,0,2,498,0,376,37,87,0,0,0,500,0
h10,7310177629327166012,p3,0,0,500,0,0,0,500,0,351,89,60,0,0,0,500,0
h10,734757789708957627,p1,0,0,500,0,9,38,453,0,380,27,93,0,0,0,500,0
h10,734757789708957627,p2,0,0,500,0,0,3,497,0,387,34,79,0,0,0,500,0
h10,734757789708957627,p3,0,0,500,0,0,0,500,0,329,103,68,0,0,0,500,0
h10,7350290355227395183,p1,0,0,500,0,14,44,442,0,356,10,134,0,0,0,500,0
h10,7350290355227395183,p2,0,0,500,0,0,0,500,0,338,11,151,0,0,0,500,0
h10,7350290355227395183,p3,0,0,500,0,0,0,500,0,342,23,135,0,0,0,500,0
h10,7352322062592632680,p1,0,0,500,0,18,53,429,0,354,23,123,0,0,0,500,0
h10,7352322062592632680,p2,0,0,500,0,0,0,500,0,317,15,168,0,0,0,500,0
h10,7352322062592632680,p3,0,0,500,0,0,0,500,0,338,25,137,0,0,0,500,0
h10,7379410296824446487,p1,0,0,500,0,12,47,441,0,377,30,93,0,0,0,500,0
h10,7379410296824446487,p2,0,0,500,0,0,2,498,0,365,55,80,0,0,0,500,0
h10,7379410296824446487,p3,0,0,500,0,0,0,500,0,327,92,81,0,0,0,500,0
h10,7397885875878102284,p1,0,0,500,0,14,36,450,0,367,17,116,0,0,0,500,0
h10,7397885875878102284,p2,0,0,500,0,0,1,499,0,353,6,141,0,0,0,500,0
h10,7397885875878102284,p3,0,0,500,0,0,1,499,0,301,44,155,0,0,0,500,0
h10,7398343010820539709,p1,0,0,500,0,15,59,426,0,383,8,109,0,0,0,500,0
h10,7398343010820539709,p2,0,0,500,0,0,1,499,0,388,12,100,0,0,0,500,0
h10,7398343010820539709,p3,0,0,500,0,0,0,500,0,342,15,143,0,0,0,500,0
h10,7408937616229523706,p1,0,0,500,0,13,57,430,0,372,11,117,0,0,0,500,0
h10,7408937616229523706,p2,0,0,500,0,0,0,500,0,323,25,152,0,0,0,500,0
h10,7408937616229523706,p3,0,0,500,0,0,0,500,0,369,27,104,0,0,0,500,0
h10,7408947369882616651,p1,0,0,500,0,16,37,447,0,348,28,124,0,0,0,500,0
h10,7408947369882616651,p2,0,0,500,0,0,2,498,0,241,198,61,0,0,0,500,0
h10,7408947369882616651,p3,0,0,500,0,0,0,500,0,347,83,70,0,0,0,500,0
h10,7471234116172256561,p1,0,0,500,0,16,57,427,0,360,44,96,0,0,0,500,0
h10,7471234116172256561,p2,0,0,500,0,0,0,500,0,337,89,74,0,0,0,500,0
h10,7471234116172256561,p3,0,0,500,0,0,0,500,0,286,149,65,0,0,0,500,0
h10,7478711413010239881,p1,0,0,500,0,24,49,427,0,382,11,107,0,0,0,500,0
h10,7478711413010239881,p2,0,0,500,0,0,1,499,0,404,10,86,0,0,0,500,0
h10,7478711413010239881,p3,0,0,500,0,0,0,500,0,233,27,240,0,0,0,500,0
h10,7486905385871169436,p1,0,0,500,0,18,62,420,0,379,29,92,0,0,0,500,0
h10,7486905385871169436,p2,0,0,500,0,0,0,500,0,354,69,77,0,0,0,500,0
h10,7486905385871169436,p3,0,0,500,0,0,0,500,0,358,70,72,0,0,0,500,0
h10,7488453019694451806,p1,0,0,500,0,13,49,438,0,371,4,125,0,0,0,500,0
h10,7488453019694451806,p2,0,0,500,0,0,0,500,0,363,14,123,0,0,0,500,0
h10,7488453019694451806,p3,0,0,500,0,0,0,500,0,350,10,140,0,0,0,500,0
h10,7504687967456398126,p1,0,0,500,0,20,58,422,0,392,13,95,0,0,0,500,0
h10,7504687967456398126,p2,0,0,500,0,0,1,499,0,334,37,129,0,0,0,500,0
h10,7504687967456398126,p3,0,0,500,0,0,0,500,0,359,18,123,0,0,0,500,0
h10,7510891439253619367,p1,0,0,500,0,14,34,452,0,356,10,134,0,0,0,500,0
h10,7510891439253619367,p2,0,0,500,0,0,1,499,0,331,16,153,0,0,0,500,0
h10,7510891439253619367,p3,0,0,500,0,0,0,500,0,360,19,121,0,0,0,500,0
h10,7511663267632970451,p1,0,0,500,0,10,62,428,0,381,13,106,0,0,0,500,0
h10,7511663267632970451,p2,0,0,500,0,0,1,499,0,367,10,123,0,0,0,500,0
h10,7511663267632970451,p3,0,0,500,0,0,0,500,0,373,9,118,0,0,0,500,0
h10,75366300672174763,p1,0,0,500,0,14,50,436,0,368,13,119,0,0,0,500,0
h10,75366300672174763,p2,0,0,500,0,0,1,499,0,362,14,124,0,0,0,500,0
h10,75366300672174763,p3,0,0,500,0,0,1,499,0,372,14,114,0,0,0,500,0
h10,7544405566945497440,p1,0,0,500,0,13,53,434,0,370,35,95,0,0,0,500,0
h10,7544405566945497440,p2,0,0,500,0,0,3,497,0,346,46,108,0,0,0,500,0
h10,7544405566945497440,p3,0,0,500,0,0,0,500,0,293,92,115,0,0,0,500,0
h10,7554226532174989352,p1,0,0,500,0,11,34,455,0,371,11,118,0,0,0,500,0
h10,7554226532174989352,p2,0,0,500,0,0,0,500,0,347,7,146,0,0,0,500,0
h10,7554226532174989352,p3,0,0,500,0,0,0,500,0,303,5,192,0,0,0,500,0
h10,7558909457469050645,p1,0,0,500,0,12,58,430,0,382,8,110,0,0,0,500,0
h10,7558909457469050645,p2,0,0,500,0,0,1,499,0,350,5,145,0,0,0,500,0
h10,7558909457469050645,p3,0,0,500,0,0,0,500,0,378,7,115,0,0,0,500,0
h10,7577045924626654908,p1,0,0,500,0,17,52,431,0,377,35,88,0,0,0,500,0
h10,7577045924626654908,p2,0,0,500,0,0,1,499,0,316,124,60,0,0,0,500,0
h10,7577045924626654908,p3,0,0,500,0,0,0,500,0,323,90,87,0,0,0,500,0
h10,757987503346136312,p1,0,0,500,0,20,71,409,0,376,12,112,0,0,0,500,0
h10,757987503346136312,p2,0,0,500,0,0,1,499,0,380,20,100,0,0,0,500,0
h10,757987503346136312,p3,0,0,500,0,0,0,500,0,359,4,137,0,0,0,500,0
h10,758712106975348503,p1,0,0,500,0,21,37,442,0,376,13,111,0,0,0,500,0
h10,758712106975348503,p2,0,0,500,0,0,1,499,0,346,20,134,0,0,0,500,0
h10,758712106975348503,p3,0,0,500,0,0,0,500,0,366,27,107,0,0,0,500,0
h10,7598183414625494878,p1,0,0,500,0,15,44,441,0,379,6,115,0,0,0,500,0
h10,7598183414625494878,p2,0,0,500,0,0,1,499,0,324,23,153,0,0,0,500,0
h10,7598183414625494878,p3,0,0,500,0,0,0,500,0,317,4,179,0,0,0,500,0
h10,7642266478550329013,p1,0,0,500,0,19,60,421,0,372,11,117,0,0,0,500,0
h10,7642266478550329013,p2,0,0,500,0,0,0,500,0,323,8,169,0,0,0,500,0
h10,7642266478550329013,p3,0,0,500,0,0,0,500,0,386,7,107,0,0,0,500,0
h10,7651512055271949795,p1,0,0,500,0,17,55,428,0,379,4,117,0,0,0,500,0
h10,7651512055271949795,p2,0,0,500,0,0,2,498,0,352,5,143,0,0,0,500,0
h10,7651512055271949795,p3,0,0,500,0,0,0,500,0,286,8,206,0,0,0,500,0
h10,7663665376372334875,p1,0,0,500,0,16,61,423,0,354,12,134,0,0,0,500,0
h10,7663665376372334875,p2,0,0,500,0,0,0,500,0,316,20,164,0,0,0,500,0
h10,7663665376372334875,p3,0,0,500,0,0,0,500,0,379,10,111,0,0,0,500,0
h10,7717974502193491553,p1,0,0,500,0,17,50,433,0,379,5,116,0,0,0,500,0
h10,7717974502193491553,p2,0,0,500,0,0,0,500,0,344,6,150,0,0,0,500,0
h10,7717974502193491553,p3,0,0,500,0,0,0,500,0,307,5,188,0,0,0,500,0
h10,7741900444824712679,p1,0,0,500,0,12,69,419,0,371,8,121,0,0,0,500,0
h10,7741900444824712679,p2,0,0,500,0,0,1,499,0,374,11,115,0,0,0,500,0
h10,7741900444824712679,p3,0,0,500,0,0,0,500,0,372,16,112,0,0,0,500,0
h10,7743202745459324731,p1,0,0,500,0,21,51,428,0,387,23,90,0,0,0,500,0
h10,7743202745459324731,p2,0,0,500,0,0,0,500,0,377,59,64,0,0,0,500,0
h10,7743202745459324731,p3,0,0,500,0,0,0,500,0,313,33,154,0,0,0,500,0
h10,7775076713783724710,p1,0,0,500,0,11,52,437,0,385,28,87,0,0,0,500,0
h10,7775076713783724710,p2,0,0,500,0,0,1,499,0,332,102,66,0,0,0,500,0
h10,7775076713783724710,p3,0,0,500,0,0,0,500,0,391,48,61,0,0,0,500,0
h10,7781314410628587716,p1,0,0,500,0,13,45,442,0,381,10,109,0,0,0,500,0
h10,7781314410628587716,p2,0,0,500,0,0,1,499,0,361,18,121,0,0,0,500,0
h10,7781314410628587716,p3,0,0,500,0,0,0,500,0,365,9,126,0,0,0,500,0
h10,7832687550037620947,p1,0,0,500,0,7,46,447,0,366,11,123,0,0,0,500,0
h10,7832687550037620947,p2,0,0,500,0,0,0,500,0,394,9,97,0,0,0,500,0
h10,7832687550037620947,p3,0,0,500,0,0,0,500,0,345,43,112,0,0,0,500,0
h10,783830213766371059,p1,0,0,500,0,12,55,433,0,383,9,108,0,0,0,500,0
h10,783830213766371059,p2,0,0,500,0,0,1,499,0,354,8,138,0,0,0,500,0
h10,783830213766371059,p3,0,0,500,0,0,0,500,0,370,15,115,0,0,0,500,0
h10,7848085292432968469,p1,0,0,500,0,15,47,438,0,378,5,117,0,0,0,500,0
h10,7848085292432968469,p2,0,0,500,0,0,0,500,0,369,5,126,0,0,0,500,0
h10,7848085292432968469,p3,0,0,500,0,0,0,500,0,360,6,134,0,0,0,500,0
h10,7858929712906841128,p1,0,0,500,0,19,47,434,0,375,17,108,0,0,0,500,0
h10,7858929712906841128,p2,0,0,500,0,0,0,500,0,345,7,148,0,0,0,500,0
h10,7858929712906841128,p3,0,0,500,0,0,0,500,0,356,22,122,0,0,0,500,0
h10,7866850073563790232,p1,0,0,500,0,17,47,436,0,374,10,116,0,0,0,500,0
h10,7866850073563790232,p2,0,0,500,0,0,1,499,0,377,10,113,0,0,0,500,0
h10,7866850073563790232,p3,0,0,500,0,0,0,500,0,394,4,102,0,0,0,500,0
h10,7873989010425175006,p1,0,0,500,0,14,54,432,0,370,17,113,0,0,0,500,0
h10,7873989010425175006,p2,0,0,500,0,0,1,499,0,364,18,118,0,0,0,500,0
h10,7873989010425175006,p3,0,0,500,0,0,0,500,0,360,31,109,0,0,0,500,0
h10,7878891777622847590,p1,0,0,500,0,15,62,423,0,365,42,93,0,0,0,500,0
h10,7878891777622847590,p2,0,0,500,0,0,3,497,0,343,99,58,0,0,0,500,0
h10,7878891777622847590,p3,0,0,500,0,0,0,500,0,354,84,62,0,0,0,500,0
h10,7883688560016888222,p1,0,0,500,0,14,54,432,0,368,14,118,0,0,0,500,0
h10,7883688560016888222,p2,0,0,500,0,0,0,500,0,382,12,106,0,0,0,500,0
h10,7883688560016888222,p3,0,0,500,0,0,0,500,0,298,9,193,0,0,0,500,0
h10,7884742403566349372,p1,0,0,500,0,9,46,445,0,351,22,127,0,0,0,500,0
h10,7884742403566349372,p2,0,0,500,0,0,1,499,0,365,34,101,0,0,0,500,0
h10,7884742403566349372,p3,0,0,500,0,0,0,500,0,376,52,72,0,0,0,500,0
h10,7905927068240777258,p1,0,0,500,0,16,44,440,0,371,8,121,0,0,0,500,0
h10,7905927068240777258,p2,0,0,500,0,0,0,500,0,390,7,103,0,0,0,500,0
h10,7905927068240777258,p3,0,0,500,0,0,0,500,0,383,11,106,0,0,0,500,0
h10,7942341738641521490,p1,0,0,500,0,10,46,444,0,396,25,79,0,0,0,500,0
h10,7942341738641521490,p2,0,0,500,0,0,4,496,0,363,72,65,0,0,0,500,0
h10,7942341738641521490,p3,0,0,500,0,0,0,500,0,360,58,82,0,0,0,500,0
h10,7954187330644355142,p1,0,0,500,0,10,45,445,0,387,11,102,0,0,0,500,0
h10,7954187330644355142,p2,0,0,500,0,0,0,500,0,351,4,145,0,0,0,500,0
h10,7954187330644355142,p3,0,0,500,0,0,1,499,0,384,17,99,0,0,0,500,0
h10,7962087443639829875,p1,0,0,500,0,26,38,436,0,369,34,97,0,0,0,500,0
h10,7962087443639829875,p2,0,0,500,0,0,1,499,0,327,93,80,0,0,0,500,0
h10,7962087443639829875,p3,0,0,500,0,0,0,500,0,355,66,79,0,0,0,500,0
h10,8021025389252768240,p1,0,0,500,0,16,57,427,0,382,26,92,0,0,0,500,0
h10,8021025389252768240,p2,0,0,500,0,0,1,499,0,357,83,60,0,0,0,500,0
h10,8021025389252768240,p3,0,0,500,0,0,1,499,0,329,115,56,0,0,0,500,0
h10,808778871173812173,p1,0,0,500,0,15,45,440,0,384,13,103,0,0,0,500,0
h10,808778871173812173,p2,0,0,500,0,0,0,500,0,368,5,127,0,0,0,500,0
h10,808778871173812173,p3,0,0,500,0,0,0,500,0,328,15,157,0,0,0,500,0
h10,8105113531810149328,p1,0,0,500,0,19,57,424,0,344,13,143,0,0,0,500,0
h10,8105113531810149328,p2,0,0,500,0,0,1,499,0,316,8,176,0,0,0,500,0
h10,8105113531810149328,p3,0,0,500,0,0,0,500,0,354,6,140,0,0,0,500,0
h10,8152829699244551392,p1,0,0,500,0,5,45,450,0,381,15,104,0,0,0,500,0
h10,8152829699244551392,p2,0,0,500,0,0,4,496,0,367,13,120,0,0,0,500,0
h10,8152829699244551392,p3,0,0,500,0,0,0,500,0,356,45,99,0,0,0,500,0
h10,8159230714493336885,p1,0,0,500,0,23,55,422,0,386,31,83,0,0,0,500,0
h10,8159230714493336885,p2,0,0,500,0,0,0,500,0,390,57,53,0,0,0,500,0
h10,8159230714493336885,p3,0,0,500,0,0,1,499,0,372,60,68,0,0,0,500,0
h10,8163401695404821128,p1,0,0,500,0,14,55,431,0,373,7,120,0,0,0,500,0
h10,8163401695404821128,p2,0,0,500,0,0,2,498,0,348,11,141,0,0,0,500,0
h10,8163401695404821128,p3,0,0,500,0,0,0,500,0,323,21,156,0,0,0,500,0
h10,8178006242395678666,p1,0,0,500,0,9,50,441,0,345,58,97,0,0,0,500,0
h10,8178006242395678666,p2,0,0,500,0,0,0,500,0,351,90,59,0,0,0,500,0
h10,8178006242395678666,p3,0,0,500,0,0,0,500,0,350,72,78,0,0,0,500,0
h10,8218371996293622782,p1,0,0,500,0,12,62,426,0,385,9,106,0,0,0,500,0
h10,8218371996293622782,p2,0,0,500,0,0,1,499,0,336,12,152,0,0,0,500,0
h10,8218371996293622782,p3,0,0,500,0,0,0,500,0,342,6,152,0,0,0,500,0
h10,8226050544434320595,p1,0,0,500,0,19,57,424,0,360,7,133,0,0,0,500,0
h10,8226050544434320595,p2,0,0,500,0,0,2,498,0,391,18,91,0,0,0,500,0
h10,8226050544434320595,p3,0,0,500,0,0,0,500,0,295,5,200,0,0,0,500,0
h10,8228836722842789166,p1,0,0,500,0,18,49,433,0,385,33,82,0,0,0,500,0
h10,8228836722842789166,p2,0,0,500,0,0,0,500,0,380,39,81,0,0,0,500,0
h10,8228836722842789166,p3,0,0,500,0,0,0,500,0,377,48,75,0,0,0,500,0
h10,8239522417594212271,p1,0,0,500,0,13,52,435,0,368,8,124,0,0,0,500,0
h10,8239522417594212271,p2,0,0,500,0,0,1,499,0,369,57,74,0,0,0,500,0
h10,8239522417594212271,p3,0,0,500,0,0,0,500,0,332,41,127,0,0,0,500,0
h10,8244170726258562512,p1,0,0,500,0,10,45,445,0,378,8,114,0,0,0,500,0
h10,8244170726258562512,p2,0,0,500,0,0,0,500,0,379,20,101,0,0,0,500,0
h10,8244170726258562512,p3,0,0,500,0,0,0,500,0,352,26,122,0,0,0,500,0
h10,8270358247173659095,p1,0,0,500,0,19,44,437,0,374,10,116,0,0,0,500,0
h10,8270358247173659095,p2,0,0,500,0,0,3,497,0,371,6,123,0,0,0,500,0
h10,8270358247173659095,p3,0,0,500,0,0,0,500,0,371,16,113,0,0,0,500,0
h10,8287888176416114215,p1,0,0,500,0,13,42,445,0,361,10,129,0,0,0,500,0
h10,8287888176416114215,p2,0,0,500,0,0,1,499,0,388,21,91,0,0,0,500,0
h10,8287888176416114215,p3,0,0,500,0,0,0,500,0,330,5,165,0,0,0,500,0
h10,8290485621051729761,p1,0,0,500,0,11,42,447,0,375,8,117,0,0,0,500,0
h10,8290485621051729761,p2,0,0,500,0,0,1,499,0,336,7,157,0,0,0,500,0
h10,8290485621051729761,p3,0,0,500,0,0,0,500,0,325,8,167,0,0,0,500,0
h10,8308902263339315364,p1,0,0,500,0,21,69,410,0,370,37,93,0,0,0,500,0
h10,8308902263339315364,p2,0,0,500,0,0,0,500,0,376,73,51,0,0,0,500,0
h10,8308902263339315364,p3,0,0,500,0,0,0,500,0,349,77,74,0,0,0,500,0
h10,83234146314578314,p1,0,0,500,0,19,47,434,0,355,24,121,0,0,0,500,0
h10,83234146314578314,p2,0,0,500,0,0,1,499,0,393,13,94,0,0,0,500,0
h10,83234146314578314,p3,0,0,500,0,0,0,500,0,276,92,132,0,0,0,500,0
h10,834878244070258374,p1,0,0,500,0,15,47,438,0,373,9,118,0,0,0,500,0
h10,834878244070258374,p2,0,0,500,0,0,0,500,0,345,8,147,0,0,0,500,0
h10,834878244070258374,p3,0,0,500,0,0,0,500,0,354,16,130,0,0,0,500,0
h10,836555008149158797,p1,0,0,500,0,14,44,442,0,374,15,111,0,0,0,500,0
h10,836555008149158797,p2,0,0,500,0,0,1,499,0,360,13,127,0,0,0,500,0
h10,836555008149158797,p3,0,0,500,0,0,0,500,0,359,14,127,0,0,0,500,0
h10,836583861334234596,p1,0,0,500,0,13,63,424,0,370,30,100,0,0,0,500,0
h10,836583861334234596,p2,0,0,500,0,0,1,499,0,358,39,103,0,0,0,500,0
h10,836583861334234596,p3,0,0,500,0,0,0,500,0,365,26,109,0,0,0,500,0
h10,8371653506175917745,p1,0,0,500,0,13,36,451,0,368,43,89,0,0,0,500,0
h10,8371653506175917745,p2,0,0,500,0,0,0,500,0,322,101,77,0,0,0,500,0
h10,8371653506175917745,p3,0,0,500,0,0,0,500,0,267,169,64,0,0,0,500,0
h10,8402952826270258612,p1,0,0,500,0,12,40,448,0,372,5,123,0,0,0,500,0
h10,8402952826270258612,p2,0,0,500,0,0,2,498,0,392,12,96,0,0,0,500,0
h10,8402952826270258612,p3,0,0,500,0,0,0,500,0,345,23,132,0,0,0,500,0
h10,8417293050309000214,p1,0,0,500,0,17,38,445,0,358,16,126,0,0,0,500,0
h10,8417293050309000214,p2,0,0,500,0,0,1,499,0,367,12,121,0,0,0,500,0
h10,8417293050309000214,p3,0,0,500,0,0,0,500,0,376,18,106,0,0,0,500,0
h10,8435534881343293626,p1,0,0,500,0,13,54,433,0,358,17,125,0,0,0,500,0
h10,8435534881343293626,p2,0,0,500,0,0,0,500,0,351,10,139,0,0,0,500,0
h10,8435534881343293626,p3,0,0,500,0,0,0,500,0,371,4,125,0,0,0,500,0
h10,8458213991679095727,p1,0,0,500,0,18,60,422,0,377,4,119,0,0,0,500,0
h10,8458213991679095727,p2,0,0,500,0,0,0,500,0,335,25,140,0,0,0,500,0
h10,8458213991679095727,p3,0,0,500,0,0,1,499,0,305,54,141,0,0,0,500,0
h10,84611528890519674,p1,0,0,500,0,10,58,432,0,377,14,109,0,0,0,500,0
h10,84611528890519674,p2,0,0,500,0,0,1,499,0,359,28,113,0,0,0,500,0
h10,84611528890519674,p3,0,0,500,0,0,0,500,0,313,24,163,0,0,0,500,0
h10,8492364819380364833,p1,0,0,500,0,12,59,429,0,351,20,129,0,0,0,500,0
h10,8492364819380364833,p2,0,0,500,0,0,2,498,0,320,9,171,0,0,0,500,0
h10,8492364819380364833,p3,0,0,500,0,0,0,500,0,263,80,157,0,0,0,500,0
h10,8552083978907594051,p1,0,0,500,0,9,46,445,0,367,19,114,0,0,0,500,0
h10,8552083978907594051,p2,0,0,500,0,0,0,500,0,369,11,120,0,0,0,500,0
h10,8552083978907594051,p3,0,0,500,0,0,0,500,0,381,4,115,0,0,0,500,0
h10,8562341184736487646,p1,0,0,500,0,10,51,439,0,379,30,91,0,0,0,500,0
h10,8562341184736487646,p2,0,0,500,0,0,1,499,0,362,55,83,0,0,0,500,0
h10,8562341184736487646,p3,0,0,500,0,0,0,500,0,364,56,80,0,0,0,500,0
h10,8572965139062648214,p1,0,0,500,0,9,48,443,0,382,14,104,0,0,0,500,0
h10,8572965139062648214,p2,0,0,500,0,0,3,497,0,332,7,161,0,0,0,500,0
h10,8572965139062648214,p3,0,0,500,0,0,0,500,0,315,10,175,0,0,0,500,0
h10,8583399840470615870,p1,0,0,500,0,12,39,449,0,363,7,130,0,0,0,500,0
h10,8583399840470615870,p2,0,0,500,0,0,0,500,0,370,7,123,0,0,0,500,0
h10,8583399840470615870,p3,0,0,500,0,0,0,500,0,375,8,117,0,0,0,500,0
h10,8609481525693457620,p1,0,0,500,0,6,56,438,0,349,49,102,0,0,0,500,0
h10,8609481525693457620,p2,0,0,500,0,0,0,500,0,371,49,80,0,0,0,500,0
h10,8609481525693457620,p3,0,0,500,0,0,0,500,0,379,58,63,0,0,0,500,0
h10,8618567938178201022,p1,0,0,500,0,7,69,424,0,403,8,89,0,0,0,500,0
h10,8618567938178201022,p2,0,0,500,0,0,3,497,0,357,12,131,0,0,0,500,0
h10,8618567938178201022,p3,0,0,500,0,0,0,500,0,332,18,150,0,0,0,500,0
h10,8627273396965897683,p1,0,0,500,0,15,57,428,0,356,43,101,0,0,0,500,0
h10,8627273396965897683,p2,0,0,500,0,0,0,500,0,397,28,75,0,0,0,500,0
h10,8627273396965897683,p3,0,0,500,0,0,0,500,0,335,93,72,0,0,0,500,0
h10,8648167069339816741,p1,0,0,500,0,12,52,436,0,357,9,134,0,0,0,500,0
h10,8648167069339816741,p2,0,0,500,0,0,1,499,0,355,5,140,0,0,0,500,0
h10,8648167069339816741,p3,0,0,500,0,0,0,500,0,371,12,117,0,0,0,500,0
h10,8661887200876223594,p1,0,0,500,0,14,47,439,0,368,34,98,0,0,0,500,0
h10,8661887200876223594,p2,0,0,500,0,0,1,499,0,305,87,108,0,0,0,500,0
h10,8661887200876223594,p3,0,0,500,0,0,0,500,0,369,26,105,0,0,0,500,0
h10,8661934128091045586,p1,0,0,500,0,14,45,441,0,374,31,95,0,0,0,500,0
h10,8661934128091045586,p2,0,0,500,0,0,0,500,0,321,108,71,0,0,0,500,0
h10,8661934128091045586,p3,0,0,500,0,0,0,500,0,359,66,75,0,0,0,500,0
h10,8694791995238324623,p1,0,0,500,0,16,37,447,0,378,29,93,0,0,0,500,0
h10,8694791995238324623,p2,0,0,500,0,0,2,498,0,385,43,72,0,0,0,500,0
h10,8694791995238324623,p3,0,0,500,0,0,0,500,0,350,80,70,0,0,0,500,0
h10,8725947014532028924,p1,0,0,500,0,10,66,424,0,356,13,131,0,0,0,500,0
h10,8725947014532028924,p2,0,0,500,0,0,0,500,0,340,8,152,0,0,0,500,0
h10,8725947014532028924,p3,0,0,500,0,0,0,500,0,354,11,135,0,0,0,500,0
h10,8729589802439719831,p1,0,0,500,0,14,49,437,0,378,26,96,0,0,0,500,0
h10,8729589802439719831,p2,0,0,500,0,0,1,499,0,332,84,84,0,0,0,500,0
h10,8729589802439719831,p3,0,0,500,0,0,0,500,0,365,62,73,0,0,0,500,0
h10,8733100458151943719,p1,0,0,500,0,13,53,434,0,365,9,126,0,0,0,500,0
h10,8733100458151943719,p2,0,0,500,0,0,1,499,0,381,7,112,0,0,0,500,0
h10,8733100458151943719,p3,0,0,500,0,0,0,500,0,364,13,123,0,0,0,500,0
h10,8751082343523974119,p1,0,0,500,0,12,56,432,0,361,16,123,0,0,0,500,0
h10,8751082343523974119,p2,0,0,500,0,0,0,500,0,358,29,113,0,0,0,500,0
h10,8751082343523974119,p3,0,0,500,0,0,0,500,0,315,22,163,0,0,0,500,0
h10,87646660934494159,p1,0,0,500,0,15,60,425,0,365,15,120,0,0,0,500,0
h10,87646660934494159,p2,0,0,500,0,0,1,499,0,397,14,89,0,0,0,500,0
h10,87646660934494159,p3,0,0,500,0,0,0,500,0,379,17,104,0,0,0,500,0
h10,8788957990036707211,p1,0,0,500,0,13,41,446,0,374,9,117,0,0,0,500,0
h10,8788957990036707211,p2,0,0,500,0,0,2,498,0,377,4,119,0,0,0,500,0
h10,8788957990036707211,p3,0,0,500,0,0,0,500,0,353,8,139,0,0,0,500,0
h10,8799833193724629835,p1,0,0,500,0,12,46,442,0,364,8,128,0,0,0,500,0
h10,8799833193724629835,p2,0,0,500,0,0,1,499,0,370,9,121,0,0,0,500,0
h10,8799833193724629835,p3,0,0,500,0,0,0,500,0,351,15,134,0,0,0,500,0
h10,8802582843542988054,p1,0,0,500,0,13,35,452,0,369,11,120,0,0,0,500,0
h10,8802582843542988054,p2,0,0,500,0,0,5,495,0,364,13,123,0,0,0,500,0
h10,8802582843542988054,p3,0,0,500,0,0,0,500,0,349,9,142,0,0,0,500,0
h10,8812737319769808324,p1,1,0,499,0,15,57,428,0,359,8,133,0,0,1,499,0
h10,8812737319769808324,p2,0,0,500,0,0,1,499,0,350,42,108,0,0,0,500,0
h10,8812737319769808324,p3,0,0,500,0,0,0,500,0,349,21,130,0,0,0,500,0
h10,8852931104530757226,p1,0,0,500,0,13,45,442,0,361,39,100,0,0,0,500,0
h10,8852931104530757226,p2,0,0,500,0,0,2,498,0,363,52,85,0,0,0,500,0
h10,8852931104530757226,p3,0,0,500,0,0,0,500,0,395,29,76,0,0,0,500,0
h10,8853182830805833249,p1,0,0,500,0,7,55,438,0,366,18,116,0,0,0,500,0
h10,8853182830805833249,p2,0,0,500,0,0,0,500,0,356,3,141,0,0,0,500,0
h10,8853182830805833249,p3,0,0,500,0,0,0,500,0,324,13,163,0,0,0,500,0
h10,8882506945447814248,p1,0,0,500,0,12,48,440,0,365,41,94,0,0,0,500,0
h10,8882506945447814248,p2,0,0,500,0,0,1,499,0,376,48,76,0,0,0,500,0
h10,8882506945447814248,p3,0,0,500,0,0,0,500,0,294,130,76,0,0,0,500,0
h10,8895313445287964839,p1,0,0,500,0,18,53,429,0,371,8,121,0,0,0,500,0
h10,8895313445287964839,p2,0,0,500,0,1,0,499,0,369,9,122,0,0,0,500,0
h10,8895313445287964839,p3,0,0,500,0,0,0,500,0,370,16,114,0,0,0,500,0
h10,8912125499415277182,p1,0,0,500,0,13,62,425,0,372,43,85,0,0,0,500,0
h10,8912125499415277182,p2,0,0,500,0,0,1,499,0,393,55,52,0,0,0,500,0
h10,8912125499415277182,p3,0,0,500,0,0,0,500,0,391,39,70,0,0,0,500,0
h10,8944542192272670377,p1,0,0,500,0,15,50,435,0,370,11,119,0,0,0,500,0
h10,8944542192272670377,p2,0,0,500,0,0,1,499,0,374,61,65,0,0,0,500,0
h10,8944542192272670377,p3,0,0,500,0,0,0,500,0,391,16,93,0,0,0,500,0
h10,8980907254555784169,p1,0,0,500,0,16,51,433,0,346,44,110,0,0,0,500,0
h10,8980907254555784169,p2,0,0,500,0,0,0,500,0,377,53,70,0,0,0,500,0
h10,8980907254555784169,p3,0,0,500,0,0,0,500,0,336,77,87,0,0,0,500,0
h10,9024077620395195440,p1,0,0,500,0,15,56,429,0,369,26,105,0,0,0,500,0
h10,9024077620395195440,p2,0,0,500,0,0,4,496,0,389,25,86,0,0,0,500,0
h10,9024077620395195440,p3,0,0,500,0,0,0,500,0,342,26,132,0,0,0,500,0
h10,9027202699263020636,p1,0,0,500,0,9,46,445,0,365,9,126,0,0,0,500,0
h10,9027202699263020636,p2,0,0,500,0,0,1,499,0,347,4,149,0,0,0,500,0
h10,9027202699263020636,p3,0,0,500,0,0,0,500,0,299,43,158,0,0,0,500,0
h10,9038948647962637605,p1,0,0,500,0,18,43,439,0,364,13,123,0,0,0,500,0
h10,9038948647962637605,p2,0,0,500,0,0,1,499,0,401,31,68,0,0,0,500,0
h10,9038948647962637605,p3,0,0,500,0,0,1,499,0,347,23,130,0,0,0,500,0
h10,9089703328125822051,p1,0,0,500,0,16,56,428,0,354,8,138,0,0,0,500,0
h10,9089703328125822051,p2,0,0,500,0,0,0,500,0,361,10,129,0,0,0,500,0
h10,9089703328125822051,p3,0,0,500,0,0,0,500,0,367,16,117,0,0,0,500,0
h10,9112991610827393496,p1,0,0,500,0,17,54,429,0,360,32,108,0,0,0,500,0
h10,9112991610827393496,p2,0,0,500,0,0,2,498,0,369,37,94,0,0,0,500,0
h10,9112991610827393496,p3,0,0,500,0,0,0,500,0,382,57,61,0,0,0,500,0
h10,9137410592997735777,p1,0,0,500,0,15,52,433,0,398,5,97,0,0,0,500,0
h10,9137410592997735777,p2,0,0,500,0,0,2,498,0,364,10,126,0,0,0,500,0
h10,9137410592997735777,p3,0,0,500,0,0,0,500,0,353,22,125,0,0,0,500,0
h10,9157243056359000886,p1,0,0,500,0,12,49,439,0,353,12,135,0,0,0,500,0
h10,9157243056359000886,p2,0,0,500,0,0,0,500,0,378,17,105,0,0,0,500,0
h10,9157243056359000886,p3,0,0,500,0,0,0,500,0,288,27,185,0,0,0,500,0
h10,9159305985909844775,p1,0,0,500,0,11,44,445,0,364,35,101,0,0,0,500,0
h10,9159305985909844775,p2,0,0,500,0,0,3,497,0,330,81,89,0,0,0,500,0
h10,9159305985909844775,p3,0,0,500,0,0,0,500,0,311,116,73,0,0,0,500,0
h10,917475714254783588,p1,0,0,500,0,16,52,432,0,358,32,110,0,0,0,500,0
h10,917475714254783588,p2,0,0,500,0,0,1,499,0,346,54,100,0,0,0,500,0
h10,917475714254783588,p3,0,0,500,0,0,1,499,0,352,78,70,0,0,0,500,0
h10,9193094065305181273,p1,0,0,500,0,15,52,433,0,382,11,107,0,0,0,500,0
h10,9193094065305181273,p2,0,0,500,0,0,1,499,0,369,9,122,0,0,0,500,0
h10,9193094065305181273,p3,0,0,500,0,0,0,500,0,377,15,108,0,0,0,500,0
h10,9213309833582916430,p1,0,0,500,0,18,46,436,0,353,14,133,0,0,0,500,0
h10,9213309833582916430,p2,0,0,500,0,0,0,500,0,319,5,176,0,0,0,500,0
h10,9213309833582916430,p3,0,0,500,0,0,0,500,0,288,22,190,0,0,0,500,0
h10,9215426527681091694,p1,0,0,500,0,17,62,421,0,369,26,105,0,0,0,500,0
h10,9215426527681091694,p2,0,0,500,0,0,2,498,0,369,61,70,0,0,0,500,0
h10,9215426527681091694,p3,0,0,500,0,0,0,500,0,361,66,73,0,0,0,500,0
h10,930005913528195296,p1,0,0,500,0,15,49,436,0,368,17,115,0,0,0,500,0
h10,930005913528195296,p2,0,0,500,0,0,1,499,0,337,9,154,0,0,0,500,0
h10,930005913528195296,p3,0,0,500,0,0,0,500,0,298,12,190,0,0,0,500,0
h10,944884178138102917,p1,0,0,500,0,16,58,426,0,369,60,71,0,0,0,500,0
h10,944884178138102917,p2,0,0,500,0,0,1,499,0,394,54,52,0,0,0,500,0
h10,944884178138102917,p3,0,0,500,0,0,1,499,0,321,114,65,0,0,0,500,0
h10,961054276216248208,p1,0,0,500,0,14,50,436,0,368,42,90,0,0,0,500,0
h10,961054276216248208,p2,0,0,500,0,0,0,500,0,352,44,104,0,0,0,500,0
h10,961054276216248208,p3,0,0,500,0,0,0,500,0,389,49,62,0,0,0,500,0
h10,98110105736611109,p1,0,0,500,0,18,57,425,0,374,15,111,0,0,0,500,0
h10,98110105736611109,p2,0,0,500,0,0,0,500,0,364,10,126,0,0,0,500,0
h10,98110105736611109,p3,0,0,500,0,0,0,500,0,382,12,106,0,0,0,500,0
h10,996766098330744591,p1,0,0,500,0,15,54,431,0,386,30,84,0,0,0,500,0
h10,996766098330744591,p2,0,0,500,0,0,1,499,0,406,29,65,0,0,0,500,0
h10,996766098330744591,p3,0,0,500,0,0,0,500,0,374,59,67,0,0,0,500,0
h15,1006483251401867094,p1,0,0,500,0,11,51,438,0,363,16,121,0,0,0,500,0
h15,1006483251401867094,p2,0,0,500,0,0,2,498,0,375,17,108,0,0,0,500,0
h15,1006483251401867094,p3,0,0,500,0,0,0,500,0,386,23,91,0,0,0,500,0
h15,1010248410075734988,p1,0,0,500,0,12,54,434,0,367,5,128,0,0,0,500,0
h15,1010248410075734988,p2,0,0,500,0,0,3,497,0,367,7,126,0,0,0,500,0
h15,1010248410075734988,p3,0,0,500,0,0,0,500,0,359,12,129,0,0,0,500,0
h15,1025853212617610583,p1,0,0,500,0,12,51,437,0,371,35,94,0,0,0,500,0
h15,1025853212617610583,p2,0,0,500,0,0,0,500,0,321,77,102,0,0,0,500,0
h15,1025853212617610583,p3,0,0,500,0,0,0,500,0,362,59,79,0,0,0,500,0
h15,1047986799130361660,p1,0,0,500,0,13,49,438,0,366,9,125,0,0,0,500,0
h15,1047986799130361660,p2,0,0,500,0,0,0,500,0,394,8,98,0,0,0,500,0
h15,1047986799130361660,p3,0,0,500,0,0,0,500,0,355,9,136,0,0,0,500,0
h15,1055839648648687287,p1,0,0,500,0,16,54,430,0,367,30,103,0,0,0,500,0
h15,1055839648648687287,p2,0,0,500,0,0,2,498,0,353,72,75,0,0,0,500,0
h15,1055839648648687287,p3,0,0,500,0,0,0,500,0,368,59,73,0,0,0,500,0
h15,1058563980818626152,p1,0,0,500,0,10,40,450,0,357,41,102,0,0,0,500,0
h15,1058563980818626152,p2,0,0,500,0,0,1,499,0,364,56,80,0,0,0,500,0
h15,1058563980818626152,p3,0,0,500,0,0,0,500,0,367,61,72,0,0,0,500,0
h15,1075118180271889709,p1,0,0,500,0,10,57,433,0,361,15,124,0,0,0,500,0
h15,1075118180271889709,p2,0,0,500,0,0,0,500,0,370,49,81,0,0,0,500,0
h15,1075118180271889709,p3,0,0,500,0,0,0,500,0,339,88,73,0,0,0,500,0
h15,1103544730880859066,p1,0,0,500,0,17,41,442,0,369,31,100,0,0,0,500,0
h15,1103544730880859066,p2,0,0,500,0,0,1,499,0,363,47,90,0,0,0,500,0
h15,1103544730880859066,p3,0,0,500,0,0,0,500,0,348,58,94,0,0,0,500,0
h15,1175545431730286053,p1,0,0,500,0,9,50,441,0,377,10,113,0,0,0,500,0
h15,1175545431730286053,p2,0,0,500,0,0,0,500,0,299,54,147,0,0,0,500,0
h15,1175545431730286053,p3,0,0,500,0,0,0,500,0,328,12,160,0,0,0,500,0
h15,1268756810187455068,p1,0,0,500,0,16,47,437,0,378,11,111,0,0,0,500,0
h15,1268756810187455068,p2,0,0,500,0,0,0,500,0,396,7,97,0,0,0,500,0
h15,1268756810187455068,p3,0,0,500,0,0,0,500,0,289,52,159,0,0,0,500,0
h15,1271887722132963792,p1,0,0,500,0,15,47,438,0,372,13,115,0,0,0,500,0
h15,1271887722132963792,p2,0,0,500,0,0,3,497,0,351,13,136,0,0,0,500,0
h15,1271887722132963792,p3,0,0,500,0,0,0,500,0,356,18,126,0,0,0,500,0
h15,1274072017815295054,p1,0,0,500,0,16,51,433,0,365,14,121,0,0,0,500,0
h15,1274072017815295054,p2,0,0,500,0,0,1,499,0,344,18,138,0,0,0,500,0
h15,1274072017815295054,p3,0,0,500,0,0,0,500,0,328,2,170,0,0,0,500,0
h15,1280586274031302672,p1,0,0,500,0,14,40,446,0,364,48,88,0,0,0,500,0
h15,1280586274031302672,p2,0,0,500,0,0,0,500,0,337,93,70,0,0,0,500,0
h15,1280586274031302672,p3,0,0,500,0,0,0,500,0,357,70,73,0,0,0,500,0
h15,1283396242184346416,p1,0,0,500,0,12,59,429,0,347,37,116,0,0,0,500,0
h15,1283396242184346416,p2,0,0,500,0,0,1,499,0,356,29,115,0,0,0,500,0
h15,1283396242184346416,p3,0,0,500,0,0,0,500,0,311,84,105,0,0,0,500,0
h15,1291462818127454420,p1,0,0,500,0,15,52,433,0,355,19,126,0,0,0,500,0
h15,1291462818127454420,p2,0,0,500,0,0,0,500,0,308,7,185,0,0,0,500,0
h15,1291462818127454420,p3,0,0,500,0,0,0,500,0,376,16,108,0,0,0,500,0
h15,1294799392044852467,p1,0,0,500,0,14,54,432,0,370,14,116,0,0,0,500,0
h15,1294799392044852467,p2,0,0,500,0,0,0,500,0,341,20,139,0,0,0,500,0
h15,1294799392044852467,p3,0,0,500,0,0,0,500,0,380,25,95,0,0,0,500,0
h15,1298950186104188190,p1,0,0,500,0,18,53,429,0,391,8,101,0,0,0,500,0
h15,1298950186104188190,p2,0,0,500,0,0,1,499,0,374,12,114,0,0,0,500,0
h15,1298950186104188190,p3,0,0,500,0,0,0,500,0,369,5,126,0,0,0,500,0
h15,133872839800916480,p1,0,0,500,0,22,52,426,0,381,23,96,0,0,0,500,0
h15,133872839800916480,p2,0,0,500,0,0,3,497,0,397,42,61,0,0,0,500,0
h15,133872839800916480,p3,0,0,500,0,0,0,500,0,337,82,81,0,0,0,500,0
h15,1381198077894381621,p1,0,0,500,0,23,58,419,0,362,33,105,0,0,0,500,0
h15,1381198077894381621,p2,1,0,499,0,1,3,496,0,349,62,89,0,0,1,499,0
h15,1381198077894381621,p3,0,0,500,0,0,0,500,0,364,57,79,0,0,0,500,0
h15,1395939817077436996,p1,0,0,500,0,14,44,442,0,378,10,112,0,0,0,500,0
h15,1395939817077436996,p2,0,0,500,0,0,1,499,0,319,58,123,0,0,0,500,0
h15,1395939817077436996,p3,0,0,500,0,0,0,500,0,337,13,150,0,0,0,500,0
h15,1408793636273151652,p1,0,0,500,0,15,63,422,0,358,7,135,0,0,0,500,0
h15,1408793636273151652,p2,0,0,500,0,1,1,498,0,363,13,124,0,0,0,500,0
h15,1408793636273151652,p3,0,0,500,0,1,0,499,0,361,10,129,0,0,0,500,0
h15,1419362959560353265,p1,0,0,500,0,12,54,434,0,378,4,118,0,0,0,500,0
h15,1419362959560353265,p2,0,0,500,0,0,0,500,0,347,9,144,0,0,0,500,0
h15,1419362959560353265,p3,0,0,500,0,0,0,500,0,374,19,107,0,0,0,500,0
h15,1451321003829450659,p1,0,0,500,0,18,42,440,0,388,11,101,0,0,0,500,0
h15,1451321003829450659,p2,0,0,500,0,0,1,499,0,385,10,105,0,0,0,500,0
h15,1451321003829450659,p3,0,0,500,0,0,0,500,0,343,12,145,0,0,0,500,0
h15,1486392912968073536,p1,0,0,500,0,13,45,442,0,375,10,115,0,0,0,500,0
h15,1486392912968073536,p2,0,0,500,0,0,0,500,0,393,5,102,0,0,0,500,0
h15,1486392912968073536,p3,0,0,500,0,0,0,500,0,342,11,147,0,0,0,500,0
h15,1508985444436731991,p1,0,0,500,0,18,45,437,0,367,50,83,0,0,0,500,0
h15,1508985444436731991,p2,0,0,500,0,0,1,499,0,392,47,61,0,0,0,500,0
h15,1508985444436731991,p3,0,0,500,0,0,0,500,0,397,48,55,0,0,0,500,0
h15,1516435408431676676,p1,0,0,500,0,17,49,434,0,360,29,111,0,0,0,500,0
h15,1516435408431676676,p2,0,0,500,0,0,0,500,0,385,31,84,0,0,0,500,0
h15,1516435408431676676,p3,0,0,500,0,0,0,500,0,386,37,77,0,0,0,500,0
h15,1523223968639821208,p1,0,0,500,0,10,40,450,0,365,14,121,0,0,0,500,0
h15,1523223968639821208,p2,0,0,500,0,0,0,500,0,391,4,105,0,0,0,500,0
h15,1523223968639821208,p3,0,0,500,0,0,0,500,0,352,3,145,0,0,0,500,0
h15,1531210385726406616,p1,0,0,500,0,18,53,429,0,357,17,126,0,0,0,500,0
h15,1531210385726406616,p2,0,0,500,0,0,0,500,0,312,11,177,0,0,0,500,0
h15,1531210385726406616,p3,0,0,500,0,0,0,500,0,358,3,139,0,0,0,500,0
h15,1555527553526784713,p1,0,0,500,0,13,59,428,0,352,33,115,0,0,0,500,0
h15,1555527553526784713,p2,0,0,500,0,0,0,500,0,361,38,101,0,0,0,500,0
h15,1555527553526784713,p3,0,0,500,0,0,0,500,0,253,92,155,0,0,0,500,0
h15,1558537355093080590,p1,0,0,500,0,18,40,442,0,381,21,98,0,0,0,500,0
h15,1558537355093080590,p2,0,0,500,0,0,1,499,0,297,33,170,0,0,0,500,0
h15,1558537355093080590,p3,0,0,500,0,0,0,500,0,279,36,185,0,0,0,500,0
h15,1589489178923196729,p1,0,0,500,0,13,47,440,0,378,9,113,0,0,0,500,0
h15,1589489178923196729,p2,0,0,500,0,0,0,500,0,395,14,91,0,0,0,500,0
h15,1589489178923196729,p3,0,0,500,0,0,0,500,0,378,12,110,0,0,0,500,0
h15,1609974189966844119,p1,0,0,500,0,16,39,445,0,376,6,118,0,0,0,500,0
h15,1609974189966844119,p2,0,0,500,0,0,0,500,0,360,8,132,0,0,0,500,0
h15,1609974189966844119,p3,0,0,500,0,0,0,500,0,289,34,177,0,0,0,500,0
h15,1610644618733297395,p1,0,0,500,0,18,49,433,0,365,12,123,0,0,0,500,0
h15,1610644618733297395,p2,0,0,500,0,0,1,499,0,360,25,115,0,0,0,500,0
h15,1610644618733297395,p3,0,0,500,0,0,0,500,0,356,6,138,0,0,0,500,0
h15,1612190351073058970,p1,0,0,500,0,7,58,435,0,373,12,115,0,0,0,500,0
h15,1612190351073058970,p2,0,0,500,0,0,0,500,0,368,11,121,0,0,0,500,0
h15,1612190351073058970,p3,0,0,500,0,0,0,500,0,387,14,99,0,0,0,500,0
h15,164050529313206371,p1,0,0,500,0,13,44,443,0,370,16,114,0,0,0,500,0
h15,164050529313206371,p2,0,0,500,0,0,0,500,0,376,6,118,0,0,0,500,0
h15,164050529313206371,p3,0,0,500,0,0,0,500,0,378,4,118,0,0,0,500,0
h15,1653777566008229369,p1,0,0,500,0,13,54,433,0,382,34,84,0,0,0,500,0
h15,1653777566008229369,p2,0,0,500,0,0,0,500,0,355,72,73,0,0,0,500,0
h15,1653777566008229369,p3,0,0,500,0,0,0,500,0,378,61,61,0,0,0,500,0
h15,1658764775517380519,p1,0,0,500,0,22,41,437,0,379,14,107,0,0,0,500,0
h15,1658764775517380519,p2,0,0,500,0,0,1,499,0,345,87,68,0,0,0,500,0
h15,1658764775517380519,p3,0,0,500,0,0,0,500,0,339,78,83,0,0,0,500,0
h15,1662473715046904938,p1,0,0,500,0,12,50,438,0,374,14,112,0,0,0,500,0
h15,1662473715046904938,p2,0,0,500,0,0,2,498,0,335,8,157,0,0,0,500,0
h15,1662473715046904938,p3,0,0,500,0,0,0,500,0,361,18,121,0,0,0,500,0
h15,1707609818374764111,p1,0,0,500,0,15,57,428,0,372,17,111,0,0,0,500,0
h15,1707609818374764111,p2,0,0,500,0,0,0,500,0,359,4,137,0,0,0,500,0
h15,1707609818374764111,p3,0,0,500,0,0,1,499,0,300,8,192,0,0,0,500,0
h15,1730966298066407054,p1,0,0,500,0,12,50,438,0,368,19,113,0,0,0,500,0
h15,1730966298066407054,p2,0,0,500,0,0,0,500,0,328,27,145,0,0,0,500,0
h15,1730966298066407054,p3,0,0,500,0,0,0,500,0,367,12,121,0,0,0,500,0
h15,1762696348894616063,p1,0,0,500,0,16,40,444,0,360,27,113,0,0,0,500,0
h15,1762696348894616063,p2,0,0,500,0,0,2,498,0,380,35,85,0,0,0,500,0
h15,1762696348894616063,p3,0,0,500,0,0,0,500,0,347,51,102,0,0,0,500,0
h15,1770499807517152287,p1,0,0,500,0,24,52,424,0,367,26,107,0,0,0,500,0
h15,1770499807517152287,p2,0,0,500,0,0,2,498,0,340,80,80,0,0,0,500,0
h15,1770499807517152287,p3,0,0,500,0,0,0,500,0,363,54,83,0,0,0,500,0
h15,18154657985270593,p1,0,0,500,0,12,43,445,0,364,13,123,0,0,0,500,0
h15,18154657985270593,p2,0,0,500,0,0,2,498,0,354,22,124,0,0,0,500,0
h15,18154657985270593,p3,0,0,500,0,0,0,500,0,366,8,126,0,0,0,500,0
h15,1845879855387684349,p1,0,0,500,0,18,55,427,0,371,15,114,0,0,0,500,0
h15,1845879855387684349,p2,0,0,500,0,0,2,498,0,306,21,173,0,0,0,500,0
h15,1845879855387684349,p3,0,0,500,0,0,0,500,0,332,29,139,0,0,0,500,0
h15,1859579489374597629,p1,0,0,500,0,15,41,444,0,385,23,92,0,0,0,500,0
h15,1859579489374597629,p2,0,0,500,0,0,0,500,0,355,30,115,0,0,0,500,0
h15,1859579489374597629,p3,0,0,500,0,0,0,500,0,310,27,163,0,0,0,500,0
h15,1864889392068274205,p1,0,0,500,0,18,27,455,0,363,9,128,0,0,0,500,0
h15,1864889392068274205,p2,0,0,500,0,0,0,500,0,355,5,140,0,0,0,500,0
h15,1864889392068274205,p3,0,0,500,0,0,0,500,0,366,19,115,0,0,0,500,0
h15,1896561443875116320,p1,0,0,500,0,9,52,439,0,367,16,117,0,0,0,500,0
h15,1896561443875116320,p2,0,0,500,0,0,1,499,0,348,23,129,0,0,0,500,0
h15,1896561443875116320,p3,0,0,500,0,0,1,499,0,350,34,116,0,0,0,500,0
h15,1897814404421956169,p1,0,0,500,0,11,43,446,0,373,13,114,0,0,0,500,0
h15,1897814404421956169,p2,0,0,500,0,0,2,498,0,343,11,146,0,0,0,500,0
h15,1897814404421956169,p3,0,0,500,0,0,1,499,0,304,14,182,0,0,0,500,0
h15,1898444179247719507,p1,0,0,500,0,14,69,417,0,369,11,120,0,0,0,500,0
h15,1898444179247719507,p2,0,0,500,0,0,0,500,0,342,23,135,0,0,0,500,0
h15,1898444179247719507,p3,0,0,500,0,0,0,500,0,301,6,193,0,0,0,500,0
h15,1901697893897919997,p1,0,0,500,0,15,50,435,0,378,13,109,0,0,0,500,0
h15,1901697893897919997,p2,0,0,500,0,0,1,499,0,378,5,117,0,0,0,500,0
h15,1901697893897919997,p3,0,0,500,0,0,0,500,0,338,12,150,0,0,0,500,0
h15,1902514568933884612,p1,0,0,500,0,18,42,440,0,351,37,112,0,0,0,500,0
h15,1902514568933884612,p2,0,0,500,0,0,5,495,0,405,36,59,0,0,0,500,0
h15,1902514568933884612,p3,0,0,500,0,0,1,499,0,331,101,68,0,0,0,500,0
h15,191665797317649805,p1,0,0,500,0,21,42,437,0,373,11,116,0,0,0,500,0
h15,191665797317649805,p2,0,0,500,0,0,0,500,0,382,15,103,0,0,0,500,0
h15,191665797317649805,p3,0,0,500,0,0,0,500,0,327,10,163,0,0,0,500,0
h15,1956826239648750529,p1,0,0,500,0,21,56,423,0,345,55,100,0,0,0,500,0
h15,1956826239648750529,p2,0,0,500,0,0,1,499,0,330,98,72,0,0,0,500,0
h15,1956826239648750529,p3,0,0,500,0,0,0,500,0,335,98,67,0,0,0,500,0
h15,1957119330731030759,p1,0,0,500,0,23,60,417,0,372,10,118,0,0,0,500,0
h15,1957119330731030759,p2,0,0,500,0,0,0,500,0,362,21,117,0,0,0,500,0
h15,1957119330731030759,p3,0,0,500,0,0,0,500,0,358,15,127,0,0,0,500,0
h15,1999351879598620508,p1,0,0,500,0,20,51,429,0,375,32,93,0,0,0,500,0
h15,1999351879598620508,p2,0,0,500,0,0,0,500,0,390,27,83,0,0,0,500,0
h15,1999351879598620508,p3,0,0,500,0,0,0,500,0,333,51,116,0,0,0,500,0
h15,2043309693975152457,p1,0,0,500,0,16,49,435,0,378,9,113,0,0,0,500,0
h15,2043309693975152457,p2,0,0,500,0,0,1,499,0,377,9,114,0,0,0,500,0
h15,2043309693975152457,p3,0,0,500,0,0,0,500,0,370,7,123,0,0,0,500,0
h15,2056400629550111912,p1,0,0,500,0,15,53,432,0,368,8,124,0,0,0,500,0
h15,2056400629550111912,p2,0,0,500,0,0,0,500,0,311,35,154,0,0,0,500,0
h15,2056400629550111912,p3,0,0,500,0,0,0,500,0,393,17,90,0,0,0,500,0
h15,2057952907887382132,p1,0,0,500,0,15,54,431,0,361,32,107,0,0,0,500,0
h15,2057952907887382132,p2,0,0,500,0,0,0,500,0,356,9,135,0,0,0,500,0
h15,2057952907887382132,p3,0,0,500,0,0,0,500,0,324,8,168,0,0,0,500,0
h15,2103035588959251758,p1,0,0,500,0,18,65,417,0,382,9,109,0,0,0,500,0
h15,2103035588959251758,p2,0,0,500,0,0,1,499,0,342,8,150,0,0,0,500,0
h15,2103035588959251758,p3,0,0,500,0,0,0,500,0,366,6,128,0,0,0,500,0
h15,2109526769459331835,p1,0,0,500,0,12,52,436,0,368,45,87,0,0,0,500,0
h15,2109526769459331835,p2,0,0,500,0,0,1,499,0,346,73,81,0,0,0,500,0
h15,2109526769459331835,p3,0,0,500,0,0,0,500,0,318,86,96,0,0,0,500,0
h15,2132131203015379398,p1,0,0,500,0,14,53,433,0,353,36,111,0,0,0,500,0
h15,2132131203015379398,p2,0,0,500,0,0,0,500,0,340,49,111,0,0,0,500,0
h15,2132131203015379398,p3,0,0,500,0,0,0,500,0,302,56,142,0,0,0,500,0
h15,2136003687459116938,p1,0,0,500,0,17,49,434,0,385,6,109,0,0,0,500,0
h15,2136003687459116938,p2,0,0,500,0,0,0,500,0,377,5,118,0,0,0,500,0
h15,2136003687459116938,p3,0,0,500,0,0,0,500,0,364,5,131,0,0,0,500,0
h15,2158305306238797348,p1,0,0,500,0,14,54,432,0,374,17,109,0,0,0,500,0
h15,2158305306238797348,p2,0,0,500,0,0,0,500,0,371,35,94,0,0,0,500,0
h15,2158305306238797348,p3,0,0,500,0,0,0,500,0,335,81,84,0,0,0,500,0
h15,2158503488354580440,p1,0,0,500,0,17,40,443,0,359,15,126,0,0,0,500,0
h15,2158503488354580440,p2,0,0,500,0,0,1,499,0,385,14,101,0,0,0,500,0
h15,2158503488354580440,p3,0,0,500,0,0,0,500,0,303,19,178,0,0,0,500,0
h15,2180961751565241039,p1,0,0,500,0,18,38,444,0,373,24,103,0,0,0,500,0
h15,2180961751565241039,p2,0,0,500,0,0,3,497,0,385,31,84,0,0,0,500,0
h15,2180961751565241039,p3,0,0,500,0,0,0,500,0,364,50,86,0,0,0,500,0
h15,2204329327406961453,p1,0,0,500,0,9,59,432,0,372,27,101,0,0,0,500,0
h15,2204329327406961453,p2,0,0,500,0,0,1,499,0,336,53,111,0,0,0,500,0
h15,2204329327406961453,p3,0,0,500,0,0,0,500,0,369,31,100,0,0,0,500,0
h15,2227616678155134685,p1,0,0,500,0,18,40,442,0,372,9,119,0,0,0,500,0
h15,2227616678155134685,p2,0,0,500,0,0,2,498,0,337,23,140,0,0,0,500,0
h15,2227616678155134685,p3,0,0,500,0,0,0,500,0,356,5,139,0,0,0,500,0
h15,223514040291109261,p1,0,0,500,0,13,47,440,0,370,37,93,0,0,0,500,0
h15,223514040291109261,p2,0,0,500,0,0,1,499,0,336,82,82,0,0,0,500,0
h15,223514040291109261,p3,0,0,500,0,0,0,500,0,389,39,72,0,0,0,500,0
h15,2237577355124080267,p1,0,0,500,0,8,43,449,0,380,8,112,0,0,0,500,0
h15,2237577355124080267,p2,0,0,500,0,0,1,499,0,377,17,106,0,0,0,500,0
h15,2237577355124080267,p3,0,0,500,0,0,0,500,0,277,6,217,0,0,0,500,0
h15,2254834233674698083,p1,0,0,500,0,15,39,446,0,352,20,128,0,0,0,500,0
h15,2254834233674698083,p2,0,0,500,0,0,0,500,0,338,54,108,0,0,0,500,0
h15,2254834233674698083,p3,0,0,500,0,0,0,500,0,332,17,151,0,0,0,500,0
h15,2261419164830035780,p1,0,0,500,0,10,57,433,0,374,14,112,0,0,0,500,0
h15,2261419164830035780,p2,0,0,500,0,0,1,499,0,331,20,149,0,0,0,500,0
h15,2261419164830035780,p3,0,0,500,0,0,0,500,0,370,15,115,0,0,0,500,0
h15,2281429267005270926,p1,0,0,500,0,24,45,431,0,378,6,116,0,0,0,500,0
h15,2281429267005270926,p2,0,0,500,0,0,0,500,0,354,18,128,0,0,0,500,0
h15,2281429267005270926,p3,0,0,500,0,0,0,500,0,382,18,100,0,0,0,500,0
h15,2293516233575230076,p1,0,0,500,0,23,46,431,0,374,8,118,0,0,0,500,0
h15,2293516233575230076,p2,0,0,500,0,0,0,500,0,378,12,110,0,0,0,500,0
h15,2293516233575230076,p3,0,0,500,0,0,0,500,0,341,31,128,0,0,0,500,0
h15,2314944937995375762,p1,0,0,500,0,14,40,446,0,374,20,106,0,0,0,500,0
h15,2314944937995375762,p2,0,0,500,0,0,1,499,0,330,64,106,0,0,0,500,0
h15,2314944937995375762,p3,0,0,500,0,0,0,500,0,334,60,106,0,0,0,500,0
h15,2354320943987323147,p1,0,0,500,0,17,51,432,0,361,15,124,0,0,0,500,0
h15,2354320943987323147,p2,0,0,500,0,0,1,499,0,340,29,131,0,0,0,500,0
h15,2354320943987323147,p3,0,0,500,0,0,0,500,0,384,7,109,0,0,0,500,0
h15,2399055103854170590,p1,0,0,500,0,15,70,415,0,360,29,111,0,0,0,500,0
h15,2399055103854170590,p2,0,0,500,0,0,1,499,0,284,27,189,0,0,0,500,0
h15,2399055103854170590,p3,0,0,500,0,0,0,500,0,347,53,100,0,0,0,500,0
h15,2400470676491406334,p1,0,0,500,0,12,42,446,0,377,7,116,0,0,0,500,0
h15,2400470676491406334,p2,0,0,500,0,0,1,499,0,354,22,124,0,0,0,500,0
h15,2400470676491406334,p3,0,0,500,0,0,0,500,0,372,14,114,0,0,0,500,0
h15,240661707427298528,p1,0,0,500,0,22,54,424,0,366,36,98,0,0,0,500,0
h15,240661707427298528,p2,0,0,500,0,0,0,500,0,250,176,74,0,0,0,500,0
h15,240661707427298528,p3,0,0,500,0,0,1,499,0,293,137,70,0,0,0,500,0
h15,2412133785515257474,p1,0,0,500,0,11,57,432,0,387,30,83,0,0,0,500,0
h15,2412133785515257474,p2,0,0,500,0,0,5,495,0,367,60,73,0,0,0,500,0
h15,2412133785515257474,p3,0,0,500,0,0,0,500,0,379,46,75,0,0,0,500,0
h15,2420642954329231471,p1,0,0,500,0,11,44,445,0,371,6,123,0,0,0,500,0
h15,2420642954329231471,p2,0,0,500,0,0,0,500,0,358,12,130,0,0,0,500,0
h15,2420642954329231471,p3,0,0,500,0,0,0,500,0,354,6,140,0,0,0,500,0
h15,2425543143212438382,p1,0,0,500,0,20,41,439,0,376,16,108,0,0,0,500,0
h15,2425543143212438382,p2,0,0,500,0,0,0,500,0,364,11,125,0,0,0,500,0
h15,2425543143212438382,p3,0,0,500,0,0,0,500,0,266,11,223,0,0,0,500,0
h15,2467741743173944502,p1,0,0,500,0,14,53,433,0,374,25,101,0,0,0,500,0
h15,2467741743173944502,p2,0,0,500,0,0,2,498,0,325,94,81,0,0,0,500,0
h15,2467741743173944502,p3,0,0,500,0,0,1,499,0,321,105,74,0,0,0,500,0
h15,2470706090532784367,p1,0,0,500,0,13,50,437,0,382,28,90,0,0,0,500,0
h15,2470706090532784367,p2,0,0,500,0,0,2,498,0,359,45,96,0,0,0,500,0
h15,2470706090532784367,p3,0,0,500,0,0,0,500,0,373,60,67,0,0,0,500,0
h15,2488018091933360452,p1,0,0,500,0,14,52,434,0,376,8,116,0,0,0,500,0
h15,2488018091933360452,p2,0,0,500,0,0,0,500,0,355,10,135,0,0,0,500,0
h15,2488018091933360452,p3,0,0,500,0,0,0,500,0,371,23,106,0,0,0,500,0
h15,2496128195816062636,p1,0,0,500,0,14,51,435,0,371,17,112,0,0,0,500,0
h15,2496128195816062636,p2,0,0,500,0,0,4,496,0,374,15,111,0,0,0,500,0
h15,2496128195816062636,p3,0,0,500,0,0,0,500,0,369,16,115,0,0,0,500,0
h15,2520941580330329933,p1,0,0,500,0,9,55,436,0,370,6,124,0,0,0,500,0
h15,2520941580330329933,p2,0,0,500,0,0,1,499,0,357,6,137,0,0,0,500,0
h15,2520941580330329933,p3,0,0,500,0,0,0,500,0,375,8,117,0,0,0,500,0
h15,2530876043883582924,p1,0,0,500,0,13,53,434,0,374,6,120,0,0,0,500,0
h15,2530876043883582924,p2,0,0,500,0,0,0,500,0,398,3,99,0,0,0,500,0
h15,2530876043883582924,p3,0,0,500,0,0,0,500,0,372,11,117,0,0,0,500,0
h15,2551878716700761501,p1,0,0,500,0,14,38,448,0,372,10,118,0,0,0,500,0
h15,2551878716700761501,p2,0,0,500,0,0,0,500,0,379,11,110,0,0,0,500,0
h15,2551878716700761501,p3,0,0,500,0,0,0,500,0,345,13,142,0,0,0,500,0
h15,2560645522560305138,p1,0,0,500,0,18,39,443,0,397,8,95,0,0,0,500,0
h15,2560645522560305138,p2,0,0,500,0,0,2,498,0,309,25,166,0,0,0,500,0
h15,2560645522560305138,p3,0,0,500,0,0,0,500,0,272,56,172,0,0,0,500,0
h15,2574054733575295619,p1,0,0,500,0,10,49,441,0,348,33,119,0,0,0,500,0
h15,2574054733575295619,p2,0,0,500,0,0,1,499,0,367,49,84,0,0,0,500,0
h15,2574054733575295619,p3,0,0,500,0,0,0,500,0,370,49,81,0,0,0,500,0
h15,2586231447732861277,p1,0,0,500,0,7,52,441,0,385,10,105,0,0,0,500,0
h15,2586231447732861277,p2,0,0,500,0,0,0,500,0,306,38,156,0,0,0,500,0
h15,2586231447732861277,p3,0,0,500,0,0,1,499,0,324,45,131,0,0,0,500,0
h15,2604263052401038050,p1,0,0,500,0,18,49,433,0,387,6,107,0,0,0,500,0
h15,2604263052401038050,p2,0,0,500,0,0,0,500,0,348,18,134,0,0,0,500,0
h15,2604263052401038050,p3,0,0,500,0,0,0,500,0,322,19,159,0,0,0,500,0
h15,2638201774638269924,p1,0,0,500,0,16,41,443,0,378,10,112,0,0,0,500,0
h15,2638201774638269924,p2,0,0,500,0,0,1,499,0,373,19,108,0,0,0,500,0
h15,2638201774638269924,p3,0,0,500,0,0,0,500,0,349,14,137,0,0,0,500,0
h15,2643904249112940996,p1,0,0,500,0,17,36,447,0,374,16,110,0,0,0,500,0
h15,2643904249112940996,p2,0,0,500,0,0,0,500,0,378,23,99,0,0,0,500,0
h15,2643904249112940996,p3,0,0,500,0,0,0,500,0,283,24,193,0,0,0,500,0
h15,2651604928972249132,p1,0,0,500,0,21,56,423,0,380,9,111,0,0,0,500,0
h15,2651604928972249132,p2,0,0,500,0,0,1,499,0,337,85,78,0,0,0,500,0
h15,2651604928972249132,p3,0,0,500,0,0,1,499,0,378,53,69,0,0,0,500,0
h15,2658321031695449187,p1,0,0,500,0,14,48,438,0,371,42,87,0,0,0,500,0
h15,2658321031695449187,p2,0,0,500,0,0,0,500,0,349,90,61,0,0,0,500,0
h15,2658321031695449187,p3,0,0,500,0,0,0,500,0,376,59,65,0,0,0,500,0
h15,2658422720204589086,p1,0,0,500,0,12,54,434,0,371,13,116,0,0,0,500,0
h15,2658422720204589086,p2,0,0,500,0,0,0,500,0,393,21,86,0,0,0,500,0
h15,2658422720204589086,p3,0,0,500,0,0,0,500,0,354,17,129,0,0,0,500,0
h15,2671709687059240233,p1,0,0,500,0,18,62,420,0,360,42,98,0,0,0,500,0
h15,2671709687059240233,p2,0,0,500,0,0,1,499,0,347,81,72,0,0,0,500,0
h15,2671709687059240233,p3,0,0,500,0,0,0,500,0,350,58,92,0,0,0,500,0
h15,2695667693965801473,p1,0,0,500,0,13,56,431,0,369,41,90,0,0,0,500,0
h15,2695667693965801473,p2,0,0,500,0,0,0,500,0,398,32,70,0,0,0,500,0
h15,2695667693965801473,p3,0,0,500,0,0,0,500,0,400,35,65,0,0,0,500,0
h15,2711325550101517780,p1,0,0,500,0,13,40,447,0,372,28,100,0,0,0,500,0
h15,2711325550101517780,p2,0,0,500,0,0,1,499,0,336,37,127,0,0,0,500,0
h15,2711325550101517780,p3,0,0,500,0,0,0,500,0,361,10,129,0,0,0,500,0
h15,2712007108831705026,p1,0,0,500,0,14,61,425,0,384,31,85,0,0,0,500,0
h15,2712007108831705026,p2,0,0,500,0,0,0,500,0,326,92,82,0,0,0,500,0
h15,2712007108831705026,p3,0,0,500,0,0,0,500,0,361,61,78,0,0,0,500,0
h15,2720881111027535770,p1,0,0,500,0,21,45,434,0,367,9,124,0,0,0,500,0
h15,2720881111027535770,p2,0,0,500,0,0,1,499,0,318,17,165,0,0,0,500,0
h15,2720881111027535770,p3,0,0,500,0,0,0,500,0,377,6,117,0,0,0,500,0
h15,2734882890488091491,p1,0,0,500,0,20,50,430,0,371,10,119,0,0,0,500,0
h15,2734882890488091491,p2,0,0,500,0,0,0,500,0,358,9,133,0,0,0,500,0
h15,2734882890488091491,p3,0,0,500,0,0,1,499,0,334,6,160,0,0,0,500,0
h15,274105608504939076,p1,0,0,500,0,12,39,449,0,380,12,108,0,0,0,500,0
h15,274105608504939076,p2,0,0,500,0,0,0,500,0,388,6,106,0,0,0,500,0
h15,274105608504939076,p3,0,0,500,0,0,0,500,0,308,50,142,0,0,0,500,0
h15,2758679588510609392,p1,0,0,500,0,16,51,433,0,366,25,109,0,0,0,500,0
h15,2758679588510609392,p2,0,0,500,0,0,0,500,0,389,16,95,0,0,0,500,0
h15,2758679588510609392,p3,0,0,500,0,0,0,500,0,392,37,71,0,0,0,500,0
h15,2776627699360820792,p1,0,0,500,0,13,44,443,0,365,18,117,0,0,0,500,0
h15,2776627699360820792,p2,0,0,500,0,0,0,500,0,335,95,70,0,0,0,500,0
h15,2776627699360820792,p3,0,0,500,0,0,0,500,0,333,24,143,0,0,0,500,0
h15,2781101503616177205,p1,0,0,500,0,12,46,442,0,356,15,129,0,0,0,500,0
h15,2781101503616177205,p2,0,0,500,0,0,2,498,0,294,19,187,0,0,0,500,0
h15,2781101503616177205,p3,0,0,500,0,0,0,500,0,351,10,139,0,0,0,500,0
h15,2800136311388728557,p1,0,0,500,0,13,53,434,0,373,13,114,0,0,0,500,0
h15,2800136311388728557,p2,0,0,500,0,0,0,500,0,389,31,80,0,0,0,500,0
h15,2800136311388728557,p3,0,0,500,0,0,0,500,0,385,54,61,0,0,0,500,0
h15,2804196409984269811,p1,1,0,499,0,19,53,428,0,357,10,133,0,0,1,499,0
h15,2804196409984269811,p2,0,0,500,0,0,0,500,0,306,10,184,0,0,0,500,0
h15,2804196409984269811,p3,0,0,500,0,0,0,500,0,328,6,166,0,0,0,500,0
h15,2811473585925759492,p1,0,0,500,0,13,59,428,0,354,16,130,0,0,0,500,0
h15,2811473585925759492,p2,0,0,500,0,0,0,500,0,365,11,124,0,0,0,500,0
h15,2811473585925759492,p3,0,0,500,0,0,0,500,0,378,15,107,0,0,0,500,0
h15,2812090298604040356,p1,0,0,500,0,13,56,431,0,356,7,137,0,0,0,500,0
h15,2812090298604040356,p2,0,0,500,0,0,1,499,0,348,10,142,0,0,0,500,0
h15,2812090298604040356,p3,0,0,500,0,0,0,500,0,341,7,152,0,0,0,500,0
h15,2817534442773565608,p1,0,0,500,0,10,51,439,0,377,18,105,0,0,0,500,0
h15,2817534442773565608,p2,0,0,500,0,1,2,497,0,308,66,126,0,0,0,500,0
h15,2817534442773565608,p3,0,0,500,0,0,0,500,0,300,63,137,0,0,0,500,0
h15,2822224736973749304,p1,0,0,500,0,18,46,436,0,392,10,98,0,0,0,500,0
h15,2822224736973749304,p2,0,0,500,0,0,0,500,0,362,3,135,0,0,0,500,0
h15,2822224736973749304,p3,0,0,500,0,0,0,500,0,373,13,114,0,0,0,500,0
h15,2828590215704198699,p1,0,0,500,0,11,58,431,0,364,7,129,0,0,0,500,0
h15,2828590215704198699,p2,0,0,500,0,0,0,500,0,365,9,126,0,0,0,500,0
h15,2828590215704198699,p3,0,0,500,0,0,0,500,0,331,17,152,0,0,0,500,0
h15,2847205522958870302,p1,0,0,500,0,10,39,451,0,374,17,109,0,0,0,500,0
h15,2847205522958870302,p2,0,0,500,0,0,2,498,0,339,45,116,0,0,0,500,0
h15,2847205522958870302,p3,0,0,500,0,0,0,500,0,277,110,113,0,0,0,500,0
h15,2863108921777469219,p1,0,0,500,0,16,38,446,0,358,15,127,0,0,0,500,0
h15,2863108921777469219,p2,0,0,500,0,0,0,500,0,316,6,178,0,0,0,500,0
h15,2863108921777469219,p3,0,0,500,0,0,0,500,0,313,8,179,0,0,0,500,0
h15,2893599208837345034,p1,0,0,500,0,15,47,438,0,377,8,115,0,0,0,500,0
h15,2893599208837345034,p2,0,0,500,0,0,0,500,0,389,19,92,0,0,0,500,0
h15,2893599208837345034,p3,0,0,500,0,0,0,500,0,365,9,126,0,0,0,500,0
h15,2902195844645575108,p1,0,0,500,0,16,59,425,0,364,9,127,0,0,0,500,0
h15,2902195844645575108,p2,0,0,500,0,0,0,500,0,386,12,102,0,0,0,500,0
h15,2902195844645575108,p3,0,0,500,0,0,0,500,0,364,7,129,0,0,0,500,0
h15,290686619090390620,p1,0,0,500,0,14,33,453,0,366,12,122,0,0,0,500,0
h15,290686619090390620,p2,0,0,500,0,0,0,500,0,388,19,93,0,0,0,500,0
h15,290686619090390620,p3,0,0,500,0,0,0,500,0,380,22,98,0,0,0,500,0
h15,2908185655741705158,p1,0,0,500,0,16,55,429,0,380,25,95,0,0,0,500,0
h15,2908185655741705158,p2,0,0,500,0,0,0,500,0,391,44,65,0,0,0,500,0
h15,2908185655741705158,p3,0,0,500,0,0,0,500,0,336,79,85,0,0,0,500,0
h15,2928617076118517724,p1,0,0,500,0,21,46,433,0,373,37,90,0,0,0,500,0
h15,2928617076118517724,p2,0,0,500,0,0,3,497,0,365,52,83,0,0,0,500,0
h15,2928617076118517724,p3,0,0,500,0,0,0,500,0,367,61,72,0,0,0,500,0
h15,2960987145517736456,p1,0,0,500,0,22,53,425,0,370,11,119,0,0,0,500,0
h15,2960987145517736456,p2,0,0,500,0,0,2,498,0,371,46,83,0,0,0,500,0
h15,2960987145517736456,p3,0,0,500,0,0,0,500,0,331,18,151,0,0,0,500,0
h15,2964755776393380304,p1,0,0,500,0,22,49,429,0,363,26,111,0,0,0,500,0
h15,2964755776393380304,p2,0,0,500,0,0,0,500,0,364,39,97,0,0,0,500,0
h15,2964755776393380304,p3,0,0,500,0,0,0,500,0,359,18,123,0,0,0,500,0
h15,2964850906719704677,p1,0,0,500,0,17,57,426,0,384,14,102,0,0,0,500,0
h15,2964850906719704677,p2,0,0,500,0,0,0,500,0,377,13,110,0,0,0,500,0
h15,2964850906719704677,p3,0,0,500,0,0,0,500,0,309,6,185,0,0,0,500,0
h15,3016438816056710144,p1,0,0,500,0,11,51,438,0,360,12,128,0,0,0,500,0
h15,3016438816056710144,p2,0,0,500,0,0,1,499,0,349,6,145,0,0,0,500,0
h15,3016438816056710144,p3,0,0,500,0,0,0,500,0,369,15,116,0,0,0,500,0
h15,3035241902047202635,p1,0,0,500,0,17,53,430,0,361,32,107,0,0,0,500,0
h15,3035241902047202635,p2,0,0,500,0,0,1,499,0,382,52,66,0,0,0,500,0
h15,3035241902047202635,p3,0,0,500,0,0,0,500,0,351,63,86,0,0,0,500,0
h15,3043293454152467714,p1,0,0,500,0,11,50,439,0,372,8,120,0,0,0,500,0
h15,3043293454152467714,p2,0,0,500,0,0,2,498,0,367,3,130,0,0,0,500,0
h15,3043293454152467714,p3,0,0,500,0,0,0,500,0,274,9,217,0,0,0,500,0
h15,3078297941584403420,p1,0,0,500,0,15,45,440,0,372,14,114,0,0,0,500,0
h15,3078297941584403420,p2,0,0,500,0,0,0,500,0,362,8,130,0,0,0,500,0
h15,3078297941584403420,p3,0,0,500,0,0,0,500,0,344,11,145,0,0,0,500,0
h15,3090648770512903875,p1,0,0,500,0,17,46,437,0,363,19,118,0,0,0,500,0
h15,3090648770512903875,p2,0,0,500,0,0,2,498,0,354,38,108,0,0,0,500,0
h15,3090648770512903875,p3,0,0,500,0,0,0,500,0,371,19,110,0,0,0,500,0
h15,3099974262583652182,p1,0,0,500,0,14,58,428,0,388,9,103,0,0,0,500,0
h15,3099974262583652182,p2,0,0,500,0,0,1,499,0,319,11,170,0,0,0,500,0
h15,3099974262583652182,p3,0,0,500,0,0,0,500,0,389,7,104,0,0,0,500,0
h15,310724024484865085,p1,0,0,500,0,17,47,436,0,347,7,146,0,0,0,500,0
h15,310724024484865085,p2,0,0,500,0,0,2,498,0,365,10,125,0,0,0,500,0
h15,310724024484865085,p3,0,0,500,0,0,1,499,0,359,9,132,0,0,0,500,0
h15,3130738727347636717,p1,0,0,500,0,14,48,438,0,376,5,119,0,0,0,500,0
h15,3130738727347636717,p2,0,0,500,0,0,0,500,0,315,7,178,0,0,0,500,0
h15,3130738727347636717,p3,0,0,500,0,0,0,500,0,375,3,122,0,0,0,500,0
h15,3163037160838944437,p1,0,0,500,0,22,48,430,0,371,26,103,0,0,0,500,0
h15,3163037160838944437,p2,0,0,500,0,0,1,499,0,368,66,66,0,0,0,500,0
h15,3163037160838944437,p3,0,0,500,0,0,0,500,0,337,54,109,0,0,0,500,0
h15,3184397707861920724,p1,0,0,500,0,9,42,449,0,372,40,88,0,0,0,500,0
h15,3184397707861920724,p2,0,0,500,0,0,0,500,0,385,16,99,0,0,0,500,0
h15,3184397707861920724,p3,0,0,500,0,0,0,500,0,359,64,77,0,0,0,500,0
h15,3185558667242114064,p1,0,0,500,0,14,58,428,0,366,11,123,0,0,0,500,0
h15,3185558667242114064,p2,0,0,500,0,0,2,498,0,354,12,134,0,0,0,500,0
h15,3185558667242114064,p3,0,0,500,0,0,0,500,0,361,8,131,0,0,0,500,0
h15,3185828032393094515,p1,0,0,500,0,18,43,439,0,366,24,110,0,0,0,500,0
h15,3185828032393094515,p2,0,0,500,0,0,1,499,0,374,61,65,0,0,0,500,0
h15,3185828032393094515,p3,0,0,500,0,0,0,500,0,365,54,81,0,0,0,500,0
h15,3210465511460890309,p1,0,0,500,0,26,31,443,0,379,6,115,0,0,0,500,0
h15,3210465511460890309,p2,0,0,500,0,0,0,500,0,345,8,147,0,0,0,500,0
h15,3210465511460890309,p3,0,0,500,0,0,0,500,0,319,38,143,0,0,0,500,0
h15,3210593662589872418,p1,0,0,500,0,17,46,437,0,376,27,97,0,0,0,500,0
h15,3210593662589872418,p2,0,0,500,0,0,0,500,0,343,11,146,0,0,0,500,0
h15,3210593662589872418,p3,0,0,500,0,0,1,499,0,341,9,150,0,0,0,500,0
h15,3229084381084250086,p1,0,0,500,0,13,53,434,0,337,16,147,0,0,0,500,0
h15,3229084381084250086,p2,0,0,500,0,0,1,499,0,380,8,112,0,0,0,500,0
h15,3229084381084250086,p3,0,0,500,0,0,0,500,0,359,5,136,0,0,0,500,0
h15,3269154127785763226,p1,0,0,500,0,17,52,431,0,380,37,83,0,0,0,500,0
h15,3269154127785763226,p2,0,0,500,0,0,1,499,0,387,47,66,0,0,0,500,0
h15,3269154127785763226,p3,0,0,500,0,0,0,500,0,364,65,71,0,0,0,500,0
h15,3273519525761798471,p1,0,0,500,0,16,35,449,0,366,9,125,0,0,0,500,0
h15,3273519525761798471,p2,0,0,500,0,2,1,497,0,393,14,93,0,0,0,500,0
h15,3273519525761798471,p3,0,0,500,0,0,0,500,0,289,8,203,0,0,0,500,0
h15,327374201998611945,p1,0,0,500,0,13,45,442,0,378,8,114,0,0,0,500,0
h15,327374201998611945,p2,0,0,500,0,0,1,499,0,362,6,132,0,0,0,500,0
h15,327374201998611945,p3,0,0,500,0,0,0,500,0,330,21,149,0,0,0,500,0
h15,3287578407771284395,p1,0,0,500,0,21,52,427,0,352,8,140,0,0,0,500,0
h15,3287578407771284395,p2,0,0,500,0,0,1,499,0,335,5,160,0,0,0,500,0
h15,3287578407771284395,p3,0,0,500,0,0,0,500,0,387,8,105,0,0,0,500,0
h15,3307057665339367362,p1,0,0,500,0,17,52,431,0,391,3,106,0,0,0,500,0
h15,3307057665339367362,p2,0,0,500,0,0,1,499,0,347,29,124,0,0,0,500,0
h15,3307057665339367362,p3,0,0,500,0,0,0,500,0,377,11,112,0,0,0,500,0
h15,3312670969703424243,p1,0,0,500,0,10,36,454,0,345,18,137,0,0,0,500,0
h15,3312670969703424243,p2,0,0,500,0,0,0,500,0,370,20,110,0,0,0,500,0
h15,3312670969703424243,p3,0,0,500,0,0,0,500,0,345,40,115,0,0,0,500,0
h15,3340500241406418966,p1,0,0,500,0,10,49,441,0,367,37,96,0,0,0,500,0
h15,3340500241406418966,p2,0,0,500,0,0,1,499,0,362,66,72,0,0,0,500,0
h15,3340500241406418966,p3,0,0,500,0,0,0,500,0,387,48,65,0,0,0,500,0
h15,3366207165799477625,p1,0,0,500,0,13,41,446,0,395,7,98,0,0,0,500,0
h15,3366207165799477625,p2,0,0,500,0,0,1,499,0,380,13,107,0,0,0,500,0
h15,3366207165799477625,p3,0,0,500,0,0,0,500,0,350,8,142,0,0,0,500,0
h15,3390192299247848860,p1,0,0,500,0,13,58,429,0,371,27,102,0,0,0,500,0
h15,3390192299247848860,p2,0,0,500,0,0,5,495,0,339,83,78,0,0,0,500,0
h15,3390192299247848860,p3,0,0,500,0,0,1,499,0,328,98,74,0,0,0,500,0
h15,3390259435413110861,p1,0,0,500,0,12,40,448,0,383,10,107,0,0,0,500,0
h15,3390259435413110861,p2,0,0,500,0,0,0,500,0,366,11,123,0,0,0,500,0
h15,3390259435413110861,p3,0,0,500,0,0,0,500,0,328,5,167,0,0,0,500,0
h15,3393781634093874376,p1,0,0,500,0,21,46,433,0,368,7,125,0,0,0,500,0
h15,3393781634093874376,p2,0,0,500,0,0,0,500,0,343,21,136,0,0,0,500,0
h15,3393781634093874376,p3,0,0,500,0,1,0,499,0,237,25,238,0,0,0,500,0
h15,3417960183250057610,p1,0,0,500,0,24,64,412,0,375,25,100,0,0,0,500,0
h15,3417960183250057610,p2,0,0,500,0,0,0,500,0,358,68,74,0,0,0,500,0
h15,3417960183250057610,p3,0,0,500,0,0,0,500,0,359,70,71,0,0,0,500,0
h15,3435960736692290857,p1,0,0,500,0,15,43,442,0,373,10,117,0,0,0,500,0
h15,3435960736692290857,p2,0,0,500,0,0,0,500,0,379,15,106,0,0,0,500,0
h15,3435960736692290857,p3,0,0,500,0,0,0,500,0,355,38,107,0,0,0,500,0
h15,3455365682701319468,p1,0,0,500,0,19,43,438,0,379,27,94,0,0,0,500,0
h15,3455365682701319468,p2,0,0,500,0,0,1,499,0,380,39,81,0,0,0,500,0
h15,3455365682701319468,p3,0,0,500,0,0,0,500,0,371,67,62,0,0,0,500,0
h15,345893178432323072,p1,0,0,500,0,23,49,428,0,383,6,111,0,0,0,500,0
h15,345893178432323072,p2,0,0,500,0,0,0,500,0,374,4,122,0,0,0,500,0
h15,345893178432323072,p3,0,0,500,0,0,0,500,0,368,11,121,0,0,0,500,0
h15,3477192275022389711,p1,0,0,500,0,5,45,450,0,367,10,123,0,0,0,500,0
h15,3477192275022389711,p2,0,0,500,0,0,0,500,0,385,21,94,0,0,0,500,0
h15,3477192275022389711,p3,0,0,500,0,0,0,500,0,288,30,182,0,0,0,500,0
h15,3479175608016784041,p1,0,0,500,0,8,50,442,0,368,36,96,0,0,0,500,0
h15,3479175608016784041,p2,0,0,500,0,0,1,499,0,365,54,81,0,0,0,500,0
h15,3479175608016784041,p3,0,0,500,0,0,0,500,0,397,31,72,0,0,0,500,0
h15,348132335556126410,p1,0,0,500,0,16,32,452,0,360,15,125,0,0,0,500,0
h15,348132335556126410,p2,0,0,500,0,0,0,500,0,365,24,111,0,0,0,500,0
h15,348132335556126410,p3,0,0,500,0,0,0,500,0,311,15,174,0,0,0,500,0
h15,3483790858614949299,p1,0,0,500,0,9,40,451,0,364,11,125,0,0,0,500,0
h15,3483790858614949299,p2,0,0,500,0,0,0,500,0,343,7,150,0,0,0,500,0
h15,3483790858614949299,p3,0,0,500,0,0,0,500,0,355,9,136,0,0,0,500,0
h15,348508022849407605,p1,0,0,500,0,10,49,441,0,353,9,138,0,0,0,500,0
h15,348508022849407605,p2,0,0,500,0,0,0,500,0,362,8,130,0,0,0,500,0
h15,348508022849407605,p3,0,0,500,0,0,0,500,0,356,27,117,0,0,0,500,0
h15,3497185378182906998,p1,0,0,500,0,16,42,442,0,372,9,119,0,0,0,500,0
h15,3497185378182906998,p2,0,0,500,0,0,1,499,0,374,11,115,0,0,0,500,0
h15,3497185378182906998,p3,0,0,500,0,0,0,500,0,374,47,79,0,0,0,500,0
h15,3555433514481028389,p1,0,0,500,0,22,45,433,0,380,12,108,0,0,0,500,0
h15,3555433514481028389,p2,0,0,500,0,0,1,499,0,331,9,160,0,0,0,500,0
h15,3555433514481028389,p3,0,0,500,0,0,0,500,0,318,3,179,0,0,0,500,0
h15,3564625325912848432,p1,0,0,500,0,14,46,440,0,372,6,122,0,0,0,500,0
h15,3564625325912848432,p2,0,0,500,0,0,1,499,0,356,64,80,0,0,0,500,0
h15,3564625325912848432,p3,0,0,500,0,0,0,500,0,363,67,70,0,0,0,500,0
h15,358318172360876650,p1,0,0,500,0,17,40,443,0,353,13,134,0,0,0,500,0
h15,358318172360876650,p2,0,0,500,0,0,1,499,0,372,21,107,0,0,0,500,0
h15,358318172360876650,p3,0,0,500,0,0,0,500,0,379,6,115,0,0,0,500,0
h15,3598883743904255961,p1,0,0,500,0,15,36,449,0,358,17,125,0,0,0,500,0
h15,3598883743904255961,p2,0,0,500,0,0,1,499,0,388,16,96,0,0,0,500,0
h15,3598883743904255961,p3,0,0,500,0,0,0,500,0,360,27,113,0,0,0,500,0
h15,3603715605818049841,p1,0,0,500,0,17,58,425,0,371,14,115,0,0,0,500,0
h15,3603715605818049841,p2,0,0,500,0,0,2,498,0,374,13,113,0,0,0,500,0
h15,3603715605818049841,p3,0,0,500,0,0,0,500,0,357,6,137,0,0,0,500,0
h15,3607480588533803111,p1,0,0,500,0,18,49,433,0,370,7,123,0,0,0,500,0
h15,3607480588533803111,p2,0,0,500,0,0,0,500,0,350,15,135,0,0,0,500,0
h15,3607480588533803111,p3,0,0,500,0,0,0,500,0,327,11,162,0,0,0,500,0
h15,3617997975680925724,p1,0,0,500,0,14,53,433,0,357,11,132,0,0,0,500,0
h15,3617997975680925724,p2,0,0,500,0,0,1,499,0,359,26,115,0,0,0,500,0
h15,3617997975680925724,p3,0,0,500,0,0,0,500,0,330,8,162,0,0,0,500,0
h15,3639317139526480027,p1,0,0,500,0,14,54,432,0,363,11,126,0,0,0,500,0
h15,3639317139526480027,p2,0,0,500,0,0,0,500,0,405,11,84,0,0,0,500,0
h15,3639317139526480027,p3,0,0,500,0,0,0,500,0,345,14,141,0,0,0,500,0
h15,3665484960265591111,p1,0,0,500,0,14,46,440,0,373,8,119,0,0,0,500,0
h15,3665484960265591111,p2,0,0,500,0,0,0,500,0,379,11,110,0,0,0,500,0
h15,3665484960265591111,p3,0,0,500,0,0,0,500,0,365,9,126,0,0,0,500,0
h15,3674990435318027120,p1,0,0,500,0,19,38,443,0,367,31,102,0,0,0,500,0
h15,3674990435318027120,p2,0,0,500,0,0,0,500,0,377,32,91,0,0,0,500,0
h15,3674990435318027120,p3,0,0,500,0,0,0,500,0,312,80,108,0,0,0,500,0
h15,3682555276413059268,p1,0,0,500,0,14,51,435,0,394,7,99,0,0,0,500,0
h15,3682555276413059268,p2,0,0,500,0,0,1,499,0,375,17,108,0,0,0,500,0
h15,3682555276413059268,p3,0,0,500,0,0,0,500,0,378,8,114,0,0,0,500,0
h15,3710035758932078803,p1,0,0,500,0,14,52,434,0,372,9,119,0,0,0,500,0
h15,3710035758932078803,p2,0,0,500,0,0,2,498,0,374,5,121,0,0,0,500,0
h15,3710035758932078803,p3,0,0,500,0,0,1,499,0,356,7,137,0,0,0,500,0
h15,3715864596017978579,p1,0,0,500,0,15,31,454,0,365,4,131,0,0,0,500,0
h15,3715864596017978579,p2,0,0,500,0,0,2,498,0,355,15,130,0,0,0,500,0
h15,3715864596017978579,p3,0,0,500,0,0,0,500,0,352,23,125,0,0,0,500,0
h15,3718566910888851816,p1,0,0,500,0,13,28,459,0,393,22,85,0,0,0,500,0
h15,3718566910888851816,p2,0,0,500,0,0,0,500,0,370,67,63,0,0,0,500,0
h15,3718566910888851816,p3,0,0,500,0,0,0,500,0,337,96,67,0,0,0,500,0
h15,3741387974114566182,p1,0,0,500,0,10,47,443,0,376,42,82,0,0,0,500,0
h15,3741387974114566182,p2,0,0,500,0,0,0,500,0,339,88,73,0,0,0,500,0
h15,3741387974114566182,p3,0,0,500,0,0,0,500,0,327,104,69,0,0,0,500,0
h15,374341739460041193,p1,0,0,500,0,9,38,453,0,387,16,97,0,0,0,500,0
h15,374341739460041193,p2,0,0,500,0,0,1,499,0,283,4,213,0,0,0,500,0
h15,374341739460041193,p3,0,0,500,0,0,0,500,0,338,23,139,0,0,0,500,0
h15,3799441521496706780,p1,0,0,500,0,11,53,436,0,371,33,96,0,0,0,500,0
h15,3799441521496706780,p2,0,0,500,0,1,1,498,0,320,120,60,0,0,0,500,0
h15,3799441521496706780,p3,0,0,500,0,0,0,500,0,382,45,73,0,0,0,500,0
h15,3825117683840938324,p1,0,0,500,0,12,59,429,0,390,3,107,0,0,0,500,0
h15,3825117683840938324,p2,0,0,500,0,1,0,499,0,352,8,140,0,0,0,500,0
h15,3825117683840938324,p3,0,0,500,0,0,0,500,0,388,7,105,0,0,0,500,0
h15,387848202620494590,p1,0,0,500,0,12,48,440,0,361,29,110,0,0,0,500,0
h15,387848202620494590,p2,0,0,500,0,0,1,499,0,382,50,68,0,0,0,500,0
h15,387848202620494590,p3,0,0,500,0,0,0,500,0,400,39,61,0,0,0,500,0
h15,3887498762517043565,p1,0,0,500,0,12,57,431,0,355,25,120,0,0,0,500,0
h15,3887498762517043565,p2,0,0,500,0,0,2,498,0,384,11,105,0,0,0,500,0
h15,3887498762517043565,p3,0,0,500,0,0,1,499,0,315,100,85,0,0,0,500,0
h15,3889270355882478351,p1,0,0,500,0,14,51,435,0,359,15,126,0,0,0,500,0
h15,3889270355882478351,p2,0,0,500,0,0,0,500,0,399,18,83,0,0,0,500,0
h15,3889270355882478351,p3,0,0,500,0,0,0,500,0,336,88,76,0,0,0,500,0
h15,3905365602039565782,p1,0,0,500,0,18,54,428,0,364,45,91,0,0,0,500,0
h15,3905365602039565782,p2,0,0,500,0,0,3,497,0,322,113,65,0,0,0,500,0
h15,3905365602039565782,p3,0,0,500,0,0,0,500,0,305,116,79,0,0,0,500,0
h15,3909014931439800737,p1,0,0,500,0,16,45,439,0,368,28,104,0,0,0,500,0
h15,3909014931439800737,p2,0,0,500,0,0,0,500,0,370,35,95,0,0,0,500,0
h15,3909014931439800737,p3,0,0,500,0,0,0,500,0,331,53,116,0,0,0,500,0
h15,3915162678557792845,p1,0,0,500,0,17,43,440,0,375,16,109,0,0,0,500,0
h15,3915162678557792845,p2,0,0,500,0,0,0,500,0,386,10,104,0,0,0,500,0
h15,3915162678557792845,p3,0,0,500,0,0,0,500,0,366,7,127,0,0,0,500,0
h15,3961017489476298705,p1,0,0,500,0,25,47,428,0,356,15,129,0,0,0,500,0
h15,3961017489476298705,p2,0,0,500,0,0,4,496,0,374,14,112,0,0,0,500,0
h15,3961017489476298705,p3,0,0,500,0,0,0,500,0,389,10,101,0,0,0,500,0
h15,3985496918899514882,p1,0,0,500,0,18,49,433,0,369,21,110,0,0,0,500,0
h15,3985496918899514882,p2,0,0,500,0,0,0,500,0,352,72,76,0,0,0,500,0
h15,3985496918899514882,p3,0,0,500,0,0,0,500,0,383,50,67,0,0,0,500,0
h15,3989796893888869225,p1,0,0,500,0,14,39,447,0,374,12,114,0,0,0,500,0
h15,3989796893888869225,p2,0,0,500,0,0,1,499,0,375,14,111,0,0,0,500,0
h15,3989796893888869225,p3,0,0,500,0,0,0,500,0,381,9,110,0,0,0,500,0
h15,3994395070099107250,p1,0,0,500,0,14,40,446,0,383,9,108,0,0,0,500,0
h15,3994395070099107250,p2,0,0,500,0,0,3,497,0,381,16,103,0,0,0,500,0
h15,3994395070099107250,p3,0,0,500,0,0,0,500,0,337,4,159,0,0,0,500,0
h15,4017285158859759849,p1,0,0,500,0,9,43,448,0,365,15,120,0,0,0,500,0
h15,4017285158859759849,p2,0,0,500,0,0,1,499,0,388,35,77,0,0,0,500,0
h15,4017285158859759849,p3,0,0,500,0,0,0,500,0,363,43,94,0,0,0,500,0
h15,403026997107177644,p1,0,0,500,0,13,34,453,0,358,42,100,0,0,0,500,0
h15,403026997107177644,p2,0,0,500,0,0,0,500,0,293,96,111,0,0,0,500,0
h15,403026997107177644,p3,0,0,500,0,0,0,500,0,392,56,52,0,0,0,500,0
h15,4038605454746611525,p1,0,0,500,0,16,60,424,0,391,18,91,0,0,0,500,0
h15,4038605454746611525,p2,0,0,500,0,0,3,497,0,362,74,64,0,0,0,500,0
h15,4038605454746611525,p3,0,0,500,0,0,0,500,0,383,40,77,0,0,0,500,0
h15,4065064481587879330,p1,0,0,500,0,11,53,436,0,376,39,85,0,0,0,500,0
h15,4065064481587879330,p2,0,0,500,0,0,1,499,0,371,54,75,0,0,0,500,0
h15,4065064481587879330,p3,0,0,500,0,0,0,500,0,339,75,86,0,0,0,500,0
h15,4067412433568897486,p1,0,0,500,0,13,45,442,0,356,12,132,0,0,0,500,0
h15,4067412433568897486,p2,0,0,500,0,0,0,500,0,339,10,151,0,0,0,500,0
h15,4067412433568897486,p3,0,0,500,0,0,0,500,0,374,6,120,0,0,0,500,0
h15,4072432245089798522,p1,0,0,500,0,17,46,437,0,392,13,95,0,0,0,500,0
h15,4072432245089798522,p2,0,0,500,0,0,1,499,0,340,32,128,0,0,0,500,0
h15,4072432245089798522,p3,0,0,500,0,0,0,500,0,375,11,114,0,0,0,500,0
h15,4079110917361667179,p1,0,0,500,0,17,51,432,0,387,16,97,0,0,0,500,0
h15,4079110917361667179,p2,0,0,500,0,0,1,499,0,363,15,122,0,0,0,500,0
h15,4079110917361667179,p3,0,0,500,0,0,0,500,0,340,7,153,0,0,0,500,0
h15,4081238640812042457,p1,0,0,500,0,13,47,440,0,379,24,97,0,0,0,500,0
h15,4081238640812042457,p2,0,0,500,0,0,2,498,0,378,66,56,0,0,0,500,0
h15,4081238640812042457,p3,0,0,500,0,0,0,500,0,366,50,84,0,0,0,500,0
h15,4105815292178215559,p1,0,0,500,0,18,51,431,0,361,12,127,0,0,0,500,0
h15,4105815292178215559,p2,0,0,500,0,0,0,500,0,307,121,72,0,0,0,500,0
h15,4105815292178215559,p3,0,0,500,0,0,1,499,0,334,29,137,0,0,0,500,0
h15,4112870112723342491,p1,0,0,500,0,7,40,453,0,375,48,77,0,0,0,500,0
h15,4112870112723342491,p2,0,0,500,0,0,0,500,0,323,93,84,0,0,0,500,0
h15,4112870112723342491,p3,0,0,500,0,0,0,500,0,380,35,85,0,0,0,500,0
h15,4121658126136949362,p1,0,0,500,0,15,40,445,0,375,15,110,0,0,0,500,0
h15,4121658126136949362,p2,0,0,500,0,0,0,500,0,375,12,113,0,0,0,500,0
h15,4121658126136949362,p3,0,0,500,0,0,0,500,0,381,14,105,0,0,0,500,0
h15,4124974975694375625,p1,0,0,500,0,14,48,438,0,372,9,119,0,0,0,500,0
h15,4124974975694375625,p2,0,0,500,0,0,1,499,0,359,10,131,0,0,0,500,0
h15,4124974975694375625,p3,0,0,500,0,0,0,500,0,380,7,113,0,0,0,500,0
h15,4160002603981038967,p1,0,0,500,0,13,53,434,0,372,12,116,0,0,0,500,0
h15,4160002603981038967,p2,0,0,500,0,0,0,500,0,332,13,155,0,0,0,500,0
h15,4160002603981038967,p3,0,0,500,0,0,0,500,0,341,4,155,0,0,0,500,0
h15,4190548352594269785,p1,0,0,500,0,14,50,436,0,389,10,101,0,0,0,500,0
h15,4190548352594269785,p2,0,0,500,0,0,1,499,0,374,21,105,0,0,0,500,0
h15,4190548352594269785,p3,0,0,500,0,0,0,500,0,373,10,117,0,0,0,500,0
h15,4203845509334149556,p1,0,0,500,0,15,45,440,0,370,31,99,0,0,0,500,0
h15,4203845509334149556,p2,0,0,500,0,0,1,499,0,382,48,70,0,0,0,500,0
h15,4203845509334149556,p3,0,0,500,0,0,1,499,0,364,61,75,0,0,0,500,0
h15,4207149173689489370,p1,0,0,500,0,16,49,435,0,376,8,116,0,0,0,500,0
h15,4207149173689489370,p2,0,0,500,0,0,1,499,0,349,20,131,0,0,0,500,0
h15,4207149173689489370,p3,0,0,500,0,0,0,500,0,330,5,165,0,0,0,500,0
h15,4238382368013230754,p1,0,0,500,0,11,41,448,0,371,17,112,0,0,0,500,0
h15,4238382368013230754,p2,0,0,500,0,1,1,498,0,375,10,115,0,0,0,500,0
h15,4238382368013230754,p3,0,0,500,0,0,0,500,0,387,11,102,0,0,0,500,0
h15,4269998443319130901,p1,0,0,500,0,6,48,446,0,363,7,130,0,0,0,500,0
h15,4269998443319130901,p2,0,0,500,0,0,0,500,0,373,11,116,0,0,0,500,0
h15,4269998443319130901,p3,0,0,500,0,0,0,500,0,354,8,138,0,0,0,500,0
h15,4292870742190751775,p1,0,0,500,0,16,65,419,0,355,54,91,0,0,0,500,0
h15,4292870742190751775,p2,0,0,500,0,0,0,500,0,388,38,74,0,0,0,500,0
h15,4292870742190751775,p3,0,0,500,0,0,1,499,0,376,54,70,0,0,0,500,0
h15,4294127255913208186,p1,0,0,500,0,15,35,450,0,372,38,90,0,0,0,500,0
h15,4294127255913208186,p2,0,0,500,0,0,1,499,0,332,82,86,0,0,0,500,0
h15,4294127255913208186,p3,0,0,500,0,0,0,500,0,378,47,75,0,0,0,500,0
h15,4296093022391319298,p1,0,0,500,0,21,70,409,0,379,23,98,0,0,0,500,0
h15,4296093022391319298,p2,0,0,500,0,0,1,499,0,371,33,96,0,0,0,500,0
h15,4296093022391319298,p3,0,0,500,0,0,0,500,0,382,44,74,0,0,0,500,0
h15,4300543425745576998,p1,0,0,500,0,16,55,429,0,382,14,104,0,0,0,500,0
h15,4300543425745576998,p2,0,0,500,0,0,2,498,0,391,9,100,0,0,0,500,0
h15,4300543425745576998,p3,0,0,500,0,0,0,500,0,359,20,121,0,0,0,500,0
h15,4329052377276345122,p1,0,0,500,0,16,58,426,0,359,15,126,0,0,0,500,0
h15,4329052377276345122,p2,0,0,500,0,0,2,498,0,305,35,160,0,0,0,500,0
h15,4329052377276345122,p3,0,0,500,0,0,0,500,0,370,20,110,0,0,0,500,0
h15,4344513331770728779,p1,0,0,500,0,10,56,434,0,389,24,87,0,0,0,500,0
h15,4344513331770728779,p2,0,0,500,0,0,1,499,0,383,43,74,0,0,0,500,0
h15,4344513331770728779,p3,0,0,500,0,0,0,500,0,390,35,75,0,0,0,500,0
h15,4344603063712412017,p1,0,0,500,0,6,39,455,0,339,59,102,0,0,0,500,0
h15,4344603063712412017,p2,0,0,500,0,0,0,500,0,314,113,73,0,0,0,500,0
h15,4344603063712412017,p3,0,0,500,0,0,0,500,0,249,154,97,0,0,0,500,0
h15,4351317471290300548,p1,0,0,500,0,14,52,434,0,347,47,106,0,0,0,500,0
h15,4351317471290300548,p2,0,0,500,0,0,0,500,0,412,33,55,0,0,0,500,0
h15,4351317471290300548,p3,0,0,500,0,0,1,499,0,363,65,72,0,0,0,500,0
h15,4355874984491921493,p1,0,0,500,0,14,52,434,0,377,10,113,0,0,0,500,0
h15,4355874984491921493,p2,0,0,500,0,0,2,498,0,362,25,113,0,0,0,500,0
h15,4355874984491921493,p3,0,0,500,0,0,0,500,0,304,20,176,0,0,0,500,0
h15,4371166039719414947,p1,0,0,500,0,14,35,451,0,383,6,111,0,0,0,500,0
h15,4371166039719414947,p2,0,0,500,0,0,2,498,0,308,8,184,0,0,0,500,0
h15,4371166039719414947,p3,0,0,500,0,0,0,500,0,354,8,138,0,0,0,500,0
h15,4399040171398651594,p1,0,0,500,0,7,53,440,0,379,8,113,0,0,0,500,0
h15,4399040171398651594,p2,0,0,500,0,0,0,500,0,335,12,153,0,0,0,500,0
h15,4399040171398651594,p3,0,0,500,0,0,0,500,0,345,15,140,0,0,0,500,0
h15,4406895073553740970,p1,0,0,500,0,17,49,434,0,382,37,81,0,0,0,500,0
h15,4406895073553740970,p2,0,0,500,0,0,0,500,0,380,50,70,0,0,0,500,0
h15,4406895073553740970,p3,0,0,500,0,0,0,500,0,374,62,64,0,0,0,500,0
h15,441017604722670060,p1,0,0,500,0,12,62,426,0,378,6,116,0,0,0,500,0
h15,441017604722670060,p2,0,0,500,0,0,1,499,0,387,25,88,0,0,0,500,0
h15,441017604722670060,p3,0,0,500,0,0,0,500,0,375,6,119,0,0,0,500,0
h15,4416447373977992512,p1,0,0,500,0,12,46,442,0,374,17,109,0,0,0,500,0
h15,4416447373977992512,p2,0,0,500,0,0,1,499,0,324,16,160,0,0,0,500,0
h15,4416447373977992512,p3,0,0,500,0,0,0,500,0,368,27,105,0,0,0,500,0
h15,4467697285183186908,p1,0,0,500,0,18,58,424,0,357,55,88,0,0,0,500,0
h15,4467697285183186908,p2,0,0,500,0,0,1,499,0,371,49,80,0,0,0,500,0
h15,4467697285183186908,p3,0,0,500,0,0,0,500,0,348,56,96,0,0,0,500,0
h15,4472964399976264745,p1,0,0,500,0,17,56,427,0,378,20,102,0,0,0,500,0
h15,4472964399976264745,p2,0,0,500,0,0,1,499,0,369,39,92,0,0,0,500,0
h15,4472964399976264745,p3,0,0,500,0,0,1,499,0,316,61,123,0,0,0,500,0
h15,4511024912300802566,p1,0,0,500,0,16,57,427,0,376,22,102,0,0,0,500,0
h15,4511024912300802566,p2,0,0,500,0,0,1,499,0,356,15,129,0,0,0,500,0
h15,4511024912300802566,p3,0,0,500,0,0,0,500,0,367,12,121,0,0,0,500,0
h15,4515077648326379087,p1,0,0,500,0,12,51,437,0,387,5,108,0,0,0,500,0
h15,4515077648326379087,p2,0,0,500,0,0,0,500,0,356,23,121,0,0,0,500,0
h15,4515077648326379087,p3,0,0,500,0,0,0,500,0,376,9,115,0,0,0,500,0
h15,4584561167474538213,p1,0,0,500,0,18,46,436,0,366,19,115,0,0,0,500,0
h15,4584561167474538213,p2,0,0,500,0,0,1,499,0,365,17,118,0,0,0,500,0
h15,4584561167474538213,p3,0,0,500,0,0,0,500,0,338,41,121,0,0,0,500,0
h15,4606812304052956530,p1,0,0,500,0,15,43,442,0,381,31,88,0,0,0,500,0
h15,4606812304052956530,p2,0,0,500,0,0,1,499,0,369,71,60,0,0,0,500,0
h15,4606812304052956530,p3,0,0,500,0,0,0,500,0,344,61,95,0,0,0,500,0
h15,4628598236574969621,p1,0,0,500,0,10,44,446,0,356,8,136,0,0,0,500,0
h15,4628598236574969621,p2,0,0,500,0,0,1,499,0,348,3,149,0,0,0,500,0
h15,4628598236574969621,p3,0,0,500,0,0,0,500,0,360,14,126,0,0,0,500,0
h15,4647004326286484686,p1,0,0,500,0,17,54,429,0,355,40,105,0,0,0,500,0
h15,4647004326286484686,p2,0,0,500,0,0,0,500,0,380,34,86,0,0,0,500,0
h15,4647004326286484686,p3,0,0,500,0,0,0,500,0,354,38,108,0,0,0,500,0
h15,4653809936494251115,p1,0,0,500,0,14,46,440,0,362,6,132,0,0,0,500,0
h15,4653809936494251115,p2,0,0,500,0,0,1,499,0,371,15,114,0,0,0,500,0
h15,4653809936494251115,p3,0,0,500,0,0,0,500,0,302,7,191,0,0,0,500,0
h15,4698126246452767033,p1,0,0,500,0,12,47,441,0,368,13,119,0,0,0,500,0
h15,4698126246452767033,p2,0,0,500,0,0,0,500,0,385,9,106,0,0,0,500,0
h15,4698126246452767033,p3,0,0,500,0,0,0,500,0,262,158,80,0,0,0,500,0
h15,4721150406161330258,p1,0,0,500,0,15,48,437,0,351,27,122,0,0,0,500,0
h15,4721150406161330258,p2,0,0,500,0,0,0,500,0,377,14,109,0,0,0,500,0
h15,4721150406161330258,p3,0,0,500,0,0,0,500,0,391,9,100,0,0,0,500,0
h15,4745187287636756444,p1,0,0,500,0,15,48,437,0,368,32,100,0,0,0,500,0
h15,4745187287636756444,p2,0,0,500,0,0,1,499,0,327,89,84,0,0,0,500,0
h15,4745187287636756444,p3,0,0,500,0,0,0,500,0,329,48,123,0,0,0,500,0
h15,4771462021597769792,p1,0,0,500,0,17,53,430,0,387,6,107,0,0,0,500,0
h15,4771462021597769792,p2,0,0,500,0,0,1,499,0,348,48,104,0,0,0,500,0
h15,4771462021597769792,p3,0,0,500,0,0,0,500,0,368,41,91,0,0,0,500,0
h15,4773199782475991387,p1,0,0,500,0,16,40,444,0,357,8,135,0,0,0,500,0
h15,4773199782475991387,p2,0,0,500,0,0,0,500,0,378,5,117,0,0,0,500,0
h15,4773199782475991387,p3,0,0,500,0,0,0,500,0,290,12,198,0,0,0,500,0
h15,4778572288857130378,p1,0,0,500,0,16,68,416,0,369,24,107,0,0,0,500,0
h15,4778572288857130378,p2,0,0,500,0,0,1,499,0,352,45,103,0,0,0,500,0
h15,4778572288857130378,p3,0,0,500,0,0,0,500,0,308,86,106,0,0,0,500,0
h15,4789987914834744075,p1,0,0,500,0,15,50,435,0,365,9,126,0,0,0,500,0
h15,4789987914834744075,p2,0,0,500,0,0,0,500,0,351,18,131,0,0,0,500,0
h15,4789987914834744075,p3,0,0,500,0,0,0,500,0,338,9,153,0,0,0,500,0
h15,4829306345713179926,p1,0,0,500,0,22,47,431,0,374,4,122,0,0,0,500,0
h15,4829306345713179926,p2,0,0,500,0,0,0,500,0,396,7,97,0,0,0,500,0
h15,4829306345713179926,p3,0,0,500,0,0,0,500,0,320,10,170,0,0,0,500,0
h15,4843804138709233019,p1,0,0,500,0,18,59,423,0,386,22,92,0,0,0,500,0
h15,4843804138709233019,p2,0,0,500,0,0,0,500,0,394,41,65,0,0,0,500,0
h15,4843804138709233019,p3,0,0,500,0,0,0,500,0,328,100,72,0,0,0,500,0
h15,485827915098283973,p1,0,0,500,0,15,46,439,0,341,62,97,0,0,0,500,0
h15,485827915098283973,p2,0,0,500,0,0,3,497,0,404,31,65,0,0,0,500,0
h15,485827915098283973,p3,0,0,500,0,0,0,500,0,360,64,76,0,0,0,500,0
h15,4878522617487931086,p1,0,0,500,0,12,59,429,0,380,17,103,0,0,0,500,0
h15,4878522617487931086,p2,0,0,500,0,0,2,498,0,391,17,92,0,0,0,500,0
h15,4878522617487931086,p3,0,0,500,0,0,0,500,0,364,17,119,0,0,0,500,0
h15,4905478093657705566,p1,0,0,500,0,17,45,438,0,374,43,83,0,0,0,500,0
h15,4905478093657705566,p2,0,0,500,0,0,0,500,0,372,48,80,0,0,0,500,0
h15,4905478093657705566,p3,0,0,500,0,0,0,500,0,309,107,84,0,0,0,500,0
h15,4907220619242080258,p1,0,0,500,0,9,44,447,0,378,23,99,0,0,0,500,0
h15,4907220619242080258,p2,0,0,500,0,0,1,499,0,346,50,104,0,0,0,500,0
h15,4907220619242080258,p3,0,0,500,0,0,1,499,0,354,41,105,0,0,0,500,0
h15,4918354425355814078,p1,0,0,500,0,11,54,435,0,359,10,131,0,0,0,500,0
h15,4918354425355814078,p2,0,0,500,0,0,2,498,0,319,21,160,0,0,0,500,0
h15,4918354425355814078,p3,0,0,500,0,0,0,500,0,385,5,110,0,0,0,500,0
h15,4923815154829993657,p1,0,0,500,0,11,42,447,0,358,39,103,0,0,0,500,0
h15,4923815154829993657,p2,0,0,500,0,0,1,499,0,301,35,164,0,0,0,500,0
h15,4923815154829993657,p3,0,0,500,0,0,0,500,0,283,100,117,0,0,0,500,0
h15,4931795206490572184,p1,0,0,500,0,14,53,433,0,357,10,133,0,0,0,500,0
h15,4931795206490572184,p2,0,0,500,0,0,0,500,0,337,9,154,0,0,0,500,0
h15,4931795206490572184,p3,0,0,500,0,0,0,500,0,355,25,120,0,0,0,500,0
h15,495175793068078460,p1,0,0,500,0,19,51,430,0,372,6,122,0,0,0,500,0
h15,495175793068078460,p2,0,0,500,0,0,1,499,0,374,22,104,0,0,0,500,0
h15,495175793068078460,p3,0,0,500,0,0,0,500,0,372,12,116,0,0,0,500,0
h15,4960597125925681665,p1,0,0,500,0,15,53,432,0,354,23,123,0,0,0,500,0
h15,4960597125925681665,p2,0,0,500,0,0,1,499,0,354,43,103,0,0,0,500,0
h15,4960597125925681665,p3,0,0,500,0,0,0,500,0,365,17,118,0,0,0,500,0
h15,4975343302384381602,p1,0,0,500,0,9,48,443,0,371,15,114,0,0,0,500,0
h15,4975343302384381602,p2,0,0,500,0,0,0,500,0,370,10,120,0,0,0,500,0
h15,4975343302384381602,p3,0,0,500,0,0,0,500,0,368,8,124,0,0,0,500,0
h15,5063902303331699690,p1,0,0,500,0,18,36,446,0,388,6,106,0,0,0,500,0
h15,5063902303331699690,p2,0,0,500,0,0,0,500,0,344,16,140,0,0,0,500,0
h15,5063902303331699690,p3,0,0,500,0,0,0,500,0,308,10,182,0,0,0,500,0
h15,5066113823812492879,p1,0,0,500,0,18,54,428,0,368,16,116,0,0,0,500,0
h15,5066113823812492879,p2,0,0,500,0,0,0,500,0,382,5,113,0,0,0,500,0
h15,5066113823812492879,p3,0,0,500,0,0,0,500,0,371,11,118,0,0,0,500,0
h15,5084626038204743742,p1,0,0,500,0,14,63,423,0,380,29,91,0,0,0,500,0
h15,5084626038204743742,p2,0,0,500,0,0,0,500,0,352,18,130,0,0,0,500,0
h15,5084626038204743742,p3,0,0,500,0,0,0,500,0,346,43,111,0,0,0,500,0
h15,5098434102124861901,p1,0,0,500,0,16,41,443,0,374,17,109,0,0,0,500,0
h15,5098434102124861901,p2,0,0,500,0,0,1,499,0,365,25,110,0,0,0,500,0
h15,5098434102124861901,p3,0,0,500,0,0,0,500,0,364,11,125,0,0,0,500,0
h15,5110970989732284377,p1,0,0,500,0,14,33,453,0,371,19,110,0,0,0,500,0
h15,5110970989732284377,p2,0,0,500,0,0,1,499,0,341,15,144,0,0,0,500,0
h15,5110970989732284377,p3,0,0,500,0,0,0,500,0,319,20,161,0,0,0,500,0
h15,5123445201444146103,p1,0,0,500,0,14,56,430,0,370,5,125,0,0,0,500,0
h15,5123445201444146103,p2,0,0,500,0,0,2,498,0,373,13,114,0,0,0,500,0
h15,5123445201444146103,p3,0,0,500,0,0,0,500,0,287,22,191,0,0,0,500,0
h15,5133267597334272441,p1,0,0,500,0,18,36,446,0,382,4,114,0,0,0,500,0
h15,5133267597334272441,p2,0,0,500,0,0,0,500,0,358,6,136,0,0,0,500,0
h15,5133267597334272441,p3,0,0,500,0,0,0,500,0,384,12,104,0,0,0,500,0
h15,5145966158009217779,p1,0,0,500,0,22,44,434,0,374,23,103,0,0,0,500,0
h15,5145966158009217779,p2,0,0,500,0,0,0,500,0,371,56,73,0,0,0,500,0
h15,5145966158009217779,p3,0,0,500,0,0,0,500,0,349,48,103,0,0,0,500,0
h15,5176586221759402753,p1,0,0,500,0,14,46,440,0,362,14,124,0,0,0,500,0
h15,5176586221759402753,p2,0,0,500,0,0,1,499,0,289,26,185,0,0,0,500,0
h15,5176586221759402753,p3,0,0,500,0,0,1,499,0,336,101,63,0,0,0,500,0
h15,5202630681384220438,p1,0,0,500,0,21,63,416,0,367,17,116,0,0,0,500,0
h15,5202630681384220438,p2,0,0,500,0,0,3,497,0,376,12,112,0,0,0,500,0
h15,5202630681384220438,p3,0,0,500,0,0,0,500,0,400,25,75,0,0,0,500,0
h15,5234479157110391535,p1,0,0,500,0,12,48,440,0,368,12,120,0,0,0,500,0
h15,5234479157110391535,p2,0,0,500,0,0,0,500,0,363,10,127,0,0,0,500,0
h15,5234479157110391535,p3,0,0,500,0,0,0,500,0,356,10,134,0,0,0,500,0
h15,5237173890570091681,p1,0,0,500,0,9,50,441,0,381,14,105,0,0,0,500,0
h15,5237173890570091681,p2,0,0,500,0,0,1,499,0,351,17,132,0,0,0,500,0
h15,5237173890570091681,p3,0,0,500,0,0,0,500,0,360,11,129,0,0,0,500,0
h15,5256084581738131185,p1,0,0,500,0,14,45,441,0,384,25,91,0,0,0,500,0
h15,5256084581738131185,p2,0,0,500,0,0,0,500,0,376,36,88,0,0,0,500,0
h15,5256084581738131185,p3,0,0,500,0,0,0,500,0,281,114,105,0,0,0,500,0
h15,5278916152404518456,p1,0,0,500,0,14,51,435,0,349,7,144,0,0,0,500,0
h15,5278916152404518456,p2,0,0,500,0,0,3,497,0,351,19,130,0,0,0,500,0
h15,5278916152404518456,p3,0,0,500,0,0,0,500,0,346,11,143,0,0,0,500,0
h15,5295198285982882322,p1,0,0,500,0,14,53,433,0,370,10,120,0,0,0,500,0
h15,5295198285982882322,p2,0,0,500,0,0,0,500,0,384,7,109,0,0,0,500,0
h15,5295198285982882322,p3,0,0,500,0,0,0,500,0,354,6,140,0,0,0,500,0
h15,5298333590867937410,p1,0,0,500,0,13,58,429,0,365,11,124,0,0,0,500,0
h15,5298333590867937410,p2,0,0,500,0,0,0,500,0,321,12,167,0,0,0,500,0
h15,5298333590867937410,p3,0,0,500,0,0,0,500,0,367,2,131,0,0,0,500,0
h15,5302010441169196640,p1,0,0,500,0,6,45,449,0,376,22,102,0,0,0,500,0
h15,5302010441169196640,p2,0,0,500,0,0,0,500,0,361,46,93,0,0,0,500,0
h15,5302010441169196640,p3,0,0,500,0,0,0,500,0,317,69,114,0,0,0,500,0
h15,5308859903619254707,p1,0,0,500,0,14,52,434,0,379,14,107,0,0,0,500,0
h15,5308859903619254707,p2,0,0,500,0,0,0,500,0,375,7,118,0,0,0,500,0
h15,5308859903619254707,p3,0,0,500,0,0,0,500,0,337,6,157,0,0,0,500,0
h15,5317720066311472576,p1,0,0,500,0,19,59,422,0,376,27,97,0,0,0,500,0
h15,5317720066311472576,p2,0,0,500,0,0,0,500,0,316,114,70,0,0,0,500,0
h15,5317720066311472576,p3,0,0,500,0,0,0,500,0,348,92,60,0,0,0,500,0
h15,5321944938212571663,p1,0,0,500,0,18,40,442,0,381,31,88,0,0,0,500,0
h15,5321944938212571663,p2,0,0,500,0,0,2,498,0,340,72,88,0,0,0,500,0
h15,5321944938212571663,p3,0,0,500,0,0,0,500,0,344,44,112,0,0,0,500,0
h15,5322429953879401608,p1,0,0,500,0,15,54,431,0,356,10,134,0,0,0,500,0
h15,5322429953879401608,p2,0,0,500,0,1,0,499,0,389,15,96,0,0,0,500,0
h15,5322429953879401608,p3,0,0,500,0,0,0,500,0,394,9,97,0,0,0,500,0
h15,5324252283481143529,p1,0,0,500,0,15,43,442,0,356,9,135,0,0,0,500,0
h15,5324252283481143529,p2,0,0,500,0,0,0,500,0,365,23,112,0,0,0,500,0
h15,5324252283481143529,p3,0,0,500,0,0,0,500,0,379,5,116,0,0,0,500,0
h15,5339998715273853505,p1,0,0,500,0,4,49,447,0,365,8,127,0,0,0,500,0
h15,5339998715273853505,p2,0,0,500,0,0,0,500,0,366,4,130,0,0,0,500,0
h15,5339998715273853505,p3,0,0,500,0,0,0,500,0,310,4,186,0,0,0,500,0
h15,534890264862344465,p1,0,0,500,0,12,52,436,0,382,23,95,0,0,0,500,0
h15,534890264862344465,p2,0,0,500,0,0,0,500,0,386,55,59,0,0,0,500,0
h15,534890264862344465,p3,0,0,500,0,0,0,500,0,335,78,87,0,0,0,500,0
h15,5376184914448647708,p1,0,0,500,0,7,54,439,0,375,18,107,0,0,0,500,0
h15,5376184914448647708,p2,0,0,500,0,0,0,500,0,323,14,163,0,0,0,500,0
h15,5376184914448647708,p3,0,0,500,0,0,0,500,0,385,10,105,0,0,0,500,0
h15,5384843017351500412,p1,0,0,500,0,15,55,430,0,356,10,134,0,0,0,500,0
h15,5384843017351500412,p2,0,0,500,0,0,1,499,0,366,8,126,0,0,0,500,0
h15,5384843017351500412,p3,0,0,500,0,0,0,500,0,298,7,195,0,0,0,500,0
h15,541494535783318840,p1,0,0,500,0,17,54,429,0,389,9,102,0,0,0,500,0
h15,541494535783318840,p2,0,0,500,0,0,1,499,0,366,8,126,0,0,0,500,0
h15,541494535783318840,p3,0,0,500,0,0,0,500,0,380,16,104,0,0,0,500,0
h15,5417707987763698281,p1,0,0,500,0,15,46,439,0,384,10,106,0,0,0,500,0
h15,5417707987763698281,p2,0,0,500,0,0,0,500,0,363,31,106,0,0,0,500,0
h15,5417707987763698281,p3,0,0,500,0,0,0,500,0,356,23,121,0,0,0,500,0
h15,5472364174064490458,p1,0,0,500,0,14,36,450,0,360,57,83,0,0,0,500,0
h15,5472364174064490458,p2,0,0,500,0,0,0,500,0,349,62,89,0,0,0,500,0
h15,5472364174064490458,p3,0,0,500,0,0,0,500,0,362,71,67,0,0,0,500,0
h15,5474070091818777991,p1,0,0,500,0,13,32,455,0,359,9,132,0,0,0,500,0
h15,5474070091818777991,p2,0,0,500,0,0,0,500,0,333,31,136,0,0,0,500,0
h15,5474070091818777991,p3,0,0,500,0,0,0,500,0,372,10,118,0,0,0,500,0
h15,5502487278394595237,p1,0,0,500,0,13,52,435,0,373,32,95,0,0,0,500,0
h15,5502487278394595237,p2,0,0,500,0,0,0,500,0,348,67,85,0,0,0,500,0
h15,5502487278394595237,p3,0,0,500,0,0,0,500,0,361,38,101,0,0,0,500,0
h15,5545367096577949297,p1,0,0,500,0,24,45,431,0,377,24,99,0,0,0,500,0
h15,5545367096577949297,p2,0,0,500,0,0,1,499,0,378,25,97,0,0,0,500,0
h15,5545367096577949297,p3,0,0,500,0,0,0,500,0,324,71,105,0,0,0,500,0
h15,5592438464561908426,p1,0,0,500,0,15,56,429,0,369,11,120,0,0,0,500,0
h15,5592438464561908426,p2,0,0,500,0,0,0,500,0,383,15,102,0,0,0,500,0
h15,5592438464561908426,p3,0,0,500,0,0,0,500,0,371,6,123,0,0,0,500,0
h15,5633412943455097014,p1,0,0,500,0,12,56,432,0,389,10,101,0,0,0,500,0
h15,5633412943455097014,p2,0,0,500,0,0,2,498,0,375,8,117,0,0,0,500,0
h15,5633412943455097014,p3,0,0,500,0,0,0,500,0,379,13,108,0,0,0,500,0
h15,5636216989253964756,p1,0,0,500,0,8,60,432,0,374,40,86,0,0,0,500,0
h15,5636216989253964756,p2,0,0,500,0,0,1,499,0,364,62,74,0,0,0,500,0
h15,5636216989253964756,p3,0,0,500,0,0,0,500,0,363,68,69,0,0,0,500,0
h15,5660374399172068823,p1,0,0,500,0,20,43,437,0,381,5,114,0,0,0,500,0
h15,5660374399172068823,p2,0,0,500,0,0,1,499,0,332,5,163,0,0,0,500,0
h15,5660374399172068823,p3,0,0,500,0,0,1,499,0,303,5,192,0,0,0,500,0
h15,5663093404299114628,p1,0,0,500,0,20,55,425,0,372,10,118,0,0,0,500,0
h15,5663093404299114628,p2,0,0,500,0,0,1,499,0,368,22,110,0,0,0,500,0
h15,5663093404299114628,p3,0,0,500,0,0,0,500,0,316,3,181,0,0,0,500,0
h15,5671005661410592532,p1,0,0,500,0,17,56,427,0,373,8,119,0,0,0,500,0
h15,5671005661410592532,p2,0,0,500,0,0,1,499,0,385,7,108,0,0,0,500,0
h15,5671005661410592532,p3,0,0,500,0,0,0,500,0,371,6,123,0,0,0,500,0
h15,5676138681981972712,p1,0,0,500,0,16,63,421,0,368,13,119,0,0,0,500,0
h15,5676138681981972712,p2,0,0,500,0,0,0,500,0,352,4,144,0,0,0,500,0
h15,5676138681981972712,p3,0,0,500,0,0,0,500,0,354,18,128,0,0,0,500,0
h15,5684637688863825104,p1,0,0,500,0,13,42,445,0,365,36,99,0,0,0,500,0
h15,5684637688863825104,p2,0,0,500,0,0,1,499,0,394,13,93,0,0,0,500,0
h15,5684637688863825104,p3,0,0,500,0,0,0,500,0,357,38,105,0,0,0,500,0
h15,5688047433580068346,p1,0,0,500,0,16,52,432,0,376,32,92,0,0,0,500,0
h15,5688047433580068346,p2,0,0,500,0,0,2,498,0,337,80,83,0,0,0,500,0
h15,5688047433580068346,p3,0,0,500,0,0,0,500,0,385,41,74,0,0,0,500,0
h15,5712403196323446509,p1,0,0,500,0,18,57,425,0,368,7,125,0,0,0,500,0
h15,5712403196323446509,p2,0,0,500,0,0,0,500,0,380,42,78,0,0,0,500,0
h15,5712403196323446509,p3,0,0,500,0,0,0,500,0,367,67,66,0,0,0,500,0
h15,5722280312026791986,p1,0,0,500,0,14,40,446,0,376,10,114,0,0,0,500,0
h15,5722280312026791986,p2,0,0,500,0,0,0,500,0,367,12,121,0,0,0,500,0
h15,5722280312026791986,p3,0,0,500,0,0,0,500,0,321,4,175,0,0,0,500,0
h15,5722470060103887163,p1,0,0,500,0,9,51,440,0,340,5,155,0,0,0,500,0
h15,5722470060103887163,p2,0,0,500,0,0,0,500,0,379,12,109,0,0,0,500,0
h15,5722470060103887163,p3,0,0,500,0,0,0,500,0,338,11,151,0,0,0,500,0
h15,5735757561291144551,p1,0,0,500,0,13,34,453,0,358,8,134,0,0,0,500,0
h15,5735757561291144551,p2,0,0,500,0,0,1,499,0,340,32,128,0,0,0,500,0
h15,5735757561291144551,p3,0,0,500,0,0,0,500,0,376,15,109,0,0,0,500,0
h15,5751890584500892473,p1,0,0,500,0,13,54,433,0,397,15,88,0,0,0,500,0
h15,5751890584500892473,p2,0,0,500,0,0,0,500,0,344,35,121,0,0,0,500,0
h15,5751890584500892473,p3,0,0,500,0,0,0,500,0,331,67,102,0,0,0,500,0
h15,5794407209703220765,p1,0,0,500,0,15,57,428,0,342,23,135,0,0,0,500,0
h15,5794407209703220765,p2,0,0,500,0,0,4,496,0,403,32,65,0,0,0,500,0
h15,5794407209703220765,p3,0,0,500,0,0,0,500,0,365,66,69,0,0,0,500,0
h15,5798194897438883268,p1,0,0,500,0,13,49,438,0,366,15,119,0,0,0,500,0
h15,5798194897438883268,p2,0,0,500,0,0,0,500,0,339,49,112,0,0,0,500,0
h15,5798194897438883268,p3,0,0,500,0,0,0,500,0,371,39,90,0,0,0,500,0
h15,580179958289016609,p1,0,0,500,0,14,59,427,0,383,27,90,0,0,0,500,0
h15,580179958289016609,p2,0,0,500,0,1,0,499,0,333,40,127,0,0,0,500,0
h15,580179958289016609,p3,0,0,500,0,0,0,500,0,335,37,128,0,0,0,500,0
h15,581060421270760354,p1,0,0,500,0,15,41,444,0,355,11,134,0,0,0,500,0
h15,581060421270760354,p2,0,0,500,0,0,1,499,0,379,16,105,0,0,0,500,0
h15,581060421270760354,p3,0,0,500,0,0,0,500,0,367,69,64,0,0,0,500,0
h15,5816031460033623034,p1,0,0,500,0,23,58,419,0,390,11,99,0,0,0,500,0
h15,5816031460033623034,p2,0,0,500,0,0,2,498,0,365,12,123,0,0,0,500,0
h15,5816031460033623034,p3,0,0,500,0,0,0,500,0,356,12,132,0,0,0,500,0
h15,5833209884262820855,p1,0,0,500,0,9,45,446,0,361,36,103,0,0,0,500,0
h15,5833209884262820855,p2,0,0,500,0,0,2,498,0,379,64,57,0,0,0,500,0
h15,5833209884262820855,p3,0,0,500,0,0,0,500,0,377,48,75,0,0,0,500,0
h15,5845029024354674371,p1,0,0,500,0,18,61,421,0,378,16,106,0,0,0,500,0
h15,5845029024354674371,p2,0,0,500,0,0,1,499,0,385,22,93,0,0,0,500,0
h15,5845029024354674371,p3,0,0,500,0,0,0,500,0,364,7,129,0,0,0,500,0
h15,5872131788008622690,p1,0,0,500,0,17,46,437,0,382,5,113,0,0,0,500,0
h15,5872131788008622690,p2,0,0,500,0,0,0,500,0,389,8,103,0,0,0,500,0
h15,5872131788008622690,p3,0,0,500,0,0,0,500,0,317,3,180,0,0,0,500,0
h15,590397559720607766,p1,0,0,500,0,20,42,438,0,364,9,127,0,0,0,500,0
h15,590397559720607766,p2,0,0,500,0,0,1,499,0,320,5,175,0,0,0,500,0
h15,590397559720607766,p3,0,0,500,0,0,0,500,0,290,5,205,0,0,0,500,0
h15,5937156044570304494,p1,0,0,500,0,15,35,450,0,395,9,96,0,0,0,500,0
h15,5937156044570304494,p2,0,0,500,0,0,0,500,0,363,7,130,0,0,0,500,0
h15,5937156044570304494,p3,0,0,500,0,0,0,500,0,356,6,138,0,0,0,500,0
h15,5948645529796660416,p1,0,0,500,0,13,38,449,0,371,15,114,0,0,0,500,0
h15,5948645529796660416,p2,0,0,500,0,0,0,500,0,380,11,109,0,0,0,500,0
h15,5948645529796660416,p3,0,0,500,0,0,0,500,0,331,10,159,0,0,0,500,0
h15,5951560188764404489,p1,0,0,500,0,12,47,441,0,388,10,102,0,0,0,500,0
h15,5951560188764404489,p2,0,0,500,0,1,1,498,0,386,9,105,0,0,0,500,0
h15,5951560188764404489,p3,0,0,500,0,0,0,500,0,348,17,135,0,0,0,500,0
h15,5952239077520866706,p1,0,0,500,0,20,40,440,0,379,15,106,0,0,0,500,0
h15,5952239077520866706,p2,0,0,500,0,0,1,499,0,385,4,111,0,0,0,500,0
h15,5952239077520866706,p3,0,0,500,0,0,0,500,0,272,5,223,0,0,0,500,0
h15,5968914985803881721,p1,0,0,500,0,12,43,445,0,379,3,118,0,0,0,500,0
h15,5968914985803881721,p2,0,0,500,0,0,0,500,0,360,13,127,0,0,0,500,0
h15,5968914985803881721,p3,0,0,500,0,0,0,500,0,351,14,135,0,0,0,500,0
h15,6028005883425883892,p1,0,0,500,0,9,40,451,0,374,7,119,0,0,0,500,0
h15,6028005883425883892,p2,0,0,500,0,0,0,500,0,296,45,159,0,0,0,500,0
h15,6028005883425883892,p3,0,0,500,0,0,0,500,0,355,5,140,0,0,0,500,0
h15,6040561569715331345,p1,0,0,500,0,10,57,433,0,389,18,93,0,0,0,500,0
h15,6040561569715331345,p2,0,0,500,0,0,1,499,0,383,3,114,0,0,0,500,0
h15,6040561569715331345,p3,0,0,500,0,0,0,500,0,349,12,139,0,0,0,500,0
h15,6043120785498330072,p1,0,0,500,0,20,53,427,0,386,5,109,0,0,0,500,0
h15,6043120785498330072,p2,0,0,500,0,0,0,500,0,382,6,112,0,0,0,500,0
h15,6043120785498330072,p3,0,0,500,0,0,0,500,0,380,27,93,0,0,0,500,0
h15,6112289245785045586,p1,0,0,500,0,17,45,438,0,349,13,138,0,0,0,500,0
h15,6112289245785045586,p2,0,0,500,0,0,0,500,0,354,33,113,0,0,0,500,0
h15,6112289245785045586,p3,0,0,500,0,0,0,500,0,327,35,138,0,0,0,500,0
h15,6118161025697677301,p1,0,0,500,0,15,49,436,0,354,12,134,0,0,0,500,0
h15,6118161025697677301,p2,0,0,500,0,0,0,500,0,395,7,98,0,0,0,500,0
h15,6118161025697677301,p3,0,0,500,0,0,0,500,0,375,3,122,0,0,0,500,0
h15,6125763801513833473,p1,0,0,500,0,10,48,442,0,371,36,93,0,0,0,500,0
h15,6125763801513833473,p2,0,0,500,0,0,2,498,0,350,67,83,0,0,0,500,0
h15,6125763801513833473,p3,0,0,500,0,0,0,500,0,319,99,82,0,0,0,500,0
h15,617119182426661424,p1,0,0,500,0,17,54,429,0,378,12,110,0,0,0,500,0
h15,617119182426661424,p2,0,0,500,0,0,1,499,0,325,39,136,0,0,0,500,0
h15,617119182426661424,p3,0,0,500,0,0,0,500,0,360,17,123,0,0,0,500,0
h15,6176262631363229846,p1,0,0,500,0,15,43,442,0,384,7,109,0,0,0,500,0
h15,6176262631363229846,p2,0,0,500,0,0,0,500,0,388,5,107,0,0,0,500,0
h15,6176262631363229846,p3,0,0,500,0,0,0,500,0,362,6,132,0,0,0,500,0
h15,619314765495866363,p1,0,0,500,0,17,53,430,0,375,21,104,0,0,0,500,0
h15,619314765495866363,p2,0,0,500,0,0,0,500,0,351,63,86,0,0,0,500,0
h15,619314765495866363,p3,0,0,500,0,0,1,499,0,341,82,77,0,0,0,500,0
h15,6221873791621882197,p1,0,0,500,0,20,45,435,0,374,11,115,0,0,0,500,0
h15,6221873791621882197,p2,0,0,500,0,0,2,498,0,363,11,126,0,0,0,500,0
h15,6221873791621882197,p3,0,0,500,0,0,0,500,0,376,15,109,0,0,0,500,0
h15,623431729054189720,p1,0,0,500,0,11,45,444,0,381,27,92,0,0,0,500,0
h15,623431729054189720,p2,0,0,500,0,0,2,498,0,381,46,73,0,0,0,500,0
h15,623431729054189720,p3,0,0,500,0,0,0,500,0,300,139,61,0,0,0,500,0
h15,6256109695424454508,p1,0,0,500,0,25,57,418,0,372,10,118,0,0,0,500,0
h15,6256109695424454508,p2,0,0,500,0,0,1,499,0,328,11,161,0,0,0,500,0
h15,6256109695424454508,p3,0,0,500,0,0,0,500,0,290,17,193,0,0,0,500,0
h15,6271055156530534345,p1,0,0,500,0,22,65,413,0,363,46,91,0,0,0,500,0
h15,6271055156530534345,p2,0,0,500,0,0,1,499,0,373,62,65,0,0,0,500,0
h15,6271055156530534345,p3,0,0,500,0,0,0,500,0,371,53,76,0,0,0,500,0
h15,6271388591772666633,p1,0,0,500,0,14,46,440,0,385,13,102,0,0,0,500,0
h15,6271388591772666633,p2,0,0,500,0,0,0,500,0,390,7,103,0,0,0,500,0
h15,6271388591772666633,p3,0,0,500,0,0,0,500,0,322,18,160,0,0,0,500,0
h15,6271392265162863599,p1,0,0,500,0,16,36,448,0,391,4,105,0,0,0,500,0
h15,6271392265162863599,p2,0,0,500,0,0,0,500,0,333,53,114,0,0,0,500,0
h15,6271392265162863599,p3,0,0,500,0,0,0,500,0,384,8,108,0,0,0,500,0
h15,6278557973049700023,p1,0,0,500,0,14,56,430,0,370,35,95,0,0,0,500,0
h15,6278557973049700023,p2,0,0,500,0,0,0,500,0,328,24,148,0,0,0,500,0
h15,6278557973049700023,p3,0,0,500,0,0,0,500,0,342,24,134,0,0,0,500,0
h15,6296356080345695763,p1,0,0,500,0,17,54,429,0,365,16,119,0,0,0,500,0
h15,6296356080345695763,p2,0,0,500,0,0,2,498,0,369,35,96,0,0,0,500,0
h15,6296356080345695763,p3,0,0,500,0,0,0,500,0,319,36,145,0,0,0,500,0
h15,630264118172724289,p1,0,0,500,0,16,58,426,0,384,8,108,0,0,0,500,0
h15,630264118172724289,p2,0,0,500,0,0,1,499,0,326,98,76,0,0,0,500,0
h15,630264118172724289,p3,0,0,500,0,0,0,500,0,383,18,99,0,0,0,500,0
h15,6309094979300958678,p1,0,0,500,0,15,43,442,0,381,8,111,0,0,0,500,0
h15,6309094979300958678,p2,0,0,500,0,0,0,500,0,362,7,131,0,0,0,500,0
h15,6309094979300958678,p3,0,0,500,0,0,0,500,0,389,13,98,0,0,0,500,0
h15,6327455890212184932,p1,0,0,500,0,13,48,439,0,363,20,117,0,0,0,500,0
h15,6327455890212184932,p2,0,0,500,0,0,1,499,0,363,14,123,0,0,0,500,0
h15,6327455890212184932,p3,0,0,500,0,0,0,500,0,371,13,116,0,0,0,500,0
h15,6359515355189657904,p1,0,0,500,0,7,46,447,0,352,14,134,0,0,0,500,0
h15,6359515355189657904,p2,0,0,500,0,0,4,496,0,363,10,127,0,0,0,500,0
h15,6359515355189657904,p3,0,0,500,0,0,0,500,0,243,1,256,0,0,0,500,0
h15,6362485643001353481,p1,0,0,500,0,10,49,441,0,356,9,135,0,0,0,500,0
h15,6362485643001353481,p2,0,0,500,0,0,3,497,0,387,23,90,0,0,0,500,0
h15,6362485643001353481,p3,0,0,500,0,0,0,500,0,378,21,101,0,0,0,500,0
h15,6375498456382980110,p1,0,0,500,0,20,49,431,0,388,16,96,0,0,0,500,0
h15,6375498456382980110,p2,0,0,500,0,0,0,500,0,322,92,86,0,0,0,500,0
h15,6375498456382980110,p3,0,0,500,0,0,0,500,0,365,50,85,0,0,0,500,0
h15,6417201083178633430,p1,0,0,500,0,14,51,435,0,387,10,103,0,0,0,500,0
h15,6417201083178633430,p2,0,0,500,0,0,1,499,0,368,12,120,0,0,0,500,0
h15,6417201083178633430,p3,0,0,500,0,0,0,500,0,345,16,139,0,0,0,500,0
h15,6422960326497052213,p1,0,0,500,0,19,48,433,0,382,15,103,0,0,0,500,0
h15,6422960326497052213,p2,0,0,500,0,0,2,498,0,365,14,121,0,0,0,500,0
h15,6422960326497052213,p3,0,0,500,0,0,0,500,0,358,7,135,0,0,0,500,0
h15,6424923358895676157,p1,0,0,500,0,18,44,438,0,362,8,130,0,0,0,500,0
h15,6424923358895676157,p2,0,0,500,0,0,0,500,0,354,6,140,0,0,0,500,0
h15,6424923358895676157,p3,0,0,500,0,0,0,500,0,365,19,116,0,0,0,500,0
h15,6425060295019774017,p1,0,0,500,0,8,35,457,0,366,20,114,0,0,0,500,0
h15,6425060295019774017,p2,0,0,500,0,0,1,499,0,359,51,90,0,0,0,500,0
h15,6425060295019774017,p3,0,0,500,0,0,0,500,0,383,37,80,0,0,0,500,0
h15,6425373374338483305,p1,0,0,500,0,17,47,436,0,356,17,127,0,0,0,500,0
h15,6425373374338483305,p2,0,0,500,0,0,0,500,0,349,19,132,0,0,0,500,0
h15,6425373374338483305,p3,0,0,500,0,0,0,500,0,279,23,198,0,0,0,500,0
h15,6433094499030947771,p1,0,0,500,0,16,46,438,0,381,27,92,0,0,0,500,0
h15,6433094499030947771,p2,0,0,500,0,0,1,499,0,347,75,78,0,0,0,500,0
h15,6433094499030947771,p3,0,0,500,0,0,0,500,0,357,68,75,0,0,0,500,0
h15,6464373379777636295,p1,0,0,500,0,16,48,436,0,356,17,127,0,0,0,500,0
h15,6464373379777636295,p2,0,0,500,0,0,3,497,0,335,19,146,0,0,0,500,0
h15,6464373379777636295,p3,0,0,500,0,0,0,500,0,366,36,98,0,0,0,500,0
h15,6468969298656418235,p1,0,0,500,0,15,65,420,0,367,8,125,0,0,0,500,0
h15,6468969298656418235,p2,0,0,500,0,0,0,500,0,372,19,109,0,0,0,500,0
h15,6468969298656418235,p3,0,0,500,0,0,0,500,0,351,20,129,0,0,0,500,0
h15,6487732823909670120,p1,0,0,500,0,9,49,442,0,360,10,130,0,0,0,500,0
h15,6487732823909670120,p2,0,0,500,0,0,2,498,0,361,25,114,0,0,0,500,0
h15,6487732823909670120,p3,0,0,500,0,0,0,500,0,388,22,90,0,0,0,500,0
h15,6494718706399614061,p1,0,0,500,0,13,54,433,0,356,10,134,0,0,0,500,0
h15,6494718706399614061,p2,0,0,500,0,0,1,499,0,373,47,80,0,0,0,500,0
h15,6494718706399614061,p3,0,0,500,0,0,0,500,0,361,69,70,0,0,0,500,0
h15,6498591253946398179,p1,0,0,500,0,10,55,435,0,370,12,118,0,0,0,500,0
h15,6498591253946398179,p2,0,0,500,0,0,0,500,0,326,97,77,0,0,0,500,0
h15,6498591253946398179,p3,0,0,500,0,0,0,500,0,354,70,76,0,0,0,500,0
h15,6521665575399611206,p1,0,0,500,0,10,48,442,0,385,12,103,0,0,0,500,0
h15,6521665575399611206,p2,0,0,500,0,0,2,498,0,363,20,117,0,0,0,500,0
h15,6521665575399611206,p3,0,0,500,0,0,0,500,0,374,16,110,0,0,0,500,0
h15,6544570578851145560,p1,0,0,500,0,10,40,450,0,356,32,112,0,0,0,500,0
h15,6544570578851145560,p2,0,0,500,0,0,2,498,0,388,22,90,0,0,0,500,0
h15,6544570578851145560,p3,0,0,500,0,0,1,499,0,372,5,123,0,0,0,500,0
h15,6596881212727510816,p1,0,0,500,0,18,59,423,0,374,10,116,0,0,0,500,0
h15,6596881212727510816,p2,0,0,500,0,0,0,500,0,375,9,116,0,0,0,500,0
h15,6596881212727510816,p3,0,0,500,0,0,0,500,0,360,8,132,0,0,0,500,0
h15,6608529615505652811,p1,0,0,500,0,12,41,447,0,371,32,97,0,0,0,500,0
h15,6608529615505652811,p2,0,0,500,0,0,1,499,0,343,78,79,0,0,0,500,0
h15,6608529615505652811,p3,0,0,500,0,0,0,500,0,389,53,58,0,0,0,500,0
h15,6609783789269664025,p1,0,0,500,0,16,42,442,0,371,14,115,0,0,0,500,0
h15,6609783789269664025,p2,0,0,500,0,0,4,496,0,358,71,71,0,0,0,500,0
h15,6609783789269664025,p3,0,0,500,0,0,0,500,0,365,71,64,0,0,0,500,0
h15,6618761588452574356,p1,0,0,500,0,11,43,446,0,378,4,118,0,0,0,500,0
h15,6618761588452574356,p2,0,0,500,0,0,0,500,0,371,9,120,0,0,0,500,0
h15,6618761588452574356,p3,0,0,500,0,0,1,499,0,333,35,132,0,0,0,500,0
h15,6626503121313301612,p1,0,0,500,0,17,53,430,0,373,42,85,0,0,0,500,0
h15,6626503121313301612,p2,0,0,500,0,0,0,500,0,348,79,73,0,0,0,500,0
h15,6626503121313301612,p3,0,0,500,0,0,0,500,0,363,52,85,0,0,0,500,0
h15,66511524552367599,p1,0,0,500,0,18,41,441,0,360,9,131,0,0,0,500,0
h15,66511524552367599,p2,0,0,500,0,0,0,500,0,298,23,179,0,0,0,500,0
h15,66511524552367599,p3,0,0,500,0,0,0,500,0,279,12,209,0,0,0,500,0
h15,6671142463421142138,p1,0,0,500,0,14,41,445,0,360,18,122,0,0,0,500,0
h15,6671142463421142138,p2,0,0,500,0,0,1,499,0,310,85,105,0,0,0,500,0
h15,6671142463421142138,p3,0,0,500,0,0,0,500,0,370,45,85,0,0,0,500,0
h15,6681190555222191587,p1,0,0,500,0,18,36,446,0,358,30,112,0,0,0,500,0
h15,6681190555222191587,p2,0,0,500,0,0,0,500,0,361,64,75,0,0,0,500,0
h15,6681190555222191587,p3,0,0,500,0,0,0,500,0,344,88,68,0,0,0,500,0
h15,6683639126572397740,p1,0,0,500,0,7,49,444,0,345,5,150,0,0,0,500,0
h15,6683639126572397740,p2,0,0,500,0,0,0,500,0,378,12,110,0,0,0,500,0
h15,6683639126572397740,p3,0,0,500,0,0,0,500,0,376,6,118,0,0,0,500,0
h15,6693586155008337859,p1,0,0,500,0,9,28,463,0,361,15,124,0,0,0,500,0
h15,6693586155008337859,p2,0,0,500,0,0,0,500,0,383,8,109,0,0,0,500,0
h15,6693586155008337859,p3,0,0,500,0,0,1,499,0,328,9,163,0,0,0,500,0
h15,6701412403470712476,p1,0,0,500,0,9,58,433,0,369,34,97,0,0,0,500,0
h15,6701412403470712476,p2,0,0,500,0,0,2,498,0,359,57,84,0,0,0,500,0
h15,6701412403470712476,p3,0,0,500,0,0,0,500,0,374,57,69,0,0,0,500,0
h15,6723479145157670605,p1,0,0,500,0,10,64,426,0,362,30,108,0,0,0,500,0
h15,6723479145157670605,p2,0,0,500,0,0,1,499,0,349,76,75,0,0,0,500,0
h15,6723479145157670605,p3,0,0,500,0,0,0,500,0,319,89,92,0,0,0,500,0
h15,6731595582749628107,p1,0,0,500,0,19,42,439,0,365,21,114,0,0,0,500,0
h15,6731595582749628107,p2,0,0,500,0,0,1,499,0,328,69,103,0,0,0,500,0
h15,6731595582749628107,p3,0,0,500,0,0,1,499,0,392,34,74,0,0,0,500,0
h15,6754055487384851385,p1,0,0,500,0,18,51,431,0,369,13,118,0,0,0,500,0
h15,6754055487384851385,p2,0,0,500,0,0,1,499,0,374,5,121,0,0,0,500,0
h15,6754055487384851385,p3,0,0,500,0,0,0,500,0,381,11,108,0,0,0,500,0
h15,6757735887055752560,p1,0,0,500,0,19,52,429,0,367,20,113,0,0,0,500,0
h15,6757735887055752560,p2,0,0,500,0,0,1,499,0,380,30,90,0,0,0,500,0
h15,6757735887055752560,p3,0,0,500,0,0,0,500,0,365,37,98,0,0,0,500,0
h15,6801759953362451968,p1,0,0,500,0,12,58,430,0,385,9,106,0,0,0,500,0
h15,6801759953362451968,p2,0,0,500,0,0,0,500,0,371,7,122,0,0,0,500,0
h15,6801759953362451968,p3,0,0,500,0,0,0,500,0,393,9,98,0,0,0,500,0
h15,6807489115077662936,p1,0,0,500,0,12,50,438,0,374,21,105,0,0,0,500,0
h15,6807489115077662936,p2,0,0,500,0,0,0,500,0,365,34,101,0,0,0,500,0
h15,6807489115077662936,p3,0,0,500,0,0,0,500,0,370,47,83,0,0,0,500,0
h15,6808079569569324809,p1,0,0,500,0,14,55,431,0,370,20,110,0,0,0,500,0
h15,6808079569569324809,p2,0,0,500,0,0,0,500,0,358,9,133,0,0,0,500,0
h15,6808079569569324809,p3,0,0,500,0,0,1,499,0,358,16,126,0,0,0,500,0
h15,6828338887600595644,p1,0,0,500,0,12,34,454,0,365,48,87,0,0,0,500,0
h15,6828338887600595644,p2,0,0,500,0,0,0,500,0,362,68,70,0,0,0,500,0
h15,6828338887600595644,p3,0,0,500,0,0,0,500,0,350,75,75,0,0,0,500,0
h15,6830195982348892531,p1,0,0,500,0,10,52,438,0,372,8,120,0,0,0,500,0
h15,6830195982348892531,p2,0,0,500,0,0,0,500,0,364,6,130,0,0,0,500,0
h15,6830195982348892531,p3,0,0,500,0,0,0,500,0,304,1,195,0,0,0,500,0
h15,683857566333620812,p1,0,0,500,0,12,54,434,0,372,10,118,0,0,0,500,0
h15,683857566333620812,p2,0,0,500,0,0,0,500,0,383,11,106,0,0,0,500,0
h15,683857566333620812,p3,0,0,500,0,0,1,499,0,315,65,120,0,0,0,500,0
h15,6857711081268771280,p1,0,0,500,0,14,53,433,0,378,16,106,0,0,0,500,0
h15,6857711081268771280,p2,0,0,500,0,0,0,500,0,356,25,119,0,0,0,500,0
h15,6857711081268771280,p3,0,0,500,0,0,0,500,0,355,34,111,0,0,0,500,0
h15,6904805246266380660,p1,0,0,500,0,13,38,449,0,345,18,137,0,0,0,500,0
h15,6904805246266380660,p2,0,0,500,0,0,0,500,0,386,15,99,0,0,0,500,0
h15,6904805246266380660,p3,0,0,500,0,0,0,500,0,366,9,125,0,0,0,500,0
h15,695766727732247283,p1,0,0,500,0,15,44,441,0,371,9,120,0,0,0,500,0
h15,695766727732247283,p2,0,0,500,0,0,1,499,0,382,9,109,0,0,0,500,0
h15,695766727732247283,p3,0,0,500,0,0,0,500,0,353,43,104,0,0,0,500,0
h15,6972747097165889267,p1,0,0,500,0,13,51,436,0,379,14,107,0,0,0,500,0
h15,6972747097165889267,p2,0,0,500,0,0,0,500,0,339,83,78,0,0,0,500,0
h15,6972747097165889267,p3,0,0,500,0,0,1,499,0,376,23,101,0,0,0,500,0
h15,6995681574380452064,p1,0,0,500,0,11,46,443,0,378,15,107,0,0,0,500,0
h15,6995681574380452064,p2,0,0,500,0,0,0,500,0,355,24,121,0,0,0,500,0
h15,6995681574380452064,p3,0,0,500,0,0,0,500,0,358,11,131,0,0,0,500,0
h15,7038144662655171417,p1,0,0,500,0,14,49,437,0,371,12,117,0,0,0,500,0
h15,7038144662655171417,p2,0,0,500,0,0,1,499,0,366,8,126,0,0,0,500,0
h15,7038144662655171417,p3,0,0,500,0,0,0,500,0,314,14,172,0,0,0,500,0
h15,7052568082479059503,p1,0,0,500,0,12,51,437,0,365,44,91,0,0,0,500,0
h15,7052568082479059503,p2,0,0,500,0,0,0,500,0,339,103,58,0,0,0,500,0
h15,7052568082479059503,p3,0,0,500,0,0,0,500,0,376,61,63,0,0,0,500,0
h15,7088838485061248294,p1,0,0,500,0,17,47,436,0,385,13,102,0,0,0,500,0
h15,7088838485061248294,p2,0,0,500,0,0,0,500,0,372,6,122,0,0,0,500,0
h15,7088838485061248294,p3,0,0,500,0,0,0,500,0,366,8,126,0,0,0,500,0
h15,7119493320198880977,p1,0,0,500,0,12,61,427,0,344,52,104,0,0,0,500,0
h15,7119493320198880977,p2,0,0,500,0,0,1,499,0,380,42,78,0,0,0,500,0
h15,7119493320198880977,p3,0,0,500,0,0,0,500,0,358,59,83,0,0,0,500,0
h15,712145610015172821,p1,0,0,500,0,19,54,427,0,372,19,109,0,0,0,500,0
h15,712145610015172821,p2,0,0,500,0,0,0,500,0,384,16,100,0,0,0,500,0
h15,712145610015172821,p3,0,0,500,0,0,0,500,0,377,20,103,0,0,0,500,0
h15,7156781972649272396,p1,0,0,500,0,13,43,444,0,377,10,113,0,0,0,500,0
h15,7156781972649272396,p2,0,0,500,0,0,1,499,0,366,6,128,0,0,0,500,0
h15,7156781972649272396,p3,0,0,500,0,0,0,500,0,363,11,126,0,0,0,500,0
h15,71600715178410263,p1,0,0,500,0,16,53,431,0,375,16,109,0,0,0,500,0
h15,71600715178410263,p2,0,0,500,0,0,0,500,0,311,58,131,0,0,0,500,0
h15,71600715178410263,p3,0,0,500,0,0,0,500,0,316,116,68,0,0,0,500,0
h15,7171008552869802306,p1,0,0,500,0,14,57,429,0,357,5,138,0,0,0,500,0
h15,7171008552869802306,p2,0,0,500,0,0,1,499,0,364,18,118,0,0,0,500,0
h15,7171008552869802306,p3,0,0,500,0,0,0,500,0,349,6,145,0,0,0,500,0
h15,7232301890056186225,p1,0,0,500,0,5,62,433,0,365,18,117,0,0,0,500,0
h15,7232301890056186225,p2,0,0,500,0,0,1,499,0,347,5,148,0,0,0,500,0
h15,7232301890056186225,p3,0,0,500,0,0,0,500,0,295,1,204,0,0,0,500,0
h15,7239765862964070588,p1,0,0,500,0,14,60,426,0,376,10,114,0,0,0,500,0
h15,7239765862964070588,p2,0,0,500,0,0,1,499,0,384,13,103,0,0,0,500,0
h15,7239765862964070588,p3,0,0,500,0,0,0,500,0,386,16,98,0,0,0,500,0
h15,724826879145827905,p1,0,0,500,0,16,57,427,0,349,19,132,0,0,0,500,0
h15,724826879145827905,p2,0,0,500,0,0,1,499,0,344,9,147,0,0,0,500,0
h15,724826879145827905,p3,0,0,500,0,0,0,500,0,358,23,119,0,0,0,500,0
h15,7261623795557953603,p1,0,0,500,0,17,66,417,0,363,6,131,0,0,0,500,0
h15,7261623795557953603,p2,0,0,500,0,0,0,500,0,360,7,133,0,0,0,500,0
h15,7261623795557953603,p3,0,0,500,0,0,0,500,0,320,30,150,0,0,0,500,0
h15,7323235365209283916,p1,0,0,500,0,17,38,445,0,378,13,109,0,0,0,500,0
h15,7323235365209283916,p2,0,0,500,0,0,0,500,0,349,22,129,0,0,0,500,0
h15,7323235365209283916,p3,0,0,500,0,0,0,500,0,377,7,116,0,0,0,500,0
h15,7335256086282162009,p1,0,0,500,0,15,57,428,0,372,38,90,0,0,0,500,0
h15,7335256086282162009,p2,0,0,500,0,0,1,499,0,373,53,74,0,0,0,500,0
h15,7335256086282162009,p3,0,0,500,0,0,0,500,0,343,54,103,0,0,0,500,0
h15,733534555230418810,p1,0,0,500,0,16,46,438,0,362,27,111,0,0,0,500,0
h15,733534555230418810,p2,0,0,500,0,0,0,500,0,274,128,98,0,0,0,500,0
h15,733534555230418810,p3,0,0,500,0,0,0,500,0,308,54,138,0,0,0,500,0
h15,7367185457010588292,p1,0,0,500,0,17,43,440,0,391,11,98,0,0,0,500,0
h15,7367185457010588292,p2,0,0,500,0,0,3,497,0,404,16,80,0,0,0,500,0
h15,7367185457010588292,p3,0,0,500,0,0,0,500,0,369,36,95,0,0,0,500,0
h15,7394461256362752858,p1,0,0,500,0,13,52,435,0,365,30,105,0,0,0,500,0
h15,7394461256362752858,p2,0,0,500,0,0,0,500,0,384,44,72,0,0,0,500,0
h15,7394461256362752858,p3,0,0,500,0,0,1,499,0,377,48,75,0,0,0,500,0
h15,7454762978727924394,p1,0,0,500,0,18,41,441,0,347,13,140,0,0,0,500,0
h15,7454762978727924394,p2,0,0,500,0,0,0,500,0,342,11,147,0,0,0,500,0
h15,7454762978727924394,p3,0,0,500,0,0,0,500,0,366,19,115,0,0,0,500,0
h15,7456117250353113879,p1,0,0,500,0,21,47,432,0,356,13,131,0,0,0,500,0
h15,7456117250353113879,p2,0,0,500,0,0,0,500,0,348,13,139,0,0,0,500,0
h15,7456117250353113879,p3,0,0,500,0,0,0,500,0,297,39,164,0,0,0,500,0
h15,7491631922877737273,p1,0,0,500,0,18,45,437,0,376,9,115,0,0,0,500,0
h15,7491631922877737273,p2,0,0,500,0,0,0,500,0,348,9,143,0,0,0,500,0
h15,7491631922877737273,p3,0,0,500,0,0,0,500,0,336,9,155,0,0,0,500,0
h15,7496248756176015348,p1,0,0,500,0,11,51,438,0,371,10,119,0,0,0,500,0
h15,7496248756176015348,p2,0,0,500,0,0,0,500,0,374,8,118,0,0,0,500,0
h15,7496248756176015348,p3,0,0,500,0,0,0,500,0,359,22,119,0,0,0,500,0
h15,7514993014906615602,p1,0,0,500,0,12,38,450,0,377,9,114,0,0,0,500,0
h15,7514993014906615602,p2,0,0,500,0,0,2,498,0,367,14,119,0,0,0,500,0
h15,7514993014906615602,p3,0,0,500,0,0,0,500,0,360,40,100,0,0,0,500,0
h15,7533237063109245045,p1,0,0,500,0,15,41,444,0,364,19,117,0,0,0,500,0
h15,7533237063109245045,p2,0,0,500,0,0,1,499,0,368,15,117,0,0,0,500,0
h15,7533237063109245045,p3,0,0,500,0,0,0,500,0,371,12,117,0,0,0,500,0
h15,7558690278731304880,p1,0,0,500,0,10,41,449,0,372,22,106,0,0,0,500,0
h15,7558690278731304880,p2,0,0,500,0,0,0,500,0,380,51,69,0,0,0,500,0
h15,7558690278731304880,p3,0,0,500,0,0,0,500,0,363,42,95,0,0,0,500,0
h15,7562182122542935408,p1,0,0,500,0,11,46,443,0,376,9,115,0,0,0,500,0
h15,7562182122542935408,p2,0,0,500,0,0,0,500,0,364,12,124,0,0,0,500,0
h15,7562182122542935408,p3,0,0,500,0,0,0,500,0,332,10,158,0,0,0,500,0
h15,7625322377469777652,p1,0,0,500,0,27,46,427,0,387,8,105,0,0,0,500,0
h15,7625322377469777652,p2,0,0,500,0,0,0,500,0,370,11,119,0,0,0,500,0
h15,7625322377469777652,p3,0,0,500,0,0,0,500,0,376,11,113,0,0,0,500,0
h15,7625750130674229972,p1,0,0,500,0,13,29,458,0,377,17,106,0,0,0,500,0
h15,7625750130674229972,p2,0,0,500,0,0,0,500,0,378,12,110,0,0,0,500,0
h15,7625750130674229972,p3,0,0,500,0,0,0,500,0,351,14,135,0,0,0,500,0
h15,7657396369405654976,p1,0,0,500,0,12,48,440,0,366,34,100,0,0,0,500,0
h15,7657396369405654976,p2,0,0,500,0,0,1,499,0,374,48,78,0,0,0,500,0
h15,7657396369405654976,p3,0,0,500,0,0,0,500,0,316,102,82,0,0,0,500,0
h15,7705123963930659502,p1,0,0,500,0,12,46,442,0,370,21,109,0,0,0,500,0
h15,7705123963930659502,p2,0,0,500,0,0,1,499,0,299,50,151,0,0,0,500,0
h15,7705123963930659502,p3,0,0,500,0,0,0,500,0,336,54,110,0,0,0,500,0
h15,7705771265987565758,p1,0,0,500,0,15,63,422,0,370,29,101,0,0,0,500,0
h15,7705771265987565758,p2,0,0,500,0,0,2,498,0,343,69,88,0,0,0,500,0
h15,7705771265987565758,p3,0,0,500,0,0,0,500,0,267,87,146,0,0,0,500,0
h15,7730303626291410694,p1,0,0,500,0,18,45,437,0,369,13,118,0,0,0,500,0
h15,7730303626291410694,p2,0,0,500,0,0,0,500,0,375,8,117,0,0,0,500,0
h15,7730303626291410694,p3,0,0,500,0,0,0,500,0,376,9,115,0,0,0,500,0
h15,7733088734465762078,p1,0,0,500,0,20,40,440,0,360,18,122,0,0,0,500,0
h15,7733088734465762078,p2,0,0,500,0,0,1,499,0,323,22,155,0,0,0,500,0
h15,7733088734465762078,p3,0,0,500,0,0,0,500,0,363,14,123,0,0,0,500,0
h15,7748929081511897355,p1,0,0,500,0,12,42,446,0,368,35,97,0,0,0,500,0
h15,7748929081511897355,p2,0,0,500,0,0,0,500,0,357,48,95,0,0,0,500,0
h15,7748929081511897355,p3,0,0,500,0,0,0,500,0,334,94,72,0,0,0,500,0
h15,7749998067191925667,p1,0,0,500,0,16,49,435,0,378,37,85,0,0,0,500,0
h15,7749998067191925667,p2,0,0,500,0,0,1,499,0,385,50,65,0,0,0,500,0
h15,7749998067191925667,p3,0,0,500,0,0,1,499,0,312,100,88,0,0,0,500,0
h15,7750724715337055516,p1,0,0,500,0,12,38,450,0,356,13,131,0,0,0,500,0
h15,7750724715337055516,p2,0,0,500,0,0,1,499,0,341,20,139,0,0,0,500,0
h15,7750724715337055516,p3,0,0,500,0,0,0,500,0,327,14,159,0,0,0,500,0
h15,7790819948073245409,p1,0,0,500,0,14,52,434,0,380,9,111,0,0,0,500,0
h15,7790819948073245409,p2,0,0,500,0,0,0,500,0,338,14,148,0,0,0,500,0
h15,7790819948073245409,p3,0,0,500,0,0,0,500,0,390,5,105,0,0,0,500,0
h15,7820551957798138134,p1,0,0,500,0,16,54,430,0,380,11,109,0,0,0,500,0
h15,7820551957798138134,p2,0,0,500,0,0,0,500,0,356,47,97,0,0,0,500,0
h15,7820551957798138134,p3,0,0,500,0,0,0,500,0,357,10,133,0,0,0,500,0
h15,7830395354094105764,p1,0,0,500,0,20,44,436,0,382,6,112,0,0,0,500,0
h15,7830395354094105764,p2,0,0,500,0,0,2,498,0,368,69,63,0,0,0,500,0
h15,7830395354094105764,p3,0,0,500,0,0,1,499,0,364,12,124,0,0,0,500,0
h15,7837415936552562709,p1,0,0,500,0,10,62,428,0,388,26,86,0,0,0,500,0
h15,7837415936552562709,p2,0,0,500,0,0,2,498,0,346,4,150,0,0,0,500,0
h15,7837415936552562709,p3,0,0,500,0,0,1,499,0,332,43,125,0,0,0,500,0
h15,7840276560376944293,p1,0,0,500,0,17,52,431,0,375,32,93,0,0,0,500,0
h15,7840276560376944293,p2,0,0,500,0,0,2,498,0,386,19,95,0,0,0,500,0
h15,7840276560376944293,p3,0,0,500,0,0,0,500,0,335,35,130,0,0,0,500,0
h15,7879131363805742518,p1,0,0,500,0,14,52,434,0,388,5,107,0,0,0,500,0
h15,7879131363805742518,p2,0,0,500,0,0,0,500,0,391,6,103,0,0,0,500,0
h15,7879131363805742518,p3,0,0,500,0,0,0,500,0,360,20,120,0,0,0,500,0
h15,788008010257152915,p1,0,0,500,0,17,57,426,0,380,33,87,0,0,0,500,0
h15,788008010257152915,p2,0,0,500,0,0,3,497,0,365,48,87,0,0,0,500,0
h15,788008010257152915,p3,0,0,500,0,0,0,500,0,364,69,67,0,0,0,500,0
h15,7887244493400589409,p1,0,0,500,0,18,52,430,0,381,16,103,0,0,0,500,0
h15,7887244493400589409,p2,0,0,500,0,0,0,500,0,350,13,137,0,0,0,500,0
h15,7887244493400589409,p3,0,0,500,0,0,0,500,0,387,12,101,0,0,0,500,0
h15,7888605875842445248,p1,0,0,500,0,19,51,430,0,333,44,123,0,0,0,500,0
h15,7888605875842445248,p2,0,0,500,0,0,1,499,0,318,105,77,0,0,0,500,0
h15,7888605875842445248,p3,0,0,500,0,0,0,500,0,349,34,117,0,0,0,500,0
h15,7903974492214164653,p1,0,0,500,0,13,49,438,0,374,8,118,0,0,0,500,0
h15,7903974492214164653,p2,0,0,500,0,0,0,500,0,376,20,104,0,0,0,500,0
h15,7903974492214164653,p3,0,0,500,0,0,0,500,0,357,5,138,0,0,0,500,0
h15,7904954063587814482,p1,0,0,500,0,10,41,449,0,374,15,111,0,0,0,500,0
h15,7904954063587814482,p2,0,0,500,0,0,1,499,0,337,24,139,0,0,0,500,0
h15,7904954063587814482,p3,0,0,500,0,0,0,500,0,298,46,156,0,0,0,500,0
h15,7930169664126857732,p1,0,0,500,0,11,44,445,0,377,23,100,0,0,0,500,0
h15,7930169664126857732,p2,0,0,500,0,0,0,500,0,352,65,83,0,0,0,500,0
h15,7930169664126857732,p3,0,0,500,0,0,0,500,0,336,85,79,0,0,0,500,0
h15,796495771803747403,p1,0,0,500,0,20,43,437,0,383,3,114,0,0,0,500,0
h15,796495771803747403,p2,0,0,500,0,0,1,499,0,351,39,110,0,0,0,500,0
h15,796495771803747403,p3,0,0,500,0,0,0,500,0,322,8,170,0,0,0,500,0
h15,7979329453763278767,p1,0,0,500,0,10,42,448,0,381,15,104,0,0,0,500,0
h15,7979329453763278767,p2,0,0,500,0,0,1,499,0,371,10,119,0,0,0,500,0
h15,7979329453763278767,p3,0,0,500,0,0,0,500,0,370,51,79,0,0,0,500,0
h15,8004382113967605042,p1,0,0,500,0,18,45,437,0,392,8,100,0,0,0,500,0
h15,8004382113967605042,p2,0,0,500,0,0,2,498,0,359,10,131,0,0,0,500,0
h15,8004382113967605042,p3,0,0,500,0,0,0,500,0,350,6,144,0,0,0,500,0
h15,8009586604051798517,p1,0,0,500,0,8,60,432,0,363,10,127,0,0,0,500,0
h15,8009586604051798517,p2,0,0,500,0,0,0,500,0,403,16,81,0,0,0,500,0
h15,8009586604051798517,p3,0,0,500,0,0,0,500,0,308,33,159,0,0,0,500,0
h15,8012675551318804964,p1,0,0,500,0,15,45,440,0,361,6,133,0,0,0,500,0
h15,8012675551318804964,p2,0,0,500,0,0,1,499,0,362,4,134,0,0,0,500,0
h15,8012675551318804964,p3,0,0,500,0,0,0,500,0,333,5,162,0,0,0,500,0
h15,8017767940299067526,p1,0,0,500,0,14,45,441,0,374,8,118,0,0,0,500,0
h15,8017767940299067526,p2,0,0,500,0,0,0,500,0,354,15,131,0,0,0,500,0
h15,8017767940299067526,p3,0,0,500,0,0,0,500,0,365,21,114,0,0,0,500,0
h15,8026682048651550057,p1,0,0,500,0,17,53,430,0,366,37,97,0,0,0,500,0
h15,8026682048651550057,p2,0,0,500,0,0,1,499,0,373,57,70,0,0,0,500,0
h15,8026682048651550057,p3,0,0,500,0,0,0,500,0,291,84,125,0,0,0,500,0
h15,8031685534366691641,p1,0,0,500,0,9,42,449,0,378,11,111,0,0,0,500,0
h15,8031685534366691641,p2,0,0,500,0,0,0,500,0,361,9,130,0,0,0,500,0
h15,8031685534366691641,p3,0,0,500,0,0,0,500,0,376,12,112,0,0,0,500,0
h15,803283022035239471,p1,0,0,500,0,15,63,422,0,366,22,112,0,0,0,500,0
h15,803283022035239471,p2,0,0,500,0,0,0,500,0,365,19,116,0,0,0,500,0
h15,803283022035239471,p3,0,0,500,0,0,0,500,0,360,12,128,0,0,0,500,0
h15,8064944818037099888,p1,0,0,500,0,12,62,426,0,386,8,106,0,0,0,500,0
h15,8064944818037099888,p2,0,0,500,0,0,0,500,0,368,15,117,0,0,0,500,0
h15,8064944818037099888,p3,0,0,500,0,0,0,500,0,363,8,129,0,0,0,500,0
h15,8075705313661272489,p1,0,0,500,0,20,47,433,0,367,40,93,0,0,0,500,0
h15,8075705313661272489,p2,0,0,500,0,0,1,499,0,395,28,77,0,0,0,500,0
h15,8075705313661272489,p3,0,0,500,0,0,0,500,0,307,108,85,0,0,0,500,0
h15,808295909411415964,p1,0,0,500,0,21,48,431,0,369,14,117,0,0,0,500,0
h15,808295909411415964,p2,0,0,500,0,0,0,500,0,377,6,117,0,0,0,500,0
h15,808295909411415964,p3,0,0,500,0,0,0,500,0,358,8,134,0,0,0,500,0
h15,8101078877232912548,p1,0,0,500,0,12,53,435,0,375,21,104,0,0,0,500,0
h15,8101078877232912548,p2,0,0,500,0,0,1,499,0,379,46,75,0,0,0,500,0
h15,8101078877232912548,p3,0,0,500,0,0,0,500,0,281,97,122,0,0,0,500,0
h15,8109110630480279893,p1,0,0,500,0,15,65,420,0,361,20,119,0,0,0,500,0
h15,8109110630480279893,p2,0,0,500,0,0,2,498,0,341,21,138,0,0,0,500,0
h15,8109110630480279893,p3,0,0,500,0,0,0,500,0,366,31,103,0,0,0,500,0
h15,8115386724548472045,p1,0,0,500,0,11,43,446,0,360,13,127,0,0,0,500,0
h15,8115386724548472045,p2,0,0,500,0,0,1,499,0,321,7,172,0,0,0,500,0
h15,8115386724548472045,p3,0,0,500,0,0,0,500,0,325,5,170,0,0,0,500,0
h15,8119316803519934591,p1,0,0,500,0,12,40,448,0,383,28,89,0,0,0,500,0
h15,8119316803519934591,p2,0,0,500,0,0,1,499,0,280,145,75,0,0,0,500,0
h15,8119316803519934591,p3,0,0,500,0,0,0,500,0,370,51,79,0,0,0,500,0
h15,8134769258075224915,p1,0,0,500,0,14,40,446,0,374,16,110,0,0,0,500,0
h15,8134769258075224915,p2,0,0,500,0,0,2,498,0,343,17,140,0,0,0,500,0
h15,8134769258075224915,p3,0,0,500,0,0,0,500,0,286,12,202,0,0,0,500,0
h15,8145882662040878431,p1,0,0,500,0,14,53,433,0,377,19,104,0,0,0,500,0
h15,8145882662040878431,p2,0,0,500,0,0,1,499,0,352,39,109,0,0,0,500,0
h15,8145882662040878431,p3,0,0,500,0,0,0,500,0,392,33,75,0,0,0,500,0
h15,8166532520852507932,p1,0,0,500,0,4,40,456,0,356,38,106,0,0,0,500,0
h15,8166532520852507932,p2,0,0,500,0,0,1,499,0,291,66,143,0,0,0,500,0
h15,8166532520852507932,p3,0,0,500,0,0,0,500,0,320,23,157,0,0,0,500,0
h15,8212215390455096617,p1,0,0,500,0,11,48,441,0,366,25,109,0,0,0,500,0
h15,8212215390455096617,p2,0,0,500,0,0,0,500,0,364,68,68,0,0,0,500,0
h15,8212215390455096617,p3,0,0,500,0,0,0,500,0,370,43,87,0,0,0,500,0
h15,8271603422899347443,p1,0,0,500,0,9,41,450,0,355,39,106,0,0,0,500,0
h15,8271603422899347443,p2,0,0,500,0,0,0,500,0,382,44,74,0,0,0,500,0
h15,8271603422899347443,p3,0,0,500,0,0,0,500,0,346,76,78,0,0,0,500,0
h15,8297524636044202237,p1,0,0,500,0,12,29,459,0,360,10,130,0,0,0,500,0
h15,8297524636044202237,p2,0,0,500,0,0,0,500,0,354,19,127,0,0,0,500,0
h15,8297524636044202237,p3,0,0,500,0,0,0,500,0,360,11,129,0,0,0,500,0
h15,831230214803605993,p1,0,0,500,0,13,45,442,0,350,21,129,0,0,0,500,0
h15,831230214803605993,p2,0,0,500,0,0,2,498,0,357,15,128,0,0,0,500,0
h15,831230214803605993,p3,0,0,500,0,0,1,499,0,368,31,101,0,0,0,500,0
h15,8313525680504882676,p1,0,0,500,0,15,52,433,0,382,13,105,0,0,0,500,0
h15,8313525680504882676,p2,0,0,500,0,0,2,498,0,354,6,140,0,0,0,500,0
h15,8313525680504882676,p3,0,0,500,0,0,0,500,0,358,8,134,0,0,0,500,0
h15,8343263225952017527,p1,0,0,500,0,14,42,444,0,344,16,140,0,0,0,500,0
h15,8343263225952017527,p2,0,0,500,0,0,1,499,0,349,7,144,0,0,0,500,0
h15,8343263225952017527,p3,0,0,500,0,0,0,500,0,359,7,134,0,0,0,500,0
h15,8365923798537750206,p1,0,0,500,0,14,57,429,0,369,13,118,0,0,0,500,0
h15,8365923798537750206,p2,0,0,500,0,0,1,499,0,391,12,97,0,0,0,500,0
h15,8365923798537750206,p3,0,0,500,0,0,0,500,0,381,19,100,0,0,0,500,0
h15,8375660787904811689,p1,0,0,500,0,15,51,434,0,377,23,100,0,0,0,500,0
h15,8375660787904811689,p2,0,0,500,0,0,0,500,0,362,31,107,0,0,0,500,0
h15,8375660787904811689,p3,0,0,500,0,0,0,500,0,369,40,91,0,0,0,500,0
h15,8386671184672689804,p1,0,0,500,0,11,38,451,0,366,13,121,0,0,0,500,0
h15,8386671184672689804,p2,0,0,500,0,0,1,499,0,367,5,128,0,0,0,500,0
h15,8386671184672689804,p3,0,0,500,0,0,0,500,0,372,8,120,0,0,0,500,0
h15,8391657464737038475,p1,0,0,500,0,20,45,435,0,388,22,90,0,0,0,500,0
h15,8391657464737038475,p2,0,0,500,0,0,2,498,0,369,13,118,0,0,0,500,0
h15,8391657464737038475,p3,0,0,500,0,0,0,500,0,336,20,144,0,0,0,500,0
h15,8395667210693412259,p1,0,0,500,0,22,60,418,0,366,9,125,0,0,0,500,0
h15,8395667210693412259,p2,0,0,500,0,0,0,500,0,313,79,108,0,0,0,500,0
h15,8395667210693412259,p3,0,0,500,0,0,0,500,0,311,24,165,0,0,0,500,0
h15,8397605515131439116,p1,0,0,500,0,13,43,444,0,354,33,113,0,0,0,500,0
h15,8397605515131439116,p2,0,0,500,0,0,0,500,0,382,47,71,0,0,0,500,0
h15,8397605515131439116,p3,0,0,500,0,0,0,500,0,385,54,61,0,0,0,500,0
h15,8427399742702928290,p1,0,0,500,0,19,55,426,0,393,21,86,0,0,0,500,0
h15,8427399742702928290,p2,0,0,500,0,0,0,500,0,378,40,82,0,0,0,500,0
h15,8427399742702928290,p3,0,0,500,0,0,0,500,0,331,88,81,0,0,0,500,0
h15,844934706838530327,p1,0,0,500,0,11,41,448,0,378,33,89,0,0,0,500,0
h15,844934706838530327,p2,0,0,500,0,0,0,500,0,383,34,83,0,0,0,500,0
h15,844934706838530327,p3,0,0,500,0,0,0,500,0,333,65,102,0,0,0,500,0
h15,8481257488854629033,p1,0,0,500,0,14,54,432,0,379,11,110,0,0,0,500,0
h15,8481257488854629033,p2,0,0,500,0,0,0,500,0,371,12,117,0,0,0,500,0
h15,8481257488854629033,p3,0,0,500,0,0,0,500,0,335,13,152,0,0,0,500,0
h15,8498073161130673074,p1,0,0,500,0,12,43,445,0,364,20,116,0,0,0,500,0
h15,8498073161130673074,p2,0,0,500,0,0,0,500,0,348,22,130,0,0,0,500,0
h15,8498073161130673074,p3,0,0,500,0,0,0,500,0,380,12,108,0,0,0,500,0
h15,8523803560846504212,p1,0,0,500,0,4,42,454,0,381,7,112,0,0,0,500,0
h15,8523803560846504212,p2,0,0,500,0,0,1,499,0,365,3,132,0,0,0,500,0
h15,8523803560846504212,p3,0,0,500,0,0,0,500,0,343,17,140,0,0,0,500,0
h15,8532067469618811387,p1,0,0,500,0,21,45,434,0,381,17,102,0,0,0,500,0
h15,8532067469618811387,p2,0,0,500,0,0,0,500,0,351,42,107,0,0,0,500,0
h15,8532067469618811387,p3,0,0,500,0,0,0,500,0,352,71,77,0,0,0,500,0
h15,8535344569854260344,p1,0,0,500,0,17,39,444,0,386,7,107,0,0,0,500,0
h15,8535344569854260344,p2,0,0,500,0,0,3,497,0,387,12,101,0,0,0,500,0
h15,8535344569854260344,p3,0,0,500,0,0,0,500,0,373,10,117,0,0,0,500,0
h15,8628655051465643030,p1,0,0,500,0,15,63,422,0,367,11,122,0,0,0,500,0
h15,8628655051465643030,p2,0,0,500,0,0,1,499,0,374,7,119,0,0,0,500,0
h15,8628655051465643030,p3,0,0,500,0,0,0,500,0,391,9,100,0,0,0,500,0
h15,8648150344556959917,p1,0,0,500,0,10,41,449,0,362,10,128,0,0,0,500,0
h15,8648150344556959917,p2,0,0,500,0,0,2,498,0,315,6,179,0,0,0,500,0
h15,8648150344556959917,p3,0,0,500,0,0,0,500,0,311,7,182,0,0,0,500,0
h15,8653160283555924004,p1,0,0,500,0,12,53,435,0,378,6,116,0,0,0,500,0
h15,8653160283555924004,p2,0,0,500,0,0,0,500,0,348,32,120,0,0,0,500,0
h15,8653160283555924004,p3,0,0,500,0,0,1,499,0,364,14,122,0,0,0,500,0
h15,8668041783377195260,p1,0,0,500,0,8,43,449,0,375,11,114,0,0,0,500,0
h15,8668041783377195260,p2,0,0,500,0,0,0,500,0,383,12,105,0,0,0,500,0
h15,8668041783377195260,p3,0,0,500,0,0,0,500,0,349,9,142,0,0,0,500,0
h15,8681924271243675068,p1,0,0,500,0,15,49,436,0,355,10,135,0,0,0,500,0
h15,8681924271243675068,p2,0,0,500,0,0,1,499,0,371,20,109,0,0,0,500,0
h15,8681924271243675068,p3,0,0,500,0,0,0,500,0,368,7,125,0,0,0,500,0
h15,8701536844832495166,p1,0,0,500,0,19,45,436,0,375,11,114,0,0,0,500,0
h15,8701536844832495166,p2,0,0,500,0,0,0,500,0,356,10,134,0,0,0,500,0
h15,8701536844832495166,p3,0,0,500,0,0,0,500,0,391,9,100,0,0,0,500,0
h15,8715552381247793163,p1,0,0,500,0,8,48,444,0,374,16,110,0,0,0,500,0
h15,8715552381247793163,p2,0,0,500,0,0,2,498,0,381,8,111,0,0,0,500,0
h15,8715552381247793163,p3,0,0,500,0,0,0,500,0,353,4,143,0,0,0,500,0
h15,8726753055160396304,p1,0,0,500,0,13,63,424,0,380,25,95,0,0,0,500,0
h15,8726753055160396304,p2,0,0,500,0,1,0,499,0,383,35,82,0,0,0,500,0
h15,8726753055160396304,p3,0,0,500,0,0,0,500,0,344,66,90,0,0,0,500,0
h15,8729662628178318702,p1,0,0,500,0,14,64,422,0,368,12,120,0,0,0,500,0
h15,8729662628178318702,p2,0,0,500,0,0,1,499,0,369,15,116,0,0,0,500,0
h15,8729662628178318702,p3,0,0,500,0,0,0,500,0,365,7,128,0,0,0,500,0
h15,8746106760729550084,p1,0,0,500,0,10,45,445,0,369,10,121,0,0,0,500,0
h15,8746106760729550084,p2,0,0,500,0,0,1,499,0,381,15,104,0,0,0,500,0
h15,8746106760729550084,p3,0,0,500,0,0,0,500,0,353,31,116,0,0,0,500,0
h15,876319241009079445,p1,0,0,500,0,10,36,454,0,361,11,128,0,0,0,500,0
h15,876319241009079445,p2,0,0,500,0,0,3,497,0,322,12,166,0,0,0,500,0
h15,876319241009079445,p3,0,0,500,0,0,0,500,0,332,12,156,0,0,0,500,0
h15,8771087861051400048,p1,0,0,500,0,13,35,452,0,363,13,124,0,0,0,500,0
h15,8771087861051400048,p2,0,0,500,0,0,2,498,0,389,13,98,0,0,0,500,0
h15,8771087861051400048,p3,0,0,500,0,0,0,500,0,351,12,137,0,0,0,500,0
h15,8781424533657854609,p1,0,0,500,0,19,41,440,0,359,57,84,0,0,0,500,0
h15,8781424533657854609,p2,0,0,500,0,0,1,499,0,385,36,79,0,0,0,500,0
h15,8781424533657854609,p3,0,0,500,0,0,0,500,0,357,61,82,0,0,0,500,0
h15,8836110865322387599,p1,0,0,500,0,22,54,424,0,367,15,118,0,0,0,500,0
h15,8836110865322387599,p2,0,0,500,0,0,0,500,0,386,12,102,0,0,0,500,0
h15,8836110865322387599,p3,0,0,500,0,0,0,500,0,359,20,121,0,0,0,500,0
h15,8849876311417254795,p1,0,0,500,0,14,57,429,0,374,7,119,0,0,0,500,0
h15,8849876311417254795,p2,0,0,500,0,0,3,497,0,368,10,122,0,0,0,500,0
h15,8849876311417254795,p3,0,0,500,0,0,0,500,0,373,8,119,0,0,0,500,0
h15,8858722317298810294,p1,0,0,500,0,12,49,439,0,373,9,118,0,0,0,500,0
h15,8858722317298810294,p2,0,0,500,0,0,2,498,0,376,15,109,0,0,0,500,0
h15,8858722317298810294,p3,0,0,500,0,0,0,500,0,349,20,131,0,0,0,500,0
h15,8872528350989838234,p1,0,0,500,0,16,68,416,0,397,6,97,0,0,0,500,0
h15,8872528350989838234,p2,0,0,500,0,0,2,498,0,357,11,132,0,0,0,500,0
h15,8872528350989838234,p3,0,0,500,0,0,0,500,0,363,8,129,0,0,0,500,0
h15,8918658424473431287,p1,0,0,500,0,10,46,444,0,358,10,132,0,0,0,500,0
h15,8918658424473431287,p2,0,0,500,0,0,0,500,0,338,3,159,0,0,0,500,0
h15,8918658424473431287,p3,0,0,500,0,0,0,500,0,345,7,148,0,0,0,500,0
h15,8952406429962899705,p1,0,0,500,0,18,59,423,0,391,14,95,0,0,0,500,0
h15,8952406429962899705,p2,0,0,500,0,0,1,499,0,357,67,76,0,0,0,500,0
h15,8952406429962899705,p3,0,0,500,0,0,0,500,0,361,37,102,0,0,0,500,0
h15,8954063117434481013,p1,0,0,500,0,15,34,451,0,383,12,105,0,0,0,500,0
h15,8954063117434481013,p2,0,0,500,0,0,0,500,0,363,15,122,0,0,0,500,0
h15,8954063117434481013,p3,0,0,500,0,0,0,500,0,268,4,228,0,0,0,500,0
h15,8964153301374140810,p1,0,0,500,0,20,54,426,0,366,7,127,0,0,0,500,0
h15,8964153301374140810,p2,0,0,500,0,0,1,499,0,337,15,148,0,0,0,500,0
h15,8964153301374140810,p3,0,0,500,0,0,0,500,0,367,5,128,0,0,0,500,0
h15,9017411245857851696,p1,0,0,500,0,19,47,434,0,349,32,119,0,0,0,500,0
h15,9017411245857851696,p2,0,0,500,0,0,1,499,0,368,32,100,0,0,0,500,0
h15,9017411245857851696,p3,0,0,500,0,0,0,500,0,352,50,98,0,0,0,500,0
h15,9022920270553145774,p1,0,0,500,0,16,30,454,0,368,9,123,0,0,0,500,0
h15,9022920270553145774,p2,0,0,500,0,0,0,500,0,394,11,95,0,0,0,500,0
h15,9022920270553145774,p3,0,0,500,0,0,0,500,0,374,7,119,0,0,0,500,0
h15,9026590985928569878,p1,0,0,500,0,11,39,450,0,371,7,122,0,0,0,500,0
h15,9026590985928569878,p2,0,0,500,0,0,0,500,0,363,28,109,0,0,0,500,0
h15,9026590985928569878,p3,0,0,500,0,0,0,500,0,346,7,147,0,0,0,500,0
h15,9028192568979155597,p1,0,0,500,0,17,63,420,0,365,36,99,0,0,0,500,0
h15,9028192568979155597,p2,0,0,500,0,0,0,500,0,410,30,60,0,0,0,500,0
h15,9028192568979155597,p3,0,0,500,0,0,1,499,0,359,62,79,0,0,0,500,0
h15,9032379706717504223,p1,0,0,500,0,14,52,434,0,381,29,90,0,0,0,500,0
h15,9032379706717504223,p2,0,0,500,0,0,0,500,0,320,22,158,0,0,0,500,0
h15,9032379706717504223,p3,0,0,500,0,0,0,500,0,280,39,181,0,0,0,500,0
h15,9039059137534777596,p1,0,0,500,0,14,41,445,0,370,8,122,0,0,0,500,0
h15,9039059137534777596,p2,0,0,500,0,0,1,499,0,339,9,152,0,0,0,500,0
h15,9039059137534777596,p3,0,0,500,0,0,0,500,0,348,5,147,0,0,0,500,0
h15,9039366692459068810,p1,0,0,500,0,10,49,441,0,360,13,127,0,0,0,500,0
h15,9039366692459068810,p2,0,0,500,0,1,0,499,0,337,16,147,0,0,0,500,0
h15,9039366692459068810,p3,0,0,500,0,0,0,500,0,292,6,202,0,0,0,500,0
h15,9048963239315882400,p1,0,0,500,0,17,54,429,0,363,45,92,0,0,0,500,0
h15,9048963239315882400,p2,0,0,500,0,0,1,499,0,346,83,71,0,0,0,500,0
h15,9048963239315882400,p3,0,0,500,0,0,0,500,0,347,83,70,0,0,0,500,0
h15,9062812321199021163,p1,0,0,500,0,13,43,444,0,384,28,88,0,0,0,500,0
h15,9062812321199021163,p2,0,0,500,0,0,0,500,0,378,45,77,0,0,0,500,0
h15,9062812321199021163,p3,0,0,500,0,0,0,500,0,382,38,80,0,0,0,500,0
h15,9075759459766164084,p1,0,0,500,0,16,44,440,0,366,38,96,0,0,0,500,0
h15,9075759459766164084,p2,0,0,500,0,0,0,500,0,386,53,61,0,0,0,500,0
h15,9075759459766164084,p3,0,0,500,0,0,0,500,0,343,74,83,0,0,0,500,0
h15,9100695613133880151,p1,0,0,500,0,14,47,439,0,377,14,109,0,0,0,500,0
h15,9100695613133880151,p2,0,0,500,0,0,0,500,0,319,9,172,0,0,0,500,0
h15,9100695613133880151,p3,0,0,500,0,0,0,500,0,348,6,146,0,0,0,500,0
h15,9113558638025263587,p1,0,0,500,0,14,53,433,0,387,29,84,0,0,0,500,0
h15,9113558638025263587,p2,0,0,500,0,0,1,499,0,348,86,66,0,0,0,500,0
h15,9113558638025263587,p3,0,0,500,0,0,0,500,0,351,78,71,0,0,0,500,0
h15,9135017756001648559,p1,0,0,500,0,10,47,443,0,365,11,124,0,0,0,500,0
h15,9135017756001648559,p2,0,0,500,0,0,0,500,0,345,35,120,0,0,0,500,0
h15,9135017756001648559,p3,0,0,500,0,0,0,500,0,387,38,75,0,0,0,500,0
h15,9145573149207959969,p1,0,0,500,0,17,55,428,0,388,8,104,0,0,0,500,0
h15,9145573149207959969,p2,0,0,500,0,0,0,500,0,379,7,114,0,0,0,500,0
h15,9145573149207959969,p3,0,0,500,0,0,0,500,0,294,7,199,0,0,0,500,0
h15,9167727401875939325,p1,0,0,500,0,13,38,449,0,358,22,120,0,0,0,500,0
h15,9167727401875939325,p2,0,0,500,0,0,1,499,0,336,65,99,0,0,0,500,0
h15,9167727401875939325,p3,0,0,500,0,0,0,500,0,323,16,161,0,0,0,500,0
h15,9177326994813858297,p1,0,0,500,0,12,44,444,0,359,34,107,0,0,0,500,0
h15,9177326994813858297,p2,0,0,500,0,0,2,498,0,376,32,92,0,0,0,500,0
h15,9177326994813858297,p3,0,0,500,0,0,0,500,0,310,76,114,0,0,0,500,0
h15,9181857247859708899,p1,0,0,500,0,6,54,440,0,374,14,112,0,0,0,500,0
h15,9181857247859708899,p2,0,0,500,0,0,2,498,0,382,6,112,0,0,0,500,0
h15,9181857247859708899,p3,0,0,500,0,0,0,500,0,363,10,127,0,0,0,500,0
h15,9192752742268389621,p1,0,0,500,0,14,58,428,0,365,19,116,0,0,0,500,0
h15,9192752742268389621,p2,0,0,500,0,0,1,499,0,389,27,84,0,0,0,500,0
h15,9192752742268389621,p3,0,0,500,0,0,0,500,0,260,132,108,0,0,0,500,0
h15,9216844840511075425,p1,0,0,500,0,15,54,431,0,390,9,101,0,0,0,500,0
h15,9216844840511075425,p2,0,0,500,0,0,3,497,0,374,1,125,0,0,0,500,0
h15,9216844840511075425,p3,0,0,500,0,0,0,500,0,293,4,203,0,0,0,500,0
h15,923866702323067256,p1,0,0,500,0,11,48,441,0,377,12,111,0,0,0,500,0
h15,923866702323067256,p2,0,0,500,0,0,0,500,0,380,14,106,0,0,0,500,0
h15,923866702323067256,p3,0,0,500,0,0,0,500,0,341,10,149,0,0,0,500,0
h15,93027800664978374,p1,0,0,500,0,8,57,435,0,381,11,108,0,0,0,500,0
h15,93027800664978374,p2,0,0,500,0,0,0,500,0,380,13,107,0,0,0,500,0
h15,93027800664978374,p3,0,0,500,0,0,0,500,0,377,12,111,0,0,0,500,0
h15,950840395551528531,p1,0,0,500,0,10,55,435,0,376,15,109,0,0,0,500,0
h15,950840395551528531,p2,0,0,500,0,0,4,496,0,367,16,117,0,0,0,500,0
h15,950840395551528531,p3,0,0,500,0,0,0,500,0,340,20,140,0,0,0,500,0
h15,951238275531703275,p1,0,0,500,0,9,41,450,0,356,22,122,0,0,0,500,0
h15,951238275531703275,p2,0,0,500,0,0,0,500,0,381,22,97,0,0,0,500,0
h15,951238275531703275,p3,0,0,500,0,0,0,500,0,383,14,103,0,0,0,500,0
h15,979716074687572018,p1,0,0,500,0,15,51,434,0,380,9,111,0,0,0,500,0
h15,979716074687572018,p2,0,0,500,0,0,1,499,0,384,13,103,0,0,0,500,0
h15,979716074687572018,p3,0,0,500,0,0,0,500,0,374,7,119,0,0,0,500,0
