hXX,replicate,pop,A_0,A_1,A_2,A_nan,B_0,B_1,B_2,B_nan,C_0,C_1,C_2,C_nan,NONE_0,NONE_1,NONE_2,NONE_nan
h00,1021574717937228960,p1,0,0,500,0,16,222,262,0,366,63,71,0,0,0,500,0
h00,1021574717937228960,p2,0,0,500,0,0,84,416,0,385,81,34,0,0,0,500,0
h00,1021574717937228960,p3,0,0,500,0,0,34,466,0,281,174,45,0,0,0,500,0
h00,1026591750036320836,p1,0,1,499,0,14,268,218,0,359,77,64,0,0,0,500,0
h00,1026591750036320836,p2,0,0,500,0,0,88,412,0,325,136,39,0,0,0,500,0
h00,1026591750036320836,p3,0,0,500,0,0,52,448,0,394,71,35,0,0,0,500,0
h00,103568543989312214,p1,0,0,500,0,19,265,216,0,374,71,55,0,0,0,500,0
h00,103568543989312214,p2,0,0,500,0,0,112,388,0,370,84,46,0,0,0,500,0
h00,103568543989312214,p3,0,0,500,0,0,34,466,0,377,81,42,0,0,0,500,0
h00,1059344429161942577,p1,0,0,500,0,14,251,235,0,362,85,53,0,0,0,500,0
h00,1059344429161942577,p2,0,0,500,0,0,109,391,0,359,111,30,0,0,0,500,0
h00,1059344429161942577,p3,0,0,500,0,0,49,451,0,366,93,41,0,0,0,500,0
h00,1061286463616756465,p1,0,1,499,0,15,240,245,0,356,68,76,0,0,0,500,0
h00,1061286463616756465,p2,0,0,500,0,0,81,419,0,334,124,42,0,0,0,500,0
h00,1061286463616756465,p3,0,0,500,0,0,49,451,0,336,127,37,0,0,0,500,0
h00,1077681494354284445,p1,0,0,500,0,12,220,268,0,393,57,50,0,0,0,500,0
h00,1077681494354284445,p2,0,0,500,0,0,82,418,0,349,106,45,0,0,0,500,0
h00,1077681494354284445,p3,0,0,500,0,0,54,446,0,302,153,45,0,0,0,500,0
h00,1125400568553395400,p1,0,0,500,0,11,245,244,0,367,80,53,0,0,0,500,0
h00,1125400568553395400,p2,0,0,500,0,0,88,412,0,375,80,45,0,0,0,500,0
h00,1125400568553395400,p3,0,0,500,0,0,28,472,0,318,134,48,0,0,0,500,0
h00,1125644244035275340,p1,0,0,500,0,13,249,238,0,369,62,69,0,0,0,500,0
h00,1125644244035275340,p2,0,0,500,0,0,95,405,0,371,92,37,0,0,0,500,0
h00,1125644244035275340,p3,0,0,500,0,0,50,450,0,347,120,33,0,0,0,500,0
h00,1133874929495765677,p1,0,0,500,0,11,269,220,0,390,58,52,0,0,0,500,0
h00,1133874929495765677,p2,0,0,500,0,0,113,387,0,334,127,39,0,0,0,500,0
h00,1133874929495765677,p3,0,0,500,0,0,68,432,0,360,104,36,0,0,0,500,0
h00,1152801672532746091,p1,0,1,499,0,7,271,222,0,357,48,95,0,0,0,500,0
h00,1152801672532746091,p2,0,1,499,0,1,99,400,0,381,32,87,0,0,0,500,0
h00,1152801672532746091,p3,0,0,500,0,0,58,442,0,361,40,99,0,0,0,500,0
h00,1159453151904288212,p1,0,4,496,0,12,292,196,0,376,80,44,0,0,0,500,0
h00,1159453151904288212,p2,0,0,500,0,0,112,388,0,305,157,38,0,0,0,500,0
h00,1159453151904288212,p3,0,0,500,0,0,57,443,0,360,106,34,0,0,0,500,0
h00,1159482635262466889,p1,0,0,500,0,11,263,226,0,376,72,52,0,0,0,500,0
h00,1159482635262466889,p2,0,0,500,0,0,98,402,0,369,79,52,0,0,0,500,0
h00,1159482635262466889,p3,0,0,500,0,0,37,463,0,371,100,29,0,0,0,500,0
h00,1187492628487565367,p1,0,1,499,0,9,242,249,0,368,80,52,0,0,0,500,0
h00,1187492628487565367,p2,0,0,500,0,0,101,399,0,293,162,45,0,0,0,500,0
h00,1187492628487565367,p3,0,0,500,0,0,48,452,0,337,125,38,0,0,0,500,0
h00,1188344642156280027,p1,0,0,500,0,12,256,232,0,384,59,57,0,0,0,500,0
h00,1188344642156280027,p2,0,0,500,0,0,100,400,0,356,106,38,0,0,0,500,0
h00,1188344642156280027,p3,0,0,500,0,0,38,462,0,317,148,35,0,0,0,500,0
h00,1194843192800477130,p1,0,0,500,0,13,251,236,0,366,75,59,0,0,0,500,0
h00,1194843192800477130,p2,0,0,500,0,0,79,421,0,359,106,35,0,0,0,500,0
h00,1194843192800477130,p3,0,0,500,0,0,57,443,0,318,135,47,0,0,0,500,0
h00,1230211016193901463,p1,0,2,498,0,16,284,200,0,381,72,47,0,0,0,500,0
h00,1230211016193901463,p2,0,0,500,0,0,98,402,0,327,149,24,0,0,0,500,0
h00,1230211016193901463,p3,0,0,500,0,0,53,447,0,351,115,34,0,0,0,500,0
h00,1288692866185240971,p1,0,1,499,0,22,226,252,0,361,80,59,0,0,0,500,0
h00,1288692866185240971,p2,0,0,500,0,0,96,404,0,364,84,52,0,0,0,500,0
h00,1288692866185240971,p3,0,0,500,0,0,35,465,0,391,69,40,0,0,0,500,0
h00,131151734433286475,p1,0,0,500,0,26,265,209,0,373,76,51,0,0,0,500,0
h00,131151734433286475,p2,0,0,500,0,0,132,368,0,349,119,32,0,0,0,500,0
h00,131151734433286475,p3,0,0,500,0,0,85,415,0,371,103,26,0,0,0,500,0
h00,1339284857137933822,p1,0,0,500,0,9,256,235,0,379,61,60,0,0,0,500,0
h00,1339284857137933822,p2,0,0,500,0,0,123,377,0,347,76,77,0,0,0,500,0
h00,1339284857137933822,p3,0,0,500,0,0,58,442,0,368,81,51,0,0,0,500,0
h00,1342378077608740105,p1,0,0,500,0,17,262,221,0,392,55,53,0,0,0,500,0
h00,1342378077608740105,p2,0,0,500,0,0,95,405,0,354,94,52,0,0,0,500,0
h00,1342378077608740105,p3,0,0,500,0,0,52,448,0,369,97,34,0,0,0,500,0
h00,1359395911007969527,p1,0,1,499,0,16,269,215,0,378,69,53,0,0,0,500,0
h00,1359395911007969527,p2,0,0,500,0,0,88,412,0,377,89,34,0,0,0,500,0
h00,1359395911007969527,p3,0,0,500,0,0,40,460,0,337,123,40,0,0,0,500,0
h00,1364957052074976682,p1,0,0,500,0,15,240,245,0,345,72,83,0,0,0,500,0
h00,1364957052074976682,p2,0,0,500,0,0,81,419,0,369,92,39,0,0,0,500,0
h00,1364957052074976682,p3,0,0,500,0,0,55,445,0,365,93,42,0,0,0,500,0
h00,1408911269877720474,p1,0,0,500,0,17,242,241,0,390,56,54,0,0,0,500,0
h00,1408911269877720474,p2,0,0,500,0,0,112,388,0,356,94,50,0,0,0,500,0
h00,1408911269877720474,p3,0,0,500,0,0,59,441,0,336,122,42,0,0,0,500,0
h00,1445831990664690369,p1,0,2,498,0,15,255,230,0,388,65,47,0,0,0,500,0
h00,1445831990664690369,p2,0,0,500,0,0,77,423,0,318,133,49,0,0,0,500,0
h00,1445831990664690369,p3,0,0,500,0,0,41,459,0,368,83,49,0,0,0,500,0
h00,1457999149615807420,p1,0,0,500,0,18,252,230,0,379,71,50,0,0,0,500,0
h00,1457999149615807420,p2,0,0,500,0,0,74,426,0,379,83,38,0,0,0,500,0
h00,1457999149615807420,p3,0,0,500,0,0,33,467,0,330,131,39,0,0,0,500,0
h00,1463814346912061226,p1,0,1,499,0,17,239,244,0,377,74,49,0,0,0,500,0
h00,1463814346912061226,p2,0,0,500,0,0,79,421,0,341,115,44,0,0,0,500,0
h00,1463814346912061226,p3,0,0,500,0,0,20,480,0,334,94,72,0,0,0,500,0
h00,1471689743914301753,p1,0,0,500,0,25,255,220,0,366,66,68,0,0,0,500,0
h00,1471689743914301753,p2,0,0,500,0,0,68,432,0,377,79,44,0,0,0,500,0
h00,1471689743914301753,p3,0,0,500,0,0,47,453,0,353,112,35,0,0,0,500,0
h00,1496704753167729159,p1,0,0,500,0,16,223,261,0,373,44,83,0,0,0,500,0
h00,1496704753167729159,p2,0,0,500,0,0,58,442,0,395,39,66,0,0,0,500,0
h00,1496704753167729159,p3,0,0,500,0,0,35,465,0,326,58,116,0,0,0,500,0
h00,1509754406400523100,p1,0,0,500,0,12,288,200,0,372,73,55,0,0,0,500,0
h00,1509754406400523100,p2,0,0,500,0,0,82,418,0,360,96,44,0,0,0,500,0
h00,1509754406400523100,p3,0,0,500,0,0,53,447,0,317,140,43,0,0,0,500,0
h00,1513359600866312384,p1,0,0,500,0,17,228,255,0,382,62,56,0,0,0,500,0
h00,1513359600866312384,p2,0,0,500,0,0,73,427,0,363,89,48,0,0,0,500,0
h00,1513359600866312384,p3,0,0,500,0,0,38,462,0,332,132,36,0,0,0,500,0
h00,1517243854596332318,p1,0,0,500,0,9,256,235,0,361,72,67,0,0,0,500,0
h00,1517243854596332318,p2,0,0,500,0,0,77,423,0,329,129,42,0,0,0,500,0
h00,1517243854596332318,p3,0,0,500,0,0,42,458,0,374,89,37,0,0,0,500,0
h00,155683629558891336,p1,0,1,499,0,6,243,251,0,391,62,47,0,0,0,500,0
h00,155683629558891336,p2,0,0,500,0,0,71,429,0,384,78,38,0,0,0,500,0
h00,155683629558891336,p3,0,0,500,0,0,27,473,0,347,126,27,0,0,0,500,0
h00,1570311740684473341,p1,0,2,498,0,17,269,214,0,354,90,56,0,0,0,500,0
h00,1570311740684473341,p2,0,0,500,0,0,131,369,0,370,92,38,0,0,0,500,0
h00,1570311740684473341,p3,0,0,500,0,0,43,457,0,367,101,32,0,0,0,500,0
h00,1579713873460986888,p1,0,0,500,0,14,232,254,0,379,68,53,0,0,0,500,0
h00,1579713873460986888,p2,0,0,500,0,0,90,410,0,382,75,43,0,0,0,500,0
h00,1579713873460986888,p3,0,0,500,0,0,43,457,0,269,201,30,0,0,0,500,0
h00,1640035823564240350,p1,0,0,500,0,18,210,272,0,351,86,63,0,0,0,500,0
h00,1640035823564240350,p2,0,0,500,0,0,67,433,0,377,87,36,0,0,0,500,0
h00,1640035823564240350,p3,0,0,500,0,0,34,466,0,355,123,22,0,0,0,500,0
h00,1667204476426382146,p1,0,2,498,0,12,283,205,0,386,64,50,0,0,0,500,0
h00,1667204476426382146,p2,0,0,500,0,0,79,421,0,375,92,33,0,0,0,500,0
h00,1667204476426382146,p3,0,0,500,0,0,46,454,0,366,104,30,0,0,0,500,0
h00,1675567405057576839,p1,0,0,500,0,18,250,232,0,394,66,40,0,0,0,500,0
h00,1675567405057576839,p2,0,0,500,0,0,66,434,0,356,97,47,0,0,0,500,0
h00,1675567405057576839,p3,0,0,500,0,0,46,454,0,333,142,25,0,0,0,500,0
h00,1683235848236138391,p1,0,1,499,0,15,253,232,0,399,67,34,0,0,0,500,0
h00,1683235848236138391,p2,0,0,500,0,0,66,434,0,372,84,44,0,0,0,500,0
h00,1683235848236138391,p3,0,0,500,0,0,35,465,0,383,90,27,0,0,0,500,0
h00,1686481830113721127,p1,0,3,497,0,17,263,220,0,354,74,72,0,0,0,500,0
h00,1686481830113721127,p2,0,0,500,0,0,92,408,0,378,76,46,0,0,0,500,0
h00,1686481830113721127,p3,0,0,500,0,0,52,448,0,331,139,30,0,0,0,500,0
h00,1697761245837672091,p1,0,1,499,0,14,251,235,0,358,85,57,0,0,0,500,0
h00,1697761245837672091,p2,0,0,500,0,0,85,415,0,382,84,34,0,0,0,500,0
h00,1697761245837672091,p3,0,0,500,0,0,28,472,0,372,68,60,0,0,0,500,0
h00,1741910082241347924,p1,0,1,499,0,11,249,240,0,361,74,65,0,0,0,500,0
h00,1741910082241347924,p2,0,0,500,0,0,95,405,0,385,83,32,0,0,0,500,0
h00,1741910082241347924,p3,0,0,500,0,0,66,434,0,375,95,30,0,0,0,500,0
h00,1758916382348960481,p1,0,3,497,0,15,255,230,0,360,78,62,0,0,0,500,0
h00,1758916382348960481,p2,0,0,500,0,0,125,375,0,379,98,23,0,0,0,500,0
h00,1758916382348960481,p3,0,1,499,0,0,70,430,0,349,108,43,0,0,0,500,0
h00,1760919415129066732,p1,0,5,495,0,16,228,256,0,387,55,58,0,0,0,500,0
h00,1760919415129066732,p2,0,0,500,0,0,104,396,0,306,149,45,0,0,0,500,0
h00,1760919415129066732,p3,0,0,500,0,0,33,467,0,354,94,52,0,0,0,500,0
h00,1776755804422427172,p1,0,2,498,0,12,262,226,0,381,56,63,0,0,0,500,0
h00,1776755804422427172,p2,0,0,500,0,0,98,402,0,347,112,41,0,0,0,500,0
h00,1776755804422427172,p3,0,0,500,0,0,48,452,0,303,162,35,0,0,0,500,0
h00,1788482744701747849,p1,0,2,498,0,16,268,216,0,380,67,53,0,0,0,500,0
h00,1788482744701747849,p2,0,0,500,0,0,101,399,0,339,132,29,0,0,0,500,0
h00,1788482744701747849,p3,0,0,500,0,0,66,434,0,343,127,30,0,0,0,500,0
h00,1789806920600214380,p1,0,0,500,0,17,257,226,0,386,59,55,0,0,0,500,0
h00,1789806920600214380,p2,0,0,500,0,0,92,408,0,364,95,41,0,0,0,500,0
h00,1789806920600214380,p3,0,0,500,0,0,57,443,0,349,112,39,0,0,0,500,0
h00,1816372852695257818,p1,0,0,500,0,17,246,237,0,381,66,53,0,0,0,500,0
h00,1816372852695257818,p2,0,0,500,0,1,96,403,0,373,86,41,0,0,0,500,0
h00,1816372852695257818,p3,0,0,500,0,0,35,465,0,332,109,59,0,0,0,500,0
h00,1818297040266038161,p1,0,0,500,0,17,242,241,0,363,73,64,0,0,0,500,0
h00,1818297040266038161,p2,0,0,500,0,0,75,425,0,367,90,43,0,0,0,500,0
h00,1818297040266038161,p3,0,0,500,0,0,52,448,0,406,57,37,0,0,0,500,0
h00,1933927514968069182,p1,0,1,499,0,20,261,219,0,387,61,52,0,0,0,500,0
h00,1933927514968069182,p2,0,0,500,0,0,103,397,0,363,95,42,0,0,0,500,0
h00,1933927514968069182,p3,0,0,500,0,0,61,439,0,364,111,25,0,0,0,500,0
h00,197130628104802835,p1,0,1,499,0,11,244,245,0,376,71,53,0,0,0,500,0
h00,197130628104802835,p2,0,0,500,0,0,75,425,0,382,82,36,0,0,0,500,0
h00,197130628104802835,p3,0,0,500,0,0,33,467,0,317,154,29,0,0,0,500,0
h00,2008966820864978262,p1,0,0,500,0,11,250,239,0,367,79,54,0,0,0,500,0
h00,2008966820864978262,p2,0,0,500,0,0,75,425,0,352,106,42,0,0,0,500,0
h00,2008966820864978262,p3,0,0,500,0,0,31,469,0,296,168,36,0,0,0,500,0
h00,2015646299244388232,p1,0,1,499,0,17,219,264,0,366,40,94,0,0,0,500,0
h00,2015646299244388232,p2,0,0,500,0,0,60,440,0,387,35,78,0,0,0,500,0
h00,2015646299244388232,p3,0,0,500,0,0,38,462,0,298,66,136,0,0,0,500,0
h00,2023478822450523661,p1,0,1,499,0,21,273,206,0,371,67,62,0,0,0,500,0
h00,2023478822450523661,p2,0,0,500,0,0,88,412,0,369,96,35,0,0,0,500,0
h00,2023478822450523661,p3,0,0,500,0,1,62,437,0,304,135,61,0,0,0,500,0
h00,2023804910540112922,p1,0,0,500,0,15,256,229,0,361,57,82,0,0,0,500,0
h00,2023804910540112922,p2,0,0,500,0,0,63,437,0,386,70,44,0,0,0,500,0
h00,2023804910540112922,p3,0,0,500,0,0,52,448,0,378,80,42,0,0,0,500,0
h00,2029404602455467623,p1,0,1,499,0,16,249,235,0,374,69,57,0,0,0,500,0
h00,2029404602455467623,p2,0,0,500,0,0,90,410,0,339,121,40,0,0,0,500,0
h00,2029404602455467623,p3,0,0,500,0,0,52,448,0,385,72,43,0,0,0,500,0
h00,2030134370402383281,p1,0,2,498,0,19,270,211,0,365,70,65,0,0,0,500,0
h00,2030134370402383281,p2,0,0,500,0,0,113,387,0,367,97,36,0,0,0,500,0
h00,2030134370402383281,p3,0,0,500,0,0,54,446,0,270,200,30,0,0,0,500,0
h00,2031456289375906414,p1,0,1,499,0,19,241,240,0,359,68,73,0,0,0,500,0
h00,2031456289375906414,p2,0,0,500,0,0,87,413,0,375,91,34,0,0,0,500,0
h00,2031456289375906414,p3,0,0,500,0,0,30,470,0,340,112,48,0,0,0,500,0
h00,2074319997304613406,p1,0,0,500,0,16,262,222,0,344,68,88,0,0,0,500,0
h00,2074319997304613406,p2,0,0,500,0,0,83,417,0,374,72,54,0,0,0,500,0
h00,2074319997304613406,p3,0,0,500,0,0,43,457,0,370,82,48,0,0,0,500,0
h00,20923183537115587,p1,0,0,500,0,13,245,242,0,355,87,58,0,0,0,500,0
h00,20923183537115587,p2,0,0,500,0,0,76,424,0,366,100,34,0,0,0,500,0
h00,20923183537115587,p3,0,0,500,0,0,48,452,0,346,120,34,0,0,0,500,0
h00,2104317743172604597,p1,0,1,499,0,13,239,248,0,351,89,60,0,0,0,500,0
h00,2104317743172604597,p2,0,0,500,0,0,74,426,0,385,65,50,0,0,0,500,0
h00,2104317743172604597,p3,0,0,500,0,0,39,461,0,377,75,48,0,0,0,500,0
h00,2110323454478545514,p1,0,1,499,0,16,240,244,0,377,60,63,0,0,0,500,0
h00,2110323454478545514,p2,0,0,500,0,0,70,430,0,324,119,57,0,0,0,500,0
h00,2110323454478545514,p3,0,0,500,0,0,37,463,0,330,124,46,0,0,0,500,0
h00,2115986567917414732,p1,0,0,500,0,17,232,251,0,372,70,58,0,0,0,500,0
h00,2115986567917414732,p2,0,0,500,0,0,106,394,0,347,118,35,0,0,0,500,0
h00,2115986567917414732,p3,0,0,500,0,0,33,467,0,331,131,38,0,0,0,500,0
h00,215278918430462039,p1,0,0,500,0,16,240,244,0,375,79,46,0,0,0,500,0
h00,215278918430462039,p2,0,0,500,0,0,92,408,0,373,89,38,0,0,0,500,0
h00,215278918430462039,p3,0,0,500,0,0,38,462,0,367,105,28,0,0,0,500,0
h00,2156816541948973614,p1,0,0,500,0,14,288,198,0,372,81,47,0,0,0,500,0
h00,2156816541948973614,p2,0,0,500,0,0,120,380,0,392,69,39,0,0,0,500,0
h00,2156816541948973614,p3,0,0,500,0,0,73,427,0,382,88,30,0,0,0,500,0
h00,2174043611906189471,p1,0,0,500,0,18,216,266,0,367,70,63,0,0,0,500,0
h00,2174043611906189471,p2,0,0,500,0,0,57,443,0,385,73,42,0,0,0,500,0
h00,2174043611906189471,p3,0,0,500,0,0,29,471,0,377,85,38,0,0,0,500,0
h00,217638068633519425,p1,0,0,500,0,18,247,235,0,348,101,51,0,0,0,500,0
h00,217638068633519425,p2,0,0,500,0,0,97,403,0,325,142,33,0,0,0,500,0
h00,217638068633519425,p3,0,0,500,0,0,29,471,0,345,113,42,0,0,0,500,0
h00,2213029515177919753,p1,0,0,500,0,12,261,227,0,343,93,64,0,0,0,500,0
h00,2213029515177919753,p2,0,0,500,0,0,90,410,0,367,76,57,0,0,0,500,0
h00,2213029515177919753,p3,0,0,500,0,0,47,453,0,295,170,35,0,0,0,500,0
h00,2226314848128698481,p1,0,0,500,0,19,226,255,0,376,55,69,0,0,0,500,0
h00,2226314848128698481,p2,0,0,500,0,0,70,430,0,385,85,30,0,0,0,500,0
h00,2226314848128698481,p3,0,0,500,0,0,34,466,0,383,65,52,0,0,0,500,0
h00,2231209458305127871,p1,0,0,500,0,28,245,227,0,379,68,53,0,0,0,500,0
h00,2231209458305127871,p2,0,0,500,0,1,70,429,0,377,90,33,0,0,0,500,0
h00,2231209458305127871,p3,0,0,500,0,0,24,476,0,310,143,47,0,0,0,500,0
h00,2248913045146814560,p1,0,2,498,0,13,244,243,0,372,64,64,0,0,0,500,0
h00,2248913045146814560,p2,0,0,500,0,0,103,397,0,391,62,47,0,0,0,500,0
h00,2248913045146814560,p3,0,0,500,0,0,54,446,0,295,161,44,0,0,0,500,0
h00,2261080031299322371,p1,0,0,500,0,19,225,256,0,365,75,60,0,0,0,500,0
h00,2261080031299322371,p2,0,0,500,0,0,50,450,0,384,82,34,0,0,0,500,0
h00,2261080031299322371,p3,0,0,500,0,0,47,453,0,373,99,28,0,0,0,500,0
h00,2270685292642668965,p1,0,0,500,0,15,254,231,0,383,62,55,0,0,0,500,0
h00,2270685292642668965,p2,0,0,500,0,0,99,401,0,380,84,36,0,0,0,500,0
h00,2270685292642668965,p3,0,0,500,0,0,38,462,0,362,100,38,0,0,0,500,0
h00,2276589658571010949,p1,0,1,499,0,10,236,254,0,375,68,57,0,0,0,500,0
h00,2276589658571010949,p2,0,0,500,0,0,118,382,0,315,152,33,0,0,0,500,0
h00,2276589658571010949,p3,0,0,500,0,0,61,439,0,298,154,48,0,0,0,500,0
h00,2325391773764637243,p1,0,2,498,0,15,236,249,0,363,69,68,0,0,0,500,0
h00,2325391773764637243,p2,0,0,500,0,0,89,411,0,363,87,50,0,0,0,500,0
h00,2325391773764637243,p3,0,0,500,0,0,34,466,0,366,91,43,0,0,0,500,0
h00,2333974635431175188,p1,0,0,500,0,15,232,253,0,383,63,54,0,0,0,500,0
h00,2333974635431175188,p2,0,0,500,0,0,59,441,0,353,105,42,0,0,0,500,0
h00,2333974635431175188,p3,0,0,500,0,0,44,456,0,277,189,34,0,0,0,500,0
h00,2341198055877650802,p1,0,0,500,0,10,269,221,0,383,70,47,0,0,0,500,0
h00,2341198055877650802,p2,0,0,500,0,0,103,397,0,387,74,39,0,0,0,500,0
h00,2341198055877650802,p3,0,0,500,0,0,46,454,0,368,107,25,0,0,0,500,0
h00,2348161418297934513,p1,0,0,500,0,18,236,246,0,353,87,60,0,0,0,500,0
h00,2348161418297934513,p2,0,0,500,0,0,75,425,0,366,101,33,0,0,0,500,0
h00,2348161418297934513,p3,0,0,500,0,0,58,442,0,364,84,52,0,0,0,500,0
h00,2377990193666223348,p1,0,0,500,0,14,219,267,0,372,67,61,0,0,0,500,0
h00,2377990193666223348,p2,0,0,500,0,0,53,447,0,387,68,45,0,0,0,500,0
h00,2377990193666223348,p3,0,0,500,0,0,27,473,0,386,85,29,0,0,0,500,0
h00,2398732858742842846,p1,0,0,500,0,11,200,289,0,367,64,69,0,0,0,500,0
h00,2398732858742842846,p2,0,0,500,0,0,60,440,0,377,74,49,0,0,0,500,0
h00,2398732858742842846,p3,0,0,500,0,0,24,476,0,392,74,34,0,0,0,500,0
h00,2402059822941775694,p1,0,1,499,0,10,252,238,0,374,82,44,0,0,0,500,0
h00,2402059822941775694,p2,0,0,500,0,0,99,401,0,337,135,28,0,0,0,500,0
h00,2402059822941775694,p3,0,0,500,0,0,73,427,0,335,133,32,0,0,0,500,0
h00,2414559306889225485,p1,0,0,500,0,19,247,234,0,373,68,59,0,0,0,500,0
h00,2414559306889225485,p2,0,0,500,0,1,89,410,0,373,90,37,0,0,0,500,0
h00,2414559306889225485,p3,0,0,500,0,0,45,455,0,302,153,45,0,0,0,500,0
h00,2419367695980860718,p1,0,1,499,0,13,262,225,0,378,55,67,0,0,0,500,0
h00,2419367695980860718,p2,0,0,500,0,0,103,397,0,394,68,38,0,0,0,500,0
h00,2419367695980860718,p3,0,0,500,0,0,44,456,0,383,86,31,0,0,0,500,0
h00,2421630746348809573,p1,0,1,499,0,21,241,238,0,366,76,58,0,0,0,500,0
h00,2421630746348809573,p2,0,0,500,0,0,93,407,0,377,80,43,0,0,0,500,0
h00,2421630746348809573,p3,0,0,500,0,0,57,443,0,383,73,44,0,0,0,500,0
h00,2423373918653785487,p1,0,0,500,0,14,249,237,0,379,57,64,0,0,0,500,0
h00,2423373918653785487,p2,0,0,500,0,0,73,427,0,377,77,46,0,0,0,500,0
h00,2423373918653785487,p3,0,0,500,0,0,27,473,0,343,119,38,0,0,0,500,0
h00,24454192000205924,p1,0,1,499,0,17,248,235,0,374,71,55,0,0,0,500,0
h00,24454192000205924,p2,0,0,500,0,0,60,440,0,320,140,40,0,0,0,500,0
h00,24454192000205924,p3,0,0,500,0,0,50,450,0,386,73,41,0,0,0,500,0
h00,2447731323343121822,p1,0,0,500,0,11,265,224,0,381,59,60,0,0,0,500,0
h00,2447731323343121822,p2,0,0,500,0,0,68,432,0,316,141,43,0,0,0,500,0
h00,2447731323343121822,p3,0,0,500,0,0,49,451,0,388,75,37,0,0,0,500,0
h00,2467830197506776770,p1,0,0,500,0,18,275,207,0,384,76,40,0,0,0,500,0
h00,2467830197506776770,p2,0,0,500,0,0,101,399,0,371,88,41,0,0,0,500,0
h00,2467830197506776770,p3,0,0,500,0,0,71,429,0,366,93,41,0,0,0,500,0
h00,2474864708645148456,p1,0,1,499,0,14,252,234,0,376,56,68,0,0,0,500,0
h00,2474864708645148456,p2,0,0,500,0,0,73,427,0,391,72,37,0,0,0,500,0
h00,2474864708645148456,p3,0,0,500,0,0,52,448,0,340,113,47,0,0,0,500,0
h00,2491469814547847332,p1,0,0,500,0,19,239,242,0,359,83,58,0,0,0,500,0
h00,2491469814547847332,p2,0,0,500,0,0,70,430,0,388,69,43,0,0,0,500,0
h00,2491469814547847332,p3,0,0,500,0,0,34,466,0,358,106,36,0,0,0,500,0
h00,2500502901733353259,p1,0,0,500,0,20,236,244,0,374,68,58,0,0,0,500,0
h00,2500502901733353259,p2,0,0,500,0,0,82,418,0,395,59,46,0,0,0,500,0
h00,2500502901733353259,p3,0,0,500,0,0,55,445,0,379,85,36,0,0,0,500,0
h00,2505890466052842857,p1,0,0,500,0,10,244,246,0,373,69,58,0,0,0,500,0
h00,2505890466052842857,p2,0,0,500,0,0,71,429,0,314,132,54,0,0,0,500,0
h00,2505890466052842857,p3,0,0,500,0,0,44,456,0,350,117,33,0,0,0,500,0
h00,2531555882547941800,p1,0,2,498,0,19,239,242,0,385,41,74,0,0,0,500,0
h00,2531555882547941800,p2,0,0,500,0,0,77,423,0,359,94,47,0,0,0,500,0
h00,2531555882547941800,p3,0,0,500,0,0,24,476,0,371,38,91,0,0,0,500,0
h00,2538182891345640416,p1,0,0,500,0,15,246,239,0,383,66,51,0,0,0,500,0
h00,2538182891345640416,p2,0,0,500,0,0,78,422,0,332,135,33,0,0,0,500,0
h00,2538182891345640416,p3,0,0,500,0,0,51,449,0,362,90,48,0,0,0,500,0
h00,2553817847603666864,p1,0,0,500,0,17,263,220,0,389,52,59,0,0,0,500,0
h00,2553817847603666864,p2,0,0,500,0,0,86,414,0,372,81,47,0,0,0,500,0
h00,2553817847603666864,p3,0,0,500,0,0,41,459,0,381,75,44,0,0,0,500,0
h00,2582636653590832573,p1,0,2,498,0,21,273,206,0,393,62,45,0,0,0,500,0
h00,2582636653590832573,p2,0,0,500,0,0,87,413,0,337,129,34,0,0,0,500,0
h00,2582636653590832573,p3,0,0,500,0,0,60,440,0,345,126,29,0,0,0,500,0
h00,2592630812011419061,p1,0,1,499,0,15,240,245,0,367,69,64,0,0,0,500,0
h00,2592630812011419061,p2,0,0,500,0,0,90,410,0,360,99,41,0,0,0,500,0
h00,2592630812011419061,p3,0,0,500,0,0,60,440,0,346,102,52,0,0,0,500,0
h00,2599256936468401537,p1,0,0,500,0,14,247,239,0,379,67,54,0,0,0,500,0
h00,2599256936468401537,p2,0,0,500,0,0,79,421,0,378,92,30,0,0,0,500,0
h00,2599256936468401537,p3,0,0,500,0,0,44,456,0,292,173,35,0,0,0,500,0
h00,2603773830718323133,p1,0,1,499,0,16,232,252,0,352,89,59,0,0,0,500,0
h00,2603773830718323133,p2,0,0,500,0,0,74,426,0,324,132,44,0,0,0,500,0
h00,2603773830718323133,p3,0,0,500,0,0,32,468,0,340,117,43,0,0,0,500,0
h00,2642088376575620987,p1,0,1,499,0,10,242,248,0,350,107,43,0,0,0,500,0
h00,2642088376575620987,p2,0,0,500,0,0,116,384,0,367,88,45,0,0,0,500,0
h00,2642088376575620987,p3,0,0,500,0,0,54,446,0,347,104,49,0,0,0,500,0
h00,2653841568400124273,p1,0,0,500,0,12,243,245,0,381,41,78,0,0,0,500,0
h00,2653841568400124273,p2,0,0,500,0,0,87,413,0,383,26,91,0,0,0,500,0
h00,2653841568400124273,p3,0,0,500,0,0,23,477,0,354,43,103,0,0,0,500,0
h00,2655859107521200994,p1,0,0,500,0,15,215,270,0,349,38,113,0,0,0,500,0
h00,2655859107521200994,p2,0,0,500,0,0,57,443,0,363,62,75,0,0,0,500,0
h00,2655859107521200994,p3,0,0,500,0,0,32,468,0,393,41,66,0,0,0,500,0
h00,2664880680665600388,p1,0,0,500,0,17,260,223,0,378,71,51,0,0,0,500,0
h00,2664880680665600388,p2,0,0,500,0,0,93,407,0,335,134,31,0,0,0,500,0
h00,2664880680665600388,p3,0,0,500,0,0,31,469,0,324,140,36,0,0,0,500,0
h00,2671706936193863748,p1,0,1,499,0,13,247,240,0,377,56,67,0,0,0,500,0
h00,2671706936193863748,p2,0,0,500,0,0,87,413,0,317,104,79,0,0,0,500,0
h00,2671706936193863748,p3,0,0,500,0,0,50,450,0,313,110,77,0,0,0,500,0
h00,2691141080745763637,p1,0,0,500,0,13,264,223,0,353,89,58,0,0,0,500,0
h00,2691141080745763637,p2,0,0,500,0,0,78,422,0,369,90,41,0,0,0,500,0
h00,2691141080745763637,p3,0,0,500,0,0,40,460,0,386,76,38,0,0,0,500,0
h00,270483754946125459,p1,0,0,500,0,31,228,241,0,370,74,56,0,0,0,500,0
h00,270483754946125459,p2,0,0,500,0,0,65,435,0,360,100,40,0,0,0,500,0
h00,270483754946125459,p3,0,0,500,0,0,41,459,0,386,68,46,0,0,0,500,0
h00,271591246254653605,p1,0,0,500,0,13,237,250,0,359,39,102,0,0,0,500,0
h00,271591246254653605,p2,0,0,500,0,1,63,436,0,389,20,91,0,0,0,500,0
h00,271591246254653605,p3,0,0,500,0,0,47,453,0,332,39,129,0,0,0,500,0
h00,2758864400102165616,p1,0,0,500,0,16,257,227,0,376,62,62,0,0,0,500,0
h00,2758864400102165616,p2,0,0,500,0,0,106,394,0,377,90,33,0,0,0,500,0
h00,2758864400102165616,p3,0,0,500,0,0,37,463,0,368,87,45,0,0,0,500,0
h00,2779358138066508310,p1,0,2,498,0,9,243,248,0,363,76,61,0,0,0,500,0
h00,2779358138066508310,p2,0,0,500,0,0,73,427,0,347,104,49,0,0,0,500,0
h00,2779358138066508310,p3,0,0,500,0,0,40,460,0,337,123,40,0,0,0,500,0
h00,2783379615822094480,p1,0,0,500,0,13,243,244,0,359,83,58,0,0,0,500,0
h00,2783379615822094480,p2,0,0,500,0,0,58,442,0,343,125,32,0,0,0,500,0
h00,2783379615822094480,p3,0,0,500,0,0,59,441,0,372,95,33,0,0,0,500,0
h00,2787227107786957027,p1,0,0,500,0,14,244,242,0,368,66,66,0,0,0,500,0
h00,2787227107786957027,p2,0,0,500,0,0,98,402,0,364,90,46,0,0,0,500,0
h00,2787227107786957027,p3,0,0,500,0,0,47,453,0,375,90,35,0,0,0,500,0
h00,2795609852195796678,p1,0,1,499,0,10,229,261,0,374,58,68,0,0,0,500,0
h00,2795609852195796678,p2,0,0,500,0,0,94,406,0,365,64,71,0,0,0,500,0
h00,2795609852195796678,p3,0,0,500,0,0,57,443,0,375,69,56,0,0,0,500,0
h00,2808630523817454920,p1,0,0,500,0,22,258,220,0,388,58,54,0,0,0,500,0
h00,2808630523817454920,p2,0,0,500,0,0,89,411,0,360,83,57,0,0,0,500,0
h00,2808630523817454920,p3,0,0,500,0,0,28,472,0,337,86,77,0,0,0,500,0
h00,281200035054616547,p1,0,1,499,0,15,236,249,0,371,56,73,0,0,0,500,0
h00,281200035054616547,p2,0,0,500,0,0,69,431,0,409,57,34,0,0,0,500,0
h00,281200035054616547,p3,0,0,500,0,0,41,459,0,394,68,38,0,0,0,500,0
h00,2822220745379781803,p1,0,0,500,0,12,262,226,0,386,68,46,0,0,0,500,0
h00,2822220745379781803,p2,0,0,500,0,0,136,364,0,383,88,29,0,0,0,500,0
h00,2822220745379781803,p3,0,0,500,0,0,55,445,0,301,155,44,0,0,0,500,0
h00,2848035134851388027,p1,0,0,500,0,14,273,213,0,382,61,57,0,0,0,500,0
h00,2848035134851388027,p2,0,0,500,0,0,93,407,0,343,121,36,0,0,0,500,0
h00,2848035134851388027,p3,0,0,500,0,0,41,459,0,351,98,51,0,0,0,500,0
h00,2852581805686108790,p1,0,0,500,0,17,284,199,0,366,83,51,0,0,0,500,0
h00,2852581805686108790,p2,0,0,500,0,0,71,429,0,388,78,34,0,0,0,500,0
h00,2852581805686108790,p3,0,0,500,0,0,44,456,0,356,103,41,0,0,0,500,0
h00,2858835733309443672,p1,0,0,500,0,17,187,296,0,368,66,66,0,0,0,500,0
h00,2858835733309443672,p2,0,0,500,0,0,53,447,0,381,78,41,0,0,0,500,0
h00,2858835733309443672,p3,0,0,500,0,0,24,476,0,358,108,34,0,0,0,500,0
h00,2865146821799033060,p1,0,1,499,0,19,238,243,0,403,54,43,0,0,0,500,0
h00,2865146821799033060,p2,0,0,500,0,0,83,417,0,365,94,41,0,0,0,500,0
h00,2865146821799033060,p3,0,0,500,0,0,49,451,0,318,151,31,0,0,0,500,0
h00,2878077817887578999,p1,0,1,499,0,13,266,221,0,387,56,57,0,0,0,500,0
h00,2878077817887578999,p2,0,0,500,0,0,92,408,0,314,154,32,0,0,0,500,0
h00,2878077817887578999,p3,0,0,500,0,0,55,445,0,376,88,36,0,0,0,500,0
h00,2886220092989791333,p1,0,0,500,0,14,253,233,0,378,62,60,0,0,0,500,0
h00,2886220092989791333,p2,0,0,500,0,0,108,392,0,393,73,34,0,0,0,500,0
h00,2886220092989791333,p3,0,0,500,0,0,44,456,0,378,75,47,0,0,0,500,0
h00,2888126316012786146,p1,0,3,497,0,25,242,233,0,383,62,55,0,0,0,500,0
h00,2888126316012786146,p2,0,0,500,0,0,62,438,0,339,124,37,0,0,0,500,0
h00,2888126316012786146,p3,0,0,500,0,0,35,465,0,353,101,46,0,0,0,500,0
h00,2921426540513185172,p1,0,0,500,0,22,234,244,0,379,58,63,0,0,0,500,0
h00,2921426540513185172,p2,0,0,500,0,0,66,434,0,378,73,49,0,0,0,500,0
h00,2921426540513185172,p3,0,0,500,0,0,49,451,0,394,69,37,0,0,0,500,0
h00,2921933502032537214,p1,0,4,496,0,15,237,248,0,363,73,64,0,0,0,500,0
h00,2921933502032537214,p2,0,0,500,0,0,68,432,0,378,69,53,0,0,0,500,0
h00,2921933502032537214,p3,0,0,500,0,0,46,454,0,351,113,36,0,0,0,500,0
h00,2923606406820336693,p1,0,0,500,0,11,269,220,0,351,100,49,0,0,0,500,0
h00,2923606406820336693,p2,0,0,500,0,0,124,376,0,367,93,40,0,0,0,500,0
h00,2923606406820336693,p3,0,0,500,0,0,68,432,0,337,124,39,0,0,0,500,0
h00,2966237868303496626,p1,0,0,500,0,14,253,233,0,376,67,57,0,0,0,500,0
h00,2966237868303496626,p2,0,0,500,0,0,108,392,0,365,99,36,0,0,0,500,0
h00,2966237868303496626,p3,0,0,500,0,0,45,455,0,292,163,45,0,0,0,500,0
h00,2976638450342219709,p1,0,1,499,0,12,276,212,0,385,59,56,0,0,0,500,0
h00,2976638450342219709,p2,0,0,500,0,0,127,373,0,306,157,37,0,0,0,500,0
h00,2976638450342219709,p3,0,0,500,0,0,68,432,0,387,83,30,0,0,0,500,0
h00,3005586598917918993,p1,0,0,500,0,18,189,293,0,368,75,57,0,0,0,500,0
h00,3005586598917918993,p2,0,0,500,0,0,58,442,0,357,89,54,0,0,0,500,0
h00,3005586598917918993,p3,0,0,500,0,0,39,461,0,285,179,36,0,0,0,500,0
h00,3010344131163025760,p1,0,3,497,0,20,222,258,0,393,55,52,0,0,0,500,0
h00,3010344131163025760,p2,0,0,500,0,0,96,404,0,338,120,42,0,0,0,500,0
h00,3010344131163025760,p3,0,0,500,0,0,33,467,0,276,183,41,0,0,0,500,0
h00,3010793565915229609,p1,0,0,500,0,14,235,251,0,359,77,64,0,0,0,500,0
h00,3010793565915229609,p2,0,0,500,0,0,71,429,0,390,67,43,0,0,0,500,0
h00,3010793565915229609,p3,0,0,500,0,0,22,478,0,353,104,43,0,0,0,500,0
h00,3014509334178662496,p1,0,0,500,0,9,218,273,0,390,64,46,0,0,0,500,0
h00,3014509334178662496,p2,0,0,500,0,0,79,421,0,339,124,37,0,0,0,500,0
h00,3014509334178662496,p3,0,0,500,0,0,36,464,0,366,74,60,0,0,0,500,0
h00,3033343945241183067,p1,0,0,500,0,14,245,241,0,380,55,65,0,0,0,500,0
h00,3033343945241183067,p2,0,0,500,0,0,80,420,0,345,61,94,0,0,0,500,0
h00,3033343945241183067,p3,0,0,500,0,1,35,464,0,299,99,102,0,0,0,500,0
h00,3038989552798495505,p1,0,0,500,0,13,219,268,0,378,43,79,0,0,0,500,0
h00,3038989552798495505,p2,0,0,500,0,0,57,443,0,278,95,127,0,0,0,500,0
h00,3038989552798495505,p3,0,0,500,0,0,44,456,0,371,58,71,0,0,0,500,0
h00,3061773785222534487,p1,1,0,499,0,23,247,230,0,363,84,53,0,0,1,499,0
h00,3061773785222534487,p2,0,0,500,0,0,82,418,0,346,113,41,0,0,0,500,0
h00,3061773785222534487,p3,0,0,500,0,0,52,448,0,311,150,39,0,0,0,500,0
h00,3080181151794706567,p1,0,1,499,0,13,214,273,0,377,71,52,0,0,0,500,0
h00,3080181151794706567,p2,0,0,500,0,0,58,442,0,293,160,47,0,0,0,500,0
h00,3080181151794706567,p3,0,0,500,0,0,37,463,0,369,90,41,0,0,0,500,0
h00,312131574232549325,p1,0,0,500,0,12,234,254,0,363,70,67,0,0,0,500,0
h00,312131574232549325,p2,0,0,500,0,0,83,417,0,373,94,33,0,0,0,500,0
h00,312131574232549325,p3,0,0,500,0,0,41,459,0,390,74,36,0,0,0,500,0
h00,3129014550563080706,p1,0,0,500,0,23,288,189,0,367,78,55,0,0,0,500,0
h00,3129014550563080706,p2,0,0,500,0,0,101,399,0,339,114,47,0,0,0,500,0
h00,3129014550563080706,p3,0,0,500,0,0,63,437,0,333,118,49,0,0,0,500,0
h00,3136481499597392437,p1,0,0,500,0,14,216,270,0,367,42,91,0,0,0,500,0
h00,3136481499597392437,p2,0,0,500,0,0,87,413,0,367,37,96,0,0,0,500,0
h00,3136481499597392437,p3,0,0,500,0,0,28,472,0,336,31,133,0,0,0,500,0
h00,3142169725982065825,p1,0,0,500,0,13,246,241,0,367,49,84,0,0,0,500,0
h00,3142169725982065825,p2,0,0,500,0,0,60,440,0,366,48,86,0,0,0,500,0
h00,3142169725982065825,p3,0,0,500,0,0,40,460,0,379,42,79,0,0,0,500,0
h00,3144181731382867048,p1,0,0,500,0,15,243,242,0,376,70,54,0,0,0,500,0
h00,3144181731382867048,p2,0,0,500,0,0,97,403,0,338,119,43,0,0,0,500,0
h00,3144181731382867048,p3,0,0,500,0,0,45,455,0,194,270,36,0,0,0,500,0
h00,3149234040662007951,p1,0,2,498,0,10,219,271,0,378,60,62,0,0,0,500,0
h00,3149234040662007951,p2,0,0,500,0,0,44,456,0,366,98,36,0,0,0,500,0
h00,3149234040662007951,p3,0,0,500,0,0,43,457,0,347,117,36,0,0,0,500,0
h00,316097434901446919,p1,0,0,500,0,17,241,242,0,346,91,63,0,0,0,500,0
h00,316097434901446919,p2,0,0,500,0,0,67,433,0,354,102,44,0,0,0,500,0
h00,316097434901446919,p3,0,0,500,0,0,50,450,0,372,86,42,0,0,0,500,0
h00,3179534011170499778,p1,0,1,499,0,15,248,237,0,364,78,58,0,0,0,500,0
h00,3179534011170499778,p2,0,0,500,0,0,96,404,0,379,77,44,0,0,0,500,0
h00,3179534011170499778,p3,0,0,500,0,0,49,451,0,378,67,55,0,0,0,500,0
h00,3201694301304624298,p1,0,0,500,0,17,230,253,0,367,67,66,0,0,0,500,0
h00,3201694301304624298,p2,0,0,500,0,0,78,422,0,362,92,46,0,0,0,500,0
h00,3201694301304624298,p3,0,0,500,0,0,33,467,0,397,56,47,0,0,0,500,0
h00,3261894297314430348,p1,0,0,500,0,13,295,192,0,373,79,48,0,0,0,500,0
h00,3261894297314430348,p2,0,0,500,0,0,96,404,0,377,85,38,0,0,0,500,0
h00,3261894297314430348,p3,0,0,500,0,0,56,444,0,372,98,30,0,0,0,500,0
h00,3283206090760178577,p1,0,1,499,0,8,241,251,0,358,78,64,0,0,0,500,0
h00,3283206090760178577,p2,0,0,500,0,0,84,416,0,389,76,35,0,0,0,500,0
h00,3283206090760178577,p3,0,0,500,0,0,28,472,0,378,88,34,0,0,0,500,0
h00,3289373367234797345,p1,0,0,500,0,15,232,253,0,376,64,60,0,0,0,500,0
h00,3289373367234797345,p2,0,0,500,0,0,67,433,0,392,56,52,0,0,0,500,0
h00,3289373367234797345,p3,0,0,500,0,0,51,449,0,401,52,47,0,0,0,500,0
h00,3289727879080075424,p1,0,0,500,0,22,206,272,0,389,49,62,0,0,0,500,0
h00,3289727879080075424,p2,0,0,500,0,0,65,435,0,391,61,48,0,0,0,500,0
h00,3289727879080075424,p3,0,0,500,0,0,35,465,0,290,157,53,0,0,0,500,0
h00,3307827960955054846,p1,0,0,500,0,13,272,215,0,345,95,60,0,0,0,500,0
h00,3307827960955054846,p2,0,0,500,0,0,77,423,0,373,47,80,0,0,0,500,0
h00,3307827960955054846,p3,0,0,500,0,0,47,453,0,323,88,89,0,0,0,500,0
h00,3316206051838487293,p1,0,1,499,0,13,258,229,0,351,98,51,0,0,0,500,0
h00,3316206051838487293,p2,0,0,500,0,0,106,394,0,319,147,34,0,0,0,500,0
h00,3316206051838487293,p3,0,0,500,0,0,44,456,0,310,156,34,0,0,0,500,0
h00,3388953417953374402,p1,0,2,498,0,23,261,216,0,392,59,49,0,0,0,500,0
h00,3388953417953374402,p2,0,0,500,0,0,84,416,0,340,107,53,0,0,0,500,0
h00,3388953417953374402,p3,0,0,500,0,0,36,464,0,370,75,55,0,0,0,500,0
h00,3420833918723844240,p1,0,2,498,0,13,244,243,0,365,85,50,0,0,0,500,0
h00,3420833918723844240,p2,0,0,500,0,0,73,427,0,360,94,46,0,0,0,500,0
h00,3420833918723844240,p3,0,0,500,0,0,52,448,0,358,92,50,0,0,0,500,0
h00,3423478990075565859,p1,0,3,497,0,13,281,206,0,379,78,43,0,0,0,500,0
h00,3423478990075565859,p2,0,0,500,0,0,127,373,0,356,100,44,0,0,0,500,0
h00,3423478990075565859,p3,0,0,500,0,0,49,451,0,325,141,34,0,0,0,500,0
h00,3432467835900654966,p1,0,4,496,0,14,268,218,0,371,77,52,0,0,0,500,0
h00,3432467835900654966,p2,0,0,500,0,1,140,359,0,292,174,34,0,0,0,500,0
h00,3432467835900654966,p3,0,0,500,0,0,58,442,0,379,90,31,0,0,0,500,0
h00,3439266075144882593,p1,0,0,500,0,17,236,247,0,385,60,55,0,0,0,500,0
h00,3439266075144882593,p2,0,0,500,0,0,73,427,0,339,121,40,0,0,0,500,0
h00,3439266075144882593,p3,0,0,500,0,0,41,459,0,366,93,41,0,0,0,500,0
h00,3453325846810690203,p1,0,0,500,0,7,235,258,0,359,41,100,0,0,0,500,0
h00,3453325846810690203,p2,0,0,500,0,0,103,397,0,380,37,83,0,0,0,500,0
h00,3453325846810690203,p3,0,0,500,0,0,38,462,0,368,36,96,0,0,0,500,0
h00,3471541157276798424,p1,0,0,500,0,16,227,257,0,385,53,62,0,0,0,500,0
h00,3471541157276798424,p2,0,0,500,0,0,87,413,0,374,80,46,0,0,0,500,0
h00,3471541157276798424,p3,0,0,500,0,0,44,456,0,373,85,42,0,0,0,500,0
h00,3483597259819132404,p1,0,2,498,0,21,228,251,0,350,66,84,0,0,0,500,0
h00,3483597259819132404,p2,0,0,500,0,0,108,392,0,324,75,101,0,0,0,500,0
h00,3483597259819132404,p3,0,0,500,0,0,46,454,0,347,95,58,0,0,0,500,0
h00,3602606635223752655,p1,0,1,499,0,11,260,229,0,368,85,47,0,0,0,500,0
h00,3602606635223752655,p2,0,0,500,0,0,106,394,0,383,75,42,0,0,0,500,0
h00,3602606635223752655,p3,0,0,500,0,0,67,433,0,373,94,33,0,0,0,500,0
h00,3620378368543051960,p1,0,0,500,0,23,206,271,0,367,73,60,0,0,0,500,0
h00,3620378368543051960,p2,0,0,500,0,0,84,416,0,330,120,50,0,0,0,500,0
h00,3620378368543051960,p3,0,0,500,0,0,32,468,0,348,97,55,0,0,0,500,0
h00,3646809819555529717,p1,0,1,499,0,17,219,264,0,371,69,60,0,0,0,500,0
h00,3646809819555529717,p2,0,0,500,0,0,45,455,0,335,125,40,0,0,0,500,0
h00,3646809819555529717,p3,0,0,500,0,0,34,466,0,327,110,63,0,0,0,500,0
h00,370897708012610843,p1,0,1,499,0,10,259,231,0,377,70,53,0,0,0,500,0
h00,370897708012610843,p2,0,0,500,0,0,92,408,0,382,81,37,0,0,0,500,0
h00,370897708012610843,p3,0,0,500,0,0,38,462,0,367,103,30,0,0,0,500,0
h00,3746813413018173642,p1,0,0,500,0,9,275,216,0,383,68,49,0,0,0,500,0
h00,3746813413018173642,p2,0,0,500,0,0,89,411,0,353,108,39,0,0,0,500,0
h00,3746813413018173642,p3,0,0,500,0,0,39,461,0,348,115,37,0,0,0,500,0
h00,374873582700968554,p1,0,0,500,0,9,275,216,0,367,68,65,0,0,0,500,0
h00,374873582700968554,p2,0,0,500,0,0,106,394,0,374,83,43,0,0,0,500,0
h00,374873582700968554,p3,0,0,500,0,0,32,468,0,372,80,48,0,0,0,500,0
h00,3782747150085181047,p1,0,0,500,0,12,255,233,0,368,66,66,0,0,0,500,0
h00,3782747150085181047,p2,0,0,500,0,0,88,412,0,372,85,43,0,0,0,500,0
h00,3782747150085181047,p3,0,0,500,0,0,48,452,0,377,82,41,0,0,0,500,0
h00,3783312406048574783,p1,0,1,499,0,16,273,211,0,370,84,46,0,0,0,500,0
h00,3783312406048574783,p2,0,0,500,0,0,114,386,0,336,111,53,0,0,0,500,0
h00,3783312406048574783,p3,0,0,500,0,0,47,453,0,322,147,31,0,0,0,500,0
h00,3857728332733070791,p1,0,2,498,0,20,259,221,0,360,88,52,0,0,0,500,0
h00,3857728332733070791,p2,0,0,500,0,0,102,398,0,380,84,36,0,0,0,500,0
h00,3857728332733070791,p3,0,0,500,0,0,66,434,0,386,90,24,0,0,0,500,0
h00,3870569051277263198,p1,0,0,500,0,14,259,227,0,369,71,60,0,0,0,500,0
h00,3870569051277263198,p2,0,0,500,0,0,85,415,0,360,95,45,0,0,0,500,0
h00,3870569051277263198,p3,0,0,500,0,0,37,463,0,380,81,39,0,0,0,500,0
h00,3872502974202693052,p1,0,1,499,0,17,215,268,0,391,71,38,0,0,0,500,0
h00,3872502974202693052,p2,0,0,500,0,0,65,435,0,359,104,37,0,0,0,500,0
h00,3872502974202693052,p3,0,0,500,0,0,17,483,0,342,124,34,0,0,0,500,0
h00,3892276675451754626,p1,0,0,500,0,19,224,257,0,379,60,61,0,0,0,500,0
h00,3892276675451754626,p2,0,0,500,0,0,86,414,0,389,76,35,0,0,0,500,0
h00,3892276675451754626,p3,0,0,500,0,0,43,457,0,370,87,43,0,0,0,500,0
h00,3906578313109414030,p1,0,0,500,0,20,226,254,0,355,88,57,0,0,0,500,0
h00,3906578313109414030,p2,0,0,500,0,0,74,426,0,325,127,48,0,0,0,500,0
h00,3906578313109414030,p3,0,0,500,0,0,33,467,0,235,221,44,0,0,0,500,0
h00,3914451166109892882,p1,0,0,500,0,14,236,250,0,373,60,67,0,0,0,500,0
h00,3914451166109892882,p2,0,0,500,0,0,74,426,0,363,82,55,0,0,0,500,0
h00,3914451166109892882,p3,0,0,500,0,0,47,453,0,384,75,41,0,0,0,500,0
h00,3930435202843891156,p1,0,0,500,0,16,234,250,0,373,70,57,0,0,0,500,0
h00,3930435202843891156,p2,0,0,500,0,0,67,433,0,327,139,34,0,0,0,500,0
h00,3930435202843891156,p3,0,0,500,0,0,40,460,0,364,101,35,0,0,0,500,0
h00,3931579058868833233,p1,0,0,500,0,18,210,272,0,387,31,82,0,0,0,500,0
h00,3931579058868833233,p2,0,0,500,0,0,57,443,0,385,44,71,0,0,0,500,0
h00,3931579058868833233,p3,0,0,500,0,0,42,458,0,379,37,84,0,0,0,500,0
h00,3936448565818775640,p1,0,1,499,0,7,255,238,0,361,85,54,0,0,0,500,0
h00,3936448565818775640,p2,0,0,500,0,0,78,422,0,348,104,48,0,0,0,500,0
h00,3936448565818775640,p3,0,0,500,0,0,40,460,0,321,121,58,0,0,0,500,0
h00,395142773015513016,p1,0,0,500,0,20,217,263,0,382,76,42,0,0,0,500,0
h00,395142773015513016,p2,0,0,500,0,0,60,440,0,395,77,28,0,0,0,500,0
h00,395142773015513016,p3,0,0,500,0,0,29,471,0,387,84,29,0,0,0,500,0
h00,3967630831491443326,p1,0,0,500,0,12,228,260,0,356,96,48,0,0,0,500,0
h00,3967630831491443326,p2,0,0,500,0,0,88,412,0,321,127,52,0,0,0,500,0
h00,3967630831491443326,p3,0,0,500,0,0,43,457,0,293,161,46,0,0,0,500,0
h00,4029132440299934778,p1,0,0,500,0,22,222,256,0,375,72,53,0,0,0,500,0
h00,4029132440299934778,p2,0,0,500,0,0,76,424,0,357,80,63,0,0,0,500,0
h00,4029132440299934778,p3,0,0,500,0,0,41,459,0,371,86,43,0,0,0,500,0
h00,4050088701953919497,p1,0,0,500,0,11,248,241,0,387,64,49,0,0,0,500,0
h00,4050088701953919497,p2,0,0,500,0,0,74,426,0,377,83,40,0,0,0,500,0
h00,4050088701953919497,p3,0,0,500,0,0,54,446,0,364,95,41,0,0,0,500,0
h00,4068627093876524908,p1,0,0,500,0,13,242,245,0,365,87,48,0,0,0,500,0
h00,4068627093876524908,p2,0,0,500,0,0,78,422,0,375,83,42,0,0,0,500,0
h00,4068627093876524908,p3,0,0,500,0,0,53,447,0,400,64,36,0,0,0,500,0
h00,408521173642501465,p1,0,0,500,0,15,240,245,0,361,75,64,0,0,0,500,0
h00,408521173642501465,p2,0,0,500,0,0,82,418,0,372,96,32,0,0,0,500,0
h00,408521173642501465,p3,0,0,500,0,0,44,456,0,359,108,33,0,0,0,500,0
h00,4098198446687774258,p1,0,0,500,0,12,214,274,0,358,88,54,0,0,0,500,0
h00,4098198446687774258,p2,0,0,500,0,0,74,426,0,373,78,49,0,0,0,500,0
h00,4098198446687774258,p3,0,0,500,0,0,25,475,0,311,142,47,0,0,0,500,0
h00,4123684450009118347,p1,0,0,500,0,14,235,251,0,382,57,61,0,0,0,500,0
h00,4123684450009118347,p2,0,0,500,0,0,74,426,0,380,63,57,0,0,0,500,0
h00,4123684450009118347,p3,0,0,500,0,0,27,473,0,382,81,37,0,0,0,500,0
h00,4149607403261469369,p1,0,0,500,0,11,280,209,0,367,76,57,0,0,0,500,0
h00,4149607403261469369,p2,0,0,500,0,0,96,404,0,344,113,43,0,0,0,500,0
h00,4149607403261469369,p3,0,0,500,0,0,46,454,0,354,114,32,0,0,0,500,0
h00,4168685826619015799,p1,0,0,500,0,12,241,247,0,376,72,52,0,0,0,500,0
h00,4168685826619015799,p2,0,0,500,0,0,62,438,0,354,106,40,0,0,0,500,0
h00,4168685826619015799,p3,0,0,500,0,0,23,477,0,351,105,44,0,0,0,500,0
h00,4186213260065274180,p1,0,0,500,0,22,289,189,0,382,59,59,0,0,0,500,0
h00,4186213260065274180,p2,0,0,500,0,0,134,366,0,357,105,38,0,0,0,500,0
h00,4186213260065274180,p3,0,0,500,0,0,66,434,0,344,110,46,0,0,0,500,0
h00,4188275144287043396,p1,0,0,500,0,12,244,244,0,364,64,72,0,0,0,500,0
h00,4188275144287043396,p2,0,0,500,0,0,86,414,0,374,83,43,0,0,0,500,0
h00,4188275144287043396,p3,0,0,500,0,0,54,446,0,337,121,42,0,0,0,500,0
h00,4212293438182827943,p1,0,2,498,0,19,248,233,0,378,61,61,0,0,0,500,0
h00,4212293438182827943,p2,0,0,500,0,0,92,408,0,376,86,38,0,0,0,500,0
h00,4212293438182827943,p3,0,0,500,0,0,39,461,0,373,89,38,0,0,0,500,0
h00,4220763607165006847,p1,0,0,500,0,11,266,223,0,382,61,57,0,0,0,500,0
h00,4220763607165006847,p2,0,0,500,0,0,77,423,0,371,81,48,0,0,0,500,0
h00,4220763607165006847,p3,0,0,500,0,0,31,469,0,382,84,34,0,0,0,500,0
h00,4235972165186563777,p1,0,1,499,0,17,273,210,0,379,68,53,0,0,0,500,0
h00,4235972165186563777,p2,0,0,500,0,0,94,406,0,364,101,35,0,0,0,500,0
h00,4235972165186563777,p3,0,0,500,0,0,60,440,0,315,143,42,0,0,0,500,0
h00,4287375503024049342,p1,0,0,500,0,11,229,260,0,350,83,67,0,0,0,500,0
h00,4287375503024049342,p2,0,0,500,0,0,80,420,0,317,147,36,0,0,0,500,0
h00,4287375503024049342,p3,0,0,500,0,0,39,461,0,272,196,32,0,0,0,500,0
h00,4307591776055466140,p1,0,1,499,0,20,220,260,0,376,70,54,0,0,0,500,0
h00,4307591776055466140,p2,0,0,500,0,0,60,440,0,396,60,44,0,0,0,500,0
h00,4307591776055466140,p3,0,0,500,0,0,31,469,0,310,134,56,0,0,0,500,0
h00,4310394147464451238,p1,0,2,498,0,15,254,231,0,364,82,54,0,0,0,500,0
h00,4310394147464451238,p2,0,0,500,0,0,92,408,0,325,129,46,0,0,0,500,0
h00,4310394147464451238,p3,0,0,500,0,0,36,464,0,355,97,48,0,0,0,500,0
h00,4336353367558390195,p1,0,0,500,0,8,255,237,0,371,64,65,0,0,0,500,0
h00,4336353367558390195,p2,0,0,500,0,0,109,391,0,348,109,43,0,0,0,500,0
h00,4336353367558390195,p3,0,0,500,0,0,24,476,0,321,133,46,0,0,0,500,0
h00,4352922551193965507,p1,0,1,499,0,12,230,258,0,359,64,77,0,0,0,500,0
h00,4352922551193965507,p2,0,0,500,0,0,60,440,0,373,59,68,0,0,0,500,0
h00,4352922551193965507,p3,0,0,500,0,0,29,471,0,356,81,63,0,0,0,500,0
h00,4389468938384033211,p1,0,1,499,0,16,213,271,0,379,67,54,0,0,0,500,0
h00,4389468938384033211,p2,0,0,500,0,0,91,409,0,377,68,55,0,0,0,500,0
h00,4389468938384033211,p3,0,0,500,0,0,10,490,0,361,79,60,0,0,0,500,0
h00,4439124663978564770,p1,0,0,500,0,15,228,257,0,372,80,48,0,0,0,500,0
h00,4439124663978564770,p2,0,0,500,0,0,96,404,0,352,107,41,0,0,0,500,0
h00,4439124663978564770,p3,0,0,500,0,0,60,440,0,286,185,29,0,0,0,500,0
h00,4461752748252833792,p1,0,2,498,0,17,235,248,0,385,62,53,0,0,0,500,0
h00,4461752748252833792,p2,0,0,500,0,1,81,418,0,378,87,35,0,0,0,500,0
h00,4461752748252833792,p3,0,0,500,0,0,47,453,0,348,116,36,0,0,0,500,0
h00,4466035291765894741,p1,0,0,500,0,15,293,192,0,367,71,62,0,0,0,500,0
h00,4466035291765894741,p2,0,0,500,0,0,109,391,0,314,153,33,0,0,0,500,0
h00,4466035291765894741,p3,0,0,500,0,0,65,435,0,389,86,25,0,0,0,500,0
h00,4502992571183810932,p1,0,0,500,0,16,244,240,0,357,70,73,0,0,0,500,0
h00,4502992571183810932,p2,0,0,500,0,0,82,418,0,376,67,57,0,0,0,500,0
h00,4502992571183810932,p3,0,0,500,0,0,38,462,0,344,112,44,0,0,0,500,0
h00,454157223138593409,p1,0,0,500,0,11,257,232,0,377,77,46,0,0,0,500,0
h00,454157223138593409,p2,0,0,500,0,0,88,412,0,288,161,51,0,0,0,500,0
h00,454157223138593409,p3,0,0,500,0,0,55,445,0,371,94,35,0,0,0,500,0
h00,4549682241273411110,p1,0,0,500,0,11,228,261,0,367,80,53,0,0,0,500,0
h00,4549682241273411110,p2,0,0,500,0,0,76,424,0,370,84,46,0,0,0,500,0
h00,4549682241273411110,p3,0,0,500,0,0,33,467,0,352,128,20,0,0,0,500,0
h00,4570577085801251891,p1,0,0,500,0,11,266,223,0,365,69,66,0,0,0,500,0
h00,4570577085801251891,p2,0,0,500,0,0,90,410,0,388,85,27,0,0,0,500,0
h00,4570577085801251891,p3,0,0,500,0,0,51,449,0,343,112,45,0,0,0,500,0
h00,464330423440975915,p1,0,0,500,0,9,234,257,0,383,62,55,0,0,0,500,0
h00,464330423440975915,p2,0,0,500,0,0,95,405,0,345,123,32,0,0,0,500,0
h00,464330423440975915,p3,0,0,500,0,0,14,486,0,348,106,46,0,0,0,500,0
h00,4648256247739606371,p1,0,2,498,0,10,286,204,0,366,70,64,0,0,0,500,0
h00,4648256247739606371,p2,0,0,500,0,0,100,400,0,367,99,34,0,0,0,500,0
h00,4648256247739606371,p3,0,0,500,0,0,79,421,0,345,126,29,0,0,0,500,0
h00,4652625469908853471,p1,0,2,498,0,14,262,224,0,365,67,68,0,0,0,500,0
h00,4652625469908853471,p2,0,0,500,0,0,71,429,0,355,58,87,0,0,0,500,0
h00,4652625469908853471,p3,0,0,500,0,0,30,470,0,299,70,131,0,0,0,500,0
h00,4671950388705285656,p1,0,0,500,0,17,259,224,0,369,81,50,0,0,0,500,0
h00,4671950388705285656,p2,0,0,500,0,0,97,403,0,349,113,38,0,0,0,500,0
h00,4671950388705285656,p3,0,0,500,0,0,46,454,0,299,168,33,0,0,0,500,0
h00,4682820477415630882,p1,0,1,499,0,12,244,244,0,386,56,58,0,0,0,500,0
h00,4682820477415630882,p2,0,0,500,0,0,99,401,0,381,77,42,0,0,0,500,0
h00,4682820477415630882,p3,0,0,500,0,0,44,456,0,338,112,50,0,0,0,500,0
h00,4701974196630073149,p1,0,1,499,0,20,248,232,0,378,69,53,0,0,0,500,0
h00,4701974196630073149,p2,0,0,500,0,0,73,427,0,377,91,32,0,0,0,500,0
h00,4701974196630073149,p3,0,0,500,0,0,37,463,0,349,114,37,0,0,0,500,0
h00,4706097106558524043,p1,0,1,499,0,16,283,201,0,363,83,54,0,0,0,500,0
h00,4706097106558524043,p2,0,0,500,0,0,103,397,0,403,66,31,0,0,0,500,0
h00,4706097106558524043,p3,0,0,500,0,0,84,416,0,326,134,40,0,0,0,500,0
h00,4710395148153062601,p1,0,2,498,0,24,252,224,0,386,69,45,0,0,0,500,0
h00,4710395148153062601,p2,0,0,500,0,0,105,395,0,364,104,32,0,0,0,500,0
h00,4710395148153062601,p3,0,0,500,0,0,38,462,0,394,73,33,0,0,0,500,0
h00,4719599277082129813,p1,0,0,500,0,18,256,226,0,351,83,66,0,0,0,500,0
h00,4719599277082129813,p2,0,0,500,0,0,85,415,0,356,107,37,0,0,0,500,0
h00,4719599277082129813,p3,0,0,500,0,0,52,448,0,384,76,40,0,0,0,500,0
h00,4761604905378794750,p1,0,1,499,0,11,287,202,0,372,83,45,0,0,0,500,0
h00,4761604905378794750,p2,0,0,500,0,0,91,409,0,354,108,38,0,0,0,500,0
h00,4761604905378794750,p3,0,0,500,0,0,69,431,0,369,96,35,0,0,0,500,0
h00,4768051977963836571,p1,0,0,500,0,16,266,218,0,385,74,41,0,0,0,500,0
h00,4768051977963836571,p2,0,0,500,0,0,100,400,0,335,125,40,0,0,0,500,0
h00,4768051977963836571,p3,0,0,500,0,0,40,460,0,358,100,42,0,0,0,500,0
h00,4770106728149677002,p1,0,0,500,0,18,251,231,0,363,73,64,0,0,0,500,0
h00,4770106728149677002,p2,0,0,500,0,0,80,420,0,362,107,31,0,0,0,500,0
h00,4770106728149677002,p3,0,0,500,0,0,35,465,0,354,118,28,0,0,0,500,0
h00,4776569912368307749,p1,0,2,498,0,15,216,269,0,322,128,50,0,0,0,500,0
h00,4776569912368307749,p2,0,0,500,0,0,67,433,0,364,100,36,0,0,0,500,0
h00,4776569912368307749,p3,0,0,500,0,0,44,456,0,343,121,36,0,0,0,500,0
h00,4820676969040131206,p1,0,0,500,0,13,236,251,0,376,72,52,0,0,0,500,0
h00,4820676969040131206,p2,0,0,500,0,0,55,445,0,339,129,32,0,0,0,500,0
h00,4820676969040131206,p3,0,0,500,0,0,33,467,0,280,166,54,0,0,0,500,0
h00,4862318640375206950,p1,0,0,500,0,20,226,254,0,382,69,49,0,0,0,500,0
h00,4862318640375206950,p2,0,0,500,0,0,87,413,0,394,72,34,0,0,0,500,0
h00,4862318640375206950,p3,0,0,500,0,0,49,451,0,376,81,43,0,0,0,500,0
h00,4900454266220233383,p1,0,0,500,0,20,233,247,0,380,73,47,0,0,0,500,0
h00,4900454266220233383,p2,0,0,500,0,0,108,392,0,366,87,47,0,0,0,500,0
h00,4900454266220233383,p3,0,0,500,0,0,52,448,0,375,77,48,0,0,0,500,0
h00,4905721806287464486,p1,0,2,498,0,14,275,211,0,365,84,51,0,0,1,499,0
h00,4905721806287464486,p2,0,0,500,0,0,100,400,0,365,90,45,0,0,0,500,0
h00,4905721806287464486,p3,0,0,500,0,0,39,461,0,349,97,54,0,0,0,500,0
h00,4909920547801250209,p1,0,0,500,0,8,247,245,0,351,95,54,0,0,0,500,0
h00,4909920547801250209,p2,0,0,500,0,0,91,409,0,313,157,30,0,0,0,500,0
h00,4909920547801250209,p3,0,0,500,0,0,59,441,0,375,96,29,0,0,0,500,0
h00,4914366003619832907,p1,0,0,500,0,19,301,180,0,361,83,56,0,0,0,500,0
h00,4914366003619832907,p2,0,0,500,0,0,141,359,0,372,89,39,0,0,0,500,0
h00,4914366003619832907,p3,0,1,499,0,0,56,444,0,360,91,49,0,0,0,500,0
h00,4915224663294039873,p1,0,0,500,0,15,233,252,0,393,51,56,0,0,0,500,0
h00,4915224663294039873,p2,0,0,500,0,0,61,439,0,378,81,41,0,0,0,500,0
h00,4915224663294039873,p3,0,0,500,0,0,37,463,0,328,117,55,0,0,0,500,0
h00,4922505198070280850,p1,0,0,500,0,7,248,245,0,375,58,67,0,0,0,500,0
h00,4922505198070280850,p2,0,0,500,0,0,92,408,0,331,134,35,0,0,0,500,0
h00,4922505198070280850,p3,0,0,500,0,0,30,470,0,346,98,56,0,0,0,500,0
h00,4933412016100677327,p1,0,0,500,0,6,253,241,0,362,85,53,0,0,0,500,0
h00,4933412016100677327,p2,0,0,500,0,0,76,424,0,299,154,47,0,0,0,500,0
h00,4933412016100677327,p3,0,0,500,0,0,44,456,0,339,127,34,0,0,0,500,0
h00,4942833993149056767,p1,0,0,500,0,11,263,226,0,360,75,65,0,0,0,500,0
h00,4942833993149056767,p2,0,0,500,0,0,80,420,0,362,71,67,0,0,0,500,0
h00,4942833993149056767,p3,0,0,500,0,0,34,466,0,374,60,66,0,0,0,500,0
h00,4945630087682338825,p1,0,0,500,0,16,232,252,0,362,74,64,0,0,0,500,0
h00,4945630087682338825,p2,0,0,500,0,0,50,450,0,331,109,60,0,0,0,500,0
h00,4945630087682338825,p3,0,0,500,0,0,28,472,0,375,88,37,0,0,0,500,0
h00,495239681966857437,p1,0,0,500,0,23,231,246,0,369,72,59,0,0,0,500,0
h00,495239681966857437,p2,0,0,500,0,0,69,431,0,375,89,36,0,0,0,500,0
h00,495239681966857437,p3,0,0,500,0,0,31,469,0,311,144,45,0,0,0,500,0
h00,4957936069046283899,p1,0,0,500,0,13,246,241,0,373,69,58,0,0,0,500,0
h00,4957936069046283899,p2,0,0,500,0,0,92,408,0,358,95,47,0,0,0,500,0
h00,4957936069046283899,p3,0,0,500,0,0,63,437,0,372,83,45,0,0,0,500,0
h00,4960850976546984861,p1,0,0,500,0,7,258,235,0,390,63,47,0,0,0,500,0
h00,4960850976546984861,p2,0,0,500,0,0,80,420,0,379,79,42,0,0,0,500,0
h00,4960850976546984861,p3,0,0,500,0,0,34,466,0,337,65,98,0,0,0,500,0
h00,4999843418850662325,p1,0,0,500,0,24,238,238,0,384,56,60,0,0,0,500,0
h00,4999843418850662325,p2,0,0,500,0,0,87,413,0,338,126,36,0,0,0,500,0
h00,4999843418850662325,p3,0,0,500,0,0,49,451,0,378,78,44,0,0,0,500,0
h00,500865030532099991,p1,0,2,498,0,15,270,215,0,356,87,57,0,0,0,500,0
h00,500865030532099991,p2,0,0,500,0,0,101,399,0,323,141,36,0,0,0,500,0
h00,500865030532099991,p3,0,0,500,0,0,57,443,0,300,172,28,0,0,0,500,0
h00,5008997459668920199,p1,0,0,500,0,17,256,227,0,371,66,63,0,0,0,500,0
h00,5008997459668920199,p2,0,0,500,0,0,78,422,0,370,80,50,0,0,0,500,0
h00,5008997459668920199,p3,0,0,500,0,0,40,460,0,357,104,39,0,0,0,500,0
h00,5013579648388910214,p1,0,0,500,0,16,260,224,0,372,75,53,0,0,0,500,0
h00,5013579648388910214,p2,0,0,500,0,0,79,421,0,367,91,42,0,0,0,500,0
h00,5013579648388910214,p3,0,0,500,0,0,32,468,0,348,112,40,0,0,0,500,0
h00,5023086294497998696,p1,0,0,500,0,11,235,254,0,362,68,70,0,0,0,500,0
h00,5023086294497998696,p2,0,0,500,0,0,65,435,0,382,73,45,0,0,0,500,0
h00,5023086294497998696,p3,0,0,500,0,0,42,458,0,307,157,36,0,0,0,500,0
h00,5099936664436716099,p1,0,0,500,0,17,213,270,0,363,74,63,0,0,0,500,0
h00,5099936664436716099,p2,0,0,500,0,1,81,418,0,372,81,47,0,0,0,500,0
h00,5099936664436716099,p3,0,0,500,0,0,41,459,0,285,118,97,0,0,0,500,0
h00,510538756595451643,p1,0,2,498,0,12,265,223,0,364,73,63,0,0,0,500,0
h00,510538756595451643,p2,0,0,500,0,0,92,408,0,348,101,51,0,0,0,500,0
h00,510538756595451643,p3,0,0,500,0,0,49,451,0,350,117,33,0,0,0,500,0
h00,5113713841006917347,p1,0,0,500,0,17,264,219,0,367,71,62,0,0,0,500,0
h00,5113713841006917347,p2,0,0,500,0,0,101,399,0,361,71,68,0,0,0,500,0
h00,5113713841006917347,p3,0,0,500,0,0,69,431,0,347,68,85,0,0,0,500,0
h00,5121017319441665793,p1,0,0,500,0,15,240,245,0,377,73,50,0,0,0,500,0
h00,5121017319441665793,p2,0,0,500,0,0,54,446,0,287,161,52,0,0,0,500,0
h00,5121017319441665793,p3,0,0,500,0,0,35,465,0,373,71,56,0,0,0,500,0
h00,5125311003961098146,p1,0,0,500,0,17,247,236,0,357,72,71,0,0,0,500,0
h00,5125311003961098146,p2,0,0,500,0,0,58,442,0,333,100,67,0,0,0,500,0
h00,5125311003961098146,p3,0,0,500,0,0,37,463,0,344,102,54,0,0,0,500,0
h00,5130782248403526820,p1,0,0,500,0,12,224,264,0,377,59,64,0,0,0,500,0
h00,5130782248403526820,p2,0,0,500,0,0,97,403,0,366,95,39,0,0,0,500,0
h00,5130782248403526820,p3,0,0,500,0,0,50,450,0,367,105,28,0,0,0,500,0
h00,5131756339351306096,p1,0,0,500,0,15,251,234,0,390,58,52,0,0,0,500,0
h00,5131756339351306096,p2,0,0,500,0,0,88,412,0,363,88,49,0,0,0,500,0
h00,5131756339351306096,p3,0,0,500,0,0,44,456,0,398,66,36,0,0,0,500,0
h00,5142132378030356315,p1,0,0,500,0,16,218,266,0,374,65,61,0,0,0,500,0
h00,5142132378030356315,p2,0,0,500,0,0,57,443,0,367,86,47,0,0,0,500,0
h00,5142132378030356315,p3,0,0,500,0,0,34,466,0,360,97,43,0,0,0,500,0
h00,5175702763526995636,p1,0,1,499,0,19,247,234,0,371,67,62,0,0,0,500,0
h00,5175702763526995636,p2,0,0,500,0,0,123,377,0,312,133,55,0,0,0,500,0
h00,5175702763526995636,p3,0,0,500,0,0,54,446,0,264,196,40,0,0,0,500,0
h00,5191752431184455540,p1,0,0,500,0,14,247,239,0,389,69,42,0,0,0,500,0
h00,5191752431184455540,p2,0,0,500,0,0,108,392,0,378,80,42,0,0,0,500,0
h00,5191752431184455540,p3,0,0,500,0,0,64,436,0,339,137,24,0,0,0,500,0
h00,525394873325788045,p1,0,1,499,0,11,210,279,0,382,65,53,0,0,0,500,0
h00,525394873325788045,p2,0,0,500,0,0,80,420,0,351,114,35,0,0,0,500,0
h00,525394873325788045,p3,0,0,500,0,0,38,462,0,328,129,43,0,0,0,500,0
h00,5269918019840730076,p1,0,0,500,0,15,275,210,0,349,100,51,0,0,0,500,0
h00,5269918019840730076,p2,0,0,500,0,0,120,380,0,349,106,45,0,0,0,500,0
h00,5269918019840730076,p3,0,0,500,0,0,63,437,0,287,168,45,0,0,0,500,0
h00,5272992846921558164,p1,0,0,500,0,11,229,260,0,395,29,76,0,0,0,500,0
h00,5272992846921558164,p2,0,0,500,0,0,67,433,0,304,33,163,0,0,0,500,0
h00,5272992846921558164,p3,0,0,500,0,0,35,465,0,314,26,160,0,0,0,500,0
h00,5282344227444082682,p1,0,1,499,0,18,229,253,0,374,65,61,0,0,0,500,0
h00,5282344227444082682,p2,0,0,500,0,0,87,413,0,350,102,48,0,0,0,500,0
h00,5282344227444082682,p3,0,0,500,0,0,43,457,0,357,114,29,0,0,0,500,0
h00,5288204790441862211,p1,0,1,499,0,13,248,239,0,383,73,44,0,0,0,500,0
h00,5288204790441862211,p2,0,0,500,0,0,90,410,0,358,101,41,0,0,0,500,0
h00,5288204790441862211,p3,0,0,500,0,0,56,444,0,329,131,40,0,0,0,500,0
h00,5294029148979271320,p1,0,1,499,0,22,245,233,0,381,61,58,0,0,0,500,0
h00,5294029148979271320,p2,0,0,500,0,2,65,433,0,355,104,41,0,0,0,500,0
h00,5294029148979271320,p3,0,0,500,0,0,46,454,0,325,149,26,0,0,0,500,0
h00,5309441674361370314,p1,0,0,500,0,14,215,271,0,381,64,55,0,0,0,500,0
h00,5309441674361370314,p2,0,0,500,0,0,55,445,0,362,90,48,0,0,0,500,0
h00,5309441674361370314,p3,0,0,500,0,0,48,452,0,369,91,40,0,0,0,500,0
h00,5323552524682102454,p1,0,2,498,0,17,273,210,0,374,73,53,0,0,0,500,0
h00,5323552524682102454,p2,0,0,500,0,0,79,421,0,377,84,39,0,0,0,500,0
h00,5323552524682102454,p3,0,0,500,0,0,44,456,0,380,82,38,0,0,0,500,0
h00,534682968402810412,p1,0,0,500,0,11,243,246,0,373,72,55,0,0,0,500,0
h00,534682968402810412,p2,0,0,500,0,0,90,410,0,303,167,30,0,0,0,500,0
h00,534682968402810412,p3,0,0,500,0,0,56,444,0,345,106,49,0,0,0,500,0
h00,5363488049418491823,p1,0,0,500,0,9,259,232,0,370,73,57,0,0,0,500,0
h00,5363488049418491823,p2,0,0,500,0,0,61,439,0,389,56,55,0,0,0,500,0
h00,5363488049418491823,p3,0,0,500,0,0,39,461,0,378,82,40,0,0,0,500,0
h00,5364969804020168958,p1,0,1,499,0,18,270,212,0,362,78,60,0,0,0,500,0
h00,5364969804020168958,p2,0,0,500,0,0,133,367,0,389,78,33,0,0,0,500,0
h00,5364969804020168958,p3,0,0,500,0,0,76,424,0,336,136,28,0,0,0,500,0
h00,5380802345488473922,p1,0,0,500,0,11,232,257,0,354,79,67,0,0,0,500,0
h00,5380802345488473922,p2,0,0,500,0,0,65,435,0,365,88,47,0,0,0,500,0
h00,5380802345488473922,p3,0,0,500,0,0,34,466,0,383,68,49,0,0,0,500,0
h00,5387207891766409458,p1,0,1,499,0,20,212,268,0,359,86,55,0,0,0,500,0
h00,5387207891766409458,p2,0,0,500,0,0,79,421,0,335,130,35,0,0,0,500,0
h00,5387207891766409458,p3,0,0,500,0,0,46,454,0,315,154,31,0,0,0,500,0
h00,540664547929555737,p1,0,0,500,0,16,259,225,0,352,81,67,0,0,0,500,0
h00,540664547929555737,p2,0,0,500,0,0,93,407,0,370,92,38,0,0,0,500,0
h00,540664547929555737,p3,0,0,500,0,0,44,456,0,359,97,44,0,0,0,500,0
h00,5412404492194880799,p1,0,0,500,0,12,219,269,0,369,73,58,0,0,0,500,0
h00,5412404492194880799,p2,0,0,500,0,0,59,441,0,376,85,39,0,0,0,500,0
h00,5412404492194880799,p3,0,0,500,0,0,33,467,0,371,88,41,0,0,0,500,0
h00,5494243895140297771,p1,0,1,499,0,26,265,209,0,363,71,66,0,0,0,500,0
h00,5494243895140297771,p2,0,0,500,0,0,103,397,0,388,76,36,0,0,0,500,0
h00,5494243895140297771,p3,0,0,500,0,0,80,420,0,366,96,38,0,0,0,500,0
h00,5504366416798345637,p1,0,0,500,0,16,251,233,0,372,51,77,0,0,0,500,0
h00,5504366416798345637,p2,0,0,500,0,0,98,402,0,312,119,69,0,0,0,500,0
h00,5504366416798345637,p3,0,0,500,0,0,53,447,0,231,156,113,0,0,0,500,0
h00,5530463527378831952,p1,0,0,500,0,17,255,228,0,370,78,52,0,0,0,500,0
h00,5530463527378831952,p2,0,0,500,0,0,90,410,0,394,68,38,0,0,0,500,0
h00,5530463527378831952,p3,0,0,500,0,0,49,451,0,395,79,26,0,0,0,500,0
h00,5555576242711617050,p1,0,1,499,0,22,229,249,0,375,68,57,0,0,0,500,0
h00,5555576242711617050,p2,0,0,500,0,0,109,391,0,391,50,59,0,0,0,500,0
h00,5555576242711617050,p3,0,0,500,0,0,30,470,0,344,96,60,0,0,0,500,0
h00,5575988644636347335,p1,0,0,500,0,10,240,250,0,386,61,53,0,0,0,500,0
h00,5575988644636347335,p2,0,0,500,0,0,51,449,0,340,115,45,0,0,0,500,0
h00,5575988644636347335,p3,0,0,500,0,0,52,448,0,357,101,42,0,0,0,500,0
h00,5577896734766994341,p1,0,0,500,0,10,245,245,0,374,64,62,0,0,0,500,0
h00,5577896734766994341,p2,0,0,500,0,0,63,437,0,351,119,30,0,0,0,500,0
h00,5577896734766994341,p3,0,0,500,0,0,38,462,0,363,104,33,0,0,0,500,0
h00,5589931410833221459,p1,0,0,500,0,19,238,243,0,360,80,60,0,0,0,500,0
h00,5589931410833221459,p2,0,0,500,0,0,108,392,0,365,97,38,0,0,0,500,0
h00,5589931410833221459,p3,0,0,500,0,0,29,471,0,313,148,39,0,0,0,500,0
h00,5598360236744566589,p1,0,1,499,0,18,290,192,0,378,72,50,0,0,0,500,0
h00,5598360236744566589,p2,0,0,500,0,0,109,391,0,383,90,27,0,0,0,500,0
h00,5598360236744566589,p3,0,0,500,0,0,69,431,0,376,102,22,0,0,0,500,0
h00,564114765938807808,p1,0,0,500,0,12,224,264,0,374,64,62,0,0,0,500,0
h00,564114765938807808,p2,0,0,500,0,0,84,416,0,361,103,36,0,0,0,500,0
h00,564114765938807808,p3,0,0,500,0,0,38,462,0,369,82,49,0,0,0,500,0
h00,566651619964385672,p1,0,1,499,0,9,306,185,0,375,71,54,0,0,0,500,0
h00,566651619964385672,p2,0,0,500,0,0,121,379,0,361,107,32,0,0,0,500,0
h00,566651619964385672,p3,0,0,500,0,0,72,428,0,361,101,38,0,0,0,500,0
h00,5677124165915266368,p1,0,1,499,0,15,268,217,0,376,70,54,0,0,0,500,0
h00,5677124165915266368,p2,0,0,500,0,0,86,414,0,331,120,49,0,0,0,500,0
h00,5677124165915266368,p3,0,0,500,0,0,34,466,0,363,93,44,0,0,0,500,0
h00,5684708423175688045,p1,0,0,500,0,12,241,247,0,391,62,47,0,0,0,500,0
h00,5684708423175688045,p2,0,0,500,0,0,77,423,0,386,74,40,0,0,0,500,0
h00,5684708423175688045,p3,0,0,500,0,0,37,463,0,366,94,40,0,0,0,500,0
h00,5695937518333762421,p1,0,1,499,0,21,258,221,0,390,44,66,0,0,0,500,0
h00,5695937518333762421,p2,0,0,500,0,0,109,391,0,382,44,74,0,0,0,500,0
h00,5695937518333762421,p3,0,0,500,0,0,59,441,0,314,118,68,0,0,0,500,0
h00,5735050356341273087,p1,0,0,500,0,10,252,238,0,355,76,69,0,0,0,500,0
h00,5735050356341273087,p2,0,0,500,0,0,70,430,0,348,108,44,0,0,0,500,0
h00,5735050356341273087,p3,0,0,500,0,0,37,463,0,380,78,42,0,0,0,500,0
h00,5743287625190340845,p1,0,0,500,0,20,254,226,0,380,66,54,0,0,0,500,0
h00,5743287625190340845,p2,0,0,500,0,0,85,415,0,388,79,33,0,0,0,500,0
h00,5743287625190340845,p3,0,0,500,0,0,46,454,0,376,90,34,0,0,0,500,0
h00,5751491243944354970,p1,0,0,500,0,19,238,243,0,359,89,52,0,0,0,500,0
h00,5751491243944354970,p2,0,0,500,0,0,90,410,0,368,96,36,0,0,0,500,0
h00,5751491243944354970,p3,0,0,500,0,0,44,456,0,398,77,25,0,0,0,500,0
h00,582610902720345849,p1,0,0,500,0,12,264,224,0,356,76,68,0,0,0,500,0
h00,582610902720345849,p2,0,0,500,0,0,128,372,0,389,65,46,0,0,0,500,0
h00,582610902720345849,p3,0,0,500,0,0,48,452,0,360,94,46,0,0,0,500,0
h00,5877867198804483213,p1,0,0,500,0,21,263,216,0,371,83,46,0,0,0,500,0
h00,5877867198804483213,p2,0,0,500,0,0,100,400,0,299,163,38,0,0,0,500,0
h00,5877867198804483213,p3,0,0,500,0,0,51,449,0,358,104,38,0,0,0,500,0
h00,5896384398177591093,p1,0,2,498,0,14,290,196,0,354,91,55,0,0,0,500,0
h00,5896384398177591093,p2,0,0,500,0,0,126,374,0,362,107,31,0,0,0,500,0
h00,5896384398177591093,p3,0,0,500,0,0,75,425,0,379,94,27,0,0,0,500,0
h00,5923778632858078141,p1,0,0,500,0,19,231,250,0,384,61,55,0,0,0,500,0
h00,5923778632858078141,p2,0,0,500,0,0,53,447,0,373,86,41,0,0,0,500,0
h00,5923778632858078141,p3,0,0,500,0,0,35,465,0,380,102,18,0,0,0,500,0
h00,592565897307866256,p1,0,1,499,0,11,211,278,0,359,84,57,0,0,0,500,0
h00,592565897307866256,p2,0,0,500,0,0,80,420,0,343,106,51,0,0,0,500,0
h00,592565897307866256,p3,0,0,500,0,0,27,473,0,349,116,35,0,0,0,500,0
h00,5966097897883737573,p1,0,0,500,0,17,235,248,0,377,66,57,0,0,0,500,0
h00,5966097897883737573,p2,0,0,500,0,0,74,426,0,372,85,43,0,0,0,500,0
h00,5966097897883737573,p3,0,0,500,0,0,58,442,0,322,146,32,0,0,0,500,0
h00,5967626245496002603,p1,0,1,499,0,13,264,223,0,355,91,54,0,0,0,500,0
h00,5967626245496002603,p2,0,0,500,0,0,87,413,0,361,66,73,0,0,0,500,0
h00,5967626245496002603,p3,0,0,500,0,0,60,440,0,333,131,36,0,0,0,500,0
h00,5986974206251402170,p1,0,1,499,0,11,236,253,0,370,74,56,0,0,0,500,0
h00,5986974206251402170,p2,0,0,500,0,0,85,415,0,364,106,30,0,0,0,500,0
h00,5986974206251402170,p3,0,0,500,0,0,39,461,0,341,116,43,0,0,0,500,0
h00,5987750805416027596,p1,0,0,500,0,11,222,267,0,384,64,52,0,0,0,500,0
h00,5987750805416027596,p2,0,0,500,0,0,56,444,0,384,63,53,0,0,0,500,0
h00,5987750805416027596,p3,0,0,500,0,0,34,466,0,322,143,35,0,0,0,500,0
h00,5999603022608345824,p1,0,1,499,0,12,224,264,0,377,74,49,0,0,0,500,0
h00,5999603022608345824,p2,0,0,500,0,0,101,399,0,366,94,40,0,0,0,500,0
h00,5999603022608345824,p3,0,0,500,0,0,59,441,0,378,82,40,0,0,0,500,0
h00,6021051998319135647,p1,0,0,500,0,15,214,271,0,380,59,61,0,0,0,500,0
h00,6021051998319135647,p2,0,0,500,0,0,57,443,0,369,56,75,0,0,0,500,0
h00,6021051998319135647,p3,0,0,500,0,0,39,461,0,346,99,55,0,0,0,500,0
h00,6057075743393249859,p1,0,0,500,0,14,263,223,0,363,73,64,0,0,0,500,0
h00,6057075743393249859,p2,0,0,500,0,0,64,436,0,346,102,52,0,0,0,500,0
h00,6057075743393249859,p3,0,0,500,0,0,46,454,0,362,95,43,0,0,0,500,0
h00,6058931797855114365,p1,0,0,500,0,13,252,235,0,372,58,70,0,0,0,500,0
h00,6058931797855114365,p2,0,0,500,0,0,81,419,0,357,88,55,0,0,0,500,0
h00,6058931797855114365,p3,0,0,500,0,0,48,452,0,373,71,56,0,0,0,500,0
h00,6076716814428451044,p1,0,0,500,0,12,224,264,0,369,69,62,0,0,0,500,0
h00,6076716814428451044,p2,0,0,500,0,1,50,449,0,332,119,49,0,0,0,500,0
h00,6076716814428451044,p3,0,0,500,0,0,19,481,0,375,80,45,0,0,0,500,0
h00,6091988916623446105,p1,0,0,500,0,21,235,244,0,374,79,47,0,0,0,500,0
h00,6091988916623446105,p2,0,0,500,0,0,100,400,0,338,123,39,0,0,0,500,0
h00,6091988916623446105,p3,0,0,500,0,0,70,430,0,368,89,43,0,0,0,500,0
h00,6096569785520920641,p1,0,1,499,0,13,298,189,0,378,78,44,0,0,0,500,0
h00,6096569785520920641,p2,0,1,499,0,0,131,369,0,380,95,25,0,0,0,500,0
h00,6096569785520920641,p3,0,0,500,0,0,90,410,0,380,94,26,0,0,0,500,0
h00,6102556247954396050,p1,0,0,500,0,13,236,251,0,390,53,57,0,0,0,500,0
h00,6102556247954396050,p2,0,0,500,0,0,98,402,0,354,106,40,0,0,0,500,0
h00,6102556247954396050,p3,0,0,500,0,0,42,458,0,356,100,44,0,0,0,500,0
h00,6142107552244125784,p1,0,2,498,0,11,262,227,0,374,71,55,0,0,0,500,0
h00,6142107552244125784,p2,0,0,500,0,0,84,416,0,333,114,53,0,0,0,500,0
h00,6142107552244125784,p3,0,0,500,0,0,72,428,0,363,98,39,0,0,0,500,0
h00,6142901293428679179,p1,0,0,500,0,10,254,236,0,381,67,52,0,0,0,500,0
h00,6142901293428679179,p2,0,0,500,0,0,79,421,0,370,89,41,0,0,0,500,0
h00,6142901293428679179,p3,0,0,500,0,0,48,452,0,355,105,40,0,0,0,500,0
h00,6149702160903447389,p1,0,0,500,0,14,253,233,0,362,75,63,0,0,0,500,0
h00,6149702160903447389,p2,0,0,500,0,0,121,379,0,352,103,45,0,0,0,500,0
h00,6149702160903447389,p3,0,0,500,0,0,63,437,0,329,110,61,0,0,0,500,0
h00,6153988684505601336,p1,0,0,500,0,17,231,252,0,371,61,68,0,0,0,500,0
h00,6153988684505601336,p2,0,0,500,0,0,99,401,0,374,86,40,0,0,0,500,0
h00,6153988684505601336,p3,0,0,500,0,0,43,457,0,389,78,33,0,0,0,500,0
h00,6182275259578982702,p1,0,0,500,0,20,242,238,0,383,68,49,0,0,0,500,0
h00,6182275259578982702,p2,0,0,500,0,0,66,434,0,368,95,37,0,0,0,500,0
h00,6182275259578982702,p3,0,0,500,0,0,48,452,0,386,80,34,0,0,0,500,0
h00,6187119608957122884,p1,0,0,500,0,14,235,251,0,361,85,54,0,0,0,500,0
h00,6187119608957122884,p2,0,0,500,0,0,59,441,0,369,89,42,0,0,0,500,0
h00,6187119608957122884,p3,0,0,500,0,0,38,462,0,288,175,37,0,0,0,500,0
h00,6216102812433735615,p1,0,0,500,0,10,234,256,0,382,69,49,0,0,0,500,0
h00,6216102812433735615,p2,0,0,500,0,0,74,426,0,352,105,43,0,0,0,500,0
h00,6216102812433735615,p3,0,0,500,0,0,51,449,0,353,108,39,0,0,0,500,0
h00,6245060847863644573,p1,0,0,500,0,20,252,228,0,381,48,71,0,0,0,500,0
h00,6245060847863644573,p2,0,0,500,0,0,102,398,0,323,39,138,0,0,0,500,0
h00,6245060847863644573,p3,0,0,500,0,0,71,429,0,371,53,76,0,0,0,500,0
h00,6248453267288648286,p1,0,1,499,0,16,273,211,0,368,70,62,0,0,0,500,0
h00,6248453267288648286,p2,0,0,500,0,0,72,428,0,364,87,49,0,0,0,500,0
h00,6248453267288648286,p3,0,0,500,0,0,52,448,0,354,120,26,0,0,0,500,0
h00,6268286312611743201,p1,0,0,500,0,15,254,231,0,380,58,62,0,0,0,500,0
h00,6268286312611743201,p2,0,0,500,0,0,96,404,0,372,81,47,0,0,0,500,0
h00,6268286312611743201,p3,0,0,500,0,0,78,422,0,353,116,31,0,0,0,500,0
h00,6279418848049494834,p1,0,0,500,0,19,288,193,0,353,86,61,0,0,0,500,0
h00,6279418848049494834,p2,0,0,500,0,0,97,403,0,349,123,28,0,0,0,500,0
h00,6279418848049494834,p3,0,0,500,0,0,56,444,0,310,152,38,0,0,0,500,0
h00,6279972912461099210,p1,0,0,500,0,17,256,227,0,368,59,73,0,0,0,500,0
h00,6279972912461099210,p2,0,0,500,0,0,70,430,0,350,101,49,0,0,0,500,0
h00,6279972912461099210,p3,0,0,500,0,0,45,455,0,394,78,28,0,0,0,500,0
h00,6294659728424314545,p1,0,1,499,0,20,281,199,0,352,90,58,0,0,0,500,0
h00,6294659728424314545,p2,0,0,500,0,0,127,373,0,366,87,47,0,0,0,500,0
h00,6294659728424314545,p3,0,0,500,0,0,62,438,0,321,102,77,0,0,0,500,0
h00,6298264654517554389,p1,0,4,496,0,14,273,213,0,379,57,64,0,0,0,500,0
h00,6298264654517554389,p2,0,0,500,0,0,95,405,0,354,74,72,0,0,0,500,0
h00,6298264654517554389,p3,0,0,500,0,0,54,446,0,362,78,60,0,0,0,500,0
h00,6316607662922444508,p1,0,2,498,0,24,262,214,0,375,68,57,0,0,0,500,0
h00,6316607662922444508,p2,0,0,500,0,0,100,400,0,362,97,41,0,0,0,500,0
h00,6316607662922444508,p3,0,0,500,0,0,75,425,0,321,143,36,0,0,0,500,0
h00,631848876776257220,p1,0,0,500,0,16,226,258,0,353,78,69,0,0,0,500,0
h00,631848876776257220,p2,0,0,500,0,0,79,421,0,379,72,49,0,0,0,500,0
h00,631848876776257220,p3,0,0,500,0,0,46,454,0,383,73,44,0,0,0,500,0
h00,6321062789491697069,p1,0,4,496,0,22,255,223,0,367,74,59,0,0,0,500,0
h00,6321062789491697069,p2,0,0,500,0,0,142,358,0,360,96,44,0,0,0,500,0
h00,6321062789491697069,p3,0,0,500,0,0,93,407,0,353,117,30,0,0,0,500,0
h00,6330842358142281215,p1,0,0,500,0,15,291,194,0,386,74,40,0,0,0,500,0
h00,6330842358142281215,p2,0,0,500,0,0,121,379,0,326,129,45,0,0,0,500,0
h00,6330842358142281215,p3,0,0,500,0,0,84,416,0,368,100,32,0,0,0,500,0
h00,6365740906042809987,p1,0,1,499,0,10,250,240,0,362,83,55,0,0,0,500,0
h00,6365740906042809987,p2,0,0,500,0,0,70,430,0,385,79,36,0,0,0,500,0
h00,6365740906042809987,p3,0,0,500,0,0,66,434,0,319,145,36,0,0,0,500,0
h00,6369446958740231179,p1,0,0,500,0,13,256,231,0,360,82,58,0,0,0,500,0
h00,6369446958740231179,p2,0,0,500,0,0,68,432,0,317,143,40,0,0,0,500,0
h00,6369446958740231179,p3,0,0,500,0,0,47,453,0,305,158,37,0,0,0,500,0
h00,6388046067934644878,p1,0,1,499,0,17,232,251,0,403,50,47,0,0,0,500,0
h00,6388046067934644878,p2,0,0,500,0,0,70,430,0,372,84,44,0,0,0,500,0
h00,6388046067934644878,p3,0,0,500,0,0,37,463,0,285,162,53,0,0,0,500,0
h00,6390219985221663186,p1,0,0,500,0,20,238,242,0,347,97,56,0,0,0,500,0
h00,6390219985221663186,p2,0,0,500,0,0,75,425,0,333,115,52,0,0,0,500,0
h00,6390219985221663186,p3,0,0,500,0,0,47,453,0,349,115,36,0,0,0,500,0
h00,6401605579492917020,p1,0,0,500,0,16,276,208,0,371,64,65,0,0,0,500,0
h00,6401605579492917020,p2,0,0,500,0,0,102,398,0,375,71,54,0,0,0,500,0
h00,6401605579492917020,p3,0,0,500,0,0,49,451,0,349,96,55,0,0,0,500,0
h00,641636437544024340,p1,0,0,500,0,11,282,207,0,383,68,49,0,0,0,500,0
h00,641636437544024340,p2,0,0,500,0,0,128,372,0,373,95,32,0,0,0,500,0
h00,641636437544024340,p3,0,0,500,0,0,70,430,0,379,90,31,0,0,0,500,0
h00,643982821711063766,p1,0,0,500,0,13,244,243,0,373,75,52,0,0,0,500,0
h00,643982821711063766,p2,0,0,500,0,0,98,402,0,369,86,45,0,0,0,500,0
h00,643982821711063766,p3,0,0,500,0,0,31,469,0,342,104,54,0,0,0,500,0
h00,647443937031552221,p1,0,0,500,0,8,234,258,0,365,87,48,0,0,0,500,0
h00,647443937031552221,p2,0,0,500,0,0,58,442,0,392,66,42,0,0,0,500,0
h00,647443937031552221,p3,0,0,500,0,0,22,478,0,322,118,60,0,0,0,500,0
h00,6503596935745530043,p1,0,1,499,0,15,249,236,0,384,60,56,0,0,0,500,0
h00,6503596935745530043,p2,0,0,500,0,0,89,411,0,309,145,46,0,0,0,500,0
h00,6503596935745530043,p3,0,0,500,0,0,38,462,0,326,131,43,0,0,0,500,0
h00,6506553296870930074,p1,0,0,500,0,23,228,249,0,370,45,85,0,0,0,500,0
h00,6506553296870930074,p2,0,0,500,0,0,54,446,0,360,59,81,0,0,0,500,0
h00,6506553296870930074,p3,0,0,500,0,0,50,450,0,378,46,76,0,0,0,500,0
h00,6507577593214617596,p1,0,0,500,0,15,252,233,0,379,64,57,0,0,0,500,0
h00,6507577593214617596,p2,0,0,500,0,0,79,421,0,370,92,38,0,0,0,500,0
h00,6507577593214617596,p3,0,0,500,0,0,43,457,0,323,134,43,0,0,0,500,0
h00,6507597390382727529,p1,0,0,500,0,13,250,237,0,393,60,47,0,0,0,500,0
h00,6507597390382727529,p2,0,0,500,0,0,85,415,0,310,150,40,0,0,0,500,0
h00,6507597390382727529,p3,0,0,500,0,0,44,456,0,368,90,42,0,0,0,500,0
h00,6519849540173404995,p1,0,0,500,0,14,218,268,0,338,99,63,0,0,0,500,0
h00,6519849540173404995,p2,0,0,500,0,0,102,398,0,363,91,46,0,0,0,500,0
h00,6519849540173404995,p3,0,0,500,0,0,28,472,0,342,109,49,0,0,0,500,0
h00,6533009675320697226,p1,0,0,500,0,16,205,279,0,371,68,61,0,0,0,500,0
h00,6533009675320697226,p2,0,0,500,0,0,57,443,0,384,70,46,0,0,0,500,0
h00,6533009675320697226,p3,0,0,500,0,0,28,472,0,336,118,46,0,0,0,500,0
h00,6545518064646104054,p1,0,0,500,0,18,213,269,0,362,77,61,0,0,0,500,0
h00,6545518064646104054,p2,0,0,500,0,0,57,443,0,386,68,46,0,0,0,500,0
h00,6545518064646104054,p3,0,0,500,0,0,28,472,0,328,121,51,0,0,0,500,0
h00,6549234978829928161,p1,0,0,500,0,18,270,212,0,365,86,49,0,0,0,500,0
h00,6549234978829928161,p2,0,0,500,0,0,92,408,0,357,116,27,0,0,0,500,0
h00,6549234978829928161,p3,0,0,500,0,0,49,451,0,382,84,34,0,0,0,500,0
h00,65804915343391885,p1,0,0,500,0,15,245,240,0,374,73,53,0,0,0,500,0
h00,65804915343391885,p2,0,0,500,0,0,90,410,0,344,137,19,0,0,0,500,0
h00,65804915343391885,p3,0,0,500,0,0,43,457,0,373,97,30,0,0,0,500,0
h00,6602777850808966930,p1,0,0,500,0,15,251,234,0,376,72,52,0,0,0,500,0
h00,6602777850808966930,p2,0,0,500,0,0,91,409,0,330,129,41,0,0,0,500,0
h00,6602777850808966930,p3,0,0,500,0,0,35,465,0,366,94,40,0,0,0,500,0
h00,6614165815480497416,p1,0,0,500,0,19,220,261,0,375,37,88,0,0,0,500,0
h00,6614165815480497416,p2,0,0,500,0,0,58,442,0,385,36,79,0,0,0,500,0
h00,6614165815480497416,p3,0,0,500,0,0,23,477,0,300,65,135,0,0,0,500,0
h00,6641123762054388865,p1,0,0,500,0,8,260,232,0,365,74,61,0,0,0,500,0
h00,6641123762054388865,p2,0,0,500,0,0,98,402,0,355,101,44,0,0,0,500,0
h00,6641123762054388865,p3,0,0,500,0,0,53,447,0,327,124,49,0,0,0,500,0
h00,6644732085938357553,p1,0,0,500,0,8,208,284,0,362,82,56,0,0,0,500,0
h00,6644732085938357553,p2,0,0,500,0,0,42,458,0,349,111,40,0,0,0,500,0
h00,6644732085938357553,p3,0,0,500,0,0,26,474,0,325,118,57,0,0,0,500,0
h00,6709291199667742986,p1,0,1,499,0,11,248,241,0,378,70,52,0,0,0,500,0
h00,6709291199667742986,p2,0,0,500,0,0,110,390,0,327,141,32,0,0,0,500,0
h00,6709291199667742986,p3,0,0,500,0,0,66,434,0,356,98,46,0,0,0,500,0
h00,6709723214742769548,p1,0,1,499,0,10,224,266,0,337,71,92,0,0,0,500,0
h00,6709723214742769548,p2,0,0,500,0,0,90,410,0,358,73,69,0,0,0,500,0
h00,6709723214742769548,p3,0,0,500,0,0,23,477,0,343,104,53,0,0,0,500,0
h00,6724469538051210294,p1,0,0,500,0,15,238,247,0,375,66,59,0,0,0,500,0
h00,6724469538051210294,p2,0,0,500,0,0,88,412,0,377,93,30,0,0,0,500,0
h00,6724469538051210294,p3,0,0,500,0,0,43,457,0,360,77,63,0,0,0,500,0
h00,6733800802724055226,p1,0,0,500,0,18,276,206,0,366,83,51,0,0,0,500,0
h00,6733800802724055226,p2,0,0,500,0,0,109,391,0,330,140,30,0,0,0,500,0
h00,6733800802724055226,p3,0,0,500,0,0,72,428,0,384,78,38,0,0,0,500,0
h00,6750357892348545913,p1,0,4,496,0,17,262,221,0,385,69,46,0,0,0,500,0
h00,6750357892348545913,p2,0,1,499,0,0,117,383,0,356,100,44,0,0,0,500,0
h00,6750357892348545913,p3,0,0,500,0,0,73,427,0,354,113,33,0,0,0,500,0
h00,6754384401860353323,p1,0,1,499,0,13,251,236,0,383,58,59,0,0,0,500,0
h00,6754384401860353323,p2,0,0,500,0,0,91,409,0,360,94,46,0,0,0,500,0
h00,6754384401860353323,p3,0,0,500,0,0,47,453,0,344,129,27,0,0,0,500,0
h00,6766964616649572140,p1,0,0,500,0,11,248,241,0,381,59,60,0,0,0,500,0
h00,6766964616649572140,p2,0,0,500,0,0,94,406,0,334,119,47,0,0,0,500,0
h00,6766964616649572140,p3,0,0,500,0,0,40,460,0,370,89,41,0,0,0,500,0
h00,6834843990915817588,p1,0,4,496,0,18,242,240,0,379,52,69,0,0,0,500,0
h00,6834843990915817588,p2,0,0,500,0,0,109,391,0,366,65,69,0,0,0,500,0
h00,6834843990915817588,p3,0,0,500,0,0,37,463,0,352,69,79,0,0,0,500,0
h00,6862383775158143891,p1,0,0,500,0,15,236,249,0,377,73,50,0,0,0,500,0
h00,6862383775158143891,p2,0,0,500,0,0,82,418,0,382,80,38,0,0,0,500,0
h00,6862383775158143891,p3,0,0,500,0,0,66,434,0,350,116,34,0,0,0,500,0
h00,6891911174446481591,p1,0,1,499,0,15,229,256,0,382,58,60,0,0,0,500,0
h00,6891911174446481591,p2,0,0,500,0,0,92,408,0,397,66,37,0,0,0,500,0
h00,6891911174446481591,p3,0,0,500,0,0,46,454,0,376,79,45,0,0,0,500,0
h00,6893047363033742713,p1,0,1,499,0,14,276,210,0,389,58,53,0,0,0,500,0
h00,6893047363033742713,p2,0,0,500,0,0,103,397,0,371,84,45,0,0,0,500,0
h00,6893047363033742713,p3,0,0,500,0,0,59,441,0,353,115,32,0,0,0,500,0
h00,6921980969079321895,p1,0,0,500,0,13,207,280,0,371,73,56,0,0,0,500,0
h00,6921980969079321895,p2,0,0,500,0,0,92,408,0,393,73,34,0,0,0,500,0
h00,6921980969079321895,p3,0,0,500,0,0,33,467,0,360,98,42,0,0,0,500,0
h00,692328224564536655,p1,0,0,500,0,10,286,204,0,369,76,55,0,0,0,500,0
h00,692328224564536655,p2,0,0,500,0,0,86,414,0,393,77,30,0,0,0,500,0
h00,692328224564536655,p3,0,0,500,0,0,44,456,0,331,135,34,0,0,0,500,0
h00,6971492208501631548,p1,0,0,500,0,14,243,243,0,376,66,58,0,0,0,500,0
h00,6971492208501631548,p2,0,0,500,0,0,77,423,0,355,115,30,0,0,0,500,0
h00,6971492208501631548,p3,0,0,500,0,0,38,462,0,382,84,34,0,0,0,500,0
h00,6972189440130738959,p1,0,0,500,0,14,217,269,0,393,57,50,0,0,0,500,0
h00,6972189440130738959,p2,0,0,500,0,0,89,411,0,337,121,42,0,0,0,500,0
h00,6972189440130738959,p3,0,0,500,0,0,44,456,0,326,143,31,0,0,0,500,0
h00,7012783120457334628,p1,0,0,500,0,16,249,235,0,372,67,61,0,0,0,500,0
h00,7012783120457334628,p2,0,0,500,0,0,97,403,0,371,98,31,0,0,0,500,0
h00,7012783120457334628,p3,0,0,500,0,0,38,462,0,350,112,38,0,0,0,500,0
h00,7012939089339419601,p1,0,0,500,0,16,282,202,0,360,78,62,0,0,0,500,0
h00,7012939089339419601,p2,0,0,500,0,0,74,426,0,329,127,44,0,0,0,500,0
h00,7012939089339419601,p3,0,0,500,0,0,32,468,0,331,125,44,0,0,0,500,0
h00,7028234984784962488,p1,0,0,500,0,14,285,201,0,357,83,60,0,0,0,500,0
h00,7028234984784962488,p2,0,0,500,0,0,106,394,0,333,123,44,0,0,0,500,0
h00,7028234984784962488,p3,0,0,500,0,0,51,449,0,396,85,19,0,0,0,500,0
h00,7056730645515222111,p1,0,1,499,0,10,258,232,0,370,76,54,0,0,0,500,0
h00,7056730645515222111,p2,0,0,500,0,0,82,418,0,378,84,38,0,0,0,500,0
h00,7056730645515222111,p3,0,0,500,0,0,61,439,0,386,79,35,0,0,0,500,0
h00,7070626102030733824,p1,0,0,500,0,12,225,263,0,366,62,72,0,0,0,500,0
h00,7070626102030733824,p2,0,0,500,0,0,90,410,0,368,81,51,0,0,0,500,0
h00,7070626102030733824,p3,0,0,500,0,0,38,462,0,376,83,41,0,0,0,500,0
h00,7084127401146040401,p1,0,0,500,0,21,260,219,0,376,65,59,0,0,0,500,0
h00,7084127401146040401,p2,0,0,500,0,0,95,405,0,335,85,80,0,0,0,500,0
h00,7084127401146040401,p3,0,0,500,0,0,57,443,0,341,44,115,0,0,0,500,0
h00,7086230366887684684,p1,0,0,500,0,13,247,240,0,370,81,49,0,0,0,500,0
h00,7086230366887684684,p2,0,0,500,0,0,89,411,0,349,110,41,0,0,0,500,0
h00,7086230366887684684,p3,0,0,500,0,0,27,473,0,358,94,48,0,0,0,500,0
h00,7088973757696078623,p1,0,1,499,0,22,250,228,0,375,68,57,0,0,0,500,0
h00,7088973757696078623,p2,0,0,500,0,0,88,412,0,343,119,38,0,0,0,500,0
h00,7088973757696078623,p3,0,0,500,0,0,60,440,0,364,110,26,0,0,0,500,0
h00,7091619324623027029,p1,0,3,497,0,11,308,181,0,365,73,62,0,0,0,500,0
h00,7091619324623027029,p2,0,0,500,0,0,117,383,0,339,125,36,0,0,0,500,0
h00,7091619324623027029,p3,0,0,500,0,0,64,436,0,371,95,34,0,0,0,500,0
h00,7137250607531919798,p1,0,0,500,0,23,245,232,0,374,70,56,0,0,0,500,0
h00,7137250607531919798,p2,0,1,499,0,1,97,402,0,360,95,45,0,0,0,500,0
h00,7137250607531919798,p3,0,0,500,0,0,61,439,0,344,121,35,0,0,0,500,0
h00,7157296070022791018,p1,0,1,499,0,19,264,217,0,358,78,64,0,0,0,500,0
h00,7157296070022791018,p2,0,0,500,0,1,88,411,0,353,112,35,0,0,0,500,0
h00,7157296070022791018,p3,0,0,500,0,0,46,454,0,351,115,34,0,0,0,500,0
h00,7163536301884147900,p1,0,1,499,0,10,246,244,0,386,67,47,0,0,0,500,0
h00,7163536301884147900,p2,0,0,500,0,0,81,419,0,373,78,49,0,0,0,500,0
h00,7163536301884147900,p3,0,0,500,0,0,36,464,0,282,168,50,0,0,0,500,0
h00,7187639259049034522,p1,0,1,499,0,10,236,254,0,371,72,57,0,0,0,500,0
h00,7187639259049034522,p2,0,0,500,0,0,67,433,0,386,74,40,0,0,0,500,0
h00,7187639259049034522,p3,0,0,500,0,0,42,458,0,397,57,46,0,0,0,500,0
h00,7207347963926256778,p1,0,0,500,0,13,264,223,0,380,63,57,0,0,0,500,0
h00,7207347963926256778,p2,0,0,500,0,0,89,411,0,329,139,32,0,0,0,500,0
h00,7207347963926256778,p3,0,0,500,0,0,54,446,0,333,128,39,0,0,0,500,0
h00,7253817427040050467,p1,0,1,499,0,10,295,195,0,381,61,58,0,0,0,500,0
h00,7253817427040050467,p2,1,0,499,0,1,77,422,0,360,95,45,0,0,1,499,0
h00,7253817427040050467,p3,0,0,500,0,0,56,444,0,340,112,48,0,0,0,500,0
h00,7276188519562630070,p1,0,0,500,0,12,276,212,0,356,85,59,0,0,0,500,0
h00,7276188519562630070,p2,0,0,500,0,0,131,369,0,350,105,45,0,0,0,500,0
h00,7276188519562630070,p3,0,0,500,0,0,67,433,0,361,96,43,0,0,0,500,0
h00,7282223881640676299,p1,0,1,499,0,14,292,194,0,359,79,62,0,0,0,500,0
h00,7282223881640676299,p2,0,0,500,0,0,104,396,0,338,128,34,0,0,0,500,0
h00,7282223881640676299,p3,0,0,500,0,0,63,437,0,354,92,54,0,0,0,500,0
h00,7304884061984682152,p1,0,1,499,0,13,238,249,0,359,85,56,0,0,0,500,0
h00,7304884061984682152,p2,0,0,500,0,0,84,416,0,330,124,46,0,0,0,500,0
h00,7304884061984682152,p3,0,0,500,0,0,51,449,0,373,87,40,0,0,0,500,0
h00,731778787169459261,p1,0,0,500,0,12,260,228,0,360,89,51,0,0,0,500,0
h00,731778787169459261,p2,0,0,500,0,0,52,448,0,313,143,44,0,0,0,500,0
h00,731778787169459261,p3,0,0,500,0,0,32,468,0,357,101,42,0,0,0,500,0
h00,7330341303108867477,p1,0,0,500,0,14,276,210,0,396,59,45,0,0,0,500,0
h00,7330341303108867477,p2,0,0,500,0,0,131,369,0,336,109,55,0,0,0,500,0
h00,7330341303108867477,p3,0,0,500,0,0,53,447,0,381,88,31,0,0,0,500,0
h00,7331702996590870865,p1,0,2,498,0,11,257,232,0,373,71,56,0,0,0,500,0
h00,7331702996590870865,p2,0,0,500,0,0,95,405,0,332,117,51,0,0,0,500,0
h00,7331702996590870865,p3,0,0,500,0,0,76,424,0,308,146,46,0,0,0,500,0
h00,7336963978818366824,p1,0,0,500,0,15,260,225,0,365,72,63,0,0,0,500,0
h00,7336963978818366824,p2,0,0,500,0,0,96,404,0,387,75,38,0,0,0,500,0
h00,7336963978818366824,p3,0,0,500,0,0,56,444,0,347,125,28,0,0,0,500,0
h00,7337409826029250569,p1,0,0,500,0,15,260,225,0,367,64,69,0,0,0,500,0
h00,7337409826029250569,p2,0,0,500,0,0,76,424,0,376,84,40,0,0,0,500,0
h00,7337409826029250569,p3,0,0,500,0,0,52,448,0,396,62,42,0,0,0,500,0
h00,7344156821422071061,p1,0,1,499,0,16,260,224,0,384,74,42,0,0,0,500,0
h00,7344156821422071061,p2,0,0,500,0,0,77,423,0,388,82,30,0,0,0,500,0
h00,7344156821422071061,p3,0,0,500,0,0,38,462,0,350,102,48,0,0,0,500,0
h00,7351765613849292698,p1,0,0,500,0,15,248,237,0,366,81,53,0,0,0,500,0
h00,7351765613849292698,p2,0,0,500,0,0,44,456,0,283,170,47,0,0,0,500,0
h00,7351765613849292698,p3,0,0,500,0,0,28,472,0,327,111,62,0,0,0,500,0
h00,7380331902355262973,p1,0,0,500,0,7,249,244,0,370,74,56,0,0,0,500,0
h00,7380331902355262973,p2,0,0,500,0,0,85,415,0,352,103,45,0,0,0,500,0
h00,7380331902355262973,p3,0,0,500,0,0,52,448,0,341,116,43,0,0,0,500,0
h00,7381613772574883665,p1,0,1,499,0,13,256,231,0,377,31,92,0,0,0,500,0
h00,7381613772574883665,p2,0,0,500,0,0,91,409,0,391,37,72,0,0,0,500,0
h00,7381613772574883665,p3,0,0,500,0,0,65,435,0,356,31,113,0,0,0,500,0
h00,7385212419273013375,p1,0,0,500,0,14,234,252,0,391,59,50,0,0,0,500,0
h00,7385212419273013375,p2,0,0,500,0,0,85,415,0,340,118,42,0,0,0,500,0
h00,7385212419273013375,p3,0,0,500,0,0,43,457,0,336,120,44,0,0,0,500,0
h00,7399684465983197950,p1,0,1,499,0,22,225,253,0,378,66,56,0,0,0,500,0
h00,7399684465983197950,p2,0,0,500,0,0,67,433,0,404,56,40,0,0,0,500,0
h00,7399684465983197950,p3,0,0,500,0,0,29,471,0,357,98,45,0,0,0,500,0
h00,7413841783320754802,p1,0,0,500,0,12,274,214,0,352,84,64,0,0,0,500,0
h00,7413841783320754802,p2,0,0,500,0,0,99,401,0,309,156,35,0,0,0,500,0
h00,7413841783320754802,p3,0,0,500,0,0,52,448,0,368,104,28,0,0,0,500,0
h00,7414523646869633419,p1,0,0,500,0,13,255,232,0,383,58,59,0,0,0,500,0
h00,7414523646869633419,p2,0,0,500,0,0,96,404,0,354,95,51,0,0,0,500,0
h00,7414523646869633419,p3,0,0,500,0,0,57,443,0,366,98,36,0,0,0,500,0
h00,7439394794247071750,p1,0,0,500,0,14,230,256,0,377,76,47,0,0,0,500,0
h00,7439394794247071750,p2,0,0,500,0,0,72,428,0,306,141,53,0,0,0,500,0
h00,7439394794247071750,p3,0,0,500,0,0,36,464,0,353,110,37,0,0,0,500,0
h00,7473469869254133156,p1,0,0,500,0,12,208,280,0,372,66,62,0,0,0,500,0
h00,7473469869254133156,p2,0,0,500,0,0,62,438,0,372,87,41,0,0,0,500,0
h00,7473469869254133156,p3,0,0,500,0,0,24,476,0,324,136,40,0,0,0,500,0
h00,7489332420735831496,p1,0,0,500,0,17,246,237,0,363,76,61,0,0,0,500,0
h00,7489332420735831496,p2,0,0,500,0,0,83,417,0,367,89,44,0,0,0,500,0
h00,7489332420735831496,p3,0,0,500,0,0,62,438,0,339,134,27,0,0,0,500,0
h00,7492281159528610269,p1,0,0,500,0,20,218,262,0,362,81,57,0,0,0,500,0
h00,7492281159528610269,p2,0,0,500,0,0,100,400,0,380,86,34,0,0,0,500,0
h00,7492281159528610269,p3,0,0,500,0,0,45,455,0,290,175,35,0,0,0,500,0
h00,7510017443374212299,p1,0,0,500,0,17,230,253,0,359,76,65,0,0,0,500,0
h00,7510017443374212299,p2,0,0,500,0,0,71,429,0,357,103,40,0,0,0,500,0
h00,7510017443374212299,p3,0,0,500,0,0,19,481,0,323,136,41,0,0,0,500,0
h00,7575364469277083538,p1,0,0,500,0,19,221,260,0,376,74,50,0,0,0,500,0
h00,7575364469277083538,p2,0,0,500,0,0,81,419,0,347,111,42,0,0,0,500,0
h00,7575364469277083538,p3,0,0,500,0,0,33,467,0,340,114,46,0,0,0,500,0
h00,7596600659096589567,p1,0,0,500,0,15,261,224,0,350,74,76,0,0,0,500,0
h00,7596600659096589567,p2,0,0,500,0,0,74,426,0,406,31,63,0,0,0,500,0
h00,7596600659096589567,p3,0,0,500,0,0,34,466,0,367,37,96,0,0,0,500,0
h00,7640468002792745424,p1,0,1,499,0,24,279,197,0,386,65,49,0,0,0,500,0
h00,7640468002792745424,p2,0,0,500,0,0,95,405,0,363,104,33,0,0,0,500,0
h00,7640468002792745424,p3,0,0,500,0,0,68,432,0,353,112,35,0,0,0,500,0
h00,7640924825233081351,p1,0,0,500,0,18,224,258,0,365,48,87,0,0,0,500,0
h00,7640924825233081351,p2,0,0,500,0,0,65,435,0,336,40,124,0,0,0,500,0
h00,7640924825233081351,p3,0,0,500,0,0,34,466,0,316,47,137,0,0,0,500,0
h00,7669602547746765903,p1,0,0,500,0,8,229,263,0,353,89,58,0,0,0,500,0
h00,7669602547746765903,p2,0,0,500,0,0,76,424,0,336,112,52,0,0,0,500,0
h00,7669602547746765903,p3,0,0,500,0,0,41,459,0,388,60,52,0,0,0,500,0
h00,7670967728798457551,p1,0,0,500,0,9,225,266,0,369,65,66,0,0,0,500,0
h00,7670967728798457551,p2,0,0,500,0,0,41,459,0,364,82,54,0,0,0,500,0
h00,7670967728798457551,p3,0,0,500,0,0,15,485,0,289,156,55,0,0,0,500,0
h00,7681282347561624791,p1,0,0,500,0,12,261,227,0,389,62,49,0,0,0,500,0
h00,7681282347561624791,p2,0,0,500,0,0,105,395,0,363,107,30,0,0,0,500,0
h00,7681282347561624791,p3,0,0,500,0,0,52,448,0,338,134,28,0,0,0,500,0
h00,7689060740259911737,p1,0,0,500,0,13,256,231,0,387,45,68,0,0,0,500,0
h00,7689060740259911737,p2,0,0,500,0,0,109,391,0,360,41,99,0,0,0,500,0
h00,7689060740259911737,p3,0,0,500,0,0,49,451,0,288,32,180,0,0,0,500,0
h00,7694801790239217915,p1,0,0,500,0,13,198,289,0,382,34,84,0,0,0,500,0
h00,7694801790239217915,p2,0,0,500,0,0,56,444,0,356,100,44,0,0,0,500,0
h00,7694801790239217915,p3,0,0,500,0,0,40,460,0,393,58,49,0,0,0,500,0
h00,7702412575777826027,p1,0,1,499,0,15,252,233,0,371,65,64,0,0,0,500,0
h00,7702412575777826027,p2,0,0,500,0,0,99,401,0,358,97,45,0,0,0,500,0
h00,7702412575777826027,p3,0,0,500,0,0,77,423,0,389,71,40,0,0,0,500,0
h00,7705097774128820863,p1,0,0,500,0,17,238,245,0,361,77,62,0,0,0,500,0
h00,7705097774128820863,p2,0,0,500,0,0,76,424,0,366,91,43,0,0,0,500,0
h00,7705097774128820863,p3,0,0,500,0,0,29,471,0,356,84,60,0,0,0,500,0
h00,7754204663126548307,p1,0,0,500,0,19,249,232,0,378,69,53,0,0,0,500,0
h00,7754204663126548307,p2,0,0,500,0,0,75,425,0,359,110,31,0,0,0,500,0
h00,7754204663126548307,p3,0,0,500,0,0,45,455,0,378,86,36,0,0,0,500,0
h00,7755256581793677928,p1,0,0,500,0,17,239,244,0,373,76,51,0,0,0,500,0
h00,7755256581793677928,p2,0,0,500,0,0,76,424,0,361,113,26,0,0,0,500,0
h00,7755256581793677928,p3,0,0,500,0,0,48,452,0,390,77,33,0,0,0,500,0
h00,7761268545753577354,p1,0,0,500,0,19,240,241,0,384,65,51,0,0,0,500,0
h00,7761268545753577354,p2,0,0,500,0,0,77,423,0,401,64,35,0,0,0,500,0
h00,7761268545753577354,p3,0,0,500,0,0,39,461,0,361,102,37,0,0,0,500,0
h00,7774033729568193838,p1,0,0,500,0,12,184,304,0,384,61,55,0,0,0,500,0
h00,7774033729568193838,p2,0,0,500,0,0,56,444,0,363,91,46,0,0,0,500,0
h00,7774033729568193838,p3,0,0,500,0,0,19,481,0,376,80,44,0,0,0,500,0
h00,7788896702398618105,p1,0,0,500,0,12,242,246,0,386,64,50,0,0,0,500,0
h00,7788896702398618105,p2,0,0,500,0,0,94,406,0,308,167,25,0,0,0,500,0
h00,7788896702398618105,p3,0,0,500,0,0,41,459,0,342,133,25,0,0,0,500,0
h00,7800683719019325863,p1,0,0,500,0,7,218,275,0,365,80,55,0,0,0,500,0
h00,7800683719019325863,p2,0,0,500,0,0,88,412,0,337,123,40,0,0,0,500,0
h00,7800683719019325863,p3,0,0,500,0,1,45,454,0,329,128,43,0,0,0,500,0
h00,7825142619493849787,p1,0,1,499,0,19,245,236,0,370,79,51,0,0,0,500,0
h00,7825142619493849787,p2,0,0,500,0,0,83,417,0,292,152,56,0,0,0,500,0
h00,7825142619493849787,p3,0,0,500,0,0,41,459,0,316,145,39,0,0,0,500,0
h00,7844115379435679961,p1,0,0,500,0,10,248,242,0,369,74,57,0,0,0,500,0
h00,7844115379435679961,p2,0,0,500,0,0,90,410,0,379,80,41,0,0,0,500,0
h00,7844115379435679961,p3,0,0,500,0,0,37,463,0,363,99,38,0,0,0,500,0
h00,7845649049148242428,p1,0,0,500,0,11,244,245,0,374,66,60,0,0,0,500,0
h00,7845649049148242428,p2,0,0,500,0,0,66,434,0,379,89,32,0,0,0,500,0
h00,7845649049148242428,p3,0,0,500,0,0,44,456,0,360,99,41,0,0,0,500,0
h00,7872656261944607829,p1,0,1,499,0,10,231,259,0,377,58,65,0,0,0,500,0
h00,7872656261944607829,p2,0,0,500,0,0,69,431,0,354,111,35,0,0,0,500,0
h00,7872656261944607829,p3,0,0,500,0,0,57,443,0,369,93,38,0,0,0,500,0
h00,7899557489426013408,p1,0,2,498,0,20,194,286,0,387,60,53,0,0,0,500,0
h00,7899557489426013408,p2,0,0,500,0,0,55,445,0,367,87,46,0,0,0,500,0
h00,7899557489426013408,p3,0,0,500,0,0,27,473,0,356,105,39,0,0,0,500,0
h00,7912128486606305112,p1,0,0,500,0,16,245,239,0,363,72,65,0,0,0,500,0
h00,7912128486606305112,p2,0,0,500,0,0,69,431,0,330,124,46,0,0,0,500,0
h00,7912128486606305112,p3,0,0,500,0,0,22,478,0,385,80,35,0,0,0,500,0
h00,7918121088649361103,p1,0,0,500,0,9,247,244,0,356,89,55,0,0,0,500,0
h00,7918121088649361103,p2,0,0,500,0,0,81,419,0,357,96,47,0,0,0,500,0
h00,7918121088649361103,p3,0,0,500,0,0,48,452,0,379,74,47,0,0,0,500,0
h00,7919405651962967992,p1,0,1,499,0,18,256,226,0,390,35,75,0,0,0,500,0
h00,7919405651962967992,p2,0,0,500,0,0,83,417,0,373,34,93,0,0,0,500,0
h00,7919405651962967992,p3,0,0,500,0,0,23,477,0,329,51,120,0,0,0,500,0
h00,7935763740681700891,p1,0,1,499,0,13,251,236,0,396,54,50,0,0,0,500,0
h00,7935763740681700891,p2,0,0,500,0,0,82,418,0,375,83,42,0,0,0,500,0
h00,7935763740681700891,p3,0,0,500,0,0,59,441,0,365,97,38,0,0,0,500,0
h00,7944209325752561383,p1,0,3,497,0,21,306,173,0,383,73,44,0,0,0,500,0
h00,7944209325752561383,p2,0,0,500,0,0,133,367,0,352,106,42,0,0,0,500,0
h00,7944209325752561383,p3,0,0,500,0,0,111,389,0,366,109,25,0,0,0,500,0
h00,7987663683338581749,p1,0,0,500,0,12,249,239,0,353,54,93,0,0,0,500,0
h00,7987663683338581749,p2,0,0,500,0,0,75,425,0,360,35,105,0,0,0,500,0
h00,7987663683338581749,p3,0,0,500,0,0,42,458,0,368,35,97,0,0,0,500,0
h00,8014274278194106210,p1,0,0,500,0,17,264,219,0,370,73,57,0,0,0,500,0
h00,8014274278194106210,p2,0,0,500,0,1,88,411,0,380,83,37,0,0,0,500,0
h00,8014274278194106210,p3,0,0,500,0,0,52,448,0,352,117,31,0,0,0,500,0
h00,8021517949117524351,p1,0,2,498,0,13,278,209,0,385,53,62,0,0,0,500,0
h00,8021517949117524351,p2,0,0,500,0,0,107,393,0,364,89,47,0,0,0,500,0
h00,8021517949117524351,p3,0,0,500,0,0,72,428,0,339,125,36,0,0,0,500,0
h00,8061281235594563954,p1,0,0,500,0,14,253,233,0,371,52,77,0,0,0,500,0
h00,8061281235594563954,p2,0,0,500,0,0,113,387,0,372,71,57,0,0,0,500,0
h00,8061281235594563954,p3,0,0,500,0,0,47,453,0,313,112,75,0,0,0,500,0
h00,807106994577424742,p1,0,2,498,0,16,250,234,0,376,62,62,0,0,0,500,0
h00,807106994577424742,p2,0,0,500,0,0,101,399,0,364,90,46,0,0,0,500,0
h00,807106994577424742,p3,0,0,500,0,0,85,415,0,364,103,33,0,0,0,500,0
h00,8073559371014580251,p1,0,0,500,0,14,204,282,0,377,66,57,0,0,0,500,0
h00,8073559371014580251,p2,0,0,500,0,0,80,420,0,293,165,42,0,0,0,500,0
h00,8073559371014580251,p3,0,0,500,0,0,19,481,0,344,104,52,0,0,0,500,0
h00,8085227859060869184,p1,0,0,500,0,18,250,232,0,351,75,74,0,0,0,500,0
h00,8085227859060869184,p2,0,0,500,0,0,79,421,0,387,81,32,0,0,0,500,0
h00,8085227859060869184,p3,0,0,500,0,0,32,468,0,351,107,42,0,0,0,500,0
h00,8102853888876117400,p1,0,0,500,0,15,215,270,0,379,72,49,0,0,0,500,0
h00,8102853888876117400,p2,0,0,500,0,0,80,420,0,336,122,42,0,0,0,500,0
h00,8102853888876117400,p3,0,0,500,0,0,23,477,0,350,102,48,0,0,0,500,0
h00,810515107963077594,p1,0,0,500,0,10,250,240,0,377,67,56,0,0,0,500,0
h00,810515107963077594,p2,0,0,500,0,0,103,397,0,331,126,43,0,0,0,500,0
h00,810515107963077594,p3,0,0,500,0,0,59,441,0,387,81,32,0,0,0,500,0
h00,810614871690771956,p1,0,3,497,0,18,218,264,0,373,77,50,0,0,0,500,0
h00,810614871690771956,p2,0,0,500,0,0,89,411,0,334,118,48,0,0,0,500,0
h00,810614871690771956,p3,0,0,500,0,0,51,449,0,321,131,48,0,0,0,500,0
h00,8141761060821422002,p1,0,0,500,0,14,287,199,0,366,82,52,0,0,0,500,0
h00,8141761060821422002,p2,0,0,500,0,0,112,388,0,363,92,45,0,0,0,500,0
h00,8141761060821422002,p3,0,0,500,0,0,64,436,0,256,216,28,0,0,0,500,0
h00,818472327660073236,p1,0,0,500,0,12,225,263,0,380,66,54,0,0,0,500,0
h00,818472327660073236,p2,0,0,500,0,0,88,412,0,349,119,32,0,0,0,500,0
h00,818472327660073236,p3,0,0,500,0,0,44,456,0,353,105,42,0,0,0,500,0
h00,8189701162810878588,p1,0,1,499,0,8,264,228,0,367,78,55,0,0,0,500,0
h00,8189701162810878588,p2,0,0,500,0,0,71,429,0,361,93,46,0,0,0,500,0
h00,8189701162810878588,p3,0,0,500,0,0,45,455,0,389,83,28,0,0,0,500,0
h00,819516485579700465,p1,0,2,498,0,15,267,218,0,368,71,61,0,0,0,500,0
h00,819516485579700465,p2,0,0,500,0,0,116,384,0,352,113,35,0,0,0,500,0
h00,819516485579700465,p3,0,0,500,0,0,70,430,0,356,99,45,0,0,0,500,0
h00,8222179486658101296,p1,0,2,498,0,13,245,242,0,373,76,51,0,0,0,500,0
h00,8222179486658101296,p2,0,0,500,0,0,121,379,0,371,90,39,0,0,0,500,0
h00,8222179486658101296,p3,0,0,500,0,0,41,459,0,317,151,32,0,0,0,500,0
h00,8232276829008192175,p1,0,0,500,0,15,200,285,0,354,82,64,0,0,0,500,0
h00,8232276829008192175,p2,0,0,500,0,1,69,430,0,366,85,49,0,0,0,500,0
h00,8232276829008192175,p3,0,0,500,0,0,34,466,0,363,98,39,0,0,0,500,0
h00,8245785795119165813,p1,0,0,500,0,15,228,257,0,365,70,65,0,0,0,500,0
h00,8245785795119165813,p2,0,0,500,0,0,82,418,0,386,72,42,0,0,0,500,0
h00,8245785795119165813,p3,0,0,500,0,0,49,451,0,380,81,39,0,0,0,500,0
h00,8247888529918945527,p1,0,1,499,0,10,256,234,0,373,39,88,0,0,0,500,0
h00,8247888529918945527,p2,0,0,500,0,0,98,402,0,321,36,143,0,0,0,500,0
h00,8247888529918945527,p3,0,0,500,0,0,37,463,0,273,30,197,0,0,0,500,0
h00,826663596041234252,p1,0,0,500,0,16,263,221,0,371,74,55,0,0,0,500,0
h00,826663596041234252,p2,0,0,500,0,0,79,421,0,306,136,58,0,0,0,500,0
h00,826663596041234252,p3,0,0,500,0,0,57,443,0,373,89,38,0,0,0,500,0
h00,8295570130475967972,p1,0,0,500,0,16,233,251,0,349,93,58,0,0,0,500,0
h00,8295570130475967972,p2,0,0,500,0,0,109,391,0,210,262,28,0,0,0,500,0
h00,8295570130475967972,p3,0,0,500,0,0,41,459,0,392,78,30,0,0,0,500,0
h00,8302840173262926033,p1,0,1,499,0,11,253,236,0,371,76,53,0,0,0,500,0
h00,8302840173262926033,p2,0,0,500,0,0,92,408,0,396,64,40,0,0,0,500,0
h00,8302840173262926033,p3,0,0,500,0,0,36,464,0,340,126,34,0,0,0,500,0
h00,8324314100380763628,p1,0,0,500,0,9,276,215,0,359,84,57,0,0,0,500,0
h00,8324314100380763628,p2,0,0,500,0,0,97,403,0,377,91,32,0,0,0,500,0
h00,8324314100380763628,p3,0,0,500,0,0,84,416,0,375,95,30,0,0,0,500,0
h00,8333265495632237597,p1,0,0,500,0,13,265,222,0,383,54,63,0,0,0,500,0
h00,8333265495632237597,p2,0,0,500,0,0,106,394,0,381,69,50,0,0,0,500,0
h00,8333265495632237597,p3,0,0,500,0,0,39,461,0,374,84,42,0,0,0,500,0
h00,8337948553890895361,p1,0,0,500,0,13,300,187,0,370,65,65,0,0,0,500,0
h00,8337948553890895361,p2,0,0,500,0,0,73,427,0,373,75,52,0,0,0,500,0
h00,8337948553890895361,p3,0,0,500,0,0,64,436,0,322,135,43,0,0,0,500,0
h00,8348040649235703653,p1,0,2,498,0,24,252,224,0,387,53,60,0,0,0,500,0
h00,8348040649235703653,p2,0,0,500,0,0,76,424,0,380,76,44,0,0,0,500,0
h00,8348040649235703653,p3,0,0,500,0,0,37,463,0,381,73,46,0,0,0,500,0
h00,8352329479800466435,p1,0,2,498,0,9,247,244,0,362,73,65,0,0,0,500,0
h00,8352329479800466435,p2,0,0,500,0,0,99,401,0,359,97,44,0,0,0,500,0
h00,8352329479800466435,p3,0,0,500,0,0,68,432,0,352,106,42,0,0,0,500,0
h00,8359675198807336655,p1,0,0,500,0,16,227,257,0,387,53,60,0,0,0,500,0
h00,8359675198807336655,p2,0,0,500,0,0,81,419,0,385,72,43,0,0,0,500,0
h00,8359675198807336655,p3,0,0,500,0,0,63,437,0,369,91,40,0,0,0,500,0
h00,8360854972556069990,p1,0,1,499,0,15,252,233,0,380,74,46,0,0,0,500,0
h00,8360854972556069990,p2,0,0,500,0,0,109,391,0,338,126,36,0,0,0,500,0
h00,8360854972556069990,p3,0,0,500,0,0,56,444,0,312,150,38,0,0,0,500,0
h00,8442228576838349543,p1,0,0,500,0,11,260,229,0,388,40,72,0,0,0,500,0
h00,8442228576838349543,p2,0,0,500,0,0,75,425,0,392,31,77,0,0,0,500,0
h00,8442228576838349543,p3,0,0,500,0,0,45,455,0,384,47,69,0,0,0,500,0
h00,8461703215665630037,p1,0,0,500,0,14,253,233,0,387,63,50,0,0,0,500,0
h00,8461703215665630037,p2,0,0,500,0,0,73,427,0,346,111,43,0,0,0,500,0
h00,8461703215665630037,p3,0,0,500,0,0,39,461,0,336,128,36,0,0,0,500,0
h00,8478393171942172038,p1,0,0,500,0,13,264,223,0,362,71,67,0,0,0,500,0
h00,8478393171942172038,p2,0,0,500,0,1,65,434,0,304,143,53,0,0,0,500,0
h00,8478393171942172038,p3,0,0,500,0,0,55,445,0,302,156,42,0,0,0,500,0
h00,8483146405762354839,p1,0,1,499,0,12,286,202,0,365,73,62,0,0,0,500,0
h00,8483146405762354839,p2,0,0,500,0,0,128,372,0,333,122,45,0,0,0,500,0
h00,8483146405762354839,p3,0,0,500,0,0,85,415,0,366,98,36,0,0,0,500,0
h00,8493033608607173646,p1,0,0,500,0,10,247,243,0,377,70,53,0,0,0,500,0
h00,8493033608607173646,p2,0,0,500,0,0,52,448,0,316,129,55,0,0,0,500,0
h00,8493033608607173646,p3,0,0,500,0,0,43,457,0,247,213,40,0,0,0,500,0
h00,8500782308606723157,p1,0,0,500,0,14,222,264,0,368,61,71,0,0,0,500,0
h00,8500782308606723157,p2,0,0,500,0,0,41,459,0,382,80,38,0,0,0,500,0
h00,8500782308606723157,p3,0,0,500,0,0,56,444,0,321,141,38,0,0,0,500,0
h00,8508939634912935656,p1,0,2,498,0,14,237,249,0,373,76,51,0,0,0,500,0
h00,8508939634912935656,p2,0,0,500,0,0,86,414,0,384,78,38,0,0,0,500,0
h00,8508939634912935656,p3,0,0,500,0,0,51,449,0,370,91,39,0,0,0,500,0
h00,8523785738886911657,p1,0,0,500,0,20,225,255,0,371,62,67,0,0,0,500,0
h00,8523785738886911657,p2,0,0,500,0,0,99,401,0,381,72,47,0,0,0,500,0
h00,8523785738886911657,p3,0,0,500,0,0,46,454,0,375,86,39,0,0,0,500,0
h00,8552931170002909542,p1,0,0,500,0,21,263,216,0,367,67,66,0,0,0,500,0
h00,8552931170002909542,p2,0,0,500,0,0,87,413,0,325,132,43,0,0,0,500,0
h00,8552931170002909542,p3,0,0,500,0,0,56,444,0,394,72,34,0,0,0,500,0
h00,8554301335803309257,p1,0,0,500,0,19,220,261,0,385,46,69,0,0,0,500,0
h00,8554301335803309257,p2,0,0,500,0,0,89,411,0,362,56,82,0,0,0,500,0
h00,8554301335803309257,p3,0,0,500,0,0,33,467,0,363,75,62,0,0,0,500,0
h00,8560776890993356324,p1,0,0,500,0,15,281,204,0,372,68,60,0,0,0,500,0
h00,8560776890993356324,p2,0,0,500,0,0,96,404,0,357,94,49,0,0,0,500,0
h00,8560776890993356324,p3,0,0,500,0,0,55,445,0,379,93,28,0,0,0,500,0
h00,8564784666695813541,p1,0,0,500,0,14,229,257,0,370,64,66,0,0,0,500,0
h00,8564784666695813541,p2,0,0,500,0,0,57,443,0,360,98,42,0,0,0,500,0
h00,8564784666695813541,p3,0,0,500,0,0,36,464,0,365,82,53,0,0,0,500,0
h00,8567655874984429224,p1,0,0,500,0,13,287,200,0,385,64,51,0,0,0,500,0
h00,8567655874984429224,p2,0,0,500,0,0,86,414,0,375,61,64,0,0,0,500,0
h00,8567655874984429224,p3,0,0,500,0,0,66,434,0,332,125,43,0,0,0,500,0
h00,8570553499106319936,p1,0,0,500,0,15,246,239,0,356,82,62,0,0,0,500,0
h00,8570553499106319936,p2,0,0,500,0,0,67,433,0,366,93,41,0,0,0,500,0
h00,8570553499106319936,p3,0,0,500,0,0,43,457,0,327,141,32,0,0,0,500,0
h00,8586589245206037151,p1,0,0,500,0,10,263,227,0,364,70,66,0,0,0,500,0
h00,8586589245206037151,p2,0,0,500,0,0,105,395,0,371,91,38,0,0,0,500,0
h00,8586589245206037151,p3,0,0,500,0,0,62,438,0,345,126,29,0,0,0,500,0
h00,8588449633077665015,p1,0,0,500,0,5,285,210,0,368,75,57,0,0,0,500,0
h00,8588449633077665015,p2,0,0,500,0,0,130,370,0,376,93,31,0,0,0,500,0
h00,8588449633077665015,p3,0,0,500,0,0,81,419,0,304,156,40,0,0,0,500,0
h00,8609678236052231559,p1,0,0,500,0,15,216,269,0,378,66,56,0,0,0,500,0
h00,8609678236052231559,p2,0,0,500,0,0,63,437,0,355,93,52,0,0,0,500,0
h00,8609678236052231559,p3,0,0,500,0,0,26,474,0,319,144,37,0,0,0,500,0
h00,8618909334375501049,p1,0,0,500,0,14,250,236,0,368,57,75,0,0,0,500,0
h00,8618909334375501049,p2,0,0,500,0,0,101,399,0,313,112,75,0,0,0,500,0
h00,8618909334375501049,p3,0,0,500,0,0,48,452,0,317,107,76,0,0,0,500,0
h00,863818492425618087,p1,0,2,498,0,13,253,234,0,368,75,57,0,0,0,500,0
h00,863818492425618087,p2,0,0,500,0,0,124,376,0,357,94,49,0,0,0,500,0
h00,863818492425618087,p3,0,0,500,0,0,80,420,0,303,174,23,0,0,0,500,0
h00,8701012430488510716,p1,0,1,499,0,14,247,239,0,351,90,59,0,0,0,500,0
h00,8701012430488510716,p2,0,0,500,0,0,83,417,0,387,79,34,0,0,0,500,0
h00,8701012430488510716,p3,0,0,500,0,0,28,472,0,366,96,38,0,0,0,500,0
h00,8704777689146286217,p1,0,0,500,0,26,238,236,0,376,69,55,0,0,0,500,0
h00,8704777689146286217,p2,0,0,500,0,0,70,430,0,385,90,25,0,0,0,500,0
h00,8704777689146286217,p3,0,0,500,0,0,18,482,0,353,104,43,0,0,0,500,0
h00,8735585828959391809,p1,0,1,499,0,13,286,201,0,359,89,52,0,0,0,500,0
h00,8735585828959391809,p2,0,0,500,0,0,117,383,0,284,180,36,0,0,0,500,0
h00,8735585828959391809,p3,0,0,500,0,0,63,437,0,375,96,29,0,0,0,500,0
h00,8762662111126417730,p1,0,0,500,0,16,271,213,0,377,70,53,0,0,0,500,0
h00,8762662111126417730,p2,0,0,500,0,0,88,412,0,386,69,45,0,0,0,500,0
h00,8762662111126417730,p3,0,0,500,0,0,52,448,0,361,103,36,0,0,0,500,0
h00,876485116545318603,p1,0,1,499,0,11,262,227,0,359,88,53,0,0,0,500,0
h00,876485116545318603,p2,0,0,500,0,0,92,408,0,378,84,38,0,0,0,500,0
h00,876485116545318603,p3,0,0,500,0,0,60,440,0,346,122,32,0,0,0,500,0
h00,8805579582604427677,p1,0,0,500,0,17,248,235,0,359,94,47,0,0,0,500,0
h00,8805579582604427677,p2,0,0,500,0,0,88,412,0,363,97,40,0,0,0,500,0
h00,8805579582604427677,p3,0,0,500,0,0,43,457,0,321,146,33,0,0,0,500,0
h00,8808334681185287544,p1,0,0,500,0,15,268,217,0,364,71,65,0,0,0,500,0
h00,8808334681185287544,p2,0,0,500,0,0,78,422,0,370,72,58,0,0,0,500,0
h00,8808334681185287544,p3,0,0,500,0,0,36,464,0,292,106,102,0,0,0,500,0
h00,8825972710391913049,p1,0,0,500,0,20,219,261,0,354,78,68,0,0,0,500,0
h00,8825972710391913049,p2,0,0,500,0,0,55,445,0,342,66,92,0,0,0,500,0
h00,8825972710391913049,p3,0,0,500,0,0,42,458,0,341,89,70,0,0,0,500,0
h00,8828759419088930041,p1,0,0,500,0,17,252,231,0,368,81,51,0,0,0,500,0
h00,8828759419088930041,p2,0,0,500,0,0,59,441,0,348,115,37,0,0,0,500,0
h00,8828759419088930041,p3,0,0,500,0,0,33,467,0,361,96,43,0,0,0,500,0
h00,885482525036881327,p1,0,0,500,0,16,253,231,0,365,79,56,0,0,0,500,0
h00,885482525036881327,p2,0,0,500,0,0,93,407,0,390,64,46,0,0,0,500,0
h00,885482525036881327,p3,0,0,500,0,0,46,454,0,333,137,30,0,0,0,500,0
h00,8881322863864966793,p1,0,0,500,0,15,241,244,0,348,64,88,0,0,0,500,0
h00,8881322863864966793,p2,0,0,500,0,0,60,440,0,387,78,35,0,0,0,500,0
h00,8881322863864966793,p3,0,0,500,0,0,40,460,0,335,111,54,0,0,0,500,0
h00,8898323182163987376,p1,0,1,499,0,10,266,224,0,385,67,48,0,0,0,500,0
h00,8898323182163987376,p2,0,0,500,0,0,88,412,0,367,95,38,0,0,0,500,0
h00,8898323182163987376,p3,0,0,500,0,0,57,443,0,371,109,20,0,0,0,500,0
h00,892201126536219185,p1,0,0,500,0,11,273,216,0,368,65,67,0,0,0,500,0
h00,892201126536219185,p2,0,0,500,0,0,79,421,0,344,112,44,0,0,0,500,0
h00,892201126536219185,p3,0,0,500,0,0,48,452,0,369,102,29,0,0,0,500,0
h00,892849211236969083,p1,0,2,498,0,14,247,239,0,363,73,64,0,0,0,500,0
h00,892849211236969083,p2,0,0,500,0,0,117,383,0,378,64,58,0,0,0,500,0
h00,892849211236969083,p3,0,0,500,0,0,77,423,0,389,80,31,0,0,0,500,0
h00,8937232098722504595,p1,0,0,500,0,12,251,237,0,368,69,63,0,0,0,500,0
h00,8937232098722504595,p2,0,0,500,0,0,80,420,0,335,128,37,0,0,0,500,0
h00,8937232098722504595,p3,0,0,500,0,0,41,459,0,323,140,37,0,0,0,500,0
h00,8961844850661227179,p1,0,0,500,0,21,255,224,0,362,79,59,0,0,0,500,0
h00,8961844850661227179,p2,0,0,500,0,0,93,407,0,379,80,41,0,0,0,500,0
h00,8961844850661227179,p3,0,0,500,0,0,44,456,0,378,83,39,0,0,0,500,0
h00,8969014853050447058,p1,0,0,500,0,13,237,250,0,383,55,62,0,0,0,500,0
h00,8969014853050447058,p2,0,0,500,0,0,70,430,0,377,77,46,0,0,0,500,0
h00,8969014853050447058,p3,0,0,500,0,0,35,465,0,343,124,33,0,0,0,500,0
h00,8970040591604040971,p1,0,2,498,0,17,231,252,0,363,77,60,0,0,0,500,0
h00,8970040591604040971,p2,0,0,500,0,0,83,417,0,366,94,40,0,0,0,500,0
h00,8970040591604040971,p3,0,0,500,0,0,43,457,0,350,108,42,0,0,0,500,0
h00,8977154241724772450,p1,0,0,500,0,21,235,244,0,395,54,51,0,0,0,500,0
h00,8977154241724772450,p2,0,0,500,0,0,69,431,0,363,91,46,0,0,0,500,0
h00,8977154241724772450,p3,0,0,500,0,0,18,482,0,341,99,60,0,0,0,500,0
h00,8981014070999155818,p1,0,0,500,0,18,264,218,0,376,71,53,0,0,0,500,0
h00,8981014070999155818,p2,0,0,500,0,0,104,396,0,354,117,29,0,0,0,500,0
h00,8981014070999155818,p3,0,0,500,0,0,27,473,0,377,91,32,0,0,0,500,0
h00,8987739109041825911,p1,0,4,496,0,19,247,234,0,372,80,48,0,0,0,500,0
h00,8987739109041825911,p2,0,0,500,0,0,115,385,0,371,84,45,0,0,0,500,0
h00,8987739109041825911,p3,0,0,500,0,0,71,429,0,366,101,33,0,0,0,500,0
h00,8988768191470560045,p1,0,0,500,0,17,230,253,0,380,62,58,0,0,0,500,0
h00,8988768191470560045,p2,0,0,500,0,0,74,426,0,319,133,48,0,0,0,500,0
h00,8988768191470560045,p3,0,0,500,0,0,28,472,0,364,99,37,0,0,0,500,0
h00,9045931849552291715,p1,0,0,500,0,12,250,238,0,377,68,55,0,0,0,500,0
h00,9045931849552291715,p2,0,0,500,0,0,107,393,0,382,77,41,0,0,0,500,0
h00,9045931849552291715,p3,0,0,500,0,0,41,459,0,333,121,46,0,0,0,500,0
h00,9046417628191875030,p1,0,0,500,0,12,234,254,0,347,89,64,0,0,0,500,0
h00,9046417628191875030,p2,0,0,500,0,0,84,416,0,377,73,50,0,0,0,500,0
h00,9046417628191875030,p3,0,0,500,0,0,32,468,0,364,82,54,0,0,0,500,0
h00,9063079763754185006,p1,0,0,500,0,10,273,217,0,375,76,49,0,0,0,500,0
h00,9063079763754185006,p2,0,0,500,0,0,116,384,0,339,134,27,0,0,0,500,0
h00,9063079763754185006,p3,0,0,500,0,0,62,438,0,391,86,23,0,0,0,500,0
h00,9084112811632084047,p1,0,0,500,0,11,208,281,0,364,71,65,0,0,0,500,0
h00,9084112811632084047,p2,0,0,500,0,0,84,416,0,382,73,45,0,0,0,500,0
h00,9084112811632084047,p3,0,0,500,0,0,40,460,0,360,65,75,0,0,0,500,0
h00,9113704351732084032,p1,0,0,500,0,21,229,250,0,386,71,43,0,0,0,500,0
h00,9113704351732084032,p2,0,0,500,0,0,96,404,0,392,85,23,0,0,0,500,0
h00,9113704351732084032,p3,0,0,500,0,0,55,445,0,372,97,31,0,0,0,500,0
h00,9120897301394250832,p1,0,0,500,0,11,219,270,0,373,68,59,0,0,0,500,0
h00,9120897301394250832,p2,0,0,500,0,0,54,446,0,366,87,47,0,0,0,500,0
h00,9120897301394250832,p3,0,0,500,0,0,38,462,0,358,93,49,0,0,0,500,0
h00,9131753557599879226,p1,0,0,500,0,14,251,235,0,366,72,62,0,0,0,500,0
h00,9131753557599879226,p2,0,0,500,0,0,67,433,0,350,113,37,0,0,0,500,0
h00,9131753557599879226,p3,0,0,500,0,0,34,466,0,383,78,39,0,0,0,500,0
h00,913400200492355452,p1,0,0,500,0,18,232,250,0,357,86,57,0,0,0,500,0
h00,913400200492355452,p2,0,0,500,0,0,105,395,0,377,88,35,0,0,0,500,0
h00,913400200492355452,p3,0,0,500,0,0,41,459,0,382,73,45,0,0,0,500,0
h00,9147380939632197605,p1,0,1,499,0,11,228,261,0,369,48,83,0,0,0,500,0
h00,9147380939632197605,p2,0,0,500,0,1,77,422,0,382,40,78,0,0,0,500,0
h00,9147380939632197605,p3,0,0,500,0,0,40,460,0,357,42,101,0,0,0,500,0
h00,9160051777519494854,p1,0,0,500,0,13,240,247,0,362,85,53,0,0,0,500,0
h00,9160051777519494854,p2,0,0,500,0,0,106,394,0,372,85,43,0,0,0,500,0
h00,9160051777519494854,p3,0,0,500,0,0,38,462,0,326,136,38,0,0,0,500,0
h00,916465942571193031,p1,0,3,497,0,18,272,210,0,382,77,41,0,0,0,500,0
h00,916465942571193031,p2,0,0,500,0,0,93,407,0,370,88,42,0,0,0,500,0
h00,916465942571193031,p3,0,0,500,0,0,39,461,0,378,81,41,0,0,0,500,0
h00,9169805848763918647,p1,0,2,498,0,13,266,221,0,385,66,49,0,0,0,500,0
h00,9169805848763918647,p2,0,0,500,0,0,95,405,0,348,120,32,0,0,0,500,0
h00,9169805848763918647,p3,0,0,500,0,0,36,464,0,360,110,30,0,0,0,500,0
h00,918088812864975177,p1,0,0,500,0,17,247,236,0,369,67,64,0,0,0,500,0
h00,918088812864975177,p2,0,0,500,0,0,89,411,0,366,89,45,0,0,0,500,0
h00,918088812864975177,p3,0,0,500,0,0,52,448,0,340,119,41,0,0,0,500,0
h00,9199449143051999835,p1,0,1,499,0,23,251,226,0,386,35,79,0,0,0,500,0
h00,9199449143051999835,p2,0,0,500,0,0,100,400,0,338,34,128,0,0,0,500,0
h00,9199449143051999835,p3,0,0,500,0,0,53,447,0,344,44,112,0,0,0,500,0
h00,9222986121209035511,p1,0,1,499,0,18,236,246,0,367,78,55,0,0,0,500,0
h00,9222986121209035511,p2,0,0,500,0,0,55,445,0,349,109,42,0,0,0,500,0
h00,9222986121209035511,p3,0,0,500,0,0,38,462,0,386,81,33,0,0,0,500,0
h00,940373528300762006,p1,0,0,500,0,18,217,265,0,360,73,67,0,0,0,500,0
h00,940373528300762006,p2,0,0,500,0,0,65,435,0,405,59,36,0,0,0,500,0
h00,940373528300762006,p3,0,0,500,0,0,29,471,0,370,90,40,0,0,0,500,0
h00,947506197669724471,p1,0,0,500,0,14,233,253,0,372,76,52,0,0,0,500,0
h00,947506197669724471,p2,0,0,500,0,0,60,440,0,386,60,54,0,0,0,500,0
h00,947506197669724471,p3,0,0,500,0,0,28,472,0,371,74,55,0,0,0,500,0
h00,970080044080034050,p1,0,1,499,0,22,249,229,0,373,63,64,0,0,0,500,0
h00,970080044080034050,p2,0,0,500,0,0,52,448,0,376,84,40,0,0,0,500,0
h00,970080044080034050,p3,0,0,500,0,0,42,458,0,336,131,33,0,0,0,500,0
h00,973586120252853667,p1,0,0,500,0,12,198,290,0,375,67,58,0,0,0,500,0
h00,973586120252853667,p2,0,0,500,0,0,64,436,0,362,79,59,0,0,0,500,0
h00,973586120252853667,p3,0,0,500,0,0,28,472,0,376,80,44,0,0,0,500,0
h00,983308728926166689,p1,0,0,500,0,14,229,257,0,376,60,64,0,0,0,500,0
h00,983308728926166689,p2,0,0,500,0,0,52,448,0,359,85,56,0,0,0,500,0
h00,983308728926166689,p3,0,0,500,0,1,43,456,0,350,104,46,0,0,0,500,0
h00,991512821208445178,p1,0,0,500,0,9,241,250,0,372,63,65,0,0,0,500,0
h00,991512821208445178,p2,0,0,500,0,0,75,425,0,379,81,40,0,0,0,500,0
h00,991512821208445178,p3,0,0,500,0,0,42,458,0,395,77,28,0,0,0,500,0
h00,998901623164914020,p1,0,1,499,0,11,272,217,0,367,65,68,0,0,0,500,0
h00,998901623164914020,p2,0,0,500,0,0,92,408,0,394,66,40,0,0,0,500,0
h00,998901623164914020,p3,0,0,500,0,0,29,471,0,371,84,45,0,0,0,500,0
h05,1016222860425175782,p1,0,0,500,0,16,259,225,0,366,90,44,0,0,0,500,0
h05,1016222860425175782,p2,0,0,500,0,0,98,402,0,365,100,35,0,0,0,500,0
h05,1016222860425175782,p3,0,0,500,0,0,62,438,0,362,103,35,0,0,0,500,0
h05,1044925868286936893,p1,0,0,500,0,21,258,221,0,365,78,57,0,0,0,500,0
h05,1044925868286936893,p2,0,0,500,0,0,97,403,0,383,81,36,0,0,0,500,0
h05,1044925868286936893,p3,0,0,500,0,0,45,455,0,379,76,45,0,0,0,500,0
h05,1068320408325871245,p1,0,0,500,0,18,269,213,0,379,72,49,0,0,0,500,0
h05,1068320408325871245,p2,0,0,500,0,0,90,410,0,356,100,44,0,0,0,500,0
h05,1068320408325871245,p3,0,0,500,0,0,51,449,0,390,71,39,0,0,0,500,0
h05,1075596764364027174,p1,0,0,500,0,13,299,188,0,361,90,49,0,0,0,500,0
h05,1075596764364027174,p2,0,0,500,0,0,91,409,0,384,79,37,0,0,0,500,0
h05,1075596764364027174,p3,0,0,500,0,0,45,455,0,367,102,31,0,0,0,500,0
h05,1102172386766988392,p1,0,0,500,0,7,227,266,0,388,65,47,0,0,0,500,0
h05,1102172386766988392,p2,0,0,500,0,0,108,392,0,298,115,87,0,0,0,500,0
h05,1102172386766988392,p3,0,0,500,0,0,26,474,0,365,63,72,0,0,0,500,0
h05,1119248656264676339,p1,0,1,499,0,14,311,175,0,362,92,46,0,0,0,500,0
h05,1119248656264676339,p2,0,0,500,0,0,108,392,0,381,90,29,0,0,0,500,0
h05,1119248656264676339,p3,0,0,500,0,0,83,417,0,338,135,27,0,0,0,500,0
h05,1141794509654982754,p1,0,0,500,0,20,278,202,0,387,74,39,0,0,0,500,0
h05,1141794509654982754,p2,0,0,500,0,0,139,361,0,398,66,36,0,0,0,500,0
h05,1141794509654982754,p3,0,0,500,0,0,79,421,0,359,91,50,0,0,0,500,0
h05,1167661324597895153,p1,0,1,499,0,19,260,221,0,373,69,58,0,0,0,500,0
h05,1167661324597895153,p2,0,0,500,0,0,111,389,0,310,153,37,0,0,0,500,0
h05,1167661324597895153,p3,0,0,500,0,0,36,464,0,289,168,43,0,0,0,500,0
h05,1185190056737090375,p1,0,0,500,0,18,251,231,0,359,82,59,0,0,0,500,0
h05,1185190056737090375,p2,0,0,500,0,0,61,439,0,375,89,36,0,0,0,500,0
h05,1185190056737090375,p3,0,0,500,0,0,36,464,0,340,127,33,0,0,0,500,0
h05,1230162842297416335,p1,0,0,500,0,8,246,246,0,379,68,53,0,0,0,500,0
h05,1230162842297416335,p2,0,0,500,0,0,72,428,0,329,115,56,0,0,0,500,0
h05,1230162842297416335,p3,0,0,500,0,0,45,455,0,325,131,44,0,0,0,500,0
h05,1237229632974671180,p1,0,1,499,0,18,257,225,0,370,75,55,0,0,0,500,0
h05,1237229632974671180,p2,0,0,500,0,0,108,392,0,385,71,44,0,0,0,500,0
h05,1237229632974671180,p3,0,0,500,0,0,50,450,0,359,108,33,0,0,0,500,0
h05,1273077629472787725,p1,0,0,500,0,8,250,242,0,391,68,41,0,0,0,500,0
h05,1273077629472787725,p2,0,0,500,0,0,89,411,0,369,94,37,0,0,0,500,0
h05,1273077629472787725,p3,0,0,500,0,0,70,430,0,337,131,32,0,0,0,500,0
h05,1288620110985989366,p1,0,0,500,0,10,242,248,0,360,79,61,0,0,0,500,0
h05,1288620110985989366,p2,0,0,500,0,0,64,436,0,367,99,34,0,0,0,500,0
h05,1288620110985989366,p3,0,0,500,0,0,49,451,0,361,92,47,0,0,0,500,0
h05,1293082097569055036,p1,0,0,500,0,17,287,196,0,347,89,64,0,0,0,500,0
h05,1293082097569055036,p2,0,0,500,0,0,97,403,0,367,89,44,0,0,0,500,0
h05,1293082097569055036,p3,0,0,500,0,0,48,452,0,312,146,42,0,0,0,500,0
h05,130100008647773760,p1,0,0,500,0,13,272,215,0,379,39,82,0,0,0,500,0
h05,130100008647773760,p2,0,0,500,0,1,90,409,0,341,57,102,0,0,0,500,0
h05,130100008647773760,p3,0,0,500,0,0,47,453,0,346,55,99,0,0,0,500,0
h05,1310092479884381886,p1,0,1,499,0,19,278,203,0,382,65,53,0,0,0,500,0
h05,1310092479884381886,p2,0,0,500,0,0,108,392,0,370,73,57,0,0,0,500,0
h05,1310092479884381886,p3,0,0,500,0,0,62,438,0,356,101,43,0,0,0,500,0
h05,13140534111571587,p1,0,0,500,0,12,233,255,0,380,75,45,0,0,0,500,0
h05,13140534111571587,p2,0,0,500,0,0,85,415,0,378,84,38,0,0,0,500,0
h05,13140534111571587,p3,0,0,500,0,0,32,468,0,357,103,40,0,0,0,500,0
h05,1326687900884774118,p1,0,0,500,0,12,269,219,0,385,78,37,0,0,0,500,0
h05,1326687900884774118,p2,0,0,500,0,0,90,410,0,376,88,36,0,0,0,500,0
h05,1326687900884774118,p3,0,0,500,0,0,61,439,0,347,114,39,0,0,0,500,0
h05,1364472538958108470,p1,0,0,500,0,13,273,214,0,366,61,73,0,0,0,500,0
h05,1364472538958108470,p2,0,0,500,0,0,128,372,0,391,42,67,0,0,0,500,0
h05,1364472538958108470,p3,0,0,500,0,0,101,399,0,362,76,62,0,0,0,500,0
h05,1405442266060743962,p1,0,0,500,0,12,260,228,0,369,74,57,0,0,0,500,0
h05,1405442266060743962,p2,0,0,500,0,0,96,404,0,356,95,49,0,0,0,500,0
h05,1405442266060743962,p3,0,0,500,0,0,47,453,0,375,72,53,0,0,0,500,0
h05,1406115186973936958,p1,0,0,500,0,11,271,218,0,388,61,51,0,0,0,500,0
h05,1406115186973936958,p2,0,0,500,0,0,91,409,0,387,66,47,0,0,0,500,0
h05,1406115186973936958,p3,0,0,500,0,0,30,470,0,346,111,43,0,0,0,500,0
h05,1410871317181049370,p1,0,0,500,0,13,253,234,0,385,62,53,0,0,0,500,0
h05,1410871317181049370,p2,0,0,500,0,0,101,399,0,370,92,38,0,0,0,500,0
h05,1410871317181049370,p3,0,0,500,0,0,60,440,0,338,138,24,0,0,0,500,0
h05,1445287144514026263,p1,0,0,500,0,17,236,247,0,380,70,50,0,0,0,500,0
h05,1445287144514026263,p2,0,0,500,0,0,45,455,0,375,78,47,0,0,0,500,0
h05,1445287144514026263,p3,0,0,500,0,0,49,451,0,381,84,35,0,0,0,500,0
h05,1453620472743434751,p1,0,1,499,0,10,267,223,0,375,70,55,0,0,0,500,0
h05,1453620472743434751,p2,0,0,500,0,0,110,390,0,377,85,38,0,0,0,500,0
h05,1453620472743434751,p3,0,0,500,0,0,58,442,0,366,98,36,0,0,0,500,0
h05,1455876525285143988,p1,0,0,500,0,14,234,252,0,379,67,54,0,0,0,500,0
h05,1455876525285143988,p2,0,0,500,0,0,81,419,0,339,115,46,0,0,0,500,0
h05,1455876525285143988,p3,0,0,500,0,0,22,478,0,366,91,43,0,0,0,500,0
h05,1471122461657744917,p1,0,0,500,0,21,241,238,0,372,62,66,0,0,0,500,0
h05,1471122461657744917,p2,0,0,500,0,0,53,447,0,376,68,56,0,0,0,500,0
h05,1471122461657744917,p3,0,0,500,0,0,33,467,0,352,87,61,0,0,0,500,0
h05,1479147959489444654,p1,0,0,500,0,22,241,237,0,366,78,56,0,0,0,500,0
h05,1479147959489444654,p2,0,0,500,0,0,74,426,0,309,107,84,0,0,0,500,0
h05,1479147959489444654,p3,0,0,500,0,0,28,472,0,344,107,49,0,0,0,500,0
h05,1484155497122323042,p1,0,0,500,0,17,234,249,0,367,74,59,0,0,0,500,0
h05,1484155497122323042,p2,0,0,500,0,0,81,419,0,359,94,47,0,0,0,500,0
h05,1484155497122323042,p3,0,0,500,0,0,51,449,0,381,83,36,0,0,0,500,0
h05,1487709032117485537,p1,0,0,500,0,11,238,251,0,351,90,59,0,0,0,500,0
h05,1487709032117485537,p2,0,0,500,0,0,94,406,0,343,114,43,0,0,0,500,0
h05,1487709032117485537,p3,0,0,500,0,0,73,427,0,290,160,50,0,0,0,500,0
h05,1519488294889118655,p1,0,0,500,0,22,249,229,0,369,45,86,0,0,0,500,0
h05,1519488294889118655,p2,0,0,500,0,1,88,411,0,356,45,99,0,0,0,500,0
h05,1519488294889118655,p3,0,0,500,0,0,43,457,0,343,42,115,0,0,0,500,0
h05,1533005286116646433,p1,0,1,499,0,10,305,185,0,378,79,43,0,0,0,500,0
h05,1533005286116646433,p2,0,0,500,0,0,97,403,0,364,103,33,0,0,0,500,0
h05,1533005286116646433,p3,0,0,500,0,0,61,439,0,367,97,36,0,0,0,500,0
h05,154290695271280531,p1,0,1,499,0,9,230,261,0,376,65,59,0,0,0,500,0
h05,154290695271280531,p2,0,0,500,0,0,82,418,0,320,131,49,0,0,0,500,0
h05,154290695271280531,p3,0,0,500,0,0,51,449,0,379,89,32,0,0,0,500,0
h05,1565019962701827065,p1,0,0,500,0,10,203,287,0,369,60,71,0,0,0,500,0
h05,1565019962701827065,p2,0,0,500,0,0,52,448,0,374,89,37,0,0,0,500,0
h05,1565019962701827065,p3,0,0,500,0,0,29,471,0,344,127,29,0,0,0,500,0
h05,1574986924920696886,p1,0,1,499,0,14,267,219,0,360,90,50,0,0,0,500,0
h05,1574986924920696886,p2,0,0,500,0,0,98,402,0,383,83,34,0,0,0,500,0
h05,1574986924920696886,p3,0,0,500,0,0,57,443,0,384,90,26,0,0,0,500,0
h05,1580349572671575590,p1,0,0,500,0,20,265,215,0,361,72,67,0,0,0,500,0
h05,1580349572671575590,p2,0,0,500,0,0,72,428,0,368,86,46,0,0,0,500,0
h05,1580349572671575590,p3,0,0,500,0,0,35,465,0,376,80,44,0,0,0,500,0
h05,1598982521497360455,p1,0,0,500,0,17,228,255,0,354,77,69,0,0,0,500,0
h05,1598982521497360455,p2,0,0,500,0,0,65,435,0,315,136,49,0,0,0,500,0
h05,1598982521497360455,p3,0,0,500,0,0,32,468,0,272,196,32,0,0,0,500,0
h05,1603482522434575725,p1,0,1,499,0,18,246,236,0,372,77,51,0,0,0,500,0
h05,1603482522434575725,p2,0,0,500,0,0,63,437,0,353,108,39,0,0,0,500,0
h05,1603482522434575725,p3,0,0,500,0,0,41,459,0,364,93,43,0,0,0,500,0
h05,1604681021256874423,p1,0,0,500,0,12,297,191,0,366,91,43,0,0,0,500,0
h05,1604681021256874423,p2,0,0,500,0,0,143,357,0,371,101,28,0,0,0,500,0
h05,1604681021256874423,p3,0,0,500,0,0,78,422,0,332,143,25,0,0,0,500,0
h05,1615819314104942434,p1,0,0,500,0,24,289,187,0,373,77,50,0,0,0,500,0
h05,1615819314104942434,p2,0,0,500,0,1,109,390,0,389,80,31,0,0,0,500,0
h05,1615819314104942434,p3,0,0,500,0,0,63,437,0,315,157,28,0,0,0,500,0
h05,1619664180015500196,p1,0,0,500,0,11,280,209,0,395,58,47,0,0,0,500,0
h05,1619664180015500196,p2,0,0,500,0,0,75,425,0,367,98,35,0,0,0,500,0
h05,1619664180015500196,p3,0,0,500,0,0,44,456,0,303,142,55,0,0,0,500,0
h05,1623295449045941515,p1,0,0,500,0,16,261,223,0,353,86,61,0,0,0,500,0
h05,1623295449045941515,p2,0,0,500,0,0,99,401,0,396,74,30,0,0,0,500,0
h05,1623295449045941515,p3,0,0,500,0,0,73,427,0,386,90,24,0,0,0,500,0
h05,1634236169178787339,p1,0,1,499,0,17,279,204,0,379,81,40,0,0,0,500,0
h05,1634236169178787339,p2,0,0,500,0,0,115,385,0,371,93,36,0,0,0,500,0
h05,1634236169178787339,p3,0,0,500,0,0,74,426,0,335,127,38,0,0,0,500,0
h05,1655396935501401630,p1,0,1,499,0,19,255,226,0,371,82,47,0,0,0,500,0
h05,1655396935501401630,p2,0,0,500,0,0,146,354,0,324,134,42,0,0,0,500,0
h05,1655396935501401630,p3,0,0,500,0,0,65,435,0,382,87,31,0,0,0,500,0
h05,1658739413120076468,p1,0,0,500,0,17,266,217,0,389,63,48,0,0,0,500,0
h05,1658739413120076468,p2,0,0,500,0,0,93,407,0,382,76,42,0,0,0,500,0
h05,1658739413120076468,p3,0,0,500,0,0,31,469,0,360,104,36,0,0,0,500,0
h05,1672594961519705124,p1,0,0,500,0,14,246,240,0,365,72,63,0,0,0,500,0
h05,1672594961519705124,p2,0,0,500,0,0,68,432,0,354,106,40,0,0,0,500,0
h05,1672594961519705124,p3,0,0,500,0,0,39,461,0,372,95,33,0,0,0,500,0
h05,1763285806016433646,p1,0,0,500,0,17,238,245,0,370,79,51,0,0,0,500,0
h05,1763285806016433646,p2,0,0,500,0,0,87,413,0,344,123,33,0,0,0,500,0
h05,1763285806016433646,p3,0,0,500,0,0,46,454,0,373,98,29,0,0,0,500,0
h05,1786475875956838267,p1,0,0,500,0,11,244,245,0,345,90,65,0,0,0,500,0
h05,1786475875956838267,p2,0,0,500,0,0,81,419,0,332,131,37,0,0,0,500,0
h05,1786475875956838267,p3,0,0,500,0,0,42,458,0,367,98,35,0,0,0,500,0
h05,1792714074386981780,p1,0,1,499,0,15,243,242,0,373,71,56,0,0,0,500,0
h05,1792714074386981780,p2,0,0,500,0,0,79,421,0,370,83,47,0,0,0,500,0
h05,1792714074386981780,p3,0,0,500,0,0,47,453,0,384,78,38,0,0,0,500,0
h05,1817791909450168358,p1,0,0,500,0,17,279,204,0,368,86,46,0,0,0,500,0
h05,1817791909450168358,p2,0,0,500,0,0,114,386,0,342,121,37,0,0,0,500,0
h05,1817791909450168358,p3,0,0,500,0,0,57,443,0,377,86,37,0,0,0,500,0
h05,1827693092105995524,p1,0,0,500,0,22,286,192,0,379,74,47,0,0,0,500,0
h05,1827693092105995524,p2,0,0,500,0,0,122,378,0,366,100,34,0,0,0,500,0
h05,1827693092105995524,p3,0,0,500,0,0,96,404,0,337,135,28,0,0,0,500,0
h05,1831696679398629868,p1,0,1,499,0,15,251,234,0,381,70,49,0,0,0,500,0
h05,1831696679398629868,p2,0,0,500,0,0,86,414,0,300,148,52,0,0,0,500,0
h05,1831696679398629868,p3,0,0,500,0,0,38,462,0,343,114,43,0,0,0,500,0
h05,1831757781164456331,p1,0,1,499,0,13,245,242,0,382,61,57,0,0,0,500,0
h05,1831757781164456331,p2,0,0,500,0,1,91,408,0,379,84,37,0,0,0,500,0
h05,1831757781164456331,p3,0,0,500,0,0,57,443,0,385,87,28,0,0,0,500,0
h05,1835493084086831041,p1,0,4,496,0,12,265,223,0,355,50,95,0,0,0,500,0
h05,1835493084086831041,p2,0,0,500,0,0,95,405,0,363,47,90,0,0,0,500,0
h05,1835493084086831041,p3,0,0,500,0,0,49,451,0,273,91,136,0,0,0,500,0
h05,1835603583948599021,p1,0,0,500,0,15,298,187,0,362,85,53,0,0,0,500,0
h05,1835603583948599021,p2,0,0,500,0,0,102,398,0,349,110,41,0,0,0,500,0
h05,1835603583948599021,p3,0,0,500,0,0,71,429,0,307,158,35,0,0,0,500,0
h05,1850311416494250713,p1,0,0,500,0,16,257,227,0,357,80,63,0,0,0,500,0
h05,1850311416494250713,p2,0,0,500,0,0,84,416,0,359,93,48,0,0,0,500,0
h05,1850311416494250713,p3,0,0,500,0,0,34,466,0,327,135,38,0,0,0,500,0
h05,1872782207674529856,p1,0,2,498,0,16,277,207,0,369,75,56,0,0,0,500,0
h05,1872782207674529856,p2,0,0,500,0,0,122,378,0,340,126,34,0,0,0,500,0
h05,1872782207674529856,p3,0,0,500,0,0,65,435,0,327,136,37,0,0,0,500,0
h05,1890430071228034980,p1,0,0,500,0,15,204,281,0,368,78,54,0,0,0,500,0
h05,1890430071228034980,p2,0,0,500,0,0,37,463,0,394,67,39,0,0,0,500,0
h05,1890430071228034980,p3,0,0,500,0,0,16,484,0,331,116,53,0,0,0,500,0
h05,1894195556906630430,p1,0,0,500,0,10,310,180,0,390,65,45,0,0,0,500,0
h05,1894195556906630430,p2,0,0,500,0,0,137,363,0,365,98,37,0,0,0,500,0
h05,1894195556906630430,p3,0,0,500,0,0,83,417,0,338,135,27,0,0,0,500,0
h05,1912308451502797870,p1,0,0,500,0,23,255,222,0,383,86,31,0,0,0,500,0
h05,1912308451502797870,p2,0,0,500,0,0,111,389,0,298,171,31,0,0,0,500,0
h05,1912308451502797870,p3,0,0,500,0,0,49,451,0,333,131,36,0,0,0,500,0
h05,1955415757962736301,p1,0,0,500,0,23,259,218,0,365,74,61,0,0,0,500,0
h05,1955415757962736301,p2,0,0,500,0,0,96,404,0,330,134,36,0,0,0,500,0
h05,1955415757962736301,p3,0,0,500,0,0,71,429,0,387,78,35,0,0,0,500,0
h05,1982907247669806159,p1,0,1,499,0,8,290,202,0,386,74,40,0,0,0,500,0
h05,1982907247669806159,p2,0,0,500,0,0,124,376,0,364,82,54,0,0,0,500,0
h05,1982907247669806159,p3,0,0,500,0,0,45,455,0,328,132,40,0,0,0,500,0
h05,2015925084329406584,p1,0,1,499,0,9,266,225,0,363,93,44,0,0,0,500,0
h05,2015925084329406584,p2,0,0,500,0,0,89,411,0,352,117,31,0,0,0,500,0
h05,2015925084329406584,p3,0,0,500,0,0,55,445,0,383,92,25,0,0,0,500,0
h05,2022156699881960729,p1,0,1,499,0,20,246,234,0,367,79,54,0,0,0,500,0
h05,2022156699881960729,p2,0,0,500,0,0,83,417,0,341,124,35,0,0,0,500,0
h05,2022156699881960729,p3,0,0,500,0,0,41,459,0,373,104,23,0,0,0,500,0
h05,2033317270591491129,p1,0,1,499,0,13,272,215,0,392,63,45,0,0,0,500,0
h05,2033317270591491129,p2,0,0,500,0,0,152,348,0,383,78,39,0,0,0,500,0
h05,2033317270591491129,p3,0,0,500,0,0,63,437,0,304,158,38,0,0,0,500,0
h05,2049443784227955374,p1,0,0,500,0,10,258,232,0,355,75,70,0,0,0,500,0
h05,2049443784227955374,p2,0,0,500,0,0,65,435,0,382,76,42,0,0,0,500,0
h05,2049443784227955374,p3,0,0,500,0,0,46,454,0,376,70,54,0,0,0,500,0
h05,2051787133214203401,p1,0,1,499,0,13,240,247,0,367,82,51,0,0,0,500,0
h05,2051787133214203401,p2,0,0,500,0,0,86,414,0,379,52,69,0,0,0,500,0
h05,2051787133214203401,p3,0,0,500,0,0,48,452,0,318,147,35,0,0,0,500,0
h05,2071198562187270285,p1,0,2,498,0,16,251,233,0,374,70,56,0,0,0,500,0
h05,2071198562187270285,p2,0,0,500,0,1,83,416,0,346,112,42,0,0,0,500,0
h05,2071198562187270285,p3,0,0,500,0,0,38,462,0,360,106,34,0,0,0,500,0
h05,2084407245631035981,p1,0,1,499,0,13,299,188,0,366,88,46,0,0,0,500,0
h05,2084407245631035981,p2,0,0,500,0,0,135,365,0,383,81,36,0,0,0,500,0
h05,2084407245631035981,p3,0,0,500,0,0,91,409,0,368,104,28,0,0,0,500,0
h05,2109796282722423065,p1,0,0,500,0,16,237,247,0,371,70,59,0,0,0,500,0
h05,2109796282722423065,p2,0,0,500,0,0,87,413,0,374,86,40,0,0,0,500,0
h05,2109796282722423065,p3,0,0,500,0,0,69,431,0,300,146,54,0,0,0,500,0
h05,2111044634361609688,p1,0,1,499,0,11,270,219,0,395,59,46,0,0,0,500,0
h05,2111044634361609688,p2,0,0,500,0,0,101,399,0,393,74,33,0,0,0,500,0
h05,2111044634361609688,p3,0,0,500,0,0,86,414,0,340,126,34,0,0,0,500,0
h05,2134373124147706442,p1,0,1,499,0,14,241,245,0,385,58,57,0,0,0,500,0
h05,2134373124147706442,p2,0,0,500,0,0,72,428,0,323,142,35,0,0,0,500,0
h05,2134373124147706442,p3,0,0,500,0,0,50,450,0,375,95,30,0,0,0,500,0
h05,2150159936165665157,p1,0,1,499,0,22,276,202,0,385,65,50,0,0,0,500,0
h05,2150159936165665157,p2,0,0,500,0,0,137,363,0,351,119,30,0,0,0,500,0
h05,2150159936165665157,p3,0,0,500,0,0,78,422,0,368,88,44,0,0,0,500,0
h05,2157857166034569084,p1,0,0,500,0,13,294,193,0,371,52,77,0,0,0,500,0
h05,2157857166034569084,p2,0,0,500,0,0,115,385,0,352,45,103,0,0,0,500,0
h05,2157857166034569084,p3,0,0,500,0,0,65,435,0,381,58,61,0,0,0,500,0
h05,2172333262748770943,p1,0,3,497,0,13,287,200,0,380,69,51,0,0,0,500,0
h05,2172333262748770943,p2,0,0,500,0,0,133,367,0,370,91,39,0,0,0,500,0
h05,2172333262748770943,p3,0,0,500,0,0,67,433,0,321,145,34,0,0,0,500,0
h05,218992786585519762,p1,0,0,500,0,11,244,245,0,353,102,45,0,0,0,500,0
h05,218992786585519762,p2,0,0,500,0,0,88,412,0,367,96,37,0,0,0,500,0
h05,218992786585519762,p3,0,0,500,0,0,34,466,0,352,111,37,0,0,0,500,0
h05,2194664491335904575,p1,0,1,499,0,12,265,223,0,385,64,51,0,0,0,500,0
h05,2194664491335904575,p2,0,0,500,0,0,103,397,0,360,96,44,0,0,0,500,0
h05,2194664491335904575,p3,0,0,500,0,0,52,448,0,346,96,58,0,0,0,500,0
h05,2211615964893912798,p1,0,0,500,0,11,246,243,0,371,76,53,0,0,0,500,0
h05,2211615964893912798,p2,0,0,500,0,0,108,392,0,389,76,35,0,0,0,500,0
h05,2211615964893912798,p3,0,0,500,0,0,29,471,0,383,89,28,0,0,0,500,0
h05,2215070330670534269,p1,0,0,500,0,12,261,227,0,361,69,70,0,0,0,500,0
h05,2215070330670534269,p2,0,0,500,0,0,104,396,0,394,62,44,0,0,0,500,0
h05,2215070330670534269,p3,0,0,500,0,0,65,435,0,286,179,35,0,0,0,500,0
h05,2228771183941944748,p1,0,0,500,0,14,231,255,0,379,69,52,0,0,0,500,0
h05,2228771183941944748,p2,0,0,500,0,0,62,438,0,352,83,65,0,0,0,500,0
h05,2228771183941944748,p3,0,0,500,0,0,31,469,0,387,69,44,0,0,0,500,0
h05,2234244814687274129,p1,0,0,500,0,18,219,263,0,377,72,51,0,0,0,500,0
h05,2234244814687274129,p2,0,0,500,0,0,61,439,0,364,78,58,0,0,0,500,0
h05,2234244814687274129,p3,0,0,500,0,0,40,460,0,381,82,37,0,0,0,500,0
h05,2245883088762896338,p1,0,1,499,0,13,250,237,0,367,64,69,0,0,0,500,0
h05,2245883088762896338,p2,0,0,500,0,0,120,380,0,389,59,52,0,0,0,500,0
h05,2245883088762896338,p3,0,0,500,0,0,62,438,0,355,76,69,0,0,0,500,0
h05,2288303028313800114,p1,0,2,498,0,12,226,262,0,357,94,49,0,0,0,500,0
h05,2288303028313800114,p2,0,0,500,0,0,68,432,0,297,154,49,0,0,0,500,0
h05,2288303028313800114,p3,0,0,500,0,0,38,462,0,312,133,55,0,0,0,500,0
h05,23146925379839194,p1,0,0,500,0,16,261,223,0,385,60,55,0,0,0,500,0
h05,23146925379839194,p2,0,0,500,0,0,96,404,0,320,140,40,0,0,0,500,0
h05,23146925379839194,p3,0,0,500,0,0,56,444,0,270,176,54,0,0,0,500,0
h05,2315684253322038264,p1,0,0,500,0,18,277,205,0,377,62,61,0,0,0,500,0
h05,2315684253322038264,p2,0,0,500,0,0,85,415,0,385,66,49,0,0,0,500,0
h05,2315684253322038264,p3,0,0,500,0,0,53,447,0,327,108,65,0,0,0,500,0
h05,2316003991078191534,p1,0,1,499,0,16,267,217,0,383,72,45,0,0,0,500,0
h05,2316003991078191534,p2,0,0,500,0,0,116,384,0,357,114,29,0,0,0,500,0
h05,2316003991078191534,p3,0,0,500,0,0,73,427,0,372,101,27,0,0,0,500,0
h05,2324854691930503959,p1,0,1,499,0,9,269,222,0,377,80,43,0,0,0,500,0
h05,2324854691930503959,p2,0,0,500,0,0,125,375,0,330,132,38,0,0,0,500,0
h05,2324854691930503959,p3,0,0,500,0,0,61,439,0,343,95,62,0,0,0,500,0
h05,2329092494424995999,p1,0,1,499,0,12,291,197,0,369,77,54,0,0,0,500,0
h05,2329092494424995999,p2,0,0,500,0,0,124,376,0,365,95,40,0,0,0,500,0
h05,2329092494424995999,p3,0,0,500,0,0,64,436,0,334,131,35,0,0,0,500,0
h05,2353390558278663037,p1,0,0,500,0,20,232,248,0,372,80,48,0,0,0,500,0
h05,2353390558278663037,p2,0,0,500,0,0,46,454,0,373,93,34,0,0,0,500,0
h05,2353390558278663037,p3,0,0,500,0,0,25,475,0,260,196,44,0,0,0,500,0
h05,2363439723728621014,p1,0,2,498,0,5,279,216,0,383,71,46,0,0,0,500,0
h05,2363439723728621014,p2,0,0,500,0,0,93,407,0,372,85,43,0,0,0,500,0
h05,2363439723728621014,p3,0,0,500,0,0,61,439,0,360,102,38,0,0,0,500,0
h05,236522125182876818,p1,0,1,499,0,18,273,209,0,359,75,66,0,0,0,500,0
h05,236522125182876818,p2,0,0,500,0,0,90,410,0,356,119,25,0,0,0,500,0
h05,236522125182876818,p3,0,0,500,0,0,47,453,0,323,130,47,0,0,0,500,0
h05,2385682336494085482,p1,0,1,499,0,18,300,182,0,379,58,63,0,0,0,500,0
h05,2385682336494085482,p2,0,0,500,0,0,152,348,0,331,56,113,0,0,0,500,0
h05,2385682336494085482,p3,0,0,500,0,0,96,404,0,345,132,23,0,0,0,500,0
h05,240590294240973223,p1,0,2,498,0,13,289,198,0,373,81,46,0,0,0,500,0
h05,240590294240973223,p2,0,0,500,0,0,123,377,0,353,112,35,0,0,0,500,0
h05,240590294240973223,p3,0,0,500,0,0,74,426,0,344,113,43,0,0,0,500,0
h05,2415650474673207329,p1,0,0,500,0,10,274,216,0,384,75,41,0,0,0,500,0
h05,2415650474673207329,p2,0,0,500,0,0,100,400,0,394,66,40,0,0,0,500,0
h05,2415650474673207329,p3,0,0,500,0,0,58,442,0,326,140,34,0,0,0,500,0
h05,2441310548404372499,p1,0,0,500,0,13,295,192,0,377,71,52,0,0,0,500,0
h05,2441310548404372499,p2,0,0,500,0,0,126,374,0,343,121,36,0,0,0,500,0
h05,2441310548404372499,p3,0,0,500,0,0,41,459,0,347,124,29,0,0,0,500,0
h05,2502214477749922901,p1,0,0,500,0,16,269,215,0,376,73,51,0,0,0,500,0
h05,2502214477749922901,p2,0,0,500,0,0,74,426,0,376,77,47,0,0,0,500,0
h05,2502214477749922901,p3,0,0,500,0,0,43,457,0,306,148,46,0,0,0,500,0
h05,2513348774362333501,p1,0,0,500,0,22,266,212,0,376,63,61,0,0,0,500,0
h05,2513348774362333501,p2,0,0,500,0,0,54,446,0,363,94,43,0,0,0,500,0
h05,2513348774362333501,p3,0,0,500,0,0,61,439,0,338,108,54,0,0,0,500,0
h05,2514026999351602161,p1,0,1,499,0,14,274,212,0,379,75,46,0,0,0,500,0
h05,2514026999351602161,p2,0,0,500,0,0,116,384,0,385,83,32,0,0,0,500,0
h05,2514026999351602161,p3,0,0,500,0,0,57,443,0,373,98,29,0,0,0,500,0
h05,2556206719640530903,p1,0,0,500,0,13,221,266,0,375,71,54,0,0,0,500,0
h05,2556206719640530903,p2,0,0,500,0,0,69,431,0,377,80,43,0,0,0,500,0
h05,2556206719640530903,p3,0,0,500,0,0,32,468,0,365,98,37,0,0,0,500,0
h05,2561284945642648354,p1,0,0,500,0,14,246,240,0,373,58,69,0,0,0,500,0
h05,2561284945642648354,p2,0,0,500,0,0,69,431,0,373,71,56,0,0,0,500,0
h05,2561284945642648354,p3,0,0,500,0,0,16,484,0,356,83,61,0,0,0,500,0
h05,2594160632475613918,p1,0,0,500,0,18,249,233,0,390,36,74,0,0,0,500,0
h05,2594160632475613918,p2,0,0,500,0,0,79,421,0,374,23,103,0,0,0,500,0
h05,2594160632475613918,p3,0,0,500,0,0,22,478,0,335,41,124,0,0,0,500,0
h05,2594930482647574356,p1,0,0,500,0,11,282,207,0,374,73,53,0,0,0,500,0
h05,2594930482647574356,p2,0,0,500,0,0,74,426,0,373,92,35,0,0,0,500,0
h05,2594930482647574356,p3,0,0,500,0,0,63,437,0,302,155,43,0,0,0,500,0
h05,263368955851692831,p1,0,1,499,0,11,239,250,0,381,68,51,0,0,0,500,0
h05,263368955851692831,p2,0,0,500,0,0,78,422,0,400,56,44,0,0,0,500,0
h05,263368955851692831,p3,0,0,500,0,0,57,443,0,386,74,40,0,0,0,500,0
h05,2643665608221132916,p1,0,0,500,0,14,212,274,0,385,72,43,0,0,0,500,0
h05,2643665608221132916,p2,0,0,500,0,0,34,466,0,372,74,54,0,0,0,500,0
h05,2643665608221132916,p3,0,0,500,0,0,26,474,0,384,81,35,0,0,0,500,0
h05,2648611874961412935,p1,0,0,500,0,13,282,205,0,363,79,58,0,0,0,500,0
h05,2648611874961412935,p2,0,0,500,0,0,101,399,0,339,121,40,0,0,0,500,0
h05,2648611874961412935,p3,0,0,500,0,0,51,449,0,339,136,25,0,0,0,500,0
h05,2657134930824662940,p1,0,0,500,0,12,259,229,0,317,123,60,0,0,0,500,0
h05,2657134930824662940,p2,0,0,500,0,0,96,404,0,386,74,40,0,0,0,500,0
h05,2657134930824662940,p3,0,0,500,0,0,62,438,0,381,90,29,0,0,0,500,0
h05,266536880896168669,p1,0,0,500,0,19,273,208,0,391,67,42,0,0,0,500,0
h05,266536880896168669,p2,0,0,500,0,0,102,398,0,402,72,26,0,0,0,500,0
h05,266536880896168669,p3,0,0,500,0,0,37,463,0,355,103,42,0,0,0,500,0
h05,272858877937442746,p1,0,0,500,0,19,268,213,0,378,79,43,0,0,0,500,0
h05,272858877937442746,p2,0,0,500,0,0,91,409,0,353,116,31,0,0,0,500,0
h05,272858877937442746,p3,0,0,500,0,0,35,465,0,341,127,32,0,0,0,500,0
h05,2748535386780944677,p1,0,0,500,0,20,272,208,0,352,82,66,0,0,0,500,0
h05,2748535386780944677,p2,0,0,500,0,0,95,405,0,379,89,32,0,0,0,500,0
h05,2748535386780944677,p3,0,0,500,0,0,74,426,0,350,116,34,0,0,0,500,0
h05,2768013358589572946,p1,0,2,498,0,19,290,191,0,358,70,72,0,0,0,500,0
h05,2768013358589572946,p2,0,0,500,0,0,103,397,0,350,93,57,0,0,0,500,0
h05,2768013358589572946,p3,0,0,500,0,0,43,457,0,342,112,46,0,0,0,500,0
h05,2769887300915530433,p1,0,0,500,0,11,264,225,0,378,35,87,0,0,0,500,0
h05,2769887300915530433,p2,0,0,500,0,0,105,395,0,332,47,121,0,0,0,500,0
h05,2769887300915530433,p3,0,0,500,0,0,51,449,0,352,34,114,0,0,0,500,0
h05,2793711213639074442,p1,0,0,500,0,13,238,249,0,387,53,60,0,0,0,500,0
h05,2793711213639074442,p2,0,0,500,0,0,85,415,0,356,87,57,0,0,0,500,0
h05,2793711213639074442,p3,0,0,500,0,0,22,478,0,359,88,53,0,0,0,500,0
h05,2819096609779749247,p1,0,1,499,0,18,246,236,0,383,65,52,0,0,0,500,0
h05,2819096609779749247,p2,0,0,500,0,0,75,425,0,358,102,40,0,0,0,500,0
h05,2819096609779749247,p3,0,0,500,0,0,42,458,0,347,105,48,0,0,0,500,0
h05,2852478797854467960,p1,0,1,499,0,21,276,203,0,386,74,40,0,0,0,500,0
h05,2852478797854467960,p2,0,0,500,0,0,106,394,0,371,66,63,0,0,0,500,0
h05,2852478797854467960,p3,0,0,500,0,0,82,418,0,312,133,55,0,0,0,500,0
h05,2868243242050593548,p1,0,0,500,0,11,229,260,0,364,74,62,0,0,0,500,0
h05,2868243242050593548,p2,0,0,500,0,0,81,419,0,364,97,39,0,0,0,500,0
h05,2868243242050593548,p3,0,0,500,0,0,26,474,0,352,89,59,0,0,0,500,0
h05,2873793647919478335,p1,0,2,498,0,13,252,235,0,373,76,51,0,0,0,500,0
h05,2873793647919478335,p2,0,0,500,0,0,112,388,0,374,87,39,0,0,0,500,0
h05,2873793647919478335,p3,0,0,500,0,0,55,445,0,323,149,28,0,0,0,500,0
h05,2875096199980571401,p1,0,0,500,0,9,278,213,0,364,94,42,0,0,0,500,0
h05,2875096199980571401,p2,0,0,500,0,0,108,392,0,387,77,36,0,0,0,500,0
h05,2875096199980571401,p3,0,0,500,0,0,41,459,0,376,85,39,0,0,0,500,0
h05,2877962110587491459,p1,0,2,498,0,16,228,256,0,369,78,53,0,0,0,500,0
h05,2877962110587491459,p2,0,0,500,0,0,77,423,0,372,91,37,0,0,0,500,0
h05,2877962110587491459,p3,0,0,500,0,0,47,453,0,376,86,38,0,0,0,500,0
h05,2878018892401122246,p1,0,0,500,0,10,255,235,0,347,96,57,0,0,0,500,0
h05,2878018892401122246,p2,0,0,500,0,0,79,421,0,338,124,38,0,0,0,500,0
h05,2878018892401122246,p3,0,0,500,0,0,68,432,0,361,96,43,0,0,0,500,0
h05,2881712073384680095,p1,0,1,499,0,14,251,235,0,387,50,63,0,0,0,500,0
h05,2881712073384680095,p2,0,0,500,0,0,92,408,0,389,36,75,0,0,0,500,0
h05,2881712073384680095,p3,0,0,500,0,0,79,421,0,367,29,104,0,0,0,500,0
h05,2886475517365525834,p1,0,0,500,0,28,252,220,0,370,69,61,0,0,0,500,0
h05,2886475517365525834,p2,0,0,500,0,0,80,420,0,383,81,36,0,0,0,500,0
h05,2886475517365525834,p3,0,0,500,0,0,48,452,0,361,107,32,0,0,0,500,0
h05,2890181523104987576,p1,0,0,500,0,11,260,229,0,360,82,58,0,0,0,500,0
h05,2890181523104987576,p2,0,0,500,0,0,93,407,0,340,106,54,0,0,0,500,0
h05,2890181523104987576,p3,0,0,500,0,0,42,458,0,238,213,49,0,0,0,500,0
h05,2941719576958868389,p1,0,0,500,0,18,257,225,0,368,80,52,0,0,0,500,0
h05,2941719576958868389,p2,0,0,500,0,0,97,403,0,360,108,32,0,0,0,500,0
h05,2941719576958868389,p3,0,0,500,0,0,34,466,0,311,155,34,0,0,0,500,0
h05,294206744387707502,p1,0,0,500,0,17,290,193,0,376,68,56,0,0,0,500,0
h05,294206744387707502,p2,0,0,500,0,0,115,385,0,356,114,30,0,0,0,500,0
h05,294206744387707502,p3,0,0,500,0,0,78,422,0,339,130,31,0,0,0,500,0
h05,2949824631752874456,p1,0,0,500,0,11,261,228,0,367,88,45,0,0,0,500,0
h05,2949824631752874456,p2,0,0,500,0,0,92,408,0,364,98,38,0,0,0,500,0
h05,2949824631752874456,p3,0,0,500,0,0,50,450,0,363,106,31,0,0,0,500,0
h05,2983972839640826529,p1,0,0,500,0,25,265,210,0,348,83,69,0,0,0,500,0
h05,2983972839640826529,p2,0,0,500,0,0,57,443,0,346,115,39,0,0,0,500,0
h05,2983972839640826529,p3,0,0,500,0,0,40,460,0,358,113,29,0,0,0,500,0
h05,3005050390121271868,p1,0,0,500,0,15,245,240,0,364,73,63,0,0,0,500,0
h05,3005050390121271868,p2,0,0,500,0,0,69,431,0,342,110,48,0,0,0,500,0
h05,3005050390121271868,p3,0,0,500,0,0,29,471,0,384,78,38,0,0,0,500,0
h05,3048685216672930222,p1,0,0,500,0,12,228,260,0,356,85,59,0,0,0,500,0
h05,3048685216672930222,p2,0,0,500,0,0,73,427,0,277,187,36,0,0,0,500,0
h05,3048685216672930222,p3,0,0,500,0,0,22,478,0,340,127,33,0,0,0,500,0
h05,3094750602436115619,p1,0,1,499,0,16,251,233,0,362,83,55,0,0,0,500,0
h05,3094750602436115619,p2,0,0,500,0,0,69,431,0,307,157,36,0,0,0,500,0
h05,3094750602436115619,p3,0,0,500,0,0,43,457,0,302,157,41,0,0,0,500,0
h05,3102087033776832206,p1,0,0,500,0,18,262,220,0,376,64,60,0,0,0,500,0
h05,3102087033776832206,p2,0,0,500,0,1,88,411,0,358,97,45,0,0,0,500,0
h05,3102087033776832206,p3,0,0,500,0,0,65,435,0,295,175,30,0,0,0,500,0
h05,3154478712643722168,p1,0,0,500,0,17,292,191,0,377,77,46,0,0,0,500,0
h05,3154478712643722168,p2,0,0,500,0,0,117,383,0,364,108,28,0,0,0,500,0
h05,3154478712643722168,p3,0,0,500,0,0,59,441,0,386,85,29,0,0,0,500,0
h05,3156338250560751663,p1,0,1,499,0,10,273,217,0,368,68,64,0,0,0,500,0
h05,3156338250560751663,p2,0,0,500,0,0,120,380,0,362,96,42,0,0,0,500,0
h05,3156338250560751663,p3,0,0,500,0,0,87,413,0,334,132,34,0,0,0,500,0
h05,3168617480241716285,p1,0,0,500,0,8,263,229,0,382,70,48,0,0,0,500,0
h05,3168617480241716285,p2,0,0,500,0,0,142,358,0,380,86,34,0,0,0,500,0
h05,3168617480241716285,p3,0,0,500,0,0,53,447,0,357,109,34,0,0,0,500,0
h05,3183773561331794744,p1,0,2,498,0,17,309,174,0,372,78,50,0,0,0,500,0
h05,3183773561331794744,p2,0,0,500,0,0,98,402,0,391,76,33,0,0,0,500,0
h05,3183773561331794744,p3,0,0,500,0,0,61,439,0,355,107,38,0,0,0,500,0
h05,3190795366140374516,p1,0,0,500,0,16,268,216,0,354,96,50,0,0,0,500,0
h05,3190795366140374516,p2,0,0,500,0,0,84,416,0,329,126,45,0,0,0,500,0
h05,3190795366140374516,p3,0,0,500,0,0,55,445,0,320,152,28,0,0,0,500,0
h05,3194215750625306473,p1,0,0,500,0,14,282,204,0,375,77,48,0,0,0,500,0
h05,3194215750625306473,p2,0,0,500,0,0,87,413,0,354,107,39,0,0,0,500,0
h05,3194215750625306473,p3,0,0,500,0,0,28,472,0,404,64,32,0,0,0,500,0
h05,3227664716567157262,p1,0,1,499,0,13,257,230,0,359,78,63,0,0,0,500,0
h05,3227664716567157262,p2,0,0,500,0,0,102,398,0,315,144,41,0,0,0,500,0
h05,3227664716567157262,p3,0,0,500,0,0,32,468,0,360,90,50,0,0,0,500,0
h05,3236963627778638242,p1,0,2,498,0,17,286,197,0,361,100,39,0,0,0,500,0
h05,3236963627778638242,p2,0,0,500,0,0,131,369,0,391,81,28,0,0,0,500,0
h05,3236963627778638242,p3,0,0,500,0,0,95,405,0,391,73,36,0,0,0,500,0
h05,3241383371450880742,p1,0,0,500,0,12,269,219,0,364,84,52,0,0,0,500,0
h05,3241383371450880742,p2,0,0,500,0,0,106,394,0,366,63,71,0,0,0,500,0
h05,3241383371450880742,p3,0,0,500,0,0,40,460,0,338,46,116,0,0,0,500,0
h05,3242636241902565926,p1,0,1,499,0,16,270,214,0,387,58,55,0,0,0,500,0
h05,3242636241902565926,p2,0,0,500,0,0,76,424,0,329,132,39,0,0,0,500,0
h05,3242636241902565926,p3,0,0,500,0,0,43,457,0,302,160,38,0,0,0,500,0
h05,3245000264646322590,p1,0,1,499,0,10,285,205,0,381,72,47,0,0,0,500,0
h05,3245000264646322590,p2,0,0,500,0,0,120,380,0,354,109,37,0,0,0,500,0
h05,3245000264646322590,p3,0,0,500,0,0,56,444,0,367,95,38,0,0,0,500,0
h05,3250084756891238329,p1,0,1,499,0,16,277,207,0,374,80,46,0,0,0,500,0
h05,3250084756891238329,p2,0,0,500,0,0,86,414,0,324,96,80,0,0,0,500,0
h05,3250084756891238329,p3,0,0,500,0,0,35,465,0,356,83,61,0,0,0,500,0
h05,3266500550218017543,p1,0,0,500,0,10,242,248,0,384,33,83,0,0,0,500,0
h05,3266500550218017543,p2,0,0,500,0,0,74,426,0,329,52,119,0,0,0,500,0
h05,3266500550218017543,p3,0,0,500,0,0,39,461,0,333,42,125,0,0,0,500,0
h05,3267388951636920434,p1,0,0,500,0,18,243,239,0,385,41,74,0,0,0,500,0
h05,3267388951636920434,p2,0,0,500,0,0,56,444,0,379,32,89,0,0,0,500,0
h05,3267388951636920434,p3,0,0,500,0,0,39,461,0,328,77,95,0,0,0,500,0
h05,327693866498517178,p1,0,0,500,0,12,223,265,0,357,69,74,0,0,0,500,0
h05,327693866498517178,p2,0,0,500,0,0,32,468,0,353,64,83,0,0,0,500,0
h05,327693866498517178,p3,0,0,500,0,0,24,476,0,335,64,101,0,0,0,500,0
h05,3288853020649340908,p1,0,2,498,0,11,262,227,0,375,72,53,0,0,0,500,0
h05,3288853020649340908,p2,0,0,500,0,0,86,414,0,357,104,39,0,0,0,500,0
h05,3288853020649340908,p3,0,0,500,0,0,40,460,0,316,150,34,0,0,0,500,0
h05,3324021796230440556,p1,0,0,500,0,21,261,218,0,370,78,52,0,0,0,500,0
h05,3324021796230440556,p2,0,0,500,0,0,90,410,0,383,84,33,0,0,0,500,0
h05,3324021796230440556,p3,0,0,500,0,0,81,419,0,321,136,43,0,0,0,500,0
h05,3324665535878053762,p1,0,0,500,0,3,255,242,0,375,74,51,0,0,0,500,0
h05,3324665535878053762,p2,0,0,500,0,0,77,423,0,355,112,33,0,0,0,500,0
h05,3324665535878053762,p3,0,0,500,0,0,65,435,0,349,113,38,0,0,0,500,0
h05,3326514799269308837,p1,0,0,500,0,17,255,228,0,382,57,61,0,0,0,500,0
h05,3326514799269308837,p2,0,0,500,0,0,93,407,0,344,74,82,0,0,0,500,0
h05,3326514799269308837,p3,0,0,500,0,0,33,467,0,370,95,35,0,0,0,500,0
h05,3330728579753376144,p1,0,1,499,0,15,287,198,0,385,67,48,0,0,0,500,0
h05,3330728579753376144,p2,0,0,500,0,0,103,397,0,313,151,36,0,0,0,500,0
h05,3330728579753376144,p3,0,0,500,0,0,65,435,0,385,88,27,0,0,0,500,0
h05,3362260376092385178,p1,0,0,500,0,20,275,205,0,378,57,65,0,0,0,500,0
h05,3362260376092385178,p2,0,0,500,0,0,102,398,0,322,140,38,0,0,0,500,0
h05,3362260376092385178,p3,0,0,500,0,0,58,442,0,323,133,44,0,0,0,500,0
h05,3373045206563189524,p1,0,0,500,0,11,246,243,0,356,83,61,0,0,0,500,0
h05,3373045206563189524,p2,0,0,500,0,0,78,422,0,367,87,46,0,0,0,500,0
h05,3373045206563189524,p3,0,0,500,0,0,51,449,0,331,131,38,0,0,0,500,0
h05,3407223520862521737,p1,0,1,499,0,19,268,213,0,370,74,56,0,0,0,500,0
h05,3407223520862521737,p2,0,0,500,0,0,83,417,0,382,92,26,0,0,0,500,0
h05,3407223520862521737,p3,0,0,500,0,0,86,414,0,345,129,26,0,0,0,500,0
h05,3461153620878424070,p1,0,0,500,0,15,268,217,0,345,98,57,0,0,0,500,0
h05,3461153620878424070,p2,0,0,500,0,0,86,414,0,384,79,37,0,0,0,500,0
h05,3461153620878424070,p3,0,0,500,0,0,52,448,0,321,123,56,0,0,0,500,0
h05,3461961311160285679,p1,0,0,500,0,15,279,206,0,379,62,59,0,0,0,500,0
h05,3461961311160285679,p2,0,0,500,0,0,172,328,0,303,116,81,0,0,0,500,0
h05,3461961311160285679,p3,0,0,500,0,0,94,406,0,375,70,55,0,0,0,500,0
h05,3464658352616882037,p1,0,0,500,0,14,237,249,0,375,70,55,0,0,0,500,0
h05,3464658352616882037,p2,0,0,500,0,0,52,448,0,296,168,36,0,0,0,500,0
h05,3464658352616882037,p3,0,0,500,0,0,32,468,0,336,118,46,0,0,0,500,0
h05,3464772875341652782,p1,0,0,500,0,18,249,233,0,399,58,43,0,0,0,500,0
h05,3464772875341652782,p2,0,0,500,0,0,77,423,0,354,90,56,0,0,0,500,0
h05,3464772875341652782,p3,0,0,500,0,0,79,421,0,380,101,19,0,0,0,500,0
h05,3468527084758718009,p1,0,0,500,0,15,274,211,0,368,76,56,0,0,0,500,0
h05,3468527084758718009,p2,0,0,500,0,0,101,399,0,319,138,43,0,0,0,500,0
h05,3468527084758718009,p3,0,0,500,0,0,72,428,0,350,117,33,0,0,0,500,0
h05,3472101264269831400,p1,0,0,500,0,13,256,231,0,366,73,61,0,0,0,500,0
h05,3472101264269831400,p2,0,0,500,0,0,95,405,0,364,95,41,0,0,0,500,0
h05,3472101264269831400,p3,0,0,500,0,0,51,449,0,354,110,36,0,0,0,500,0
h05,3483914507240149866,p1,0,2,498,0,14,276,210,0,389,58,53,0,0,0,500,0
h05,3483914507240149866,p2,0,0,500,0,0,85,415,0,335,117,48,0,0,0,500,0
h05,3483914507240149866,p3,0,0,500,0,0,59,441,0,388,74,38,0,0,0,500,0
h05,3508644083957044848,p1,0,0,500,0,12,281,207,0,369,74,57,0,0,0,500,0
h05,3508644083957044848,p2,0,0,500,0,0,123,377,0,383,78,39,0,0,0,500,0
h05,3508644083957044848,p3,0,0,500,0,0,60,440,0,365,100,35,0,0,0,500,0
h05,3516512626352426233,p1,0,1,499,0,15,253,232,0,365,78,57,0,0,0,500,0
h05,3516512626352426233,p2,0,0,500,0,0,91,409,0,381,82,37,0,0,0,500,0
h05,3516512626352426233,p3,0,0,500,0,0,51,449,0,325,132,43,0,0,0,500,0
h05,3528402505503618290,p1,0,1,499,0,12,253,235,0,373,63,64,0,0,0,500,0
h05,3528402505503618290,p2,0,0,500,0,0,84,416,0,376,81,43,0,0,0,500,0
h05,3528402505503618290,p3,0,0,500,0,0,40,460,0,348,93,59,0,0,0,500,0
h05,3540262657286518291,p1,0,1,499,0,27,294,179,0,370,84,46,0,0,0,500,0
h05,3540262657286518291,p2,0,0,500,0,0,138,362,0,304,159,37,0,0,0,500,0
h05,3540262657286518291,p3,0,0,500,0,0,59,441,0,357,110,33,0,0,0,500,0
h05,3540456257748157535,p1,0,0,500,0,7,216,277,0,356,71,73,0,0,0,500,0
h05,3540456257748157535,p2,0,0,500,0,0,62,438,0,294,130,76,0,0,0,500,0
h05,3540456257748157535,p3,0,0,500,0,0,26,474,0,367,87,46,0,0,0,500,0
h05,3544710007468744904,p1,0,0,500,0,12,226,262,0,361,71,68,0,0,0,500,0
h05,3544710007468744904,p2,0,0,500,0,0,75,425,0,365,82,53,0,0,0,500,0
h05,3544710007468744904,p3,0,0,500,0,0,59,441,0,354,94,52,0,0,0,500,0
h05,3551272699908572124,p1,0,0,500,0,11,240,249,0,366,68,66,0,0,0,500,0
h05,3551272699908572124,p2,0,0,500,0,0,54,446,0,370,84,46,0,0,0,500,0
h05,3551272699908572124,p3,0,0,500,0,0,27,473,0,367,84,49,0,0,0,500,0
h05,3591561836621665688,p1,0,0,500,0,15,297,188,0,368,85,47,0,0,0,500,0
h05,3591561836621665688,p2,0,0,500,0,0,149,351,0,345,132,23,0,0,0,500,0
h05,3591561836621665688,p3,0,0,500,0,0,72,428,0,341,132,27,0,0,0,500,0
h05,3600462931228260834,p1,0,0,500,0,15,252,233,0,371,71,58,0,0,0,500,0
h05,3600462931228260834,p2,0,0,500,0,0,79,421,0,339,127,34,0,0,0,500,0
h05,3600462931228260834,p3,0,0,500,0,0,46,454,0,338,134,28,0,0,0,500,0
h05,3628011086725781549,p1,0,0,500,0,16,211,273,0,358,95,47,0,0,0,500,0
h05,3628011086725781549,p2,0,0,500,0,0,65,435,0,373,87,40,0,0,0,500,0
h05,3628011086725781549,p3,0,0,500,0,0,35,465,0,356,106,38,0,0,0,500,0
h05,366504081612037806,p1,0,1,499,0,9,277,214,0,389,57,54,0,0,0,500,0
h05,366504081612037806,p2,0,0,500,0,0,93,407,0,324,125,51,0,0,0,500,0
h05,366504081612037806,p3,0,0,500,0,0,52,448,0,366,96,38,0,0,0,500,0
h05,3683354837660023714,p1,0,3,497,0,13,263,224,0,370,81,49,0,0,0,500,0
h05,3683354837660023714,p2,0,0,500,0,0,121,379,0,376,87,37,0,0,0,500,0
h05,3683354837660023714,p3,0,0,500,0,0,59,441,0,375,78,47,0,0,0,500,0
h05,3697800141377835930,p1,0,1,499,0,10,227,263,0,384,50,66,0,0,0,500,0
h05,3697800141377835930,p2,0,0,500,0,0,68,432,0,353,106,41,0,0,0,500,0
h05,3697800141377835930,p3,0,0,500,0,0,35,465,0,369,85,46,0,0,0,500,0
h05,3728243172029813616,p1,0,1,499,0,13,240,247,0,378,71,51,0,0,0,500,0
h05,3728243172029813616,p2,0,0,500,0,0,87,413,0,329,132,39,0,0,0,500,0
h05,3728243172029813616,p3,0,0,500,0,0,28,472,0,361,105,34,0,0,0,500,0
h05,374255776926745252,p1,0,3,497,0,10,290,200,0,365,77,58,0,0,0,500,0
h05,374255776926745252,p2,0,0,500,0,0,143,357,0,409,56,35,0,0,0,500,0
h05,374255776926745252,p3,0,0,500,0,0,73,427,0,297,166,37,0,0,0,500,0
h05,3742697547847462045,p1,0,0,500,0,21,277,202,0,365,78,57,0,0,0,500,0
h05,3742697547847462045,p2,0,0,500,0,0,136,364,0,356,109,35,0,0,0,500,0
h05,3742697547847462045,p3,0,0,500,0,0,65,435,0,373,83,44,0,0,0,500,0
h05,3815688738649623074,p1,0,2,498,0,8,259,233,0,381,64,55,0,0,0,500,0
h05,3815688738649623074,p2,0,0,500,0,0,88,412,0,371,72,57,0,0,0,500,0
h05,3815688738649623074,p3,0,0,500,0,0,45,455,0,363,81,56,0,0,0,500,0
h05,382052450610395805,p1,0,2,498,0,22,249,229,0,372,74,54,0,0,0,500,0
h05,382052450610395805,p2,0,0,500,0,0,73,427,0,373,88,39,0,0,0,500,0
h05,382052450610395805,p3,0,0,500,0,0,44,456,0,376,81,43,0,0,0,500,0
h05,383812516780300523,p1,0,2,498,0,11,280,209,0,360,87,53,0,0,0,500,0
h05,383812516780300523,p2,0,0,500,0,1,129,370,0,401,65,34,0,0,0,500,0
h05,383812516780300523,p3,0,0,500,0,0,95,405,0,341,114,45,0,0,0,500,0
h05,3855555172309214120,p1,0,0,500,0,16,244,240,0,379,73,48,0,0,0,500,0
h05,3855555172309214120,p2,0,0,500,0,0,72,428,0,339,122,39,0,0,0,500,0
h05,3855555172309214120,p3,0,0,500,0,0,22,478,0,387,77,36,0,0,0,500,0
h05,3862019942008193973,p1,0,2,498,0,14,278,208,0,375,66,59,0,0,0,500,0
h05,3862019942008193973,p2,0,0,500,0,0,116,384,0,383,78,39,0,0,0,500,0
h05,3862019942008193973,p3,0,0,500,0,0,49,451,0,323,136,41,0,0,0,500,0
h05,3907362529183351269,p1,0,1,499,0,8,303,189,0,391,61,48,0,0,0,500,0
h05,3907362529183351269,p2,0,0,500,0,0,141,359,0,381,84,35,0,0,0,500,0
h05,3907362529183351269,p3,0,0,500,0,0,87,413,0,361,104,35,0,0,0,500,0
h05,3921468097767567940,p1,0,0,500,0,13,243,244,0,399,53,48,0,0,0,500,0
h05,3921468097767567940,p2,0,0,500,0,0,77,423,0,358,105,37,0,0,0,500,0
h05,3921468097767567940,p3,0,0,500,0,0,52,448,0,325,124,51,0,0,0,500,0
h05,3922945914693752804,p1,0,0,500,0,12,242,246,0,373,64,63,0,0,0,500,0
h05,3922945914693752804,p2,0,0,500,0,0,96,404,0,355,100,45,0,0,0,500,0
h05,3922945914693752804,p3,0,0,500,0,0,37,463,0,356,91,53,0,0,0,500,0
h05,4021405358324808277,p1,0,0,500,0,11,261,228,0,350,89,61,0,0,0,500,0
h05,4021405358324808277,p2,0,0,500,0,0,72,428,0,334,137,29,0,0,0,500,0
h05,4021405358324808277,p3,0,0,500,0,0,38,462,0,346,114,40,0,0,0,500,0
h05,4023023869728563480,p1,0,0,500,0,14,273,213,0,372,87,41,0,0,0,500,0
h05,4023023869728563480,p2,0,0,500,0,0,82,418,0,374,92,34,0,0,0,500,0
h05,4023023869728563480,p3,0,0,500,0,0,74,426,0,337,134,29,0,0,0,500,0
h05,4024473645260195300,p1,0,0,500,0,17,292,191,0,368,93,39,0,0,0,500,0
h05,4024473645260195300,p2,0,0,500,0,0,94,406,0,337,126,37,0,0,0,500,0
h05,4024473645260195300,p3,0,0,500,0,0,55,445,0,354,107,39,0,0,0,500,0
h05,403757262444406996,p1,0,2,498,0,12,280,208,0,370,69,61,0,0,0,500,0
h05,403757262444406996,p2,0,0,500,0,0,111,389,0,310,145,45,0,0,0,500,0
h05,403757262444406996,p3,0,0,500,0,0,67,433,0,393,60,47,0,0,0,500,0
h05,4071624422373318317,p1,0,0,500,0,21,288,191,0,389,70,41,0,0,0,500,0
h05,4071624422373318317,p2,0,0,500,0,0,148,352,0,388,85,27,0,0,0,500,0
h05,4071624422373318317,p3,0,0,500,0,0,57,443,0,368,94,38,0,0,0,500,0
h05,4107426017595271929,p1,0,0,500,0,24,273,203,0,374,73,53,0,0,0,500,0
h05,4107426017595271929,p2,0,0,500,0,0,105,395,0,323,135,42,0,0,0,500,0
h05,4107426017595271929,p3,0,0,500,0,0,51,449,0,352,106,42,0,0,0,500,0
h05,4151196931492531905,p1,0,0,500,0,13,300,187,0,367,79,54,0,0,0,500,0
h05,4151196931492531905,p2,0,0,500,0,0,106,394,0,385,71,44,0,0,0,500,0
h05,4151196931492531905,p3,0,0,500,0,0,52,448,0,378,78,44,0,0,0,500,0
h05,415509680525057690,p1,0,0,500,0,13,253,234,0,360,72,68,0,0,0,500,0
h05,415509680525057690,p2,0,0,500,0,0,73,427,0,359,92,49,0,0,0,500,0
h05,415509680525057690,p3,0,0,500,0,0,37,463,0,386,67,47,0,0,0,500,0
h05,4199866318404237823,p1,0,2,498,0,15,300,185,0,373,69,58,0,0,0,500,0
h05,4199866318404237823,p2,0,0,500,0,0,127,373,0,364,110,26,0,0,0,500,0
h05,4199866318404237823,p3,0,0,500,0,0,52,448,0,316,137,47,0,0,0,500,0
h05,4217258082257466843,p1,0,0,500,0,16,270,214,0,379,60,61,0,0,0,500,0
h05,4217258082257466843,p2,0,0,500,0,0,133,367,0,345,110,45,0,0,0,500,0
h05,4217258082257466843,p3,0,0,500,0,0,70,430,0,387,82,31,0,0,0,500,0
h05,4243639856503260845,p1,0,1,499,0,13,262,225,0,371,69,60,0,0,0,500,0
h05,4243639856503260845,p2,0,0,500,0,0,106,394,0,394,79,27,0,0,0,500,0
h05,4243639856503260845,p3,0,0,500,0,0,40,460,0,367,103,30,0,0,0,500,0
h05,4269184530108768655,p1,0,1,499,0,12,259,229,0,381,67,52,0,0,0,500,0
h05,4269184530108768655,p2,0,0,500,0,0,93,407,0,364,96,40,0,0,0,500,0
h05,4269184530108768655,p3,0,0,500,0,0,45,455,0,358,89,53,0,0,0,500,0
h05,4274219321748408892,p1,0,0,500,0,22,232,246,0,356,93,51,0,0,0,500,0
h05,4274219321748408892,p2,0,0,500,0,0,84,416,0,334,117,49,0,0,0,500,0
h05,4274219321748408892,p3,0,0,500,0,0,47,453,0,347,107,46,0,0,0,500,0
h05,4276586841675123098,p1,0,0,500,0,16,247,237,0,351,66,83,0,0,0,500,0
h05,4276586841675123098,p2,0,0,500,0,0,83,417,0,386,55,59,0,0,0,500,0
h05,4276586841675123098,p3,0,0,500,0,0,54,446,0,347,72,81,0,0,0,500,0
h05,4315457210739725962,p1,0,0,500,0,16,213,271,0,390,60,50,0,0,0,500,0
h05,4315457210739725962,p2,0,0,500,0,0,64,436,0,368,82,50,0,0,0,500,0
h05,4315457210739725962,p3,0,0,500,0,0,40,460,0,266,180,54,0,0,0,500,0
h05,4316845743002647991,p1,0,0,500,0,14,209,277,0,352,86,62,0,0,0,500,0
h05,4316845743002647991,p2,0,0,500,0,0,46,454,0,388,73,39,0,0,0,500,0
h05,4316845743002647991,p3,0,0,500,0,0,36,464,0,360,98,42,0,0,0,500,0
h05,4343855387814708950,p1,0,1,499,0,16,268,216,0,378,63,59,0,0,0,500,0
h05,4343855387814708950,p2,0,0,500,0,0,98,402,0,366,105,29,0,0,0,500,0
h05,4343855387814708950,p3,0,0,500,0,0,37,463,0,354,118,28,0,0,0,500,0
h05,4403479374755923533,p1,0,1,499,0,19,224,257,0,375,75,50,0,0,0,500,0
h05,4403479374755923533,p2,0,0,500,0,0,62,438,0,357,94,49,0,0,0,500,0
h05,4403479374755923533,p3,0,0,500,0,0,39,461,0,367,90,43,0,0,0,500,0
h05,4406719065744804837,p1,0,2,498,0,24,255,221,0,371,61,68,0,0,0,500,0
h05,4406719065744804837,p2,0,0,500,0,0,72,428,0,306,154,40,0,0,0,500,0
h05,4406719065744804837,p3,0,0,500,0,0,47,453,0,398,74,28,0,0,0,500,0
h05,4477183177417822048,p1,0,0,500,0,14,264,222,0,362,83,55,0,0,0,500,0
h05,4477183177417822048,p2,0,0,500,0,0,79,421,0,294,172,34,0,0,0,500,0
h05,4477183177417822048,p3,0,0,500,0,0,52,448,0,365,101,34,0,0,0,500,0
h05,4479200413237549825,p1,0,0,500,0,16,240,244,0,351,93,56,0,0,0,500,0
h05,4479200413237549825,p2,0,0,500,0,0,98,402,0,396,70,34,0,0,0,500,0
h05,4479200413237549825,p3,0,0,500,0,0,38,462,0,246,222,32,0,0,0,500,0
h05,4490163956328203052,p1,0,0,500,0,13,236,251,0,361,92,47,0,0,0,500,0
h05,4490163956328203052,p2,0,0,500,0,0,78,422,0,387,71,42,0,0,0,500,0
h05,4490163956328203052,p3,0,0,500,0,0,26,474,0,311,151,38,0,0,0,500,0
h05,4514138950989720371,p1,0,0,500,0,17,292,191,0,377,80,43,0,0,0,500,0
h05,4514138950989720371,p2,0,0,500,0,0,88,412,0,383,77,40,0,0,0,500,0
h05,4514138950989720371,p3,0,0,500,0,0,57,443,0,321,132,47,0,0,0,500,0
h05,4518586242242537823,p1,0,0,500,0,18,271,211,0,366,75,59,0,0,0,500,0
h05,4518586242242537823,p2,0,0,500,0,0,121,379,0,360,94,46,0,0,0,500,0
h05,4518586242242537823,p3,0,0,500,0,0,51,449,0,272,184,44,0,0,0,500,0
h05,4543630476713318513,p1,0,1,499,0,19,263,218,0,371,85,44,0,0,0,500,0
h05,4543630476713318513,p2,0,0,500,0,0,102,398,0,369,86,45,0,0,0,500,0
h05,4543630476713318513,p3,0,0,500,0,0,38,462,0,358,104,38,0,0,0,500,0
h05,4640263965897753022,p1,0,1,499,0,14,269,217,0,377,72,51,0,0,0,500,0
h05,4640263965897753022,p2,0,0,500,0,0,104,396,0,384,72,44,0,0,0,500,0
h05,4640263965897753022,p3,0,0,500,0,0,43,457,0,380,71,49,0,0,0,500,0
h05,4641652776492766432,p1,0,2,498,0,12,272,216,0,377,76,47,0,0,0,500,0
h05,4641652776492766432,p2,0,0,500,0,0,108,392,0,384,85,31,0,0,0,500,0
h05,4641652776492766432,p3,0,0,500,0,0,52,448,0,347,112,41,0,0,0,500,0
h05,4642251915054137583,p1,0,0,500,0,10,248,242,0,358,83,59,0,0,0,500,0
h05,4642251915054137583,p2,0,0,500,0,0,61,439,0,358,92,50,0,0,0,500,0
h05,4642251915054137583,p3,0,0,500,0,0,54,446,0,360,101,39,0,0,0,500,0
h05,4649062185974838267,p1,0,0,500,0,10,239,251,0,369,81,50,0,0,0,500,0
h05,4649062185974838267,p2,0,0,500,0,0,82,418,0,323,137,40,0,0,0,500,0
h05,4649062185974838267,p3,0,0,500,0,0,48,452,0,330,140,30,0,0,0,500,0
h05,4659632312080209380,p1,0,0,500,0,19,276,205,0,375,69,56,0,0,0,500,0
h05,4659632312080209380,p2,0,0,500,0,0,99,401,0,367,97,36,0,0,0,500,0
h05,4659632312080209380,p3,0,0,500,0,0,55,445,0,344,127,29,0,0,0,500,0
h05,4659844892738446005,p1,0,1,499,0,17,226,257,0,386,69,45,0,0,0,500,0
h05,4659844892738446005,p2,0,0,500,0,0,84,416,0,377,82,41,0,0,0,500,0
h05,4659844892738446005,p3,0,0,500,0,0,52,448,0,350,119,31,0,0,0,500,0
h05,4672388265675621449,p1,0,0,500,0,16,288,196,0,376,79,45,0,0,0,500,0
h05,4672388265675621449,p2,0,0,500,0,1,127,372,0,365,102,33,0,0,0,500,0
h05,4672388265675621449,p3,0,0,500,0,0,74,426,0,323,139,38,0,0,0,500,0
h05,46776481903394413,p1,0,1,499,0,13,254,233,0,367,71,62,0,0,0,500,0
h05,46776481903394413,p2,0,0,500,0,0,80,420,0,388,74,38,0,0,0,500,0
h05,46776481903394413,p3,0,0,500,0,0,50,450,0,365,86,49,0,0,0,500,0
h05,4701581933444510068,p1,0,3,497,0,13,274,213,0,375,64,61,0,0,0,500,0
h05,4701581933444510068,p2,0,0,500,0,0,163,337,0,384,84,32,0,0,0,500,0
h05,4701581933444510068,p3,0,0,500,0,0,95,405,0,370,86,44,0,0,0,500,0
h05,4744928120450129002,p1,0,1,499,0,13,272,215,0,369,64,67,0,0,0,500,0
h05,4744928120450129002,p2,0,0,500,0,0,107,393,0,358,94,48,0,0,0,500,0
h05,4744928120450129002,p3,0,0,500,0,0,65,435,0,335,125,40,0,0,0,500,0
h05,4760341090812991199,p1,0,1,499,0,16,265,219,0,384,60,56,0,0,0,500,0
h05,4760341090812991199,p2,0,0,500,0,0,84,416,0,349,100,51,0,0,0,500,0
h05,4760341090812991199,p3,0,0,500,0,0,52,448,0,380,48,72,0,0,0,500,0
h05,4768151197073274901,p1,0,0,500,0,8,257,235,0,385,63,52,0,0,0,500,0
h05,4768151197073274901,p2,0,0,500,0,0,78,422,0,384,67,49,0,0,0,500,0
h05,4768151197073274901,p3,0,0,500,0,0,66,434,0,332,126,42,0,0,0,500,0
h05,4855135173166218285,p1,0,0,500,0,18,261,221,0,382,64,54,0,0,0,500,0
h05,4855135173166218285,p2,0,0,500,0,0,103,397,0,326,147,27,0,0,0,500,0
h05,4855135173166218285,p3,0,0,500,0,0,59,441,0,360,113,27,0,0,0,500,0
h05,4865973548592476853,p1,0,0,500,0,16,258,226,0,368,74,58,0,0,0,500,0
h05,4865973548592476853,p2,0,0,500,0,0,78,422,0,373,79,48,0,0,0,500,0
h05,4865973548592476853,p3,0,0,500,0,0,39,461,0,349,123,28,0,0,0,500,0
h05,4882316451110667710,p1,0,0,500,0,15,276,209,0,378,52,70,0,0,0,500,0
h05,4882316451110667710,p2,0,0,500,0,0,119,381,0,323,61,116,0,0,0,500,0
h05,4882316451110667710,p3,0,0,500,0,0,67,433,0,327,44,129,0,0,0,500,0
h05,4885587909071073087,p1,0,0,500,0,14,270,216,0,367,77,56,0,0,0,500,0
h05,4885587909071073087,p2,0,0,500,0,0,100,400,0,369,77,54,0,0,0,500,0
h05,4885587909071073087,p3,0,0,500,0,0,64,436,0,356,102,42,0,0,0,500,0
h05,4892011688749506227,p1,0,0,500,0,12,266,222,0,388,67,45,0,0,0,500,0
h05,4892011688749506227,p2,0,0,500,0,0,87,413,0,387,75,38,0,0,0,500,0
h05,4892011688749506227,p3,0,0,500,0,0,55,445,0,379,68,53,0,0,0,500,0
h05,4907768078644548372,p1,0,1,499,0,17,267,216,0,368,73,59,0,0,0,500,0
h05,4907768078644548372,p2,0,0,500,0,0,78,422,0,362,100,38,0,0,0,500,0
h05,4907768078644548372,p3,0,0,500,0,0,47,453,0,342,133,25,0,0,0,500,0
h05,4935413743855788662,p1,0,0,500,0,18,253,229,0,366,75,59,0,0,0,500,0
h05,4935413743855788662,p2,0,0,500,0,0,121,379,0,371,91,38,0,0,0,500,0
h05,4935413743855788662,p3,0,0,500,0,0,57,443,0,381,80,39,0,0,0,500,0
h05,49498118787098719,p1,0,0,500,0,13,279,208,0,377,77,46,0,0,0,500,0
h05,49498118787098719,p2,0,0,500,0,0,114,386,0,338,125,37,0,0,0,500,0
h05,49498118787098719,p3,0,0,500,0,0,62,438,0,349,97,54,0,0,0,500,0
h05,4962566445985271905,p1,0,0,500,0,12,232,256,0,360,90,50,0,0,0,500,0
h05,4962566445985271905,p2,0,0,500,0,0,84,416,0,367,89,44,0,0,0,500,0
h05,4962566445985271905,p3,0,0,500,0,0,55,445,0,260,209,31,0,0,0,500,0
h05,4979514301502894308,p1,0,1,499,0,16,259,225,0,363,83,54,0,0,0,500,0
h05,4979514301502894308,p2,0,0,500,0,0,99,401,0,334,127,39,0,0,0,500,0
h05,4979514301502894308,p3,0,0,500,0,0,59,441,0,336,127,37,0,0,0,500,0
h05,4981997705506057588,p1,0,0,500,0,10,243,247,0,380,65,55,0,0,0,500,0
h05,4981997705506057588,p2,0,0,500,0,0,83,417,0,310,145,45,0,0,0,500,0
h05,4981997705506057588,p3,0,0,500,0,0,28,472,0,283,178,39,0,0,0,500,0
h05,5005685740854779223,p1,0,0,500,0,13,241,246,0,362,86,52,0,0,0,500,0
h05,5005685740854779223,p2,0,0,500,0,0,79,421,0,375,81,44,0,0,0,500,0
h05,5005685740854779223,p3,0,0,500,0,0,48,452,0,398,57,45,0,0,0,500,0
h05,5016381076377166430,p1,0,0,500,0,14,250,236,0,365,67,68,0,0,0,500,0
h05,5016381076377166430,p2,0,0,500,0,0,74,426,0,334,62,104,0,0,0,500,0
h05,5016381076377166430,p3,0,0,500,0,0,48,452,0,339,78,83,0,0,0,500,0
h05,5027935979187462285,p1,0,0,500,0,17,249,234,0,382,60,58,0,0,0,500,0
h05,5027935979187462285,p2,0,0,500,0,0,79,421,0,356,100,44,0,0,0,500,0
h05,5027935979187462285,p3,0,0,500,0,0,44,456,0,351,96,53,0,0,0,500,0
h05,5034700294504926618,p1,0,3,497,0,20,280,200,0,371,79,50,0,0,0,500,0
h05,5034700294504926618,p2,0,0,500,0,0,120,380,0,343,126,31,0,0,0,500,0
h05,5034700294504926618,p3,0,0,500,0,0,66,434,0,364,96,40,0,0,0,500,0
h05,5059387016013432696,p1,0,1,499,0,21,252,227,0,379,78,43,0,0,0,500,0
h05,5059387016013432696,p2,0,0,500,0,0,74,426,0,341,120,39,0,0,0,500,0
h05,5059387016013432696,p3,0,0,500,0,0,66,434,0,366,101,33,0,0,0,500,0
h05,5074771005273330755,p1,0,0,500,0,23,247,230,0,356,88,56,0,0,0,500,0
h05,5074771005273330755,p2,0,0,500,0,0,94,406,0,354,105,41,0,0,0,500,0
h05,5074771005273330755,p3,0,0,500,0,0,34,466,0,345,94,61,0,0,0,500,0
h05,5110911512471953580,p1,0,0,500,0,8,210,282,0,368,83,49,0,0,0,500,0
h05,5110911512471953580,p2,0,0,500,0,0,75,425,0,401,55,44,0,0,0,500,0
h05,5110911512471953580,p3,0,0,500,0,0,34,466,0,376,85,39,0,0,0,500,0
h05,5128933891181202049,p1,0,3,497,0,22,283,195,0,358,91,51,0,0,0,500,0
h05,5128933891181202049,p2,0,0,500,0,0,136,364,0,319,145,36,0,0,0,500,0
h05,5128933891181202049,p3,0,0,500,0,0,72,428,0,337,131,32,0,0,0,500,0
h05,5138890421275279549,p1,0,0,500,0,18,255,227,0,391,62,47,0,0,0,500,0
h05,5138890421275279549,p2,0,0,500,0,0,98,402,0,360,95,45,0,0,0,500,0
h05,5138890421275279549,p3,0,0,500,0,0,61,439,0,320,144,36,0,0,0,500,0
h05,5145570196022951240,p1,0,1,499,0,9,293,198,0,358,84,58,0,0,0,500,0
h05,5145570196022951240,p2,0,0,500,0,0,121,379,0,340,132,28,0,0,0,500,0
h05,5145570196022951240,p3,0,0,500,0,0,68,432,0,366,107,27,0,0,0,500,0
h05,5149670368733949067,p1,0,0,500,0,17,253,230,0,358,93,49,0,0,0,500,0
h05,5149670368733949067,p2,0,0,500,0,0,93,407,0,338,123,39,0,0,0,500,0
h05,5149670368733949067,p3,0,0,500,0,0,54,446,0,317,140,43,0,0,0,500,0
h05,515008602958262028,p1,0,1,499,0,13,237,250,0,376,70,54,0,0,0,500,0
h05,515008602958262028,p2,0,0,500,0,0,95,405,0,333,134,33,0,0,0,500,0
h05,515008602958262028,p3,0,0,500,0,0,46,454,0,400,69,31,0,0,0,500,0
h05,516003122491781593,p1,0,1,499,0,11,252,237,0,358,85,57,0,0,0,500,0
h05,516003122491781593,p2,0,0,500,0,1,109,390,0,382,73,45,0,0,0,500,0
h05,516003122491781593,p3,0,0,500,0,0,21,479,0,373,90,37,0,0,0,500,0
h05,5168632705598258018,p1,0,1,499,0,21,266,213,0,358,75,67,0,0,0,500,0
h05,5168632705598258018,p2,0,0,500,0,0,83,417,0,378,78,44,0,0,0,500,0
h05,5168632705598258018,p3,0,0,500,0,0,63,437,0,360,105,35,0,0,0,500,0
h05,5178642993811784901,p1,0,1,499,0,17,256,227,0,358,79,63,0,0,0,500,0
h05,5178642993811784901,p2,0,0,500,0,0,105,395,0,356,104,40,0,0,0,500,0
h05,5178642993811784901,p3,0,0,500,0,0,63,437,0,354,111,35,0,0,0,500,0
h05,5179764543417121339,p1,0,1,499,0,16,302,182,0,392,68,40,0,0,0,500,0
h05,5179764543417121339,p2,0,0,500,0,0,141,359,0,353,105,42,0,0,0,500,0
h05,5179764543417121339,p3,0,0,500,0,0,91,409,0,368,87,45,0,0,0,500,0
h05,521415146012075792,p1,0,0,500,0,17,275,208,0,382,71,47,0,0,0,500,0
h05,521415146012075792,p2,0,0,500,0,0,112,388,0,364,102,34,0,0,0,500,0
h05,521415146012075792,p3,0,0,500,0,0,54,446,0,381,80,39,0,0,0,500,0
h05,5218895024614505396,p1,0,0,500,0,7,286,207,0,345,101,54,0,0,0,500,0
h05,5218895024614505396,p2,0,0,500,0,0,75,425,0,343,112,45,0,0,0,500,0
h05,5218895024614505396,p3,0,0,500,0,0,31,469,0,373,96,31,0,0,0,500,0
h05,521961045307979818,p1,0,0,500,0,10,262,228,0,347,89,64,0,0,0,500,0
h05,521961045307979818,p2,0,0,500,0,0,98,402,0,359,97,44,0,0,0,500,0
h05,521961045307979818,p3,0,0,500,0,0,33,467,0,300,149,51,0,0,0,500,0
h05,5220876126616775968,p1,0,2,498,0,15,287,198,0,383,72,45,0,0,0,500,0
h05,5220876126616775968,p2,0,0,500,0,0,92,408,0,362,106,32,0,0,0,500,0
h05,5220876126616775968,p3,0,0,500,0,0,91,409,0,390,82,28,0,0,0,500,0
h05,5222475215889473490,p1,0,0,500,0,5,258,237,0,378,69,53,0,0,0,500,0
h05,5222475215889473490,p2,0,0,500,0,0,110,390,0,376,78,46,0,0,0,500,0
h05,5222475215889473490,p3,0,0,500,0,0,44,456,0,358,97,45,0,0,0,500,0
h05,52466460427952811,p1,0,0,500,0,16,258,226,0,371,74,55,0,0,0,500,0
h05,52466460427952811,p2,0,0,500,0,0,126,374,0,327,135,38,0,0,0,500,0
h05,52466460427952811,p3,0,0,500,0,0,65,435,0,341,134,25,0,0,0,500,0
h05,525628231267382934,p1,0,0,500,0,9,286,205,0,363,84,53,0,0,0,500,0
h05,525628231267382934,p2,0,0,500,0,0,121,379,0,353,104,43,0,0,0,500,0
h05,525628231267382934,p3,0,0,500,0,0,58,442,0,346,132,22,0,0,0,500,0
h05,5259897309470172358,p1,0,1,499,0,13,240,247,0,393,55,52,0,0,0,500,0
h05,5259897309470172358,p2,0,0,500,0,0,107,393,0,330,132,38,0,0,0,500,0
h05,5259897309470172358,p3,0,0,500,0,0,37,463,0,352,114,34,0,0,0,500,0
h05,5279248286688346340,p1,0,0,500,0,19,255,226,0,376,66,58,0,0,0,500,0
h05,5279248286688346340,p2,0,0,500,0,0,104,396,0,365,92,43,0,0,0,500,0
h05,5279248286688346340,p3,0,0,500,0,0,54,446,0,366,95,39,0,0,0,500,0
h05,5287885514566529737,p1,0,1,499,0,14,246,240,0,375,79,46,0,0,0,500,0
h05,5287885514566529737,p2,0,0,500,0,0,114,386,0,310,148,42,0,0,0,500,0
h05,5287885514566529737,p3,0,0,500,0,0,53,447,0,305,150,45,0,0,0,500,0
h05,5321111605651693543,p1,0,0,500,0,17,295,188,0,383,72,45,0,0,0,500,0
h05,5321111605651693543,p2,0,0,500,0,0,113,387,0,381,81,38,0,0,0,500,0
h05,5321111605651693543,p3,0,0,500,0,0,63,437,0,330,140,30,0,0,0,500,0
h05,5325867723659974948,p1,0,1,499,0,18,266,216,0,385,64,51,0,0,0,500,0
h05,5325867723659974948,p2,0,0,500,0,0,124,376,0,365,97,38,0,0,0,500,0
h05,5325867723659974948,p3,0,0,500,0,0,54,446,0,332,127,41,0,0,0,500,0
h05,5328993542336413893,p1,0,0,500,0,13,209,278,0,393,58,49,0,0,0,500,0
h05,5328993542336413893,p2,0,0,500,0,0,99,401,0,371,92,37,0,0,0,500,0
h05,5328993542336413893,p3,0,0,500,0,0,29,471,0,368,90,42,0,0,0,500,0
h05,5351055543107799445,p1,0,0,500,0,17,236,247,0,365,91,44,0,0,0,500,0
h05,5351055543107799445,p2,0,0,500,0,0,81,419,0,373,85,42,0,0,0,500,0
h05,5351055543107799445,p3,0,0,500,0,0,46,454,0,367,94,39,0,0,0,500,0
h05,5404324942141664933,p1,0,2,498,0,21,263,216,0,378,75,47,0,0,0,500,0
h05,5404324942141664933,p2,0,0,500,0,0,91,409,0,381,78,41,0,0,0,500,0
h05,5404324942141664933,p3,0,0,500,0,0,40,460,0,352,110,38,0,0,0,500,0
h05,5416466279299963351,p1,0,1,499,0,15,231,254,0,356,80,64,0,0,0,500,0
h05,5416466279299963351,p2,0,0,500,0,0,78,422,0,377,83,40,0,0,0,500,0
h05,5416466279299963351,p3,0,0,500,0,0,34,466,0,350,106,44,0,0,0,500,0
h05,5477896550466317077,p1,0,1,499,0,9,286,205,0,368,71,61,0,0,0,500,0
h05,5477896550466317077,p2,0,0,500,0,0,132,368,0,340,120,40,0,0,0,500,0
h05,5477896550466317077,p3,0,0,500,0,0,51,449,0,358,99,43,0,0,0,500,0
h05,550593148562692389,p1,0,1,499,0,18,256,226,0,385,83,32,0,0,0,500,0
h05,550593148562692389,p2,0,0,500,0,0,89,411,0,354,122,24,0,0,0,500,0
h05,550593148562692389,p3,0,0,500,0,0,83,417,0,337,125,38,0,0,0,500,0
h05,5549279712805692226,p1,0,0,500,0,10,260,230,0,382,78,40,0,0,0,500,0
h05,5549279712805692226,p2,0,0,500,0,0,114,386,0,352,98,50,0,0,0,500,0
h05,5549279712805692226,p3,0,0,500,0,0,79,421,0,367,106,27,0,0,0,500,0
h05,5590050282961127893,p1,0,0,500,0,16,270,214,0,359,79,62,0,0,0,500,0
h05,5590050282961127893,p2,0,0,500,0,0,103,397,0,285,169,46,0,0,0,500,0
h05,5590050282961127893,p3,0,0,500,0,0,61,439,0,338,137,25,0,0,0,500,0
h05,5618324778672298600,p1,0,2,498,0,12,286,202,0,366,75,59,0,0,0,500,0
h05,5618324778672298600,p2,0,0,500,0,0,128,372,0,347,118,35,0,0,0,500,0
h05,5618324778672298600,p3,0,0,500,0,0,84,416,0,351,112,37,0,0,0,500,0
h05,5629355748189371673,p1,0,1,499,0,17,265,218,0,360,79,61,0,0,0,500,0
h05,5629355748189371673,p2,0,0,500,0,0,93,407,0,354,99,47,0,0,0,500,0
h05,5629355748189371673,p3,0,0,500,0,0,46,454,0,365,96,39,0,0,0,500,0
h05,5657222748237468029,p1,0,0,500,0,14,246,240,0,372,76,52,0,0,0,500,0
h05,5657222748237468029,p2,0,0,500,0,0,98,402,0,368,104,28,0,0,0,500,0
h05,5657222748237468029,p3,0,0,500,0,0,50,450,0,376,87,37,0,0,0,500,0
h05,5665536150066744679,p1,0,0,500,0,17,282,201,0,369,79,52,0,0,0,500,0
h05,5665536150066744679,p2,0,0,500,0,0,134,366,0,382,75,43,0,0,0,500,0
h05,5665536150066744679,p3,0,0,500,0,0,80,420,0,349,118,33,0,0,0,500,0
h05,5666112355758542491,p1,0,0,500,0,14,255,231,0,390,60,50,0,0,0,500,0
h05,5666112355758542491,p2,0,0,500,0,0,66,434,0,378,90,32,0,0,0,500,0
h05,5666112355758542491,p3,0,0,500,0,0,46,454,0,342,102,56,0,0,0,500,0
h05,5677179467086418543,p1,0,0,500,0,15,266,219,0,359,76,65,0,0,0,500,0
h05,5677179467086418543,p2,0,0,500,0,0,75,425,0,335,125,40,0,0,0,500,0
h05,5677179467086418543,p3,0,0,500,0,0,47,453,0,383,82,35,0,0,0,500,0
h05,5677721759601185255,p1,0,0,500,0,14,250,236,0,372,77,51,0,0,0,500,0
h05,5677721759601185255,p2,0,0,500,0,0,110,390,0,336,132,32,0,0,0,500,0
h05,5677721759601185255,p3,0,0,500,0,0,41,459,0,336,121,43,0,0,0,500,0
h05,5747486467172661902,p1,0,1,499,0,16,247,237,0,373,80,47,0,0,0,500,0
h05,5747486467172661902,p2,0,0,500,0,0,76,424,0,395,66,39,0,0,0,500,0
h05,5747486467172661902,p3,0,0,500,0,0,48,452,0,385,80,35,0,0,0,500,0
h05,5785224554950662289,p1,0,0,500,0,10,261,229,0,392,52,56,0,0,0,500,0
h05,5785224554950662289,p2,0,0,500,0,0,106,394,0,373,90,37,0,0,0,500,0
h05,5785224554950662289,p3,0,0,500,0,1,54,445,0,359,89,52,0,0,0,500,0
h05,5794561277294199634,p1,0,1,499,0,16,295,189,0,382,75,43,0,0,0,500,0
h05,5794561277294199634,p2,0,0,500,0,0,144,356,0,363,103,34,0,0,0,500,0
h05,5794561277294199634,p3,0,0,500,0,0,77,423,0,377,98,25,0,0,0,500,0
h05,5814122908386359525,p1,0,0,500,0,18,262,220,0,358,69,73,0,0,0,500,0
h05,5814122908386359525,p2,0,0,500,0,0,113,387,0,352,102,46,0,0,0,500,0
h05,5814122908386359525,p3,0,0,500,0,0,33,467,0,377,78,45,0,0,0,500,0
h05,5828700400654754478,p1,0,0,500,0,13,293,194,0,386,73,41,0,0,0,500,0
h05,5828700400654754478,p2,0,0,500,0,0,117,383,0,371,97,32,0,0,0,500,0
h05,5828700400654754478,p3,0,0,500,0,0,79,421,0,289,193,18,0,0,0,500,0
h05,583812592013726529,p1,0,0,500,0,17,241,242,0,381,34,85,0,0,0,500,0
h05,583812592013726529,p2,0,0,500,0,0,64,436,0,382,42,76,0,0,0,500,0
h05,583812592013726529,p3,0,0,500,0,0,32,468,0,310,71,119,0,0,0,500,0
h05,5841188069441203633,p1,0,0,500,0,14,261,225,0,376,56,68,0,0,0,500,0
h05,5841188069441203633,p2,0,0,500,0,0,77,423,0,369,92,39,0,0,0,500,0
h05,5841188069441203633,p3,0,0,500,0,0,61,439,0,312,166,22,0,0,0,500,0
h05,5848173141518302012,p1,0,0,500,0,13,250,237,0,373,70,57,0,0,0,500,0
h05,5848173141518302012,p2,0,0,500,0,0,57,443,0,333,92,75,0,0,0,500,0
h05,5848173141518302012,p3,0,0,500,0,0,42,458,0,390,63,47,0,0,0,500,0
h05,5848644430535034521,p1,0,2,498,0,20,270,210,0,375,74,51,0,0,0,500,0
h05,5848644430535034521,p2,0,0,500,0,0,81,419,0,380,74,46,0,0,0,500,0
h05,5848644430535034521,p3,0,0,500,0,0,33,467,0,338,116,46,0,0,0,500,0
h05,5855555527093840024,p1,0,0,500,0,5,249,246,0,381,68,51,0,0,0,500,0
h05,5855555527093840024,p2,0,0,500,0,0,97,403,0,388,78,34,0,0,0,500,0
h05,5855555527093840024,p3,0,0,500,0,0,39,461,0,369,102,29,0,0,0,500,0
h05,5920128977949083823,p1,0,0,500,0,15,274,211,0,380,72,48,0,0,0,500,0
h05,5920128977949083823,p2,0,0,500,0,0,103,397,0,377,74,49,0,0,0,500,0
h05,5920128977949083823,p3,0,0,500,0,0,46,454,0,375,96,29,0,0,0,500,0
h05,5958012612206039567,p1,0,0,500,0,15,253,232,0,376,72,52,0,0,0,500,0
h05,5958012612206039567,p2,0,0,500,0,0,61,439,0,366,102,32,0,0,0,500,0
h05,5958012612206039567,p3,0,0,500,0,0,53,447,0,380,93,27,0,0,0,500,0
h05,6062055455431550870,p1,0,1,499,0,14,276,210,0,380,73,47,0,0,0,500,0
h05,6062055455431550870,p2,0,0,500,0,0,94,406,0,339,129,32,0,0,0,500,0
h05,6062055455431550870,p3,0,0,500,0,0,68,432,0,385,70,45,0,0,0,500,0
h05,6063031193005542634,p1,0,3,497,0,13,259,228,0,381,43,76,0,0,0,500,0
h05,6063031193005542634,p2,0,0,500,0,0,100,400,0,351,57,92,0,0,0,500,0
h05,6063031193005542634,p3,0,0,500,0,0,40,460,0,335,41,124,0,0,0,500,0
h05,6063555342635056454,p1,0,1,499,0,9,284,207,0,359,87,54,0,0,0,500,0
h05,6063555342635056454,p2,0,0,500,0,0,101,399,0,398,62,40,0,0,0,500,0
h05,6063555342635056454,p3,0,0,500,0,0,47,453,0,343,119,38,0,0,0,500,0
h05,6076618018894063058,p1,0,1,499,0,13,262,225,0,353,80,67,0,0,0,500,0
h05,6076618018894063058,p2,0,0,500,0,0,98,402,0,402,56,42,0,0,0,500,0
h05,6076618018894063058,p3,0,0,500,0,0,62,438,0,361,97,42,0,0,0,500,0
h05,6102137021035793007,p1,0,1,499,0,24,216,260,0,367,65,68,0,0,0,500,0
h05,6102137021035793007,p2,0,0,500,0,0,75,425,0,359,75,66,0,0,0,500,0
h05,6102137021035793007,p3,0,0,500,0,0,35,465,0,340,106,54,0,0,0,500,0
h05,610580235128279076,p1,0,0,500,0,16,264,220,0,359,89,52,0,0,0,500,0
h05,610580235128279076,p2,0,0,500,0,0,110,390,0,368,94,38,0,0,0,500,0
h05,610580235128279076,p3,0,0,500,0,0,31,469,0,331,137,32,0,0,0,500,0
h05,6113248539369500837,p1,0,1,499,0,10,281,209,0,374,78,48,0,0,0,500,0
h05,6113248539369500837,p2,0,0,500,0,0,118,382,0,367,112,21,0,0,0,500,0
h05,6113248539369500837,p3,0,0,500,0,0,79,421,0,369,108,23,0,0,0,500,0
h05,6149743942695773794,p1,0,0,500,0,14,280,206,0,391,57,52,0,0,0,500,0
h05,6149743942695773794,p2,0,0,500,0,0,133,367,0,395,71,34,0,0,0,500,0
h05,6149743942695773794,p3,0,0,500,0,0,72,428,0,378,92,30,0,0,0,500,0
h05,6157817861879498832,p1,0,2,498,0,17,271,212,0,381,69,50,0,0,0,500,0
h05,6157817861879498832,p2,0,0,500,0,0,100,400,0,394,72,34,0,0,0,500,0
h05,6157817861879498832,p3,0,0,500,0,0,74,426,0,383,84,33,0,0,0,500,0
h05,6180439601154596448,p1,0,0,500,0,12,246,242,0,366,77,57,0,0,0,500,0
h05,6180439601154596448,p2,0,0,500,0,0,78,422,0,376,82,42,0,0,0,500,0
h05,6180439601154596448,p3,0,0,500,0,0,50,450,0,325,139,36,0,0,0,500,0
h05,6185281076390416818,p1,0,2,498,0,16,295,189,0,382,62,56,0,0,0,500,0
h05,6185281076390416818,p2,0,0,500,0,0,90,410,0,381,90,29,0,0,0,500,0
h05,6185281076390416818,p3,0,0,500,0,0,48,452,0,377,88,35,0,0,0,500,0
h05,619662499847961628,p1,0,0,500,0,8,274,218,0,372,76,52,0,0,0,500,0
h05,619662499847961628,p2,0,0,500,0,0,112,388,0,360,103,37,0,0,0,500,0
h05,619662499847961628,p3,0,0,500,0,0,38,462,0,381,85,34,0,0,0,500,0
h05,621819158775010275,p1,0,0,500,0,13,228,259,0,400,55,45,0,0,0,500,0
h05,621819158775010275,p2,0,0,500,0,0,54,446,0,378,79,43,0,0,0,500,0
h05,621819158775010275,p3,0,0,500,0,0,57,443,0,378,84,38,0,0,0,500,0
h05,6221122836189980790,p1,0,1,499,0,21,287,192,0,367,70,63,0,0,0,500,0
h05,6221122836189980790,p2,0,0,500,0,0,112,388,0,380,68,52,0,0,0,500,0
h05,6221122836189980790,p3,0,0,500,0,0,55,445,0,360,99,41,0,0,0,500,0
h05,6227334254311367435,p1,0,1,499,0,23,249,228,0,342,104,54,0,0,0,500,0
h05,6227334254311367435,p2,0,0,500,0,0,68,432,0,340,115,45,0,0,0,500,0
h05,6227334254311367435,p3,0,0,500,0,0,49,451,0,355,108,37,0,0,0,500,0
h05,6231007166210585585,p1,0,0,500,0,19,311,170,0,366,90,44,0,0,0,500,0
h05,6231007166210585585,p2,0,0,500,0,0,130,370,0,361,110,29,0,0,0,500,0
h05,6231007166210585585,p3,0,0,500,0,0,88,412,0,353,117,30,0,0,0,500,0
h05,6232542818093009819,p1,0,0,500,0,8,254,238,0,350,101,49,0,0,0,500,0
h05,6232542818093009819,p2,0,0,500,0,0,122,378,0,315,156,29,0,0,0,500,0
h05,6232542818093009819,p3,0,0,500,0,0,58,442,0,301,173,26,0,0,0,500,0
h05,6246712317612346056,p1,0,0,500,0,8,275,217,0,378,64,58,0,0,0,500,0
h05,6246712317612346056,p2,0,0,500,0,0,106,394,0,326,139,35,0,0,0,500,0
h05,6246712317612346056,p3,0,0,500,0,0,55,445,0,330,132,38,0,0,0,500,0
h05,6259645267454809915,p1,0,0,500,0,16,264,220,0,371,76,53,0,0,0,500,0
h05,6259645267454809915,p2,0,0,500,0,0,94,406,0,346,120,34,0,0,0,500,0
h05,6259645267454809915,p3,0,0,500,0,0,36,464,0,375,85,40,0,0,0,500,0
h05,6265919475365982559,p1,0,0,500,0,14,244,242,0,360,70,70,0,0,0,500,0
h05,6265919475365982559,p2,0,0,500,0,0,54,446,0,297,157,46,0,0,0,500,0
h05,6265919475365982559,p3,0,0,500,0,0,37,463,0,381,90,29,0,0,0,500,0
h05,6269168236526572803,p1,0,1,499,0,14,261,225,0,370,84,46,0,0,0,500,0
h05,6269168236526572803,p2,0,0,500,0,0,123,377,0,365,106,29,0,0,0,500,0
h05,6269168236526572803,p3,0,0,500,0,0,62,438,0,332,143,25,0,0,0,500,0
h05,6269182381565030363,p1,0,0,500,0,11,233,256,0,362,85,53,0,0,0,500,0
h05,6269182381565030363,p2,0,0,500,0,0,87,413,0,362,107,31,0,0,0,500,0
h05,6269182381565030363,p3,0,0,500,0,0,52,448,0,349,115,36,0,0,0,500,0
h05,6284185519829674114,p1,0,3,497,0,16,275,209,0,375,75,50,0,0,0,500,0
h05,6284185519829674114,p2,0,0,500,0,0,129,371,0,323,142,35,0,0,0,500,0
h05,6284185519829674114,p3,0,0,500,0,0,57,443,0,338,134,28,0,0,0,500,0
h05,6290296284238542354,p1,0,1,499,0,20,288,192,0,381,69,50,0,0,0,500,0
h05,6290296284238542354,p2,0,0,500,0,0,130,370,0,395,78,27,0,0,0,500,0
h05,6290296284238542354,p3,0,0,500,0,0,54,446,0,366,101,33,0,0,0,500,0
h05,6357666026212735585,p1,0,0,500,0,20,245,235,0,370,80,50,0,0,0,500,0
h05,6357666026212735585,p2,0,0,500,0,0,87,413,0,387,74,39,0,0,0,500,0
h05,6357666026212735585,p3,0,0,500,0,0,39,461,0,379,91,30,0,0,0,500,0
h05,6362344980448189509,p1,0,0,500,0,19,242,239,0,367,79,54,0,0,0,500,0
h05,6362344980448189509,p2,0,0,500,0,0,72,428,0,351,115,34,0,0,0,500,0
h05,6362344980448189509,p3,0,0,500,0,0,25,475,0,376,90,34,0,0,0,500,0
h05,6368216155042099914,p1,0,0,500,0,20,247,233,0,370,63,67,0,0,0,500,0
h05,6368216155042099914,p2,0,0,500,0,0,68,432,0,362,96,42,0,0,0,500,0
h05,6368216155042099914,p3,0,0,500,0,0,59,441,0,377,92,31,0,0,0,500,0
h05,6385278253246509117,p1,0,0,500,0,15,291,194,0,398,56,46,0,0,0,500,0
h05,6385278253246509117,p2,0,0,500,0,0,146,354,0,335,131,34,0,0,0,500,0
h05,6385278253246509117,p3,0,0,500,0,0,66,434,0,322,142,36,0,0,0,500,0
h05,6390009141172198261,p1,0,1,499,0,13,275,212,0,363,76,61,0,0,0,500,0
h05,6390009141172198261,p2,0,0,500,0,0,123,377,0,359,58,83,0,0,0,500,0
h05,6390009141172198261,p3,0,0,500,0,0,62,438,0,305,100,95,0,0,0,500,0
h05,6421028996539312449,p1,0,0,500,0,15,275,210,0,373,73,54,0,0,0,500,0
h05,6421028996539312449,p2,0,0,500,0,0,145,355,0,347,118,35,0,0,0,500,0
h05,6421028996539312449,p3,0,0,500,0,0,104,396,0,348,124,28,0,0,0,500,0
h05,6439465633329069027,p1,0,1,499,0,9,267,224,0,366,82,52,0,0,0,500,0
h05,6439465633329069027,p2,0,0,500,0,0,69,431,0,351,96,53,0,0,0,500,0
h05,6439465633329069027,p3,0,0,500,0,0,51,449,0,336,124,40,0,0,0,500,0
h05,6448491319381278082,p1,0,0,500,0,11,259,230,0,374,64,62,0,0,0,500,0
h05,6448491319381278082,p2,0,0,500,0,0,110,390,0,339,114,47,0,0,0,500,0
h05,6448491319381278082,p3,0,0,500,0,0,45,455,0,336,129,35,0,0,0,500,0
h05,6451332265907184009,p1,0,0,500,0,16,289,195,0,351,106,43,0,0,0,500,0
h05,6451332265907184009,p2,0,0,500,0,1,109,390,0,355,110,35,0,0,0,500,0
h05,6451332265907184009,p3,0,0,500,0,0,59,441,0,335,133,32,0,0,0,500,0
h05,6452150494491919559,p1,0,1,499,0,11,233,256,0,378,73,49,0,0,0,500,0
h05,6452150494491919559,p2,0,0,500,0,0,91,409,0,387,87,26,0,0,0,500,0
h05,6452150494491919559,p3,0,0,500,0,0,51,449,0,376,72,52,0,0,0,500,0
h05,6455604518832527548,p1,0,0,500,0,22,226,252,0,360,48,92,0,0,0,500,0
h05,6455604518832527548,p2,0,0,500,0,0,55,445,0,347,62,91,0,0,0,500,0
h05,6455604518832527548,p3,0,0,500,0,0,23,477,0,332,31,137,0,0,0,500,0
h05,6496334684957736092,p1,0,1,499,0,13,251,236,0,374,83,43,0,0,0,500,0
h05,6496334684957736092,p2,0,0,500,0,1,79,420,0,374,73,53,0,0,0,500,0
h05,6496334684957736092,p3,0,0,500,0,0,55,445,0,359,94,47,0,0,0,500,0
h05,6508288144275989490,p1,0,0,500,0,20,235,245,0,336,115,49,0,0,0,500,0
h05,6508288144275989490,p2,0,0,500,0,0,70,430,0,336,120,44,0,0,0,500,0
h05,6508288144275989490,p3,0,0,500,0,0,27,473,0,393,73,34,0,0,0,500,0
h05,6516360367092738441,p1,0,0,500,0,18,241,241,0,382,29,89,0,0,0,500,0
h05,6516360367092738441,p2,0,0,500,0,0,96,404,0,389,25,86,0,0,0,500,0
h05,6516360367092738441,p3,0,0,500,0,0,41,459,0,357,24,119,0,0,0,500,0
h05,6523041603552075949,p1,0,0,500,0,18,268,214,0,367,75,58,0,0,0,500,0
h05,6523041603552075949,p2,0,0,500,0,0,88,412,0,380,70,50,0,0,0,500,0
h05,6523041603552075949,p3,0,0,500,0,0,40,460,0,291,169,40,0,0,0,500,0
h05,6558516962071440584,p1,0,0,500,0,16,277,207,0,363,84,53,0,0,0,500,0
h05,6558516962071440584,p2,0,0,500,0,0,82,418,0,365,105,30,0,0,0,500,0
h05,6558516962071440584,p3,0,0,500,0,0,82,418,0,265,195,40,0,0,0,500,0
h05,65745047219222110,p1,0,0,500,0,12,260,228,0,342,93,65,0,0,0,500,0
h05,65745047219222110,p2,0,0,500,0,0,74,426,0,402,63,35,0,0,0,500,0
h05,65745047219222110,p3,0,0,500,0,0,55,445,0,377,75,48,0,0,0,500,0
h05,6576878391904262212,p1,0,0,500,0,19,220,261,0,374,66,60,0,0,0,500,0
h05,6576878391904262212,p2,0,0,500,0,0,90,410,0,350,79,71,0,0,0,500,0
h05,6576878391904262212,p3,0,0,500,0,0,54,446,0,329,127,44,0,0,0,500,0
h05,6581483238120903606,p1,0,0,500,0,8,268,224,0,359,78,63,0,0,0,500,0
h05,6581483238120903606,p2,0,0,500,0,0,95,405,0,378,79,43,0,0,0,500,0
h05,6581483238120903606,p3,0,0,500,0,0,34,466,0,353,115,32,0,0,0,500,0
h05,6604297736428864712,p1,0,0,500,0,10,270,220,0,347,98,55,0,0,0,500,0
h05,6604297736428864712,p2,0,0,500,0,1,105,394,0,392,71,37,0,0,0,500,0
h05,6604297736428864712,p3,0,0,500,0,0,43,457,0,350,108,42,0,0,0,500,0
h05,6606734994208560545,p1,0,1,499,0,26,270,204,0,377,65,58,0,0,0,500,0
h05,6606734994208560545,p2,0,0,500,0,0,107,393,0,386,78,36,0,0,0,500,0
h05,6606734994208560545,p3,0,0,500,0,0,61,439,0,304,157,39,0,0,0,500,0
h05,6620162662716944765,p1,0,0,500,0,13,274,213,0,378,73,49,0,0,0,500,0
h05,6620162662716944765,p2,0,0,500,0,0,70,430,0,316,143,41,0,0,0,500,0
h05,6620162662716944765,p3,0,0,500,0,0,44,456,0,363,111,26,0,0,0,500,0
h05,6626455237405270801,p1,0,2,498,0,18,258,224,0,380,71,49,0,0,0,500,0
h05,6626455237405270801,p2,0,0,500,0,0,98,402,0,368,97,35,0,0,0,500,0
h05,6626455237405270801,p3,0,0,500,0,0,80,420,0,337,132,31,0,0,0,500,0
h05,6664075371792418457,p1,0,2,498,0,16,245,239,0,371,80,49,0,0,0,500,0
h05,6664075371792418457,p2,0,0,500,0,0,74,426,0,369,91,40,0,0,0,500,0
h05,6664075371792418457,p3,0,0,500,0,0,55,445,0,324,131,45,0,0,0,500,0
h05,6673403092828770641,p1,0,0,500,0,13,252,235,0,366,81,53,0,0,0,500,0
h05,6673403092828770641,p2,0,0,500,0,1,108,391,0,345,114,41,0,0,0,500,0
h05,6673403092828770641,p3,0,0,500,0,0,61,439,0,341,124,35,0,0,0,500,0
h05,6684605955085993198,p1,0,0,500,0,14,244,242,0,353,85,62,0,0,0,500,0
h05,6684605955085993198,p2,0,0,500,0,0,93,407,0,373,60,67,0,0,0,500,0
h05,6684605955085993198,p3,0,0,500,0,0,68,432,0,387,59,54,0,0,0,500,0
h05,6692783105292690747,p1,0,0,500,0,12,297,191,0,367,94,39,0,0,0,500,0
h05,6692783105292690747,p2,0,0,500,0,0,114,386,0,392,76,32,0,0,0,500,0
h05,6692783105292690747,p3,0,0,500,0,0,72,428,0,356,117,27,0,0,0,500,0
h05,6708904773458108485,p1,0,0,500,0,15,247,238,0,359,93,48,0,0,0,500,0
h05,6708904773458108485,p2,0,0,500,0,0,70,430,0,347,109,44,0,0,0,500,0
h05,6708904773458108485,p3,0,0,500,0,0,38,462,0,331,133,36,0,0,0,500,0
h05,6746574326061134356,p1,0,1,499,0,21,250,229,0,390,65,45,0,0,0,500,0
h05,6746574326061134356,p2,0,0,500,0,0,103,397,0,324,133,43,0,0,0,500,0
h05,6746574326061134356,p3,0,0,500,0,0,52,448,0,360,102,38,0,0,0,500,0
h05,6748278152601279719,p1,0,1,499,0,17,252,231,0,380,67,53,0,0,0,500,0
h05,6748278152601279719,p2,0,0,500,0,0,101,399,0,365,93,42,0,0,0,500,0
h05,6748278152601279719,p3,0,0,500,0,0,57,443,0,263,198,39,0,0,0,500,0
h05,6753742325627365866,p1,0,0,500,0,13,277,210,0,355,88,57,0,0,0,500,0
h05,6753742325627365866,p2,0,0,500,0,0,146,354,0,387,83,30,0,0,0,500,0
h05,6753742325627365866,p3,0,0,500,0,0,60,440,0,325,153,22,0,0,0,500,0
h05,6758853345369921110,p1,0,0,500,0,10,246,244,0,364,74,62,0,0,0,500,0
h05,6758853345369921110,p2,0,0,500,0,0,48,452,0,375,77,48,0,0,0,500,0
h05,6758853345369921110,p3,0,0,500,0,0,39,461,0,374,85,41,0,0,0,500,0
h05,6801199864283869829,p1,0,2,498,0,23,256,221,0,360,95,45,0,0,0,500,0
h05,6801199864283869829,p2,0,0,500,0,0,106,394,0,385,77,38,0,0,0,500,0
h05,6801199864283869829,p3,0,0,500,0,0,72,428,0,362,100,38,0,0,0,500,0
h05,6804097373554630521,p1,0,1,499,0,18,270,212,0,366,89,45,0,0,0,500,0
h05,6804097373554630521,p2,0,0,500,0,0,100,400,0,357,109,34,0,0,0,500,0
h05,6804097373554630521,p3,0,0,500,0,0,64,436,0,367,107,26,0,0,0,500,0
h05,6807585274805409300,p1,0,0,500,0,11,252,237,0,368,80,52,0,0,0,500,0
h05,6807585274805409300,p2,0,0,500,0,0,112,388,0,363,97,40,0,0,0,500,0
h05,6807585274805409300,p3,0,0,500,0,0,49,451,0,374,97,29,0,0,0,500,0
h05,6837487739968676223,p1,0,1,499,0,14,273,213,0,366,90,44,0,0,0,500,0
h05,6837487739968676223,p2,0,0,500,0,0,128,372,0,368,92,40,0,0,0,500,0
h05,6837487739968676223,p3,0,0,500,0,0,79,421,0,360,91,49,0,0,0,500,0
h05,6846412051261217456,p1,0,0,500,0,17,261,222,0,368,86,46,0,0,0,500,0
h05,6846412051261217456,p2,0,0,500,0,0,56,444,0,385,74,41,0,0,0,500,0
h05,6846412051261217456,p3,0,0,500,0,0,52,448,0,394,62,44,0,0,0,500,0
h05,6854365311082777985,p1,0,0,500,0,16,260,224,0,350,106,44,0,0,0,500,0
h05,6854365311082777985,p2,0,0,500,0,0,97,403,0,373,92,35,0,0,0,500,0
h05,6854365311082777985,p3,0,0,500,0,0,52,448,0,322,148,30,0,0,0,500,0
h05,6857999241476515947,p1,0,0,500,0,13,288,199,0,352,88,60,0,0,0,500,0
h05,6857999241476515947,p2,0,0,500,0,0,81,419,0,331,133,36,0,0,0,500,0
h05,6857999241476515947,p3,0,0,500,0,0,55,445,0,389,86,25,0,0,0,500,0
h05,6867685611363217168,p1,0,0,500,0,18,235,247,0,364,56,80,0,0,0,500,0
h05,6867685611363217168,p2,0,0,500,0,0,61,439,0,382,63,55,0,0,0,500,0
h05,6867685611363217168,p3,0,0,500,0,0,40,460,0,271,71,158,0,0,0,500,0
h05,6967905875137337728,p1,0,0,500,0,14,273,213,0,377,77,46,0,0,0,500,0
h05,6967905875137337728,p2,0,0,500,0,0,95,405,0,406,60,34,0,0,0,500,0
h05,6967905875137337728,p3,0,0,500,0,0,51,449,0,350,98,52,0,0,0,500,0
h05,6990352202813107772,p1,0,0,500,0,17,256,227,0,367,73,60,0,0,0,500,0
h05,6990352202813107772,p2,0,0,500,0,0,101,399,0,357,101,42,0,0,0,500,0
h05,6990352202813107772,p3,0,0,500,0,0,43,457,0,376,68,56,0,0,0,500,0
h05,6999224030951637593,p1,0,0,500,0,14,246,240,0,375,77,48,0,0,0,500,0
h05,6999224030951637593,p2,0,0,500,0,0,92,408,0,376,75,49,0,0,0,500,0
h05,6999224030951637593,p3,0,0,500,0,0,41,459,0,353,97,50,0,0,0,500,0
h05,7001998184227675245,p1,0,0,500,0,18,250,232,0,361,86,53,0,0,0,500,0
h05,7001998184227675245,p2,0,0,500,0,0,132,368,0,342,131,27,0,0,0,500,0
h05,7001998184227675245,p3,0,0,500,0,0,60,440,0,318,149,33,0,0,0,500,0
h05,7022494102257959673,p1,0,0,500,0,17,260,223,0,367,82,51,0,0,0,500,0
h05,7022494102257959673,p2,0,0,500,0,0,114,386,0,406,66,28,0,0,0,500,0
h05,7022494102257959673,p3,0,0,500,0,0,55,445,0,370,99,31,0,0,0,500,0
h05,7024825114201618952,p1,0,0,500,0,10,269,221,0,364,78,58,0,0,0,500,0
h05,7024825114201618952,p2,0,0,500,0,0,90,410,0,349,105,46,0,0,0,500,0
h05,7024825114201618952,p3,0,0,500,0,0,53,447,0,388,86,26,0,0,0,500,0
h05,7026012457387303602,p1,0,0,500,0,15,229,256,0,375,74,51,0,0,0,500,0
h05,7026012457387303602,p2,0,0,500,0,0,61,439,0,379,74,47,0,0,0,500,0
h05,7026012457387303602,p3,0,0,500,0,0,27,473,0,334,108,58,0,0,0,500,0
h05,702866826919678922,p1,0,1,499,0,13,249,238,0,381,57,62,0,0,0,500,0
h05,702866826919678922,p2,0,0,500,0,0,69,431,0,383,68,49,0,0,0,500,0
h05,702866826919678922,p3,0,0,500,0,0,42,458,0,360,99,41,0,0,0,500,0
h05,7040873979892159498,p1,0,0,500,0,16,252,232,0,376,72,52,0,0,0,500,0
h05,7040873979892159498,p2,0,0,500,0,0,105,395,0,346,118,36,0,0,0,500,0
h05,7040873979892159498,p3,0,0,500,0,0,40,460,0,320,143,37,0,0,0,500,0
h05,7047073392724299905,p1,0,0,500,0,21,298,181,0,382,66,52,0,0,0,500,0
h05,7047073392724299905,p2,0,0,500,0,0,132,368,0,370,99,31,0,0,0,500,0
h05,7047073392724299905,p3,0,0,500,0,0,73,427,0,348,114,38,0,0,0,500,0
h05,7064175879779554059,p1,0,1,499,0,17,234,249,0,386,53,61,0,0,0,500,0
h05,7064175879779554059,p2,0,0,500,0,1,77,422,0,343,116,41,0,0,0,500,0
h05,7064175879779554059,p3,0,0,500,0,0,40,460,0,377,82,41,0,0,0,500,0
h05,7066261505938673149,p1,0,0,500,0,8,253,239,0,368,75,57,0,0,0,500,0
h05,7066261505938673149,p2,0,0,500,0,0,89,411,0,357,106,37,0,0,0,500,0
h05,7066261505938673149,p3,0,0,500,0,0,49,451,0,323,154,23,0,0,0,500,0
h05,7068912131551755293,p1,0,0,500,0,9,245,246,0,376,76,48,0,0,0,500,0
h05,7068912131551755293,p2,0,0,500,0,0,98,402,0,342,124,34,0,0,0,500,0
h05,7068912131551755293,p3,0,0,500,0,0,39,461,0,376,81,43,0,0,0,500,0
h05,708598414843601433,p1,0,1,499,0,16,259,225,0,386,69,45,0,0,0,500,0
h05,708598414843601433,p2,0,0,500,0,0,127,373,0,330,129,41,0,0,0,500,0
h05,708598414843601433,p3,0,0,500,0,0,85,415,0,369,97,34,0,0,0,500,0
h05,7090392351816283814,p1,0,0,500,0,15,278,207,0,391,75,34,0,0,0,500,0
h05,7090392351816283814,p2,0,0,500,0,0,101,399,0,388,88,24,0,0,0,500,0
h05,7090392351816283814,p3,0,0,500,0,0,47,453,0,380,95,25,0,0,0,500,0
h05,7094009697117592830,p1,0,0,500,0,5,303,192,0,364,82,54,0,0,0,500,0
h05,7094009697117592830,p2,0,0,500,0,0,145,355,0,337,133,30,0,0,0,500,0
h05,7094009697117592830,p3,0,0,500,0,0,75,425,0,359,111,30,0,0,0,500,0
h05,7096354102309646186,p1,0,0,500,0,21,218,261,0,381,59,60,0,0,0,500,0
h05,7096354102309646186,p2,0,0,500,0,0,59,441,0,354,95,51,0,0,0,500,0
h05,7096354102309646186,p3,0,0,500,0,0,33,467,0,361,102,37,0,0,0,500,0
h05,7098150741460012523,p1,0,1,499,0,20,246,234,0,363,76,61,0,0,0,500,0
h05,7098150741460012523,p2,0,0,500,0,0,83,417,0,304,155,41,0,0,0,500,0
h05,7098150741460012523,p3,0,0,500,0,0,44,456,0,326,130,44,0,0,0,500,0
h05,7108966408127510530,p1,0,0,500,0,9,243,248,0,365,85,50,0,0,0,500,0
h05,7108966408127510530,p2,0,0,500,0,0,85,415,0,342,110,48,0,0,0,500,0
h05,7108966408127510530,p3,0,0,500,0,0,56,444,0,350,100,50,0,0,0,500,0
h05,7128957838161443484,p1,0,0,500,0,8,275,217,0,365,72,63,0,0,0,500,0
h05,7128957838161443484,p2,0,0,500,0,0,126,374,0,375,94,31,0,0,0,500,0
h05,7128957838161443484,p3,0,0,500,0,0,87,413,0,335,142,23,0,0,0,500,0
h05,714482021211796882,p1,0,0,500,0,12,247,241,0,367,65,68,0,0,0,500,0
h05,714482021211796882,p2,0,0,500,0,0,46,454,0,353,105,42,0,0,0,500,0
h05,714482021211796882,p3,0,0,500,0,0,46,454,0,296,113,91,0,0,0,500,0
h05,7157284801700828225,p1,0,3,497,0,17,274,209,0,345,117,38,0,0,0,500,0
h05,7157284801700828225,p2,0,0,500,0,0,94,406,0,374,95,31,0,0,0,500,0
h05,7157284801700828225,p3,0,0,500,0,0,67,433,0,360,105,35,0,0,0,500,0
h05,7176453052980385458,p1,0,0,500,0,16,228,256,0,387,33,80,0,0,0,500,0
h05,7176453052980385458,p2,0,0,500,0,0,56,444,0,364,26,110,0,0,0,500,0
h05,7176453052980385458,p3,0,0,500,0,0,30,470,0,304,45,151,0,0,0,500,0
h05,7189834021343857135,p1,0,0,500,0,16,263,221,0,355,90,55,0,0,0,500,0
h05,7189834021343857135,p2,0,0,500,0,0,80,420,0,383,87,30,0,0,0,500,0
h05,7189834021343857135,p3,0,0,500,0,0,57,443,0,329,132,39,0,0,0,500,0
h05,7190431898777044429,p1,0,3,497,0,11,284,205,0,373,80,47,0,0,0,500,0
h05,7190431898777044429,p2,0,0,500,0,0,128,372,0,344,115,41,0,0,0,500,0
h05,7190431898777044429,p3,0,0,500,0,0,77,423,0,326,141,33,0,0,0,500,0
h05,7200917081641086426,p1,0,2,498,0,11,259,230,0,359,97,44,0,0,0,500,0
h05,7200917081641086426,p2,0,0,500,0,0,105,395,0,387,74,39,0,0,0,500,0
h05,7200917081641086426,p3,0,0,500,0,0,27,473,0,370,99,31,0,0,0,500,0
h05,7201333657579785171,p1,0,0,500,0,15,255,230,0,365,79,56,0,0,0,500,0
h05,7201333657579785171,p2,0,0,500,0,0,106,394,0,352,103,45,0,0,0,500,0
h05,7201333657579785171,p3,0,0,500,0,0,61,439,0,340,108,52,0,0,0,500,0
h05,7207765655411287474,p1,0,0,500,0,16,266,218,0,382,74,44,0,0,0,500,0
h05,7207765655411287474,p2,0,0,500,0,0,121,379,0,355,111,34,0,0,0,500,0
h05,7207765655411287474,p3,0,0,500,0,0,74,426,0,318,159,23,0,0,0,500,0
h05,7227517267945620979,p1,0,1,499,0,16,260,224,0,373,73,54,0,0,0,500,0
h05,7227517267945620979,p2,0,0,500,0,0,72,428,0,371,84,45,0,0,0,500,0
h05,7227517267945620979,p3,0,0,500,0,0,53,447,0,368,93,39,0,0,0,500,0
h05,7228881330803135393,p1,0,0,500,0,16,269,215,0,377,73,50,0,0,0,500,0
h05,7228881330803135393,p2,0,0,500,0,0,73,427,0,351,105,44,0,0,0,500,0
h05,7228881330803135393,p3,0,0,500,0,0,27,473,0,371,87,42,0,0,0,500,0
h05,7238293042385148941,p1,0,3,497,0,13,280,207,0,390,61,49,0,0,0,500,0
h05,7238293042385148941,p2,0,0,500,0,0,89,411,0,343,122,35,0,0,0,500,0
h05,7238293042385148941,p3,0,0,500,0,0,39,461,0,372,85,43,0,0,0,500,0
h05,7249368341075405742,p1,0,0,500,0,20,245,235,0,380,68,52,0,0,0,500,0
h05,7249368341075405742,p2,0,0,500,0,0,69,431,0,372,102,26,0,0,0,500,0
h05,7249368341075405742,p3,0,0,500,0,0,29,471,0,331,133,36,0,0,0,500,0
h05,72558806676291982,p1,0,1,499,0,25,254,221,0,370,74,56,0,0,0,500,0
h05,72558806676291982,p2,0,0,500,0,0,61,439,0,368,93,39,0,0,0,500,0
h05,72558806676291982,p3,0,0,500,0,0,42,458,0,334,135,31,0,0,0,500,0
h05,7263600261614512967,p1,0,2,498,0,10,259,231,0,359,91,50,0,0,0,500,0
h05,7263600261614512967,p2,0,0,500,0,0,79,421,0,363,99,38,0,0,0,500,0
h05,7263600261614512967,p3,0,0,500,0,0,50,450,0,375,63,62,0,0,0,500,0
h05,7264026044483713541,p1,0,0,500,0,18,259,223,0,361,82,57,0,0,0,500,0
h05,7264026044483713541,p2,0,0,500,0,0,100,400,0,395,66,39,0,0,0,500,0
h05,7264026044483713541,p3,0,0,500,0,0,42,458,0,387,74,39,0,0,0,500,0
h05,7271157830985353908,p1,0,0,500,0,13,227,260,0,347,88,65,0,0,0,500,0
h05,7271157830985353908,p2,0,0,500,0,0,59,441,0,375,88,37,0,0,0,500,0
h05,7271157830985353908,p3,0,0,500,0,0,28,472,0,341,100,59,0,0,0,500,0
h05,7299273936685164460,p1,0,0,500,0,14,274,212,0,359,95,46,0,0,0,500,0
h05,7299273936685164460,p2,0,0,500,0,0,91,409,0,379,82,39,0,0,0,500,0
h05,7299273936685164460,p3,0,0,500,0,0,48,452,0,356,111,33,0,0,0,500,0
h05,7309593434670133100,p1,0,0,500,0,19,285,196,0,363,76,61,0,0,0,500,0
h05,7309593434670133100,p2,0,0,500,0,0,135,365,0,306,160,34,0,0,0,500,0
h05,7309593434670133100,p3,0,0,500,0,0,88,412,0,370,82,48,0,0,0,500,0
h05,732123568986224844,p1,0,1,499,0,21,279,200,0,381,73,46,0,0,0,500,0
h05,732123568986224844,p2,0,0,500,0,0,153,347,0,344,101,55,0,0,0,500,0
h05,732123568986224844,p3,0,0,500,0,0,81,419,0,388,79,33,0,0,0,500,0
h05,7328303731035577296,p1,0,0,500,0,14,267,219,0,385,53,62,0,0,0,500,0
h05,7328303731035577296,p2,0,0,500,0,0,94,406,0,352,103,45,0,0,0,500,0
h05,7328303731035577296,p3,0,0,500,0,0,46,454,0,342,105,53,0,0,0,500,0
h05,7328563272180724307,p1,0,0,500,0,17,241,242,0,378,62,60,0,0,0,500,0
h05,7328563272180724307,p2,0,0,500,0,0,68,432,0,374,76,50,0,0,0,500,0
h05,7328563272180724307,p3,0,0,500,0,0,36,464,0,359,99,42,0,0,0,500,0
h05,7355281502063941619,p1,0,4,496,0,12,295,193,0,370,82,48,0,0,0,500,0
h05,7355281502063941619,p2,0,0,500,0,0,135,365,0,375,102,23,0,0,0,500,0
h05,7355281502063941619,p3,0,0,500,0,0,79,421,0,359,115,26,0,0,0,500,0
h05,7363175772284391542,p1,0,1,499,0,15,278,207,0,364,74,62,0,0,0,500,0
h05,7363175772284391542,p2,0,0,500,0,0,129,371,0,368,90,42,0,0,0,500,0
h05,7363175772284391542,p3,0,0,500,0,0,84,416,0,365,96,39,0,0,0,500,0
h05,7376243174258400955,p1,0,2,498,0,16,217,267,0,392,60,48,0,0,0,500,0
h05,7376243174258400955,p2,0,0,500,0,0,49,451,0,363,106,31,0,0,0,500,0
h05,7376243174258400955,p3,0,0,500,0,0,25,475,0,350,108,42,0,0,0,500,0
h05,7388570329277724215,p1,0,1,499,0,21,288,191,0,376,81,43,0,0,0,500,0
h05,7388570329277724215,p2,0,0,500,0,0,121,379,0,363,100,37,0,0,0,500,0
h05,7388570329277724215,p3,0,0,500,0,1,83,416,0,359,112,29,0,0,0,500,0
h05,7395065787584697851,p1,0,2,498,0,16,292,192,0,374,83,43,0,0,0,500,0
h05,7395065787584697851,p2,0,0,500,0,0,164,336,0,363,102,35,0,0,0,500,0
h05,7395065787584697851,p3,0,0,500,0,0,82,418,0,325,146,29,0,0,0,500,0
h05,7426926727897974448,p1,0,0,500,0,17,305,178,0,363,88,49,0,0,0,500,0
h05,7426926727897974448,p2,0,0,500,0,0,137,363,0,357,103,40,0,0,0,500,0
h05,7426926727897974448,p3,0,0,500,0,0,102,398,0,342,114,44,0,0,0,500,0
h05,7446151698120709382,p1,0,2,498,0,20,245,235,0,369,61,70,0,0,0,500,0
h05,7446151698120709382,p2,0,0,500,0,0,64,436,0,342,109,49,0,0,0,500,0
h05,7446151698120709382,p3,0,0,500,0,0,41,459,0,369,95,36,0,0,0,500,0
h05,7477625729820776183,p1,0,1,499,0,9,259,232,0,381,72,47,0,0,0,500,0
h05,7477625729820776183,p2,0,0,500,0,0,97,403,0,342,97,61,0,0,0,500,0
h05,7477625729820776183,p3,0,0,500,0,0,50,450,0,378,75,47,0,0,0,500,0
h05,7492649668554811806,p1,0,1,499,0,15,296,189,0,369,89,42,0,0,0,500,0
h05,7492649668554811806,p2,0,0,500,0,0,128,372,0,333,132,35,0,0,0,500,0
h05,7492649668554811806,p3,0,0,500,0,0,58,442,0,354,119,27,0,0,0,500,0
h05,7493187211263497198,p1,0,3,497,0,20,258,222,0,373,75,52,0,0,0,500,0
h05,7493187211263497198,p2,0,0,500,0,0,86,414,0,357,117,26,0,0,0,500,0
h05,7493187211263497198,p3,0,0,500,0,0,48,452,0,374,107,19,0,0,0,500,0
h05,7507588180911929477,p1,0,0,500,0,8,239,253,0,366,73,61,0,0,0,500,0
h05,7507588180911929477,p2,0,0,500,0,0,80,420,0,286,94,120,0,0,0,500,0
h05,7507588180911929477,p3,0,0,500,0,0,38,462,0,345,81,74,0,0,0,500,0
h05,7547871346025002741,p1,0,0,500,0,26,267,207,0,380,80,40,0,0,0,500,0
h05,7547871346025002741,p2,0,0,500,0,0,120,380,0,360,112,28,0,0,0,500,0
h05,7547871346025002741,p3,0,0,500,0,0,85,415,0,363,111,26,0,0,0,500,0
h05,7577839241770188201,p1,0,0,500,0,11,291,198,0,370,77,53,0,0,0,500,0
h05,7577839241770188201,p2,0,0,500,0,0,112,388,0,356,101,43,0,0,0,500,0
h05,7577839241770188201,p3,0,0,500,0,0,87,413,0,349,114,37,0,0,0,500,0
h05,7583261330632035837,p1,0,0,500,0,14,244,242,0,375,66,59,0,0,0,500,0
h05,7583261330632035837,p2,0,0,500,0,0,68,432,0,351,97,52,0,0,0,500,0
h05,7583261330632035837,p3,0,0,500,0,0,33,467,0,305,146,49,0,0,0,500,0
h05,7585769548781915971,p1,0,0,500,0,17,287,196,0,372,83,45,0,0,0,500,0
h05,7585769548781915971,p2,0,0,500,0,0,96,404,0,377,81,42,0,0,0,500,0
h05,7585769548781915971,p3,0,0,500,0,0,54,446,0,302,157,41,0,0,0,500,0
h05,759975353548817479,p1,0,0,500,0,16,257,227,0,385,62,53,0,0,0,500,0
h05,759975353548817479,p2,0,0,500,0,0,105,395,0,351,110,39,0,0,0,500,0
h05,759975353548817479,p3,0,0,500,0,0,75,425,0,371,92,37,0,0,0,500,0
h05,7603385580995117409,p1,0,3,497,0,16,280,204,0,355,75,70,0,0,0,500,0
h05,7603385580995117409,p2,0,0,500,0,0,100,400,0,392,66,42,0,0,0,500,0
h05,7603385580995117409,p3,0,0,500,0,0,49,451,0,356,109,35,0,0,0,500,0
h05,7612725865805291794,p1,0,0,500,0,11,272,217,0,360,92,48,0,0,0,500,0
h05,7612725865805291794,p2,0,0,500,0,0,115,385,0,374,95,31,0,0,0,500,0
h05,7612725865805291794,p3,0,0,500,0,0,25,475,0,392,83,25,0,0,0,500,0
h05,7616069688669602163,p1,0,0,500,0,16,247,237,0,365,69,66,0,0,0,500,0
h05,7616069688669602163,p2,0,0,500,0,0,73,427,0,397,73,30,0,0,0,500,0
h05,7616069688669602163,p3,0,0,500,0,0,62,438,0,328,138,34,0,0,0,500,0
h05,7627577147239527988,p1,0,0,500,0,10,227,263,0,362,79,59,0,0,0,500,0
h05,7627577147239527988,p2,0,0,500,0,0,72,428,0,363,95,42,0,0,0,500,0
h05,7627577147239527988,p3,0,0,500,0,0,35,465,0,348,106,46,0,0,0,500,0
h05,7628503750351822091,p1,0,0,500,0,12,287,201,0,375,79,46,0,0,0,500,0
h05,7628503750351822091,p2,0,0,500,0,0,95,405,0,363,101,36,0,0,0,500,0
h05,7628503750351822091,p3,0,0,500,0,0,48,452,0,317,145,38,0,0,0,500,0
h05,7631934003847310214,p1,0,3,497,0,24,252,224,0,371,69,60,0,0,0,500,0
h05,7631934003847310214,p2,0,0,500,0,0,85,415,0,367,103,30,0,0,0,500,0
h05,7631934003847310214,p3,0,0,500,0,0,49,451,0,369,87,44,0,0,0,500,0
h05,7680885593040147937,p1,0,0,500,0,22,252,226,0,358,84,58,0,0,0,500,0
h05,7680885593040147937,p2,0,0,500,0,0,106,394,0,328,129,43,0,0,0,500,0
h05,7680885593040147937,p3,0,0,500,0,0,58,442,0,394,71,35,0,0,0,500,0
h05,7697447255970539265,p1,0,0,500,0,7,292,201,0,358,76,66,0,0,0,500,0
h05,7697447255970539265,p2,0,0,500,0,0,95,405,0,321,144,35,0,0,0,500,0
h05,7697447255970539265,p3,0,0,500,0,0,60,440,0,349,120,31,0,0,0,500,0
h05,7702576646334203760,p1,0,0,500,0,16,246,238,0,370,65,65,0,0,0,500,0
h05,7702576646334203760,p2,0,0,500,0,0,79,421,0,344,104,52,0,0,0,500,0
h05,7702576646334203760,p3,0,0,500,0,0,45,455,0,356,104,40,0,0,0,500,0
h05,7710950485072423480,p1,0,0,500,0,14,221,265,0,371,70,59,0,0,0,500,0
h05,7710950485072423480,p2,0,0,500,0,0,79,421,0,378,89,33,0,0,0,500,0
h05,7710950485072423480,p3,0,0,500,0,0,41,459,0,366,106,28,0,0,0,500,0
h05,7739737952787506607,p1,0,0,500,0,18,279,203,0,379,72,49,0,0,0,500,0
h05,7739737952787506607,p2,0,0,500,0,0,71,429,0,376,75,49,0,0,0,500,0
h05,7739737952787506607,p3,0,0,500,0,0,36,464,0,381,70,49,0,0,0,500,0
h05,7741356042426346360,p1,0,1,499,0,15,268,217,0,360,82,58,0,0,0,500,0
h05,7741356042426346360,p2,0,0,500,0,0,100,400,0,391,66,43,0,0,0,500,0
h05,7741356042426346360,p3,0,0,500,0,0,45,455,0,381,85,34,0,0,0,500,0
h05,7745777900515622099,p1,0,0,500,0,21,258,221,0,365,82,53,0,0,0,500,0
h05,7745777900515622099,p2,0,0,500,0,0,90,410,0,378,81,41,0,0,0,500,0
h05,7745777900515622099,p3,0,0,500,0,0,55,445,0,306,146,48,0,0,0,500,0
h05,7763191183106554283,p1,0,0,500,0,12,251,237,0,374,64,62,0,0,0,500,0
h05,7763191183106554283,p2,0,0,500,0,0,85,415,0,373,85,42,0,0,0,500,0
h05,7763191183106554283,p3,0,0,500,0,0,49,451,0,383,77,40,0,0,0,500,0
h05,7766565889407157996,p1,0,0,500,0,18,229,253,0,371,72,57,0,0,0,500,0
h05,7766565889407157996,p2,0,0,500,0,0,90,410,0,303,161,36,0,0,0,500,0
h05,7766565889407157996,p3,0,0,500,0,0,55,445,0,282,184,34,0,0,0,500,0
h05,7766760940478392292,p1,0,0,500,0,15,240,245,0,359,83,58,0,0,0,500,0
h05,7766760940478392292,p2,0,0,500,0,1,80,419,0,304,142,54,0,0,0,500,0
h05,7766760940478392292,p3,0,0,500,0,0,30,470,0,255,200,45,0,0,0,500,0
h05,7767717960016566987,p1,0,2,498,0,13,275,212,0,375,67,58,0,0,0,500,0
h05,7767717960016566987,p2,0,0,500,0,0,110,390,0,377,86,37,0,0,0,500,0
h05,7767717960016566987,p3,0,0,500,0,0,71,429,0,353,118,29,0,0,0,500,0
h05,7813640055095501791,p1,0,1,499,0,14,262,224,0,384,62,54,0,0,0,500,0
h05,7813640055095501791,p2,0,0,500,0,0,87,413,0,311,138,51,0,0,0,500,0
h05,7813640055095501791,p3,0,0,500,0,0,32,468,0,370,84,46,0,0,0,500,0
h05,7819668059817420738,p1,0,0,500,0,14,241,245,0,381,57,62,0,0,0,500,0
h05,7819668059817420738,p2,0,0,500,0,0,79,421,0,353,118,29,0,0,0,500,0
h05,7819668059817420738,p3,0,0,500,0,0,68,432,0,367,91,42,0,0,0,500,0
h05,782715407785398484,p1,0,1,499,0,17,273,210,0,358,90,52,0,0,0,500,0
h05,782715407785398484,p2,0,0,500,0,0,90,410,0,391,71,38,0,0,0,500,0
h05,782715407785398484,p3,0,0,500,0,0,94,406,0,390,70,40,0,0,0,500,0
h05,7886383867975856199,p1,0,1,499,0,12,299,189,0,355,81,64,0,0,0,500,0
h05,7886383867975856199,p2,0,0,500,0,0,106,394,0,377,81,42,0,0,0,500,0
h05,7886383867975856199,p3,0,0,500,0,0,56,444,0,367,88,45,0,0,0,500,0
h05,789820720348623301,p1,0,0,500,0,11,280,209,0,367,79,54,0,0,0,500,0
h05,789820720348623301,p2,0,0,500,0,0,96,404,0,378,93,29,0,0,0,500,0
h05,789820720348623301,p3,0,0,500,0,0,62,438,0,380,77,43,0,0,0,500,0
h05,7914069603673341289,p1,0,0,500,0,16,281,203,0,394,60,46,0,0,0,500,0
h05,7914069603673341289,p2,0,0,500,0,0,89,411,0,360,98,42,0,0,0,500,0
h05,7914069603673341289,p3,0,0,500,0,0,67,433,0,325,142,33,0,0,0,500,0
h05,7941927555130490809,p1,0,0,500,0,14,258,228,0,373,72,55,0,0,0,500,0
h05,7941927555130490809,p2,0,0,500,0,0,74,426,0,294,164,42,0,0,0,500,0
h05,7941927555130490809,p3,0,0,500,0,0,58,442,0,253,213,34,0,0,0,500,0
h05,7989271955400716670,p1,0,1,499,0,11,322,167,0,373,79,48,0,0,0,500,0
h05,7989271955400716670,p2,0,0,500,0,0,137,363,0,362,103,35,0,0,0,500,0
h05,7989271955400716670,p3,0,0,500,0,0,103,397,0,346,125,29,0,0,0,500,0
h05,7994687227022533437,p1,0,0,500,0,16,249,235,0,368,68,64,0,0,0,500,0
h05,7994687227022533437,p2,0,0,500,0,0,97,403,0,392,65,43,0,0,0,500,0
h05,7994687227022533437,p3,0,0,500,0,0,56,444,0,369,89,42,0,0,0,500,0
h05,8035289827142344450,p1,0,0,500,0,17,254,229,0,386,67,47,0,0,0,500,0
h05,8035289827142344450,p2,0,0,500,0,0,79,421,0,306,159,35,0,0,0,500,0
h05,8035289827142344450,p3,0,0,500,0,0,29,471,0,289,163,48,0,0,0,500,0
h05,8131290447005176716,p1,0,1,499,0,13,288,199,0,359,82,59,0,0,0,500,0
h05,8131290447005176716,p2,0,0,500,0,0,120,380,0,353,108,39,0,0,0,500,0
h05,8131290447005176716,p3,0,0,500,0,0,55,445,0,373,90,37,0,0,0,500,0
h05,8139759912762408824,p1,0,1,499,0,13,233,254,0,360,73,67,0,0,0,500,0
h05,8139759912762408824,p2,0,0,500,0,0,56,444,0,396,72,32,0,0,0,500,0
h05,8139759912762408824,p3,0,0,500,0,0,27,473,0,383,71,46,0,0,0,500,0
h05,8187264050021526278,p1,0,1,499,0,11,240,249,0,361,73,66,0,0,0,500,0
h05,8187264050021526278,p2,0,0,500,0,1,80,419,0,369,71,60,0,0,0,500,0
h05,8187264050021526278,p3,0,0,500,0,0,22,478,0,384,82,34,0,0,0,500,0
h05,8205955662219549030,p1,0,2,498,0,15,248,237,0,371,77,52,0,0,0,500,0
h05,8205955662219549030,p2,0,0,500,0,0,84,416,0,368,100,32,0,0,0,500,0
h05,8205955662219549030,p3,0,0,500,0,0,30,470,0,361,92,47,0,0,0,500,0
h05,8231051119178140570,p1,0,0,500,0,10,273,217,0,362,90,48,0,0,0,500,0
h05,8231051119178140570,p2,0,0,500,0,0,126,374,0,309,151,40,0,0,0,500,0
h05,8231051119178140570,p3,0,0,500,0,0,74,426,0,377,87,36,0,0,0,500,0
h05,8234365436410764891,p1,0,0,500,0,13,273,214,0,353,83,64,0,0,0,500,0
h05,8234365436410764891,p2,0,0,500,0,0,72,428,0,340,109,51,0,0,0,500,0
h05,8234365436410764891,p3,0,0,500,0,0,42,458,0,380,82,38,0,0,0,500,0
h05,8276803164960157305,p1,0,2,498,0,18,275,207,0,369,80,51,0,0,0,500,0
h05,8276803164960157305,p2,0,0,500,0,0,90,410,0,369,99,32,0,0,0,500,0
h05,8276803164960157305,p3,0,0,500,0,0,48,452,0,341,137,22,0,0,0,500,0
h05,8279292073101695808,p1,0,0,500,0,15,267,218,0,370,74,56,0,0,0,500,0
h05,8279292073101695808,p2,0,0,500,0,0,132,368,0,395,67,38,0,0,0,500,0
h05,8279292073101695808,p3,0,0,500,0,0,39,461,0,375,90,35,0,0,0,500,0
h05,8280936041857702321,p1,0,0,500,0,11,286,203,0,367,80,53,0,0,0,500,0
h05,8280936041857702321,p2,0,0,500,0,0,98,402,0,387,82,31,0,0,0,500,0
h05,8280936041857702321,p3,0,0,500,0,0,75,425,0,356,107,37,0,0,0,500,0
h05,8281759776119406356,p1,0,1,499,0,16,294,190,0,372,78,50,0,0,0,500,0
h05,8281759776119406356,p2,0,0,500,0,0,117,383,0,377,85,38,0,0,0,500,0
h05,8281759776119406356,p3,0,0,500,0,0,76,424,0,398,79,23,0,0,0,500,0
h05,8294241451103574004,p1,0,0,500,0,9,293,198,0,351,78,71,0,0,0,500,0
h05,8294241451103574004,p2,0,0,500,0,0,114,386,0,311,167,22,0,0,0,500,0
h05,8294241451103574004,p3,0,0,500,0,0,59,441,0,353,117,30,0,0,0,500,0
h05,831196551623061231,p1,0,1,499,0,16,272,212,0,364,74,62,0,0,0,500,0
h05,831196551623061231,p2,0,0,500,0,0,97,403,0,382,77,41,0,0,0,500,0
h05,831196551623061231,p3,0,0,500,0,0,79,421,0,347,108,45,0,0,0,500,0
h05,8323163050576594498,p1,0,1,499,0,19,255,226,0,373,62,65,0,0,0,500,0
h05,8323163050576594498,p2,0,0,500,0,0,86,414,0,367,82,51,0,0,0,500,0
h05,8323163050576594498,p3,0,0,500,0,0,46,454,0,334,135,31,0,0,0,500,0
h05,8381209423555594519,p1,0,0,500,0,10,245,245,0,359,85,56,0,0,0,500,0
h05,8381209423555594519,p2,0,0,500,0,0,94,406,0,364,87,49,0,0,0,500,0
h05,8381209423555594519,p3,0,0,500,0,0,54,446,0,364,96,40,0,0,0,500,0
h05,8387972485611123846,p1,0,0,500,0,20,266,214,0,377,63,60,0,0,0,500,0
h05,8387972485611123846,p2,0,0,500,0,0,73,427,0,364,95,41,0,0,0,500,0
h05,8387972485611123846,p3,0,0,500,0,0,45,455,0,343,114,43,0,0,0,500,0
h05,839727686575287168,p1,0,0,500,0,9,261,230,0,367,77,56,0,0,0,500,0
h05,839727686575287168,p2,0,0,500,0,0,103,397,0,338,116,46,0,0,0,500,0
h05,839727686575287168,p3,0,0,500,0,0,47,453,0,361,109,30,0,0,0,500,0
h05,8411104897201108463,p1,0,0,500,0,20,287,193,0,385,68,47,0,0,0,500,0
h05,8411104897201108463,p2,0,0,500,0,0,90,410,0,375,93,32,0,0,0,500,0
h05,8411104897201108463,p3,0,0,500,0,0,58,442,0,392,60,48,0,0,0,500,0
h05,8421230191803540944,p1,0,1,499,0,21,264,215,0,375,83,42,0,0,0,500,0
h05,8421230191803540944,p2,0,0,500,0,0,134,366,0,367,113,20,0,0,0,500,0
h05,8421230191803540944,p3,0,0,500,0,0,83,417,0,369,114,17,0,0,0,500,0
h05,8424666883640148607,p1,0,2,498,0,10,235,255,0,366,72,62,0,0,0,500,0
h05,8424666883640148607,p2,0,0,500,0,0,59,441,0,317,143,40,0,0,0,500,0
h05,8424666883640148607,p3,0,0,500,0,0,36,464,0,376,70,54,0,0,0,500,0
h05,8427098655187780345,p1,0,0,500,0,12,272,216,0,362,89,49,0,0,0,500,0
h05,8427098655187780345,p2,0,0,500,0,1,121,378,0,373,76,51,0,0,0,500,0
h05,8427098655187780345,p3,0,0,500,0,0,75,425,0,340,117,43,0,0,0,500,0
h05,8428763564114601506,p1,0,0,500,0,13,235,252,0,368,77,55,0,0,0,500,0
h05,8428763564114601506,p2,0,0,500,0,0,102,398,0,328,138,34,0,0,0,500,0
h05,8428763564114601506,p3,0,0,500,0,0,48,452,0,366,106,28,0,0,0,500,0
h05,845645771187161554,p1,0,0,500,0,21,261,218,0,373,63,64,0,0,0,500,0
h05,845645771187161554,p2,0,0,500,0,0,89,411,0,372,89,39,0,0,0,500,0
h05,845645771187161554,p3,0,0,500,0,0,59,441,0,387,76,37,0,0,0,500,0
h05,8500106890460997578,p1,0,0,500,0,15,212,273,0,367,67,66,0,0,0,500,0
h05,8500106890460997578,p2,0,0,500,0,0,72,428,0,384,79,37,0,0,0,500,0
h05,8500106890460997578,p3,0,0,500,0,0,26,474,0,343,104,53,0,0,0,500,0
h05,8528870719031707883,p1,0,0,500,0,12,311,177,0,376,81,43,0,0,0,500,0
h05,8528870719031707883,p2,0,0,500,0,0,111,389,0,309,151,40,0,0,0,500,0
h05,8528870719031707883,p3,0,0,500,0,0,61,439,0,336,135,29,0,0,0,500,0
h05,8546011504781572604,p1,0,0,500,0,18,253,229,0,372,63,65,0,0,0,500,0
h05,8546011504781572604,p2,0,0,500,0,0,48,452,0,371,72,57,0,0,0,500,0
h05,8546011504781572604,p3,0,0,500,0,0,43,457,0,374,76,50,0,0,0,500,0
h05,8555411596248810492,p1,0,1,499,0,17,223,260,0,373,64,63,0,0,0,500,0
h05,8555411596248810492,p2,0,0,500,0,0,70,430,0,347,99,54,0,0,0,500,0
h05,8555411596248810492,p3,0,0,500,0,0,37,463,0,338,108,54,0,0,0,500,0
h05,8560227140097453607,p1,0,0,500,0,13,252,235,0,372,82,46,0,0,0,500,0
h05,8560227140097453607,p2,0,0,500,0,0,93,407,0,345,98,57,0,0,0,500,0
h05,8560227140097453607,p3,0,0,500,0,0,61,439,0,345,110,45,0,0,0,500,0
h05,8594093329816328041,p1,0,0,500,0,13,276,211,0,374,81,45,0,0,0,500,0
h05,8594093329816328041,p2,0,0,500,0,0,67,433,0,353,111,36,0,0,0,500,0
h05,8594093329816328041,p3,0,0,500,0,0,39,461,0,315,153,32,0,0,0,500,0
h05,859553486951519006,p1,0,0,500,0,17,258,225,0,362,70,68,0,0,0,500,0
h05,859553486951519006,p2,0,0,500,0,0,68,432,0,399,58,43,0,0,0,500,0
h05,859553486951519006,p3,0,0,500,0,0,54,446,0,356,105,39,0,0,0,500,0
h05,8646318340625091403,p1,0,0,500,0,11,252,237,0,374,64,62,0,0,0,500,0
h05,8646318340625091403,p2,0,0,500,0,0,74,426,0,390,81,29,0,0,0,500,0
h05,8646318340625091403,p3,0,0,500,0,0,23,477,0,340,106,54,0,0,0,500,0
h05,8657466658496276441,p1,0,0,500,0,17,253,230,0,370,82,48,0,0,0,500,0
h05,8657466658496276441,p2,0,0,500,0,0,112,388,0,398,79,23,0,0,0,500,0
h05,8657466658496276441,p3,0,0,500,0,0,44,456,0,312,154,34,0,0,0,500,0
h05,8683698783869719457,p1,0,0,500,0,8,271,221,0,386,66,48,0,0,0,500,0
h05,8683698783869719457,p2,0,0,500,0,0,103,397,0,382,91,27,0,0,0,500,0
h05,8683698783869719457,p3,0,0,500,0,0,54,446,0,359,103,38,0,0,0,500,0
h05,8686948471766063294,p1,0,2,498,0,9,273,218,0,370,90,40,0,0,0,500,0
h05,8686948471766063294,p2,0,0,500,0,0,106,394,0,376,88,36,0,0,0,500,0
h05,8686948471766063294,p3,0,0,500,0,0,86,414,0,309,153,38,0,0,0,500,0
h05,8698390962763588885,p1,0,2,498,0,13,290,197,0,349,94,57,0,0,0,500,0
h05,8698390962763588885,p2,0,0,500,0,0,123,377,0,368,96,36,0,0,0,500,0
h05,8698390962763588885,p3,0,0,500,0,0,56,444,0,339,133,28,0,0,0,500,0
h05,8701198892612959469,p1,0,0,500,0,13,287,200,0,385,68,47,0,0,0,500,0
h05,8701198892612959469,p2,0,0,500,0,0,113,387,0,337,131,32,0,0,0,500,0
h05,8701198892612959469,p3,0,0,500,0,0,86,414,0,354,119,27,0,0,0,500,0
h05,8701481152807228601,p1,0,2,498,0,9,234,257,0,371,72,57,0,0,0,500,0
h05,8701481152807228601,p2,0,0,500,0,0,50,450,0,350,104,46,0,0,0,500,0
h05,8701481152807228601,p3,0,0,500,0,0,36,464,0,387,62,51,0,0,0,500,0
h05,8720359783257394599,p1,0,0,500,0,17,278,205,0,381,70,49,0,0,0,500,0
h05,8720359783257394599,p2,0,0,500,0,0,101,399,0,347,121,32,0,0,0,500,0
h05,8720359783257394599,p3,0,0,500,0,0,56,444,0,322,142,36,0,0,0,500,0
h05,8729524276419458742,p1,0,1,499,0,14,257,229,0,370,73,57,0,0,0,500,0
h05,8729524276419458742,p2,0,0,500,0,0,94,406,0,339,120,41,0,0,0,500,0
h05,8729524276419458742,p3,0,0,500,0,0,54,446,0,386,79,35,0,0,0,500,0
h05,8730090253537624701,p1,0,2,498,0,14,272,214,0,386,57,57,0,0,0,500,0
h05,8730090253537624701,p2,0,0,500,0,0,94,406,0,391,75,34,0,0,0,500,0
h05,8730090253537624701,p3,0,0,500,0,0,30,470,0,380,85,35,0,0,0,500,0
h05,8746770271772577838,p1,0,0,500,0,11,259,230,0,382,76,42,0,0,0,500,0
h05,8746770271772577838,p2,0,0,500,0,0,70,430,0,362,100,38,0,0,0,500,0
h05,8746770271772577838,p3,0,0,500,0,0,81,419,0,367,87,46,0,0,0,500,0
h05,876402258899938551,p1,0,0,500,0,15,264,221,0,389,63,48,0,0,0,500,0
h05,876402258899938551,p2,0,0,500,0,0,92,408,0,357,88,55,0,0,0,500,0
h05,876402258899938551,p3,0,0,500,0,0,39,461,0,374,81,45,0,0,0,500,0
h05,8777609553505757530,p1,0,0,500,0,9,276,215,0,377,69,54,0,0,0,500,0
h05,8777609553505757530,p2,0,0,500,0,0,100,400,0,313,137,50,0,0,0,500,0
h05,8777609553505757530,p3,0,0,500,0,0,66,434,0,334,133,33,0,0,0,500,0
h05,8780703641827475216,p1,0,0,500,0,18,271,211,0,380,70,50,0,0,0,500,0
h05,8780703641827475216,p2,0,0,500,0,0,101,399,0,339,107,54,0,0,0,500,0
h05,8780703641827475216,p3,0,0,500,0,0,38,462,0,340,107,53,0,0,0,500,0
h05,8802171469649364521,p1,0,0,500,0,14,271,215,0,370,75,55,0,0,0,500,0
h05,8802171469649364521,p2,0,0,500,0,0,73,427,0,375,95,30,0,0,0,500,0
h05,8802171469649364521,p3,0,0,500,0,0,37,463,0,377,89,34,0,0,0,500,0
h05,8822248914057960763,p1,0,1,499,0,16,271,213,0,353,99,48,0,0,0,500,0
h05,8822248914057960763,p2,0,0,500,0,0,88,412,0,300,168,32,0,0,0,500,0
h05,8822248914057960763,p3,0,0,500,0,0,48,452,0,318,149,33,0,0,0,500,0
h05,8871426415579442404,p1,0,0,500,0,19,255,226,0,360,81,59,0,0,0,500,0
h05,8871426415579442404,p2,0,0,500,0,0,67,433,0,351,101,48,0,0,0,500,0
h05,8871426415579442404,p3,0,0,500,0,0,47,453,0,361,91,48,0,0,0,500,0
h05,8908194772766622485,p1,0,2,498,0,15,239,246,0,388,68,44,0,0,0,500,0
h05,8908194772766622485,p2,0,0,500,0,0,100,400,0,404,58,38,0,0,0,500,0
h05,8908194772766622485,p3,0,0,500,0,0,71,429,0,333,137,30,0,0,0,500,0
h05,8938345698069309366,p1,0,4,496,0,11,242,247,0,377,66,57,0,0,0,500,0
h05,8938345698069309366,p2,0,0,500,0,0,94,406,0,387,80,33,0,0,0,500,0
h05,8938345698069309366,p3,0,0,500,0,0,49,451,0,356,102,42,0,0,0,500,0
h05,8947885427583216599,p1,0,0,500,0,18,249,233,0,384,71,45,0,0,0,500,0
h05,8947885427583216599,p2,0,0,500,0,0,47,453,0,337,106,57,0,0,0,500,0
h05,8947885427583216599,p3,0,0,500,0,0,28,472,0,325,123,52,0,0,0,500,0
h05,8952644029368289163,p1,0,0,500,0,17,221,262,0,349,49,102,0,0,0,500,0
h05,8952644029368289163,p2,0,0,500,0,0,58,442,0,323,55,122,0,0,0,500,0
h05,8952644029368289163,p3,0,0,500,0,0,15,485,0,357,33,110,0,0,0,500,0
h05,8958853549996762177,p1,0,0,500,0,19,263,218,0,359,96,45,0,0,0,500,0
h05,8958853549996762177,p2,0,0,500,0,0,98,402,0,373,94,33,0,0,0,500,0
h05,8958853549996762177,p3,0,0,500,0,0,76,424,0,380,91,29,0,0,0,500,0
h05,8963778252331415450,p1,0,0,500,0,13,237,250,0,388,66,46,0,0,0,500,0
h05,8963778252331415450,p2,0,0,500,0,0,92,408,0,360,92,48,0,0,0,500,0
h05,8963778252331415450,p3,0,0,500,0,0,27,473,0,350,112,38,0,0,0,500,0
h05,8964390602618974280,p1,0,1,499,0,16,279,205,0,378,75,47,0,0,0,500,0
h05,8964390602618974280,p2,0,0,500,0,0,144,356,0,366,96,38,0,0,0,500,0
h05,8964390602618974280,p3,0,0,500,0,0,68,432,0,370,94,36,0,0,0,500,0
h05,8979447912470564123,p1,0,2,498,0,15,293,192,0,365,75,60,0,0,0,500,0
h05,8979447912470564123,p2,0,0,500,0,0,125,375,0,376,100,24,0,0,0,500,0
h05,8979447912470564123,p3,0,0,500,0,0,87,413,0,362,108,30,0,0,0,500,0
h05,8982671853758597525,p1,0,0,500,0,20,246,234,0,388,67,45,0,0,0,500,0
h05,8982671853758597525,p2,0,0,500,0,0,110,390,0,393,79,28,0,0,0,500,0
h05,8982671853758597525,p3,0,0,500,0,0,69,431,0,373,95,32,0,0,0,500,0
h05,8992072124870367708,p1,0,2,498,0,17,270,213,0,364,96,40,0,0,0,500,0
h05,8992072124870367708,p2,0,0,500,0,0,101,399,0,319,150,31,0,0,0,500,0
h05,8992072124870367708,p3,0,0,500,0,0,89,411,0,310,159,31,0,0,0,500,0
h05,8998319615032918245,p1,0,1,499,0,10,297,193,0,390,73,37,0,0,0,500,0
h05,8998319615032918245,p2,0,0,500,0,0,100,400,0,330,119,51,0,0,0,500,0
h05,8998319615032918245,p3,0,0,500,0,0,42,458,0,331,121,48,0,0,0,500,0
h05,9031157274208818424,p1,0,1,499,0,14,275,211,0,377,63,60,0,0,0,500,0
h05,9031157274208818424,p2,0,0,500,0,0,101,399,0,319,148,33,0,0,0,500,0
h05,9031157274208818424,p3,0,0,500,0,0,50,450,0,334,123,43,0,0,0,500,0
h05,9072033406375937098,p1,0,0,500,0,19,268,213,0,363,83,54,0,0,0,500,0
h05,9072033406375937098,p2,0,0,500,0,0,92,408,0,359,98,43,0,0,0,500,0
h05,9072033406375937098,p3,0,0,500,0,0,52,448,0,379,93,28,0,0,0,500,0
h05,9073701853848177054,p1,0,0,500,0,10,278,212,0,359,89,52,0,0,0,500,0
h05,9073701853848177054,p2,0,0,500,0,0,118,382,0,368,96,36,0,0,0,500,0
h05,9073701853848177054,p3,0,0,500,0,0,70,430,0,303,165,32,0,0,0,500,0
h05,9077553547053618809,p1,0,0,500,0,13,272,215,0,372,47,81,0,0,0,500,0
h05,9077553547053618809,p2,0,0,500,0,0,88,412,0,385,50,65,0,0,0,500,0
h05,9077553547053618809,p3,0,0,500,0,0,43,457,0,382,33,85,0,0,0,500,0
h05,9091404105904698470,p1,0,0,500,0,16,259,225,0,369,71,60,0,0,0,500,0
h05,9091404105904698470,p2,0,0,500,0,0,103,397,0,387,57,56,0,0,0,500,0
h05,9091404105904698470,p3,0,0,500,0,0,47,453,0,385,85,30,0,0,0,500,0
h05,9094635800883539673,p1,0,0,500,0,9,262,229,0,367,72,61,0,0,0,500,0
h05,9094635800883539673,p2,0,0,500,0,0,87,413,0,321,146,33,0,0,0,500,0
h05,9094635800883539673,p3,0,0,500,0,0,71,429,0,356,104,40,0,0,0,500,0
h05,9095671929785691461,p1,0,0,500,0,15,259,226,0,381,68,51,0,0,0,500,0
h05,9095671929785691461,p2,0,0,500,0,0,117,383,0,367,92,41,0,0,0,500,0
h05,9095671929785691461,p3,0,0,500,0,0,50,450,0,357,112,31,0,0,0,500,0
h05,9195153261481784320,p1,0,0,500,0,16,262,222,0,387,41,72,0,0,0,500,0
h05,9195153261481784320,p2,0,0,500,0,0,76,424,0,374,38,88,0,0,0,500,0
h05,9195153261481784320,p3,0,0,500,0,0,41,459,0,388,41,71,0,0,0,500,0
h05,974142711462634409,p1,0,0,500,0,11,264,225,0,386,69,45,0,0,0,500,0
h05,974142711462634409,p2,0,0,500,0,1,100,399,0,365,101,34,0,0,0,500,0
h05,974142711462634409,p3,0,0,500,0,0,63,437,0,308,145,47,0,0,0,500,0
h10,1012618836326683912,p1,0,0,500,0,10,261,229,0,367,83,50,0,0,0,500,0
h10,1012618836326683912,p2,0,0,500,0,0,99,401,0,348,113,39,0,0,0,500,0
h10,1012618836326683912,p3,0,0,500,0,0,35,465,0,364,97,39,0,0,0,500,0
h10,1026564289552693026,p1,0,1,499,0,17,290,193,0,397,60,43,0,0,0,500,0
h10,1026564289552693026,p2,0,0,500,0,0,117,383,0,340,123,37,0,0,0,500,0
h10,1026564289552693026,p3,0,0,500,0,0,66,434,0,368,107,25,0,0,0,500,0
h10,1026958658037135184,p1,0,2,498,0,7,229,264,0,341,105,54,0,0,0,500,0
h10,1026958658037135184,p2,0,0,500,0,0,83,417,0,406,56,38,0,0,0,500,0
h10,1026958658037135184,p3,0,0,500,0,0,28,472,0,267,193,40,0,0,0,500,0
h10,1048714029496110229,p1,0,0,500,0,11,291,198,0,361,74,65,0,0,0,500,0
h10,1048714029496110229,p2,0,0,500,0,0,86,414,0,361,88,51,0,0,0,500,0
h10,1048714029496110229,p3,0,0,500,0,1,57,442,0,361,85,54,0,0,0,500,0
h10,1059147586327691307,p1,0,0,500,0,18,276,206,0,367,81,52,0,0,0,500,0
h10,1059147586327691307,p2,0,0,500,0,0,122,378,0,371,94,35,0,0,0,500,0
h10,1059147586327691307,p3,0,0,500,0,0,49,451,0,357,120,23,0,0,0,500,0
h10,107017587312358064,p1,0,0,500,0,15,257,228,0,384,60,56,0,0,0,500,0
h10,107017587312358064,p2,0,0,500,0,0,80,420,0,346,119,35,0,0,0,500,0
h10,107017587312358064,p3,0,0,500,0,0,48,452,0,379,80,41,0,0,0,500,0
h10,1116551563473035952,p1,0,1,499,0,13,232,255,0,384,67,49,0,0,0,500,0
h10,1116551563473035952,p2,0,0,500,0,0,100,400,0,386,73,41,0,0,0,500,0
h10,1116551563473035952,p3,0,0,500,0,0,53,447,0,358,104,38,0,0,0,500,0
h10,1151244692888941698,p1,0,0,500,0,8,214,278,0,363,81,56,0,0,0,500,0
h10,1151244692888941698,p2,0,0,500,0,0,70,430,0,408,67,25,0,0,0,500,0
h10,1151244692888941698,p3,0,0,500,0,0,32,468,0,376,90,34,0,0,0,500,0
h10,1153989827650484475,p1,0,0,500,0,18,279,203,0,371,87,42,0,0,0,500,0
h10,1153989827650484475,p2,0,0,500,0,1,88,411,0,346,116,38,0,0,0,500,0
h10,1153989827650484475,p3,0,0,500,0,0,69,431,0,371,100,29,0,0,0,500,0
h10,1157659746044055472,p1,0,1,499,0,9,253,238,0,362,78,60,0,0,0,500,0
h10,1157659746044055472,p2,0,0,500,0,0,99,401,0,353,98,49,0,0,0,500,0
h10,1157659746044055472,p3,0,0,500,0,0,42,458,0,368,87,45,0,0,0,500,0
h10,1175073028833530932,p1,0,0,500,0,13,258,229,0,366,60,74,0,0,0,500,0
h10,1175073028833530932,p2,0,0,500,0,0,73,427,0,368,88,44,0,0,0,500,0
h10,1175073028833530932,p3,0,0,500,0,0,48,452,0,369,86,45,0,0,0,500,0
h10,1176707235945229063,p1,0,0,500,0,17,305,178,0,391,71,38,0,0,0,500,0
h10,1176707235945229063,p2,0,0,500,0,0,126,374,0,340,132,28,0,0,0,500,0
h10,1176707235945229063,p3,0,0,500,0,0,78,422,0,327,137,36,0,0,0,500,0
h10,1232030183765563702,p1,0,0,500,0,21,248,231,0,373,77,50,0,0,0,500,0
h10,1232030183765563702,p2,0,0,500,0,0,61,439,0,345,97,58,0,0,0,500,0
h10,1232030183765563702,p3,0,0,500,0,0,35,465,0,304,146,50,0,0,0,500,0
h10,1235969967620143229,p1,0,0,500,0,12,263,225,0,386,69,45,0,0,0,500,0
h10,1235969967620143229,p2,0,0,500,0,0,73,427,0,352,115,33,0,0,0,500,0
h10,1235969967620143229,p3,0,0,500,0,0,38,462,0,316,148,36,0,0,0,500,0
h10,124966211410855255,p1,0,1,499,0,29,255,216,0,370,53,77,0,0,0,500,0
h10,124966211410855255,p2,0,0,500,0,0,94,406,0,356,74,70,0,0,0,500,0
h10,124966211410855255,p3,0,0,500,0,0,66,434,0,377,45,78,0,0,0,500,0
h10,12585793717375436,p1,0,2,498,0,9,261,230,0,377,71,52,0,0,0,500,0
h10,12585793717375436,p2,0,0,500,0,0,123,377,0,379,76,45,0,0,0,500,0
h10,12585793717375436,p3,0,0,500,0,0,57,443,0,362,87,51,0,0,0,500,0
h10,1262797677683580703,p1,0,1,499,0,15,247,238,0,376,82,42,0,0,0,500,0
h10,1262797677683580703,p2,0,0,500,0,0,96,404,0,372,101,27,0,0,0,500,0
h10,1262797677683580703,p3,0,0,500,0,0,64,436,0,349,119,32,0,0,0,500,0
h10,1292842379370415372,p1,0,0,500,0,10,277,213,0,360,86,54,0,0,0,500,0
h10,1292842379370415372,p2,0,0,500,0,0,107,393,0,301,166,33,0,0,0,500,0
h10,1292842379370415372,p3,0,0,500,0,0,60,440,0,356,103,41,0,0,0,500,0
h10,1324106717765155468,p1,0,3,497,0,12,301,187,0,370,82,48,0,0,0,500,0
h10,1324106717765155468,p2,0,0,500,0,0,109,391,0,377,93,30,0,0,0,500,0
h10,1324106717765155468,p3,0,0,500,0,0,52,448,0,384,84,32,0,0,0,500,0
h10,1325227854816930920,p1,0,2,498,0,11,270,219,0,343,114,43,0,0,0,500,0
h10,1325227854816930920,p2,0,0,500,0,0,79,421,0,374,81,45,0,0,0,500,0
h10,1325227854816930920,p3,0,0,500,0,0,62,438,0,384,82,34,0,0,0,500,0
h10,1341658944922663820,p1,0,0,500,0,13,252,235,0,388,73,39,0,0,0,500,0
h10,1341658944922663820,p2,0,0,500,0,0,78,422,0,344,109,47,0,0,0,500,0
h10,1341658944922663820,p3,0,0,500,0,0,34,466,0,363,95,42,0,0,0,500,0
h10,1342555950548395655,p1,0,2,498,0,24,305,171,0,365,82,53,0,0,0,500,0
h10,1342555950548395655,p2,0,0,500,0,0,95,405,0,349,118,33,0,0,0,500,0
h10,1342555950548395655,p3,0,0,500,0,0,80,420,0,352,117,31,0,0,0,500,0
h10,1362976890963625099,p1,0,0,500,0,19,235,246,0,375,75,50,0,0,0,500,0
h10,1362976890963625099,p2,0,0,500,0,0,87,413,0,361,101,38,0,0,0,500,0
h10,1362976890963625099,p3,0,0,500,0,0,58,442,0,345,124,31,0,0,0,500,0
h10,1367937539674468921,p1,0,2,498,0,18,292,190,0,367,85,48,0,0,0,500,0
h10,1367937539674468921,p2,0,0,500,0,0,133,367,0,368,97,35,0,0,0,500,0
h10,1367937539674468921,p3,0,0,500,0,0,89,411,0,342,126,32,0,0,0,500,0
h10,1426162982195921554,p1,0,0,500,0,15,276,209,0,375,76,49,0,0,0,500,0
h10,1426162982195921554,p2,0,0,500,0,0,121,379,0,390,78,32,0,0,0,500,0
h10,1426162982195921554,p3,0,0,500,0,0,59,441,0,312,159,29,0,0,0,500,0
h10,1430307755999799038,p1,0,1,499,0,11,286,203,0,377,78,45,0,0,0,500,0
h10,1430307755999799038,p2,0,0,500,0,0,106,394,0,367,100,33,0,0,0,500,0
h10,1430307755999799038,p3,0,0,500,0,0,64,436,0,327,144,29,0,0,0,500,0
h10,1441771503623372442,p1,0,1,499,0,16,235,249,0,366,75,59,0,0,0,500,0
h10,1441771503623372442,p2,0,0,500,0,0,71,429,0,389,79,32,0,0,0,500,0
h10,1441771503623372442,p3,0,0,500,0,0,39,461,0,360,100,40,0,0,0,500,0
h10,1443851936976180138,p1,0,2,498,0,10,266,224,0,360,97,43,0,0,0,500,0
h10,1443851936976180138,p2,0,0,500,0,0,141,359,0,379,88,33,0,0,0,500,0
h10,1443851936976180138,p3,0,0,500,0,0,87,413,0,336,139,25,0,0,0,500,0
h10,1445419942631170083,p1,0,0,500,0,14,258,228,0,369,76,55,0,0,0,500,0
h10,1445419942631170083,p2,0,0,500,0,0,82,418,0,362,96,42,0,0,0,500,0
h10,1445419942631170083,p3,0,0,500,0,0,44,456,0,382,85,33,0,0,0,500,0
h10,1445901201543432693,p1,0,1,499,0,18,259,223,0,366,81,53,0,0,0,500,0
h10,1445901201543432693,p2,0,0,500,0,0,112,388,0,392,66,42,0,0,0,500,0
h10,1445901201543432693,p3,0,0,500,0,0,46,454,0,369,67,64,0,0,0,500,0
h10,1448547974085249144,p1,0,2,498,0,14,276,210,0,390,63,47,0,0,0,500,0
h10,1448547974085249144,p2,0,0,500,0,0,102,398,0,402,63,35,0,0,0,500,0
h10,1448547974085249144,p3,0,0,500,0,0,34,466,0,389,68,43,0,0,0,500,0
h10,1509914642853444501,p1,0,1,499,0,10,252,238,0,361,73,66,0,0,0,500,0
h10,1509914642853444501,p2,0,0,500,0,0,93,407,0,365,75,60,0,0,0,500,0
h10,1509914642853444501,p3,0,0,500,0,0,49,451,0,368,81,51,0,0,0,500,0
h10,1545277645358783464,p1,0,0,500,0,15,261,224,0,376,61,63,0,0,0,500,0
h10,1545277645358783464,p2,0,0,500,0,0,82,418,0,354,103,43,0,0,0,500,0
h10,1545277645358783464,p3,0,0,500,0,0,55,445,0,366,95,39,0,0,0,500,0
h10,1549511113490125657,p1,0,0,500,0,21,274,205,0,374,73,53,0,0,0,500,0
h10,1549511113490125657,p2,0,0,500,0,0,107,393,0,387,72,41,0,0,0,500,0
h10,1549511113490125657,p3,0,0,500,0,0,43,457,0,295,161,44,0,0,0,500,0
h10,154976249168926341,p1,0,1,499,0,19,292,189,0,364,94,42,0,0,0,500,0
h10,154976249168926341,p2,0,0,500,0,0,152,348,0,359,122,19,0,0,0,500,0
h10,154976249168926341,p3,0,0,500,0,0,87,413,0,359,116,25,0,0,0,500,0
h10,1552593388316938624,p1,0,0,500,0,20,262,218,0,360,82,58,0,0,0,500,0
h10,1552593388316938624,p2,0,0,500,0,0,155,345,0,379,90,31,0,0,0,500,0
h10,1552593388316938624,p3,0,0,500,0,0,91,409,0,380,84,36,0,0,0,500,0
h10,1602855807995796450,p1,0,1,499,0,11,315,174,0,370,81,49,0,0,0,500,0
h10,1602855807995796450,p2,0,0,500,0,0,138,362,0,383,86,31,0,0,0,500,0
h10,1602855807995796450,p3,0,0,500,0,0,97,403,0,365,104,31,0,0,0,500,0
h10,1669057736365589103,p1,0,0,500,0,18,306,176,0,380,82,38,0,0,0,500,0
h10,1669057736365589103,p2,0,0,500,0,0,118,382,0,286,175,39,0,0,0,500,0
h10,1669057736365589103,p3,0,0,500,0,0,56,444,0,314,161,25,0,0,0,500,0
h10,1723238753758795348,p1,0,0,500,0,17,263,220,0,382,73,45,0,0,0,500,0
h10,1723238753758795348,p2,0,0,500,0,1,83,416,0,332,130,38,0,0,0,500,0
h10,1723238753758795348,p3,0,0,500,0,0,66,434,0,349,96,55,0,0,0,500,0
h10,1725361983498964955,p1,0,0,500,0,13,232,255,0,368,69,63,0,0,0,500,0
h10,1725361983498964955,p2,0,0,500,0,0,83,417,0,379,68,53,0,0,0,500,0
h10,1725361983498964955,p3,0,0,500,0,0,36,464,0,355,103,42,0,0,0,500,0
h10,1729008289816919154,p1,0,0,500,0,7,278,215,0,357,83,60,0,0,0,500,0
h10,1729008289816919154,p2,0,0,500,0,0,126,374,0,348,118,34,0,0,0,500,0
h10,1729008289816919154,p3,0,0,500,0,0,57,443,0,339,119,42,0,0,0,500,0
h10,1743245726827303525,p1,0,1,499,0,12,276,212,0,391,71,38,0,0,0,500,0
h10,1743245726827303525,p2,0,0,500,0,0,92,408,0,340,124,36,0,0,0,500,0
h10,1743245726827303525,p3,0,0,500,0,0,47,453,0,338,105,57,0,0,0,500,0
h10,1755703797568845287,p1,0,1,499,0,17,275,208,0,367,74,59,0,0,0,500,0
h10,1755703797568845287,p2,0,0,500,0,0,118,382,0,355,102,43,0,0,0,500,0
h10,1755703797568845287,p3,0,0,500,0,0,66,434,0,369,84,47,0,0,0,500,0
h10,1778004071931966452,p1,0,0,500,0,13,270,217,0,376,74,50,0,0,0,500,0
h10,1778004071931966452,p2,0,0,500,0,0,121,379,0,387,74,39,0,0,0,500,0
h10,1778004071931966452,p3,0,0,500,0,0,47,453,0,377,82,41,0,0,0,500,0
h10,1778278019751840967,p1,0,1,499,0,11,268,221,0,362,75,63,0,0,0,500,0
h10,1778278019751840967,p2,0,0,500,0,0,92,408,0,364,92,44,0,0,0,500,0
h10,1778278019751840967,p3,0,0,500,0,0,49,451,0,330,114,56,0,0,0,500,0
h10,1787581137280623868,p1,0,1,499,0,14,291,195,0,368,89,43,0,0,0,500,0
h10,1787581137280623868,p2,0,0,500,0,0,158,342,0,373,94,33,0,0,0,500,0
h10,1787581137280623868,p3,0,0,500,0,0,60,440,0,359,109,32,0,0,0,500,0
h10,1789307750411376887,p1,0,1,499,0,14,283,203,0,364,85,51,0,0,0,500,0
h10,1789307750411376887,p2,0,0,500,0,0,128,372,0,365,95,40,0,0,0,500,0
h10,1789307750411376887,p3,0,0,500,0,0,52,448,0,388,83,29,0,0,0,500,0
h10,1835495332622025351,p1,0,1,499,0,14,295,191,0,376,82,42,0,0,0,500,0
h10,1835495332622025351,p2,0,0,500,0,0,118,382,0,384,79,37,0,0,0,500,0
h10,1835495332622025351,p3,0,0,500,0,0,64,436,0,372,102,26,0,0,0,500,0
h10,1848446807853635934,p1,0,0,500,0,13,238,249,0,367,83,50,0,0,0,500,0
h10,1848446807853635934,p2,0,0,500,0,0,68,432,0,350,107,43,0,0,0,500,0
h10,1848446807853635934,p3,0,0,500,0,0,36,464,0,307,152,41,0,0,0,500,0
h10,188669567936463757,p1,0,0,500,0,15,242,243,0,392,56,52,0,0,0,500,0
h10,188669567936463757,p2,0,0,500,0,0,114,386,0,337,115,48,0,0,0,500,0
h10,188669567936463757,p3,0,0,500,0,0,51,449,0,379,78,43,0,0,0,500,0
h10,1891693020442965712,p1,0,0,500,0,17,244,239,0,376,69,55,0,0,0,500,0
h10,1891693020442965712,p2,0,0,500,0,0,89,411,0,377,90,33,0,0,0,500,0
h10,1891693020442965712,p3,0,0,500,0,0,79,421,0,363,116,21,0,0,0,500,0
h10,18979846889525186,p1,0,0,500,0,7,243,250,0,356,94,50,0,0,0,500,0
h10,18979846889525186,p2,0,0,500,0,0,75,425,0,327,121,52,0,0,0,500,0
h10,18979846889525186,p3,0,0,500,0,0,41,459,0,333,128,39,0,0,0,500,0
h10,1902011476580300920,p1,0,2,498,0,19,294,187,0,356,85,59,0,0,0,500,0
h10,1902011476580300920,p2,0,0,500,0,0,111,389,0,347,104,49,0,0,0,500,0
h10,1902011476580300920,p3,0,0,500,0,0,53,447,0,310,151,39,0,0,0,500,0
h10,1910055771298086959,p1,0,1,499,0,16,274,210,0,369,86,45,0,0,0,500,0
h10,1910055771298086959,p2,0,0,500,0,0,108,392,0,391,73,36,0,0,0,500,0
h10,1910055771298086959,p3,0,0,500,0,0,55,445,0,372,75,53,0,0,0,500,0
h10,1942850984822029135,p1,0,2,498,0,11,280,209,0,371,87,42,0,0,0,500,0
h10,1942850984822029135,p2,0,0,500,0,0,143,357,0,335,112,53,0,0,0,500,0
h10,1942850984822029135,p3,0,0,500,0,0,93,407,0,361,82,57,0,0,0,500,0
h10,1960685429726741693,p1,0,1,499,0,18,261,221,0,383,60,57,0,0,0,500,0
h10,1960685429726741693,p2,0,0,500,0,0,93,407,0,394,63,43,0,0,0,500,0
h10,1960685429726741693,p3,0,0,500,0,0,50,450,0,335,130,35,0,0,0,500,0
h10,1963097838898246514,p1,0,0,500,0,21,290,189,0,375,72,53,0,0,0,500,0
h10,1963097838898246514,p2,0,0,500,0,0,105,395,0,383,83,34,0,0,0,500,0
h10,1963097838898246514,p3,0,0,500,0,0,76,424,0,369,96,35,0,0,0,500,0
h10,1989200961355284090,p1,0,1,499,0,13,296,191,0,389,72,39,0,0,0,500,0
h10,1989200961355284090,p2,0,0,500,0,0,120,380,0,381,83,36,0,0,0,500,0
h10,1989200961355284090,p3,0,0,500,0,0,92,408,0,382,85,33,0,0,0,500,0
h10,2067970342924480294,p1,0,1,499,0,15,281,204,0,374,67,59,0,0,0,500,0
h10,2067970342924480294,p2,0,0,500,0,0,113,387,0,350,119,31,0,0,0,500,0
h10,2067970342924480294,p3,0,0,500,0,0,57,443,0,352,111,37,0,0,0,500,0
h10,2086079987907891091,p1,0,0,500,0,17,285,198,0,364,80,56,0,0,0,500,0
h10,2086079987907891091,p2,0,0,500,0,0,98,402,0,355,103,42,0,0,0,500,0
h10,2086079987907891091,p3,0,0,500,0,0,46,454,0,364,105,31,0,0,0,500,0
h10,2088317823166026460,p1,0,1,499,0,6,297,197,0,326,121,53,0,0,0,500,0
h10,2088317823166026460,p2,0,0,500,0,1,145,354,0,374,97,29,0,0,0,500,0
h10,2088317823166026460,p3,0,0,500,0,0,82,418,0,382,91,27,0,0,0,500,0
h10,2120015333636602866,p1,0,3,497,0,19,307,174,0,366,88,46,0,0,0,500,0
h10,2120015333636602866,p2,0,0,500,0,0,152,348,0,378,99,23,0,0,0,500,0
h10,2120015333636602866,p3,0,0,500,0,0,106,394,0,367,108,25,0,0,0,500,0
h10,213435615966778079,p1,0,1,499,0,15,255,230,0,369,79,52,0,0,0,500,0
h10,213435615966778079,p2,0,0,500,0,0,81,419,0,328,135,37,0,0,0,500,0
h10,213435615966778079,p3,0,0,500,0,0,51,449,0,365,103,32,0,0,0,500,0
h10,214858307029431604,p1,0,0,500,0,15,284,201,0,375,72,53,0,0,0,500,0
h10,214858307029431604,p2,0,0,500,0,0,83,417,0,367,88,45,0,0,0,500,0
h10,214858307029431604,p3,0,0,500,0,0,51,449,0,348,99,53,0,0,0,500,0
h10,2157168057173588686,p1,0,0,500,0,18,228,254,0,369,67,64,0,0,0,500,0
h10,2157168057173588686,p2,0,0,500,0,0,81,419,0,351,81,68,0,0,0,500,0
h10,2157168057173588686,p3,0,0,500,0,0,44,456,0,368,66,66,0,0,0,500,0
h10,2170046573815725772,p1,0,0,500,0,17,267,216,0,368,60,72,0,0,0,500,0
h10,2170046573815725772,p2,0,0,500,0,0,63,437,0,317,79,104,0,0,0,500,0
h10,2170046573815725772,p3,0,0,500,0,0,39,461,0,297,58,145,0,0,0,500,0
h10,2180760889923183150,p1,0,0,500,0,15,294,191,0,359,75,66,0,0,0,500,0
h10,2180760889923183150,p2,0,0,500,0,0,128,372,0,340,106,54,0,0,0,500,0
h10,2180760889923183150,p3,0,0,500,0,0,76,424,0,350,88,62,0,0,0,500,0
h10,2205178927185015817,p1,0,0,500,0,19,260,221,0,357,68,75,0,0,0,500,0
h10,2205178927185015817,p2,0,0,500,0,0,103,397,0,402,62,36,0,0,0,500,0
h10,2205178927185015817,p3,0,0,500,0,0,57,443,0,339,119,42,0,0,0,500,0
h10,2245925325132679270,p1,0,0,500,0,19,247,234,0,365,72,63,0,0,0,500,0
h10,2245925325132679270,p2,0,0,500,0,0,78,422,0,351,107,42,0,0,0,500,0
h10,2245925325132679270,p3,0,0,500,0,0,51,449,0,361,85,54,0,0,0,500,0
h10,2281994803326665267,p1,0,0,500,0,21,230,249,0,365,73,62,0,0,0,500,0
h10,2281994803326665267,p2,0,0,500,0,0,66,434,0,259,169,72,0,0,0,500,0
h10,2281994803326665267,p3,0,0,500,0,0,41,459,0,385,48,67,0,0,0,500,0
h10,2287414817159536582,p1,0,2,498,0,18,264,218,0,400,57,43,0,0,0,500,0
h10,2287414817159536582,p2,0,0,500,0,0,112,388,0,376,80,44,0,0,0,500,0
h10,2287414817159536582,p3,0,0,500,0,0,67,433,0,370,86,44,0,0,0,500,0
h10,2296001920092644526,p1,0,0,500,0,16,269,215,0,362,89,49,0,0,0,500,0
h10,2296001920092644526,p2,0,0,500,0,0,70,430,0,350,117,33,0,0,0,500,0
h10,2296001920092644526,p3,0,0,500,0,0,44,456,0,328,132,40,0,0,0,500,0
h10,2297310092502383377,p1,0,0,500,0,12,287,201,0,377,86,37,0,0,0,500,0
h10,2297310092502383377,p2,0,0,500,0,0,105,395,0,383,91,26,0,0,0,500,0
h10,2297310092502383377,p3,0,0,500,0,0,74,426,0,377,102,21,0,0,0,500,0
h10,2299066120733924076,p1,0,1,499,0,17,276,207,0,373,82,45,0,0,0,500,0
h10,2299066120733924076,p2,0,0,500,0,0,133,367,0,383,91,26,0,0,0,500,0
h10,2299066120733924076,p3,0,0,500,0,0,79,421,0,361,97,42,0,0,0,500,0
h10,2311964674000974674,p1,0,0,500,0,10,270,220,0,352,89,59,0,0,0,500,0
h10,2311964674000974674,p2,0,0,500,0,0,110,390,0,351,117,32,0,0,0,500,0
h10,2311964674000974674,p3,0,0,500,0,0,88,412,0,348,114,38,0,0,0,500,0
h10,2329007392430375664,p1,0,0,500,0,15,255,230,0,372,80,48,0,0,0,500,0
h10,2329007392430375664,p2,0,0,500,0,0,94,406,0,377,83,40,0,0,0,500,0
h10,2329007392430375664,p3,0,0,500,0,0,58,442,0,289,180,31,0,0,0,500,0
h10,234921801251453869,p1,0,0,500,0,21,242,237,0,360,95,45,0,0,0,500,0
h10,234921801251453869,p2,0,0,500,0,0,78,422,0,341,113,46,0,0,0,500,0
h10,234921801251453869,p3,0,0,500,0,0,45,455,0,355,101,44,0,0,0,500,0
h10,2354544519747105301,p1,0,0,500,0,14,248,238,0,351,86,63,0,0,0,500,0
h10,2354544519747105301,p2,0,0,500,0,0,66,434,0,346,112,42,0,0,0,500,0
h10,2354544519747105301,p3,0,0,500,0,0,47,453,0,339,114,47,0,0,0,500,0
h10,2357356116961837130,p1,0,0,500,0,24,269,207,0,369,62,69,0,0,0,500,0
h10,2357356116961837130,p2,0,0,500,0,0,107,393,0,372,93,35,0,0,0,500,0
h10,2357356116961837130,p3,0,0,500,0,0,63,437,0,377,82,41,0,0,0,500,0
h10,2374712119957615693,p1,0,1,499,0,19,296,185,0,371,93,36,0,0,0,500,0
h10,2374712119957615693,p2,0,0,500,0,0,124,376,0,365,100,35,0,0,0,500,0
h10,2374712119957615693,p3,0,0,500,0,0,100,400,0,380,84,36,0,0,0,500,0
h10,2378223484633022671,p1,0,1,499,0,9,293,198,0,380,70,50,0,0,0,500,0
h10,2378223484633022671,p2,0,0,500,0,0,113,387,0,362,113,25,0,0,0,500,0
h10,2378223484633022671,p3,0,0,500,0,0,65,435,0,353,113,34,0,0,0,500,0
h10,2405974824152589709,p1,0,0,500,0,15,206,279,0,367,79,54,0,0,0,500,0
h10,2405974824152589709,p2,0,0,500,0,1,79,420,0,374,68,58,0,0,0,500,0
h10,2405974824152589709,p3,0,0,500,0,0,37,463,0,394,77,29,0,0,0,500,0
h10,2408888981758523933,p1,0,0,500,0,8,241,251,0,366,79,55,0,0,0,500,0
h10,2408888981758523933,p2,0,0,500,0,0,101,399,0,363,95,42,0,0,0,500,0
h10,2408888981758523933,p3,0,0,500,0,0,42,458,0,374,88,38,0,0,0,500,0
h10,2411177555993782872,p1,0,1,499,0,9,269,222,0,383,66,51,0,0,0,500,0
h10,2411177555993782872,p2,0,0,500,0,0,99,401,0,374,95,31,0,0,0,500,0
h10,2411177555993782872,p3,0,0,500,0,0,62,438,0,349,111,40,0,0,0,500,0
h10,2442927368246943371,p1,0,0,500,0,13,274,213,0,372,41,87,0,0,0,500,0
h10,2442927368246943371,p2,0,0,500,0,0,113,387,0,342,41,117,0,0,0,500,0
h10,2442927368246943371,p3,0,0,500,0,0,62,438,0,337,39,124,0,0,0,500,0
h10,2470422899851277686,p1,0,0,500,0,11,229,260,0,350,78,72,0,0,0,500,0
h10,2470422899851277686,p2,0,0,500,0,0,72,428,0,356,102,42,0,0,0,500,0
h10,2470422899851277686,p3,0,0,500,0,0,66,434,0,387,80,33,0,0,0,500,0
h10,2480779890822572341,p1,0,1,499,0,15,298,187,0,372,80,48,0,0,0,500,0
h10,2480779890822572341,p2,0,0,500,0,0,105,395,0,396,68,36,0,0,0,500,0
h10,2480779890822572341,p3,0,0,500,0,0,57,443,0,355,114,31,0,0,0,500,0
h10,2483178009446175964,p1,0,0,500,0,22,222,256,0,379,64,57,0,0,0,500,0
h10,2483178009446175964,p2,0,0,500,0,0,53,447,0,353,107,40,0,0,0,500,0
h10,2483178009446175964,p3,0,0,500,0,0,31,469,0,365,96,39,0,0,0,500,0
h10,2488402134754094352,p1,0,0,500,0,7,284,209,0,383,62,55,0,0,0,500,0
h10,2488402134754094352,p2,0,0,500,0,0,116,384,0,346,120,34,0,0,0,500,0
h10,2488402134754094352,p3,0,0,500,0,0,85,415,0,368,112,20,0,0,0,500,0
h10,2515545305029161790,p1,0,0,500,0,10,295,195,0,356,106,38,0,0,0,500,0
h10,2515545305029161790,p2,0,0,500,0,0,140,360,0,355,121,24,0,0,0,500,0
h10,2515545305029161790,p3,0,0,500,0,0,82,418,0,308,155,37,0,0,0,500,0
h10,2530554541687735636,p1,0,2,498,0,8,230,262,0,353,97,50,0,0,0,500,0
h10,2530554541687735636,p2,0,0,500,0,0,82,418,0,333,123,44,0,0,0,500,0
h10,2530554541687735636,p3,0,0,500,0,0,56,444,0,343,126,31,0,0,0,500,0
h10,2542975459646688792,p1,0,0,500,0,10,288,202,0,381,59,60,0,0,0,500,0
h10,2542975459646688792,p2,0,0,500,0,0,127,373,0,391,79,30,0,0,0,500,0
h10,2542975459646688792,p3,0,0,500,0,0,102,398,0,273,197,30,0,0,0,500,0
h10,2543418921934646807,p1,0,0,500,0,17,237,246,0,360,82,58,0,0,0,500,0
h10,2543418921934646807,p2,0,0,500,0,0,71,429,0,355,98,47,0,0,0,500,0
h10,2543418921934646807,p3,0,0,500,0,0,50,450,0,302,151,47,0,0,0,500,0
h10,2545628064653092717,p1,0,0,500,0,12,258,230,0,380,67,53,0,0,0,500,0
h10,2545628064653092717,p2,0,0,500,0,0,82,418,0,343,120,37,0,0,0,500,0
h10,2545628064653092717,p3,0,0,500,0,0,42,458,0,373,93,34,0,0,0,500,0
h10,2587277278725201249,p1,0,0,500,0,18,252,230,0,387,68,45,0,0,0,500,0
h10,2587277278725201249,p2,0,0,500,0,0,104,396,0,391,65,44,0,0,0,500,0
h10,2587277278725201249,p3,0,0,500,0,0,51,449,0,373,54,73,0,0,0,500,0
h10,2589666695797247849,p1,0,0,500,0,14,247,239,0,369,72,59,0,0,0,500,0
h10,2589666695797247849,p2,0,0,500,0,0,78,422,0,382,71,47,0,0,0,500,0
h10,2589666695797247849,p3,0,0,500,0,0,46,454,0,369,79,52,0,0,0,500,0
h10,2592575050671657058,p1,0,0,500,0,20,257,223,0,388,73,39,0,0,0,500,0
h10,2592575050671657058,p2,0,0,500,0,0,107,393,0,371,98,31,0,0,0,500,0
h10,2592575050671657058,p3,0,0,500,0,1,41,458,0,378,90,32,0,0,0,500,0
h10,2608944351480602300,p1,0,0,500,0,8,286,206,0,357,92,51,0,0,0,500,0
h10,2608944351480602300,p2,0,0,500,0,0,127,373,0,336,136,28,0,0,0,500,0
h10,2608944351480602300,p3,0,0,500,0,0,82,418,0,318,150,32,0,0,0,500,0
h10,2615303255337001889,p1,0,0,500,0,13,235,252,0,368,73,59,0,0,0,500,0
h10,2615303255337001889,p2,0,0,500,0,0,87,413,0,358,94,48,0,0,0,500,0
h10,2615303255337001889,p3,0,0,500,0,0,15,485,0,336,104,60,0,0,0,500,0
h10,2627987376296409316,p1,0,2,498,0,11,289,200,0,382,68,50,0,0,0,500,0
h10,2627987376296409316,p2,0,0,500,0,0,115,385,0,367,97,36,0,0,0,500,0
h10,2627987376296409316,p3,0,0,500,0,0,64,436,0,347,110,43,0,0,0,500,0
h10,2634635786269550136,p1,0,0,500,0,14,290,196,0,374,76,50,0,0,0,500,0
h10,2634635786269550136,p2,0,0,500,0,0,132,368,0,373,86,41,0,0,0,500,0
h10,2634635786269550136,p3,0,0,500,0,0,64,436,0,341,123,36,0,0,0,500,0
h10,2640645837997350044,p1,0,0,500,0,17,215,268,0,343,82,75,0,0,0,500,0
h10,2640645837997350044,p2,0,0,500,0,0,47,453,0,353,95,52,0,0,0,500,0
h10,2640645837997350044,p3,0,0,500,0,0,25,475,0,374,84,42,0,0,0,500,0
h10,26572078936003951,p1,0,0,500,0,18,228,254,0,363,77,60,0,0,0,500,0
h10,26572078936003951,p2,0,0,500,0,0,73,427,0,328,115,57,0,0,0,500,0
h10,26572078936003951,p3,0,0,500,0,0,35,465,0,368,82,50,0,0,0,500,0
h10,2673334396525110524,p1,0,1,499,0,18,244,238,0,374,74,52,0,0,0,500,0
h10,2673334396525110524,p2,0,0,500,0,0,81,419,0,355,106,39,0,0,0,500,0
h10,2673334396525110524,p3,0,0,500,0,0,39,461,0,376,84,40,0,0,0,500,0
h10,2678601504428787096,p1,0,0,500,0,17,274,209,0,377,77,46,0,0,0,500,0
h10,2678601504428787096,p2,0,0,500,0,1,114,385,0,366,103,31,0,0,0,500,0
h10,2678601504428787096,p3,0,0,500,0,0,79,421,0,312,164,24,0,0,0,500,0
h10,2680246031557722019,p1,0,0,500,0,15,291,194,0,349,90,61,0,0,0,500,0
h10,2680246031557722019,p2,0,0,500,0,0,107,393,0,329,140,31,0,0,0,500,0
h10,2680246031557722019,p3,0,0,500,0,0,66,434,0,377,97,26,0,0,0,500,0
h10,2683736121873444619,p1,0,0,500,0,10,277,213,0,366,82,52,0,0,0,500,0
h10,2683736121873444619,p2,0,0,500,0,0,73,427,0,335,119,46,0,0,0,500,0
h10,2683736121873444619,p3,0,0,500,0,0,38,462,0,337,121,42,0,0,0,500,0
h10,2683925884209795121,p1,0,1,499,0,14,269,217,0,376,68,56,0,0,0,500,0
h10,2683925884209795121,p2,0,0,500,0,0,87,413,0,328,125,47,0,0,0,500,0
h10,2683925884209795121,p3,0,0,500,0,0,25,475,0,377,78,45,0,0,0,500,0
h10,2692003651916499146,p1,0,1,499,0,11,238,251,0,381,64,55,0,0,0,500,0
h10,2692003651916499146,p2,0,0,500,0,0,112,388,0,300,155,45,0,0,0,500,0
h10,2692003651916499146,p3,0,0,500,0,0,60,440,0,323,105,72,0,0,0,500,0
h10,2693217448839198223,p1,0,0,500,0,9,295,196,0,364,88,48,0,0,0,500,0
h10,2693217448839198223,p2,0,0,500,0,0,106,394,0,393,79,28,0,0,0,500,0
h10,2693217448839198223,p3,0,0,500,0,0,85,415,0,337,130,33,0,0,0,500,0
h10,2700233424834892782,p1,0,4,496,0,11,298,191,0,374,86,40,0,0,0,500,0
h10,2700233424834892782,p2,0,0,500,0,0,148,352,0,328,134,38,0,0,0,500,0
h10,2700233424834892782,p3,0,0,500,0,0,77,423,0,304,166,30,0,0,0,500,0
h10,2701110544888040191,p1,0,0,500,0,17,240,243,0,378,57,65,0,0,0,500,0
h10,2701110544888040191,p2,0,0,500,0,0,89,411,0,388,79,33,0,0,0,500,0
h10,2701110544888040191,p3,0,0,500,0,0,40,460,0,374,86,40,0,0,0,500,0
h10,2719693331215119480,p1,0,0,500,0,12,257,231,0,373,74,53,0,0,0,500,0
h10,2719693331215119480,p2,0,0,500,0,0,66,434,0,398,69,33,0,0,0,500,0
h10,2719693331215119480,p3,0,0,500,0,0,35,465,0,351,99,50,0,0,0,500,0
h10,2724964245490892322,p1,0,1,499,0,15,290,195,0,371,80,49,0,0,0,500,0
h10,2724964245490892322,p2,0,0,500,0,0,128,372,0,380,88,32,0,0,0,500,0
h10,2724964245490892322,p3,0,0,500,0,0,70,430,0,374,91,35,0,0,0,500,0
h10,2733825921183942051,p1,0,1,499,0,14,281,205,0,363,84,53,0,0,0,500,0
h10,2733825921183942051,p2,0,0,500,0,0,100,400,0,353,108,39,0,0,0,500,0
h10,2733825921183942051,p3,0,0,500,0,0,59,441,0,335,130,35,0,0,0,500,0
h10,2741311680829526052,p1,0,0,500,0,14,259,227,0,368,74,58,0,0,0,500,0
h10,2741311680829526052,p2,0,0,500,0,0,98,402,0,404,65,31,0,0,0,500,0
h10,2741311680829526052,p3,0,0,500,0,0,66,434,0,374,87,39,0,0,0,500,0
h10,2778977508188489553,p1,0,0,500,0,11,227,262,0,367,84,49,0,0,0,500,0
h10,2778977508188489553,p2,0,0,500,0,0,71,429,0,316,134,50,0,0,0,500,0
h10,2778977508188489553,p3,0,0,500,0,0,61,439,0,282,177,41,0,0,0,500,0
h10,282000006729790948,p1,0,0,500,0,22,282,196,0,347,91,62,0,0,0,500,0
h10,282000006729790948,p2,0,0,500,0,0,178,322,0,329,144,27,0,0,0,500,0
h10,282000006729790948,p3,0,0,500,0,0,96,404,0,346,135,19,0,0,0,500,0
h10,2876466854622737300,p1,0,1,499,0,18,251,231,0,385,72,43,0,0,0,500,0
h10,2876466854622737300,p2,0,0,500,0,0,103,397,0,335,109,56,0,0,0,500,0
h10,2876466854622737300,p3,0,0,500,0,0,35,465,0,301,159,40,0,0,0,500,0
h10,2882196157522119301,p1,0,2,498,0,14,297,189,0,357,92,51,0,0,0,500,0
h10,2882196157522119301,p2,0,0,500,0,0,76,424,0,392,75,33,0,0,0,500,0
h10,2882196157522119301,p3,0,0,500,0,0,49,451,0,384,75,41,0,0,0,500,0
h10,2918504161726419167,p1,0,1,499,0,19,258,223,0,378,74,48,0,0,0,500,0
h10,2918504161726419167,p2,0,0,500,0,0,88,412,0,327,146,27,0,0,0,500,0
h10,2918504161726419167,p3,0,0,500,0,0,50,450,0,327,134,39,0,0,0,500,0
h10,293327602814131482,p1,0,0,500,0,12,274,214,0,379,73,48,0,0,0,500,0
h10,293327602814131482,p2,0,0,500,0,0,97,403,0,368,89,43,0,0,0,500,0
h10,293327602814131482,p3,0,0,500,0,0,80,420,0,410,64,26,0,0,0,500,0
h10,2933850206923310489,p1,0,2,498,0,16,299,185,0,375,46,79,0,0,0,500,0
h10,2933850206923310489,p2,0,0,500,0,0,163,337,0,341,48,111,0,0,0,500,0
h10,2933850206923310489,p3,0,0,500,0,0,94,406,0,299,63,138,0,0,0,500,0
h10,2948163112851511947,p1,0,0,500,0,10,257,233,0,376,63,61,0,0,0,500,0
h10,2948163112851511947,p2,0,0,500,0,0,94,406,0,362,101,37,0,0,0,500,0
h10,2948163112851511947,p3,0,0,500,0,0,42,458,0,374,89,37,0,0,0,500,0
h10,2964995880732550197,p1,0,0,500,0,16,254,230,0,377,59,64,0,0,0,500,0
h10,2964995880732550197,p2,0,0,500,0,0,78,422,0,334,132,34,0,0,0,500,0
h10,2964995880732550197,p3,0,0,500,0,0,45,455,0,353,122,25,0,0,0,500,0
h10,2981467198318407553,p1,0,0,500,0,16,266,218,0,374,64,62,0,0,0,500,0
h10,2981467198318407553,p2,0,0,500,0,0,113,387,0,314,134,52,0,0,0,500,0
h10,2981467198318407553,p3,0,0,500,0,0,74,426,0,315,146,39,0,0,0,500,0
h10,2993820833564648610,p1,0,0,500,0,17,287,196,0,377,62,61,0,0,0,500,0
h10,2993820833564648610,p2,0,0,500,0,0,96,404,0,348,111,41,0,0,0,500,0
h10,2993820833564648610,p3,0,0,500,0,0,53,447,0,357,112,31,0,0,0,500,0
h10,3015445553629977739,p1,0,5,495,0,11,287,202,0,372,76,52,0,0,0,500,0
h10,3015445553629977739,p2,0,0,500,0,0,126,374,0,375,94,31,0,0,0,500,0
h10,3015445553629977739,p3,0,0,500,0,0,66,434,0,334,134,32,0,0,0,500,0
h10,3022082044499067502,p1,0,1,499,0,22,277,201,0,367,52,81,0,0,0,500,0
h10,3022082044499067502,p2,0,0,500,0,0,121,379,0,373,64,63,0,0,0,500,0
h10,3022082044499067502,p3,0,0,500,0,0,52,448,0,344,36,120,0,0,0,500,0
h10,3036786816992325347,p1,0,0,500,0,19,253,228,0,391,60,49,0,0,0,500,0
h10,3036786816992325347,p2,0,0,500,0,0,64,436,0,388,76,36,0,0,0,500,0
h10,3036786816992325347,p3,0,0,500,0,0,27,473,0,375,80,45,0,0,0,500,0
h10,30421535319184460,p1,0,1,499,0,12,259,229,0,369,73,58,0,0,0,500,0
h10,30421535319184460,p2,0,0,500,0,0,75,425,0,305,155,40,0,0,0,500,0
h10,30421535319184460,p3,0,0,500,0,0,42,458,0,337,124,39,0,0,0,500,0
h10,30426964758616093,p1,0,0,500,0,12,230,258,0,384,68,48,0,0,0,500,0
h10,30426964758616093,p2,0,0,500,0,0,96,404,0,372,79,49,0,0,0,500,0
h10,30426964758616093,p3,0,0,500,0,0,25,475,0,298,152,50,0,0,0,500,0
h10,3051763574395870744,p1,0,0,500,0,15,280,205,0,358,92,50,0,0,0,500,0
h10,3051763574395870744,p2,0,0,500,0,0,138,362,0,344,120,36,0,0,0,500,0
h10,3051763574395870744,p3,0,0,500,0,0,79,421,0,333,122,45,0,0,0,500,0
h10,3080594008690481032,p1,0,3,497,0,18,290,192,0,375,78,47,0,0,0,500,0
h10,3080594008690481032,p2,0,0,500,0,0,140,360,0,405,58,37,0,0,0,500,0
h10,3080594008690481032,p3,0,0,500,0,0,59,441,0,354,108,38,0,0,0,500,0
h10,3110634309294556210,p1,0,1,499,0,19,279,202,0,369,74,57,0,0,0,500,0
h10,3110634309294556210,p2,0,0,500,0,0,145,355,0,337,132,31,0,0,0,500,0
h10,3110634309294556210,p3,0,0,500,0,0,66,434,0,398,67,35,0,0,0,500,0
h10,3144453090301631355,p1,0,0,500,0,17,290,193,0,359,89,52,0,0,0,500,0
h10,3144453090301631355,p2,0,0,500,0,0,126,374,0,392,88,20,0,0,0,500,0
h10,3144453090301631355,p3,0,0,500,0,0,78,422,0,376,98,26,0,0,0,500,0
h10,314990335271014427,p1,0,2,498,0,17,258,225,0,370,80,50,0,0,0,500,0
h10,314990335271014427,p2,0,0,500,0,0,83,417,0,365,108,27,0,0,0,500,0
h10,314990335271014427,p3,0,0,500,0,0,71,429,0,314,136,50,0,0,0,500,0
h10,3177396057719697434,p1,0,1,499,0,12,270,218,0,389,57,54,0,0,0,500,0
h10,3177396057719697434,p2,0,0,500,0,0,98,402,0,340,109,51,0,0,0,500,0
h10,3177396057719697434,p3,0,0,500,0,0,42,458,0,288,159,53,0,0,0,500,0
h10,3194283932650524706,p1,0,0,500,0,11,310,179,0,382,45,73,0,0,0,500,0
h10,3194283932650524706,p2,0,0,500,0,0,100,400,0,378,34,88,0,0,0,500,0
h10,3194283932650524706,p3,0,0,500,0,0,63,437,0,362,35,103,0,0,0,500,0
h10,3213470343179578591,p1,0,4,496,0,16,288,196,0,376,83,41,0,0,0,500,0
h10,3213470343179578591,p2,0,0,500,0,0,110,390,0,360,100,40,0,0,0,500,0
h10,3213470343179578591,p3,0,0,500,0,0,65,435,0,359,93,48,0,0,0,500,0
h10,3227493857604512410,p1,0,1,499,0,12,308,180,0,381,87,32,0,0,0,500,0
h10,3227493857604512410,p2,0,0,500,0,0,161,339,0,350,119,31,0,0,0,500,0
h10,3227493857604512410,p3,0,0,500,0,0,82,418,0,307,172,21,0,0,0,500,0
h10,3231053329382936729,p1,0,4,496,0,11,264,225,0,378,81,41,0,0,0,500,0
h10,3231053329382936729,p2,0,0,500,0,0,103,397,0,343,119,38,0,0,0,500,0
h10,3231053329382936729,p3,0,0,500,0,0,57,443,0,349,116,35,0,0,0,500,0
h10,3233926439603110354,p1,0,0,500,0,11,281,208,0,374,73,53,0,0,0,500,0
h10,3233926439603110354,p2,0,0,500,0,0,102,398,0,359,103,38,0,0,0,500,0
h10,3233926439603110354,p3,0,0,500,0,0,87,413,0,325,146,29,0,0,0,500,0
h10,3247278440354634060,p1,0,0,500,0,16,267,217,0,363,84,53,0,0,0,500,0
h10,3247278440354634060,p2,0,0,500,0,0,73,427,0,351,98,51,0,0,0,500,0
h10,3247278440354634060,p3,0,0,500,0,0,43,457,0,310,140,50,0,0,0,500,0
h10,3259279647590401931,p1,0,0,500,0,15,250,235,0,385,61,54,0,0,0,500,0
h10,3259279647590401931,p2,0,0,500,0,0,102,398,0,370,86,44,0,0,0,500,0
h10,3259279647590401931,p3,0,0,500,0,0,47,453,0,323,140,37,0,0,0,500,0
h10,3302071645020837928,p1,0,0,500,0,12,268,220,0,352,86,62,0,0,0,500,0
h10,3302071645020837928,p2,0,0,500,0,0,86,414,0,335,115,50,0,0,0,500,0
h10,3302071645020837928,p3,0,0,500,0,0,41,459,0,396,80,24,0,0,0,500,0
h10,3328402514371753017,p1,0,1,499,0,13,288,199,0,376,79,45,0,0,0,500,0
h10,3328402514371753017,p2,0,0,500,0,2,154,344,0,350,112,38,0,0,0,500,0
h10,3328402514371753017,p3,0,0,500,0,0,75,425,0,336,127,37,0,0,0,500,0
h10,340979323962834709,p1,0,2,498,0,17,310,173,0,384,69,47,0,0,0,500,0
h10,340979323962834709,p2,0,0,500,0,0,104,396,0,374,89,37,0,0,0,500,0
h10,340979323962834709,p3,0,0,500,0,0,46,454,0,374,86,40,0,0,0,500,0
h10,342566792181413855,p1,0,5,495,0,12,295,193,0,352,94,54,0,0,0,500,0
h10,342566792181413855,p2,0,0,500,0,0,144,356,0,380,87,33,0,0,0,500,0
h10,342566792181413855,p3,0,0,500,0,0,92,408,0,301,173,26,0,0,0,500,0
h10,3442639218023726317,p1,0,0,500,0,17,291,192,0,393,72,35,0,0,0,500,0
h10,3442639218023726317,p2,0,0,500,0,0,121,379,0,357,101,42,0,0,0,500,0
h10,3442639218023726317,p3,0,0,500,0,0,109,391,0,378,82,40,0,0,0,500,0
h10,345072202720539208,p1,0,0,500,0,12,291,197,0,373,81,46,0,0,0,500,0
h10,345072202720539208,p2,0,0,500,0,0,123,377,0,372,98,30,0,0,0,500,0
h10,345072202720539208,p3,0,0,500,0,0,49,451,0,352,112,36,0,0,0,500,0
h10,345290825526112128,p1,0,1,499,0,15,272,213,0,386,60,54,0,0,0,500,0
h10,345290825526112128,p2,0,0,500,0,1,64,435,0,353,99,48,0,0,0,500,0
h10,345290825526112128,p3,0,0,500,0,0,39,461,0,391,79,30,0,0,0,500,0
h10,3478593587835989243,p1,0,0,500,0,18,258,224,0,368,76,56,0,0,0,500,0
h10,3478593587835989243,p2,0,0,500,0,0,74,426,0,363,96,41,0,0,0,500,0
h10,3478593587835989243,p3,0,0,500,0,0,46,454,0,374,76,50,0,0,0,500,0
h10,3492466372648127952,p1,0,0,500,0,24,260,216,0,368,77,55,0,0,0,500,0
h10,3492466372648127952,p2,0,0,500,0,0,100,400,0,379,83,38,0,0,0,500,0
h10,3492466372648127952,p3,0,0,500,0,0,67,433,0,394,80,26,0,0,0,500,0
h10,3510427881162541047,p1,0,0,500,0,10,294,196,0,393,66,41,0,0,0,500,0
h10,3510427881162541047,p2,0,0,500,0,0,131,369,0,347,115,38,0,0,0,500,0
h10,3510427881162541047,p3,0,0,500,0,0,88,412,0,357,118,25,0,0,0,500,0
h10,3515310703773236102,p1,0,1,499,0,14,307,179,0,369,80,51,0,0,0,500,0
h10,3515310703773236102,p2,0,0,500,0,0,121,379,0,381,72,47,0,0,0,500,0
h10,3515310703773236102,p3,0,0,500,0,0,68,432,0,346,128,26,0,0,0,500,0
h10,3525202916451603638,p1,0,1,499,0,14,258,228,0,393,68,39,0,0,0,500,0
h10,3525202916451603638,p2,0,0,500,0,0,94,406,0,382,88,30,0,0,0,500,0
h10,3525202916451603638,p3,0,0,500,0,0,33,467,0,308,158,34,0,0,0,500,0
h10,3535825091353232225,p1,0,2,498,0,18,254,228,0,380,80,40,0,0,0,500,0
h10,3535825091353232225,p2,0,0,500,0,0,132,368,0,361,97,42,0,0,0,500,0
h10,3535825091353232225,p3,0,0,500,0,0,69,431,0,366,90,44,0,0,0,500,0
h10,3549830803760933217,p1,0,0,500,0,13,280,207,0,381,80,39,0,0,0,500,0
h10,3549830803760933217,p2,0,0,500,0,0,90,410,0,351,95,54,0,0,0,500,0
h10,3549830803760933217,p3,0,0,500,0,0,53,447,0,333,126,41,0,0,0,500,0
h10,3570967265604779907,p1,0,0,500,0,16,242,242,0,356,84,60,0,0,0,500,0
h10,3570967265604779907,p2,0,0,500,0,0,71,429,0,357,104,39,0,0,0,500,0
h10,3570967265604779907,p3,0,0,500,0,0,56,444,0,357,100,43,0,0,0,500,0
h10,359694017906808707,p1,0,2,498,0,14,281,205,0,369,72,59,0,0,0,500,0
h10,359694017906808707,p2,0,0,500,0,0,115,385,0,350,109,41,0,0,0,500,0
h10,359694017906808707,p3,0,0,500,0,0,79,421,0,338,122,40,0,0,0,500,0
h10,3597153204059771281,p1,0,1,499,0,13,284,203,0,365,88,47,0,0,0,500,0
h10,3597153204059771281,p2,0,0,500,0,0,97,403,0,356,112,32,0,0,0,500,0
h10,3597153204059771281,p3,0,0,500,0,0,65,435,0,350,124,26,0,0,0,500,0
h10,3604425597620500274,p1,0,1,499,0,12,230,258,0,372,52,76,0,0,0,500,0
h10,3604425597620500274,p2,0,0,500,0,0,80,420,0,302,157,41,0,0,0,500,0
h10,3604425597620500274,p3,0,0,500,0,0,37,463,0,313,133,54,0,0,0,500,0
h10,3607617081739144586,p1,0,0,500,0,16,259,225,0,365,79,56,0,0,0,500,0
h10,3607617081739144586,p2,0,0,500,0,0,82,418,0,347,119,34,0,0,0,500,0
h10,3607617081739144586,p3,0,0,500,0,0,59,441,0,380,82,38,0,0,0,500,0
h10,3616519850239724504,p1,0,1,499,0,18,256,226,0,360,83,57,0,0,0,500,0
h10,3616519850239724504,p2,0,0,500,0,0,90,410,0,370,92,38,0,0,0,500,0
h10,3616519850239724504,p3,0,0,500,0,0,43,457,0,381,84,35,0,0,0,500,0
h10,362852213953116869,p1,0,1,499,0,16,284,200,0,376,78,46,0,0,0,500,0
h10,362852213953116869,p2,0,0,500,0,0,98,402,0,332,129,39,0,0,0,500,0
h10,362852213953116869,p3,0,0,500,0,0,62,438,0,349,119,32,0,0,0,500,0
h10,363126182234890510,p1,0,0,500,0,19,278,203,0,353,49,98,0,0,0,500,0
h10,363126182234890510,p2,0,0,500,0,0,99,401,0,341,65,94,0,0,0,500,0
h10,363126182234890510,p3,0,0,500,0,0,54,446,0,306,54,140,0,0,0,500,0
h10,3652918838938183809,p1,0,2,498,0,14,224,262,0,376,60,64,0,0,0,500,0
h10,3652918838938183809,p2,0,0,500,0,0,73,427,0,385,75,40,0,0,0,500,0
h10,3652918838938183809,p3,0,0,500,0,0,34,466,0,392,65,43,0,0,0,500,0
h10,3665964007175483442,p1,0,0,500,0,9,274,217,0,388,66,46,0,0,0,500,0
h10,3665964007175483442,p2,0,0,500,0,0,92,408,0,362,75,63,0,0,0,500,0
h10,3665964007175483442,p3,0,0,500,0,0,38,462,0,349,111,40,0,0,0,500,0
h10,3694111826312185667,p1,0,3,497,0,17,216,267,0,368,76,56,0,0,0,500,0
h10,3694111826312185667,p2,0,0,500,0,0,72,428,0,328,137,35,0,0,0,500,0
h10,3694111826312185667,p3,0,0,500,0,0,38,462,0,386,88,26,0,0,0,500,0
h10,370979875412372043,p1,0,0,500,0,16,260,224,0,387,57,56,0,0,0,500,0
h10,370979875412372043,p2,0,0,500,0,0,97,403,0,293,157,50,0,0,0,500,0
h10,370979875412372043,p3,0,0,500,0,0,63,437,0,384,77,39,0,0,0,500,0
h10,3743949025601524074,p1,0,2,498,0,18,282,200,0,363,74,63,0,0,0,500,0
h10,3743949025601524074,p2,0,0,500,0,0,110,390,0,305,152,43,0,0,0,500,0
h10,3743949025601524074,p3,0,0,500,0,0,41,459,0,335,128,37,0,0,0,500,0
h10,3762068953909526468,p1,0,0,500,0,11,280,209,0,391,62,47,0,0,0,500,0
h10,3762068953909526468,p2,0,0,500,0,0,119,381,0,378,85,37,0,0,0,500,0
h10,3762068953909526468,p3,0,0,500,0,0,77,423,0,381,100,19,0,0,0,500,0
h10,3767282456917893649,p1,0,1,499,0,14,273,213,0,387,72,41,0,0,0,500,0
h10,3767282456917893649,p2,0,0,500,0,0,122,378,0,380,96,24,0,0,0,500,0
h10,3767282456917893649,p3,0,0,500,0,0,56,444,0,378,81,41,0,0,0,500,0
h10,3773869745490374435,p1,0,0,500,0,8,225,267,0,380,47,73,0,0,0,500,0
h10,3773869745490374435,p2,0,0,500,0,0,96,404,0,381,39,80,0,0,0,500,0
h10,3773869745490374435,p3,0,0,500,0,0,35,465,0,383,35,82,0,0,0,500,0
h10,3792675460443327982,p1,0,1,499,0,8,270,222,0,373,76,51,0,0,0,500,0
h10,3792675460443327982,p2,0,0,500,0,0,71,429,0,358,97,45,0,0,0,500,0
h10,3792675460443327982,p3,0,0,500,0,0,46,454,0,370,76,54,0,0,0,500,0
h10,3794599103920556640,p1,0,1,499,0,15,282,203,0,383,73,44,0,0,0,500,0
h10,3794599103920556640,p2,0,0,500,0,0,103,397,0,394,68,38,0,0,0,500,0
h10,3794599103920556640,p3,0,0,500,0,0,57,443,0,322,138,40,0,0,0,500,0
h10,3809849392544341668,p1,0,0,500,0,10,294,196,0,368,82,50,0,0,0,500,0
h10,3809849392544341668,p2,0,0,500,0,0,136,364,0,365,92,43,0,0,0,500,0
h10,3809849392544341668,p3,0,0,500,0,0,39,461,0,349,104,47,0,0,0,500,0
h10,3814054020251346733,p1,0,3,497,0,12,271,217,0,373,79,48,0,0,0,500,0
h10,3814054020251346733,p2,0,0,500,0,0,105,395,0,349,120,31,0,0,0,500,0
h10,3814054020251346733,p3,0,0,500,0,0,71,429,0,337,131,32,0,0,0,500,0
h10,3818319660638604125,p1,0,1,499,0,10,287,203,0,373,69,58,0,0,0,500,0
h10,3818319660638604125,p2,0,0,500,0,0,100,400,0,318,139,43,0,0,0,500,0
h10,3818319660638604125,p3,0,0,500,0,0,76,424,0,364,96,40,0,0,0,500,0
h10,3874096620129047923,p1,0,0,500,0,12,240,248,0,375,93,32,0,0,0,500,0
h10,3874096620129047923,p2,0,0,500,0,0,69,431,0,387,76,37,0,0,0,500,0
h10,3874096620129047923,p3,0,0,500,0,1,41,458,0,364,107,29,0,0,0,500,0
h10,3913324801739798008,p1,0,0,500,0,13,271,216,0,365,78,57,0,0,0,500,0
h10,3913324801739798008,p2,0,0,500,0,0,101,399,0,374,97,29,0,0,0,500,0
h10,3913324801739798008,p3,0,0,500,0,0,41,459,0,332,125,43,0,0,0,500,0
h10,3916530029150230865,p1,0,1,499,0,17,260,223,0,341,89,70,0,0,0,500,0
h10,3916530029150230865,p2,0,0,500,0,0,102,398,0,331,129,40,0,0,0,500,0
h10,3916530029150230865,p3,0,0,500,0,1,27,472,0,368,90,42,0,0,0,500,0
h10,3938124145422105887,p1,0,1,499,0,19,266,215,0,353,84,63,0,0,0,500,0
h10,3938124145422105887,p2,0,0,500,0,0,96,404,0,318,133,49,0,0,0,500,0
h10,3938124145422105887,p3,0,0,500,0,0,46,454,0,382,83,35,0,0,0,500,0
h10,3948790931757877940,p1,0,0,500,0,7,277,216,0,376,68,56,0,0,0,500,0
h10,3948790931757877940,p2,0,0,500,0,0,101,399,0,337,130,33,0,0,0,500,0
h10,3948790931757877940,p3,0,0,500,0,0,60,440,0,354,99,47,0,0,0,500,0
h10,3954792011518871870,p1,0,0,500,0,18,245,237,0,380,74,46,0,0,0,500,0
h10,3954792011518871870,p2,0,0,500,0,0,109,391,0,337,113,50,0,0,0,500,0
h10,3954792011518871870,p3,0,0,500,0,0,43,457,0,332,117,51,0,0,0,500,0
h10,3971930751344835335,p1,0,3,497,0,15,282,203,0,362,95,43,0,0,0,500,0
h10,3971930751344835335,p2,0,0,500,0,0,129,371,0,374,95,31,0,0,0,500,0
h10,3971930751344835335,p3,0,0,500,0,0,60,440,0,382,80,38,0,0,0,500,0
h10,404187056829021925,p1,0,1,499,0,12,258,230,0,381,49,70,0,0,0,500,0
h10,404187056829021925,p2,0,0,500,0,0,124,376,0,374,61,65,0,0,0,500,0
h10,404187056829021925,p3,0,0,500,0,0,53,447,0,376,54,70,0,0,0,500,0
h10,4046471832101842570,p1,0,0,500,0,16,252,232,0,365,67,68,0,0,0,500,0
h10,4046471832101842570,p2,0,0,500,0,0,133,367,0,342,93,65,0,0,0,500,0
h10,4046471832101842570,p3,0,0,500,0,0,80,420,0,364,97,39,0,0,0,500,0
h10,4058745851736216057,p1,0,3,497,0,14,290,196,0,372,83,45,0,0,0,500,0
h10,4058745851736216057,p2,0,0,500,0,0,86,414,0,370,90,40,0,0,0,500,0
h10,4058745851736216057,p3,0,0,500,0,0,66,434,0,322,137,41,0,0,0,500,0
h10,4090144998140291029,p1,0,1,499,0,29,283,188,0,375,85,40,0,0,0,500,0
h10,4090144998140291029,p2,0,0,500,0,0,104,396,0,346,125,29,0,0,0,500,0
h10,4090144998140291029,p3,0,0,500,0,0,69,431,0,361,104,35,0,0,0,500,0
h10,413304926230838406,p1,0,0,500,0,19,278,203,0,364,65,71,0,0,0,500,0
h10,413304926230838406,p2,0,0,500,0,0,144,356,0,373,86,41,0,0,0,500,0
h10,413304926230838406,p3,0,0,500,0,0,64,436,0,350,120,30,0,0,0,500,0
h10,4157312116037548159,p1,0,2,498,0,20,279,201,0,364,82,54,0,0,0,500,0
h10,4157312116037548159,p2,0,0,500,0,0,129,371,0,402,69,29,0,0,0,500,0
h10,4157312116037548159,p3,0,0,500,0,0,88,412,0,374,92,34,0,0,0,500,0
h10,4177140041642262334,p1,0,2,498,0,13,280,207,0,366,78,56,0,0,0,500,0
h10,4177140041642262334,p2,0,0,500,0,0,112,388,0,376,87,37,0,0,0,500,0
h10,4177140041642262334,p3,0,0,500,0,0,40,460,0,366,103,31,0,0,0,500,0
h10,4188532059663769285,p1,0,1,499,0,13,291,196,0,347,97,56,0,0,0,500,0
h10,4188532059663769285,p2,0,0,500,0,0,120,380,0,394,78,28,0,0,0,500,0
h10,4188532059663769285,p3,0,0,500,0,0,104,396,0,386,93,21,0,0,0,500,0
h10,4194406875143932514,p1,0,0,500,0,14,230,256,0,362,90,48,0,0,0,500,0
h10,4194406875143932514,p2,0,0,500,0,0,82,418,0,385,74,41,0,0,0,500,0
h10,4194406875143932514,p3,0,0,500,0,0,43,457,0,403,72,25,0,0,0,500,0
h10,4195727619608596429,p1,0,0,500,0,14,229,257,0,376,74,50,0,0,0,500,0
h10,4195727619608596429,p2,0,0,500,0,0,70,430,0,332,120,48,0,0,0,500,0
h10,4195727619608596429,p3,0,0,500,0,0,49,451,0,369,108,23,0,0,0,500,0
h10,42166289132561572,p1,0,0,500,0,18,302,180,0,386,65,49,0,0,0,500,0
h10,42166289132561572,p2,0,0,500,0,0,129,371,0,346,127,27,0,0,0,500,0
h10,42166289132561572,p3,0,0,500,0,0,64,436,0,364,113,23,0,0,0,500,0
h10,4244901996051818562,p1,0,0,500,0,11,277,212,0,373,73,54,0,0,0,500,0
h10,4244901996051818562,p2,0,0,500,0,0,126,374,0,385,74,41,0,0,0,500,0
h10,4244901996051818562,p3,0,0,500,0,0,60,440,0,355,107,38,0,0,0,500,0
h10,4278457999579394267,p1,0,0,500,0,14,235,251,0,364,83,53,0,0,0,500,0
h10,4278457999579394267,p2,0,0,500,0,0,66,434,0,326,143,31,0,0,0,500,0
h10,4278457999579394267,p3,0,0,500,0,0,59,441,0,285,180,35,0,0,0,500,0
h10,433204020074094804,p1,0,0,500,0,11,261,228,0,378,70,52,0,0,0,500,0
h10,433204020074094804,p2,0,0,500,0,0,114,386,0,386,72,42,0,0,0,500,0
h10,433204020074094804,p3,0,0,500,0,0,73,427,0,320,153,27,0,0,0,500,0
h10,4345349737809629597,p1,0,2,498,0,17,276,207,0,364,80,56,0,0,0,500,0
h10,4345349737809629597,p2,0,0,500,0,0,109,391,0,327,123,50,0,0,0,500,0
h10,4345349737809629597,p3,0,0,500,0,0,65,435,0,279,182,39,0,0,0,500,0
h10,4361793046382718442,p1,0,1,499,0,11,236,253,0,349,76,75,0,0,0,500,0
h10,4361793046382718442,p2,0,0,500,0,0,67,433,0,322,129,49,0,0,0,500,0
h10,4361793046382718442,p3,0,0,500,0,0,48,452,0,307,155,38,0,0,0,500,0
h10,4365375339386103969,p1,0,3,497,0,14,264,222,0,365,78,57,0,0,0,500,0
h10,4365375339386103969,p2,0,0,500,0,0,75,425,0,385,73,42,0,0,0,500,0
h10,4365375339386103969,p3,0,0,500,0,0,62,438,0,366,108,26,0,0,0,500,0
h10,4399065134072947773,p1,0,0,500,0,14,273,213,0,373,67,60,0,0,0,500,0
h10,4399065134072947773,p2,0,0,500,0,0,77,423,0,357,101,42,0,0,0,500,0
h10,4399065134072947773,p3,0,0,500,0,0,40,460,0,343,121,36,0,0,0,500,0
h10,4423263171116527435,p1,0,1,499,0,22,278,200,0,370,69,61,0,0,0,500,0
h10,4423263171116527435,p2,0,0,500,0,0,97,403,0,384,73,43,0,0,0,500,0
h10,4423263171116527435,p3,0,0,500,0,0,58,442,0,371,89,40,0,0,0,500,0
h10,4438783225372010719,p1,0,0,500,0,16,279,205,0,374,63,63,0,0,0,500,0
h10,4438783225372010719,p2,0,0,500,0,0,120,380,0,351,111,38,0,0,0,500,0
h10,4438783225372010719,p3,0,0,500,0,0,57,443,0,376,97,27,0,0,0,500,0
h10,4443744613238794199,p1,0,0,500,0,15,273,212,0,386,69,45,0,0,0,500,0
h10,4443744613238794199,p2,0,0,500,0,0,99,401,0,362,98,40,0,0,0,500,0
h10,4443744613238794199,p3,0,0,500,0,0,65,435,0,355,117,28,0,0,0,500,0
h10,4473068787800223782,p1,0,2,498,0,15,317,168,0,380,59,61,0,0,0,500,0
h10,4473068787800223782,p2,0,0,500,0,0,145,355,0,322,153,25,0,0,0,500,0
h10,4473068787800223782,p3,0,0,500,0,0,68,432,0,359,102,39,0,0,0,500,0
h10,4476948680415221754,p1,0,2,498,0,8,295,197,0,369,76,55,0,0,0,500,0
h10,4476948680415221754,p2,0,0,500,0,0,130,370,0,302,159,39,0,0,0,500,0
h10,4476948680415221754,p3,0,0,500,0,0,69,431,0,357,110,33,0,0,0,500,0
h10,448319367688946302,p1,0,0,500,0,14,242,244,0,373,64,63,0,0,0,500,0
h10,448319367688946302,p2,0,0,500,0,0,65,435,0,327,115,58,0,0,0,500,0
h10,448319367688946302,p3,0,0,500,0,0,40,460,0,303,159,38,0,0,0,500,0
h10,4494227658266820746,p1,0,0,500,0,22,217,261,0,371,62,67,0,0,0,500,0
h10,4494227658266820746,p2,0,0,500,0,0,81,419,0,375,80,45,0,0,0,500,0
h10,4494227658266820746,p3,0,0,500,0,0,36,464,0,340,121,39,0,0,0,500,0
h10,4498646663778846355,p1,0,0,500,0,19,263,218,0,379,77,44,0,0,0,500,0
h10,4498646663778846355,p2,0,0,500,0,0,74,426,0,344,112,44,0,0,0,500,0
h10,4498646663778846355,p3,0,0,500,0,0,39,461,0,360,104,36,0,0,0,500,0
h10,450063676179171794,p1,0,1,499,0,12,267,221,0,370,81,49,0,0,0,500,0
h10,450063676179171794,p2,0,0,500,0,0,131,369,0,404,73,23,0,0,0,500,0
h10,450063676179171794,p3,0,0,500,0,0,85,415,0,300,164,36,0,0,0,500,0
h10,4514687463963706410,p1,0,6,494,0,17,302,181,0,378,79,43,0,0,0,500,0
h10,4514687463963706410,p2,0,0,500,0,0,133,367,0,386,86,28,0,0,0,500,0
h10,4514687463963706410,p3,0,0,500,0,0,91,409,0,379,88,33,0,0,0,500,0
h10,4553298222200008364,p1,0,0,500,0,13,292,195,0,375,70,55,0,0,0,500,0
h10,4553298222200008364,p2,0,0,500,0,0,107,393,0,384,71,45,0,0,0,500,0
h10,4553298222200008364,p3,0,0,500,0,0,74,426,0,357,97,46,0,0,0,500,0
h10,4574202581484452387,p1,0,3,497,0,11,313,176,0,374,86,40,0,0,0,500,0
h10,4574202581484452387,p2,0,0,500,0,0,158,342,0,371,104,25,0,0,0,500,0
h10,4574202581484452387,p3,0,0,500,0,0,73,427,0,336,134,30,0,0,0,500,0
h10,4594924353409803531,p1,0,0,500,0,19,257,224,0,378,79,43,0,0,0,500,0
h10,4594924353409803531,p2,0,0,500,0,0,105,395,0,340,109,51,0,0,0,500,0
h10,4594924353409803531,p3,0,0,500,0,0,40,460,0,322,133,45,0,0,0,500,0
h10,4615420545380417451,p1,0,0,500,0,22,243,235,0,362,76,62,0,0,0,500,0
h10,4615420545380417451,p2,0,0,500,0,0,85,415,0,389,70,41,0,0,0,500,0
h10,4615420545380417451,p3,0,0,500,0,0,44,456,0,342,125,33,0,0,0,500,0
h10,4619991974135121451,p1,0,0,500,0,8,237,255,0,364,72,64,0,0,0,500,0
h10,4619991974135121451,p2,0,0,500,0,0,78,422,0,377,75,48,0,0,0,500,0
h10,4619991974135121451,p3,0,0,500,0,0,34,466,0,361,91,48,0,0,0,500,0
h10,4620390927830805090,p1,0,2,498,0,10,309,181,0,360,99,41,0,0,0,500,0
h10,4620390927830805090,p2,0,0,500,0,0,143,357,0,337,132,31,0,0,0,500,0
h10,4620390927830805090,p3,0,0,500,0,0,74,426,0,311,163,26,0,0,0,500,0
h10,4659460054176917637,p1,0,1,499,0,15,324,161,0,375,89,36,0,0,0,500,0
h10,4659460054176917637,p2,0,0,500,0,0,140,360,0,380,91,29,0,0,0,500,0
h10,4659460054176917637,p3,0,0,500,0,0,94,406,0,289,172,39,0,0,0,500,0
h10,4686093148506042527,p1,0,2,498,0,17,294,189,0,372,81,47,0,0,0,500,0
h10,4686093148506042527,p2,0,0,500,0,0,158,342,0,368,98,34,0,0,0,500,0
h10,4686093148506042527,p3,0,0,500,0,0,108,392,0,310,145,45,0,0,0,500,0
h10,470364510336656344,p1,0,2,498,0,12,266,222,0,368,92,40,0,0,0,500,0
h10,470364510336656344,p2,0,0,500,0,0,126,374,0,342,104,54,0,0,0,500,0
h10,470364510336656344,p3,0,0,500,0,0,74,426,0,384,60,56,0,0,0,500,0
h10,4710513113243944819,p1,0,1,499,0,13,294,193,0,378,79,43,0,0,0,500,0
h10,4710513113243944819,p2,0,0,500,0,0,124,376,0,342,122,36,0,0,0,500,0
h10,4710513113243944819,p3,0,0,500,0,0,63,437,0,372,94,34,0,0,0,500,0
h10,4730877321784219845,p1,0,0,500,0,14,265,221,0,381,60,59,0,0,0,500,0
h10,4730877321784219845,p2,0,0,500,0,0,83,417,0,392,71,37,0,0,0,500,0
h10,4730877321784219845,p3,0,0,500,0,1,42,457,0,317,148,35,0,0,0,500,0
h10,474035048815352913,p1,0,4,496,0,15,304,181,0,372,86,42,0,0,0,500,0
h10,474035048815352913,p2,0,0,500,0,0,128,372,0,340,119,41,0,0,0,500,0
h10,474035048815352913,p3,0,0,500,0,0,77,423,0,377,90,33,0,0,0,500,0
h10,4756977248518332605,p1,0,0,500,0,10,286,204,0,349,86,65,0,0,0,500,0
h10,4756977248518332605,p2,0,0,500,0,0,119,381,0,320,129,51,0,0,0,500,0
h10,4756977248518332605,p3,0,0,500,0,0,80,420,0,347,98,55,0,0,0,500,0
h10,4762515350250062894,p1,0,0,500,0,18,264,218,0,382,80,38,0,0,0,500,0
h10,4762515350250062894,p2,0,0,500,0,0,143,357,0,369,91,40,0,0,0,500,0
h10,4762515350250062894,p3,0,0,500,0,0,73,427,0,377,93,30,0,0,0,500,0
h10,4795502238501318052,p1,0,0,500,0,13,274,213,0,392,61,47,0,0,0,500,0
h10,4795502238501318052,p2,0,0,500,0,0,132,368,0,363,102,35,0,0,0,500,0
h10,4795502238501318052,p3,0,0,500,0,0,67,433,0,336,131,33,0,0,0,500,0
h10,4795977977712072574,p1,0,0,500,0,16,291,193,0,351,80,69,0,0,0,500,0
h10,4795977977712072574,p2,0,0,500,0,0,121,379,0,382,84,34,0,0,0,500,0
h10,4795977977712072574,p3,0,0,500,0,0,93,407,0,335,132,33,0,0,0,500,0
h10,4797634794137905999,p1,0,0,500,0,9,254,237,0,376,61,63,0,0,0,500,0
h10,4797634794137905999,p2,0,0,500,0,0,128,372,0,367,99,34,0,0,0,500,0
h10,4797634794137905999,p3,0,0,500,0,0,87,413,0,360,106,34,0,0,0,500,0
h10,4830906885164551185,p1,0,1,499,0,10,240,250,0,352,82,66,0,0,0,500,0
h10,4830906885164551185,p2,0,0,500,0,0,78,422,0,375,87,38,0,0,0,500,0
h10,4830906885164551185,p3,0,0,500,0,0,35,465,0,363,72,65,0,0,0,500,0
h10,4845795528335143196,p1,0,1,499,0,7,319,174,0,361,65,74,0,0,0,500,0
h10,4845795528335143196,p2,0,0,500,0,0,140,360,0,383,79,38,0,0,0,500,0
h10,4845795528335143196,p3,0,0,500,0,0,85,415,0,370,104,26,0,0,0,500,0
h10,4849410443457070360,p1,0,0,500,0,11,261,228,0,360,87,53,0,0,0,500,0
h10,4849410443457070360,p2,0,0,500,0,0,82,418,0,370,77,53,0,0,0,500,0
h10,4849410443457070360,p3,0,0,500,0,0,43,457,0,386,85,29,0,0,0,500,0
h10,4850558830048620362,p1,0,0,500,0,10,232,258,0,388,64,48,0,0,0,500,0
h10,4850558830048620362,p2,0,0,500,0,0,76,424,0,350,115,35,0,0,0,500,0
h10,4850558830048620362,p3,0,0,500,0,0,34,466,0,346,122,32,0,0,0,500,0
h10,4852282232302163742,p1,0,0,500,0,15,275,210,0,367,78,55,0,0,0,500,0
h10,4852282232302163742,p2,0,0,500,0,0,137,363,0,363,98,39,0,0,0,500,0
h10,4852282232302163742,p3,0,0,500,0,0,75,425,0,378,83,39,0,0,0,500,0
h10,4868924792313273115,p1,0,0,500,0,11,282,207,0,368,72,60,0,0,0,500,0
h10,4868924792313273115,p2,0,0,500,0,0,86,414,0,347,117,36,0,0,0,500,0
h10,4868924792313273115,p3,0,0,500,0,0,71,429,0,331,132,37,0,0,0,500,0
h10,487199993161505439,p1,0,1,499,0,12,259,229,0,373,73,54,0,0,0,500,0
h10,487199993161505439,p2,0,0,500,0,0,77,423,0,394,70,36,0,0,0,500,0
h10,487199993161505439,p3,0,0,500,0,0,65,435,0,380,85,35,0,0,0,500,0
h10,4918888134740033738,p1,0,2,498,0,14,244,242,0,365,41,94,0,0,0,500,0
h10,4918888134740033738,p2,0,0,500,0,0,92,408,0,377,39,84,0,0,0,500,0
h10,4918888134740033738,p3,0,0,500,0,0,56,444,0,373,34,93,0,0,0,500,0
h10,4927006382653365011,p1,0,0,500,0,18,282,200,0,360,75,65,0,0,0,500,0
h10,4927006382653365011,p2,0,0,500,0,0,119,381,0,362,98,40,0,0,0,500,0
h10,4927006382653365011,p3,0,0,500,0,0,55,445,0,320,146,34,0,0,0,500,0
h10,4955140481114490279,p1,0,0,500,0,8,287,205,0,374,87,39,0,0,0,500,0
h10,4955140481114490279,p2,0,0,500,0,0,83,417,0,376,90,34,0,0,0,500,0
h10,4955140481114490279,p3,0,0,500,0,0,58,442,0,345,99,56,0,0,0,500,0
h10,5000120933718423305,p1,0,3,497,0,10,281,209,0,360,57,83,0,0,0,500,0
h10,5000120933718423305,p2,0,0,500,0,0,117,383,0,283,70,147,0,0,0,500,0
h10,5000120933718423305,p3,0,0,500,0,0,62,438,0,343,78,79,0,0,0,500,0
h10,5016169799560615181,p1,0,0,500,0,16,249,235,0,375,66,59,0,0,0,500,0
h10,5016169799560615181,p2,0,0,500,0,0,75,425,0,309,155,36,0,0,0,500,0
h10,5016169799560615181,p3,0,0,500,0,0,38,462,0,336,122,42,0,0,0,500,0
h10,5017315413834082190,p1,0,0,500,0,15,234,251,0,384,58,58,0,0,0,500,0
h10,5017315413834082190,p2,0,0,500,0,0,86,414,0,355,101,44,0,0,0,500,0
h10,5017315413834082190,p3,0,0,500,0,0,41,459,0,291,159,50,0,0,0,500,0
h10,5056379344872519593,p1,0,2,498,0,11,287,202,0,368,75,57,0,0,0,500,0
h10,5056379344872519593,p2,0,0,500,0,0,122,378,0,374,98,28,0,0,0,500,0
h10,5056379344872519593,p3,0,0,500,0,0,84,416,0,372,99,29,0,0,0,500,0
h10,5076677696586693625,p1,0,0,500,0,14,246,240,0,384,73,43,0,0,0,500,0
h10,5076677696586693625,p2,0,0,500,0,0,62,438,0,379,91,30,0,0,0,500,0
h10,5076677696586693625,p3,0,0,500,0,0,38,462,0,293,174,33,0,0,0,500,0
h10,5121883498430826956,p1,0,3,497,0,19,263,218,0,380,47,73,0,0,0,500,0
h10,5121883498430826956,p2,0,0,500,0,1,86,413,0,385,84,31,0,0,0,500,0
h10,5121883498430826956,p3,0,0,500,0,0,42,458,0,377,38,85,0,0,0,500,0
h10,512911821176251127,p1,0,0,500,0,9,252,239,0,374,63,63,0,0,0,500,0
h10,512911821176251127,p2,0,0,500,0,0,90,410,0,318,148,34,0,0,0,500,0
h10,512911821176251127,p3,0,0,500,0,0,57,443,0,340,122,38,0,0,0,500,0
h10,5134361700411916887,p1,0,0,500,0,15,279,206,0,376,74,50,0,0,0,500,0
h10,5134361700411916887,p2,0,0,500,0,0,87,413,0,353,113,34,0,0,0,500,0
h10,5134361700411916887,p3,0,0,500,0,0,47,453,0,279,190,31,0,0,0,500,0
h10,5147792078566193376,p1,0,2,498,0,17,311,172,0,374,70,56,0,0,0,500,0
h10,5147792078566193376,p2,0,0,500,0,0,127,373,0,357,113,30,0,0,0,500,0
h10,5147792078566193376,p3,0,0,500,0,0,90,410,0,308,163,29,0,0,0,500,0
h10,5165950171889090812,p1,0,0,500,0,18,269,213,0,377,60,63,0,0,0,500,0
h10,5165950171889090812,p2,0,0,500,0,0,140,360,0,343,102,55,0,0,0,500,0
h10,5165950171889090812,p3,0,0,500,0,0,53,447,0,371,57,72,0,0,0,500,0
h10,5248723138258037889,p1,0,0,500,0,12,288,200,0,377,73,50,0,0,0,500,0
h10,5248723138258037889,p2,0,0,500,0,0,122,378,0,368,102,30,0,0,0,500,0
h10,5248723138258037889,p3,0,0,500,0,0,79,421,0,381,85,34,0,0,0,500,0
h10,5258030842608414135,p1,0,0,500,0,18,286,196,0,367,68,65,0,0,0,500,0
h10,5258030842608414135,p2,0,0,500,0,0,116,384,0,388,80,32,0,0,0,500,0
h10,5258030842608414135,p3,0,0,500,0,0,63,437,0,367,104,29,0,0,0,500,0
h10,5263677576522977279,p1,0,1,499,0,14,295,191,0,361,84,55,0,0,0,500,0
h10,5263677576522977279,p2,0,1,499,0,0,125,375,0,314,154,32,0,0,0,500,0
h10,5263677576522977279,p3,0,0,500,0,0,65,435,0,314,154,32,0,0,0,500,0
h10,5265828099727968869,p1,0,0,500,0,10,235,255,0,370,62,68,0,0,0,500,0
h10,5265828099727968869,p2,0,0,500,0,0,42,458,0,393,63,44,0,0,0,500,0
h10,5265828099727968869,p3,0,0,500,0,0,41,459,0,344,117,39,0,0,0,500,0
h10,5274109265370950004,p1,0,1,499,0,14,271,215,0,388,73,39,0,0,0,500,0
h10,5274109265370950004,p2,0,0,500,0,0,106,394,0,263,192,45,0,0,0,500,0
h10,5274109265370950004,p3,0,0,500,0,0,36,464,0,380,90,30,0,0,0,500,0
h10,5297164339263925889,p1,0,0,500,0,22,244,234,0,377,70,53,0,0,0,500,0
h10,5297164339263925889,p2,0,0,500,0,0,79,421,0,353,102,45,0,0,0,500,0
h10,5297164339263925889,p3,0,0,500,0,0,57,443,0,383,90,27,0,0,0,500,0
h10,5331927497105869940,p1,0,0,500,0,15,280,205,0,358,99,43,0,0,0,500,0
h10,5331927497105869940,p2,0,0,500,0,0,88,412,0,374,90,36,0,0,0,500,0
h10,5331927497105869940,p3,0,0,500,0,0,57,443,0,347,122,31,0,0,0,500,0
h10,5339386763701380224,p1,0,1,499,0,13,244,243,0,375,68,57,0,0,0,500,0
h10,5339386763701380224,p2,0,0,500,0,0,81,419,0,349,81,70,0,0,0,500,0
h10,5339386763701380224,p3,0,0,500,0,0,33,467,0,380,69,51,0,0,0,500,0
h10,5342040010608070842,p1,0,1,499,0,15,264,221,0,369,84,47,0,0,0,500,0
h10,5342040010608070842,p2,0,0,500,0,0,104,396,0,366,100,34,0,0,0,500,0
h10,5342040010608070842,p3,0,0,500,0,0,56,444,0,332,149,19,0,0,0,500,0
h10,5343512657107917358,p1,0,0,500,0,22,226,252,0,384,58,58,0,0,0,500,0
h10,5343512657107917358,p2,0,0,500,0,0,75,425,0,373,78,49,0,0,0,500,0
h10,5343512657107917358,p3,0,0,500,0,0,53,447,0,372,83,45,0,0,0,500,0
h10,5362953680254159070,p1,0,0,500,0,16,251,233,0,380,73,47,0,0,0,500,0
h10,5362953680254159070,p2,0,0,500,0,0,109,391,0,329,129,42,0,0,0,500,0
h10,5362953680254159070,p3,0,0,500,0,0,39,461,0,323,143,34,0,0,0,500,0
h10,5374254783209721048,p1,0,0,500,0,18,271,211,0,374,73,53,0,0,0,500,0
h10,5374254783209721048,p2,0,0,500,0,0,98,402,0,379,77,44,0,0,0,500,0
h10,5374254783209721048,p3,0,0,500,0,0,57,443,0,351,114,35,0,0,0,500,0
h10,5414085648090891360,p1,0,0,500,0,11,295,194,0,383,75,42,0,0,0,500,0
h10,5414085648090891360,p2,0,0,500,0,0,102,398,0,380,79,41,0,0,0,500,0
h10,5414085648090891360,p3,0,0,500,0,0,59,441,0,335,138,27,0,0,0,500,0
h10,5421833462022767528,p1,0,2,498,0,12,326,162,0,389,63,48,0,0,0,500,0
h10,5421833462022767528,p2,0,0,500,0,0,149,351,0,353,120,27,0,0,0,500,0
h10,5421833462022767528,p3,0,0,500,0,0,79,421,0,357,112,31,0,0,0,500,0
h10,5458485898700185052,p1,0,0,500,0,16,252,232,0,370,82,48,0,0,0,500,0
h10,5458485898700185052,p2,0,0,500,0,0,98,402,0,343,117,40,0,0,0,500,0
h10,5458485898700185052,p3,0,0,500,0,0,38,462,0,334,126,40,0,0,0,500,0
h10,5463794420916038582,p1,0,1,499,0,15,267,218,0,364,85,51,0,0,0,500,0
h10,5463794420916038582,p2,0,0,500,0,0,115,385,0,318,140,42,0,0,0,500,0
h10,5463794420916038582,p3,0,0,500,0,0,61,439,0,323,149,28,0,0,0,500,0
h10,5470871204689864801,p1,0,0,500,0,12,200,288,0,388,57,55,0,0,0,500,0
h10,5470871204689864801,p2,0,0,500,0,0,32,468,0,360,83,57,0,0,0,500,0
h10,5470871204689864801,p3,0,0,500,0,0,9,491,0,370,65,65,0,0,0,500,0
h10,5506175811139030266,p1,0,1,499,0,14,262,224,0,386,71,43,0,0,0,500,0
h10,5506175811139030266,p2,0,0,500,0,0,63,437,0,342,115,43,0,0,0,500,0
h10,5506175811139030266,p3,0,0,500,0,0,38,462,0,356,110,34,0,0,0,500,0
h10,5521960898859274935,p1,0,2,498,0,16,286,198,0,377,77,46,0,0,0,500,0
h10,5521960898859274935,p2,0,0,500,0,0,134,366,0,378,97,25,0,0,0,500,0
h10,5521960898859274935,p3,0,0,500,0,0,88,412,0,377,96,27,0,0,0,500,0
h10,5537204068693706449,p1,0,0,500,0,13,270,217,0,358,88,54,0,0,0,500,0
h10,5537204068693706449,p2,0,0,500,0,0,108,392,0,337,123,40,0,0,0,500,0
h10,5537204068693706449,p3,0,0,500,0,1,52,447,0,368,88,44,0,0,0,500,0
h10,5554294917168311578,p1,0,2,498,0,6,286,208,0,364,105,31,0,0,0,500,0
h10,5554294917168311578,p2,0,0,500,0,0,124,376,0,369,108,23,0,0,0,500,0
h10,5554294917168311578,p3,0,0,500,0,0,58,442,0,333,142,25,0,0,0,500,0
h10,5562803913828242684,p1,0,0,500,0,14,267,219,0,385,75,40,0,0,0,500,0
h10,5562803913828242684,p2,0,0,500,0,0,85,415,0,352,94,54,0,0,0,500,0
h10,5562803913828242684,p3,0,0,500,0,0,54,446,0,364,93,43,0,0,0,500,0
h10,5575146831837021422,p1,0,0,500,0,18,262,220,0,368,69,63,0,0,0,500,0
h10,5575146831837021422,p2,0,0,500,0,0,98,402,0,348,113,39,0,0,0,500,0
h10,5575146831837021422,p3,0,0,500,0,0,59,441,0,340,112,48,0,0,0,500,0
h10,5600440511139099678,p1,0,1,499,0,19,247,234,0,365,90,45,0,0,0,500,0
h10,5600440511139099678,p2,0,0,500,0,0,83,417,0,362,85,53,0,0,0,500,0
h10,5600440511139099678,p3,0,0,500,0,0,63,437,0,369,91,40,0,0,0,500,0
h10,5605318612676977748,p1,0,1,499,0,12,265,223,0,362,70,68,0,0,0,500,0
h10,5605318612676977748,p2,0,0,500,0,0,118,382,0,361,106,33,0,0,0,500,0
h10,5605318612676977748,p3,0,0,500,0,0,55,445,0,322,143,35,0,0,0,500,0
h10,5626192711407275230,p1,0,0,500,0,20,295,185,0,400,65,35,0,0,0,500,0
h10,5626192711407275230,p2,0,0,500,0,0,102,398,0,374,88,38,0,0,0,500,0
h10,5626192711407275230,p3,0,0,500,0,0,46,454,0,379,83,38,0,0,0,500,0
h10,5644757578152911222,p1,0,0,500,0,19,236,245,0,356,85,59,0,0,0,500,0
h10,5644757578152911222,p2,0,0,500,0,0,74,426,0,376,89,35,0,0,0,500,0
h10,5644757578152911222,p3,0,0,500,0,0,44,456,0,366,83,51,0,0,0,500,0
h10,5656736143569408736,p1,0,2,498,0,11,296,193,0,372,75,53,0,0,0,500,0
h10,5656736143569408736,p2,0,0,500,0,0,128,372,0,374,83,43,0,0,0,500,0
h10,5656736143569408736,p3,0,0,500,0,0,55,445,0,360,100,40,0,0,0,500,0
h10,5718400152233850204,p1,0,1,499,0,20,292,188,0,365,81,54,0,0,0,500,0
h10,5718400152233850204,p2,0,0,500,0,0,98,402,0,391,75,34,0,0,0,500,0
h10,5718400152233850204,p3,0,0,500,0,0,86,414,0,312,143,45,0,0,0,500,0
h10,5723224187625833097,p1,0,3,497,0,23,307,170,0,376,83,41,0,0,0,500,0
h10,5723224187625833097,p2,0,0,500,0,0,138,362,0,327,144,29,0,0,0,500,0
h10,5723224187625833097,p3,0,0,500,0,0,85,415,0,382,100,18,0,0,0,500,0
h10,5727766127715878701,p1,0,1,499,0,16,257,227,0,375,62,63,0,0,0,500,0
h10,5727766127715878701,p2,0,0,500,0,0,99,401,0,398,83,19,0,0,0,500,0
h10,5727766127715878701,p3,0,0,500,0,0,55,445,0,402,61,37,0,0,0,500,0
h10,5733218310564656796,p1,0,1,499,0,9,251,240,0,356,76,68,0,0,0,500,0
h10,5733218310564656796,p2,0,0,500,0,0,88,412,0,358,104,38,0,0,0,500,0
h10,5733218310564656796,p3,0,0,500,0,0,73,427,0,360,93,47,0,0,0,500,0
h10,5771069738746243712,p1,0,1,499,0,8,254,238,0,341,105,54,0,0,0,500,0
h10,5771069738746243712,p2,0,0,500,0,0,59,441,0,400,73,27,0,0,0,500,0
h10,5771069738746243712,p3,0,0,500,0,0,55,445,0,384,92,24,0,0,0,500,0
h10,5816005353171047795,p1,0,1,499,0,19,260,221,0,393,67,40,0,0,0,500,0
h10,5816005353171047795,p2,0,0,500,0,0,73,427,0,378,81,41,0,0,0,500,0
h10,5816005353171047795,p3,0,0,500,0,0,52,448,0,374,94,32,0,0,0,500,0
h10,5827221298626431803,p1,0,0,500,0,14,194,292,0,358,83,59,0,0,0,500,0
h10,5827221298626431803,p2,0,0,500,0,0,77,423,0,367,104,29,0,0,0,500,0
h10,5827221298626431803,p3,0,0,500,0,0,34,466,0,376,95,29,0,0,0,500,0
h10,5838201929844935134,p1,0,0,500,0,13,283,204,0,369,87,44,0,0,0,500,0
h10,5838201929844935134,p2,0,0,500,0,0,105,395,0,335,129,36,0,0,0,500,0
h10,5838201929844935134,p3,0,0,500,0,0,64,436,0,312,150,38,0,0,0,500,0
h10,5857574074887295776,p1,0,0,500,0,22,297,181,0,353,93,54,0,0,0,500,0
h10,5857574074887295776,p2,0,0,500,0,0,118,382,0,363,102,35,0,0,0,500,0
h10,5857574074887295776,p3,0,0,500,0,0,64,436,0,369,103,28,0,0,0,500,0
h10,5885653611489435434,p1,0,0,500,0,12,289,199,0,366,77,57,0,0,0,500,0
h10,5885653611489435434,p2,0,0,500,0,0,80,420,0,360,98,42,0,0,0,500,0
h10,5885653611489435434,p3,0,0,500,0,0,44,456,0,367,110,23,0,0,0,500,0
h10,5930756333165445548,p1,0,3,497,0,14,271,215,0,371,80,49,0,0,0,500,0
h10,5930756333165445548,p2,0,0,500,0,0,132,368,0,365,86,49,0,0,0,500,0
h10,5930756333165445548,p3,0,0,500,0,0,119,381,0,309,155,36,0,0,0,500,0
h10,5951390942956363787,p1,0,0,500,0,17,257,226,0,384,73,43,0,0,0,500,0
h10,5951390942956363787,p2,0,0,500,0,0,91,409,0,385,76,39,0,0,0,500,0
h10,5951390942956363787,p3,0,0,500,0,0,57,443,0,354,114,32,0,0,0,500,0
h10,5954603343834938336,p1,0,1,499,0,12,257,231,0,359,72,69,0,0,0,500,0
h10,5954603343834938336,p2,0,0,500,0,0,86,414,0,359,114,27,0,0,0,500,0
h10,5954603343834938336,p3,0,0,500,0,0,46,454,0,316,138,46,0,0,0,500,0
h10,5968416971980520543,p1,0,1,499,0,14,261,225,0,389,72,39,0,0,0,500,0
h10,5968416971980520543,p2,0,0,500,0,0,97,403,0,410,65,25,0,0,0,500,0
h10,5968416971980520543,p3,0,0,500,0,0,51,449,0,371,103,26,0,0,0,500,0
h10,5991427652628417586,p1,0,1,499,0,17,265,218,0,370,74,56,0,0,0,500,0
h10,5991427652628417586,p2,0,0,500,0,0,62,438,0,322,138,40,0,0,0,500,0
h10,5991427652628417586,p3,0,0,500,0,0,53,447,0,374,109,17,0,0,0,500,0
h10,600976585557656977,p1,0,0,500,0,18,265,217,0,359,81,60,0,0,0,500,0
h10,600976585557656977,p2,0,0,500,0,0,115,385,0,373,86,41,0,0,0,500,0
h10,600976585557656977,p3,0,0,500,0,0,59,441,0,304,153,43,0,0,0,500,0
h10,6033744414164909258,p1,0,0,500,0,10,270,220,0,372,74,54,0,0,0,500,0
h10,6033744414164909258,p2,0,0,500,0,0,119,381,0,362,102,36,0,0,0,500,0
h10,6033744414164909258,p3,0,0,500,0,0,78,422,0,353,93,54,0,0,0,500,0
h10,6067249672066659593,p1,0,2,498,0,12,267,221,0,385,61,54,0,0,0,500,0
h10,6067249672066659593,p2,0,0,500,0,0,90,410,0,369,94,37,0,0,0,500,0
h10,6067249672066659593,p3,0,0,500,0,0,57,443,0,374,99,27,0,0,0,500,0
h10,6086232460473241812,p1,0,0,500,0,18,242,240,0,390,57,53,0,0,0,500,0
h10,6086232460473241812,p2,0,0,500,0,0,63,437,0,370,89,41,0,0,0,500,0
h10,6086232460473241812,p3,0,0,500,0,0,35,465,0,302,153,45,0,0,0,500,0
h10,6101300901121653867,p1,0,1,499,0,18,244,238,0,379,78,43,0,0,0,500,0
h10,6101300901121653867,p2,0,0,500,0,0,114,386,0,355,98,47,0,0,0,500,0
h10,6101300901121653867,p3,0,0,500,0,0,51,449,0,338,130,32,0,0,0,500,0
h10,6101696202919688963,p1,0,0,500,0,19,254,227,0,369,85,46,0,0,0,500,0
h10,6101696202919688963,p2,0,0,500,0,0,78,422,0,349,105,46,0,0,0,500,0
h10,6101696202919688963,p3,0,0,500,0,0,43,457,0,337,121,42,0,0,0,500,0
h10,610212378968289478,p1,0,1,499,0,12,322,166,0,351,96,53,0,0,0,500,0
h10,610212378968289478,p2,0,0,500,0,0,152,348,0,386,74,40,0,0,0,500,0
h10,610212378968289478,p3,0,0,500,0,0,72,428,0,309,147,44,0,0,0,500,0
h10,6108219098766146739,p1,0,0,500,0,8,305,187,0,360,99,41,0,0,0,500,0
h10,6108219098766146739,p2,0,0,500,0,0,112,388,0,363,105,32,0,0,0,500,0
h10,6108219098766146739,p3,0,0,500,0,0,75,425,0,366,100,34,0,0,0,500,0
h10,6110961482001302286,p1,0,0,500,0,15,275,210,0,386,55,59,0,0,0,500,0
h10,6110961482001302286,p2,0,0,500,0,0,103,397,0,378,77,45,0,0,0,500,0
h10,6110961482001302286,p3,0,0,500,0,0,66,434,0,349,110,41,0,0,0,500,0
h10,6124166059669064808,p1,0,2,498,0,17,268,215,0,369,83,48,0,0,0,500,0
h10,6124166059669064808,p2,0,0,500,0,0,114,386,0,389,77,34,0,0,0,500,0
h10,6124166059669064808,p3,0,0,500,0,0,56,444,0,348,122,30,0,0,0,500,0
h10,6149830984495804229,p1,0,2,498,0,11,262,227,0,351,46,103,0,0,0,500,0
h10,6149830984495804229,p2,0,0,500,0,0,119,381,0,369,53,78,0,0,0,500,0
h10,6149830984495804229,p3,0,0,500,0,0,64,436,0,330,37,133,0,0,0,500,0
h10,6152729287407863543,p1,0,1,499,0,15,266,219,0,374,82,44,0,0,0,500,0
h10,6152729287407863543,p2,0,0,500,0,0,105,395,0,376,86,38,0,0,0,500,0
h10,6152729287407863543,p3,0,0,500,0,0,53,447,0,334,129,37,0,0,0,500,0
h10,6156965083092227138,p1,0,0,500,0,17,261,222,0,359,83,58,0,0,0,500,0
h10,6156965083092227138,p2,0,0,500,0,0,117,383,0,332,127,41,0,0,0,500,0
h10,6156965083092227138,p3,0,0,500,0,0,56,444,0,393,76,31,0,0,0,500,0
h10,6171075150083580820,p1,0,0,500,0,17,263,220,0,377,71,52,0,0,0,500,0
h10,6171075150083580820,p2,0,1,499,0,0,86,414,0,388,77,35,0,0,0,500,0
h10,6171075150083580820,p3,0,0,500,0,0,51,449,0,317,147,36,0,0,0,500,0
h10,6188044840387267334,p1,0,1,499,0,17,310,173,0,363,82,55,0,0,0,500,0
h10,6188044840387267334,p2,0,0,500,0,0,136,364,0,374,83,43,0,0,0,500,0
h10,6188044840387267334,p3,0,0,500,0,0,94,406,0,397,69,34,0,0,0,500,0
h10,619624841030582555,p1,0,1,499,0,18,260,222,0,370,77,53,0,0,0,500,0
h10,619624841030582555,p2,0,0,500,0,0,116,384,0,381,81,38,0,0,0,500,0
h10,619624841030582555,p3,0,0,500,0,0,52,448,0,284,166,50,0,0,0,500,0
h10,6197777730050959470,p1,0,1,499,0,18,243,239,0,372,66,62,0,0,0,500,0
h10,6197777730050959470,p2,0,0,500,0,0,93,407,0,331,128,41,0,0,0,500,0
h10,6197777730050959470,p3,0,0,500,0,0,64,436,0,346,108,46,0,0,0,500,0
h10,6206865270555710685,p1,0,1,499,0,11,268,221,0,382,72,46,0,0,0,500,0
h10,6206865270555710685,p2,0,0,500,0,0,93,407,0,361,101,38,0,0,0,500,0
h10,6206865270555710685,p3,0,0,500,0,0,52,448,0,350,100,50,0,0,0,500,0
h10,6213478880350127749,p1,0,0,500,0,15,264,221,0,373,79,48,0,0,0,500,0
h10,6213478880350127749,p2,0,0,500,0,0,97,403,0,364,107,29,0,0,0,500,0
h10,6213478880350127749,p3,0,0,500,0,0,58,442,0,367,97,36,0,0,0,500,0
h10,6225800373350866827,p1,0,0,500,0,17,265,218,0,372,76,52,0,0,0,500,0
h10,6225800373350866827,p2,0,0,500,0,0,89,411,0,319,134,47,0,0,0,500,0
h10,6225800373350866827,p3,0,0,500,0,0,31,469,0,376,79,45,0,0,0,500,0
h10,6233101665352243292,p1,0,0,500,0,19,236,245,0,377,74,49,0,0,0,500,0
h10,6233101665352243292,p2,0,0,500,0,0,91,409,0,352,113,35,0,0,0,500,0
h10,6233101665352243292,p3,0,0,500,0,0,56,444,0,369,100,31,0,0,0,500,0
h10,62388325581565674,p1,0,0,500,0,10,288,202,0,369,62,69,0,0,0,500,0
h10,62388325581565674,p2,0,0,500,0,0,116,384,0,393,53,54,0,0,0,500,0
h10,62388325581565674,p3,0,0,500,0,0,47,453,0,315,90,95,0,0,0,500,0
h10,6263884963239804569,p1,0,0,500,0,13,286,201,0,378,70,52,0,0,0,500,0
h10,6263884963239804569,p2,0,0,500,0,0,119,381,0,324,132,44,0,0,0,500,0
h10,6263884963239804569,p3,0,0,500,0,0,58,442,0,315,151,34,0,0,0,500,0
h10,6266781973737884493,p1,0,0,500,0,7,310,183,0,367,94,39,0,0,0,500,0
h10,6266781973737884493,p2,0,0,500,0,0,125,375,0,340,134,26,0,0,0,500,0
h10,6266781973737884493,p3,0,0,500,0,0,84,416,0,327,152,21,0,0,0,500,0
h10,6270482577841999821,p1,0,0,500,0,24,274,202,0,360,82,58,0,0,0,500,0
h10,6270482577841999821,p2,0,0,500,0,0,82,418,0,386,63,51,0,0,0,500,0
h10,6270482577841999821,p3,0,0,500,0,0,40,460,0,371,98,31,0,0,0,500,0
h10,6286278017952310707,p1,0,1,499,0,11,300,189,0,349,105,46,0,0,0,500,0
h10,6286278017952310707,p2,0,0,500,0,0,156,344,0,366,93,41,0,0,0,500,0
h10,6286278017952310707,p3,0,0,500,0,0,90,410,0,365,105,30,0,0,0,500,0
h10,6302525653538235986,p1,0,0,500,0,19,254,227,0,370,79,51,0,0,0,500,0
h10,6302525653538235986,p2,0,0,500,0,0,60,440,0,337,112,51,0,0,0,500,0
h10,6302525653538235986,p3,0,0,500,0,0,45,455,0,299,153,48,0,0,0,500,0
h10,6304312116432078501,p1,0,0,500,0,13,290,197,0,358,88,54,0,0,0,500,0
h10,6304312116432078501,p2,0,0,500,0,0,93,407,0,395,68,37,0,0,0,500,0
h10,6304312116432078501,p3,0,0,500,0,0,52,448,0,366,102,32,0,0,0,500,0
h10,6319546427358746835,p1,0,1,499,0,19,261,220,0,387,69,44,0,0,0,500,0
h10,6319546427358746835,p2,0,0,500,0,0,131,369,0,361,95,44,0,0,0,500,0
h10,6319546427358746835,p3,0,0,500,0,0,61,439,0,362,109,29,0,0,0,500,0
h10,6345780253915298361,p1,0,0,500,0,19,272,209,0,367,94,39,0,0,0,500,0
h10,6345780253915298361,p2,0,0,500,0,0,106,394,0,397,66,37,0,0,0,500,0
h10,6345780253915298361,p3,0,0,500,0,0,62,438,0,348,127,25,0,0,0,500,0
h10,6350526839753235210,p1,0,0,500,0,12,263,225,0,382,75,43,0,0,0,500,0
h10,6350526839753235210,p2,0,0,500,0,0,104,396,0,385,70,45,0,0,0,500,0
h10,6350526839753235210,p3,0,0,500,0,0,52,448,0,360,111,29,0,0,0,500,0
h10,6363737224850558885,p1,0,0,500,0,15,238,247,0,379,72,49,0,0,0,500,0
h10,6363737224850558885,p2,0,0,500,0,0,57,443,0,392,71,37,0,0,0,500,0
h10,6363737224850558885,p3,0,0,500,0,0,60,440,0,333,123,44,0,0,0,500,0
h10,6380853950195279381,p1,0,0,500,0,9,283,208,0,373,52,75,0,0,0,500,0
h10,6380853950195279381,p2,0,0,500,0,0,108,392,0,318,54,128,0,0,0,500,0
h10,6380853950195279381,p3,0,0,500,0,0,74,426,0,333,58,109,0,0,0,500,0
h10,6400265666741422804,p1,0,0,500,0,17,249,234,0,373,78,49,0,0,0,500,0
h10,6400265666741422804,p2,0,0,500,0,0,56,444,0,390,77,33,0,0,0,500,0
h10,6400265666741422804,p3,0,0,500,0,0,32,468,0,360,94,46,0,0,0,500,0
h10,6405309118927914857,p1,0,1,499,0,15,241,244,0,377,64,59,0,0,0,500,0
h10,6405309118927914857,p2,0,0,500,0,0,62,438,0,380,66,54,0,0,0,500,0
h10,6405309118927914857,p3,0,0,500,0,0,23,477,0,278,174,48,0,0,0,500,0
h10,640864942368226396,p1,0,0,500,0,13,273,214,0,382,78,40,0,0,0,500,0
h10,640864942368226396,p2,0,0,500,0,0,120,380,0,381,81,38,0,0,0,500,0
h10,640864942368226396,p3,0,0,500,0,0,56,444,0,351,120,29,0,0,0,500,0
h10,6413302536028230327,p1,0,1,499,0,14,268,218,0,380,67,53,0,0,0,500,0
h10,6413302536028230327,p2,0,0,500,0,1,101,398,0,366,97,37,0,0,0,500,0
h10,6413302536028230327,p3,0,0,500,0,0,60,440,0,321,142,37,0,0,0,500,0
h10,6468964418824540290,p1,0,4,496,0,16,289,195,0,358,89,53,0,0,0,500,0
h10,6468964418824540290,p2,0,1,499,0,0,126,374,0,344,124,32,0,0,0,500,0
h10,6468964418824540290,p3,0,0,500,0,0,79,421,0,336,129,35,0,0,0,500,0
h10,6471366822032080756,p1,0,2,498,0,12,318,170,0,389,72,39,0,0,0,500,0
h10,6471366822032080756,p2,0,0,500,0,0,124,376,0,398,73,29,0,0,0,500,0
h10,6471366822032080756,p3,0,0,500,0,0,90,410,0,359,108,33,0,0,0,500,0
h10,6521868254132059654,p1,0,1,499,0,15,307,178,0,375,64,61,0,0,0,500,0
h10,6521868254132059654,p2,0,0,500,0,0,116,384,0,332,111,57,0,0,0,500,0
h10,6521868254132059654,p3,0,0,500,0,0,58,442,0,365,101,34,0,0,0,500,0
h10,6542073822433313950,p1,0,4,496,0,12,269,219,0,358,92,50,0,0,0,500,0
h10,6542073822433313950,p2,0,0,500,0,0,96,404,0,351,118,31,0,0,0,500,0
h10,6542073822433313950,p3,0,0,500,0,0,67,433,0,341,122,37,0,0,0,500,0
h10,6564996635567695069,p1,0,1,499,0,9,259,232,0,368,90,42,0,0,0,500,0
h10,6564996635567695069,p2,0,0,500,0,0,85,415,0,351,116,33,0,0,0,500,0
h10,6564996635567695069,p3,0,0,500,0,0,44,456,0,364,103,33,0,0,0,500,0
h10,6580389883628661033,p1,0,0,500,0,18,269,213,0,370,78,52,0,0,0,500,0
h10,6580389883628661033,p2,0,0,500,0,0,118,382,0,357,113,30,0,0,0,500,0
h10,6580389883628661033,p3,0,0,500,0,0,101,399,0,355,118,27,0,0,0,500,0
h10,6595661886594101471,p1,0,3,497,0,11,325,164,0,365,86,49,0,0,0,500,0
h10,6595661886594101471,p2,0,0,500,0,0,130,370,0,381,87,32,0,0,0,500,0
h10,6595661886594101471,p3,0,0,500,0,0,96,404,0,316,151,33,0,0,0,500,0
h10,6608809089552297484,p1,0,0,500,0,9,287,204,0,378,75,47,0,0,0,500,0
h10,6608809089552297484,p2,0,0,500,0,0,133,367,0,373,102,25,0,0,0,500,0
h10,6608809089552297484,p3,0,0,500,0,0,90,410,0,334,142,24,0,0,0,500,0
h10,6641884518601195670,p1,0,1,499,0,13,261,226,0,360,81,59,0,0,0,500,0
h10,6641884518601195670,p2,0,0,500,0,0,93,407,0,370,85,45,0,0,0,500,0
h10,6641884518601195670,p3,0,0,500,0,1,70,429,0,330,118,52,0,0,0,500,0
h10,6653552891111426127,p1,0,1,499,0,16,283,201,0,371,79,50,0,0,0,500,0
h10,6653552891111426127,p2,0,0,500,0,0,125,375,0,340,117,43,0,0,0,500,0
h10,6653552891111426127,p3,0,0,500,0,0,67,433,0,342,121,37,0,0,0,500,0
h10,6653571569432246723,p1,0,0,500,0,8,249,243,0,378,78,44,0,0,0,500,0
h10,6653571569432246723,p2,0,0,500,0,0,68,432,0,303,155,42,0,0,0,500,0
h10,6653571569432246723,p3,0,0,500,0,0,38,462,0,296,148,56,0,0,0,500,0
h10,6675585181627138478,p1,0,1,499,0,21,290,189,0,382,67,51,0,0,0,500,0
h10,6675585181627138478,p2,0,0,500,0,0,101,399,0,374,79,47,0,0,0,500,0
h10,6675585181627138478,p3,0,0,500,0,0,73,427,0,349,110,41,0,0,0,500,0
h10,6682180956363210862,p1,0,0,500,0,13,232,255,0,371,78,51,0,0,0,500,0
h10,6682180956363210862,p2,0,0,500,0,0,77,423,0,336,114,50,0,0,0,500,0
h10,6682180956363210862,p3,0,0,500,0,0,36,464,0,352,117,31,0,0,0,500,0
h10,668514022658497051,p1,0,0,500,0,19,273,208,0,369,70,61,0,0,0,500,0
h10,668514022658497051,p2,0,0,500,0,0,126,374,0,393,64,43,0,0,0,500,0
h10,668514022658497051,p3,0,0,500,0,0,64,436,0,373,86,41,0,0,0,500,0
h10,6686484661086235967,p1,0,0,500,0,17,251,232,0,375,71,54,0,0,0,500,0
h10,6686484661086235967,p2,0,0,500,0,0,87,413,0,344,99,57,0,0,0,500,0
h10,6686484661086235967,p3,0,0,500,0,0,57,443,0,373,78,49,0,0,0,500,0
h10,6721650940977808213,p1,0,0,500,0,12,246,242,0,381,67,52,0,0,0,500,0
h10,6721650940977808213,p2,0,0,500,0,0,103,397,0,380,78,42,0,0,0,500,0
h10,6721650940977808213,p3,0,0,500,0,0,54,446,0,349,101,50,0,0,0,500,0
h10,6725062127071495749,p1,0,1,499,0,13,308,179,0,367,97,36,0,0,0,500,0
h10,6725062127071495749,p2,0,0,500,0,0,79,421,0,391,85,24,0,0,0,500,0
h10,6725062127071495749,p3,0,0,500,0,0,36,464,0,256,207,37,0,0,0,500,0
h10,676035330908438030,p1,0,0,500,0,5,264,231,0,367,80,53,0,0,0,500,0
h10,676035330908438030,p2,0,0,500,0,0,88,412,0,365,83,52,0,0,0,500,0
h10,676035330908438030,p3,0,0,500,0,0,71,429,0,362,102,36,0,0,0,500,0
h10,6767195749530879428,p1,0,2,498,0,18,324,158,0,371,85,44,0,0,0,500,0
h10,6767195749530879428,p2,0,0,500,0,0,159,341,0,391,76,33,0,0,0,500,0
h10,6767195749530879428,p3,0,0,500,0,0,86,414,0,332,149,19,0,0,0,500,0
h10,6778355494835533152,p1,0,0,500,0,14,267,219,0,375,74,51,0,0,0,500,0
h10,6778355494835533152,p2,0,0,500,0,0,104,396,0,379,71,50,0,0,0,500,0
h10,6778355494835533152,p3,0,0,500,0,0,68,432,0,374,91,35,0,0,0,500,0
h10,6794857817259638120,p1,0,0,500,0,14,277,209,0,366,84,50,0,0,0,500,0
h10,6794857817259638120,p2,0,0,500,0,0,89,411,0,293,163,44,0,0,0,500,0
h10,6794857817259638120,p3,0,0,500,0,0,47,453,0,280,179,41,0,0,0,500,0
h10,6805308891829717615,p1,0,1,499,0,16,248,236,0,370,83,47,0,0,0,500,0
h10,6805308891829717615,p2,0,0,500,0,0,70,430,0,381,74,45,0,0,0,500,0
h10,6805308891829717615,p3,0,0,500,0,0,36,464,0,330,130,40,0,0,0,500,0
h10,6806079421604775778,p1,0,0,500,0,18,243,239,0,363,79,58,0,0,0,500,0
h10,6806079421604775778,p2,0,0,500,0,0,77,423,0,377,84,39,0,0,0,500,0
h10,6806079421604775778,p3,0,0,500,0,0,40,460,0,387,71,42,0,0,0,500,0
h10,6839958203059671357,p1,0,0,500,0,11,281,208,0,368,88,44,0,0,0,500,0
h10,6839958203059671357,p2,0,0,500,0,0,127,373,0,380,86,34,0,0,0,500,0
h10,6839958203059671357,p3,0,0,500,0,0,85,415,0,365,90,45,0,0,0,500,0
h10,6868753200873327328,p1,0,1,499,0,14,253,233,0,364,84,52,0,0,0,500,0
h10,6868753200873327328,p2,0,0,500,0,0,69,431,0,326,143,31,0,0,0,500,0
h10,6868753200873327328,p3,0,0,500,0,0,39,461,0,320,154,26,0,0,0,500,0
h10,687515189984373041,p1,0,0,500,0,10,222,268,0,381,67,52,0,0,0,500,0
h10,687515189984373041,p2,0,0,500,0,0,55,445,0,359,115,26,0,0,0,500,0
h10,687515189984373041,p3,0,0,500,0,0,41,459,0,379,85,36,0,0,0,500,0
h10,6898102233494692954,p1,0,1,499,0,15,267,218,0,344,107,49,0,0,0,500,0
h10,6898102233494692954,p2,0,0,500,0,0,90,410,0,370,91,39,0,0,0,500,0
h10,6898102233494692954,p3,0,0,500,0,0,37,463,0,278,191,31,0,0,0,500,0
h10,6950854716342065280,p1,0,0,500,0,12,274,214,0,376,65,59,0,0,0,500,0
h10,6950854716342065280,p2,0,0,500,0,0,108,392,0,358,103,39,0,0,0,500,0
h10,6950854716342065280,p3,0,0,500,0,0,69,431,0,371,86,43,0,0,0,500,0
h10,6982498551150246415,p1,0,1,499,0,19,263,218,0,356,91,53,0,0,0,500,0
h10,6982498551150246415,p2,0,0,500,0,0,74,426,0,319,142,39,0,0,0,500,0
h10,6982498551150246415,p3,0,0,500,0,0,52,448,0,345,126,29,0,0,0,500,0
h10,6982878628916527953,p1,0,0,500,0,18,248,234,0,384,63,53,0,0,0,500,0
h10,6982878628916527953,p2,0,0,500,0,0,82,418,0,389,75,36,0,0,0,500,0
h10,6982878628916527953,p3,0,0,500,0,0,49,451,0,325,129,46,0,0,0,500,0
h10,6987973245034708872,p1,0,0,500,0,23,241,236,0,364,87,49,0,0,0,500,0
h10,6987973245034708872,p2,0,0,500,0,0,62,438,0,351,113,36,0,0,0,500,0
h10,6987973245034708872,p3,0,0,500,0,0,33,467,0,363,98,39,0,0,0,500,0
h10,7002330520356708386,p1,0,1,499,0,18,272,210,0,364,76,60,0,0,0,500,0
h10,7002330520356708386,p2,0,0,500,0,0,105,395,0,381,76,43,0,0,0,500,0
h10,7002330520356708386,p3,0,0,500,0,0,51,449,0,364,109,27,0,0,0,500,0
h10,7002394389388026964,p1,0,0,500,0,15,280,205,0,371,69,60,0,0,0,500,0
h10,7002394389388026964,p2,0,0,500,0,0,93,407,0,388,86,26,0,0,0,500,0
h10,7002394389388026964,p3,0,0,500,0,0,89,411,0,383,80,37,0,0,0,500,0
h10,7043408453602655993,p1,0,0,500,0,13,269,218,0,386,60,54,0,0,0,500,0
h10,7043408453602655993,p2,0,0,500,0,0,89,411,0,367,71,62,0,0,0,500,0
h10,7043408453602655993,p3,0,0,500,0,0,50,450,0,323,141,36,0,0,0,500,0
h10,7065385466176995646,p1,0,1,499,0,17,265,218,0,373,77,50,0,0,0,500,0
h10,7065385466176995646,p2,0,0,500,0,0,134,366,0,378,90,32,0,0,0,500,0
h10,7065385466176995646,p3,0,0,500,0,0,73,427,0,374,86,40,0,0,0,500,0
h10,7067217479657550778,p1,0,2,498,0,8,276,216,0,373,75,52,0,0,0,500,0
h10,7067217479657550778,p2,0,0,500,0,0,106,394,0,378,81,41,0,0,0,500,0
h10,7067217479657550778,p3,0,0,500,0,0,61,439,0,284,188,28,0,0,0,500,0
h10,7101029447650996512,p1,0,0,500,0,7,254,239,0,362,86,52,0,0,0,500,0
h10,7101029447650996512,p2,0,0,500,0,0,59,441,0,386,81,33,0,0,0,500,0
h10,7101029447650996512,p3,0,0,500,0,0,35,465,0,381,72,47,0,0,0,500,0
h10,7109568077106525684,p1,0,0,500,0,18,221,261,0,365,87,48,0,0,0,500,0
h10,7109568077106525684,p2,0,0,500,0,0,82,418,0,347,101,52,0,0,0,500,0
h10,7109568077106525684,p3,0,0,500,0,0,45,455,0,356,97,47,0,0,0,500,0
h10,7115043997102468705,p1,0,0,500,0,12,257,231,0,364,70,66,0,0,0,500,0
h10,7115043997102468705,p2,0,0,500,0,0,74,426,0,367,89,44,0,0,0,500,0
h10,7115043997102468705,p3,0,0,500,0,0,42,458,0,336,126,38,0,0,0,500,0
h10,7121666655417947514,p1,0,1,499,0,14,265,221,0,367,87,46,0,0,0,500,0
h10,7121666655417947514,p2,0,0,500,0,0,80,420,0,378,85,37,0,0,0,500,0
h10,7121666655417947514,p3,0,0,500,0,0,38,462,0,333,119,48,0,0,0,500,0
h10,7130027541133706723,p1,0,1,499,0,11,257,232,0,376,71,53,0,0,0,500,0
h10,7130027541133706723,p2,0,0,500,0,0,79,421,0,334,124,42,0,0,0,500,0
h10,7130027541133706723,p3,0,0,500,0,0,29,471,0,349,105,46,0,0,0,500,0
h10,7161415418635995876,p1,0,2,498,0,16,277,207,0,377,67,56,0,0,0,500,0
h10,7161415418635995876,p2,0,0,500,0,0,133,367,0,360,103,37,0,0,0,500,0
h10,7161415418635995876,p3,0,0,500,0,0,72,428,0,352,110,38,0,0,0,500,0
h10,7165066339570139810,p1,0,0,500,0,18,251,231,0,367,89,44,0,0,0,500,0
h10,7165066339570139810,p2,0,0,500,0,0,98,402,0,336,122,42,0,0,0,500,0
h10,7165066339570139810,p3,0,0,500,0,0,34,466,0,372,92,36,0,0,0,500,0
h10,716531998885254618,p1,0,0,500,0,31,270,199,0,394,57,49,0,0,0,500,0
h10,716531998885254618,p2,0,0,500,0,0,109,391,0,358,112,30,0,0,0,500,0
h10,716531998885254618,p3,0,0,500,0,0,73,427,0,356,113,31,0,0,0,500,0
h10,7169142924721882020,p1,0,3,497,0,11,317,172,0,364,59,77,0,0,0,500,0
h10,7169142924721882020,p2,0,0,500,0,0,107,393,0,315,55,130,0,0,0,500,0
h10,7169142924721882020,p3,0,0,500,0,0,59,441,0,335,62,103,0,0,0,500,0
h10,7190375542432072695,p1,0,0,500,0,15,244,241,0,374,68,58,0,0,0,500,0
h10,7190375542432072695,p2,0,0,500,0,0,102,398,0,365,73,62,0,0,0,500,0
h10,7190375542432072695,p3,0,0,500,0,0,45,455,0,352,111,37,0,0,0,500,0
h10,719629301056120332,p1,0,0,500,0,15,285,200,0,369,86,45,0,0,0,500,0
h10,719629301056120332,p2,0,0,500,0,0,141,359,0,331,137,32,0,0,0,500,0
h10,719629301056120332,p3,0,0,500,0,0,93,407,0,364,106,30,0,0,0,500,0
h10,7235530420902678226,p1,0,0,500,0,12,233,255,0,363,71,66,0,0,0,500,0
h10,7235530420902678226,p2,0,0,500,0,0,75,425,0,369,82,49,0,0,0,500,0
h10,7235530420902678226,p3,0,0,500,0,0,33,467,0,347,90,63,0,0,0,500,0
h10,7255157952621009682,p1,0,0,500,0,19,299,182,0,379,64,57,0,0,0,500,0
h10,7255157952621009682,p2,0,0,500,0,0,113,387,0,371,100,29,0,0,0,500,0
h10,7255157952621009682,p3,0,0,500,0,0,52,448,0,357,117,26,0,0,0,500,0
h10,7282538293252517669,p1,0,1,499,0,10,283,207,0,362,86,52,0,0,0,500,0
h10,7282538293252517669,p2,0,0,500,0,0,142,358,0,364,102,34,0,0,0,500,0
h10,7282538293252517669,p3,0,0,500,0,0,42,458,0,361,109,30,0,0,0,500,0
h10,7295372283654610366,p1,0,0,500,0,13,270,217,0,387,76,37,0,0,0,500,0
h10,7295372283654610366,p2,0,0,500,0,0,90,410,0,364,81,55,0,0,0,500,0
h10,7295372283654610366,p3,0,0,500,0,0,48,452,0,343,122,35,0,0,0,500,0
h10,7298939453274469766,p1,0,4,496,0,17,300,183,0,362,80,58,0,0,0,500,0
h10,7298939453274469766,p2,0,0,500,0,0,130,370,0,371,96,33,0,0,0,500,0
h10,7298939453274469766,p3,0,0,500,0,0,107,393,0,344,122,34,0,0,0,500,0
h10,7310177629327166012,p1,0,1,499,0,14,275,211,0,387,70,43,0,0,0,500,0
h10,7310177629327166012,p2,0,0,500,0,0,94,406,0,376,68,56,0,0,0,500,0
h10,7310177629327166012,p3,0,0,500,0,0,59,441,0,351,120,29,0,0,0,500,0
h10,734757789708957627,p1,0,0,500,0,9,257,234,0,380,68,52,0,0,0,500,0
h10,734757789708957627,p2,0,0,500,0,0,93,407,0,387,80,33,0,0,0,500,0
h10,734757789708957627,p3,0,0,500,0,0,50,450,0,329,135,36,0,0,0,500,0
h10,7350290355227395183,p1,0,1,499,0,14,257,229,0,356,86,58,0,0,0,500,0
h10,7350290355227395183,p2,0,0,500,0,0,114,386,0,338,130,32,0,0,0,500,0
h10,7350290355227395183,p3,0,0,500,0,0,53,447,0,342,128,30,0,0,0,500,0
h10,7352322062592632680,p1,0,2,498,0,18,293,189,0,354,97,49,0,0,0,500,0
h10,7352322062592632680,p2,0,0,500,0,0,92,408,0,317,131,52,0,0,0,500,0
h10,7352322062592632680,p3,0,0,500,0,0,82,418,0,338,131,31,0,0,0,500,0
h10,7379410296824446487,p1,0,0,500,0,12,250,238,0,377,72,51,0,0,0,500,0
h10,7379410296824446487,p2,0,0,500,0,0,124,376,0,365,103,32,0,0,0,500,0
h10,7379410296824446487,p3,0,0,500,0,0,45,455,0,327,125,48,0,0,0,500,0
h10,7397885875878102284,p1,0,1,499,0,14,248,238,0,367,79,54,0,0,0,500,0
h10,7397885875878102284,p2,0,0,500,0,0,108,392,0,353,105,42,0,0,0,500,0
h10,7397885875878102284,p3,0,0,500,0,0,56,444,0,301,161,38,0,0,0,500,0
h10,7398343010820539709,p1,0,2,498,0,15,254,231,0,383,60,57,0,0,0,500,0
h10,7398343010820539709,p2,0,0,500,0,0,84,416,0,388,84,28,0,0,0,500,0
h10,7398343010820539709,p3,0,0,500,0,0,23,477,0,342,115,43,0,0,0,500,0
h10,7408937616229523706,p1,0,0,500,0,13,249,238,0,372,86,42,0,0,0,500,0
h10,7408937616229523706,p2,0,0,500,0,0,103,397,0,323,142,35,0,0,0,500,0
h10,7408937616229523706,p3,0,0,500,0,0,62,438,0,369,97,34,0,0,0,500,0
h10,7408947369882616651,p1,0,0,500,0,16,270,214,0,348,75,77,0,0,0,500,0
h10,7408947369882616651,p2,0,0,500,0,0,90,410,0,241,224,35,0,0,0,500,0
h10,7408947369882616651,p3,0,0,500,0,0,56,444,0,347,105,48,0,0,0,500,0
h10,7471234116172256561,p1,0,2,498,0,16,319,165,0,360,53,87,0,0,0,500,0
h10,7471234116172256561,p2,0,0,500,0,0,125,375,0,337,73,90,0,0,0,500,0
h10,7471234116172256561,p3,0,0,500,0,0,87,413,0,286,62,152,0,0,0,500,0
h10,7478711413010239881,p1,0,0,500,0,24,253,223,0,382,73,45,0,0,0,500,0
h10,7478711413010239881,p2,0,0,500,0,0,78,422,0,404,62,34,0,0,0,500,0
h10,7478711413010239881,p3,0,0,500,0,0,44,456,0,233,211,56,0,0,0,500,0
h10,7486905385871169436,p1,0,0,500,0,18,279,203,0,379,58,63,0,0,0,500,0
h10,7486905385871169436,p2,0,0,500,0,0,127,373,0,354,99,47,0,0,0,500,0
h10,7486905385871169436,p3,0,0,500,0,0,67,433,0,358,99,43,0,0,0,500,0
h10,7488453019694451806,p1,0,2,498,0,13,304,183,0,371,88,41,0,0,0,500,0
h10,7488453019694451806,p2,0,0,500,0,0,151,349,0,363,109,28,0,0,0,500,0
h10,7488453019694451806,p3,0,0,500,0,0,72,428,0,350,110,40,0,0,0,500,0
h10,7504687967456398126,p1,0,1,499,0,20,275,205,0,392,66,42,0,0,0,500,0
h10,7504687967456398126,p2,0,0,500,0,0,136,364,0,334,116,50,0,0,0,500,0
h10,7504687967456398126,p3,0,0,500,0,0,71,429,0,359,105,36,0,0,0,500,0
h10,7510891439253619367,p1,0,0,500,0,14,272,214,0,356,89,55,0,0,0,500,0
h10,7510891439253619367,p2,0,0,500,0,0,118,382,0,331,134,35,0,0,0,500,0
h10,7510891439253619367,p3,0,0,500,0,0,54,446,0,360,116,24,0,0,0,500,0
h10,7511663267632970451,p1,0,4,496,0,10,315,175,0,381,77,42,0,0,0,500,0
h10,7511663267632970451,p2,0,0,500,0,0,131,369,0,367,99,34,0,0,0,500,0
h10,7511663267632970451,p3,0,0,500,0,0,80,420,0,373,95,32,0,0,0,500,0
h10,75366300672174763,p1,0,0,500,0,14,250,236,0,368,75,57,0,0,0,500,0
h10,75366300672174763,p2,0,0,500,0,0,86,414,0,362,89,49,0,0,0,500,0
h10,75366300672174763,p3,0,0,500,0,0,42,458,0,372,80,48,0,0,0,500,0
h10,7544405566945497440,p1,0,4,496,0,13,277,210,0,370,86,44,0,0,0,500,0
h10,7544405566945497440,p2,0,0,500,0,0,120,380,0,346,111,43,0,0,0,500,0
h10,7544405566945497440,p3,0,0,500,0,0,67,433,0,293,165,42,0,0,0,500,0
h10,7554226532174989352,p1,0,3,497,0,11,309,180,0,371,95,34,0,0,0,500,0
h10,7554226532174989352,p2,0,0,500,0,0,141,359,0,347,134,19,0,0,0,500,0
h10,7554226532174989352,p3,0,0,500,0,0,69,431,0,303,169,28,0,0,0,500,0
h10,7558909457469050645,p1,0,1,499,0,12,287,201,0,382,64,54,0,0,0,500,0
h10,7558909457469050645,p2,0,0,500,0,0,116,384,0,350,120,30,0,0,0,500,0
h10,7558909457469050645,p3,0,0,500,0,0,68,432,0,378,91,31,0,0,0,500,0
h10,7577045924626654908,p1,0,0,500,0,17,273,210,0,377,74,49,0,0,0,500,0
h10,7577045924626654908,p2,0,0,500,0,0,74,426,0,316,143,41,0,0,0,500,0
h10,7577045924626654908,p3,0,0,500,0,0,25,475,0,323,136,41,0,0,0,500,0
h10,757987503346136312,p1,0,0,500,0,20,316,164,0,376,78,46,0,0,0,500,0
h10,757987503346136312,p2,0,0,500,0,0,164,336,0,380,100,20,0,0,0,500,0
h10,757987503346136312,p3,0,0,500,0,0,90,410,0,359,106,35,0,0,0,500,0
h10,758712106975348503,p1,0,0,500,0,21,269,210,0,376,69,55,0,0,0,500,0
h10,758712106975348503,p2,0,0,500,0,0,92,408,0,346,100,54,0,0,0,500,0
h10,758712106975348503,p3,0,0,500,0,0,57,443,0,366,85,49,0,0,0,500,0
h10,7598183414625494878,p1,0,0,500,0,15,245,240,0,379,65,56,0,0,0,500,0
h10,7598183414625494878,p2,0,0,500,0,0,95,405,0,324,139,37,0,0,0,500,0
h10,7598183414625494878,p3,0,0,500,0,0,36,464,0,317,141,42,0,0,0,500,0
h10,7642266478550329013,p1,0,0,500,0,19,261,220,0,372,76,52,0,0,0,500,0
h10,7642266478550329013,p2,0,0,500,0,0,126,374,0,323,138,39,0,0,0,500,0
h10,7642266478550329013,p3,0,0,500,0,0,85,415,0,386,75,39,0,0,0,500,0
h10,7651512055271949795,p1,0,0,500,0,17,268,215,0,379,66,55,0,0,0,500,0
h10,7651512055271949795,p2,0,0,500,0,0,91,409,0,352,106,42,0,0,0,500,0
h10,7651512055271949795,p3,0,0,500,0,0,58,442,0,286,160,54,0,0,0,500,0
h10,7663665376372334875,p1,0,2,498,0,16,282,202,0,354,90,56,0,0,0,500,0
h10,7663665376372334875,p2,0,0,500,0,0,111,389,0,316,140,44,0,0,0,500,0
h10,7663665376372334875,p3,0,0,500,0,0,57,443,0,379,80,41,0,0,0,500,0
h10,7717974502193491553,p1,0,0,500,0,17,253,230,0,379,71,50,0,0,0,500,0
h10,7717974502193491553,p2,0,0,500,0,0,104,396,0,344,118,38,0,0,0,500,0
h10,7717974502193491553,p3,0,0,500,0,0,53,447,0,307,159,34,0,0,0,500,0
h10,7741900444824712679,p1,0,0,500,0,12,319,169,0,371,72,57,0,0,0,500,0
h10,7741900444824712679,p2,0,0,500,0,0,148,352,0,374,66,60,0,0,0,500,0
h10,7741900444824712679,p3,0,0,500,0,0,85,415,0,372,62,66,0,0,0,500,0
h10,7743202745459324731,p1,0,0,500,0,21,300,179,0,387,64,49,0,0,0,500,0
h10,7743202745459324731,p2,0,0,500,0,0,121,379,0,377,85,38,0,0,0,500,0
h10,7743202745459324731,p3,0,0,500,0,0,65,435,0,313,152,35,0,0,0,500,0
h10,7775076713783724710,p1,0,0,500,0,11,255,234,0,385,59,56,0,0,0,500,0
h10,7775076713783724710,p2,0,0,500,0,0,89,411,0,332,130,38,0,0,0,500,0
h10,7775076713783724710,p3,0,0,500,0,0,55,445,0,391,75,34,0,0,0,500,0
h10,7781314410628587716,p1,0,0,500,0,13,276,211,0,381,76,43,0,0,0,500,0
h10,7781314410628587716,p2,0,0,500,0,0,116,384,0,361,116,23,0,0,0,500,0
h10,7781314410628587716,p3,0,0,500,0,0,92,408,0,365,103,32,0,0,0,500,0
h10,7832687550037620947,p1,0,5,495,0,7,258,235,0,366,91,43,0,0,0,500,0
h10,7832687550037620947,p2,0,0,500,0,0,114,386,0,394,78,28,0,0,0,500,0
h10,7832687550037620947,p3,0,0,500,0,0,63,437,0,345,129,26,0,0,0,500,0
h10,783830213766371059,p1,0,0,500,0,12,274,214,0,383,84,33,0,0,0,500,0
h10,783830213766371059,p2,0,0,500,0,0,130,370,0,354,118,28,0,0,0,500,0
h10,783830213766371059,p3,0,0,500,0,0,87,413,0,370,96,34,0,0,0,500,0
h10,7848085292432968469,p1,0,0,500,0,15,280,205,0,378,76,46,0,0,0,500,0
h10,7848085292432968469,p2,0,0,500,0,0,115,385,0,369,94,37,0,0,0,500,0
h10,7848085292432968469,p3,0,0,500,0,0,73,427,0,360,106,34,0,0,0,500,0
h10,7858929712906841128,p1,0,1,499,0,19,284,197,0,375,84,41,0,0,0,500,0
h10,7858929712906841128,p2,0,0,500,0,0,150,350,0,345,117,38,0,0,0,500,0
h10,7858929712906841128,p3,0,0,500,0,0,81,419,0,356,119,25,0,0,0,500,0
h10,7866850073563790232,p1,0,1,499,0,17,300,183,0,374,77,49,0,0,0,500,0
h10,7866850073563790232,p2,0,0,500,0,0,126,374,0,377,75,48,0,0,0,500,0
h10,7866850073563790232,p3,0,0,500,0,0,85,415,0,394,70,36,0,0,0,500,0
h10,7873989010425175006,p1,0,2,498,0,14,288,198,0,370,84,46,0,0,0,500,0
h10,7873989010425175006,p2,0,0,500,0,0,117,383,0,364,102,34,0,0,0,500,0
h10,7873989010425175006,p3,0,0,500,0,0,73,427,0,360,108,32,0,0,0,500,0
h10,7878891777622847590,p1,0,0,500,0,15,273,212,0,365,87,48,0,0,0,500,0
h10,7878891777622847590,p2,0,0,500,0,0,115,385,0,343,125,32,0,0,0,500,0
h10,7878891777622847590,p3,0,0,500,0,0,55,445,0,354,119,27,0,0,0,500,0
h10,7883688560016888222,p1,0,0,500,0,14,280,206,0,368,80,52,0,0,0,500,0
h10,7883688560016888222,p2,0,0,500,0,0,117,383,0,382,81,37,0,0,0,500,0
h10,7883688560016888222,p3,0,0,500,0,0,55,445,0,298,169,33,0,0,0,500,0
h10,7884742403566349372,p1,0,3,497,0,9,272,219,0,351,105,44,0,0,0,500,0
h10,7884742403566349372,p2,0,1,499,0,0,103,397,0,365,95,40,0,0,0,500,0
h10,7884742403566349372,p3,0,0,500,0,0,61,439,0,376,81,43,0,0,0,500,0
h10,7905927068240777258,p1,0,1,499,0,16,282,202,0,371,92,37,0,0,0,500,0
h10,7905927068240777258,p2,0,0,500,0,0,125,375,0,390,82,28,0,0,0,500,0
h10,7905927068240777258,p3,0,0,500,0,0,67,433,0,383,82,35,0,0,0,500,0
h10,7942341738641521490,p1,0,1,499,0,10,227,263,0,396,49,55,0,0,0,500,0
h10,7942341738641521490,p2,0,0,500,0,0,112,388,0,363,101,36,0,0,0,500,0
h10,7942341738641521490,p3,0,0,500,0,0,51,449,0,360,89,51,0,0,0,500,0
h10,7954187330644355142,p1,0,0,500,0,10,246,244,0,387,69,44,0,0,0,500,0
h10,7954187330644355142,p2,0,0,500,0,0,86,414,0,351,101,48,0,0,0,500,0
h10,7954187330644355142,p3,0,0,500,0,0,53,447,0,384,80,36,0,0,0,500,0
h10,7962087443639829875,p1,0,3,497,0,26,274,200,0,369,86,45,0,0,0,500,0
h10,7962087443639829875,p2,0,0,500,0,0,129,371,0,327,130,43,0,0,0,500,0
h10,7962087443639829875,p3,0,0,500,0,0,79,421,0,355,104,41,0,0,0,500,0
h10,8021025389252768240,p1,0,0,500,0,16,238,246,0,382,56,62,0,0,0,500,0
h10,8021025389252768240,p2,0,0,500,0,0,54,446,0,357,105,38,0,0,0,500,0
h10,8021025389252768240,p3,0,0,500,0,0,49,451,0,329,140,31,0,0,0,500,0
h10,808778871173812173,p1,0,1,499,0,15,237,248,0,384,62,54,0,0,0,500,0
h10,808778871173812173,p2,0,0,500,0,0,62,438,0,368,85,47,0,0,0,500,0
h10,808778871173812173,p3,0,0,500,0,0,43,457,0,328,129,43,0,0,0,500,0
h10,8105113531810149328,p1,0,1,499,0,19,273,208,0,344,106,50,0,0,0,500,0
h10,8105113531810149328,p2,0,0,500,0,0,90,410,0,316,130,54,0,0,0,500,0
h10,8105113531810149328,p3,0,0,500,0,0,39,461,0,354,113,33,0,0,0,500,0
h10,8152829699244551392,p1,0,0,500,0,5,276,219,0,381,70,49,0,0,0,500,0
h10,8152829699244551392,p2,0,0,500,0,0,141,359,0,367,97,36,0,0,0,500,0
h10,8152829699244551392,p3,0,0,500,0,0,58,442,0,356,102,42,0,0,0,500,0
h10,8159230714493336885,p1,0,6,494,0,23,247,230,0,386,80,34,0,0,0,500,0
h10,8159230714493336885,p2,0,1,499,0,0,103,397,0,390,85,25,0,0,0,500,0
h10,8159230714493336885,p3,0,0,500,0,0,48,452,0,372,101,27,0,0,0,500,0
h10,8163401695404821128,p1,0,1,499,0,14,223,263,0,373,56,71,0,0,0,500,0
h10,8163401695404821128,p2,0,0,500,0,0,104,396,0,348,108,44,0,0,0,500,0
h10,8163401695404821128,p3,0,0,500,0,0,70,430,0,323,135,42,0,0,0,500,0
h10,8178006242395678666,p1,0,0,500,0,9,293,198,0,345,102,53,0,0,0,500,0
h10,8178006242395678666,p2,0,0,500,0,0,151,349,0,351,125,24,0,0,0,500,0
h10,8178006242395678666,p3,0,0,500,0,0,95,405,0,350,126,24,0,0,0,500,0
h10,8218371996293622782,p1,0,0,500,0,12,259,229,0,385,70,45,0,0,0,500,0
h10,8218371996293622782,p2,0,0,500,0,0,104,396,0,336,130,34,0,0,0,500,0
h10,8218371996293622782,p3,0,0,500,0,0,29,471,0,342,129,29,0,0,0,500,0
h10,8226050544434320595,p1,0,2,498,0,19,246,235,0,360,78,62,0,0,0,500,0
h10,8226050544434320595,p2,0,0,500,0,0,82,418,0,391,77,32,0,0,0,500,0
h10,8226050544434320595,p3,0,0,500,0,0,28,472,0,295,143,62,0,0,0,500,0
h10,8228836722842789166,p1,0,2,498,0,18,261,221,0,385,67,48,0,0,0,500,0
h10,8228836722842789166,p2,0,0,500,0,0,122,378,0,380,82,38,0,0,0,500,0
h10,8228836722842789166,p3,0,0,500,0,0,83,417,0,377,92,31,0,0,0,500,0
h10,8239522417594212271,p1,0,1,499,0,13,255,232,0,368,86,46,0,0,0,500,0
h10,8239522417594212271,p2,0,0,500,0,0,75,425,0,369,96,35,0,0,0,500,0
h10,8239522417594212271,p3,0,0,500,0,0,66,434,0,332,141,27,0,0,0,500,0
h10,8244170726258562512,p1,0,0,500,0,10,268,222,0,378,49,73,0,0,0,500,0
h10,8244170726258562512,p2,0,0,500,0,0,103,397,0,379,62,59,0,0,0,500,0
h10,8244170726258562512,p3,0,0,500,0,0,56,444,0,352,79,69,0,0,0,500,0
h10,8270358247173659095,p1,0,4,496,0,19,332,149,0,374,74,52,0,0,0,500,0
h10,8270358247173659095,p2,0,0,500,0,0,149,351,0,371,91,38,0,0,0,500,0
h10,8270358247173659095,p3,0,0,500,0,0,98,402,0,371,97,32,0,0,0,500,0
h10,8287888176416114215,p1,0,0,500,0,13,303,184,0,361,85,54,0,0,0,500,0
h10,8287888176416114215,p2,0,0,500,0,0,84,416,0,388,65,47,0,0,0,500,0
h10,8287888176416114215,p3,0,0,500,0,0,55,445,0,330,125,45,0,0,0,500,0
h10,8290485621051729761,p1,0,0,500,0,11,287,202,0,375,78,47,0,0,0,500,0
h10,8290485621051729761,p2,0,0,500,0,0,80,420,0,336,124,40,0,0,0,500,0
h10,8290485621051729761,p3,0,0,500,0,0,54,446,0,325,136,39,0,0,0,500,0
h10,8308902263339315364,p1,0,1,499,0,21,303,176,0,370,82,48,0,0,0,500,0
h10,8308902263339315364,p2,0,0,500,0,0,90,410,0,376,101,23,0,0,0,500,0
h10,8308902263339315364,p3,0,0,500,0,0,64,436,0,349,112,39,0,0,0,500,0
h10,83234146314578314,p1,0,0,500,0,19,253,228,0,355,73,72,0,0,0,500,0
h10,83234146314578314,p2,0,0,500,0,0,96,404,0,393,66,41,0,0,0,500,0
h10,83234146314578314,p3,0,0,500,0,0,45,455,0,276,84,140,0,0,0,500,0
h10,834878244070258374,p1,0,2,498,0,15,250,235,0,373,83,44,0,0,0,500,0
h10,834878244070258374,p2,0,0,500,0,0,96,404,0,345,110,45,0,0,0,500,0
h10,834878244070258374,p3,0,0,500,0,0,49,451,0,354,90,56,0,0,0,500,0
h10,836555008149158797,p1,0,2,498,0,14,292,194,0,374,72,54,0,0,0,500,0
h10,836555008149158797,p2,0,0,500,0,0,119,381,0,360,98,42,0,0,0,500,0
h10,836555008149158797,p3,0,0,500,0,0,78,422,0,359,96,45,0,0,0,500,0
h10,836583861334234596,p1,0,0,500,0,13,257,230,0,370,68,62,0,0,0,500,0
h10,836583861334234596,p2,0,0,500,0,0,117,383,0,358,90,52,0,0,0,500,0
h10,836583861334234596,p3,0,0,500,0,0,59,441,0,365,82,53,0,0,0,500,0
h10,8371653506175917745,p1,0,0,500,0,13,259,228,0,368,94,38,0,0,0,500,0
h10,8371653506175917745,p2,0,0,500,0,0,99,401,0,322,145,33,0,0,0,500,0
h10,8371653506175917745,p3,0,0,500,0,0,59,441,0,267,200,33,0,0,0,500,0
h10,8402952826270258612,p1,0,1,499,0,12,278,210,0,372,43,85,0,0,0,500,0
h10,8402952826270258612,p2,0,0,500,0,0,123,377,0,392,41,67,0,0,0,500,0
h10,8402952826270258612,p3,0,0,500,0,0,62,438,0,345,80,75,0,0,0,500,0
h10,8417293050309000214,p1,0,2,498,0,17,285,198,0,358,87,55,0,0,0,500,0
h10,8417293050309000214,p2,0,0,500,0,0,112,388,0,367,107,26,0,0,0,500,0
h10,8417293050309000214,p3,0,0,500,0,0,81,419,0,376,93,31,0,0,0,500,0
h10,8435534881343293626,p1,0,2,498,0,13,287,200,0,358,86,56,0,0,0,500,0
h10,8435534881343293626,p2,0,0,500,0,0,100,400,0,351,119,30,0,0,0,500,0
h10,8435534881343293626,p3,0,0,500,0,0,66,434,0,371,105,24,0,0,0,500,0
h10,8458213991679095727,p1,0,2,498,0,18,267,215,0,377,64,59,0,0,0,500,0
h10,8458213991679095727,p2,0,0,500,0,0,98,402,0,335,132,33,0,0,0,500,0
h10,8458213991679095727,p3,0,0,500,0,0,54,446,0,305,160,35,0,0,0,500,0
h10,84611528890519674,p1,0,0,500,0,10,285,205,0,377,78,45,0,0,0,500,0
h10,84611528890519674,p2,0,0,500,0,0,131,369,0,359,112,29,0,0,0,500,0
h10,84611528890519674,p3,0,0,500,0,0,77,423,0,313,151,36,0,0,0,500,0
h10,8492364819380364833,p1,0,1,499,0,12,265,223,0,351,87,62,0,0,0,500,0
h10,8492364819380364833,p2,0,0,500,0,0,106,394,0,320,138,42,0,0,0,500,0
h10,8492364819380364833,p3,0,0,500,0,0,65,435,0,263,210,27,0,0,0,500,0
h10,8552083978907594051,p1,0,0,500,0,9,274,217,0,367,77,56,0,0,0,500,0
h10,8552083978907594051,p2,0,0,500,0,0,131,369,0,369,85,46,0,0,0,500,0
h10,8552083978907594051,p3,0,0,500,0,0,62,438,0,381,89,30,0,0,0,500,0
h10,8562341184736487646,p1,0,2,498,0,10,288,202,0,379,74,47,0,0,0,500,0
h10,8562341184736487646,p2,0,1,499,0,0,99,401,0,362,98,40,0,0,0,500,0
h10,8562341184736487646,p3,0,0,500,0,0,78,422,0,364,103,33,0,0,0,500,0
h10,8572965139062648214,p1,0,0,500,0,9,266,225,0,382,63,55,0,0,0,500,0
h10,8572965139062648214,p2,0,0,500,0,0,92,408,0,332,96,72,0,0,0,500,0
h10,8572965139062648214,p3,0,0,500,0,0,46,454,0,315,104,81,0,0,0,500,0
h10,8583399840470615870,p1,0,1,499,0,12,269,219,0,363,53,84,0,0,0,500,0
h10,8583399840470615870,p2,0,0,500,0,0,95,405,0,370,53,77,0,0,0,500,0
h10,8583399840470615870,p3,0,0,500,0,0,64,436,0,375,96,29,0,0,0,500,0
h10,8609481525693457620,p1,0,0,500,0,6,260,234,0,349,49,102,0,0,0,500,0
h10,8609481525693457620,p2,0,0,500,0,0,80,420,0,371,32,97,0,0,0,500,0
h10,8609481525693457620,p3,0,0,500,0,0,43,457,0,379,37,84,0,0,0,500,0
h10,8618567938178201022,p1,0,0,500,0,7,236,257,0,403,55,42,0,0,0,500,0
h10,8618567938178201022,p2,0,0,500,0,0,68,432,0,357,87,56,0,0,0,500,0
h10,8618567938178201022,p3,0,0,500,0,0,38,462,0,332,112,56,0,0,0,500,0
h10,8627273396965897683,p1,0,2,498,0,15,256,229,0,356,95,49,0,0,0,500,0
h10,8627273396965897683,p2,0,0,500,0,0,102,398,0,397,61,42,0,0,0,500,0
h10,8627273396965897683,p3,0,0,500,0,0,58,442,0,335,124,41,0,0,0,500,0
h10,8648167069339816741,p1,0,0,500,0,12,283,205,0,357,91,52,0,0,0,500,0
h10,8648167069339816741,p2,0,0,500,0,0,100,400,0,355,110,35,0,0,0,500,0
h10,8648167069339816741,p3,0,0,500,0,0,87,413,0,371,94,35,0,0,0,500,0
h10,8661887200876223594,p1,0,0,500,0,14,223,263,0,368,80,52,0,0,0,500,0
h10,8661887200876223594,p2,0,0,500,0,0,83,417,0,305,157,38,0,0,0,500,0
h10,8661887200876223594,p3,0,0,500,0,0,40,460,0,369,97,34,0,0,0,500,0
h10,8661934128091045586,p1,0,1,499,0,14,293,193,0,374,73,53,0,0,0,500,0
h10,8661934128091045586,p2,0,0,500,0,0,96,404,0,321,139,40,0,0,0,500,0
h10,8661934128091045586,p3,0,0,500,0,0,56,444,0,359,103,38,0,0,0,500,0
h10,8694791995238324623,p1,0,1,499,0,16,244,240,0,378,64,58,0,0,0,500,0
h10,8694791995238324623,p2,0,0,500,0,0,91,409,0,385,74,41,0,0,0,500,0
h10,8694791995238324623,p3,0,0,500,0,0,52,448,0,350,116,34,0,0,0,500,0
h10,8725947014532028924,p1,0,0,500,0,10,280,210,0,356,91,53,0,0,0,500,0
h10,8725947014532028924,p2,0,0,500,0,0,98,402,0,340,120,40,0,0,0,500,0
h10,8725947014532028924,p3,0,0,500,0,0,70,430,0,354,115,31,0,0,0,500,0
h10,8729589802439719831,p1,0,2,498,0,14,304,182,0,378,65,57,0,0,0,500,0
h10,8729589802439719831,p2,0,0,500,0,0,129,371,0,332,99,69,0,0,0,500,0
h10,8729589802439719831,p3,0,0,500,0,0,102,398,0,365,54,81,0,0,0,500,0
h10,8733100458151943719,p1,0,1,499,0,13,289,198,0,365,81,54,0,0,0,500,0
h10,8733100458151943719,p2,0,0,500,0,0,92,408,0,381,81,38,0,0,0,500,0
h10,8733100458151943719,p3,0,0,500,0,0,79,421,0,364,84,52,0,0,0,500,0
h10,8751082343523974119,p1,0,0,500,0,12,229,259,0,361,85,54,0,0,0,500,0
h10,8751082343523974119,p2,0,0,500,0,0,87,413,0,358,96,46,0,0,0,500,0
h10,8751082343523974119,p3,0,0,500,0,0,50,450,0,315,142,43,0,0,0,500,0
h10,87646660934494159,p1,0,2,498,0,15,303,182,0,365,79,56,0,0,0,500,0
h10,87646660934494159,p2,0,0,500,0,0,92,408,0,397,66,37,0,0,0,500,0
h10,87646660934494159,p3,0,0,500,0,0,65,435,0,379,95,26,0,0,0,500,0
h10,8788957990036707211,p1,0,0,500,0,13,254,233,0,374,70,56,0,0,0,500,0
h10,8788957990036707211,p2,0,0,500,0,0,112,388,0,377,90,33,0,0,0,500,0
h10,8788957990036707211,p3,0,0,500,0,0,60,440,0,353,105,42,0,0,0,500,0
h10,8799833193724629835,p1,0,0,500,0,12,284,204,0,364,82,54,0,0,0,500,0
h10,8799833193724629835,p2,0,0,500,0,0,131,369,0,370,98,32,0,0,0,500,0
h10,8799833193724629835,p3,0,0,500,0,0,48,452,0,351,124,25,0,0,0,500,0
h10,8802582843542988054,p1,0,1,499,0,13,257,230,0,369,68,63,0,0,0,500,0
h10,8802582843542988054,p2,0,0,500,0,0,101,399,0,364,90,46,0,0,0,500,0
h10,8802582843542988054,p3,0,0,500,0,0,48,452,0,349,115,36,0,0,0,500,0
h10,8812737319769808324,p1,1,1,498,0,15,254,231,0,359,83,58,0,0,1,499,0
h10,8812737319769808324,p2,0,0,500,0,0,83,417,0,350,123,27,0,0,0,500,0
h10,8812737319769808324,p3,0,0,500,0,0,42,458,0,349,109,42,0,0,0,500,0
h10,8852931104530757226,p1,0,1,499,0,13,276,211,0,361,62,77,0,0,0,500,0
h10,8852931104530757226,p2,0,0,500,0,0,82,418,0,363,81,56,0,0,0,500,0
h10,8852931104530757226,p3,0,0,500,0,0,55,445,0,395,64,41,0,0,0,500,0
h10,8853182830805833249,p1,0,0,500,0,7,233,260,0,366,44,90,0,0,0,500,0
h10,8853182830805833249,p2,0,0,500,0,0,69,431,0,356,28,116,0,0,0,500,0
h10,8853182830805833249,p3,0,0,500,0,0,36,464,0,324,41,135,0,0,0,500,0
h10,8882506945447814248,p1,0,0,500,0,12,245,243,0,365,85,50,0,0,0,500,0
h10,8882506945447814248,p2,0,0,500,0,0,106,394,0,376,78,46,0,0,0,500,0
h10,8882506945447814248,p3,0,0,500,0,0,29,471,0,294,160,46,0,0,0,500,0
h10,8895313445287964839,p1,0,0,500,0,18,234,248,0,371,63,66,0,0,0,500,0
h10,8895313445287964839,p2,0,0,500,0,1,75,424,0,369,74,57,0,0,0,500,0
h10,8895313445287964839,p3,0,0,500,0,0,22,478,0,370,69,61,0,0,0,500,0
h10,8912125499415277182,p1,0,2,498,0,13,264,223,0,372,78,50,0,0,0,500,0
h10,8912125499415277182,p2,0,0,500,0,0,96,404,0,393,87,20,0,0,0,500,0
h10,8912125499415277182,p3,0,0,500,0,0,62,438,0,391,78,31,0,0,0,500,0
h10,8944542192272670377,p1,0,0,500,0,15,271,214,0,370,66,64,0,0,0,500,0
h10,8944542192272670377,p2,0,0,500,0,0,78,422,0,374,98,28,0,0,0,500,0
h10,8944542192272670377,p3,0,0,500,0,0,61,439,0,391,77,32,0,0,0,500,0
h10,8980907254555784169,p1,0,2,498,0,16,283,201,0,346,106,48,0,0,0,500,0
h10,8980907254555784169,p2,0,0,500,0,0,122,378,0,377,88,35,0,0,0,500,0
h10,8980907254555784169,p3,0,0,500,0,0,45,455,0,336,107,57,0,0,0,500,0
h10,9024077620395195440,p1,0,2,498,0,15,292,193,0,369,83,48,0,0,0,500,0
h10,9024077620395195440,p2,0,0,500,0,0,107,393,0,389,77,34,0,0,0,500,0
h10,9024077620395195440,p3,0,0,500,0,0,56,444,0,342,122,36,0,0,0,500,0
h10,9027202699263020636,p1,0,0,500,0,9,265,226,0,365,81,54,0,0,0,500,0
h10,9027202699263020636,p2,0,0,500,0,0,87,413,0,347,111,42,0,0,0,500,0
h10,9027202699263020636,p3,0,0,500,0,0,67,433,0,299,167,34,0,0,0,500,0
h10,9038948647962637605,p1,0,0,500,0,18,255,227,0,364,76,60,0,0,0,500,0
h10,9038948647962637605,p2,0,0,500,0,0,110,390,0,401,69,30,0,0,0,500,0
h10,9038948647962637605,p3,0,0,500,0,0,82,418,0,347,116,37,0,0,0,500,0
h10,9089703328125822051,p1,0,4,496,0,16,289,195,0,354,97,49,0,0,0,500,0
h10,9089703328125822051,p2,0,0,500,0,0,106,394,0,361,104,35,0,0,0,500,0
h10,9089703328125822051,p3,0,0,500,0,0,65,435,0,367,104,29,0,0,0,500,0
h10,9112991610827393496,p1,0,1,499,0,17,282,201,0,360,72,68,0,0,0,500,0
h10,9112991610827393496,p2,0,0,500,0,0,83,417,0,369,95,36,0,0,0,500,0
h10,9112991610827393496,p3,0,0,500,0,0,49,451,0,382,79,39,0,0,0,500,0
h10,9137410592997735777,p1,0,0,500,0,15,286,199,0,398,68,34,0,0,0,500,0
h10,9137410592997735777,p2,0,0,500,0,0,118,382,0,364,100,36,0,0,0,500,0
h10,9137410592997735777,p3,0,0,500,0,0,53,447,0,353,110,37,0,0,0,500,0
h10,9157243056359000886,p1,0,0,500,0,12,273,215,0,353,92,55,0,0,0,500,0
h10,9157243056359000886,p2,0,0,500,0,0,84,416,0,378,92,30,0,0,0,500,0
h10,9157243056359000886,p3,0,0,500,0,0,56,444,0,288,174,38,0,0,0,500,0
h10,9159305985909844775,p1,0,1,499,0,11,282,207,0,364,84,52,0,0,0,500,0
h10,9159305985909844775,p2,0,0,500,0,0,89,411,0,330,115,55,0,0,0,500,0
h10,9159305985909844775,p3,0,0,500,0,0,57,443,0,311,141,48,0,0,0,500,0
h10,917475714254783588,p1,0,1,499,0,16,241,243,0,358,73,69,0,0,0,500,0
h10,917475714254783588,p2,0,0,500,0,0,82,418,0,346,97,57,0,0,0,500,0
h10,917475714254783588,p3,0,0,500,0,0,38,462,0,352,115,33,0,0,0,500,0
h10,9193094065305181273,p1,0,0,500,0,15,297,188,0,382,76,42,0,0,0,500,0
h10,9193094065305181273,p2,0,0,500,0,0,148,352,0,369,86,45,0,0,0,500,0
h10,9193094065305181273,p3,0,0,500,0,0,67,433,0,377,103,20,0,0,0,500,0
h10,9213309833582916430,p1,0,0,500,0,18,299,183,0,353,97,50,0,0,0,500,0
h10,9213309833582916430,p2,0,0,500,0,0,114,386,0,319,148,33,0,0,0,500,0
h10,9213309833582916430,p3,0,0,500,0,0,65,435,0,288,177,35,0,0,0,500,0
h10,9215426527681091694,p1,0,1,499,0,17,320,163,0,369,80,51,0,0,0,500,0
h10,9215426527681091694,p2,0,0,500,0,0,127,373,0,369,98,33,0,0,0,500,0
h10,9215426527681091694,p3,0,0,500,0,0,113,387,0,361,107,32,0,0,0,500,0
h10,930005913528195296,p1,0,1,499,0,15,272,213,0,368,82,50,0,0,0,500,0
h10,930005913528195296,p2,0,0,500,0,0,102,398,0,337,123,40,0,0,0,500,0
h10,930005913528195296,p3,0,0,500,0,0,56,444,0,298,160,42,0,0,0,500,0
h10,944884178138102917,p1,0,0,500,0,16,241,243,0,369,81,50,0,0,0,500,0
h10,944884178138102917,p2,0,0,500,0,0,82,418,0,394,79,27,0,0,0,500,0
h10,944884178138102917,p3,0,0,500,0,0,44,456,0,321,137,42,0,0,0,500,0
h10,961054276216248208,p1,0,1,499,0,14,277,209,0,368,84,48,0,0,0,500,0
h10,961054276216248208,p2,0,0,500,0,0,155,345,0,352,113,35,0,0,0,500,0
h10,961054276216248208,p3,0,0,500,0,0,108,392,0,389,88,23,0,0,0,500,0
h10,98110105736611109,p1,0,2,498,0,18,248,234,0,374,66,60,0,0,0,500,0
h10,98110105736611109,p2,0,0,500,0,0,109,391,0,364,95,41,0,0,0,500,0
h10,98110105736611109,p3,0,0,500,0,0,58,442,0,382,94,24,0,0,0,500,0
h10,996766098330744591,p1,0,0,500,0,15,267,218,0,386,75,39,0,0,0,500,0
h10,996766098330744591,p2,0,0,500,0,0,101,399,0,406,56,38,0,0,0,500,0
h10,996766098330744591,p3,0,0,500,0,0,54,446,0,374,88,38,0,0,0,500,0
h15,1006483251401867094,p1,0,0,500,0,11,294,195,0,363,85,52,0,0,0,500,0
h15,1006483251401867094,p2,0,0,500,0,0,135,365,0,375,94,31,0,0,0,500,0
h15,1006483251401867094,p3,0,0,500,0,0,76,424,0,386,75,39,0,0,0,500,0
h15,1010248410075734988,p1,0,0,500,0,12,236,252,0,367,63,70,0,0,0,500,0
h15,1010248410075734988,p2,0,0,500,0,0,65,435,0,367,82,51,0,0,0,500,0
h15,1010248410075734988,p3,0,0,500,0,0,41,459,0,359,93,48,0,0,0,500,0
h15,1025853212617610583,p1,0,1,499,0,12,293,195,0,371,80,49,0,0,0,500,0
h15,1025853212617610583,p2,0,0,500,0,0,100,400,0,321,143,36,0,0,0,500,0
h15,1025853212617610583,p3,0,0,500,0,0,80,420,0,362,104,34,0,0,0,500,0
h15,1047986799130361660,p1,0,0,500,0,13,271,216,0,366,76,58,0,0,0,500,0
h15,1047986799130361660,p2,0,0,500,0,0,107,393,0,394,71,35,0,0,0,500,0
h15,1047986799130361660,p3,0,0,500,0,0,59,441,0,355,77,68,0,0,0,500,0
h15,1055839648648687287,p1,0,1,499,0,16,292,192,0,367,70,63,0,0,0,500,0
h15,1055839648648687287,p2,0,0,500,0,0,168,332,0,353,108,39,0,0,0,500,0
h15,1055839648648687287,p3,0,0,500,0,0,99,401,0,368,95,37,0,0,0,500,0
h15,1058563980818626152,p1,0,0,500,0,10,267,223,0,357,85,58,0,0,0,500,0
h15,1058563980818626152,p2,0,0,500,0,0,98,402,0,364,86,50,0,0,0,500,0
h15,1058563980818626152,p3,0,0,500,0,0,36,464,0,367,104,29,0,0,0,500,0
h15,1075118180271889709,p1,0,1,499,0,10,265,225,0,361,88,51,0,0,0,500,0
h15,1075118180271889709,p2,0,0,500,0,0,95,405,0,370,89,41,0,0,0,500,0
h15,1075118180271889709,p3,0,0,500,0,0,56,444,0,339,130,31,0,0,0,500,0
h15,1103544730880859066,p1,0,0,500,0,17,263,220,0,369,65,66,0,0,0,500,0
h15,1103544730880859066,p2,0,0,500,0,0,76,424,0,363,69,68,0,0,0,500,0
h15,1103544730880859066,p3,0,0,500,0,0,46,454,0,348,69,83,0,0,0,500,0
h15,1175545431730286053,p1,0,0,500,0,9,241,250,0,377,65,58,0,0,0,500,0
h15,1175545431730286053,p2,0,0,500,0,0,85,415,0,299,160,41,0,0,0,500,0
h15,1175545431730286053,p3,0,0,500,0,0,26,474,0,328,132,40,0,0,0,500,0
h15,1268756810187455068,p1,0,0,500,0,16,234,250,0,378,60,62,0,0,0,500,0
h15,1268756810187455068,p2,0,0,500,0,0,61,439,0,396,69,35,0,0,0,500,0
h15,1268756810187455068,p3,0,0,500,0,0,25,475,0,289,168,43,0,0,0,500,0
h15,1271887722132963792,p1,0,0,500,0,15,276,209,0,372,50,78,0,0,0,500,0
h15,1271887722132963792,p2,0,0,500,0,0,116,384,0,351,61,88,0,0,0,500,0
h15,1271887722132963792,p3,0,0,500,0,0,49,451,0,356,47,97,0,0,0,500,0
h15,1274072017815295054,p1,0,1,499,0,16,235,249,0,365,84,51,0,0,0,500,0
h15,1274072017815295054,p2,0,0,500,0,0,79,421,0,344,114,42,0,0,0,500,0
h15,1274072017815295054,p3,0,0,500,0,0,37,463,0,328,125,47,0,0,0,500,0
h15,1280586274031302672,p1,0,1,499,0,14,272,214,0,364,86,50,0,0,0,500,0
h15,1280586274031302672,p2,0,0,500,0,0,99,401,0,337,132,31,0,0,0,500,0
h15,1280586274031302672,p3,0,0,500,0,0,55,445,0,357,111,32,0,0,0,500,0
h15,1283396242184346416,p1,0,3,497,0,12,266,222,0,347,94,59,0,0,0,500,0
h15,1283396242184346416,p2,0,0,500,0,0,97,403,0,356,100,44,0,0,0,500,0
h15,1283396242184346416,p3,0,0,500,0,0,43,457,0,311,158,31,0,0,0,500,0
h15,1291462818127454420,p1,0,1,499,0,15,281,204,0,355,97,48,0,0,0,500,0
h15,1291462818127454420,p2,0,0,500,0,0,112,388,0,308,149,43,0,0,0,500,0
h15,1291462818127454420,p3,0,0,500,0,0,36,464,0,376,90,34,0,0,0,500,0
h15,1294799392044852467,p1,0,2,498,0,14,292,194,0,370,76,54,0,0,0,500,0
h15,1294799392044852467,p2,0,0,500,0,0,141,359,0,341,116,43,0,0,0,500,0
h15,1294799392044852467,p3,0,0,500,0,0,56,444,0,380,93,27,0,0,0,500,0
h15,1298950186104188190,p1,0,0,500,0,18,255,227,0,391,63,46,0,0,0,500,0
h15,1298950186104188190,p2,0,0,500,0,0,109,391,0,374,86,40,0,0,0,500,0
h15,1298950186104188190,p3,0,0,500,0,0,63,437,0,369,100,31,0,0,0,500,0
h15,133872839800916480,p1,0,0,500,0,22,236,242,0,381,63,56,0,0,0,500,0
h15,133872839800916480,p2,0,0,500,0,0,95,405,0,397,66,37,0,0,0,500,0
h15,133872839800916480,p3,0,0,500,0,0,27,473,0,337,111,52,0,0,0,500,0
h15,1381198077894381621,p1,0,0,500,0,23,261,216,0,362,70,68,0,0,0,500,0
h15,1381198077894381621,p2,1,0,499,0,1,120,379,0,349,110,41,0,0,1,499,0
h15,1381198077894381621,p3,0,0,500,0,0,56,444,0,364,97,39,0,0,0,500,0
h15,1395939817077436996,p1,0,0,500,0,14,276,210,0,378,70,52,0,0,0,500,0
h15,1395939817077436996,p2,0,0,500,0,0,108,392,0,319,150,31,0,0,0,500,0
h15,1395939817077436996,p3,0,0,500,0,0,63,437,0,337,130,33,0,0,0,500,0
h15,1408793636273151652,p1,0,0,500,0,15,251,234,0,358,43,99,0,0,0,500,0
h15,1408793636273151652,p2,0,0,500,0,1,101,398,0,363,38,99,0,0,0,500,0
h15,1408793636273151652,p3,0,0,500,0,1,43,456,0,361,40,99,0,0,0,500,0
h15,1419362959560353265,p1,0,0,500,0,12,301,187,0,378,83,39,0,0,0,500,0
h15,1419362959560353265,p2,0,0,500,0,0,142,358,0,347,84,69,0,0,0,500,0
h15,1419362959560353265,p3,0,0,500,0,0,70,430,0,374,86,40,0,0,0,500,0
h15,1451321003829450659,p1,0,0,500,0,18,238,244,0,388,59,53,0,0,0,500,0
h15,1451321003829450659,p2,0,0,500,0,0,68,432,0,385,70,45,0,0,0,500,0
h15,1451321003829450659,p3,0,0,500,0,0,44,456,0,343,107,50,0,0,0,500,0
h15,1486392912968073536,p1,0,1,499,0,13,223,264,0,375,65,60,0,0,0,500,0
h15,1486392912968073536,p2,0,0,500,0,0,70,430,0,393,54,53,0,0,0,500,0
h15,1486392912968073536,p3,0,0,500,0,0,38,462,0,342,102,56,0,0,0,500,0
h15,1508985444436731991,p1,0,0,500,0,18,246,236,0,367,70,63,0,0,0,500,0
h15,1508985444436731991,p2,0,0,500,0,0,87,413,0,392,72,36,0,0,0,500,0
h15,1508985444436731991,p3,0,0,500,0,0,38,462,0,397,72,31,0,0,0,500,0
h15,1516435408431676676,p1,0,0,500,0,17,277,206,0,360,89,51,0,0,0,500,0
h15,1516435408431676676,p2,0,0,500,0,0,88,412,0,385,72,43,0,0,0,500,0
h15,1516435408431676676,p3,0,0,500,0,0,40,460,0,386,77,37,0,0,0,500,0
h15,1523223968639821208,p1,0,0,500,0,10,281,209,0,365,78,57,0,0,0,500,0
h15,1523223968639821208,p2,0,0,500,0,0,87,413,0,391,76,33,0,0,0,500,0
h15,1523223968639821208,p3,0,0,500,0,0,66,434,0,352,111,37,0,0,0,500,0
h15,1531210385726406616,p1,0,0,500,0,18,281,201,0,357,82,61,0,0,0,500,0
h15,1531210385726406616,p2,0,0,500,0,0,82,418,0,312,153,35,0,0,0,500,0
h15,1531210385726406616,p3,0,0,500,0,0,35,465,0,358,105,37,0,0,0,500,0
h15,1555527553526784713,p1,0,1,499,0,13,275,212,0,352,91,57,0,0,0,500,0
h15,1555527553526784713,p2,0,0,500,0,0,100,400,0,361,100,39,0,0,0,500,0
h15,1555527553526784713,p3,0,0,500,0,0,61,439,0,253,213,34,0,0,0,500,0
h15,1558537355093080590,p1,0,0,500,0,18,256,226,0,381,73,46,0,0,0,500,0
h15,1558537355093080590,p2,0,0,500,0,0,81,419,0,297,157,46,0,0,0,500,0
h15,1558537355093080590,p3,0,0,500,0,0,43,457,0,279,181,40,0,0,0,500,0
h15,1589489178923196729,p1,0,2,498,0,13,262,225,0,378,63,59,0,0,0,500,0
h15,1589489178923196729,p2,0,0,500,0,0,107,393,0,395,75,30,0,0,0,500,0
h15,1589489178923196729,p3,0,0,500,0,0,69,431,0,378,74,48,0,0,0,500,0
h15,1609974189966844119,p1,0,2,498,0,16,276,208,0,376,72,52,0,0,0,500,0
h15,1609974189966844119,p2,0,0,500,0,0,108,392,0,360,93,47,0,0,0,500,0
h15,1609974189966844119,p3,0,0,500,0,0,61,439,0,289,161,50,0,0,0,500,0
h15,1610644618733297395,p1,0,1,499,0,18,282,200,0,365,80,55,0,0,0,500,0
h15,1610644618733297395,p2,0,0,500,0,0,82,418,0,360,103,37,0,0,0,500,0
h15,1610644618733297395,p3,0,0,500,0,0,48,452,0,356,97,47,0,0,0,500,0
h15,1612190351073058970,p1,0,0,500,0,7,261,232,0,373,44,83,0,0,0,500,0
h15,1612190351073058970,p2,0,0,500,0,0,108,392,0,368,30,102,0,0,0,500,0
h15,1612190351073058970,p3,0,0,500,0,0,62,438,0,387,32,81,0,0,0,500,0
h15,164050529313206371,p1,0,1,499,0,13,203,284,0,370,74,56,0,0,0,500,0
h15,164050529313206371,p2,0,0,500,0,0,82,418,0,376,81,43,0,0,0,500,0
h15,164050529313206371,p3,0,0,500,0,0,37,463,0,378,100,22,0,0,0,500,0
h15,1653777566008229369,p1,0,2,498,0,13,273,214,0,382,73,45,0,0,0,500,0
h15,1653777566008229369,p2,0,0,500,0,0,93,407,0,355,119,26,0,0,0,500,0
h15,1653777566008229369,p3,0,0,500,0,0,53,447,0,378,99,23,0,0,0,500,0
h15,1658764775517380519,p1,0,0,500,0,22,240,238,0,379,78,43,0,0,0,500,0
h15,1658764775517380519,p2,0,0,500,0,0,89,411,0,345,117,38,0,0,0,500,0
h15,1658764775517380519,p3,0,0,500,0,0,34,466,0,339,103,58,0,0,0,500,0
h15,1662473715046904938,p1,0,2,498,0,12,244,244,0,374,74,52,0,0,0,500,0
h15,1662473715046904938,p2,0,0,500,0,0,108,392,0,335,120,45,0,0,0,500,0
h15,1662473715046904938,p3,0,0,500,0,0,53,447,0,361,88,51,0,0,0,500,0
h15,1707609818374764111,p1,0,1,499,0,15,296,189,0,372,77,51,0,0,0,500,0
h15,1707609818374764111,p2,0,0,500,0,0,110,390,0,359,103,38,0,0,0,500,0
h15,1707609818374764111,p3,0,0,500,0,0,64,436,0,300,170,30,0,0,0,500,0
h15,1730966298066407054,p1,0,0,500,0,12,224,264,0,368,69,63,0,0,0,500,0
h15,1730966298066407054,p2,0,0,500,0,0,48,452,0,328,123,49,0,0,0,500,0
h15,1730966298066407054,p3,0,0,500,0,0,49,451,0,367,74,59,0,0,0,500,0
h15,1762696348894616063,p1,0,1,499,0,16,237,247,0,360,81,59,0,0,0,500,0
h15,1762696348894616063,p2,0,0,500,0,0,75,425,0,380,83,37,0,0,0,500,0
h15,1762696348894616063,p3,0,0,500,0,0,51,449,0,347,121,32,0,0,0,500,0
h15,1770499807517152287,p1,0,0,500,0,24,243,233,0,367,79,54,0,0,0,500,0
h15,1770499807517152287,p2,0,0,500,0,0,124,376,0,340,126,34,0,0,0,500,0
h15,1770499807517152287,p3,0,0,500,0,0,57,443,0,363,105,32,0,0,0,500,0
h15,18154657985270593,p1,0,0,500,0,12,276,212,0,364,83,53,0,0,0,500,0
h15,18154657985270593,p2,0,0,500,0,0,91,409,0,354,105,41,0,0,0,500,0
h15,18154657985270593,p3,0,0,500,0,0,59,441,0,366,104,30,0,0,0,500,0
h15,1845879855387684349,p1,0,3,497,0,18,280,202,0,371,77,52,0,0,0,500,0
h15,1845879855387684349,p2,0,0,500,0,0,104,396,0,306,157,37,0,0,0,500,0
h15,1845879855387684349,p3,0,0,500,0,0,62,438,0,332,132,36,0,0,0,500,0
h15,1859579489374597629,p1,0,0,500,0,15,245,240,0,385,72,43,0,0,0,500,0
h15,1859579489374597629,p2,0,0,500,0,0,103,397,0,355,97,48,0,0,0,500,0
h15,1859579489374597629,p3,0,0,500,0,0,47,453,0,310,150,40,0,0,0,500,0
h15,1864889392068274205,p1,0,1,499,0,18,266,216,0,363,85,52,0,0,0,500,0
h15,1864889392068274205,p2,0,0,500,0,0,122,378,0,355,97,48,0,0,0,500,0
h15,1864889392068274205,p3,0,0,500,0,0,68,432,0,366,96,38,0,0,0,500,0
h15,1896561443875116320,p1,0,0,500,0,9,237,254,0,367,73,60,0,0,0,500,0
h15,1896561443875116320,p2,0,0,500,0,0,80,420,0,348,111,41,0,0,0,500,0
h15,1896561443875116320,p3,0,0,500,0,0,29,471,0,350,116,34,0,0,0,500,0
h15,1897814404421956169,p1,0,0,500,0,11,292,197,0,373,75,52,0,0,0,500,0
h15,1897814404421956169,p2,0,0,500,0,0,164,336,0,343,121,36,0,0,0,500,0
h15,1897814404421956169,p3,0,0,500,0,0,79,421,0,304,174,22,0,0,0,500,0
h15,1898444179247719507,p1,0,5,495,0,14,296,190,0,369,70,61,0,0,0,500,0
h15,1898444179247719507,p2,0,0,500,0,0,98,402,0,342,61,97,0,0,0,500,0
h15,1898444179247719507,p3,0,0,500,0,0,48,452,0,301,161,38,0,0,0,500,0
h15,1901697893897919997,p1,0,0,500,0,15,272,213,0,378,75,47,0,0,0,500,0
h15,1901697893897919997,p2,0,0,500,0,0,84,416,0,378,91,31,0,0,0,500,0
h15,1901697893897919997,p3,0,0,500,0,0,29,471,0,338,102,60,0,0,0,500,0
h15,1902514568933884612,p1,0,1,499,0,18,298,184,0,351,87,62,0,0,0,500,0
h15,1902514568933884612,p2,0,0,500,0,0,118,382,0,405,61,34,0,0,0,500,0
h15,1902514568933884612,p3,0,0,500,0,0,39,461,0,331,132,37,0,0,0,500,0
h15,191665797317649805,p1,0,1,499,0,21,264,215,0,373,67,60,0,0,0,500,0
h15,191665797317649805,p2,0,0,500,0,0,98,402,0,382,75,43,0,0,0,500,0
h15,191665797317649805,p3,0,0,500,0,0,69,431,0,327,140,33,0,0,0,500,0
h15,1956826239648750529,p1,0,0,500,0,21,253,226,0,345,104,51,0,0,0,500,0
h15,1956826239648750529,p2,0,0,500,0,0,95,405,0,330,122,48,0,0,0,500,0
h15,1956826239648750529,p3,0,0,500,0,0,40,460,0,335,118,47,0,0,0,500,0
h15,1957119330731030759,p1,0,0,500,0,23,295,182,0,372,78,50,0,0,0,500,0
h15,1957119330731030759,p2,0,0,500,0,0,134,366,0,362,99,39,0,0,0,500,0
h15,1957119330731030759,p3,0,0,500,0,0,78,422,0,358,115,27,0,0,0,500,0
h15,1999351879598620508,p1,0,1,499,0,20,286,194,0,375,75,50,0,0,0,500,0
h15,1999351879598620508,p2,0,0,500,0,0,98,402,0,390,78,32,0,0,0,500,0
h15,1999351879598620508,p3,0,0,500,0,0,55,445,0,333,121,46,0,0,0,500,0
h15,2043309693975152457,p1,0,0,500,0,16,283,201,0,378,67,55,0,0,0,500,0
h15,2043309693975152457,p2,0,0,500,0,0,118,382,0,377,81,42,0,0,0,500,0
h15,2043309693975152457,p3,0,0,500,0,0,51,449,0,370,91,39,0,0,0,500,0
h15,2056400629550111912,p1,0,0,500,0,15,277,208,0,368,75,57,0,0,0,500,0
h15,2056400629550111912,p2,0,0,500,0,0,83,417,0,311,145,44,0,0,0,500,0
h15,2056400629550111912,p3,0,0,500,0,0,40,460,0,393,78,29,0,0,0,500,0
h15,2057952907887382132,p1,0,1,499,0,15,240,245,0,361,89,50,0,0,0,500,0
h15,2057952907887382132,p2,0,0,500,0,0,91,409,0,356,104,40,0,0,0,500,0
h15,2057952907887382132,p3,0,0,500,0,0,52,448,0,324,138,38,0,0,0,500,0
h15,2103035588959251758,p1,0,0,500,0,18,285,197,0,382,78,40,0,0,0,500,0
h15,2103035588959251758,p2,0,0,500,0,0,126,374,0,342,117,41,0,0,0,500,0
h15,2103035588959251758,p3,0,0,500,0,0,71,429,0,366,89,45,0,0,0,500,0
h15,2109526769459331835,p1,0,1,499,0,12,278,210,0,368,84,48,0,0,0,500,0
h15,2109526769459331835,p2,0,0,500,0,0,117,383,0,346,112,42,0,0,0,500,0
h15,2109526769459331835,p3,0,0,500,0,0,38,462,0,318,143,39,0,0,0,500,0
h15,2132131203015379398,p1,0,0,500,0,14,236,250,0,353,79,68,0,0,0,500,0
h15,2132131203015379398,p2,0,0,500,0,0,57,443,0,340,123,37,0,0,0,500,0
h15,2132131203015379398,p3,0,0,500,0,0,34,466,0,302,148,50,0,0,0,500,0
h15,2136003687459116938,p1,0,1,499,0,17,279,204,0,385,80,35,0,0,0,500,0
h15,2136003687459116938,p2,0,0,500,0,0,127,373,0,377,81,42,0,0,0,500,0
h15,2136003687459116938,p3,0,0,500,0,0,68,432,0,364,110,26,0,0,0,500,0
h15,2158305306238797348,p1,0,1,499,0,14,272,214,0,374,77,49,0,0,0,500,0
h15,2158305306238797348,p2,0,0,500,0,0,96,404,0,371,78,51,0,0,0,500,0
h15,2158305306238797348,p3,0,0,500,0,0,49,451,0,335,126,39,0,0,0,500,0
h15,2158503488354580440,p1,0,0,500,0,17,204,279,0,359,90,51,0,0,0,500,0
h15,2158503488354580440,p2,0,0,500,0,0,73,427,0,385,77,38,0,0,0,500,0
h15,2158503488354580440,p3,0,0,500,0,0,33,467,0,303,155,42,0,0,0,500,0
h15,2180961751565241039,p1,0,1,499,0,18,271,211,0,373,77,50,0,0,0,500,0
h15,2180961751565241039,p2,0,0,500,0,0,108,392,0,385,87,28,0,0,0,500,0
h15,2180961751565241039,p3,0,0,500,0,0,46,454,0,364,84,52,0,0,0,500,0
h15,2204329327406961453,p1,0,3,497,0,9,289,202,0,372,81,47,0,0,0,500,0
h15,2204329327406961453,p2,0,0,500,0,0,129,371,0,336,133,31,0,0,0,500,0
h15,2204329327406961453,p3,0,0,500,0,0,68,432,0,369,98,33,0,0,0,500,0
h15,2227616678155134685,p1,0,1,499,0,18,244,238,0,372,60,68,0,0,0,500,0
h15,2227616678155134685,p2,0,0,500,0,0,104,396,0,337,104,59,0,0,0,500,0
h15,2227616678155134685,p3,0,0,500,0,0,43,457,0,356,79,65,0,0,0,500,0
h15,223514040291109261,p1,0,0,500,0,13,243,244,0,370,65,65,0,0,0,500,0
h15,223514040291109261,p2,0,0,500,0,0,56,444,0,336,110,54,0,0,0,500,0
h15,223514040291109261,p3,0,0,500,0,0,36,464,0,389,62,49,0,0,0,500,0
h15,2237577355124080267,p1,0,1,499,0,8,249,243,0,380,73,47,0,0,0,500,0
h15,2237577355124080267,p2,0,0,500,0,0,81,419,0,377,86,37,0,0,0,500,0
h15,2237577355124080267,p3,0,0,500,0,0,39,461,0,277,192,31,0,0,0,500,0
h15,2254834233674698083,p1,0,0,500,0,15,235,250,0,352,97,51,0,0,0,500,0
h15,2254834233674698083,p2,0,0,500,0,0,85,415,0,338,135,27,0,0,0,500,0
h15,2254834233674698083,p3,0,0,500,0,0,35,465,0,332,134,34,0,0,0,500,0
h15,2261419164830035780,p1,0,0,500,0,10,266,224,0,374,69,57,0,0,0,500,0
h15,2261419164830035780,p2,0,0,500,0,0,92,408,0,331,119,50,0,0,0,500,0
h15,2261419164830035780,p3,0,0,500,0,0,64,436,0,370,89,41,0,0,0,500,0
h15,2281429267005270926,p1,0,0,500,0,24,261,215,0,378,69,53,0,0,0,500,0
h15,2281429267005270926,p2,0,0,500,0,0,77,423,0,354,89,57,0,0,0,500,0
h15,2281429267005270926,p3,0,0,500,0,0,35,465,0,382,74,44,0,0,0,500,0
h15,2293516233575230076,p1,0,0,500,0,23,267,210,0,374,74,52,0,0,0,500,0
h15,2293516233575230076,p2,0,0,500,0,0,96,404,0,378,73,49,0,0,0,500,0
h15,2293516233575230076,p3,0,0,500,0,0,58,442,0,341,118,41,0,0,0,500,0
h15,2314944937995375762,p1,0,1,499,0,14,290,196,0,374,81,45,0,0,0,500,0
h15,2314944937995375762,p2,0,0,500,0,0,119,381,0,330,131,39,0,0,0,500,0
h15,2314944937995375762,p3,0,0,500,0,0,66,434,0,334,136,30,0,0,0,500,0
h15,2354320943987323147,p1,0,0,500,0,17,248,235,0,361,79,60,0,0,0,500,0
h15,2354320943987323147,p2,0,0,500,0,0,104,396,0,340,127,33,0,0,0,500,0
h15,2354320943987323147,p3,0,0,500,0,0,36,464,0,384,76,40,0,0,0,500,0
h15,2399055103854170590,p1,0,0,500,0,15,276,209,0,360,93,47,0,0,0,500,0
h15,2399055103854170590,p2,0,0,500,0,0,85,415,0,284,175,41,0,0,0,500,0
h15,2399055103854170590,p3,0,0,500,0,0,59,441,0,347,111,42,0,0,0,500,0
h15,2400470676491406334,p1,0,0,500,0,12,221,267,0,377,38,85,0,0,0,500,0
h15,2400470676491406334,p2,0,0,500,0,0,82,418,0,354,45,101,0,0,0,500,0
h15,2400470676491406334,p3,0,0,500,0,0,48,452,0,372,42,86,0,0,0,500,0
h15,240661707427298528,p1,0,0,500,0,22,252,226,0,366,78,56,0,0,0,500,0
h15,240661707427298528,p2,0,0,500,0,0,78,422,0,250,203,47,0,0,0,500,0
h15,240661707427298528,p3,0,0,500,0,0,35,465,0,293,161,46,0,0,0,500,0
h15,2412133785515257474,p1,0,1,499,0,11,306,183,0,387,72,41,0,0,0,500,0
h15,2412133785515257474,p2,0,0,500,0,0,153,347,0,367,97,36,0,0,0,500,0
h15,2412133785515257474,p3,0,0,500,0,0,77,423,0,379,82,39,0,0,0,500,0
h15,2420642954329231471,p1,0,0,500,0,11,272,217,0,371,70,59,0,0,0,500,0
h15,2420642954329231471,p2,0,0,500,0,0,73,427,0,358,66,76,0,0,0,500,0
h15,2420642954329231471,p3,0,0,500,0,0,34,466,0,354,102,44,0,0,0,500,0
h15,2425543143212438382,p1,0,0,500,0,20,219,261,0,376,75,49,0,0,0,500,0
h15,2425543143212438382,p2,0,0,500,0,0,69,431,0,364,96,40,0,0,0,500,0
h15,2425543143212438382,p3,0,0,500,0,0,38,462,0,266,198,36,0,0,0,500,0
h15,2467741743173944502,p1,0,0,500,0,14,267,219,0,374,71,55,0,0,0,500,0
h15,2467741743173944502,p2,0,0,500,0,0,81,419,0,325,130,45,0,0,0,500,0
h15,2467741743173944502,p3,0,0,500,0,0,60,440,0,321,139,40,0,0,0,500,0
h15,2470706090532784367,p1,0,0,500,0,13,263,224,0,382,63,55,0,0,0,500,0
h15,2470706090532784367,p2,0,0,500,0,0,81,419,0,359,92,49,0,0,0,500,0
h15,2470706090532784367,p3,0,0,500,0,0,57,443,0,373,98,29,0,0,0,500,0
h15,2488018091933360452,p1,0,0,500,0,14,262,224,0,376,73,51,0,0,0,500,0
h15,2488018091933360452,p2,0,0,500,0,0,71,429,0,355,114,31,0,0,0,500,0
h15,2488018091933360452,p3,0,0,500,0,0,58,442,0,371,99,30,0,0,0,500,0
h15,2496128195816062636,p1,0,0,500,0,14,253,233,0,371,43,86,0,0,0,500,0
h15,2496128195816062636,p2,0,0,500,0,0,85,415,0,374,45,81,0,0,0,500,0
h15,2496128195816062636,p3,0,0,500,0,0,42,458,0,369,48,83,0,0,0,500,0
h15,2520941580330329933,p1,0,1,499,0,9,249,242,0,370,73,57,0,0,0,500,0
h15,2520941580330329933,p2,0,0,500,0,0,72,428,0,357,111,32,0,0,0,500,0
h15,2520941580330329933,p3,0,0,500,0,0,70,430,0,375,82,43,0,0,0,500,0
h15,2530876043883582924,p1,0,1,499,0,13,272,215,0,374,73,53,0,0,0,500,0
h15,2530876043883582924,p2,0,0,500,0,0,112,388,0,398,64,38,0,0,0,500,0
h15,2530876043883582924,p3,0,0,500,0,0,58,442,0,372,89,39,0,0,0,500,0
h15,2551878716700761501,p1,0,0,500,0,14,256,230,0,372,76,52,0,0,0,500,0
h15,2551878716700761501,p2,0,0,500,0,0,79,421,0,379,73,48,0,0,0,500,0
h15,2551878716700761501,p3,0,0,500,0,0,41,459,0,345,97,58,0,0,0,500,0
h15,2560645522560305138,p1,0,1,499,0,18,249,233,0,397,56,47,0,0,0,500,0
h15,2560645522560305138,p2,0,0,500,0,0,63,437,0,309,162,29,0,0,0,500,0
h15,2560645522560305138,p3,0,0,500,0,0,48,452,0,272,191,37,0,0,0,500,0
h15,2574054733575295619,p1,0,0,500,0,10,266,224,0,348,98,54,0,0,0,500,0
h15,2574054733575295619,p2,0,0,500,0,0,135,365,0,367,107,26,0,0,0,500,0
h15,2574054733575295619,p3,0,0,500,0,0,89,411,0,370,98,32,0,0,0,500,0
h15,2586231447732861277,p1,0,3,497,0,7,288,205,0,385,69,46,0,0,0,500,0
h15,2586231447732861277,p2,0,0,500,0,0,118,382,0,306,144,50,0,0,0,500,0
h15,2586231447732861277,p3,0,0,500,0,0,69,431,0,324,151,25,0,0,0,500,0
h15,2604263052401038050,p1,0,1,499,0,18,281,201,0,387,66,47,0,0,0,500,0
h15,2604263052401038050,p2,0,0,500,0,0,87,413,0,348,116,36,0,0,0,500,0
h15,2604263052401038050,p3,0,0,500,0,0,50,450,0,322,136,42,0,0,0,500,0
h15,2638201774638269924,p1,0,0,500,0,16,251,233,0,378,64,58,0,0,0,500,0
h15,2638201774638269924,p2,0,0,500,0,0,95,405,0,373,100,27,0,0,0,500,0
h15,2638201774638269924,p3,0,0,500,0,0,44,456,0,349,117,34,0,0,0,500,0
h15,2643904249112940996,p1,0,1,499,0,17,251,232,0,374,51,75,0,0,0,500,0
h15,2643904249112940996,p2,0,0,500,0,0,72,428,0,378,54,68,0,0,0,500,0
h15,2643904249112940996,p3,0,0,500,0,0,51,449,0,283,124,93,0,0,0,500,0
h15,2651604928972249132,p1,0,1,499,0,21,232,247,0,380,63,57,0,0,0,500,0
h15,2651604928972249132,p2,0,0,500,0,0,90,410,0,337,126,37,0,0,0,500,0
h15,2651604928972249132,p3,0,0,500,0,0,54,446,0,378,85,37,0,0,0,500,0
h15,2658321031695449187,p1,0,0,500,0,14,265,221,0,371,81,48,0,0,0,500,0
h15,2658321031695449187,p2,0,0,500,0,0,104,396,0,349,109,42,0,0,0,500,0
h15,2658321031695449187,p3,0,0,500,0,0,41,459,0,376,82,42,0,0,0,500,0
h15,2658422720204589086,p1,0,1,499,0,12,242,246,0,371,43,86,0,0,0,500,0
h15,2658422720204589086,p2,0,0,500,0,0,60,440,0,393,42,65,0,0,0,500,0
h15,2658422720204589086,p3,0,0,500,0,0,43,457,0,354,41,105,0,0,0,500,0
h15,2671709687059240233,p1,0,0,500,0,18,265,217,0,360,84,56,0,0,0,500,0
h15,2671709687059240233,p2,0,0,500,0,0,98,402,0,347,114,39,0,0,0,500,0
h15,2671709687059240233,p3,0,0,500,0,0,44,456,0,350,119,31,0,0,0,500,0
h15,2695667693965801473,p1,0,0,500,0,13,260,227,0,369,82,49,0,0,0,500,0
h15,2695667693965801473,p2,0,0,500,0,0,109,391,0,398,67,35,0,0,0,500,0
h15,2695667693965801473,p3,0,0,500,0,0,45,455,0,400,70,30,0,0,0,500,0
h15,2711325550101517780,p1,0,0,500,0,13,264,223,0,372,80,48,0,0,0,500,0
h15,2711325550101517780,p2,0,0,500,0,0,86,414,0,336,115,49,0,0,0,500,0
h15,2711325550101517780,p3,0,0,500,0,0,47,453,0,361,94,45,0,0,0,500,0
h15,2712007108831705026,p1,0,1,499,0,14,285,201,0,384,77,39,0,0,0,500,0
h15,2712007108831705026,p2,0,0,500,0,0,82,418,0,326,128,46,0,0,0,500,0
h15,2712007108831705026,p3,0,0,500,0,0,67,433,0,361,99,40,0,0,0,500,0
h15,2720881111027535770,p1,0,0,500,0,21,228,251,0,367,72,61,0,0,0,500,0
h15,2720881111027535770,p2,0,0,500,0,0,52,448,0,318,135,47,0,0,0,500,0
h15,2720881111027535770,p3,0,0,500,0,0,43,457,0,377,81,42,0,0,0,500,0
h15,2734882890488091491,p1,0,2,498,0,20,261,219,0,371,73,56,0,0,0,500,0
h15,2734882890488091491,p2,0,0,500,0,0,99,401,0,358,101,41,0,0,0,500,0
h15,2734882890488091491,p3,0,0,500,0,0,44,456,0,334,139,27,0,0,0,500,0
h15,274105608504939076,p1,0,0,500,0,12,251,237,0,380,72,48,0,0,0,500,0
h15,274105608504939076,p2,0,0,500,0,0,104,396,0,388,76,36,0,0,0,500,0
h15,274105608504939076,p3,0,0,500,0,0,77,423,0,308,164,28,0,0,0,500,0
h15,2758679588510609392,p1,0,0,500,0,16,250,234,0,366,84,50,0,0,0,500,0
h15,2758679588510609392,p2,0,0,500,0,0,78,422,0,389,72,39,0,0,0,500,0
h15,2758679588510609392,p3,0,0,500,0,0,35,465,0,392,69,39,0,0,0,500,0
h15,2776627699360820792,p1,0,0,500,0,13,252,235,0,365,75,60,0,0,0,500,0
h15,2776627699360820792,p2,0,0,500,0,0,82,418,0,335,131,34,0,0,0,500,0
h15,2776627699360820792,p3,0,0,500,0,0,37,463,0,333,133,34,0,0,0,500,0
h15,2781101503616177205,p1,0,0,500,0,12,267,221,0,356,83,61,0,0,0,500,0
h15,2781101503616177205,p2,0,0,500,0,0,68,432,0,294,163,43,0,0,0,500,0
h15,2781101503616177205,p3,0,0,500,0,0,64,436,0,351,104,45,0,0,0,500,0
h15,2800136311388728557,p1,0,1,499,0,13,298,189,0,373,55,72,0,0,0,500,0
h15,2800136311388728557,p2,0,0,500,0,0,93,407,0,389,78,33,0,0,0,500,0
h15,2800136311388728557,p3,0,0,500,0,0,44,456,0,385,87,28,0,0,0,500,0
h15,2804196409984269811,p1,1,0,499,0,19,252,229,0,357,83,60,0,0,1,499,0
h15,2804196409984269811,p2,0,0,500,0,0,95,405,0,306,148,46,0,0,0,500,0
h15,2804196409984269811,p3,0,0,500,0,0,64,436,0,328,131,41,0,0,0,500,0
h15,2811473585925759492,p1,0,0,500,0,13,281,206,0,354,100,46,0,0,0,500,0
h15,2811473585925759492,p2,0,0,500,0,0,111,389,0,365,101,34,0,0,0,500,0
h15,2811473585925759492,p3,0,0,500,0,0,77,423,0,378,97,25,0,0,0,500,0
h15,2812090298604040356,p1,0,0,500,0,13,269,218,0,356,92,52,0,0,0,500,0
h15,2812090298604040356,p2,0,0,500,0,0,122,378,0,348,109,43,0,0,0,500,0
h15,2812090298604040356,p3,0,0,500,0,0,67,433,0,341,133,26,0,0,0,500,0
h15,2817534442773565608,p1,0,1,499,0,10,313,177,0,377,73,50,0,0,0,500,0
h15,2817534442773565608,p2,0,0,500,0,1,105,394,0,308,112,80,0,0,0,500,0
h15,2817534442773565608,p3,0,0,500,0,0,55,445,0,300,127,73,0,0,0,500,0
h15,2822224736973749304,p1,0,0,500,0,18,256,226,0,392,59,49,0,0,0,500,0
h15,2822224736973749304,p2,0,0,500,0,0,58,442,0,362,87,51,0,0,0,500,0
h15,2822224736973749304,p3,0,0,500,0,0,55,445,0,373,94,33,0,0,0,500,0
h15,2828590215704198699,p1,0,3,497,0,11,288,201,0,364,76,60,0,0,0,500,0
h15,2828590215704198699,p2,0,0,500,0,0,113,387,0,365,99,36,0,0,0,500,0
h15,2828590215704198699,p3,0,0,500,0,0,51,449,0,331,130,39,0,0,0,500,0
h15,2847205522958870302,p1,0,1,499,0,10,231,259,0,374,62,64,0,0,0,500,0
h15,2847205522958870302,p2,0,0,500,0,0,70,430,0,339,131,30,0,0,0,500,0
h15,2847205522958870302,p3,0,0,500,0,0,47,453,0,277,193,30,0,0,0,500,0
h15,2863108921777469219,p1,0,1,499,0,16,291,193,0,358,76,66,0,0,0,500,0
h15,2863108921777469219,p2,0,0,500,0,0,126,374,0,316,68,116,0,0,0,500,0
h15,2863108921777469219,p3,0,0,500,0,0,46,454,0,313,122,65,0,0,0,500,0
h15,2893599208837345034,p1,0,1,499,0,15,278,207,0,377,65,58,0,0,0,500,0
h15,2893599208837345034,p2,0,0,500,0,0,94,406,0,389,81,30,0,0,0,500,0
h15,2893599208837345034,p3,0,0,500,0,0,57,443,0,365,114,21,0,0,0,500,0
h15,2902195844645575108,p1,0,0,500,0,16,270,214,0,364,79,57,0,0,0,500,0
h15,2902195844645575108,p2,0,0,500,0,0,106,394,0,386,83,31,0,0,0,500,0
h15,2902195844645575108,p3,0,0,500,0,0,86,414,0,364,101,35,0,0,0,500,0
h15,290686619090390620,p1,0,1,499,0,14,274,212,0,366,73,61,0,0,0,500,0
h15,290686619090390620,p2,0,0,500,0,0,82,418,0,388,80,32,0,0,0,500,0
h15,290686619090390620,p3,0,0,500,0,0,41,459,0,380,76,44,0,0,0,500,0
h15,2908185655741705158,p1,0,0,500,0,16,227,257,0,380,40,80,0,0,0,500,0
h15,2908185655741705158,p2,0,0,500,0,0,63,437,0,391,37,72,0,0,0,500,0
h15,2908185655741705158,p3,0,0,500,0,0,32,468,0,336,45,119,0,0,0,500,0
h15,2928617076118517724,p1,0,3,497,0,21,292,187,0,373,78,49,0,0,0,500,0
h15,2928617076118517724,p2,0,0,500,0,0,100,400,0,365,93,42,0,0,0,500,0
h15,2928617076118517724,p3,0,0,500,0,0,53,447,0,367,90,43,0,0,0,500,0
h15,2960987145517736456,p1,0,0,500,0,22,250,228,0,370,65,65,0,0,0,500,0
h15,2960987145517736456,p2,0,0,500,0,0,83,417,0,371,94,35,0,0,0,500,0
h15,2960987145517736456,p3,0,0,500,0,0,32,468,0,331,106,63,0,0,0,500,0
h15,2964755776393380304,p1,0,1,499,0,22,275,203,0,363,90,47,0,0,0,500,0
h15,2964755776393380304,p2,0,0,500,0,0,112,388,0,364,96,40,0,0,0,500,0
h15,2964755776393380304,p3,0,0,500,0,0,59,441,0,359,122,19,0,0,0,500,0
h15,2964850906719704677,p1,0,0,500,0,17,302,181,0,384,73,43,0,0,0,500,0
h15,2964850906719704677,p2,0,0,500,0,0,121,379,0,377,92,31,0,0,0,500,0
h15,2964850906719704677,p3,0,0,500,0,0,55,445,0,309,156,35,0,0,0,500,0
h15,3016438816056710144,p1,0,0,500,0,11,241,248,0,360,81,59,0,0,0,500,0
h15,3016438816056710144,p2,0,0,500,0,0,64,436,0,349,109,42,0,0,0,500,0
h15,3016438816056710144,p3,0,0,500,0,0,28,472,0,369,87,44,0,0,0,500,0
h15,3035241902047202635,p1,0,0,500,0,17,224,259,0,361,82,57,0,0,0,500,0
h15,3035241902047202635,p2,0,0,500,0,0,71,429,0,382,91,27,0,0,0,500,0
h15,3035241902047202635,p3,0,0,500,0,0,39,461,0,351,113,36,0,0,0,500,0
h15,3043293454152467714,p1,0,1,499,0,11,287,202,0,372,73,55,0,0,0,500,0
h15,3043293454152467714,p2,0,0,500,0,0,104,396,0,367,110,23,0,0,0,500,0
h15,3043293454152467714,p3,0,0,500,0,0,62,438,0,274,188,38,0,0,0,500,0
h15,3078297941584403420,p1,0,0,500,0,15,259,226,0,372,78,50,0,0,0,500,0
h15,3078297941584403420,p2,0,0,500,0,0,73,427,0,362,99,39,0,0,0,500,0
h15,3078297941584403420,p3,0,0,500,0,0,41,459,0,344,121,35,0,0,0,500,0
h15,3090648770512903875,p1,0,0,500,0,17,293,190,0,363,85,52,0,0,0,500,0
h15,3090648770512903875,p2,0,0,500,0,0,122,378,0,354,116,30,0,0,0,500,0
h15,3090648770512903875,p3,0,0,500,0,0,50,450,0,371,92,37,0,0,0,500,0
h15,3099974262583652182,p1,0,1,499,0,14,258,228,0,388,60,52,0,0,0,500,0
h15,3099974262583652182,p2,0,0,500,0,0,88,412,0,319,128,53,0,0,0,500,0
h15,3099974262583652182,p3,0,0,500,0,0,49,451,0,389,61,50,0,0,0,500,0
h15,310724024484865085,p1,0,0,500,0,17,247,236,0,347,57,96,0,0,0,500,0
h15,310724024484865085,p2,0,0,500,0,0,95,405,0,365,31,104,0,0,0,500,0
h15,310724024484865085,p3,0,0,500,0,0,59,441,0,359,36,105,0,0,0,500,0
h15,3130738727347636717,p1,0,0,500,0,14,211,275,0,376,35,89,0,0,0,500,0
h15,3130738727347636717,p2,0,0,500,0,0,65,435,0,315,26,159,0,0,0,500,0
h15,3130738727347636717,p3,0,0,500,0,0,30,470,0,375,25,100,0,0,0,500,0
h15,3163037160838944437,p1,0,0,500,0,22,234,244,0,371,58,71,0,0,0,500,0
h15,3163037160838944437,p2,0,0,500,0,0,67,433,0,368,86,46,0,0,0,500,0
h15,3163037160838944437,p3,0,0,500,0,0,46,454,0,337,114,49,0,0,0,500,0
h15,3184397707861920724,p1,0,1,499,0,9,241,250,0,372,79,49,0,0,0,500,0
h15,3184397707861920724,p2,0,0,500,0,0,65,435,0,385,71,44,0,0,0,500,0
h15,3184397707861920724,p3,0,0,500,0,0,31,469,0,359,96,45,0,0,0,500,0
h15,3185558667242114064,p1,0,2,498,0,14,276,210,0,366,72,62,0,0,0,500,0
h15,3185558667242114064,p2,0,0,500,0,0,113,387,0,354,107,39,0,0,0,500,0
h15,3185558667242114064,p3,0,0,500,0,0,50,450,0,361,105,34,0,0,0,500,0
h15,3185828032393094515,p1,0,2,498,0,18,278,204,0,366,74,60,0,0,0,500,0
h15,3185828032393094515,p2,0,0,500,0,0,121,379,0,374,93,33,0,0,0,500,0
h15,3185828032393094515,p3,0,0,500,0,0,35,465,0,365,80,55,0,0,0,500,0
h15,3210465511460890309,p1,0,0,500,0,26,270,204,0,379,73,48,0,0,0,500,0
h15,3210465511460890309,p2,0,0,500,0,0,78,422,0,345,117,38,0,0,0,500,0
h15,3210465511460890309,p3,0,0,500,0,0,46,454,0,319,139,42,0,0,0,500,0
h15,3210593662589872418,p1,0,1,499,0,17,255,228,0,376,73,51,0,0,0,500,0
h15,3210593662589872418,p2,0,0,500,0,0,118,382,0,343,109,48,0,0,0,500,0
h15,3210593662589872418,p3,0,0,500,0,0,67,433,0,341,120,39,0,0,0,500,0
h15,3229084381084250086,p1,0,0,500,0,13,203,284,0,337,90,73,0,0,0,500,0
h15,3229084381084250086,p2,0,0,500,0,0,66,434,0,380,65,55,0,0,0,500,0
h15,3229084381084250086,p3,0,0,500,0,0,19,481,0,359,80,61,0,0,0,500,0
h15,3269154127785763226,p1,0,0,500,0,17,250,233,0,380,67,53,0,0,0,500,0
h15,3269154127785763226,p2,0,0,500,0,0,102,398,0,387,85,28,0,0,0,500,0
h15,3269154127785763226,p3,0,0,500,0,0,66,434,0,364,105,31,0,0,0,500,0
h15,3273519525761798471,p1,0,0,500,0,16,283,201,0,366,79,55,0,0,0,500,0
h15,3273519525761798471,p2,0,0,500,0,2,114,384,0,393,74,33,0,0,0,500,0
h15,3273519525761798471,p3,0,0,500,0,0,48,452,0,289,167,44,0,0,0,500,0
h15,327374201998611945,p1,0,0,500,0,13,217,270,0,378,62,60,0,0,0,500,0
h15,327374201998611945,p2,0,0,500,0,0,56,444,0,362,87,51,0,0,0,500,0
h15,327374201998611945,p3,0,0,500,0,0,25,475,0,330,106,64,0,0,0,500,0
h15,3287578407771284395,p1,0,1,499,0,21,286,193,0,352,103,45,0,0,0,500,0
h15,3287578407771284395,p2,0,0,500,0,0,112,388,0,335,132,33,0,0,0,500,0
h15,3287578407771284395,p3,0,0,500,0,0,46,454,0,387,85,28,0,0,0,500,0
h15,3307057665339367362,p1,0,2,498,0,17,285,198,0,391,63,46,0,0,0,500,0
h15,3307057665339367362,p2,0,0,500,0,0,112,388,0,347,122,31,0,0,0,500,0
h15,3307057665339367362,p3,0,0,500,0,0,115,385,0,377,81,42,0,0,0,500,0
h15,3312670969703424243,p1,0,1,499,0,10,237,253,0,345,101,54,0,0,0,500,0
h15,3312670969703424243,p2,0,0,500,0,0,81,419,0,370,86,44,0,0,0,500,0
h15,3312670969703424243,p3,0,0,500,0,0,53,447,0,345,108,47,0,0,0,500,0
h15,3340500241406418966,p1,0,0,500,0,10,269,221,0,367,81,52,0,0,0,500,0
h15,3340500241406418966,p2,0,0,500,0,0,104,396,0,362,109,29,0,0,0,500,0
h15,3340500241406418966,p3,0,0,500,0,0,34,466,0,387,85,28,0,0,0,500,0
h15,3366207165799477625,p1,0,0,500,0,13,218,269,0,395,55,50,0,0,0,500,0
h15,3366207165799477625,p2,0,0,500,0,0,108,392,0,380,75,45,0,0,0,500,0
h15,3366207165799477625,p3,0,0,500,0,0,66,434,0,350,105,45,0,0,0,500,0
h15,3390192299247848860,p1,0,1,499,0,13,293,194,0,371,83,46,0,0,0,500,0
h15,3390192299247848860,p2,0,0,500,0,0,105,395,0,339,114,47,0,0,0,500,0
h15,3390192299247848860,p3,0,0,500,0,0,77,423,0,328,131,41,0,0,0,500,0
h15,3390259435413110861,p1,0,0,500,0,12,273,215,0,383,59,58,0,0,0,500,0
h15,3390259435413110861,p2,0,0,500,0,0,83,417,0,366,97,37,0,0,0,500,0
h15,3390259435413110861,p3,0,0,500,0,0,40,460,0,328,136,36,0,0,0,500,0
h15,3393781634093874376,p1,0,0,500,0,21,311,168,0,368,85,47,0,0,0,500,0
h15,3393781634093874376,p2,0,0,500,0,0,98,402,0,343,106,51,0,0,0,500,0
h15,3393781634093874376,p3,0,0,500,0,1,87,412,0,237,232,31,0,0,0,500,0
h15,3417960183250057610,p1,0,0,500,0,24,256,220,0,375,69,56,0,0,0,500,0
h15,3417960183250057610,p2,0,0,500,0,0,78,422,0,358,91,51,0,0,0,500,0
h15,3417960183250057610,p3,0,0,500,0,0,50,450,0,359,96,45,0,0,0,500,0
h15,3435960736692290857,p1,0,2,498,0,15,270,215,0,373,76,51,0,0,0,500,0
h15,3435960736692290857,p2,0,0,500,0,0,83,417,0,379,76,45,0,0,0,500,0
h15,3435960736692290857,p3,0,0,500,0,0,53,447,0,355,101,44,0,0,0,500,0
h15,3455365682701319468,p1,0,1,499,0,19,244,237,0,379,79,42,0,0,0,500,0
h15,3455365682701319468,p2,0,0,500,0,0,103,397,0,380,79,41,0,0,0,500,0
h15,3455365682701319468,p3,0,0,500,0,0,56,444,0,371,102,27,0,0,0,500,0
h15,345893178432323072,p1,0,1,499,0,23,240,237,0,383,69,48,0,0,0,500,0
h15,345893178432323072,p2,0,0,500,0,0,80,420,0,374,86,40,0,0,0,500,0
h15,345893178432323072,p3,0,0,500,0,0,49,451,0,368,88,44,0,0,0,500,0
h15,3477192275022389711,p1,0,0,500,0,5,283,212,0,367,82,51,0,0,0,500,0
h15,3477192275022389711,p2,0,0,500,0,0,121,379,0,385,83,32,0,0,0,500,0
h15,3477192275022389711,p3,0,0,500,0,0,70,430,0,288,184,28,0,0,0,500,0
h15,3479175608016784041,p1,0,0,500,0,8,260,232,0,368,82,50,0,0,0,500,0
h15,3479175608016784041,p2,0,0,500,0,0,75,425,0,365,83,52,0,0,0,500,0
h15,3479175608016784041,p3,0,0,500,0,0,35,465,0,397,73,30,0,0,0,500,0
h15,348132335556126410,p1,0,0,500,0,16,248,236,0,360,83,57,0,0,0,500,0
h15,348132335556126410,p2,0,0,500,0,0,87,413,0,365,92,43,0,0,0,500,0
h15,348132335556126410,p3,0,0,500,0,0,39,461,0,311,150,39,0,0,0,500,0
h15,3483790858614949299,p1,0,0,500,0,9,232,259,0,364,58,78,0,0,0,500,0
h15,3483790858614949299,p2,0,0,500,0,0,91,409,0,343,39,118,0,0,0,500,0
h15,3483790858614949299,p3,0,0,500,0,0,29,471,0,355,56,89,0,0,0,500,0
h15,348508022849407605,p1,0,2,498,0,10,304,186,0,353,89,58,0,0,0,500,0
h15,348508022849407605,p2,0,0,500,0,0,123,377,0,362,99,39,0,0,0,500,0
h15,348508022849407605,p3,0,0,500,0,0,76,424,0,356,107,37,0,0,0,500,0
h15,3497185378182906998,p1,0,0,500,0,16,242,242,0,372,51,77,0,0,0,500,0
h15,3497185378182906998,p2,0,0,500,0,0,76,424,0,374,52,74,0,0,0,500,0
h15,3497185378182906998,p3,0,0,500,0,0,49,451,0,374,59,67,0,0,0,500,0
h15,3555433514481028389,p1,0,0,500,0,22,251,227,0,380,66,54,0,0,0,500,0
h15,3555433514481028389,p2,0,0,500,0,0,112,388,0,331,114,55,0,0,0,500,0
h15,3555433514481028389,p3,0,0,500,0,0,53,447,0,318,111,71,0,0,0,500,0
h15,3564625325912848432,p1,0,1,499,0,14,286,200,0,372,75,53,0,0,0,500,0
h15,3564625325912848432,p2,0,0,500,0,0,125,375,0,356,102,42,0,0,0,500,0
h15,3564625325912848432,p3,0,0,500,0,0,53,447,0,363,100,37,0,0,0,500,0
h15,358318172360876650,p1,0,0,500,0,17,276,207,0,353,99,48,0,0,0,500,0
h15,358318172360876650,p2,0,0,500,0,0,105,395,0,372,100,28,0,0,0,500,0
h15,358318172360876650,p3,0,0,500,0,0,62,438,0,379,80,41,0,0,0,500,0
h15,3598883743904255961,p1,0,7,493,0,15,319,166,0,358,104,38,0,0,0,500,0
h15,3598883743904255961,p2,0,0,500,0,0,141,359,0,388,82,30,0,0,0,500,0
h15,3598883743904255961,p3,0,0,500,0,0,58,442,0,360,114,26,0,0,0,500,0
h15,3603715605818049841,p1,0,0,500,0,17,259,224,0,371,59,70,0,0,0,500,0
h15,3603715605818049841,p2,0,0,500,0,0,84,416,0,374,54,72,0,0,0,500,0
h15,3603715605818049841,p3,0,0,500,0,0,47,453,0,357,70,73,0,0,0,500,0
h15,3607480588533803111,p1,0,2,498,0,18,277,205,0,370,70,60,0,0,0,500,0
h15,3607480588533803111,p2,0,0,500,0,0,80,420,0,350,113,37,0,0,0,500,0
h15,3607480588533803111,p3,0,0,500,0,0,34,466,0,327,81,92,0,0,0,500,0
h15,3617997975680925724,p1,0,0,500,0,14,239,247,0,357,77,66,0,0,0,500,0
h15,3617997975680925724,p2,0,0,500,0,0,65,435,0,359,97,44,0,0,0,500,0
h15,3617997975680925724,p3,0,0,500,0,0,33,467,0,330,139,31,0,0,0,500,0
h15,3639317139526480027,p1,0,0,500,0,14,251,235,0,363,67,70,0,0,0,500,0
h15,3639317139526480027,p2,0,0,500,0,0,101,399,0,405,59,36,0,0,0,500,0
h15,3639317139526480027,p3,0,0,500,0,0,47,453,0,345,114,41,0,0,0,500,0
h15,3665484960265591111,p1,0,0,500,0,14,245,241,0,373,71,56,0,0,0,500,0
h15,3665484960265591111,p2,0,0,500,0,0,92,408,0,379,90,31,0,0,0,500,0
h15,3665484960265591111,p3,0,0,500,0,0,40,460,0,365,71,64,0,0,0,500,0
h15,3674990435318027120,p1,0,0,500,0,19,227,254,0,367,70,63,0,0,0,500,0
h15,3674990435318027120,p2,0,0,500,0,0,73,427,0,377,80,43,0,0,0,500,0
h15,3674990435318027120,p3,0,0,500,0,0,32,468,0,312,137,51,0,0,0,500,0
h15,3682555276413059268,p1,0,1,499,0,14,238,248,0,394,66,40,0,0,0,500,0
h15,3682555276413059268,p2,0,0,500,0,0,70,430,0,375,85,40,0,0,0,500,0
h15,3682555276413059268,p3,0,0,500,0,0,36,464,0,378,91,31,0,0,0,500,0
h15,3710035758932078803,p1,0,0,500,0,14,244,242,0,372,72,56,0,0,0,500,0
h15,3710035758932078803,p2,0,0,500,0,0,60,440,0,374,75,51,0,0,0,500,0
h15,3710035758932078803,p3,0,0,500,0,0,33,467,0,356,111,33,0,0,0,500,0
h15,3715864596017978579,p1,0,1,499,0,15,220,265,0,365,82,53,0,0,0,500,0
h15,3715864596017978579,p2,0,0,500,0,0,90,410,0,355,106,39,0,0,0,500,0
h15,3715864596017978579,p3,0,0,500,0,0,60,440,0,352,102,46,0,0,0,500,0
h15,3718566910888851816,p1,0,0,500,0,13,215,272,0,393,49,58,0,0,0,500,0
h15,3718566910888851816,p2,0,0,500,0,0,87,413,0,370,96,34,0,0,0,500,0
h15,3718566910888851816,p3,0,0,500,0,0,31,469,0,337,129,34,0,0,0,500,0
h15,3741387974114566182,p1,0,0,500,0,10,247,243,0,376,76,48,0,0,0,500,0
h15,3741387974114566182,p2,0,0,500,0,0,86,414,0,339,112,49,0,0,0,500,0
h15,3741387974114566182,p3,0,0,500,0,0,50,450,0,327,136,37,0,0,0,500,0
h15,374341739460041193,p1,0,0,500,0,9,261,230,0,387,67,46,0,0,0,500,0
h15,374341739460041193,p2,0,0,500,0,0,124,376,0,283,186,31,0,0,0,500,0
h15,374341739460041193,p3,0,0,500,0,0,50,450,0,338,126,36,0,0,0,500,0
h15,3799441521496706780,p1,0,0,500,0,11,259,230,0,371,44,85,0,0,0,500,0
h15,3799441521496706780,p2,0,0,500,0,1,72,427,0,320,35,145,0,0,0,500,0
h15,3799441521496706780,p3,0,0,500,0,0,42,458,0,382,43,75,0,0,0,500,0
h15,3825117683840938324,p1,0,0,500,0,12,246,242,0,390,61,49,0,0,0,500,0
h15,3825117683840938324,p2,0,0,500,0,1,102,397,0,352,109,39,0,0,0,500,0
h15,3825117683840938324,p3,0,0,500,0,0,45,455,0,388,90,22,0,0,0,500,0
h15,387848202620494590,p1,0,0,500,0,12,293,195,0,361,88,51,0,0,0,500,0
h15,387848202620494590,p2,0,0,500,0,0,108,392,0,382,84,34,0,0,0,500,0
h15,387848202620494590,p3,0,0,500,0,0,69,431,0,400,81,19,0,0,0,500,0
h15,3887498762517043565,p1,0,0,500,0,12,280,208,0,355,77,68,0,0,0,500,0
h15,3887498762517043565,p2,0,0,500,0,0,67,433,0,384,49,67,0,0,0,500,0
h15,3887498762517043565,p3,0,0,500,0,0,48,452,0,315,124,61,0,0,0,500,0
h15,3889270355882478351,p1,0,0,500,0,14,267,219,0,359,75,66,0,0,0,500,0
h15,3889270355882478351,p2,0,0,500,0,0,77,423,0,399,63,38,0,0,0,500,0
h15,3889270355882478351,p3,0,0,500,0,0,42,458,0,336,125,39,0,0,0,500,0
h15,3905365602039565782,p1,0,0,500,0,18,237,245,0,364,74,62,0,0,0,500,0
h15,3905365602039565782,p2,0,0,500,0,0,79,421,0,322,136,42,0,0,0,500,0
h15,3905365602039565782,p3,0,0,500,0,0,43,457,0,305,152,43,0,0,0,500,0
h15,3909014931439800737,p1,0,0,500,0,16,287,197,0,368,80,52,0,0,0,500,0
h15,3909014931439800737,p2,0,0,500,0,0,123,377,0,370,90,40,0,0,0,500,0
h15,3909014931439800737,p3,0,0,500,0,0,51,449,0,331,117,52,0,0,0,500,0
h15,3915162678557792845,p1,0,1,499,0,17,244,239,0,375,79,46,0,0,0,500,0
h15,3915162678557792845,p2,0,0,500,0,0,81,419,0,386,75,39,0,0,0,500,0
h15,3915162678557792845,p3,0,0,500,0,0,61,439,0,366,91,43,0,0,0,500,0
h15,3961017489476298705,p1,0,0,500,0,25,251,224,0,356,92,52,0,0,0,500,0
h15,3961017489476298705,p2,0,0,500,0,0,55,445,0,374,96,30,0,0,0,500,0
h15,3961017489476298705,p3,0,0,500,0,0,22,478,0,389,82,29,0,0,0,500,0
h15,3985496918899514882,p1,0,2,498,0,18,271,211,0,369,84,47,0,0,0,500,0
h15,3985496918899514882,p2,0,0,500,0,0,89,411,0,352,112,36,0,0,0,500,0
h15,3985496918899514882,p3,0,0,500,0,0,34,466,0,383,99,18,0,0,0,500,0
h15,3989796893888869225,p1,0,0,500,0,14,257,229,0,374,68,58,0,0,0,500,0
h15,3989796893888869225,p2,0,0,500,0,0,70,430,0,375,84,41,0,0,0,500,0
h15,3989796893888869225,p3,0,0,500,0,0,34,466,0,381,72,47,0,0,0,500,0
h15,3994395070099107250,p1,0,2,498,0,14,292,194,0,383,67,50,0,0,0,500,0
h15,3994395070099107250,p2,0,0,500,0,0,83,417,0,381,80,39,0,0,0,500,0
h15,3994395070099107250,p3,0,0,500,0,0,67,433,0,337,119,44,0,0,0,500,0
h15,4017285158859759849,p1,0,0,500,0,9,273,218,0,365,89,46,0,0,0,500,0
h15,4017285158859759849,p2,0,0,500,0,0,98,402,0,388,75,37,0,0,0,500,0
h15,4017285158859759849,p3,0,0,500,0,0,37,463,0,363,96,41,0,0,0,500,0
h15,403026997107177644,p1,0,1,499,0,13,241,246,0,358,60,82,0,0,0,500,0
h15,403026997107177644,p2,0,0,500,0,0,97,403,0,293,81,126,0,0,0,500,0
h15,403026997107177644,p3,0,0,500,0,0,50,450,0,392,73,35,0,0,0,500,0
h15,4038605454746611525,p1,0,0,500,0,16,231,253,0,391,55,54,0,0,0,500,0
h15,4038605454746611525,p2,0,0,500,0,0,83,417,0,362,94,44,0,0,0,500,0
h15,4038605454746611525,p3,0,0,500,0,0,26,474,0,383,69,48,0,0,0,500,0
h15,4065064481587879330,p1,0,1,499,0,11,279,210,0,376,75,49,0,0,0,500,0
h15,4065064481587879330,p2,0,0,500,0,0,87,413,0,371,84,45,0,0,0,500,0
h15,4065064481587879330,p3,0,0,500,0,0,38,462,0,339,101,60,0,0,0,500,0
h15,4067412433568897486,p1,0,1,499,0,13,305,182,0,356,65,79,0,0,0,500,0
h15,4067412433568897486,p2,0,0,500,0,0,135,365,0,339,41,120,0,0,0,500,0
h15,4067412433568897486,p3,0,0,500,0,0,90,410,0,374,50,76,0,0,0,500,0
h15,4072432245089798522,p1,0,0,500,0,17,256,227,0,392,63,45,0,0,0,500,0
h15,4072432245089798522,p2,0,0,500,0,0,82,418,0,340,115,45,0,0,0,500,0
h15,4072432245089798522,p3,0,0,500,0,0,53,447,0,375,85,40,0,0,0,500,0
h15,4079110917361667179,p1,0,0,500,0,17,282,201,0,387,69,44,0,0,0,500,0
h15,4079110917361667179,p2,0,0,500,0,0,133,367,0,363,111,26,0,0,0,500,0
h15,4079110917361667179,p3,0,0,500,0,0,67,433,0,340,130,30,0,0,0,500,0
h15,4081238640812042457,p1,0,1,499,0,13,286,201,0,379,73,48,0,0,0,500,0
h15,4081238640812042457,p2,0,0,500,0,0,138,362,0,378,92,30,0,0,0,500,0
h15,4081238640812042457,p3,0,0,500,0,0,54,446,0,366,100,34,0,0,0,500,0
h15,4105815292178215559,p1,0,0,500,0,18,263,219,0,361,81,58,0,0,0,500,0
h15,4105815292178215559,p2,0,0,500,0,0,91,409,0,307,164,29,0,0,0,500,0
h15,4105815292178215559,p3,0,0,500,0,0,47,453,0,334,118,48,0,0,0,500,0
h15,4112870112723342491,p1,0,0,500,0,7,284,209,0,375,75,50,0,0,0,500,0
h15,4112870112723342491,p2,0,0,500,0,0,104,396,0,323,124,53,0,0,0,500,0
h15,4112870112723342491,p3,0,0,500,0,0,50,450,0,380,72,48,0,0,0,500,0
h15,4121658126136949362,p1,0,0,500,0,15,260,225,0,375,44,81,0,0,0,500,0
h15,4121658126136949362,p2,0,0,500,0,0,92,408,0,375,44,81,0,0,0,500,0
h15,4121658126136949362,p3,0,0,500,0,0,48,452,0,381,21,98,0,0,0,500,0
h15,4124974975694375625,p1,0,0,500,0,14,284,202,0,372,85,43,0,0,0,500,0
h15,4124974975694375625,p2,0,0,500,0,0,105,395,0,359,110,31,0,0,0,500,0
h15,4124974975694375625,p3,0,0,500,0,0,56,444,0,380,88,32,0,0,0,500,0
h15,4160002603981038967,p1,0,0,500,0,13,260,227,0,372,76,52,0,0,0,500,0
h15,4160002603981038967,p2,0,0,500,0,0,79,421,0,332,127,41,0,0,0,500,0
h15,4160002603981038967,p3,0,0,500,0,0,37,463,0,341,126,33,0,0,0,500,0
h15,4190548352594269785,p1,0,1,499,0,14,258,228,0,389,62,49,0,0,0,500,0
h15,4190548352594269785,p2,0,0,500,0,0,104,396,0,374,87,39,0,0,0,500,0
h15,4190548352594269785,p3,0,0,500,0,0,53,447,0,373,84,43,0,0,0,500,0
h15,4203845509334149556,p1,0,1,499,0,15,282,203,0,370,77,53,0,0,0,500,0
h15,4203845509334149556,p2,0,0,500,0,0,130,370,0,382,82,36,0,0,0,500,0
h15,4203845509334149556,p3,0,0,500,0,0,78,422,0,364,108,28,0,0,0,500,0
h15,4207149173689489370,p1,0,0,500,0,16,273,211,0,376,72,52,0,0,0,500,0
h15,4207149173689489370,p2,0,0,500,0,0,92,408,0,349,112,39,0,0,0,500,0
h15,4207149173689489370,p3,0,0,500,0,0,33,467,0,330,118,52,0,0,0,500,0
h15,4238382368013230754,p1,0,1,499,0,11,279,210,0,371,82,47,0,0,0,500,0
h15,4238382368013230754,p2,0,0,500,0,1,147,352,0,375,93,32,0,0,0,500,0
h15,4238382368013230754,p3,0,0,500,0,0,63,437,0,387,78,35,0,0,0,500,0
h15,4269998443319130901,p1,0,1,499,0,6,276,218,0,363,44,93,0,0,0,500,0
h15,4269998443319130901,p2,0,0,500,0,0,118,382,0,373,43,84,0,0,0,500,0
h15,4269998443319130901,p3,0,0,500,0,0,64,436,0,354,33,113,0,0,0,500,0
h15,4292870742190751775,p1,0,1,499,0,16,237,247,0,355,89,56,0,0,0,500,0
h15,4292870742190751775,p2,0,0,500,0,0,59,441,0,388,62,50,0,0,0,500,0
h15,4292870742190751775,p3,0,0,500,0,0,43,457,0,376,82,42,0,0,0,500,0
h15,4294127255913208186,p1,0,1,499,0,15,290,195,0,372,80,48,0,0,0,500,0
h15,4294127255913208186,p2,0,0,500,0,0,115,385,0,332,127,41,0,0,0,500,0
h15,4294127255913208186,p3,0,0,500,0,0,48,452,0,378,90,32,0,0,0,500,0
h15,4296093022391319298,p1,0,0,500,0,21,293,186,0,379,58,63,0,0,0,500,0
h15,4296093022391319298,p2,0,0,500,0,0,96,404,0,371,93,36,0,0,0,500,0
h15,4296093022391319298,p3,0,0,500,0,0,57,443,0,382,79,39,0,0,0,500,0
h15,4300543425745576998,p1,0,0,500,0,16,243,241,0,382,52,66,0,0,0,500,0
h15,4300543425745576998,p2,0,0,500,0,0,111,389,0,391,37,72,0,0,0,500,0
h15,4300543425745576998,p3,0,0,500,0,0,61,439,0,359,47,94,0,0,0,500,0
h15,4329052377276345122,p1,0,0,500,0,16,279,205,0,359,85,56,0,0,0,500,0
h15,4329052377276345122,p2,0,0,500,0,0,101,399,0,305,155,40,0,0,0,500,0
h15,4329052377276345122,p3,0,0,500,0,0,60,440,0,370,97,33,0,0,0,500,0
h15,4344513331770728779,p1,0,0,500,0,10,269,221,0,389,60,51,0,0,0,500,0
h15,4344513331770728779,p2,0,0,500,0,0,77,423,0,383,71,46,0,0,0,500,0
h15,4344513331770728779,p3,0,0,500,0,0,36,464,0,390,72,38,0,0,0,500,0
h15,4344603063712412017,p1,0,1,499,0,6,250,244,0,339,101,60,0,0,0,500,0
h15,4344603063712412017,p2,0,0,500,0,0,79,421,0,314,143,43,0,0,0,500,0
h15,4344603063712412017,p3,0,0,500,0,0,27,473,0,249,209,42,0,0,0,500,0
h15,4351317471290300548,p1,0,0,500,0,14,214,272,0,347,95,58,0,0,0,500,0
h15,4351317471290300548,p2,0,0,500,0,0,83,417,0,412,55,33,0,0,0,500,0
h15,4351317471290300548,p3,0,0,500,0,0,46,454,0,363,93,44,0,0,0,500,0
h15,4355874984491921493,p1,0,0,500,0,14,230,256,0,377,71,52,0,0,0,500,0
h15,4355874984491921493,p2,0,0,500,0,0,56,444,0,362,86,52,0,0,0,500,0
h15,4355874984491921493,p3,0,0,500,0,0,40,460,0,304,134,62,0,0,0,500,0
h15,4371166039719414947,p1,0,2,498,0,14,228,258,0,383,79,38,0,0,0,500,0
h15,4371166039719414947,p2,0,0,500,0,0,72,428,0,308,150,42,0,0,0,500,0
h15,4371166039719414947,p3,0,0,500,0,0,30,470,0,354,113,33,0,0,0,500,0
h15,4399040171398651594,p1,0,0,500,0,7,243,250,0,379,64,57,0,0,0,500,0
h15,4399040171398651594,p2,0,0,500,0,0,94,406,0,335,136,29,0,0,0,500,0
h15,4399040171398651594,p3,0,0,500,0,0,58,442,0,345,113,42,0,0,0,500,0
h15,4406895073553740970,p1,0,1,499,0,17,282,201,0,382,81,37,0,0,0,500,0
h15,4406895073553740970,p2,0,0,500,0,0,86,414,0,380,87,33,0,0,0,500,0
h15,4406895073553740970,p3,0,0,500,0,0,51,449,0,374,93,33,0,0,0,500,0
h15,441017604722670060,p1,0,1,499,0,12,294,194,0,378,70,52,0,0,0,500,0
h15,441017604722670060,p2,0,0,500,0,0,88,412,0,387,63,50,0,0,0,500,0
h15,441017604722670060,p3,0,0,500,0,0,40,460,0,375,65,60,0,0,0,500,0
h15,4416447373977992512,p1,0,0,500,0,12,221,267,0,374,73,53,0,0,0,500,0
h15,4416447373977992512,p2,0,0,500,0,0,81,419,0,324,122,54,0,0,0,500,0
h15,4416447373977992512,p3,0,0,500,0,0,43,457,0,368,56,76,0,0,0,500,0
h15,4467697285183186908,p1,0,1,499,0,18,256,226,0,357,91,52,0,0,0,500,0
h15,4467697285183186908,p2,0,0,500,0,0,94,406,0,371,96,33,0,0,0,500,0
h15,4467697285183186908,p3,0,0,500,0,0,44,456,0,348,123,29,0,0,0,500,0
h15,4472964399976264745,p1,0,0,500,0,17,255,228,0,378,68,54,0,0,0,500,0
h15,4472964399976264745,p2,0,0,500,0,0,67,433,0,369,78,53,0,0,0,500,0
h15,4472964399976264745,p3,0,0,500,0,0,23,477,0,316,132,52,0,0,0,500,0
h15,4511024912300802566,p1,0,1,499,0,16,259,225,0,376,72,52,0,0,0,500,0
h15,4511024912300802566,p2,0,0,500,0,0,102,398,0,356,109,35,0,0,0,500,0
h15,4511024912300802566,p3,0,0,500,0,0,56,444,0,367,98,35,0,0,0,500,0
h15,4515077648326379087,p1,0,1,499,0,12,269,219,0,387,67,46,0,0,0,500,0
h15,4515077648326379087,p2,0,0,500,0,0,84,416,0,356,110,34,0,0,0,500,0
h15,4515077648326379087,p3,0,0,500,0,0,53,447,0,376,89,35,0,0,0,500,0
h15,4584561167474538213,p1,0,3,497,0,18,236,246,0,366,71,63,0,0,0,500,0
h15,4584561167474538213,p2,0,0,500,0,0,95,405,0,365,92,43,0,0,0,500,0
h15,4584561167474538213,p3,0,0,500,0,0,57,443,0,338,123,39,0,0,0,500,0
h15,4606812304052956530,p1,0,2,498,0,15,248,237,0,381,74,45,0,0,0,500,0
h15,4606812304052956530,p2,0,0,500,0,0,100,400,0,369,89,42,0,0,0,500,0
h15,4606812304052956530,p3,0,0,500,0,0,48,452,0,344,117,39,0,0,0,500,0
h15,4628598236574969621,p1,0,0,500,0,10,338,152,0,356,102,42,0,0,0,500,0
h15,4628598236574969621,p2,0,0,500,0,0,138,362,0,348,123,29,0,0,0,500,0
h15,4628598236574969621,p3,0,0,500,0,0,89,411,0,360,118,22,0,0,0,500,0
h15,4647004326286484686,p1,0,0,500,0,17,250,233,0,355,73,72,0,0,0,500,0
h15,4647004326286484686,p2,0,0,500,0,0,113,387,0,380,89,31,0,0,0,500,0
h15,4647004326286484686,p3,0,0,500,0,0,42,458,0,354,104,42,0,0,0,500,0
h15,4653809936494251115,p1,0,1,499,0,14,302,184,0,362,92,46,0,0,0,500,0
h15,4653809936494251115,p2,0,0,500,0,0,112,388,0,371,96,33,0,0,0,500,0
h15,4653809936494251115,p3,0,0,500,0,0,89,411,0,302,153,45,0,0,0,500,0
h15,4698126246452767033,p1,0,1,499,0,12,241,247,0,368,79,53,0,0,0,500,0
h15,4698126246452767033,p2,0,0,500,0,0,69,431,0,385,78,37,0,0,0,500,0
h15,4698126246452767033,p3,0,0,500,0,0,35,465,0,262,189,49,0,0,0,500,0
h15,4721150406161330258,p1,0,0,500,0,15,257,228,0,351,81,68,0,0,0,500,0
h15,4721150406161330258,p2,0,0,500,0,0,73,427,0,377,75,48,0,0,0,500,0
h15,4721150406161330258,p3,0,0,500,0,0,76,424,0,391,70,39,0,0,0,500,0
h15,4745187287636756444,p1,0,1,499,0,15,259,226,0,368,74,58,0,0,0,500,0
h15,4745187287636756444,p2,0,0,500,0,0,68,432,0,327,113,60,0,0,0,500,0
h15,4745187287636756444,p3,0,0,500,0,0,57,443,0,329,127,44,0,0,0,500,0
h15,4771462021597769792,p1,0,0,500,0,17,289,194,0,387,70,43,0,0,0,500,0
h15,4771462021597769792,p2,0,0,500,0,0,104,396,0,348,118,34,0,0,0,500,0
h15,4771462021597769792,p3,0,0,500,0,0,38,462,0,368,92,40,0,0,0,500,0
h15,4773199782475991387,p1,0,0,500,0,16,238,246,0,357,84,59,0,0,0,500,0
h15,4773199782475991387,p2,0,0,500,0,0,93,407,0,378,85,37,0,0,0,500,0
h15,4773199782475991387,p3,0,0,500,0,0,47,453,0,290,145,65,0,0,0,500,0
h15,4778572288857130378,p1,0,2,498,0,16,292,192,0,369,68,63,0,0,0,500,0
h15,4778572288857130378,p2,0,0,500,0,0,81,419,0,352,109,39,0,0,0,500,0
h15,4778572288857130378,p3,0,0,500,0,0,43,457,0,308,149,43,0,0,0,500,0
h15,4789987914834744075,p1,0,1,499,0,15,262,223,0,365,73,62,0,0,0,500,0
h15,4789987914834744075,p2,0,0,500,0,0,76,424,0,351,114,35,0,0,0,500,0
h15,4789987914834744075,p3,0,0,500,0,0,38,462,0,338,126,36,0,0,0,500,0
h15,4829306345713179926,p1,0,1,499,0,22,241,237,0,374,62,64,0,0,0,500,0
h15,4829306345713179926,p2,0,0,500,0,0,50,450,0,396,61,43,0,0,0,500,0
h15,4829306345713179926,p3,0,0,500,0,0,43,457,0,320,140,40,0,0,0,500,0
h15,4843804138709233019,p1,0,0,500,0,18,256,226,0,386,66,48,0,0,0,500,0
h15,4843804138709233019,p2,0,0,500,0,0,120,380,0,394,72,34,0,0,0,500,0
h15,4843804138709233019,p3,0,0,500,0,0,56,444,0,328,68,104,0,0,0,500,0
h15,485827915098283973,p1,0,0,500,0,15,269,216,0,341,94,65,0,0,0,500,0
h15,485827915098283973,p2,0,0,500,0,0,74,426,0,404,52,44,0,0,0,500,0
h15,485827915098283973,p3,0,0,500,0,0,51,449,0,360,92,48,0,0,0,500,0
h15,4878522617487931086,p1,0,0,500,0,12,250,238,0,380,55,65,0,0,0,500,0
h15,4878522617487931086,p2,0,0,500,0,0,62,438,0,391,62,47,0,0,0,500,0
h15,4878522617487931086,p3,0,0,500,0,0,43,457,0,364,96,40,0,0,0,500,0
h15,4905478093657705566,p1,0,0,500,0,17,236,247,0,374,79,47,0,0,0,500,0
h15,4905478093657705566,p2,0,0,500,0,0,87,413,0,372,88,40,0,0,0,500,0
h15,4905478093657705566,p3,0,0,500,0,0,34,466,0,309,141,50,0,0,0,500,0
h15,4907220619242080258,p1,0,0,500,0,9,261,230,0,378,72,50,0,0,0,500,0
h15,4907220619242080258,p2,0,0,500,0,0,65,435,0,346,109,45,0,0,0,500,0
h15,4907220619242080258,p3,0,0,500,0,0,52,448,0,354,99,47,0,0,0,500,0
h15,4918354425355814078,p1,0,1,499,0,11,276,213,0,359,62,79,0,0,0,500,0
h15,4918354425355814078,p2,0,0,500,0,0,101,399,0,319,146,35,0,0,0,500,0
h15,4918354425355814078,p3,0,0,500,0,0,77,423,0,385,44,71,0,0,0,500,0
h15,4923815154829993657,p1,0,0,500,0,11,280,209,0,358,73,69,0,0,0,500,0
h15,4923815154829993657,p2,0,0,500,0,0,116,384,0,301,135,64,0,0,0,500,0
h15,4923815154829993657,p3,0,0,500,0,0,60,440,0,283,141,76,0,0,0,500,0
h15,4931795206490572184,p1,0,2,498,0,14,274,212,0,357,89,54,0,0,0,500,0
h15,4931795206490572184,p2,0,0,500,0,0,114,386,0,337,121,42,0,0,0,500,0
h15,4931795206490572184,p3,0,0,500,0,0,62,438,0,355,108,37,0,0,0,500,0
h15,495175793068078460,p1,0,0,500,0,19,243,238,0,372,76,52,0,0,0,500,0
h15,495175793068078460,p2,0,0,500,0,0,90,410,0,374,90,36,0,0,0,500,0
h15,495175793068078460,p3,0,0,500,0,0,48,452,0,372,85,43,0,0,0,500,0
h15,4960597125925681665,p1,0,0,500,0,15,245,240,0,354,75,71,0,0,0,500,0
h15,4960597125925681665,p2,0,0,500,0,0,75,425,0,354,112,34,0,0,0,500,0
h15,4960597125925681665,p3,0,0,500,0,0,45,455,0,365,97,38,0,0,0,500,0
h15,4975343302384381602,p1,0,0,500,0,9,270,221,0,371,58,71,0,0,0,500,0
h15,4975343302384381602,p2,0,0,500,0,0,95,405,0,370,38,92,0,0,0,500,0
h15,4975343302384381602,p3,0,0,500,0,0,56,444,0,368,45,87,0,0,0,500,0
h15,5063902303331699690,p1,0,0,500,0,18,275,207,0,388,63,49,0,0,0,500,0
h15,5063902303331699690,p2,0,0,500,0,0,117,383,0,344,122,34,0,0,0,500,0
h15,5063902303331699690,p3,0,0,500,0,0,50,450,0,308,135,57,0,0,0,500,0
h15,5066113823812492879,p1,0,1,499,0,18,258,224,0,368,83,49,0,0,0,500,0
h15,5066113823812492879,p2,0,0,500,0,0,79,421,0,382,83,35,0,0,0,500,0
h15,5066113823812492879,p3,0,0,500,0,0,35,465,0,371,93,36,0,0,0,500,0
h15,5084626038204743742,p1,0,0,500,0,14,252,234,0,380,80,40,0,0,0,500,0
h15,5084626038204743742,p2,0,0,500,0,0,97,403,0,352,110,38,0,0,0,500,0
h15,5084626038204743742,p3,0,0,500,0,0,51,449,0,346,116,38,0,0,0,500,0
h15,5098434102124861901,p1,0,1,499,0,16,250,234,0,374,67,59,0,0,0,500,0
h15,5098434102124861901,p2,0,0,500,0,0,92,408,0,365,96,39,0,0,0,500,0
h15,5098434102124861901,p3,0,0,500,0,0,45,455,0,364,86,50,0,0,0,500,0
h15,5110970989732284377,p1,0,0,500,0,14,227,259,0,371,84,45,0,0,0,500,0
h15,5110970989732284377,p2,0,0,500,0,0,101,399,0,341,117,42,0,0,0,500,0
h15,5110970989732284377,p3,0,0,500,0,0,39,461,0,319,140,41,0,0,0,500,0
h15,5123445201444146103,p1,0,1,499,0,14,257,229,0,370,77,53,0,0,0,500,0
h15,5123445201444146103,p2,0,0,500,0,0,100,400,0,373,88,39,0,0,0,500,0
h15,5123445201444146103,p3,0,0,500,0,0,45,455,0,287,183,30,0,0,0,500,0
h15,5133267597334272441,p1,0,0,500,0,18,239,243,0,382,66,52,0,0,0,500,0
h15,5133267597334272441,p2,0,0,500,0,0,79,421,0,358,103,39,0,0,0,500,0
h15,5133267597334272441,p3,0,0,500,0,0,52,448,0,384,80,36,0,0,0,500,0
h15,5145966158009217779,p1,0,0,500,0,22,238,240,0,374,54,72,0,0,0,500,0
h15,5145966158009217779,p2,0,0,500,0,0,103,397,0,371,98,31,0,0,0,500,0
h15,5145966158009217779,p3,0,0,500,0,0,33,467,0,349,124,27,0,0,0,500,0
h15,5176586221759402753,p1,0,0,500,0,14,251,235,0,362,81,57,0,0,0,500,0
h15,5176586221759402753,p2,0,0,500,0,0,113,387,0,289,175,36,0,0,0,500,0
h15,5176586221759402753,p3,0,0,500,0,0,50,450,0,336,127,37,0,0,0,500,0
h15,5202630681384220438,p1,0,1,499,0,21,252,227,0,367,65,68,0,0,0,500,0
h15,5202630681384220438,p2,0,0,500,0,0,97,403,0,376,74,50,0,0,0,500,0
h15,5202630681384220438,p3,0,0,500,0,0,45,455,0,400,73,27,0,0,0,500,0
h15,5234479157110391535,p1,0,3,497,0,12,281,207,0,368,89,43,0,0,0,500,0
h15,5234479157110391535,p2,0,0,500,0,0,111,389,0,363,86,51,0,0,0,500,0
h15,5234479157110391535,p3,0,0,500,0,0,57,443,0,356,103,41,0,0,0,500,0
h15,5237173890570091681,p1,0,0,500,0,9,281,210,0,381,67,52,0,0,0,500,0
h15,5237173890570091681,p2,0,0,500,0,0,96,404,0,351,91,58,0,0,0,500,0
h15,5237173890570091681,p3,0,0,500,0,0,36,464,0,360,115,25,0,0,0,500,0
h15,5256084581738131185,p1,0,2,498,0,14,257,229,0,384,60,56,0,0,0,500,0
h15,5256084581738131185,p2,0,0,500,0,0,98,402,0,376,61,63,0,0,0,500,0
h15,5256084581738131185,p3,0,0,500,0,0,56,444,0,281,142,77,0,0,0,500,0
h15,5278916152404518456,p1,0,1,499,0,14,260,226,0,349,97,54,0,0,0,500,0
h15,5278916152404518456,p2,0,0,500,0,0,110,390,0,351,112,37,0,0,0,500,0
h15,5278916152404518456,p3,0,0,500,0,0,42,458,0,346,122,32,0,0,0,500,0
h15,5295198285982882322,p1,0,0,500,0,14,255,231,0,370,75,55,0,0,0,500,0
h15,5295198285982882322,p2,0,0,500,0,0,74,426,0,384,84,32,0,0,0,500,0
h15,5295198285982882322,p3,0,0,500,0,0,38,462,0,354,110,36,0,0,0,500,0
h15,5298333590867937410,p1,0,2,498,0,13,261,226,0,365,52,83,0,0,0,500,0
h15,5298333590867937410,p2,0,0,500,0,0,96,404,0,321,33,146,0,0,0,500,0
h15,5298333590867937410,p3,0,0,500,0,0,57,443,0,367,21,112,0,0,0,500,0
h15,5302010441169196640,p1,0,0,500,0,6,271,223,0,376,76,48,0,0,0,500,0
h15,5302010441169196640,p2,0,0,500,0,0,85,415,0,361,107,32,0,0,0,500,0
h15,5302010441169196640,p3,0,0,500,0,0,60,440,0,317,134,49,0,0,0,500,0
h15,5308859903619254707,p1,0,2,498,0,14,269,217,0,379,72,49,0,0,0,500,0
h15,5308859903619254707,p2,0,0,500,0,0,137,363,0,375,80,45,0,0,0,500,0
h15,5308859903619254707,p3,0,0,500,0,0,93,407,0,337,117,46,0,0,0,500,0
h15,5317720066311472576,p1,0,0,500,0,19,295,186,0,376,74,50,0,0,0,500,0
h15,5317720066311472576,p2,0,0,500,0,0,119,381,0,316,159,25,0,0,0,500,0
h15,5317720066311472576,p3,0,0,500,0,0,65,435,0,348,127,25,0,0,0,500,0
h15,5321944938212571663,p1,0,0,500,0,18,209,273,0,381,72,47,0,0,0,500,0
h15,5321944938212571663,p2,0,0,500,0,0,68,432,0,340,121,39,0,0,0,500,0
h15,5321944938212571663,p3,0,0,500,0,0,40,460,0,344,112,44,0,0,0,500,0
h15,5322429953879401608,p1,0,1,499,0,15,259,226,0,356,75,69,0,0,0,500,0
h15,5322429953879401608,p2,0,0,500,0,1,88,411,0,389,58,53,0,0,0,500,0
h15,5322429953879401608,p3,0,0,500,0,0,79,421,0,394,70,36,0,0,0,500,0
h15,5324252283481143529,p1,0,0,500,0,15,290,195,0,356,81,63,0,0,0,500,0
h15,5324252283481143529,p2,0,0,500,0,0,102,398,0,365,84,51,0,0,0,500,0
h15,5324252283481143529,p3,0,0,500,0,0,70,430,0,379,81,40,0,0,0,500,0
h15,5339998715273853505,p1,0,1,499,0,4,265,231,0,365,73,62,0,0,0,500,0
h15,5339998715273853505,p2,0,0,500,0,0,113,387,0,366,101,33,0,0,0,500,0
h15,5339998715273853505,p3,0,0,500,0,0,55,445,0,310,148,42,0,0,0,500,0
h15,534890264862344465,p1,0,1,499,0,12,225,263,0,382,69,49,0,0,0,500,0
h15,534890264862344465,p2,0,0,500,0,0,63,437,0,386,82,32,0,0,0,500,0
h15,534890264862344465,p3,0,0,500,0,0,37,463,0,335,110,55,0,0,0,500,0
h15,5376184914448647708,p1,0,1,499,0,7,270,223,0,375,74,51,0,0,0,500,0
h15,5376184914448647708,p2,0,0,500,0,0,109,391,0,323,122,55,0,0,0,500,0
h15,5376184914448647708,p3,0,0,500,0,0,39,461,0,385,72,43,0,0,0,500,0
h15,5384843017351500412,p1,0,0,500,0,15,219,266,0,356,80,64,0,0,0,500,0
h15,5384843017351500412,p2,0,0,500,0,0,63,437,0,366,78,56,0,0,0,500,0
h15,5384843017351500412,p3,0,0,500,0,0,25,475,0,298,158,44,0,0,0,500,0
h15,541494535783318840,p1,0,0,500,0,17,258,225,0,389,65,46,0,0,0,500,0
h15,541494535783318840,p2,0,0,500,0,0,81,419,0,366,95,39,0,0,0,500,0
h15,541494535783318840,p3,0,0,500,0,0,63,437,0,380,85,35,0,0,0,500,0
h15,5417707987763698281,p1,0,0,500,0,15,245,240,0,384,63,53,0,0,0,500,0
h15,5417707987763698281,p2,0,0,500,0,0,96,404,0,363,93,44,0,0,0,500,0
h15,5417707987763698281,p3,0,0,500,0,0,33,467,0,356,109,35,0,0,0,500,0
h15,5472364174064490458,p1,0,1,499,0,14,260,226,0,360,103,37,0,0,0,500,0
h15,5472364174064490458,p2,0,0,500,0,0,93,407,0,349,105,46,0,0,0,500,0
h15,5472364174064490458,p3,0,0,500,0,0,94,406,0,362,112,26,0,0,0,500,0
h15,5474070091818777991,p1,0,0,500,0,13,272,215,0,359,88,53,0,0,0,500,0
h15,5474070091818777991,p2,0,0,500,0,0,87,413,0,333,138,29,0,0,0,500,0
h15,5474070091818777991,p3,0,0,500,0,0,63,437,0,372,106,22,0,0,0,500,0
h15,5502487278394595237,p1,0,0,500,0,13,247,240,0,373,47,80,0,0,0,500,0
h15,5502487278394595237,p2,0,0,500,0,0,89,411,0,348,26,126,0,0,0,500,0
h15,5502487278394595237,p3,0,0,500,0,0,45,455,0,361,34,105,0,0,0,500,0
h15,5545367096577949297,p1,0,0,500,0,24,259,217,0,377,62,61,0,0,0,500,0
h15,5545367096577949297,p2,0,0,500,0,0,89,411,0,378,82,40,0,0,0,500,0
h15,5545367096577949297,p3,0,0,500,0,0,35,465,0,324,142,34,0,0,0,500,0
h15,5592438464561908426,p1,0,0,500,0,15,258,227,0,369,71,60,0,0,0,500,0
h15,5592438464561908426,p2,0,0,500,0,0,87,413,0,383,65,52,0,0,0,500,0
h15,5592438464561908426,p3,0,0,500,0,0,41,459,0,371,66,63,0,0,0,500,0
h15,5633412943455097014,p1,0,0,500,0,12,210,278,0,389,63,48,0,0,0,500,0
h15,5633412943455097014,p2,0,0,500,0,0,52,448,0,375,76,49,0,0,0,500,0
h15,5633412943455097014,p3,0,0,500,0,0,36,464,0,379,82,39,0,0,0,500,0
h15,5636216989253964756,p1,0,1,499,0,8,282,210,0,374,82,44,0,0,0,500,0
h15,5636216989253964756,p2,0,0,500,0,0,111,389,0,364,99,37,0,0,0,500,0
h15,5636216989253964756,p3,0,0,500,0,0,59,441,0,363,107,30,0,0,0,500,0
h15,5660374399172068823,p1,0,0,500,0,20,257,223,0,381,67,52,0,0,0,500,0
h15,5660374399172068823,p2,0,0,500,0,0,83,417,0,332,124,44,0,0,0,500,0
h15,5660374399172068823,p3,0,0,500,0,0,62,438,0,303,161,36,0,0,0,500,0
h15,5663093404299114628,p1,0,0,500,0,20,264,216,0,372,68,60,0,0,0,500,0
h15,5663093404299114628,p2,0,0,500,0,0,71,429,0,368,86,46,0,0,0,500,0
h15,5663093404299114628,p3,0,0,500,0,0,39,461,0,316,135,49,0,0,0,500,0
h15,5671005661410592532,p1,0,0,500,0,17,267,216,0,373,76,51,0,0,0,500,0
h15,5671005661410592532,p2,0,0,500,0,0,75,425,0,385,77,38,0,0,0,500,0
h15,5671005661410592532,p3,0,0,500,0,0,51,449,0,371,86,43,0,0,0,500,0
h15,5676138681981972712,p1,0,4,496,0,16,284,200,0,368,94,38,0,0,0,500,0
h15,5676138681981972712,p2,0,0,500,0,0,103,397,0,352,106,42,0,0,0,500,0
h15,5676138681981972712,p3,0,0,500,0,0,45,455,0,354,116,30,0,0,0,500,0
h15,5684637688863825104,p1,0,0,500,0,13,269,218,0,365,86,49,0,0,0,500,0
h15,5684637688863825104,p2,0,0,500,0,0,90,410,0,394,63,43,0,0,0,500,0
h15,5684637688863825104,p3,0,0,500,0,0,57,443,0,357,102,41,0,0,0,500,0
h15,5688047433580068346,p1,0,2,498,0,16,287,197,0,376,72,52,0,0,0,500,0
h15,5688047433580068346,p2,0,0,500,0,0,109,391,0,337,125,38,0,0,0,500,0
h15,5688047433580068346,p3,0,0,500,0,0,50,450,0,385,87,28,0,0,0,500,0
h15,5712403196323446509,p1,0,0,500,0,18,261,221,0,368,72,60,0,0,0,500,0
h15,5712403196323446509,p2,0,0,500,0,0,73,427,0,380,78,42,0,0,0,500,0
h15,5712403196323446509,p3,0,0,500,0,0,42,458,0,367,101,32,0,0,0,500,0
h15,5722280312026791986,p1,0,1,499,0,14,252,234,0,376,82,42,0,0,0,500,0
h15,5722280312026791986,p2,0,0,500,0,0,85,415,0,367,110,23,0,0,0,500,0
h15,5722280312026791986,p3,0,0,500,0,0,43,457,0,321,141,38,0,0,0,500,0
h15,5722470060103887163,p1,0,1,499,0,9,266,225,0,340,97,63,0,0,0,500,0
h15,5722470060103887163,p2,0,0,500,0,0,111,389,0,379,98,23,0,0,0,500,0
h15,5722470060103887163,p3,0,0,500,0,0,59,441,0,338,131,31,0,0,0,500,0
h15,5735757561291144551,p1,0,1,499,0,13,249,238,0,358,72,70,0,0,0,500,0
h15,5735757561291144551,p2,0,0,500,0,0,71,429,0,340,58,102,0,0,0,500,0
h15,5735757561291144551,p3,0,0,500,0,0,49,451,0,376,48,76,0,0,0,500,0
h15,5751890584500892473,p1,0,0,500,0,13,263,224,0,397,21,82,0,0,0,500,0
h15,5751890584500892473,p2,0,0,500,0,0,75,425,0,344,45,111,0,0,0,500,0
h15,5751890584500892473,p3,0,0,500,0,0,24,476,0,331,43,126,0,0,0,500,0
h15,5794407209703220765,p1,0,1,499,0,15,293,192,0,342,58,100,0,0,0,500,0
h15,5794407209703220765,p2,0,0,500,0,0,129,371,0,403,59,38,0,0,0,500,0
h15,5794407209703220765,p3,0,0,500,0,0,53,447,0,365,100,35,0,0,0,500,0
h15,5798194897438883268,p1,0,0,500,0,13,266,221,0,366,84,50,0,0,0,500,0
h15,5798194897438883268,p2,0,0,500,0,0,96,404,0,339,122,39,0,0,0,500,0
h15,5798194897438883268,p3,0,0,500,0,0,67,433,0,371,99,30,0,0,0,500,0
h15,580179958289016609,p1,0,1,499,0,14,291,195,0,383,72,45,0,0,0,500,0
h15,580179958289016609,p2,0,0,500,0,1,165,334,0,333,134,33,0,0,0,500,0
h15,580179958289016609,p3,0,0,500,0,0,101,399,0,335,133,32,0,0,0,500,0
h15,581060421270760354,p1,0,0,500,0,15,248,237,0,355,83,62,0,0,0,500,0
h15,581060421270760354,p2,0,0,500,0,0,94,406,0,379,68,53,0,0,0,500,0
h15,581060421270760354,p3,0,0,500,0,0,42,458,0,367,97,36,0,0,0,500,0
h15,5816031460033623034,p1,0,0,500,0,23,292,185,0,390,65,45,0,0,0,500,0
h15,5816031460033623034,p2,0,0,500,0,0,107,393,0,365,83,52,0,0,0,500,0
h15,5816031460033623034,p3,0,0,500,0,0,72,428,0,356,84,60,0,0,0,500,0
h15,5833209884262820855,p1,0,1,499,0,9,258,233,0,361,92,47,0,0,0,500,0
h15,5833209884262820855,p2,0,0,500,0,0,66,434,0,379,95,26,0,0,0,500,0
h15,5833209884262820855,p3,0,0,500,0,0,57,443,0,377,93,30,0,0,0,500,0
h15,5845029024354674371,p1,0,0,500,0,18,261,221,0,378,80,42,0,0,0,500,0
h15,5845029024354674371,p2,0,0,500,0,0,94,406,0,385,90,25,0,0,0,500,0
h15,5845029024354674371,p3,0,0,500,0,0,42,458,0,364,104,32,0,0,0,500,0
h15,5872131788008622690,p1,0,1,499,0,17,287,196,0,382,72,46,0,0,0,500,0
h15,5872131788008622690,p2,0,0,500,0,0,93,407,0,389,69,42,0,0,0,500,0
h15,5872131788008622690,p3,0,0,500,0,0,56,444,0,317,144,39,0,0,0,500,0
h15,590397559720607766,p1,0,2,498,0,20,267,213,0,364,82,54,0,0,0,500,0
h15,590397559720607766,p2,0,0,500,0,0,83,417,0,320,147,33,0,0,0,500,0
h15,590397559720607766,p3,0,0,500,0,0,64,436,0,290,183,27,0,0,0,500,0
h15,5937156044570304494,p1,0,0,500,0,15,245,240,0,395,69,36,0,0,0,500,0
h15,5937156044570304494,p2,0,0,500,0,0,94,406,0,363,109,28,0,0,0,500,0
h15,5937156044570304494,p3,0,0,500,0,0,69,431,0,356,105,39,0,0,0,500,0
h15,5948645529796660416,p1,0,2,498,0,13,284,203,0,371,90,39,0,0,0,500,0
h15,5948645529796660416,p2,0,1,499,0,0,120,380,0,380,87,33,0,0,0,500,0
h15,5948645529796660416,p3,0,0,500,0,0,67,433,0,331,133,36,0,0,0,500,0
h15,5951560188764404489,p1,0,0,500,0,12,293,195,0,388,79,33,0,0,0,500,0
h15,5951560188764404489,p2,0,0,500,0,1,93,406,0,386,80,34,0,0,0,500,0
h15,5951560188764404489,p3,0,0,500,0,0,68,432,0,348,107,45,0,0,0,500,0
h15,5952239077520866706,p1,0,2,498,0,20,310,170,0,379,71,50,0,0,0,500,0
h15,5952239077520866706,p2,0,0,500,0,0,137,363,0,385,72,43,0,0,0,500,0
h15,5952239077520866706,p3,0,0,500,0,0,76,424,0,272,178,50,0,0,0,500,0
h15,5968914985803881721,p1,0,0,500,0,12,265,223,0,379,67,54,0,0,0,500,0
h15,5968914985803881721,p2,0,0,500,0,0,65,435,0,360,105,35,0,0,0,500,0
h15,5968914985803881721,p3,0,0,500,0,0,42,458,0,351,122,27,0,0,0,500,0
h15,6028005883425883892,p1,0,1,499,0,9,247,244,0,374,62,64,0,0,0,500,0
h15,6028005883425883892,p2,0,0,500,0,0,92,408,0,296,147,57,0,0,0,500,0
h15,6028005883425883892,p3,0,0,500,0,0,54,446,0,355,106,39,0,0,0,500,0
h15,6040561569715331345,p1,0,0,500,0,10,241,249,0,389,60,51,0,0,0,500,0
h15,6040561569715331345,p2,0,0,500,0,0,89,411,0,383,82,35,0,0,0,500,0
h15,6040561569715331345,p3,0,0,500,0,0,32,468,0,349,99,52,0,0,0,500,0
h15,6043120785498330072,p1,0,1,499,0,20,243,237,0,386,63,51,0,0,0,500,0
h15,6043120785498330072,p2,0,0,500,0,0,80,420,0,382,74,44,0,0,0,500,0
h15,6043120785498330072,p3,0,0,500,0,0,41,459,0,380,69,51,0,0,0,500,0
h15,6112289245785045586,p1,0,0,500,0,17,248,235,0,349,69,82,0,0,0,500,0
h15,6112289245785045586,p2,0,0,500,0,0,71,429,0,354,70,76,0,0,0,500,0
h15,6112289245785045586,p3,0,0,500,0,0,60,440,0,327,82,91,0,0,0,500,0
h15,6118161025697677301,p1,0,0,500,0,15,275,210,0,354,88,58,0,0,0,500,0
h15,6118161025697677301,p2,0,0,500,0,0,118,382,0,395,74,31,0,0,0,500,0
h15,6118161025697677301,p3,0,0,500,0,0,44,456,0,375,88,37,0,0,0,500,0
h15,6125763801513833473,p1,0,0,500,0,10,291,199,0,371,73,56,0,0,0,500,0
h15,6125763801513833473,p2,0,0,500,0,0,113,387,0,350,94,56,0,0,0,500,0
h15,6125763801513833473,p3,0,0,500,0,0,51,449,0,319,130,51,0,0,0,500,0
h15,617119182426661424,p1,0,1,499,0,17,268,215,0,378,64,58,0,0,0,500,0
h15,617119182426661424,p2,0,0,500,0,0,98,402,0,325,137,38,0,0,0,500,0
h15,617119182426661424,p3,0,0,500,0,0,54,446,0,360,106,34,0,0,0,500,0
h15,6176262631363229846,p1,0,2,498,0,15,273,212,0,384,71,45,0,0,0,500,0
h15,6176262631363229846,p2,0,0,500,0,0,127,373,0,388,81,31,0,0,0,500,0
h15,6176262631363229846,p3,0,0,500,0,0,69,431,0,362,98,40,0,0,0,500,0
h15,619314765495866363,p1,0,1,499,0,17,310,173,0,375,74,51,0,0,0,500,0
h15,619314765495866363,p2,0,0,500,0,0,100,400,0,351,108,41,0,0,0,500,0
h15,619314765495866363,p3,0,0,500,0,0,77,423,0,341,118,41,0,0,0,500,0
h15,6221873791621882197,p1,0,0,500,0,20,275,205,0,374,80,46,0,0,0,500,0
h15,6221873791621882197,p2,0,0,500,0,0,91,409,0,363,90,47,0,0,0,500,0
h15,6221873791621882197,p3,0,0,500,0,0,49,451,0,376,78,46,0,0,0,500,0
h15,623431729054189720,p1,0,0,500,0,11,280,209,0,381,70,49,0,0,0,500,0
h15,623431729054189720,p2,0,0,500,0,0,97,403,0,381,77,42,0,0,0,500,0
h15,623431729054189720,p3,0,0,500,0,0,89,411,0,300,172,28,0,0,0,500,0
h15,6256109695424454508,p1,0,0,500,0,25,266,209,0,372,73,55,0,0,0,500,0
h15,6256109695424454508,p2,0,0,500,0,0,83,417,0,328,137,35,0,0,0,500,0
h15,6256109695424454508,p3,0,0,500,0,0,60,440,0,290,170,40,0,0,0,500,0
h15,6271055156530534345,p1,0,1,499,0,22,283,195,0,363,88,49,0,0,0,500,0
h15,6271055156530534345,p2,0,0,500,0,0,132,368,0,373,98,29,0,0,0,500,0
h15,6271055156530534345,p3,0,0,500,0,0,60,440,0,371,84,45,0,0,0,500,0
h15,6271388591772666633,p1,0,0,500,0,14,261,225,0,385,74,41,0,0,0,500,0
h15,6271388591772666633,p2,0,0,500,0,0,94,406,0,390,62,48,0,0,0,500,0
h15,6271388591772666633,p3,0,0,500,0,0,45,455,0,322,137,41,0,0,0,500,0
h15,6271392265162863599,p1,0,0,500,0,16,271,213,0,391,61,48,0,0,0,500,0
h15,6271392265162863599,p2,0,0,500,0,0,97,403,0,333,128,39,0,0,0,500,0
h15,6271392265162863599,p3,0,0,500,0,0,63,437,0,384,74,42,0,0,0,500,0
h15,6278557973049700023,p1,0,2,498,0,14,248,238,0,370,75,55,0,0,0,500,0
h15,6278557973049700023,p2,0,0,500,0,0,69,431,0,328,144,28,0,0,0,500,0
h15,6278557973049700023,p3,0,0,500,0,0,31,469,0,342,127,31,0,0,0,500,0
h15,6296356080345695763,p1,0,1,499,0,17,257,226,0,365,63,72,0,0,0,500,0
h15,6296356080345695763,p2,0,0,500,0,0,69,431,0,369,77,54,0,0,0,500,0
h15,6296356080345695763,p3,0,0,500,0,0,33,467,0,319,139,42,0,0,0,500,0
h15,630264118172724289,p1,0,0,500,0,16,289,195,0,384,66,50,0,0,0,500,0
h15,630264118172724289,p2,0,0,500,0,0,81,419,0,326,135,39,0,0,0,500,0
h15,630264118172724289,p3,0,0,500,0,0,41,459,0,383,87,30,0,0,0,500,0
h15,6309094979300958678,p1,0,0,500,0,15,261,224,0,381,77,42,0,0,0,500,0
h15,6309094979300958678,p2,0,0,500,0,0,127,373,0,362,102,36,0,0,0,500,0
h15,6309094979300958678,p3,0,0,500,0,0,71,429,0,389,78,33,0,0,0,500,0
h15,6327455890212184932,p1,0,0,500,0,13,267,220,0,363,79,58,0,0,0,500,0
h15,6327455890212184932,p2,0,0,500,0,0,105,395,0,363,102,35,0,0,0,500,0
h15,6327455890212184932,p3,0,0,500,0,0,63,437,0,371,98,31,0,0,0,500,0
h15,6359515355189657904,p1,0,0,500,0,7,266,227,0,352,104,44,0,0,0,500,0
h15,6359515355189657904,p2,0,0,500,0,0,98,402,0,363,95,42,0,0,0,500,0
h15,6359515355189657904,p3,0,0,500,0,0,60,440,0,243,220,37,0,0,0,500,0
h15,6362485643001353481,p1,0,0,500,0,10,251,239,0,356,84,60,0,0,0,500,0
h15,6362485643001353481,p2,0,0,500,0,0,90,410,0,387,76,37,0,0,0,500,0
h15,6362485643001353481,p3,0,0,500,0,0,47,453,0,378,86,36,0,0,0,500,0
h15,6375498456382980110,p1,0,2,498,0,20,244,236,0,388,67,45,0,0,0,500,0
h15,6375498456382980110,p2,0,0,500,0,0,116,384,0,322,137,41,0,0,0,500,0
h15,6375498456382980110,p3,0,0,500,0,0,41,459,0,365,101,34,0,0,0,500,0
h15,6417201083178633430,p1,0,0,500,0,14,312,174,0,387,80,33,0,0,0,500,0
h15,6417201083178633430,p2,0,0,500,0,0,138,362,0,368,99,33,0,0,0,500,0
h15,6417201083178633430,p3,0,0,500,0,0,78,422,0,345,114,41,0,0,0,500,0
h15,6422960326497052213,p1,0,1,499,0,19,276,205,0,382,65,53,0,0,0,500,0
h15,6422960326497052213,p2,0,0,500,0,0,100,400,0,365,89,46,0,0,0,500,0
h15,6422960326497052213,p3,0,0,500,0,0,47,453,0,358,96,46,0,0,0,500,0
h15,6424923358895676157,p1,0,0,500,0,18,223,259,0,362,76,62,0,0,0,500,0
h15,6424923358895676157,p2,0,0,500,0,0,78,422,0,354,99,47,0,0,0,500,0
h15,6424923358895676157,p3,0,0,500,0,0,32,468,0,365,82,53,0,0,0,500,0
h15,6425060295019774017,p1,0,1,499,0,8,243,249,0,366,69,65,0,0,0,500,0
h15,6425060295019774017,p2,0,0,500,0,0,102,398,0,359,82,59,0,0,0,500,0
h15,6425060295019774017,p3,0,0,500,0,0,58,442,0,383,66,51,0,0,0,500,0
h15,6425373374338483305,p1,0,1,499,0,17,266,217,0,356,93,51,0,0,0,500,0
h15,6425373374338483305,p2,0,0,500,0,0,114,386,0,349,113,38,0,0,0,500,0
h15,6425373374338483305,p3,0,0,500,0,0,54,446,0,279,196,25,0,0,0,500,0
h15,6433094499030947771,p1,0,2,498,0,16,282,202,0,381,62,57,0,0,0,500,0
h15,6433094499030947771,p2,0,0,500,0,0,101,399,0,347,112,41,0,0,0,500,0
h15,6433094499030947771,p3,0,0,500,0,0,55,445,0,357,106,37,0,0,0,500,0
h15,6464373379777636295,p1,0,1,499,0,16,303,181,0,356,77,67,0,0,0,500,0
h15,6464373379777636295,p2,0,0,500,0,0,118,382,0,335,137,28,0,0,0,500,0
h15,6464373379777636295,p3,0,0,500,0,0,64,436,0,366,94,40,0,0,0,500,0
h15,6468969298656418235,p1,0,0,500,0,15,219,266,0,367,64,69,0,0,0,500,0
h15,6468969298656418235,p2,0,0,500,0,0,85,415,0,372,76,52,0,0,0,500,0
h15,6468969298656418235,p3,0,0,500,0,0,33,467,0,351,120,29,0,0,0,500,0
h15,6487732823909670120,p1,0,0,500,0,9,311,180,0,360,85,55,0,0,0,500,0
h15,6487732823909670120,p2,0,0,500,0,0,86,414,0,361,111,28,0,0,0,500,0
h15,6487732823909670120,p3,0,0,500,0,0,61,439,0,388,90,22,0,0,0,500,0
h15,6494718706399614061,p1,0,0,500,0,13,278,209,0,356,86,58,0,0,0,500,0
h15,6494718706399614061,p2,0,0,500,0,0,72,428,0,373,89,38,0,0,0,500,0
h15,6494718706399614061,p3,0,0,500,0,0,58,442,0,361,106,33,0,0,0,500,0
h15,6498591253946398179,p1,0,0,500,0,10,268,222,0,370,79,51,0,0,0,500,0
h15,6498591253946398179,p2,0,0,500,0,0,84,416,0,326,131,43,0,0,0,500,0
h15,6498591253946398179,p3,0,0,500,0,0,42,458,0,354,103,43,0,0,0,500,0
h15,6521665575399611206,p1,0,1,499,0,10,237,253,0,385,61,54,0,0,0,500,0
h15,6521665575399611206,p2,0,0,500,0,0,83,417,0,363,98,39,0,0,0,500,0
h15,6521665575399611206,p3,0,0,500,0,0,53,447,0,374,110,16,0,0,0,500,0
h15,6544570578851145560,p1,0,0,500,0,10,280,210,0,356,84,60,0,0,0,500,0
h15,6544570578851145560,p2,0,0,500,0,0,120,380,0,388,79,33,0,0,0,500,0
h15,6544570578851145560,p3,0,0,500,0,0,79,421,0,372,91,37,0,0,0,500,0
h15,6596881212727510816,p1,0,0,500,0,18,274,208,0,374,67,59,0,0,0,500,0
h15,6596881212727510816,p2,0,0,500,0,0,121,379,0,375,79,46,0,0,0,500,0
h15,6596881212727510816,p3,0,0,500,0,0,43,457,0,360,99,41,0,0,0,500,0
h15,6608529615505652811,p1,0,0,500,0,12,250,238,0,371,63,66,0,0,0,500,0
h15,6608529615505652811,p2,0,0,500,0,0,63,437,0,343,124,33,0,0,0,500,0
h15,6608529615505652811,p3,0,0,500,0,0,32,468,0,389,83,28,0,0,0,500,0
h15,6609783789269664025,p1,0,3,497,0,16,288,196,0,371,87,42,0,0,0,500,0
h15,6609783789269664025,p2,0,0,500,0,0,168,332,0,358,112,30,0,0,0,500,0
h15,6609783789269664025,p3,0,0,500,0,0,81,419,0,365,107,28,0,0,0,500,0
h15,6618761588452574356,p1,0,1,499,0,11,271,218,0,378,60,62,0,0,0,500,0
h15,6618761588452574356,p2,0,0,500,0,0,110,390,0,371,91,38,0,0,0,500,0
h15,6618761588452574356,p3,0,0,500,0,0,61,439,0,333,131,36,0,0,0,500,0
h15,6626503121313301612,p1,0,0,500,0,17,294,189,0,373,81,46,0,0,0,500,0
h15,6626503121313301612,p2,0,0,500,0,0,140,360,0,348,104,48,0,0,0,500,0
h15,6626503121313301612,p3,0,0,500,0,0,84,416,0,363,90,47,0,0,0,500,0
h15,66511524552367599,p1,0,0,500,0,18,256,226,0,360,85,55,0,0,0,500,0
h15,66511524552367599,p2,0,0,500,0,0,77,423,0,298,152,50,0,0,0,500,0
h15,66511524552367599,p3,0,0,500,0,0,41,459,0,279,181,40,0,0,0,500,0
h15,6671142463421142138,p1,0,0,500,0,14,248,238,0,360,81,59,0,0,0,500,0
h15,6671142463421142138,p2,0,0,500,0,0,102,398,0,310,146,44,0,0,0,500,0
h15,6671142463421142138,p3,0,0,500,0,0,57,443,0,370,91,39,0,0,0,500,0
h15,6681190555222191587,p1,0,0,500,0,18,245,237,0,358,66,76,0,0,0,500,0
h15,6681190555222191587,p2,0,0,500,0,0,109,391,0,361,81,58,0,0,0,500,0
h15,6681190555222191587,p3,0,0,500,0,0,54,446,0,344,73,83,0,0,0,500,0
h15,6683639126572397740,p1,0,0,500,0,7,231,262,0,345,85,70,0,0,0,500,0
h15,6683639126572397740,p2,0,0,500,0,0,76,424,0,378,83,39,0,0,0,500,0
h15,6683639126572397740,p3,0,0,500,0,0,44,456,0,376,86,38,0,0,0,500,0
h15,6693586155008337859,p1,0,1,499,0,9,218,273,0,361,91,48,0,0,0,500,0
h15,6693586155008337859,p2,0,0,500,0,0,84,416,0,383,82,35,0,0,0,500,0
h15,6693586155008337859,p3,0,0,500,0,0,51,449,0,328,141,31,0,0,0,500,0
h15,6701412403470712476,p1,0,1,499,0,9,264,227,0,369,73,58,0,0,0,500,0
h15,6701412403470712476,p2,0,0,500,0,0,85,415,0,359,70,71,0,0,0,500,0
h15,6701412403470712476,p3,0,0,500,0,0,60,440,0,374,80,46,0,0,0,500,0
h15,6723479145157670605,p1,0,0,500,0,10,224,266,0,362,71,67,0,0,0,500,0
h15,6723479145157670605,p2,0,0,500,0,0,102,398,0,349,121,30,0,0,0,500,0
h15,6723479145157670605,p3,0,0,500,0,0,29,471,0,319,150,31,0,0,0,500,0
h15,6731595582749628107,p1,0,0,500,0,19,269,212,0,365,77,58,0,0,0,500,0
h15,6731595582749628107,p2,0,0,500,0,0,89,411,0,328,131,41,0,0,0,500,0
h15,6731595582749628107,p3,0,0,500,0,0,46,454,0,392,77,31,0,0,0,500,0
h15,6754055487384851385,p1,0,0,500,0,18,238,244,0,369,80,51,0,0,0,500,0
h15,6754055487384851385,p2,0,0,500,0,0,58,442,0,374,76,50,0,0,0,500,0
h15,6754055487384851385,p3,0,0,500,0,0,35,465,0,381,74,45,0,0,0,500,0
h15,6757735887055752560,p1,0,2,498,0,19,285,196,0,367,71,62,0,0,0,500,0
h15,6757735887055752560,p2,0,0,500,0,0,118,382,0,380,58,62,0,0,0,500,0
h15,6757735887055752560,p3,0,0,500,0,0,69,431,0,365,49,86,0,0,0,500,0
h15,6801759953362451968,p1,0,0,500,0,12,271,217,0,385,66,49,0,0,0,500,0
h15,6801759953362451968,p2,0,0,500,0,0,105,395,0,371,78,51,0,0,0,500,0
h15,6801759953362451968,p3,0,0,500,0,0,63,437,0,393,68,39,0,0,0,500,0
h15,6807489115077662936,p1,0,1,499,0,12,298,190,0,374,76,50,0,0,0,500,0
h15,6807489115077662936,p2,0,0,500,0,0,120,380,0,365,98,37,0,0,0,500,0
h15,6807489115077662936,p3,0,0,500,0,0,73,427,0,370,101,29,0,0,0,500,0
h15,6808079569569324809,p1,0,1,499,0,14,277,209,0,370,79,51,0,0,0,500,0
h15,6808079569569324809,p2,0,0,500,0,0,94,406,0,358,102,40,0,0,0,500,0
h15,6808079569569324809,p3,0,0,500,0,0,66,434,0,358,111,31,0,0,0,500,0
h15,6828338887600595644,p1,0,1,499,0,12,248,240,0,365,68,67,0,0,0,500,0
h15,6828338887600595644,p2,0,0,500,0,0,82,418,0,362,97,41,0,0,0,500,0
h15,6828338887600595644,p3,0,0,500,0,0,28,472,0,350,109,41,0,0,0,500,0
h15,6830195982348892531,p1,0,0,500,0,10,291,199,0,372,90,38,0,0,0,500,0
h15,6830195982348892531,p2,0,0,500,0,0,81,419,0,364,93,43,0,0,0,500,0
h15,6830195982348892531,p3,0,0,500,0,0,67,433,0,304,157,39,0,0,0,500,0
h15,683857566333620812,p1,0,1,499,0,12,268,220,0,372,73,55,0,0,0,500,0
h15,683857566333620812,p2,0,0,500,0,0,67,433,0,383,47,70,0,0,0,500,0
h15,683857566333620812,p3,0,0,500,0,0,42,458,0,315,97,88,0,0,0,500,0
h15,6857711081268771280,p1,0,1,499,0,14,269,217,0,378,66,56,0,0,0,500,0
h15,6857711081268771280,p2,0,0,500,0,0,80,420,0,356,81,63,0,0,0,500,0
h15,6857711081268771280,p3,0,0,500,0,0,62,438,0,355,108,37,0,0,0,500,0
h15,6904805246266380660,p1,0,0,500,0,13,296,191,0,345,110,45,0,0,0,500,0
h15,6904805246266380660,p2,0,0,500,0,0,134,366,0,386,78,36,0,0,0,500,0
h15,6904805246266380660,p3,0,0,500,0,0,79,421,0,366,103,31,0,0,0,500,0
h15,695766727732247283,p1,0,1,499,0,15,281,204,0,371,81,48,0,0,0,500,0
h15,695766727732247283,p2,0,0,500,0,0,88,412,0,382,81,37,0,0,0,500,0
h15,695766727732247283,p3,0,0,500,0,0,62,438,0,353,102,45,0,0,0,500,0
h15,6972747097165889267,p1,0,1,499,0,13,245,242,0,379,64,57,0,0,0,500,0
h15,6972747097165889267,p2,0,0,500,0,0,64,436,0,339,112,49,0,0,0,500,0
h15,6972747097165889267,p3,0,0,500,0,0,33,467,0,376,82,42,0,0,0,500,0
h15,6995681574380452064,p1,0,2,498,0,11,311,178,0,378,69,53,0,0,0,500,0
h15,6995681574380452064,p2,0,0,500,0,0,135,365,0,355,112,33,0,0,0,500,0
h15,6995681574380452064,p3,0,0,500,0,0,81,419,0,358,115,27,0,0,0,500,0
h15,7038144662655171417,p1,0,1,499,0,14,245,241,0,371,79,50,0,0,0,500,0
h15,7038144662655171417,p2,0,0,500,0,0,80,420,0,366,106,28,0,0,0,500,0
h15,7038144662655171417,p3,0,0,500,0,0,45,455,0,314,156,30,0,0,0,500,0
h15,7052568082479059503,p1,0,1,499,0,12,284,204,0,365,76,59,0,0,0,500,0
h15,7052568082479059503,p2,0,0,500,0,0,97,403,0,339,125,36,0,0,0,500,0
h15,7052568082479059503,p3,0,0,500,0,0,44,456,0,376,81,43,0,0,0,500,0
h15,7088838485061248294,p1,0,0,500,0,17,231,252,0,385,69,46,0,0,0,500,0
h15,7088838485061248294,p2,0,0,500,0,0,85,415,0,372,90,38,0,0,0,500,0
h15,7088838485061248294,p3,0,0,500,0,0,35,465,0,366,94,40,0,0,0,500,0
h15,7119493320198880977,p1,0,1,499,0,12,259,229,0,344,90,66,0,0,0,500,0
h15,7119493320198880977,p2,0,0,500,0,0,93,407,0,380,62,58,0,0,0,500,0
h15,7119493320198880977,p3,0,0,500,0,0,45,455,0,358,81,61,0,0,0,500,0
h15,712145610015172821,p1,0,0,500,0,19,240,241,0,372,80,48,0,0,0,500,0
h15,712145610015172821,p2,0,0,500,0,0,74,426,0,384,84,32,0,0,0,500,0
h15,712145610015172821,p3,0,0,500,0,0,37,463,0,377,93,30,0,0,0,500,0
h15,7156781972649272396,p1,0,0,500,0,13,260,227,0,377,58,65,0,0,0,500,0
h15,7156781972649272396,p2,0,0,500,0,0,94,406,0,366,93,41,0,0,0,500,0
h15,7156781972649272396,p3,0,0,500,0,0,49,451,0,363,94,43,0,0,0,500,0
h15,71600715178410263,p1,0,0,500,0,16,260,224,0,375,71,54,0,0,0,500,0
h15,71600715178410263,p2,0,0,500,0,0,98,402,0,311,130,59,0,0,0,500,0
h15,71600715178410263,p3,0,0,500,0,0,45,455,0,316,148,36,0,0,0,500,0
h15,7171008552869802306,p1,0,0,500,0,14,261,225,0,357,42,101,0,0,0,500,0
h15,7171008552869802306,p2,0,0,500,0,0,89,411,0,364,38,98,0,0,0,500,0
h15,7171008552869802306,p3,0,0,500,0,0,48,452,0,349,39,112,0,0,0,500,0
h15,7232301890056186225,p1,0,0,500,0,5,286,209,0,365,74,61,0,0,0,500,0
h15,7232301890056186225,p2,0,0,500,0,0,97,403,0,347,116,37,0,0,0,500,0
h15,7232301890056186225,p3,0,0,500,0,0,56,444,0,295,166,39,0,0,0,500,0
h15,7239765862964070588,p1,0,2,498,0,14,246,240,0,376,58,66,0,0,0,500,0
h15,7239765862964070588,p2,0,0,500,0,0,110,390,0,384,73,43,0,0,0,500,0
h15,7239765862964070588,p3,0,0,500,0,0,54,446,0,386,73,41,0,0,0,500,0
h15,724826879145827905,p1,0,1,499,0,16,323,161,0,349,101,50,0,0,0,500,0
h15,724826879145827905,p2,0,0,500,0,0,123,377,0,344,119,37,0,0,0,500,0
h15,724826879145827905,p3,0,0,500,0,0,83,417,0,358,110,32,0,0,0,500,0
h15,7261623795557953603,p1,0,1,499,0,17,268,215,0,363,76,61,0,0,0,500,0
h15,7261623795557953603,p2,0,0,500,0,0,105,395,0,360,79,61,0,0,0,500,0
h15,7261623795557953603,p3,0,0,500,0,0,52,448,0,320,142,38,0,0,0,500,0
h15,7323235365209283916,p1,0,1,499,0,17,253,230,0,378,80,42,0,0,0,500,0
h15,7323235365209283916,p2,0,0,500,0,0,99,401,0,349,118,33,0,0,0,500,0
h15,7323235365209283916,p3,0,0,500,0,0,45,455,0,377,94,29,0,0,0,500,0
h15,7335256086282162009,p1,0,0,500,0,15,265,220,0,372,78,50,0,0,0,500,0
h15,7335256086282162009,p2,0,0,500,0,0,88,412,0,373,79,48,0,0,0,500,0
h15,7335256086282162009,p3,0,0,500,0,0,41,459,0,343,113,44,0,0,0,500,0
h15,733534555230418810,p1,0,1,499,0,16,252,232,0,362,85,53,0,0,0,500,0
h15,733534555230418810,p2,0,0,500,0,0,100,400,0,274,194,32,0,0,0,500,0
h15,733534555230418810,p3,0,0,500,0,0,65,435,0,308,163,29,0,0,0,500,0
h15,7367185457010588292,p1,0,1,499,0,17,276,207,0,391,67,42,0,0,0,500,0
h15,7367185457010588292,p2,0,0,500,0,0,94,406,0,404,75,21,0,0,0,500,0
h15,7367185457010588292,p3,0,0,500,0,0,69,431,0,369,102,29,0,0,0,500,0
h15,7394461256362752858,p1,0,0,500,0,13,229,258,0,365,68,67,0,0,0,500,0
h15,7394461256362752858,p2,0,0,500,0,0,52,448,0,384,72,44,0,0,0,500,0
h15,7394461256362752858,p3,0,0,500,0,0,40,460,0,377,80,43,0,0,0,500,0
h15,7454762978727924394,p1,0,0,500,0,18,278,204,0,347,89,64,0,0,0,500,0
h15,7454762978727924394,p2,0,0,500,0,0,110,390,0,342,114,44,0,0,0,500,0
h15,7454762978727924394,p3,0,0,500,0,0,55,445,0,366,108,26,0,0,0,500,0
h15,7456117250353113879,p1,0,1,499,0,21,289,190,0,356,93,51,0,0,0,500,0
h15,7456117250353113879,p2,0,0,500,0,0,83,417,0,348,112,40,0,0,0,500,0
h15,7456117250353113879,p3,0,0,500,0,0,42,458,0,297,159,44,0,0,0,500,0
h15,7491631922877737273,p1,0,0,500,0,18,252,230,0,376,47,77,0,0,0,500,0
h15,7491631922877737273,p2,0,0,500,0,0,89,411,0,348,20,132,0,0,0,500,0
h15,7491631922877737273,p3,0,0,500,0,0,39,461,0,336,36,128,0,0,0,500,0
h15,7496248756176015348,p1,0,4,496,0,11,271,218,0,371,78,51,0,0,0,500,0
h15,7496248756176015348,p2,0,0,500,0,0,97,403,0,374,88,38,0,0,0,500,0
h15,7496248756176015348,p3,0,0,500,0,0,64,436,0,359,109,32,0,0,0,500,0
h15,7514993014906615602,p1,0,1,499,0,12,262,226,0,377,66,57,0,0,0,500,0
h15,7514993014906615602,p2,0,0,500,0,0,120,380,0,367,95,38,0,0,0,500,0
h15,7514993014906615602,p3,0,0,500,0,0,55,445,0,360,99,41,0,0,0,500,0
h15,7533237063109245045,p1,0,0,500,0,15,253,232,0,364,80,56,0,0,0,500,0
h15,7533237063109245045,p2,0,0,500,0,0,94,406,0,368,91,41,0,0,0,500,0
h15,7533237063109245045,p3,0,0,500,0,0,50,450,0,371,77,52,0,0,0,500,0
h15,7558690278731304880,p1,0,0,500,0,10,241,249,0,372,83,45,0,0,0,500,0
h15,7558690278731304880,p2,0,0,500,0,0,64,436,0,380,85,35,0,0,0,500,0
h15,7558690278731304880,p3,0,0,500,0,0,50,450,0,363,104,33,0,0,0,500,0
h15,7562182122542935408,p1,0,2,498,0,11,257,232,0,376,67,57,0,0,0,500,0
h15,7562182122542935408,p2,0,0,500,0,0,80,420,0,364,105,31,0,0,0,500,0
h15,7562182122542935408,p3,0,0,500,0,0,45,455,0,332,125,43,0,0,0,500,0
h15,7625322377469777652,p1,0,1,499,0,27,239,234,0,387,77,36,0,0,0,500,0
h15,7625322377469777652,p2,0,0,500,0,0,90,410,0,370,95,35,0,0,0,500,0
h15,7625322377469777652,p3,0,0,500,0,0,46,454,0,376,86,38,0,0,0,500,0
h15,7625750130674229972,p1,0,0,500,0,13,261,226,0,377,66,57,0,0,0,500,0
h15,7625750130674229972,p2,0,0,500,0,0,70,430,0,378,81,41,0,0,0,500,0
h15,7625750130674229972,p3,0,0,500,0,0,36,464,0,351,115,34,0,0,0,500,0
h15,7657396369405654976,p1,0,1,499,0,12,242,246,0,366,76,58,0,0,0,500,0
h15,7657396369405654976,p2,0,0,500,0,0,84,416,0,374,80,46,0,0,0,500,0
h15,7657396369405654976,p3,0,0,500,0,0,38,462,0,316,136,48,0,0,0,500,0
h15,7705123963930659502,p1,0,3,497,0,12,277,211,0,370,66,64,0,0,0,500,0
h15,7705123963930659502,p2,0,0,500,0,0,101,399,0,299,156,45,0,0,0,500,0
h15,7705123963930659502,p3,0,0,500,0,0,70,430,0,336,133,31,0,0,0,500,0
h15,7705771265987565758,p1,0,0,500,0,15,247,238,0,370,59,71,0,0,0,500,0
h15,7705771265987565758,p2,0,0,500,0,0,69,431,0,343,104,53,0,0,0,500,0
h15,7705771265987565758,p3,0,0,500,0,0,29,471,0,267,158,75,0,0,0,500,0
h15,7730303626291410694,p1,0,1,499,0,18,237,245,0,369,77,54,0,0,0,500,0
h15,7730303626291410694,p2,0,0,500,0,0,65,435,0,375,73,52,0,0,0,500,0
h15,7730303626291410694,p3,0,0,500,0,0,51,449,0,376,85,39,0,0,0,500,0
h15,7733088734465762078,p1,0,0,500,0,20,247,233,0,360,84,56,0,0,0,500,0
h15,7733088734465762078,p2,0,0,500,0,0,112,388,0,323,138,39,0,0,0,500,0
h15,7733088734465762078,p3,0,0,500,0,0,61,439,0,363,107,30,0,0,0,500,0
h15,7748929081511897355,p1,0,0,500,0,12,281,207,0,368,83,49,0,0,0,500,0
h15,7748929081511897355,p2,0,0,500,0,0,98,402,0,357,114,29,0,0,0,500,0
h15,7748929081511897355,p3,0,0,500,0,0,94,406,0,334,135,31,0,0,0,500,0
h15,7749998067191925667,p1,0,0,500,0,16,266,218,0,378,64,58,0,0,0,500,0
h15,7749998067191925667,p2,0,0,500,0,0,116,384,0,385,76,39,0,0,0,500,0
h15,7749998067191925667,p3,0,0,500,0,0,60,440,0,312,142,46,0,0,0,500,0
h15,7750724715337055516,p1,0,0,500,0,12,247,241,0,356,89,55,0,0,0,500,0
h15,7750724715337055516,p2,0,0,500,0,0,97,403,0,341,127,32,0,0,0,500,0
h15,7750724715337055516,p3,0,0,500,0,0,48,452,0,327,142,31,0,0,0,500,0
h15,7790819948073245409,p1,0,2,498,0,14,271,215,0,380,74,46,0,0,0,500,0
h15,7790819948073245409,p2,0,0,500,0,0,106,394,0,338,126,36,0,0,0,500,0
h15,7790819948073245409,p3,0,0,500,0,0,71,429,0,390,72,38,0,0,0,500,0
h15,7820551957798138134,p1,0,2,498,0,16,259,225,0,380,71,49,0,0,0,500,0
h15,7820551957798138134,p2,0,0,500,0,0,111,389,0,356,123,21,0,0,0,500,0
h15,7820551957798138134,p3,0,0,500,0,0,66,434,0,357,104,39,0,0,0,500,0
h15,7830395354094105764,p1,0,0,500,0,20,229,251,0,382,72,46,0,0,0,500,0
h15,7830395354094105764,p2,0,0,500,0,0,96,404,0,368,101,31,0,0,0,500,0
h15,7830395354094105764,p3,0,0,500,0,0,28,472,0,364,99,37,0,0,0,500,0
h15,7837415936552562709,p1,0,1,499,0,10,284,206,0,388,75,37,0,0,0,500,0
h15,7837415936552562709,p2,0,0,500,0,0,109,391,0,346,117,37,0,0,0,500,0
h15,7837415936552562709,p3,0,0,500,0,0,64,436,0,332,144,24,0,0,0,500,0
h15,7840276560376944293,p1,0,0,500,0,17,287,196,0,375,77,48,0,0,0,500,0
h15,7840276560376944293,p2,0,0,500,0,0,118,382,0,386,81,33,0,0,0,500,0
h15,7840276560376944293,p3,0,0,500,0,0,44,456,0,335,128,37,0,0,0,500,0
h15,7879131363805742518,p1,0,1,499,0,14,273,213,0,388,60,52,0,0,0,500,0
h15,7879131363805742518,p2,0,0,500,0,0,97,403,0,391,73,36,0,0,0,500,0
h15,7879131363805742518,p3,0,0,500,0,0,52,448,0,360,96,44,0,0,0,500,0
h15,788008010257152915,p1,0,1,499,0,17,259,224,0,380,75,45,0,0,0,500,0
h15,788008010257152915,p2,0,0,500,0,0,102,398,0,365,103,32,0,0,0,500,0
h15,788008010257152915,p3,0,0,500,0,0,50,450,0,364,110,26,0,0,0,500,0
h15,7887244493400589409,p1,0,0,500,0,18,265,217,0,381,78,41,0,0,0,500,0
h15,7887244493400589409,p2,0,0,500,0,0,51,449,0,350,105,45,0,0,0,500,0
h15,7887244493400589409,p3,0,0,500,0,0,30,470,0,387,77,36,0,0,0,500,0
h15,7888605875842445248,p1,0,0,500,0,19,247,234,0,333,108,59,0,0,0,500,0
h15,7888605875842445248,p2,0,0,500,0,0,90,410,0,318,133,49,0,0,0,500,0
h15,7888605875842445248,p3,0,0,500,0,0,44,456,0,349,106,45,0,0,0,500,0
h15,7903974492214164653,p1,0,1,499,0,13,307,180,0,374,82,44,0,0,0,500,0
h15,7903974492214164653,p2,0,0,500,0,0,144,356,0,376,91,33,0,0,0,500,0
h15,7903974492214164653,p3,0,0,500,0,0,100,400,0,357,98,45,0,0,0,500,0
h15,7904954063587814482,p1,0,1,499,0,10,302,188,0,374,62,64,0,0,0,500,0
h15,7904954063587814482,p2,0,0,500,0,0,110,390,0,337,70,93,0,0,0,500,0
h15,7904954063587814482,p3,0,0,500,0,0,59,441,0,298,59,143,0,0,0,500,0
h15,7930169664126857732,p1,0,0,500,0,11,284,205,0,377,65,58,0,0,0,500,0
h15,7930169664126857732,p2,0,0,500,0,0,79,421,0,352,106,42,0,0,0,500,0
h15,7930169664126857732,p3,0,0,500,0,0,44,456,0,336,132,32,0,0,0,500,0
h15,796495771803747403,p1,0,0,500,0,20,251,229,0,383,60,57,0,0,0,500,0
h15,796495771803747403,p2,0,0,500,0,0,84,416,0,351,95,54,0,0,0,500,0
h15,796495771803747403,p3,0,0,500,0,0,48,452,0,322,134,44,0,0,0,500,0
h15,7979329453763278767,p1,0,0,500,0,10,272,218,0,381,75,44,0,0,0,500,0
h15,7979329453763278767,p2,0,0,500,0,0,94,406,0,371,93,36,0,0,0,500,0
h15,7979329453763278767,p3,0,0,500,0,0,46,454,0,370,101,29,0,0,0,500,0
h15,8004382113967605042,p1,0,0,500,0,18,244,238,0,392,55,53,0,0,0,500,0
h15,8004382113967605042,p2,0,0,500,0,0,86,414,0,359,99,42,0,0,0,500,0
h15,8004382113967605042,p3,0,0,500,0,0,42,458,0,350,115,35,0,0,0,500,0
h15,8009586604051798517,p1,0,0,500,0,8,244,248,0,363,81,56,0,0,0,500,0
h15,8009586604051798517,p2,0,0,500,0,0,61,439,0,403,55,42,0,0,0,500,0
h15,8009586604051798517,p3,0,0,500,0,0,41,459,0,308,152,40,0,0,0,500,0
h15,8012675551318804964,p1,0,0,500,0,15,296,189,0,361,91,48,0,0,0,500,0
h15,8012675551318804964,p2,0,0,500,0,0,122,378,0,362,101,37,0,0,0,500,0
h15,8012675551318804964,p3,0,0,500,0,0,73,427,0,333,143,24,0,0,0,500,0
h15,8017767940299067526,p1,0,1,499,0,14,258,228,0,374,68,58,0,0,0,500,0
h15,8017767940299067526,p2,0,0,500,0,0,96,404,0,354,103,43,0,0,0,500,0
h15,8017767940299067526,p3,0,0,500,0,0,47,453,0,365,74,61,0,0,0,500,0
h15,8026682048651550057,p1,0,0,500,0,17,277,206,0,366,85,49,0,0,0,500,0
h15,8026682048651550057,p2,0,0,500,0,0,103,397,0,373,87,40,0,0,0,500,0
h15,8026682048651550057,p3,0,0,500,0,0,51,449,0,291,153,56,0,0,0,500,0
h15,8031685534366691641,p1,0,0,500,0,9,281,210,0,378,71,51,0,0,0,500,0
h15,8031685534366691641,p2,0,0,500,0,0,119,381,0,361,104,35,0,0,0,500,0
h15,8031685534366691641,p3,0,0,500,0,0,64,436,0,376,85,39,0,0,0,500,0
h15,803283022035239471,p1,0,0,500,0,15,272,213,0,366,78,56,0,0,0,500,0
h15,803283022035239471,p2,0,0,500,0,0,83,417,0,365,85,50,0,0,0,500,0
h15,803283022035239471,p3,0,0,500,0,0,34,466,0,360,99,41,0,0,0,500,0
h15,8064944818037099888,p1,0,0,500,0,12,269,219,0,386,69,45,0,0,0,500,0
h15,8064944818037099888,p2,0,0,500,0,0,110,390,0,368,97,35,0,0,0,500,0
h15,8064944818037099888,p3,0,0,500,0,0,65,435,0,363,102,35,0,0,0,500,0
h15,8075705313661272489,p1,0,0,500,0,20,231,249,0,367,81,52,0,0,0,500,0
h15,8075705313661272489,p2,0,0,500,0,0,78,422,0,395,59,46,0,0,0,500,0
h15,8075705313661272489,p3,0,0,500,0,0,38,462,0,307,158,35,0,0,0,500,0
h15,808295909411415964,p1,0,4,496,0,21,285,194,0,369,91,40,0,0,0,500,0
h15,808295909411415964,p2,0,0,500,0,0,177,323,0,377,98,25,0,0,0,500,0
h15,808295909411415964,p3,0,0,500,0,0,97,403,0,358,115,27,0,0,0,500,0
h15,8101078877232912548,p1,0,0,500,0,12,291,197,0,375,64,61,0,0,0,500,0
h15,8101078877232912548,p2,0,0,500,0,0,102,398,0,379,88,33,0,0,0,500,0
h15,8101078877232912548,p3,0,0,500,0,0,49,451,0,281,173,46,0,0,0,500,0
h15,8109110630480279893,p1,0,0,500,0,15,271,214,0,361,77,62,0,0,0,500,0
h15,8109110630480279893,p2,0,0,500,0,0,104,396,0,341,129,30,0,0,0,500,0
h15,8109110630480279893,p3,0,0,500,0,0,55,445,0,366,102,32,0,0,0,500,0
h15,8115386724548472045,p1,0,0,500,0,11,281,208,0,360,80,60,0,0,0,500,0
h15,8115386724548472045,p2,0,0,500,0,0,104,396,0,321,137,42,0,0,0,500,0
h15,8115386724548472045,p3,0,0,500,0,0,77,423,0,325,128,47,0,0,0,500,0
h15,8119316803519934591,p1,0,0,500,0,12,273,215,0,383,70,47,0,0,0,500,0
h15,8119316803519934591,p2,0,0,500,0,0,82,418,0,280,184,36,0,0,0,500,0
h15,8119316803519934591,p3,0,0,500,0,0,65,435,0,370,92,38,0,0,0,500,0
h15,8134769258075224915,p1,0,0,500,0,14,273,213,0,374,78,48,0,0,0,500,0
h15,8134769258075224915,p2,0,0,500,0,0,92,408,0,343,114,43,0,0,0,500,0
h15,8134769258075224915,p3,0,0,500,0,0,61,439,0,286,185,29,0,0,0,500,0
h15,8145882662040878431,p1,0,0,500,0,14,234,252,0,377,70,53,0,0,0,500,0
h15,8145882662040878431,p2,0,0,500,0,0,74,426,0,352,102,46,0,0,0,500,0
h15,8145882662040878431,p3,0,0,500,0,0,53,447,0,392,59,49,0,0,0,500,0
h15,8166532520852507932,p1,0,0,500,0,4,227,269,0,356,96,48,0,0,0,500,0
h15,8166532520852507932,p2,0,0,500,0,0,81,419,0,291,96,113,0,0,0,500,0
h15,8166532520852507932,p3,0,0,500,0,0,36,464,0,320,59,121,0,0,0,500,0
h15,8212215390455096617,p1,0,0,500,0,11,242,247,0,366,73,61,0,0,0,500,0
h15,8212215390455096617,p2,0,0,500,0,0,74,426,0,364,90,46,0,0,0,500,0
h15,8212215390455096617,p3,0,0,500,0,0,42,458,0,370,79,51,0,0,0,500,0
h15,8271603422899347443,p1,0,1,499,0,9,262,229,0,355,102,43,0,0,0,500,0
h15,8271603422899347443,p2,0,0,500,0,0,102,398,0,382,84,34,0,0,0,500,0
h15,8271603422899347443,p3,0,0,500,0,0,64,436,0,346,113,41,0,0,0,500,0
h15,8297524636044202237,p1,0,0,500,0,12,221,267,0,360,64,76,0,0,0,500,0
h15,8297524636044202237,p2,0,0,500,0,0,103,397,0,354,42,104,0,0,0,500,0
h15,8297524636044202237,p3,0,0,500,0,0,67,433,0,360,42,98,0,0,0,500,0
h15,831230214803605993,p1,0,1,499,0,13,283,204,0,350,88,62,0,0,0,500,0
h15,831230214803605993,p2,0,0,500,0,0,118,382,0,357,103,40,0,0,0,500,0
h15,831230214803605993,p3,0,0,500,0,0,53,447,0,368,91,41,0,0,0,500,0
h15,8313525680504882676,p1,0,0,500,0,15,248,237,0,382,74,44,0,0,0,500,0
h15,8313525680504882676,p2,0,0,500,0,0,99,401,0,354,103,43,0,0,0,500,0
h15,8313525680504882676,p3,0,0,500,0,0,55,445,0,358,98,44,0,0,0,500,0
h15,8343263225952017527,p1,0,0,500,0,14,251,235,0,344,82,74,0,0,0,500,0
h15,8343263225952017527,p2,0,0,500,0,0,82,418,0,349,92,59,0,0,0,500,0
h15,8343263225952017527,p3,0,0,500,0,0,39,461,0,359,90,51,0,0,0,500,0
h15,8365923798537750206,p1,0,0,500,0,14,255,231,0,369,58,73,0,0,0,500,0
h15,8365923798537750206,p2,0,0,500,0,0,75,425,0,391,79,30,0,0,0,500,0
h15,8365923798537750206,p3,0,0,500,0,0,32,468,0,381,67,52,0,0,0,500,0
h15,8375660787904811689,p1,0,0,500,0,15,258,227,0,377,69,54,0,0,0,500,0
h15,8375660787904811689,p2,0,0,500,0,0,74,426,0,362,83,55,0,0,0,500,0
h15,8375660787904811689,p3,0,0,500,0,0,59,441,0,369,78,53,0,0,0,500,0
h15,8386671184672689804,p1,0,1,499,0,11,245,244,0,366,79,55,0,0,0,500,0
h15,8386671184672689804,p2,0,0,500,0,0,56,444,0,367,99,34,0,0,0,500,0
h15,8386671184672689804,p3,0,0,500,0,0,27,473,0,372,82,46,0,0,0,500,0
h15,8391657464737038475,p1,0,1,499,0,20,243,237,0,388,70,42,0,0,0,500,0
h15,8391657464737038475,p2,0,0,500,0,0,74,426,0,369,76,55,0,0,0,500,0
h15,8391657464737038475,p3,0,0,500,0,0,41,459,0,336,112,52,0,0,0,500,0
h15,8395667210693412259,p1,0,0,500,0,22,272,206,0,366,81,53,0,0,0,500,0
h15,8395667210693412259,p2,0,0,500,0,0,118,382,0,313,142,45,0,0,0,500,0
h15,8395667210693412259,p3,0,0,500,0,0,71,429,0,311,149,40,0,0,0,500,0
h15,8397605515131439116,p1,0,1,499,0,13,253,234,0,354,57,89,0,0,0,500,0
h15,8397605515131439116,p2,0,0,500,0,0,57,443,0,382,33,85,0,0,0,500,0
h15,8397605515131439116,p3,0,0,500,0,0,32,468,0,385,39,76,0,0,0,500,0
h15,8427399742702928290,p1,0,1,499,0,19,281,200,0,393,74,33,0,0,0,500,0
h15,8427399742702928290,p2,0,0,500,0,0,107,393,0,378,85,37,0,0,0,500,0
h15,8427399742702928290,p3,0,0,500,0,0,70,430,0,331,139,30,0,0,0,500,0
h15,844934706838530327,p1,0,0,500,0,11,238,251,0,378,74,48,0,0,0,500,0
h15,844934706838530327,p2,0,0,500,0,0,79,421,0,383,72,45,0,0,0,500,0
h15,844934706838530327,p3,0,0,500,0,0,39,461,0,333,122,45,0,0,0,500,0
h15,8481257488854629033,p1,0,1,499,0,14,294,192,0,379,82,39,0,0,0,500,0
h15,8481257488854629033,p2,0,0,500,0,0,98,402,0,371,97,32,0,0,0,500,0
h15,8481257488854629033,p3,0,0,500,0,0,60,440,0,335,135,30,0,0,0,500,0
h15,8498073161130673074,p1,0,0,500,0,12,275,213,0,364,84,52,0,0,0,500,0
h15,8498073161130673074,p2,0,0,500,0,0,98,402,0,348,108,44,0,0,0,500,0
h15,8498073161130673074,p3,0,0,500,0,0,49,451,0,380,87,33,0,0,0,500,0
h15,8523803560846504212,p1,0,1,499,0,4,257,239,0,381,72,47,0,0,0,500,0
h15,8523803560846504212,p2,0,0,500,0,0,87,413,0,365,93,42,0,0,0,500,0
h15,8523803560846504212,p3,0,0,500,0,0,66,434,0,343,112,45,0,0,0,500,0
h15,8532067469618811387,p1,0,0,500,0,21,264,215,0,381,54,65,0,0,0,500,0
h15,8532067469618811387,p2,0,0,500,0,0,135,365,0,351,72,77,0,0,0,500,0
h15,8532067469618811387,p3,0,0,500,0,0,45,455,0,352,95,53,0,0,0,500,0
h15,8535344569854260344,p1,0,0,500,0,17,282,201,0,386,64,50,0,0,0,500,0
h15,8535344569854260344,p2,0,0,500,0,0,128,372,0,387,80,33,0,0,0,500,0
h15,8535344569854260344,p3,0,0,500,0,0,55,445,0,373,86,41,0,0,0,500,0
h15,8628655051465643030,p1,0,1,499,0,15,290,195,0,367,75,58,0,0,0,500,0
h15,8628655051465643030,p2,0,0,500,0,0,111,389,0,374,91,35,0,0,0,500,0
h15,8628655051465643030,p3,0,0,500,0,0,60,440,0,391,66,43,0,0,0,500,0
h15,8648150344556959917,p1,0,1,499,0,10,272,218,0,362,87,51,0,0,0,500,0
h15,8648150344556959917,p2,0,0,500,0,0,83,417,0,315,151,34,0,0,0,500,0
h15,8648150344556959917,p3,0,0,500,0,0,69,431,0,311,153,36,0,0,0,500,0
h15,8653160283555924004,p1,0,0,500,0,12,277,211,0,378,38,84,0,0,0,500,0
h15,8653160283555924004,p2,0,0,500,0,0,94,406,0,348,55,97,0,0,0,500,0
h15,8653160283555924004,p3,0,0,500,0,0,60,440,0,364,38,98,0,0,0,500,0
h15,8668041783377195260,p1,0,1,499,0,8,270,222,0,375,87,38,0,0,0,500,0
h15,8668041783377195260,p2,0,0,500,0,0,80,420,0,383,79,38,0,0,0,500,0
h15,8668041783377195260,p3,0,0,500,0,0,68,432,0,349,118,33,0,0,0,500,0
h15,8681924271243675068,p1,0,0,500,0,15,272,213,0,355,74,71,0,0,0,500,0
h15,8681924271243675068,p2,0,0,500,0,0,104,396,0,371,92,37,0,0,0,500,0
h15,8681924271243675068,p3,0,0,500,0,0,49,451,0,368,107,25,0,0,0,500,0
h15,8701536844832495166,p1,0,0,500,0,19,283,198,0,375,76,49,0,0,0,500,0
h15,8701536844832495166,p2,0,0,500,0,0,88,412,0,356,103,41,0,0,0,500,0
h15,8701536844832495166,p3,0,0,500,0,0,55,445,0,391,77,32,0,0,0,500,0
h15,8715552381247793163,p1,0,0,500,0,8,271,221,0,374,82,44,0,0,0,500,0
h15,8715552381247793163,p2,0,0,500,0,0,82,418,0,381,73,46,0,0,0,500,0
h15,8715552381247793163,p3,0,0,500,0,0,47,453,0,353,113,34,0,0,0,500,0
h15,8726753055160396304,p1,0,2,498,0,13,275,212,0,380,49,71,0,0,0,500,0
h15,8726753055160396304,p2,0,0,500,0,1,98,401,0,383,41,76,0,0,0,500,0
h15,8726753055160396304,p3,0,0,500,0,0,48,452,0,344,60,96,0,0,0,500,0
h15,8729662628178318702,p1,0,0,500,0,14,254,232,0,368,47,85,0,0,0,500,0
h15,8729662628178318702,p2,0,0,500,0,0,110,390,0,369,46,85,0,0,0,500,0
h15,8729662628178318702,p3,0,0,500,0,0,64,436,0,365,30,105,0,0,0,500,0
h15,8746106760729550084,p1,0,0,500,0,10,273,217,0,369,84,47,0,0,0,500,0
h15,8746106760729550084,p2,0,0,500,0,0,113,387,0,381,86,33,0,0,0,500,0
h15,8746106760729550084,p3,0,0,500,0,0,56,444,0,353,128,19,0,0,0,500,0
h15,876319241009079445,p1,0,0,500,0,10,254,236,0,361,82,57,0,0,0,500,0
h15,876319241009079445,p2,0,0,500,0,0,85,415,0,322,142,36,0,0,0,500,0
h15,876319241009079445,p3,0,0,500,0,0,58,442,0,332,118,50,0,0,0,500,0
h15,8771087861051400048,p1,0,0,500,0,13,246,241,0,363,72,65,0,0,0,500,0
h15,8771087861051400048,p2,0,0,500,0,0,52,448,0,389,63,48,0,0,0,500,0
h15,8771087861051400048,p3,0,0,500,0,0,32,468,0,351,94,55,0,0,0,500,0
h15,8781424533657854609,p1,0,0,500,0,19,260,221,0,359,91,50,0,0,0,500,0
h15,8781424533657854609,p2,0,0,500,0,0,110,390,0,385,73,42,0,0,0,500,0
h15,8781424533657854609,p3,0,0,500,0,0,51,449,0,357,115,28,0,0,0,500,0
h15,8836110865322387599,p1,0,1,499,0,22,236,242,0,367,64,69,0,0,0,500,0
h15,8836110865322387599,p2,0,0,500,0,0,65,435,0,386,59,55,0,0,0,500,0
h15,8836110865322387599,p3,0,0,500,0,0,45,455,0,359,99,42,0,0,0,500,0
h15,8849876311417254795,p1,0,1,499,0,14,248,238,0,374,72,54,0,0,0,500,0
h15,8849876311417254795,p2,0,0,500,0,0,74,426,0,368,78,54,0,0,0,500,0
h15,8849876311417254795,p3,0,0,500,0,0,39,461,0,373,78,49,0,0,0,500,0
h15,8858722317298810294,p1,0,0,500,0,12,256,232,0,373,85,42,0,0,0,500,0
h15,8858722317298810294,p2,0,0,500,0,0,111,389,0,376,91,33,0,0,0,500,0
h15,8858722317298810294,p3,0,0,500,0,0,64,436,0,349,118,33,0,0,0,500,0
h15,8872528350989838234,p1,0,0,500,0,16,281,203,0,397,65,38,0,0,0,500,0
h15,8872528350989838234,p2,0,0,500,0,0,99,401,0,357,90,53,0,0,0,500,0
h15,8872528350989838234,p3,0,0,500,0,0,48,452,0,363,105,32,0,0,0,500,0
h15,8918658424473431287,p1,0,0,500,0,10,240,250,0,358,81,61,0,0,0,500,0
h15,8918658424473431287,p2,0,0,500,0,0,66,434,0,338,119,43,0,0,0,500,0
h15,8918658424473431287,p3,0,0,500,0,0,19,481,0,345,112,43,0,0,0,500,0
h15,8952406429962899705,p1,0,0,500,0,18,269,213,0,391,73,36,0,0,0,500,0
h15,8952406429962899705,p2,0,0,500,0,0,126,374,0,357,114,29,0,0,0,500,0
h15,8952406429962899705,p3,0,0,500,0,0,62,438,0,361,111,28,0,0,0,500,0
h15,8954063117434481013,p1,0,0,500,0,15,269,216,0,383,77,40,0,0,0,500,0
h15,8954063117434481013,p2,0,0,500,0,0,104,396,0,363,113,24,0,0,0,500,0
h15,8954063117434481013,p3,0,0,500,0,0,66,434,0,268,198,34,0,0,0,500,0
h15,8964153301374140810,p1,0,1,499,0,20,269,211,0,366,69,65,0,0,0,500,0
h15,8964153301374140810,p2,0,0,500,0,0,80,420,0,337,110,53,0,0,0,500,0
h15,8964153301374140810,p3,0,0,500,0,0,60,440,0,367,87,46,0,0,0,500,0
h15,9017411245857851696,p1,0,0,500,0,19,252,229,0,349,87,64,0,0,0,500,0
h15,9017411245857851696,p2,0,0,500,0,0,50,450,0,368,87,45,0,0,0,500,0
h15,9017411245857851696,p3,0,0,500,0,0,40,460,0,352,117,31,0,0,0,500,0
h15,9022920270553145774,p1,0,1,499,0,16,268,216,0,368,87,45,0,0,0,500,0
h15,9022920270553145774,p2,0,0,500,0,0,135,365,0,394,77,29,0,0,0,500,0
h15,9022920270553145774,p3,0,0,500,0,0,53,447,0,374,95,31,0,0,0,500,0
h15,9026590985928569878,p1,0,0,500,0,11,278,211,0,371,77,52,0,0,0,500,0
h15,9026590985928569878,p2,0,0,500,0,0,102,398,0,363,87,50,0,0,0,500,0
h15,9026590985928569878,p3,0,0,500,0,0,63,437,0,346,121,33,0,0,0,500,0
h15,9028192568979155597,p1,0,0,500,0,17,258,225,0,365,85,50,0,0,0,500,0
h15,9028192568979155597,p2,0,0,500,0,0,98,402,0,410,53,37,0,0,0,500,0
h15,9028192568979155597,p3,0,0,500,0,0,31,469,0,359,85,56,0,0,0,500,0
h15,9032379706717504223,p1,0,0,500,0,14,240,246,0,381,73,46,0,0,0,500,0
h15,9032379706717504223,p2,0,0,500,0,0,68,432,0,320,142,38,0,0,0,500,0
h15,9032379706717504223,p3,0,0,500,0,0,24,476,0,280,182,38,0,0,0,500,0
h15,9039059137534777596,p1,0,1,499,0,14,276,210,0,370,72,58,0,0,0,500,0
h15,9039059137534777596,p2,0,0,500,0,0,123,377,0,339,135,26,0,0,0,500,0
h15,9039059137534777596,p3,0,0,500,0,0,50,450,0,348,123,29,0,0,0,500,0
h15,9039366692459068810,p1,0,0,500,0,10,270,220,0,360,73,67,0,0,0,500,0
h15,9039366692459068810,p2,0,0,500,0,1,87,412,0,337,121,42,0,0,0,500,0
h15,9039366692459068810,p3,0,0,500,0,0,63,437,0,292,166,42,0,0,0,500,0
h15,9048963239315882400,p1,0,1,499,0,17,248,235,0,363,86,51,0,0,0,500,0
h15,9048963239315882400,p2,0,0,500,0,0,103,397,0,346,90,64,0,0,0,500,0
h15,9048963239315882400,p3,0,0,500,0,0,44,456,0,347,110,43,0,0,0,500,0
h15,9062812321199021163,p1,0,1,499,0,13,282,205,0,384,63,53,0,0,0,500,0
h15,9062812321199021163,p2,0,0,500,0,0,108,392,0,378,78,44,0,0,0,500,0
h15,9062812321199021163,p3,0,0,500,0,0,66,434,0,382,80,38,0,0,0,500,0
h15,9075759459766164084,p1,0,0,500,0,16,244,240,0,366,68,66,0,0,0,500,0
h15,9075759459766164084,p2,0,0,500,0,0,79,421,0,386,80,34,0,0,0,500,0
h15,9075759459766164084,p3,0,0,500,0,0,43,457,0,343,115,42,0,0,0,500,0
h15,9100695613133880151,p1,0,2,498,0,14,240,246,0,377,78,45,0,0,0,500,0
h15,9100695613133880151,p2,0,0,500,0,0,89,411,0,319,140,41,0,0,0,500,0
h15,9100695613133880151,p3,0,0,500,0,0,41,459,0,348,111,41,0,0,0,500,0
h15,9113558638025263587,p1,0,0,500,0,14,266,220,0,387,63,50,0,0,0,500,0
h15,9113558638025263587,p2,0,0,500,0,0,103,397,0,348,116,36,0,0,0,500,0
h15,9113558638025263587,p3,0,0,500,0,0,62,438,0,351,117,32,0,0,0,500,0
h15,9135017756001648559,p1,0,1,499,0,10,250,240,0,365,81,54,0,0,0,500,0
h15,9135017756001648559,p2,0,0,500,0,0,78,422,0,345,108,47,0,0,0,500,0
h15,9135017756001648559,p3,0,0,500,0,0,61,439,0,387,85,28,0,0,0,500,0
h15,9145573149207959969,p1,0,0,500,0,17,259,224,0,388,57,55,0,0,0,500,0
h15,9145573149207959969,p2,0,0,500,0,0,85,415,0,379,78,43,0,0,0,500,0
h15,9145573149207959969,p3,0,0,500,0,0,33,467,0,294,147,59,0,0,0,500,0
h15,9167727401875939325,p1,0,0,500,0,13,291,196,0,358,57,85,0,0,0,500,0
h15,9167727401875939325,p2,0,0,500,0,0,148,352,0,336,71,93,0,0,0,500,0
h15,9167727401875939325,p3,0,0,500,0,0,81,419,0,323,101,76,0,0,0,500,0
h15,9177326994813858297,p1,0,0,500,0,12,257,231,0,359,85,56,0,0,0,500,0
h15,9177326994813858297,p2,0,0,500,0,0,93,407,0,376,77,47,0,0,0,500,0
h15,9177326994813858297,p3,0,0,500,0,0,58,442,0,310,144,46,0,0,0,500,0
h15,9181857247859708899,p1,0,0,500,0,6,240,254,0,374,64,62,0,0,0,500,0
h15,9181857247859708899,p2,0,0,500,0,0,104,396,0,382,77,41,0,0,0,500,0
h15,9181857247859708899,p3,0,0,500,0,0,60,440,0,363,99,38,0,0,0,500,0
h15,9192752742268389621,p1,0,0,500,0,14,283,203,0,365,96,39,0,0,0,500,0
h15,9192752742268389621,p2,0,0,500,0,0,93,407,0,389,77,34,0,0,0,500,0
h15,9192752742268389621,p3,0,0,500,0,0,65,435,0,260,199,41,0,0,0,500,0
h15,9216844840511075425,p1,0,0,500,0,15,265,220,0,390,62,48,0,0,0,500,0
h15,9216844840511075425,p2,0,0,500,0,0,116,384,0,374,85,41,0,0,0,500,0
h15,9216844840511075425,p3,0,0,500,0,0,38,462,0,293,150,57,0,0,0,500,0
h15,923866702323067256,p1,0,0,500,0,11,277,212,0,377,84,39,0,0,0,500,0
h15,923866702323067256,p2,0,0,500,0,0,111,389,0,380,87,33,0,0,0,500,0
h15,923866702323067256,p3,0,0,500,0,0,72,428,0,341,127,32,0,0,0,500,0
h15,93027800664978374,p1,0,1,499,0,8,249,243,0,381,69,50,0,0,0,500,0
h15,93027800664978374,p2,0,0,500,0,0,78,422,0,380,73,47,0,0,0,500,0
h15,93027800664978374,p3,0,0,500,0,0,39,461,0,377,92,31,0,0,0,500,0
h15,950840395551528531,p1,0,0,500,0,10,294,196,0,376,74,50,0,0,0,500,0
h15,950840395551528531,p2,0,0,500,0,0,115,385,0,367,98,35,0,0,0,500,0
h15,950840395551528531,p3,0,0,500,0,0,68,432,0,340,116,44,0,0,0,500,0
h15,951238275531703275,p1,0,1,499,0,9,242,249,0,356,90,54,0,0,0,500,0
h15,951238275531703275,p2,0,0,500,0,0,83,417,0,381,79,40,0,0,0,500,0
h15,951238275531703275,p3,0,0,500,0,0,53,447,0,383,64,53,0,0,0,500,0
h15,979716074687572018,p1,0,1,499,0,15,252,233,0,380,56,64,0,0,0,500,0
h15,979716074687572018,p2,0,0,500,0,0,80,420,0,384,84,32,0,0,0,500,0
h15,979716074687572018,p3,0,0,500,0,0,37,463,0,374,86,40,0,0,0,500,0
